campaign,soc,aic,workload_id,m,n,k,dtype,trans_a,trans_b,tiling_signature,candidate_source,median_ms,ratio_vs_official,ratio_vs_bank,status_vs_official,status_vs_bank,model_ratio,verified,structured_verified
balanced_racing_net_log21,Ascend910B3,20,external_v4_dense_balanced_aligned,2560,3072,5120,fp16,0,0,14:192:3072:1280:16:16:80:32:48:2:3:1:16:16:2:2:1:14:1:1:1:0:2,contract_global,16.8426831055,56.6871041319601,56.6145678074917,regressed,regressed,1.321975668745646,1,1
balanced_racing_net_log21,Ascend910B3,20,external_v4_dense_balanced_aligned,2560,3072,5120,fp16,0,0,16:160:3072:1280:16:16:160:32:32:4:4:1:8:8:1:1:1:16:1:1:1:2:2,contract_global,11.5317358398,38.8121480572916,38.7624843709773,regressed,regressed,1.4125375446227544,1,1
balanced_racing_net_log21,Ascend910B3,20,external_v4_dense_balanced_aligned,2560,3072,5120,fp16,0,0,13:208:3072:1280:16:16:80:32:32:1:1:0:16:16:1:2:1:13:1:1:1:1:2,contract_global,41.1045117187,138.670143768633,138.735043685751,regressed,regressed,1.4125375446227544,1,1
balanced_racing_net_log21,Ascend910B3,20,external_v4_dense_balanced_aligned,2560,3072,5120,fp16,0,0,13:208:3072:1280:16:16:80:16:32:1:1:0:16:16:1:2:1:13:1:1:1:0:2,contract_global,27.3826733398,92.378162153877,92.4213966588417,regressed,regressed,1.4125375446227544,1,1
balanced_racing_net_log21,Ascend910B3,20,external_v4_dense_balanced_aligned,2560,3072,5120,fp16,0,0,13:208:3072:1280:16:16:80:32:16:1:1:0:16:16:1:2:1:13:1:1:1:0:2,contract_global,39.896875,134.596061620403,134.65905479986,regressed,regressed,1.4125375446227544,1,1
balanced_racing_net_log21,Ascend910B3,20,external_v4_dense_balanced_aligned,2560,3072,5120,fp16,0,0,14:384:3072:384:128:128:128:9:6:3:1:1:3:3:2:2:2:1:1:7:1:0:3,contract_global,0.562262802124,1.89684928359735,1.89773704038635,regressed,regressed,1.126364481597765,1,1
balanced_racing_net_log21,Ascend910B3,20,external_v4_dense_balanced_aligned,2560,3072,5120,fp16,0,0,14:2560:384:384:128:128:128:6:9:1:3:0:3:3:2:2:2:1:1:1:8:1:3,contract_global,0.521108818054,1.7520463491059,1.75181867233066,regressed,regressed,1.1082652354477627,1,1
balanced_racing_net_log21,Ascend910B3,20,external_v4_dense_balanced_aligned,2560,3072,5120,fp16,0,0,7:2560:448:5120:48:448:32:4:1:4:1:0:1:1:1:2:1:1:4:1:2:2:0,runtime_rejected,,1,1,runtime_rejected,runtime_rejected,,0,0
balanced_racing_net_log21,Ascend910B3,20,external_v4_dense_balanced_aligned,2560,3072,5120,fp16,0,0,13:208:3072:5120:16:48:160:4:32:1:4:1:4:4:2:1:1:1:1:13:1:0:0,runtime_rejected,,1,1,runtime_rejected,runtime_rejected,,0,0
balanced_racing_net_log21,Ascend910B3,20,external_v4_dense_balanced_aligned,2560,3072,5120,fp16,0,0,8:384:3072:384:128:128:128:9:6:3:1:1:3:3:2:2:2:1:1:7:1:0:3,contract_global,0.918330001831,3.08667834671,3.08716258262159,regressed,regressed,1.131577911531885,1,1
balanced_racing_net_log21,Ascend910B3,20,external_v4_dense_balanced_aligned,2560,3072,5120,fp16,0,0,8:2560:384:384:128:128:128:6:9:1:3:0:3:3:2:2:2:1:1:1:8:1:3,contract_global,0.92710319519,3.12618392212481,3.12727372548576,regressed,regressed,1.1388298741110936,1,1
balanced_racing_net_log21,Ascend910B3,20,external_v4_dense_balanced_aligned,2560,3072,5120,fp16,0,0,20:256:1024:5120:32:128:64:64:16:4:1:1:8:8:2:1:1:10:3:1:1:1:0,runtime_rejected,,1,1,runtime_rejected,runtime_rejected,,0,0
balanced_racing_net_log21,Ascend910B3,20,external_v4_dense_balanced_aligned,2560,3072,5120,fp16,0,0,20:288:208:5120:96:160:160:4:4:1:1:0:2:2:2:1:1:1:5:9:3:1:0,runtime_rejected,,1,1,runtime_rejected,runtime_rejected,,0,0
balanced_racing_net_log21,Ascend910B3,20,external_v4_dense_balanced_aligned,2560,3072,5120,fp16,0,0,20:112:512:5120:16:48:640:4:4:2:4:0:1:1:2:1:1:8:2:3:4:2:0,runtime_rejected,,1,1,runtime_rejected,runtime_rejected,,0,0
balanced_racing_net_log21,Ascend910B3,20,external_v4_dense_balanced_aligned,2560,3072,5120,fp16,0,0,4:384:3072:384:128:128:128:9:6:3:1:1:3:3:2:2:2:1:1:7:1:0:3,contract_global,1.77057998657,5.95796433478128,5.97444954959113,regressed,regressed,1.3289105086122766,1,1
balanced_racing_net_log21,Ascend910B3,20,external_v4_dense_balanced_aligned,2560,3072,5120,fp16,0,0,20:144:288:5120:96:32:160:4:32:1:4:0:4:4:2:2:1:18:11:1:1:1:0,runtime_rejected,,1,1,runtime_rejected,runtime_rejected,,0,0
balanced_racing_net_log21,Ascend910B3,20,external_v4_dense_balanced_odd,2113,2801,4867,fp16,0,0,15:432:944:1024:48:16:128:24:16:3:2:0:8:8:1:2:1:1:1:5:3:1:2,contract_global,3.91316436768,12.1779222758067,12.1850766710616,regressed,regressed,1.3812565437034174,1,1
balanced_racing_net_log21,Ascend910B3,20,external_v4_dense_balanced_odd,2113,2801,4867,fp16,0,0,12:2128:240:4867:64:240:80:4:8:1:1:0:4:4:2:1:1:1:6:1:2:2:0,runtime_rejected,,1,1,runtime_rejected,runtime_rejected,,0,0
balanced_racing_net_log21,Ascend910B3,20,external_v4_dense_balanced_odd,2113,2801,4867,fp16,0,0,13:176:2816:1280:16:16:80:16:16:1:1:0:16:16:1:2:1:7:1:2:1:2:2,contract_global,14.6356054688,45.5465830493326,45.573341165398,regressed,regressed,1.4125375446227544,1,1
balanced_racing_net_log21,Ascend910B3,20,external_v4_dense_balanced_odd,2113,2801,4867,fp16,0,0,11:208:2816:1024:32:32:64:96:32:3:2:0:16:16:1:1:1:6:1:2:1:1:2,contract_global,5.75947021484,17.9236990926012,17.9342290684425,regressed,regressed,1.3218879229263596,1,1
balanced_racing_net_log21,Ascend910B3,20,external_v4_dense_balanced_odd,2113,2801,4867,fp16,0,0,14:160:2816:640:16:16:80:16:24:2:3:1:8:8:2:2:1:14:1:1:1:0:2,contract_global,12.0675830078,37.5049213698569,37.2364334909986,regressed,regressed,1.4125375446227542,1,1
balanced_racing_net_log21,Ascend910B3,20,external_v4_dense_balanced_odd,2113,2801,4867,fp16,0,0,13:176:2816:640:16:16:80:16:16:1:1:0:8:8:1:2:1:13:1:1:1:1:2,contract_global,21.7377392578,67.5588641982878,67.075228038153,regressed,regressed,1.4125375446227544,1,1
balanced_racing_net_log21,Ascend910B3,20,external_v4_dense_balanced_odd,2113,2801,4867,fp16,0,0,13:384:2816:384:128:128:128:9:6:3:1:1:3:3:2:2:2:1:1:6:1:0:3,contract_global,0.496818809509,1.54406647741171,1.54546571431623,regressed,regressed,1.1295500368407538,1,1
balanced_racing_net_log21,Ascend910B3,20,external_v4_dense_balanced_odd,2113,2801,4867,fp16,0,0,13:2128:384:384:128:128:128:6:9:1:3:0:3:3:2:2:2:1:1:1:8:1:3,contract_global,0.491886787415,1.52873821319277,1.53012355958454,regressed,regressed,1.1085144266723415,1,1
balanced_racing_net_log21,Ascend910B3,20,external_v4_dense_balanced_odd,2113,2801,4867,fp16,0,0,12:192:2816:4867:16:608:16:8:1:4:1:0:1:1:2:2:2:1:1:12:1:0:0,runtime_rejected,,1,1,runtime_rejected,runtime_rejected,,0,0
balanced_racing_net_log21,Ascend910B3,20,external_v4_dense_balanced_odd,2113,2801,4867,fp16,0,0,8:384:2816:384:128:128:128:9:6:3:1:1:3:3:2:2:2:1:1:6:1:0:3,contract_global,0.892606811523,2.75741033255163,2.77665256864116,regressed,regressed,1.133655250134473,1,1
balanced_racing_net_log21,Ascend910B3,20,external_v4_dense_balanced_odd,2113,2801,4867,fp16,0,0,20:96:576:4867:16:32:16:1:2:1:2:0:1:1:2:2:2:1:3:23:2:2:0,runtime_rejected,,1,1,runtime_rejected,runtime_rejected,,0,0
balanced_racing_net_log21,Ascend910B3,20,external_v4_dense_balanced_odd,2113,2801,4867,fp16,0,0,14:160:2816:4867:128:48:16:1:8:1:4:1:1:1:2:2:2:14:1:1:1:0:0,runtime_rejected,,1,1,runtime_rejected,runtime_rejected,,0,0
balanced_racing_net_log21,Ascend910B3,20,external_v4_dense_balanced_odd,2113,2801,4867,fp16,0,0,14:160:2816:4867:48:112:64:4:4:1:1:1:2:2:2:2:1:7:1:2:1:0:0,runtime_rejected,,1,1,runtime_rejected,runtime_rejected,,0,0
balanced_racing_net_log21,Ascend910B3,20,external_v4_dense_balanced_odd,2113,2801,4867,fp16,0,0,4:384:2816:384:128:128:128:9:6:3:1:1:3:3:2:2:2:1:1:6:1:0:3,contract_global,1.63674804687,5.06709076421262,5.07907268003387,regressed,regressed,1.3269731933761173,1,1
balanced_racing_net_log21,Ascend910B3,20,external_v4_dense_balanced_odd,2113,2801,4867,fp16,0,0,4:2128:384:384:128:128:128:6:9:1:3:0:3:3:2:2:2:1:1:1:8:1:3,contract_global,1.64808914185,5.11035382746364,5.11426578491325,regressed,regressed,1.2838313588607395,1,1
balanced_racing_net_log21,Ascend910B3,20,external_v4_dense_balanced_odd,2113,2801,4867,fp16,0,0,20:96:352:4867:16:32:1024:8:4:2:1:0:2:2:1:1:1:23:1:1:8:1:0,runtime_rejected,,1,1,runtime_rejected,runtime_rejected,,0,0
balanced_racing_net_log21,Ascend910B3,20,external_v4_dense_tall,4864,1280,5632,fp16,0,0,20:496:640:5632:16:32:320:4:1:2:1:0:1:1:2:2:1:4:1:3:2:0:0,runtime_rejected,,1,1,runtime_rejected,runtime_rejected,,0,0
balanced_racing_net_log21,Ascend910B3,20,external_v4_dense_tall,4864,1280,5632,fp16,0,0,14:704:640:5632:272:16:64:8:4:1:1:0:4:4:1:2:1:1:1:7:2:0:0,runtime_rejected,,1,1,runtime_rejected,runtime_rejected,,0,0
balanced_racing_net_log21,Ascend910B3,20,external_v4_dense_tall,4864,1280,5632,fp16,0,0,14:352:1280:5632:64:112:128:2:2:1:1:0:2:2:1:1:1:7:1:2:1:0:0,runtime_rejected,,1,1,runtime_rejected,runtime_rejected,,0,0
balanced_racing_net_log21,Ascend910B3,20,external_v4_dense_tall,4864,1280,5632,fp16,0,0,14:704:640:5632:384:32:48:4:8:1:1:1:4:4:1:2:1:7:2:1:1:0:0,runtime_rejected,,1,1,runtime_rejected,runtime_rejected,,0,0
balanced_racing_net_log21,Ascend910B3,20,external_v4_dense_tall,4864,1280,5632,fp16,0,0,14:704:640:5632:64:240:48:2:2:1:1:0:2:2:1:1:1:3:1:3:2:0:0,runtime_rejected,,1,1,runtime_rejected,runtime_rejected,,0,0
balanced_racing_net_log21,Ascend910B3,20,external_v4_dense_tall,4864,1280,5632,fp16,0,0,14:704:640:5632:32:240:48:32:4:4:1:1:4:4:2:1:1:7:2:1:1:0:0,runtime_rejected,,1,1,runtime_rejected,runtime_rejected,,0,0
balanced_racing_net_log21,Ascend910B3,20,external_v4_dense_tall,4864,1280,5632,fp16,0,0,15:336:1280:1280:16:16:160:32:32:4:4:1:8:8:1:1:1:5:1:3:1:2:2,contract_global,11.2226867676,41.1071365238372,41.2439042797831,regressed,regressed,1.0744058122634303,1,1
balanced_racing_net_log21,Ascend910B3,20,external_v4_dense_tall,4864,1280,5632,fp16,0,0,12:416:1280:1280:16:16:80:64:64:4:4:1:16:16:2:1:1:1:1:12:1:1:2,contract_global,17.6386804199,64.608026503363,64.8229841858361,regressed,regressed,1.0387467794049656,1,1
balanced_racing_net_log21,Ascend910B3,20,external_v4_dense_tall,4864,1280,5632,fp16,0,0,11:448:1280:1024:32:32:64:96:32:3:2:0:16:16:1:1:1:1:1:11:1:1:2,contract_global,6.75711425781,24.7715385207581,24.8327142534934,regressed,regressed,1.0674800178177546,1,1
balanced_racing_net_log21,Ascend910B3,20,external_v4_dense_tall,4864,1280,5632,fp16,0,0,6:4864:240:5632:32:240:32:2:4:1:1:1:2:2:2:1:1:1:3:1:2:0:0,runtime_rejected,,1,1,runtime_rejected,runtime_rejected,,0,0
balanced_racing_net_log21,Ascend910B3,20,external_v4_dense_tall,4864,1280,5632,fp16,0,0,15:4864:384:384:128:128:128:6:9:1:3:0:3:3:2:2:2:1:1:1:4:1:3,contract_global,0.580780410767,2.13294794246591,2.13377350114546,regressed,regressed,1.1092991582361027,1,1
balanced_racing_net_log21,Ascend910B3,20,external_v4_dense_tall,4864,1280,5632,fp16,0,0,6:2432:448:192:32:112:48:32:32:4:4:1:4:4:2:1:1:2:2:1:2:1:2,contract_global,12.8801403809,47.3030226480481,47.3213313091035,regressed,regressed,1.0146120525535354,1,1
balanced_racing_net_log21,Ascend910B3,20,external_v4_dense_tall,4864,1280,5632,fp16,0,0,15:384:1280:384:128:128:128:9:6:3:1:1:3:3:2:2:2:1:1:13:1:0:3,contract_global,0.42788520813,1.57143191707739,1.5737669818765,regressed,regressed,1.1269934261340289,1,1
balanced_racing_net_log21,Ascend910B3,20,external_v4_dense_tall,4864,1280,5632,fp16,0,0,8:4864:384:384:128:128:128:6:9:1:3:0:3:3:2:2:2:1:1:1:4:1:3,contract_global,0.737386398315,2.70809202915585,2.71211611082172,regressed,regressed,1.1413501999403874,1,1
balanced_racing_net_log21,Ascend910B3,20,external_v4_dense_tall,4864,1280,5632,fp16,0,0,20:128:1280:48:64:16:48:1:2:1:1:1:1:1:1:2:1:13:1:3:1:0:2,contract_global,19.7681445313,72.5811149900275,72.7074751945749,regressed,regressed,1.0616923213562939,1,1
balanced_racing_net_log21,Ascend910B3,20,external_v4_dense_tall,4864,1280,5632,fp16,0,0,20:608:64:128:192:16:16:48:16:3:2:0:8:8:1:2:1:1:7:8:3:2:2,contract_global,8.43323974609,30.9636517873703,31.0175580049712,regressed,regressed,1.062922739739301,1,1
balanced_racing_net_log21,Ascend910B3,20,external_v4_dense_wide,1280,4864,5632,fp16,0,0,20:256:1216:5632:48:48:16:64:8:4:1:1:8:8:2:1:1:1:2:5:2:1:0,runtime_rejected,,1,1,runtime_rejected,runtime_rejected,,0,0
balanced_racing_net_log21,Ascend910B3,20,external_v4_dense_wide,1280,4864,5632,fp16,0,0,14:192:2432:5632:48:48:32:8:4:4:1:1:2:2:2:1:1:4:1:2:2:2:0,runtime_rejected,,1,1,runtime_rejected,runtime_rejected,,0,0
balanced_racing_net_log21,Ascend910B3,20,external_v4_dense_wide,1280,4864,5632,fp16,0,0,14:96:4864:5632:48:16:128:4:4:1:2:1:2:2:2:2:1:14:1:1:1:0:0,runtime_rejected,,1,1,runtime_rejected,runtime_rejected,,0,0
balanced_racing_net_log21,Ascend910B3,20,external_v4_dense_wide,1280,4864,5632,fp16,0,0,20:256:976:5632:128:32:32:16:16:2:2:1:4:4:1:2:1:2:1:3:5:0:0,runtime_rejected,,1,1,runtime_rejected,runtime_rejected,,0,0
balanced_racing_net_log21,Ascend910B3,20,external_v4_dense_wide,1280,4864,5632,fp16,0,0,10:128:4864:5632:32:272:64:2:2:2:1:1:1:1:2:1:1:10:1:1:1:0:0,runtime_rejected,,1,1,runtime_rejected,runtime_rejected,,0,0
balanced_racing_net_log21,Ascend910B3,20,external_v4_dense_wide,1280,4864,5632,fp16,0,0,14:96:4864:5632:16:96:16:16:16:2:2:1:8:8:2:2:1:14:1:1:1:0:0,runtime_rejected,,1,1,runtime_rejected,runtime_rejected,,0,0
balanced_racing_net_log21,Ascend910B3,20,external_v4_dense_wide,1280,4864,5632,fp16,0,0,16:320:1216:2048:48:16:128:16:32:1:1:0:16:16:1:1:1:4:1:1:4:0:2,contract_global,7.03589172363,25.8376112147359,25.8283155242808,regressed,regressed,1.3423650729473617,1,1
balanced_racing_net_log21,Ascend910B3,20,external_v4_dense_wide,1280,4864,5632,fp16,0,0,16:320:1216:2048:48:16:128:16:16:1:1:0:16:16:1:1:1:2:1:3:4:2:2,contract_global,10.1026501465,37.0995400408271,37.0861926057667,regressed,regressed,1.3845202209921048,1,1
balanced_racing_net_log21,Ascend910B3,20,external_v4_dense_wide,1280,4864,5632,fp16,0,0,14:192:2432:640:32:64:80:24:16:3:2:0:8:8:2:1:1:7:2:1:1:1:2,contract_global,3.26277069092,11.9839958526781,11.9819127303336,regressed,regressed,1.3152606195809544,1,1
balanced_racing_net_log21,Ascend910B3,20,external_v4_dense_wide,1280,4864,5632,fp16,0,0,15:384:4864:384:128:128:128:9:6:3:1:1:3:3:2:2:2:1:1:4:1:0:3,contract_global,0.667771224976,2.45269077993163,2.45226444008319,regressed,regressed,1.1296051465565566,1,1
balanced_racing_net_log21,Ascend910B3,20,external_v4_dense_wide,1280,4864,5632,fp16,0,0,20:48:976:5632:16:16:2048:2:2:1:2:0:1:1:1:1:1:9:2:3:4:2:0,runtime_rejected,,1,1,runtime_rejected,runtime_rejected,,0,0
balanced_racing_net_log21,Ascend910B3,20,external_v4_dense_wide,1280,4864,5632,fp16,0,0,15:1280:384:384:128:128:128:6:9:1:3:0:3:3:2:2:2:1:1:1:13:1:3,contract_global,0.428636817932,1.57436189515011,1.57408823113563,regressed,regressed,1.1087066012420401,1,1
balanced_racing_net_log21,Ascend910B3,20,external_v4_dense_wide,1280,4864,5632,fp16,0,0,8:384:4864:384:128:128:128:9:6:3:1:1:3:3:2:2:2:1:1:4:1:0:3,contract_global,0.768473587036,2.81401437803307,2.8217570748463,regressed,regressed,1.1146370913989097,1,1
balanced_racing_net_log21,Ascend910B3,20,external_v4_dense_wide,1280,4864,5632,fp16,0,0,14:96:4864:160:16:16:80:16:16:4:4:1:2:2:2:1:1:14:1:1:1:0:2,contract_global,29.1040185547,106.573769161445,106.867004473124,regressed,regressed,1.2355241629850444,1,1
balanced_racing_net_log21,Ascend910B3,20,external_v4_dense_wide,1280,4864,5632,fp16,0,0,20:48:816:1792:16:48:112:32:32:1:1:0:16:16:2:1:1:1:6:27:1:2:2,contract_global,10.3860192871,38.001985823958,38.0032854084065,regressed,regressed,1.1283572594087332,1,1
balanced_racing_net_log21,Ascend910B3,20,external_v4_dense_wide,1280,4864,5632,fp16,0,0,20:32:976:384:16:48:128:6:18:2:3:0:3:3:2:1:1:14:2:3:4:0:2,contract_global,4.4504876709,16.284137811017,16.2846946927618,regressed,regressed,1.0888808983954488,1,1
balanced_racing_net_log21,Ascend910B3,20,external_v4_dense_large,5632,6144,7680,fp16,0,0,16:352:6144:1280:16:16:160:32:32:4:4:1:8:8:1:1:1:16:1:1:1:2:2,contract_global,75.7730078125,38.6252104669917,38.4769449042044,regressed,regressed,1.4125375446227542,1,1
balanced_racing_net_log21,Ascend910B3,20,external_v4_dense_large,5632,6144,7680,fp16,0,0,20:704:2048:1280:32:16:80:64:64:4:4:1:16:16:1:2:1:4:2:2:2:2:2,contract_global,67.0501757813,34.178756079114,34.0475585414417,regressed,regressed,1.4125375446227542,1,1
balanced_racing_net_log21,Ascend910B3,20,external_v4_dense_large,5632,6144,7680,fp16,0,0,11:512:6144:1024:32:32:64:96:32:3:2:0:16:16:1:1:1:1:1:11:1:1:2,contract_global,51.8353271484,26.3870087627813,26.3472547672092,regressed,regressed,1.4125375446227544,1,1
balanced_racing_net_log21,Ascend910B3,20,external_v4_dense_large,5632,6144,7680,fp16,0,0,12:480:6144:640:16:16:80:32:32:4:4:1:8:8:2:1:1:1:1:12:1:1:2,contract_global,144.516435547,73.5667480252859,73.4559142360741,regressed,regressed,1.4125375446227544,1,1
balanced_racing_net_log21,Ascend910B3,20,external_v4_dense_large,5632,6144,7680,fp16,0,0,20:1136:688:1280:16:16:160:32:64:4:4:1:8:8:2:1:1:5:2:1:6:2:2,contract_global,91.3535644531,46.5039469863204,46.4338853239668,regressed,regressed,1.4125375446227544,1,1
balanced_racing_net_log21,Ascend910B3,20,external_v4_dense_large,5632,6144,7680,fp16,0,0,20:1136:688:1280:16:16:160:64:32:4:4:1:8:8:2:1:1:5:2:1:6:2:2,contract_global,90.1863476563,45.9097699736163,45.8406034831681,regressed,regressed,1.4125375446227544,1,1
balanced_racing_net_log21,Ascend910B3,20,external_v4_dense_large,5632,6144,7680,fp16,0,0,20:5632:384:384:128:128:128:6:9:1:3:0:3:3:2:2:2:1:1:1:16:1:3,contract_global,5.73544006348,2.92092066889126,2.90821108148227,regressed,regressed,1.1441697120854721,1,1
balanced_racing_net_log21,Ascend910B3,20,external_v4_dense_large,5632,6144,7680,fp16,0,0,20:384:6144:384:128:128:128:9:6:3:1:1:3:3:2:2:2:1:1:15:1:0:3,contract_global,6.54218505859,3.33177634947725,3.31727903594745,regressed,regressed,1.1656435865533634,1,1
balanced_racing_net_log21,Ascend910B3,20,external_v4_dense_large,5632,6144,7680,fp16,0,0,20:1888:240:768:48:16:48:64:96:2:3:1:16:16:2:2:1:1:13:3:2:1:2,contract_global,44.2218603516,22.5332174065074,22.4836637910253,regressed,regressed,1.3837473175849144,1,1
balanced_racing_net_log21,Ascend910B3,20,external_v4_dense_large,5632,6144,7680,fp16,0,0,20:1888:416:384:48:80:64:24:36:2:3:1:6:6:1:1:1:2:5:2:3:1:2,contract_global,31.64796875,16.126199907636,16.0907361966811,regressed,regressed,1.384461822489475,1,1
balanced_racing_net_log21,Ascend910B3,20,external_v4_dense_large,5632,6144,7680,fp16,0,0,16:5632:384:384:128:128:128:6:9:1:3:0:3:3:2:2:2:1:1:1:16:1:3,contract_global,6.56790283203,3.34667020433049,3.33931042053212,regressed,regressed,1.1605737876680173,1,1
balanced_racing_net_log21,Ascend910B3,20,external_v4_dense_large,5632,6144,7680,fp16,0,0,16:384:6144:384:128:128:128:9:6:3:1:1:3:3:2:2:2:1:1:15:1:0:3,contract_global,6.65608703613,3.3916044026432,3.38414580242543,regressed,regressed,1.2063328623569816,1,1
balanced_racing_net_log21,Ascend910B3,20,external_v4_dense_large,5632,6144,7680,fp16,0,0,8:384:6144:384:128:128:128:9:6:3:1:1:3:3:2:2:2:1:1:15:1:0:3,contract_global,5.93575378418,3.021973159722,3.01431029168967,regressed,regressed,1.1776223340734153,1,1
balanced_racing_net_log21,Ascend910B3,20,external_v4_dense_large,5632,6144,7680,fp16,0,0,8:5632:384:384:128:128:128:6:9:1:3:0:3:3:2:2:2:1:1:1:16:1:3,contract_global,5.83108154297,2.96868309497138,2.96115535545448,regressed,regressed,1.1654848646107823,1,1
balanced_racing_net_log21,Ascend910B3,20,external_v4_dense_large,5632,6144,7680,fp16,0,0,20:944:416:256:96:48:16:128:64:4:4:1:16:16:1:1:1:3:4:2:4:2:2,contract_global,33.4716870117,17.1073987377135,16.9976812226616,regressed,regressed,1.381163114385851,1,1
balanced_racing_net_log21,Ascend910B3,20,external_v4_dense_large,5632,6144,7680,fp16,0,0,14:416:6144:7680:48:160:16:8:8:4:2:1:2:2:2:2:2:14:1:1:1:0:0,runtime_rejected,,1,1,runtime_rejected,runtime_rejected,,0,0
balanced_racing_net_log21,Ascend910B3,20,external_v4_k_shallow,2304,2560,448,fp16,0,0,20:576:512:448:224:48:112:4:1:2:1:0:1:1:1:1:1:4:1:1:5:0:0,contract_global,0.0339168000221,1.00687140269986,1.005001812088,within_noise,within_noise,1.0030507484859574,1,1
balanced_racing_net_log21,Ascend910B3,20,external_v4_k_shallow,2304,2560,448,fp16,0,0,20:576:512:448:48:48:16:8:32:1:4:0:8:8:1:2:1:1:3:4:2:0:0,contract_global,0.0339007997513,1.00639641051057,1.00452770187839,within_noise,within_noise,1.000238907380661,1,1
balanced_racing_net_log21,Ascend910B3,20,external_v4_k_shallow,2304,2560,448,fp16,0,0,16:576:640:448:48:48:16:8:32:1:2:0:8:8:1:1:1:1:1:4:4:0:0,contract_global,0.0339407992363,1.00086896445564,1.00896175883245,within_noise,within_noise,1.0001026739813128,1,1
balanced_racing_net_log21,Ascend910B3,20,external_v4_k_shallow,2304,2560,448,fp16,0,0,14:1152:384:448:48:384:64:2:4:1:1:0:2:2:2:1:1:2:1:1:7:0:0,contract_global,0.0338971996307,0.999583270156164,1.0076656687068,within_noise,within_noise,1.000648832579625,1,1
balanced_racing_net_log21,Ascend910B3,20,external_v4_k_shallow,2304,2560,448,fp16,0,0,14:336:1280:448:48:176:64:16:4:4:1:1:2:2:2:2:2:1:2:7:1:0:0,contract_global,0.0339192008972,1.00023205820152,1.00831970270194,within_noise,within_noise,1.0035007954829847,1,1
balanced_racing_net_log21,Ascend910B3,20,external_v4_k_shallow,2304,2560,448,fp16,0,0,14:336:1280:448:16:112:112:8:16:1:2:1:4:4:2:1:1:1:1:7:2:0:0,contract_global,0.0339603996277,1.00144695389249,1.0095444217582,within_noise,within_noise,0.9990229221156286,1,1
balanced_racing_net_log21,Ascend910B3,20,external_v4_k_shallow,2304,2560,448,fp16,0,0,20:464:640:416:64:96:32:26:39:2:3:0:13:13:2:1:1:2:1:4:4:1:2,contract_global,0.0336631989479,0.991746943381508,0.990812864259193,within_noise,within_noise,1.0526239193178222,1,1
balanced_racing_net_log21,Ascend910B3,20,external_v4_k_shallow,2304,2560,448,fp16,0,0,16:576:640:256:48:48:16:32:32:1:1:0:16:16:1:1:1:4:1:1:4:1:2,contract_global,0.0339055991173,0.998888261927137,0.997947456738853,within_noise,within_noise,1.0034333897849657,1,1
balanced_racing_net_log21,Ascend910B3,20,external_v4_k_shallow,2304,2560,448,fp16,0,0,11:224:2560:448:32:64:96:16:8:2:2:1:4:4:2:1:1:11:1:1:1:0:0,contract_global,0.0339439988136,1.01047860204095,0.997942032753126,regressed,within_noise,1.000324206580253,1,1
balanced_racing_net_log21,Ascend910B3,20,external_v4_k_shallow,2304,2560,448,fp16,0,0,14:176:2560:400:16:16:80:10:10:1:1:1:5:5:1:2:1:14:1:1:1:1:2,contract_global,0.0336292004585,1.00110737257759,0.988687068062455,within_noise,within_noise,0.9971355888635516,1,1
balanced_racing_net_log21,Ascend910B3,20,external_v4_k_shallow,2304,2560,448,fp16,0,0,20:2304:128:32:48:32:16:4:4:1:1:0:2:2:2:2:2:1:1:1:20:0:2,contract_global,0.0339247989655,1.00990704193164,1.00778708625916,within_noise,within_noise,0.9987265907445646,1,1
balanced_racing_net_log21,Ascend910B3,20,external_v4_k_shallow,2304,2560,448,fp16,0,0,20:112:320:256:96:16:32:16:8:1:1:0:8:8:2:2:2:1:2:21:4:0:2,contract_global,0.0337892007828,1.00587042082383,1.00375893866138,within_noise,within_noise,1.0053018151740316,1,1
balanced_racing_net_log21,Ascend910B3,20,external_v4_k_shallow,2304,2560,448,fp16,0,0,20:224:1280:16:48:16:16:1:2:1:1:1:1:1:1:1:1:2:1:8:2:1:2,contract_global,0.0341395998001,1.00613783654106,1.01416806754131,within_noise,regressed,0.9963350752443971,1,1
balanced_racing_net_log21,Ascend910B3,20,external_v4_k_shallow,2304,2560,448,fp16,0,0,2:384:2560:384:128:128:128:9:6:3:1:1:3:3:2:2:2:1:1:6:1:0:3,contract_global,0.0339339995384,1.00007853286693,1.00806040309016,within_noise,within_noise,1.3200065950462496,1,1
balanced_racing_net_log21,Ascend910B3,20,external_v4_k_shallow,2304,2560,448,fp16,0,0,2:2304:384:384:128:128:128:6:9:1:3:0:3:3:2:2:2:1:1:1:7:1:3,contract_global,0.0336520004272,0.991767657010194,0.991826197183357,within_noise,within_noise,1.237781645828572,1,1
balanced_racing_net_log21,Ascend910B3,20,external_v4_k_shallow,2304,2560,448,fp16,0,0,1:2304:384:384:128:128:128:6:9:1:3:0:3:3:2:2:2:1:1:1:7:1:3,contract_global,0.0339256000519,0.999830989219472,0.999890005340156,within_noise,within_noise,1.2585224227539313,1,1
balanced_racing_net_log21,Ascend910B3,20,external_v4_k_deep,1536,2048,24576,fp16,0,0,16:384:512:2048:32:16:128:48:32:3:2:0:16:16:1:1:1:4:1:1:4:1:2,contract_global,0.664517974854,1.00034014744895,1.00036925352884,within_noise,within_noise,1.3335237900660655,1,1
balanced_racing_net_log21,Ascend910B3,20,external_v4_k_deep,1536,2048,24576,fp16,0,0,14:224:1024:24576:64:16:32:2:2:1:2:0:1:1:1:2:1:1:1:7:2:0:0,contract_global,0.679129180908,1.02233530269184,1.02236504874705,regressed,regressed,0.990367201495448,1,1
balanced_racing_net_log21,Ascend910B3,20,external_v4_k_deep,1536,2048,24576,fp16,0,0,20:1536:384:384:128:128:128:6:9:1:3:0:3:3:2:2:2:1:1:1:6:1:3,contract_global,0.683314819336,1.02809973959789,1.02825446177375,regressed,regressed,1.0001582058017249,1,1
balanced_racing_net_log21,Ascend910B3,20,external_v4_k_deep,1536,2048,24576,fp16,0,0,14:112:2048:1280:16:16:80:16:16:1:1:0:16:16:1:2:1:1:1:14:1:2:2,contract_global,0.664145202637,0.999257575813197,0.999407957432045,within_noise,within_noise,1.4125375446227544,1,1
balanced_racing_net_log21,Ascend910B3,20,external_v4_k_deep,1536,2048,24576,fp16,0,0,16:1536:384:384:128:128:128:6:9:1:3:0:3:3:2:2:2:1:1:1:6:1:3,contract_global,0.664535598755,0.999844956822115,0.999995426840914,within_noise,within_noise,1.0145403531085215,1,1
balanced_racing_net_log21,Ascend910B3,20,external_v4_k_deep,1536,2048,24576,fp16,0,0,11:144:2048:1024:32:32:64:96:32:3:2:0:16:16:1:1:1:1:1:11:1:1:2,contract_global,0.664172821045,0.999299129833512,0.999449517707659,within_noise,within_noise,1.396825404706237,1,1
balanced_racing_net_log21,Ascend910B3,20,external_v4_k_deep,1536,2048,24576,fp16,0,0,12:128:2048:240:16:16:80:12:24:4:4:0:3:3:2:1:1:1:1:12:1:2:2,contract_global,0.683858795166,1.02837350406038,1.02922477893408,regressed,regressed,1.4125375446227544,1,1
balanced_racing_net_log21,Ascend910B3,20,external_v4_k_deep,1536,2048,24576,fp16,0,0,11:144:2048:288:96:32:48:6:12:1:1:0:6:6:1:2:1:1:1:11:1:1:2,contract_global,0.664177627563,0.998777348486674,0.999604124029849,within_noise,within_noise,1.4125375446227542,1,1
balanced_racing_net_log21,Ascend910B3,20,external_v4_k_deep,1536,2048,24576,fp16,0,0,8:384:2048:384:128:128:128:9:6:3:1:1:3:3:2:2:2:1:1:4:1:0:3,contract_global,0.664606781006,1.00015670143649,1.00025001081178,within_noise,within_noise,1.0773102503555751,1,1
balanced_racing_net_log21,Ascend910B3,20,external_v4_k_deep,1536,2048,24576,fp16,0,0,6:256:2048:24576:256:32:96:4:8:1:2:1:2:2:1:2:1:6:1:1:1:0:0,contract_global,0.664577178955,1.00011215375705,1.00020545897672,within_noise,within_noise,1.0000491553206803,1,1
balanced_racing_net_log21,Ascend910B3,20,external_v4_k_deep,1536,2048,24576,fp16,0,0,20:48:2048:24576:16:112:16:12:2:3:1:0:2:2:2:2:2:1:1:32:1:0:0,contract_global,0.664627227783,1.00047952505307,0.999978802179357,within_noise,within_noise,0.9889431065314961,1,1
balanced_racing_net_log21,Ascend910B3,20,external_v4_k_deep,1536,2048,24576,fp16,0,0,8:192:2048:24576:192:80:48:4:2:1:1:1:2:2:2:2:2:8:1:1:1:0:0,contract_global,0.664507598877,1.00029944475232,0.999798812004755,within_noise,within_noise,1.0000024149624653,1,1
balanced_racing_net_log21,Ascend910B3,20,external_v4_k_deep,1536,2048,24576,fp16,0,0,3:512:2048:24576:512:16:16:4:8:1:2:1:4:4:2:1:1:3:1:1:1:0:0,contract_global,0.68064163208,1.0245863972,1.02483533142453,regressed,regressed,1.0001808770103648,1,1
balanced_racing_net_log21,Ascend910B3,20,external_v4_k_deep,1536,2048,24576,fp16,0,0,3:672:2048:24576:672:16:16:1:4:1:2:1:1:1:2:2:2:3:1:1:1:0:0,contract_global,0.679960021973,1.02356035293333,1.02380903787024,regressed,regressed,1.000071107713474,1,1
balanced_racing_net_log21,Ascend910B3,20,external_v4_k_low_output_deep_aligned,320,256,28672,fp16,0,0,20:64:64:28672:32:16:896:4:4:2:4:1:1:1:1:1:1:1:1:5:4:0:0,runtime_rejected,,1,1,runtime_rejected,runtime_rejected,,0,0
balanced_racing_net_log21,Ascend910B3,20,external_v4_k_low_output_deep_aligned,320,256,28672,fp16,0,0,16:160:32:28672:16:16:2048:2:1:1:1:0:1:1:1:1:1:1:1:2:8:0:0,runtime_rejected,,1,1,runtime_rejected,runtime_rejected,,0,0
balanced_racing_net_log21,Ascend910B3,20,external_v4_k_low_output_deep_aligned,320,256,28672,fp16,0,0,20:384:256:384:128:128:128:9:6:3:1:1:3:3:2:2:2:1:1:1:1:0:3,contract_global,0.0517303991318,0.983505067718802,0.982496349142897,improved,improved,0.9784455379102117,1,1
balanced_racing_net_log21,Ascend910B3,20,external_v4_k_low_output_deep_aligned,320,256,28672,fp16,0,0,20:48:48:28672:16:16:448:2:2:1:1:0:2:2:2:2:1:2:1:5:6:1:0,runtime_rejected,,1,1,runtime_rejected,runtime_rejected,,0,0
balanced_racing_net_log21,Ascend910B3,20,external_v4_k_low_output_deep_aligned,320,256,28672,fp16,0,0,20:48:32:28672:32:32:512:4:4:1:1:0:2:2:1:2:1:7:2:1:4:0:0,runtime_rejected,,1,1,runtime_rejected,runtime_rejected,,0,0
balanced_racing_net_log21,Ascend910B3,20,external_v4_k_low_output_deep_aligned,320,256,28672,fp16,0,0,10:32:256:28672:32:16:48:4:2:1:1:0:2:2:1:2:1:5:1:2:1:0:0,runtime_rejected,,1,1,runtime_rejected,runtime_rejected,,0,0
balanced_racing_net_log21,Ascend910B3,20,external_v4_k_low_output_deep_aligned,320,256,28672,fp16,0,0,20:112:16:28672:16:16:896:4:4:1:1:1:2:2:1:2:1:1:6:3:3:0:0,runtime_rejected,,1,1,runtime_rejected,runtime_rejected,,0,0
balanced_racing_net_log21,Ascend910B3,20,external_v4_k_low_output_deep_aligned,320,256,28672,fp16,0,0,20:320:384:384:128:128:128:6:9:1:3:0:3:3:2:2:2:1:1:1:1:1:3,contract_global,0.0464588022232,0.912746635209712,0.911516919609247,improved,improved,0.9845220319869912,1,1
balanced_racing_net_log21,Ascend910B3,20,external_v4_k_low_output_deep_aligned,320,256,28672,fp16,0,0,16:384:256:384:128:128:128:9:6:3:1:1:3:3:2:2:2:1:1:1:1:0:3,contract_global,0.054974398613,1.0695963574183,1.07859204463248,regressed,regressed,0.976349192690919,1,1
balanced_racing_net_log21,Ascend910B3,20,external_v4_k_low_output_deep_aligned,320,256,28672,fp16,0,0,20:128:16:28672:128:16:96:16:8:1:1:1:8:8:1:1:1:3:2:1:8:2:0,contract_global,0.326318016052,6.34892914036762,6.40232590103805,regressed,regressed,1.0609984680780034,1,1
balanced_racing_net_log21,Ascend910B3,20,external_v4_k_low_output_deep_aligned,320,256,28672,fp16,0,0,15:64:96:1280:16:16:160:32:64:4:4:1:8:8:2:1:1:2:1:3:3:1:2,contract_global,0.900355987549,17.5175628830693,17.1629329676802,regressed,regressed,1.0516804755477658,1,1
balanced_racing_net_log21,Ascend910B3,20,external_v4_k_low_output_deep_aligned,320,256,28672,fp16,0,0,15:64:96:960:16:16:160:24:24:4:4:1:6:6:2:1:1:2:1:3:3:0:2,contract_global,0.910854034424,17.7218156439988,17.3630507847201,regressed,regressed,1.0534607986963234,1,1
balanced_racing_net_log21,Ascend910B3,20,external_v4_k_low_output_deep_aligned,320,256,28672,fp16,0,0,20:112:32:80:16:16:80:6:4:3:2:1:1:1:2:2:2:3:3:1:3:0:2,contract_global,4.75323394775,90.2558443497853,93.030416381545,regressed,regressed,1.2232325985491619,1,1
balanced_racing_net_log21,Ascend910B3,20,external_v4_k_low_output_deep_aligned,320,256,28672,fp16,0,0,2:320:384:384:128:128:128:6:9:1:3:0:3:3:2:2:2:1:1:1:1:1:3,contract_global,0.237357196808,4.50701026836363,4.64556112594497,regressed,regressed,1.080715645969696,1,1
balanced_racing_net_log21,Ascend910B3,20,external_v4_k_low_output_deep_aligned,320,256,28672,fp16,0,0,20:96:16:16:96:16:16:1:2:1:1:1:1:1:2:2:1:1:6:4:3:1:2,contract_global,6.03132507324,117.528447482482,118.045248574675,regressed,regressed,1.1506640457294248,1,1
balanced_racing_net_log21,Ascend910B3,20,external_v4_k_low_output_deep_aligned,320,256,28672,fp16,0,0,1:320:320:16:32:80:16:4:4:4:4:0:1:1:1:1:1:1:1:1:1:2:2,contract_global,38.9856616211,759.687834556931,763.028366240687,regressed,regressed,1.1384327920789603,1,1
balanced_racing_net_log21,Ascend910B3,20,external_v4_k_low_output_deep_odd,704,512,16385,fp16,0,0,20:144:128:16385:64:32:384:2:4:1:4:0:1:1:1:2:1:1:2:5:3:0:0,contract_global,0.116380395889,1.0001924565704,1.00079452355452,within_noise,within_noise,1.0011992792983113,1,1
balanced_racing_net_log21,Ascend910B3,20,external_v4_k_low_output_deep_odd,704,512,16385,fp16,0,0,15:48:512:16385:48:16:256:2:2:1:1:1:2:2:1:1:1:15:1:1:1:0:0,contract_global,0.116547603607,1.00162946747679,1.00223239947178,within_noise,within_noise,1.000503869402564,1,1
balanced_racing_net_log21,Ascend910B3,20,external_v4_k_low_output_deep_odd,704,512,16385,fp16,0,0,18:240:96:16385:32:32:32:8:24:1:3:0:4:4:2:2:1:1:1:3:6:0:0,contract_global,0.116457595825,1.00085592564519,1.0014583920059,within_noise,within_noise,1.0001850180358889,1,1
balanced_racing_net_log21,Ascend910B3,20,external_v4_k_low_output_deep_odd,704,512,16385,fp16,0,0,20:144:128:16385:48:48:16:8:32:1:2:0:8:8:1:2:1:1:2:5:3:0:0,contract_global,0.116429195404,1.00061184770971,1.0012141671471,within_noise,within_noise,1.000248099268442,1,1
balanced_racing_net_log21,Ascend910B3,20,external_v4_k_low_output_deep_odd,704,512,16385,fp16,0,0,18:128:176:16385:32:32:16:32:32:4:4:0:4:4:2:2:2:2:1:4:3:0:0,contract_global,0.116420001984,0.999267546201808,1.00033224164285,within_noise,within_noise,1.0001917230663206,1,1
balanced_racing_net_log21,Ascend910B3,20,external_v4_k_low_output_deep_odd,704,512,16385,fp16,0,0,18:128:176:2560:16:16:160:16:16:1:1:0:16:16:1:2:1:2:1:3:3:1:2,contract_global,0.11649720192,0.999930176235698,1.00099557769914,within_noise,within_noise,1.0211466544459862,1,1
balanced_racing_net_log21,Ascend910B3,20,external_v4_k_low_output_deep_odd,704,512,16385,fp16,0,0,20:64:128:16385:16:16:2048:2:2:1:2:0:1:1:1:1:1:1:4:11:1:0:0,contract_global,0.116348400116,0.999625400377463,1.00011803292313,within_noise,within_noise,1.0001922089713295,1,1
balanced_racing_net_log21,Ascend910B3,20,external_v4_k_low_output_deep_odd,704,512,16385,fp16,0,0,18:128:176:2560:16:16:160:32:32:1:1:0:16:16:1:2:1:2:1:4:3:0:2,contract_global,0.116334400177,0.999505117719732,0.999997690985331,within_noise,within_noise,1.041343802391487,1,1
balanced_racing_net_log21,Ascend910B3,20,external_v4_k_low_output_deep_odd,704,512,16385,fp16,0,0,20:704:16:16385:32:16:80:4:1:4:1:1:1:1:1:2:1:1:7:1:5:0:0,contract_global,0.11645359993,1.00052924095883,1.00102231893764,within_noise,within_noise,1.0001072800963473,1,1
balanced_racing_net_log21,Ascend910B3,20,external_v4_k_low_output_deep_odd,704,512,16385,fp16,0,0,20:384:512:384:128:128:128:9:6:3:1:1:3:3:2:2:2:1:1:2:1:0:3,contract_global,0.11644200325,1.0004296062773,1.00092263515395,within_noise,within_noise,1.008469136540347,1,1
balanced_racing_net_log21,Ascend910B3,20,external_v4_k_low_output_deep_odd,704,512,16385,fp16,0,0,16:384:512:384:128:128:128:9:6:3:1:1:3:3:2:2:2:1:1:2:1:0:3,contract_global,0.116425600052,1.00034024484818,1.0009938924564,within_noise,within_noise,1.0028051154759399,1,1
balanced_racing_net_log21,Ascend910B3,20,external_v4_k_low_output_deep_odd,704,512,16385,fp16,0,0,20:704:384:384:128:128:128:6:9:1:3:0:3:3:2:2:2:1:1:1:2:1:3,contract_global,0.116492004395,1.00091079751625,1.00156481793746,within_noise,within_noise,1.0011137053023746,1,1
balanced_racing_net_log21,Ascend910B3,20,external_v4_k_low_output_deep_odd,704,512,16385,fp16,0,0,20:112:80:2560:32:16:160:32:16:1:1:0:16:16:1:2:1:1:2:7:5:1:2,contract_global,0.116480798721,1.00081451725942,1.00146847476915,within_noise,within_noise,1.0002310987942822,1,1
balanced_racing_net_log21,Ascend910B3,20,external_v4_k_low_output_deep_odd,704,512,16385,fp16,0,0,20:144:128:64:48:48:16:24:16:3:2:0:4:4:1:2:1:1:2:5:3:0:2,contract_global,0.116341600418,0.999618511698864,1.00027168771316,within_noise,within_noise,1.0000954973025225,1,1
balanced_racing_net_log21,Ascend910B3,20,external_v4_k_low_output_deep_odd,704,512,16385,fp16,0,0,3:288:512:16:96:48:16:3:2:3:2:1:1:1:2:2:1:3:1:1:1:2:2,contract_global,0.11638879776,0.999726263232335,1.00030476813932,within_noise,within_noise,1.0001747627648088,1,1
balanced_racing_net_log21,Ascend910B3,20,external_v4_k_low_output_deep_odd,704,512,16385,fp16,0,0,2:704:256:16:80:64:16:4:4:4:4:0:1:1:1:1:1:1:2:1:1:2:2,contract_global,0.11643239975,1.00010078427945,1.00067950590875,within_noise,within_noise,1.0000692407973697,1,1
balanced_racing_net_log21,Ascend910B3,20,external_v4_skinny_m,73,4608,12288,fp16,0,0,20:80:240:12288:32:16:768:2:2:1:1:0:2:2:1:2:1:1:1:1:20:0:0,contract_global,0.0603439998627,0.999558263747152,1.00081818151974,within_noise,within_noise,1.0001789084959485,1,1
balanced_racing_net_log21,Ascend910B3,20,external_v4_skinny_m,73,4608,12288,fp16,0,0,20:48:464:12288:32:16:80:2:1:1:1:1:1:1:2:2:2:2:10:1:1:0:0,contract_global,0.0604415988922,1.00117492682,1.00243688235864,within_noise,within_noise,1.0002565956542657,1,1
balanced_racing_net_log21,Ascend910B3,20,external_v4_skinny_m,73,4608,12288,fp16,0,0,18:80:256:12288:32:32:32:16:16:1:1:0:8:8:2:2:1:1:3:1:8:0:0,contract_global,0.0602816009521,0.998524667252679,0.999783282206783,within_noise,within_noise,1.0004046384309786,1,1
balanced_racing_net_log21,Ascend910B3,20,external_v4_skinny_m,73,4608,12288,fp16,0,0,20:80:224:12288:16:16:2048:2:2:1:2:0:1:1:1:1:1:1:1:1:21:0:0,contract_global,0.0603060007095,0.998928833019074,1.00018795741335,within_noise,within_noise,1.000372448017223,1,1
balanced_racing_net_log21,Ascend910B3,20,external_v4_skinny_m,73,4608,12288,fp16,0,0,20:80:224:12288:16:16:384:1:2:1:2:0:1:1:1:2:1:1:3:1:9:0:0,contract_global,0.0602407979965,0.997859827621546,0.997837825100368,within_noise,within_noise,1.000197953027946,1,1
balanced_racing_net_log21,Ascend910B3,20,external_v4_skinny_m,73,4608,12288,fp16,0,0,18:144:256:12288:144:176:160:2:1:1:1:0:1:1:1:1:1:1:6:1:3:0:0,contract_global,0.0602704000473,0.998350171342745,0.998328158016335,within_noise,within_noise,1.0003389928790594,1,1
balanced_racing_net_log21,Ascend910B3,20,external_v4_skinny_m,73,4608,12288,fp16,0,0,18:32:768:2560:32:16:160:16:32:1:1:0:16:16:1:2:1:3:1:1:6:2:2,contract_global,0.0604383993149,1.00113299836252,1.00111092366987,within_noise,within_noise,1.0003094648454285,1,1
balanced_racing_net_log21,Ascend910B3,20,external_v4_skinny_m,73,4608,12288,fp16,0,0,11:96:432:1024:32:32:64:96:32:3:2:0:16:16:1:1:1:1:1:1:11:1:2,contract_global,0.0603072023392,0.998959783596904,0.99893775682044,within_noise,within_noise,1.0001948615793248,1,1
balanced_racing_net_log21,Ascend910B3,20,external_v4_skinny_m,73,4608,12288,fp16,0,0,20:384:4608:384:128:128:128:9:6:3:1:1:3:3:2:2:2:1:1:1:1:0:3,contract_global,0.0604012012482,1.00029593386094,1.00008612323157,within_noise,within_noise,1.0075970118845774,1,1
balanced_racing_net_log21,Ascend910B3,20,external_v4_skinny_m,73,4608,12288,fp16,0,0,16:384:4608:384:128:128:128:9:6:3:1:1:3:3:2:2:2:1:1:1:1:0:3,contract_global,0.0602332019806,0.997513721239518,0.997304494179438,within_noise,within_noise,0.9999929031814232,1,1
balanced_racing_net_log21,Ascend910B3,20,external_v4_skinny_m,73,4608,12288,fp16,0,0,3:96:1536:192:32:32:96:6:4:3:2:0:2:2:2:1:1:1:3:1:1:1:2,contract_global,0.0603172016144,1.00024103065578,0.997011511464114,within_noise,within_noise,1.0000586166419807,1,1
balanced_racing_net_log21,Ascend910B3,20,external_v4_skinny_m,73,4608,12288,fp16,0,0,20:128:384:384:128:128:128:6:9:1:3:0:3:3:2:2:2:1:1:1:12:1:3,contract_global,0.060382399559,1.00132220911747,0.998089199080152,within_noise,within_noise,0.9954551441082825,1,1
balanced_racing_net_log21,Ascend910B3,20,external_v4_skinny_m,73,4608,12288,fp16,0,0,20:32:144:32:32:16:32:2:2:1:1:1:1:1:2:2:2:1:16:3:2:0:2,contract_global,0.0602971982956,0.999909315324456,0.999798765803353,within_noise,within_noise,1.000151304991977,1,1
balanced_racing_net_log21,Ascend910B3,20,external_v4_skinny_m,73,4608,12288,fp16,0,0,20:512:32:12288:512:32:16:1:1:1:1:1:1:1:2:1:1:1:72:1:2:2:0,contract_global,0.0603796005249,1.00127579269511,1.00116509209389,within_noise,within_noise,1.0004141248059688,1,1
balanced_racing_net_log21,Ascend910B3,20,external_v4_skinny_m,73,4608,12288,fp16,0,0,1:240:4608:64:80:64:16:24:8:3:2:0:4:4:2:2:1:1:1:1:1:0:2,contract_global,0.0603047990799,0.999184821807626,0.999924795786099,within_noise,within_noise,1.0000057319718574,1,1
balanced_racing_net_log21,Ascend910B3,20,external_v4_skinny_m,73,4608,12288,fp16,0,0,1:128:384:384:128:128:128:6:9:1:3:0:3:3:2:2:2:1:1:1:12:1:3,contract_global,0.0603439998627,0.999834336069085,1.00057479106598,within_noise,within_noise,1.1645111184411427,1,1
balanced_racing_net_log21,Ascend910B3,20,external_v4_layout_tn,2304,3072,4608,fp16,1,0,16:576:768:1024:48:16:128:24:16:3:2:0:8:8:1:2:1:2:1:3:4:1:2,contract_global,6.9152142334,28.0462489238427,28.0433691129928,regressed,regressed,1.4125375446227544,1,1
balanced_racing_net_log21,Ascend910B3,20,external_v4_layout_tn,2304,3072,4608,fp16,1,0,14:176:3072:1280:16:16:80:32:32:1:1:0:16:16:1:2:1:14:1:1:1:1:2,contract_global,47.2369482422,191.580356600379,191.560684979235,regressed,regressed,1.4125375446227544,1,1
balanced_racing_net_log21,Ascend910B3,20,external_v4_layout_tn,2304,3072,4608,fp16,1,0,14:176:3072:1280:16:16:80:16:32:1:1:0:16:16:1:2:1:14:1:1:1:0:2,contract_global,36.6724121094,148.73343962219,148.71816755597,regressed,regressed,1.4125375446227544,1,1
balanced_racing_net_log21,Ascend910B3,20,external_v4_layout_tn,2304,3072,4608,fp16,1,0,14:176:3072:1280:16:16:80:32:16:1:1:0:16:16:1:2:1:14:1:1:1:0:2,contract_global,45.7702197266,185.631700251722,185.612639443192,regressed,regressed,1.4125375446227544,1,1
balanced_racing_net_log21,Ascend910B3,20,external_v4_layout_tn,2304,3072,4608,fp16,1,0,14:176:3072:1280:16:16:80:16:16:1:1:0:16:16:1:2:1:7:1:2:1:2:2,contract_global,47.5999511719,192.057133651472,192.649441675165,regressed,regressed,1.4125375446227544,1,1
balanced_racing_net_log21,Ascend910B3,20,external_v4_layout_tn,2304,3072,4608,fp16,1,0,11:224:3072:1024:32:32:64:96:32:3:2:0:16:16:1:1:1:6:1:2:1:1:2,contract_global,8.5359161377,34.4408669785398,34.5470832979724,regressed,regressed,1.4125375446227542,1,1
balanced_racing_net_log21,Ascend910B3,20,external_v4_layout_tn,2304,3072,4608,fp16,1,0,12:384:3072:384:128:128:128:9:6:3:1:1:3:3:2:2:2:1:1:6:1:0:3,contract_global,0.458497581482,1.85900011709456,1.85565953130708,regressed,regressed,1.1512333656962725,1,1
balanced_racing_net_log21,Ascend910B3,20,external_v4_layout_tn,2304,3072,4608,fp16,1,0,12:2304:384:384:128:128:128:6:9:1:3:0:3:3:2:2:2:1:1:1:8:1:3,contract_global,0.45023639679,1.82550475326076,1.82222435796595,regressed,regressed,1.1412646792884096,1,1
balanced_racing_net_log21,Ascend910B3,20,external_v4_layout_tn,2304,3072,4608,fp16,1,0,12:192:3072:160:16:16:80:8:8:4:4:1:2:2:2:1:1:6:1:2:1:1:2,contract_global,28.8115087891,116.817624292591,116.373774560063,regressed,regressed,1.4125375446227542,1,1
balanced_racing_net_log21,Ascend910B3,20,external_v4_layout_tn,2304,3072,4608,fp16,1,0,8:384:3072:384:128:128:128:9:6:3:1:1:3:3:2:2:2:1:1:6:1:0:3,contract_global,0.829589614868,3.36361030781165,3.35083023678534,regressed,regressed,1.1543240502763608,1,1
balanced_racing_net_log21,Ascend910B3,20,external_v4_layout_tn,2304,3072,4608,fp16,1,0,20:224:224:1024:48:16:128:16:8:1:1:0:8:8:1:1:1:3:3:5:6:2:2,contract_global,13.4129125977,54.3779964968766,54.547390438391,regressed,regressed,1.4125375446227544,1,1
balanced_racing_net_log21,Ascend910B3,20,external_v4_layout_tn,2304,3072,4608,fp16,1,0,8:2304:384:384:128:128:128:6:9:1:3:0:3:3:2:2:2:1:1:1:8:1:3,contract_global,0.83731842041,3.39461677694854,3.40519141287586,regressed,regressed,1.153467101876404,1,1
balanced_racing_net_log21,Ascend910B3,20,external_v4_layout_tn,2304,3072,4608,fp16,1,0,10:240:3072:96:48:128:32:6:18:2:3:0:3:3:2:1:1:5:1:2:1:0:2,contract_global,4.40297027588,17.8503140532707,17.9059199094532,regressed,regressed,1.4125375446227544,1,1
balanced_racing_net_log21,Ascend910B3,20,external_v4_layout_tn,2304,3072,4608,fp16,1,0,4:384:3072:384:128:128:128:9:6:3:1:1:3:3:2:2:2:1:1:6:1:0:3,contract_global,1.2131288147,4.91820952054327,4.93353032948619,regressed,regressed,1.251063324563367,1,1
balanced_racing_net_log21,Ascend910B3,20,external_v4_layout_tn,2304,3072,4608,fp16,1,0,4:2304:384:384:128:128:128:6:9:1:3:0:3:3:2:2:2:1:1:1:8:1:3,contract_global,1.22124038696,4.95464378628745,4.95751297046709,regressed,regressed,1.153350776461533,1,1
balanced_racing_net_log21,Ascend910B3,20,external_v4_layout_tn,2304,3072,4608,fp16,1,0,20:1152:320:4608:16:32:256:8:16:1:2:0:8:8:2:1:1:1:2:2:5:0:0,runtime_rejected,,1,1,runtime_rejected,runtime_rejected,,0,0
balanced_racing_net_log21,Ascend910B3,20,external_v4_layout_nt,2176,2944,4352,fp16,0,1,17:128:2944:1280:16:16:160:32:32:4:4:1:8:8:1:1:1:17:1:1:1:2:2,contract_global,7.06728210449,30.4000508678895,30.4281466294241,regressed,regressed,1.4125375446227544,1,1
balanced_racing_net_log21,Ascend910B3,20,external_v4_layout_nt,2176,2944,4352,fp16,0,1,14:160:2944:1280:16:16:80:32:48:2:3:1:16:16:2:2:1:14:1:1:1:0:2,contract_global,9.33851135254,40.1697874727748,40.2069124359587,regressed,regressed,1.4125375446227542,1,1
balanced_racing_net_log21,Ascend910B3,20,external_v4_layout_nt,2176,2944,4352,fp16,0,1,13:176:2944:1280:16:16:80:32:32:1:1:0:16:16:1:2:1:13:1:1:1:1:2,contract_global,14.1195263672,60.7354161682829,60.79154790857,regressed,regressed,1.4125375446227544,1,1
balanced_racing_net_log21,Ascend910B3,20,external_v4_layout_nt,2176,2944,4352,fp16,0,1,13:176:2944:1280:16:16:80:16:32:1:1:0:16:16:1:2:1:13:1:1:1:0:2,contract_global,13.3798937988,57.553872348429,57.6070637023864,regressed,regressed,1.4125375446227544,1,1
balanced_racing_net_log21,Ascend910B3,20,external_v4_layout_nt,2176,2944,4352,fp16,0,1,13:176:2944:1280:16:16:80:32:16:1:1:0:16:16:1:2:1:13:1:1:1:0:2,contract_global,13.2488427734,57.0511792631488,57.0578924250053,regressed,regressed,1.4125375446227544,1,1
balanced_racing_net_log21,Ascend910B3,20,external_v4_layout_nt,2176,2944,4352,fp16,0,1,13:176:2944:1280:16:16:80:16:16:1:1:0:16:16:1:2:1:7:1:2:1:2:2,contract_global,14.5165759277,62.5101972830131,62.5175528028395,regressed,regressed,1.4125375446227544,1,1
balanced_racing_net_log21,Ascend910B3,20,external_v4_layout_nt,2176,2944,4352,fp16,0,1,12:384:2944:384:128:128:128:9:6:3:1:1:3:3:2:2:2:1:1:6:1:0:3,contract_global,0.41010761261,1.76597483450685,1.76618263520299,regressed,regressed,1.1694871662944384,1,1
balanced_racing_net_log21,Ascend910B3,20,external_v4_layout_nt,2176,2944,4352,fp16,0,1,12:2176:384:384:128:128:128:6:9:1:3:0:3:3:2:2:2:1:1:1:8:1:3,contract_global,0.409832801819,1.76479146476168,1.76499912621203,regressed,regressed,1.180597178409449,1,1
balanced_racing_net_log21,Ascend910B3,20,external_v4_layout_nt,2176,2944,4352,fp16,0,1,8:384:2944:384:128:128:128:9:6:3:1:1:3:3:2:2:2:1:1:6:1:0:3,contract_global,0.760847167969,3.2705665194628,3.27463001983114,regressed,regressed,1.2122397922571566,1,1
balanced_racing_net_log21,Ascend910B3,20,external_v4_layout_nt,2176,2944,4352,fp16,0,1,8:2176:384:384:128:128:128:6:9:1:3:0:3:3:2:2:2:1:1:1:8:1:3,contract_global,0.761305618286,3.27253720729228,3.27660315614414,regressed,regressed,1.2042791163474786,1,1
balanced_racing_net_log21,Ascend910B3,20,external_v4_layout_nt,2176,2944,4352,fp16,0,1,20:176:224:768:48:16:128:36:12:3:2:0:6:6:1:2:1:4:3:4:5:1:2,contract_global,3.48097167969,14.9455229177287,14.9818450280014,regressed,regressed,1.367193526023967,1,1
balanced_racing_net_log21,Ascend910B3,20,external_v4_layout_nt,2176,2944,4352,fp16,0,1,20:160:288:512:48:96:64:16:24:2:3:1:8:8:1:1:1:14:1:1:11:1:2,contract_global,1.8127696228,7.78311127900017,7.80202657744272,regressed,regressed,1.3691791550397499,1,1
balanced_racing_net_log21,Ascend910B3,20,external_v4_layout_nt,2176,2944,4352,fp16,0,1,20:256:160:512:48:16:64:48:16:3:2:0:8:8:2:2:1:2:3:7:8:0:2,contract_global,4.12127532959,17.6946613062336,17.7098180436531,regressed,regressed,1.3690983929569267,1,1
balanced_racing_net_log21,Ascend910B3,20,external_v4_layout_nt,2176,2944,4352,fp16,0,1,4:384:2944:384:128:128:128:9:6:3:1:1:3:3:2:2:2:1:1:6:1:0:3,contract_global,1.1088343811,4.76077118104921,4.76484912057356,regressed,regressed,1.234610637081398,1,1
balanced_racing_net_log21,Ascend910B3,20,external_v4_layout_nt,2176,2944,4352,fp16,0,1,2:384:2944:384:128:128:128:9:6:3:1:1:3:3:2:2:2:1:1:6:1:0:3,contract_global,2.15724563599,9.25631355514551,9.28683739017681,regressed,regressed,1.2437253894788958,1,1
balanced_racing_net_log21,Ascend910B3,20,external_v4_layout_nt,2176,2944,4352,fp16,0,1,14:320:1472:4352:112:16:112:16:16:2:2:1:4:4:1:2:1:7:2:1:1:0:0,runtime_rejected,,1,1,runtime_rejected,runtime_rejected,,0,0
balanced_racing_net_log21,Ascend910B3,20,external_v4_layout_tt,1792,2304,3584,fp16,1,1,20:448:464:3584:48:16:512:4:4:2:1:0:2:2:1:2:1:1:2:4:3:0:0,runtime_rejected,,1,1,runtime_rejected,runtime_rejected,,0,0
balanced_racing_net_log21,Ascend910B3,20,external_v4_layout_tt,1792,2304,3584,fp16,1,1,20:192:1152:3584:48:16:48:4:1:4:1:0:1:1:1:1:1:1:2:10:1:0:0,runtime_rejected,,1,1,runtime_rejected,runtime_rejected,,0,0
balanced_racing_net_log21,Ascend910B3,20,external_v4_layout_tt,1792,2304,3584,fp16,1,1,20:368:576:3584:48:48:16:64:8:4:1:1:8:8:2:1:1:1:2:5:2:0:0,runtime_rejected,,1,1,runtime_rejected,runtime_rejected,,0,0
balanced_racing_net_log21,Ascend910B3,20,external_v4_layout_tt,1792,2304,3584,fp16,1,1,14:256:1152:3584:80:224:80:2:2:2:1:0:1:1:2:1:1:1:2:7:1:0:0,runtime_rejected,,1,1,runtime_rejected,runtime_rejected,,0,0
balanced_racing_net_log21,Ascend910B3,20,external_v4_layout_tt,1792,2304,3584,fp16,1,1,14:256:1152:3584:64:256:64:1:4:1:4:1:1:1:2:1:1:3:1:3:2:0:0,runtime_rejected,,1,1,runtime_rejected,runtime_rejected,,0,0
balanced_racing_net_log21,Ascend910B3,20,external_v4_layout_tt,1792,2304,3584,fp16,1,1,14:256:1152:3584:128:112:48:8:4:2:1:1:2:2:2:2:1:2:1:4:2:0:0,runtime_rejected,,1,1,runtime_rejected,runtime_rejected,,0,0
balanced_racing_net_log21,Ascend910B3,20,external_v4_layout_tt,1792,2304,3584,fp16,1,1,19:96:2304:1280:16:16:160:32:32:4:4:1:8:8:1:1:1:7:1:3:1:2:2,contract_global,4.01267913818,31.6080101037183,31.6508930871274,regressed,regressed,1.316996562779531,1,1
balanced_racing_net_log21,Ascend910B3,20,external_v4_layout_tt,1792,2304,3584,fp16,1,1,13:144:2304:1280:16:16:80:16:16:1:1:0:16:16:1:2:1:1:1:13:1:2:2,contract_global,14.7957165527,116.546362712938,116.704482623976,regressed,regressed,1.3990013639344867,1,1
balanced_racing_net_log21,Ascend910B3,20,external_v4_layout_tt,1792,2304,3584,fp16,1,1,12:160:2304:320:16:16:80:16:16:4:4:1:4:4:2:1:1:1:1:12:1:1:2,contract_global,10.984699707,86.5059608774833,86.4165806379395,regressed,regressed,1.0008173559175126,1,1
balanced_racing_net_log21,Ascend910B3,20,external_v4_layout_tt,1792,2304,3584,fp16,1,1,20:112:336:3584:16:16:1536:8:1:4:1:0:1:1:1:1:1:4:2:4:6:2:0,runtime_rejected,,1,1,runtime_rejected,runtime_rejected,,0,0
balanced_racing_net_log21,Ascend910B3,20,external_v4_layout_tt,1792,2304,3584,fp16,1,1,10:384:2304:384:128:128:128:9:6:3:1:1:3:3:2:2:2:1:1:5:1:0:3,contract_global,0.28249879837,2.22471534511823,2.22241671057564,regressed,regressed,1.1680567134718147,1,1
balanced_racing_net_log21,Ascend910B3,20,external_v4_layout_tt,1792,2304,3584,fp16,1,1,10:1792:384:384:128:128:128:6:9:1:3:0:3:3:2:2:2:1:1:1:6:1:3,contract_global,0.278306007385,2.19169656239446,2.18943204372975,regressed,regressed,1.1656334625215954,1,1
balanced_racing_net_log21,Ascend910B3,20,external_v4_layout_tt,1792,2304,3584,fp16,1,1,8:896:576:128:16:192:16:32:48:2:3:1:8:8:2:1:1:1:1:2:4:2:2,contract_global,5.78956054688,45.6376404893195,45.353539422845,regressed,regressed,1.1643040397828117,1,1
balanced_racing_net_log21,Ascend910B3,20,external_v4_layout_tt,1792,2304,3584,fp16,1,1,8:384:2304:384:128:128:128:9:6:3:1:1:3:3:2:2:2:1:1:5:1:0:3,contract_global,0.502824401855,3.96363749809586,3.9389632680562,regressed,regressed,1.1697504649622923,1,1
balanced_racing_net_log21,Ascend910B3,20,external_v4_layout_tt,1792,2304,3584,fp16,1,1,20:1792:32:96:48:32:48:4:4:1:1:0:2:2:2:2:2:1:15:1:5:2:2,contract_global,5.40025024414,42.8346514826834,42.5945479303296,regressed,regressed,1.000851850377438,1,1
balanced_racing_net_log21,Ascend910B3,20,external_v4_layout_tt,1792,2304,3584,fp16,1,1,8:896:576:16:16:192:16:2:3:2:3:0:1:1:2:1:1:1:1:2:4:0:2,contract_global,18.253470459,144.786076591481,143.974498812472,regressed,regressed,1.1458857113327359,1,1
balanced_racing_net_log21,Ascend910B3,20,external_v4_bf16_aligned,3072,4096,6144,bf16,0,0,16:192:4096:1280:16:16:160:32:32:4:4:1:8:8:1:1:1:16:1:1:1:2:2,contract_global,21.8424755859,37.7190966847437,37.6863390264764,regressed,regressed,1.4125375446227544,1,1
balanced_racing_net_log21,Ascend910B3,20,external_v4_bf16_aligned,3072,4096,6144,bf16,0,0,14:224:4096:1280:16:16:80:32:48:2:3:1:16:16:2:2:1:14:1:1:1:0:2,contract_global,31.7428027344,54.815665956606,54.7680605520827,regressed,regressed,1.4125375446227542,1,1
balanced_racing_net_log21,Ascend910B3,20,external_v4_bf16_aligned,3072,4096,6144,bf16,0,0,13:240:4096:1280:16:16:80:32:32:1:1:0:16:16:1:2:1:13:1:1:1:1:2,contract_global,75.1847412109,130.034209593923,130.144660140378,regressed,regressed,1.4125375446227544,1,1
balanced_racing_net_log21,Ascend910B3,20,external_v4_bf16_aligned,3072,4096,6144,bf16,0,0,13:240:4096:1280:16:16:80:16:32:1:1:0:16:16:1:2:1:13:1:1:1:0:2,contract_global,50.1646289063,86.7611933531307,86.8348879699044,regressed,regressed,1.4125375446227544,1,1
balanced_racing_net_log21,Ascend910B3,20,external_v4_bf16_aligned,3072,4096,6144,bf16,0,0,13:240:4096:1280:16:16:80:32:16:1:1:0:16:16:1:2:1:13:1:1:1:0:2,contract_global,73.1696826172,126.549106801839,126.656597115597,regressed,regressed,1.4125375446227544,1,1
balanced_racing_net_log21,Ascend910B3,20,external_v4_bf16_aligned,3072,4096,6144,bf16,0,0,13:240:4096:1280:16:16:80:16:16:1:1:0:16:16:1:2:1:1:1:13:1:2:2,contract_global,76.8745166016,132.956725569738,133.069658489672,regressed,regressed,1.4125375446227544,1,1
balanced_racing_net_log21,Ascend910B3,20,external_v4_bf16_aligned,3072,4096,6144,bf16,0,0,14:224:4096:480:16:16:80:24:36:2:3:1:6:6:2:2:1:14:1:1:1:2:2,contract_global,41.1890478516,70.9881012850568,70.9216104174591,regressed,regressed,1.4125375446227544,1,1
balanced_racing_net_log21,Ascend910B3,20,external_v4_bf16_aligned,3072,4096,6144,bf16,0,0,16:384:4096:384:128:128:128:9:6:3:1:1:3:3:2:2:2:1:1:8:1:0:3,contract_global,1.18786323547,2.04724702488695,2.04532947492706,regressed,regressed,1.1266296350192593,1,1
balanced_racing_net_log21,Ascend910B3,20,external_v4_bf16_aligned,3072,4096,6144,bf16,0,0,16:3072:384:384:128:128:128:6:9:1:3:0:3:3:2:2:2:1:1:1:11:1:3,contract_global,0.81524520874,1.40965082205751,1.41171756441035,regressed,regressed,1.099501336496271,1,1
balanced_racing_net_log21,Ascend910B3,20,external_v4_bf16_aligned,3072,4096,6144,bf16,0,0,20:80:4096:6144:64:16:16:4:8:1:2:1:2:2:1:2:1:39:1:1:1:0:0,runtime_rejected,,1,1,runtime_rejected,runtime_rejected,,0,0
balanced_racing_net_log21,Ascend910B3,20,external_v4_bf16_aligned,3072,4096,6144,bf16,0,0,8:384:4096:384:128:128:128:9:6:3:1:1:3:3:2:2:2:1:1:8:1:0:3,contract_global,1.48290878296,2.56411636956151,2.56787571748925,regressed,regressed,1.1294582631263606,1,1
balanced_racing_net_log21,Ascend910B3,20,external_v4_bf16_aligned,3072,4096,6144,bf16,0,0,8:3072:384:384:128:128:128:6:9:1:3:0:3:3:2:2:2:1:1:1:11:1:3,contract_global,1.48901687622,2.57467795102374,2.57845278368874,regressed,regressed,1.1171787090764989,1,1
balanced_racing_net_log21,Ascend910B3,20,external_v4_bf16_aligned,3072,4096,6144,bf16,0,0,4:384:4096:384:128:128:128:9:6:3:1:1:3:3:2:2:2:1:1:8:1:0:3,contract_global,2.79934173584,4.8332955237908,4.84475527185384,regressed,regressed,1.094589082532533,1,1
balanced_racing_net_log21,Ascend910B3,20,external_v4_bf16_aligned,3072,4096,6144,bf16,0,0,7:3072:608:6144:16:608:16:16:4:4:1:0:2:2:2:1:1:1:7:1:1:1:0,runtime_rejected,,1,1,runtime_rejected,runtime_rejected,,0,0
balanced_racing_net_log21,Ascend910B3,20,external_v4_bf16_aligned,3072,4096,6144,bf16,0,0,4:3072:384:384:128:128:128:6:9:1:3:0:3:3:2:2:2:1:1:1:11:1:3,contract_global,2.8412588501,4.90566889577115,4.91730024114255,regressed,regressed,1.0944903018447463,1,1
balanced_racing_net_log21,Ascend910B3,20,external_v4_bf16_aligned,3072,4096,6144,bf16,0,0,20:256:288:256:48:16:64:32:32:4:4:1:4:4:2:2:2:4:4:3:4:2:2,contract_global,14.6657348633,25.3216067764342,25.381644329032,regressed,regressed,1.3815190693331383,1,1
balanced_racing_net_log21,Ascend910B3,20,external_v4_bf16_odd,1279,1793,3587,bf16,0,0,20:320:368:3587:144:16:160:2:4:1:2:0:1:1:1:1:1:4:3:1:2:0:0,runtime_rejected,,1,1,runtime_rejected,runtime_rejected,,0,0
balanced_racing_net_log21,Ascend910B3,20,external_v4_bf16_odd,1279,1793,3587,bf16,0,0,19:1280:96:3587:16:16:384:2:1:1:1:1:1:1:2:2:1:1:19:1:1:1:0,runtime_rejected,,1,1,runtime_rejected,runtime_rejected,,0,0
balanced_racing_net_log21,Ascend910B3,20,external_v4_bf16_odd,1279,1793,3587,bf16,0,0,20:320:368:3587:48:48:16:64:8:4:1:1:8:8:2:1:1:1:2:4:4:0:0,runtime_rejected,,1,1,runtime_rejected,runtime_rejected,,0,0
balanced_racing_net_log21,Ascend910B3,20,external_v4_bf16_odd,1279,1793,3587,bf16,0,0,16:320:464:3587:48:48:16:8:64:1:4:0:8:8:1:1:1:1:1:4:4:0:0,runtime_rejected,,1,1,runtime_rejected,runtime_rejected,,0,0
balanced_racing_net_log21,Ascend910B3,20,external_v4_bf16_odd,1279,1793,3587,bf16,0,0,20:64:1808:3587:16:16:80:16:8:4:1:1:4:4:2:2:1:7:1:3:1:0:0,runtime_rejected,,1,1,runtime_rejected,runtime_rejected,,0,0
balanced_racing_net_log21,Ascend910B3,20,external_v4_bf16_odd,1279,1793,3587,bf16,0,0,14:192:912:3587:32:128:64:64:16:4:1:1:8:8:2:1:1:3:1:3:2:0:0,runtime_rejected,,1,1,runtime_rejected,runtime_rejected,,0,0
balanced_racing_net_log21,Ascend910B3,20,external_v4_bf16_odd,1279,1793,3587,bf16,0,0,18:432:304:1280:16:16:80:48:32:3:2:0:16:16:2:2:2:3:2:1:5:1:2,contract_global,2.17246643066,17.7188945532212,17.7224602804868,regressed,regressed,1.0218030504504647,1,1
balanced_racing_net_log21,Ascend910B3,20,external_v4_bf16_odd,1279,1793,3587,bf16,0,0,12:112:1808:1024:32:32:64:96:32:3:2:0:16:16:1:1:1:1:1:12:1:1:2,contract_global,1.62203796387,13.2295345223845,13.2321968166803,regressed,regressed,1.0191845918094846,1,1
balanced_racing_net_log21,Ascend910B3,20,external_v4_bf16_odd,1279,1793,3587,bf16,0,0,4:1280:512:3587:64:512:32:32:8:4:1:0:8:8:1:2:1:1:2:1:2:0:0,runtime_rejected,,1,1,runtime_rejected,runtime_rejected,,0,0
balanced_racing_net_log21,Ascend910B3,20,external_v4_bf16_odd,1279,1793,3587,bf16,0,0,10:128:1808:256:48:32:64:16:24:2:3:1:4:4:2:2:2:4:1:3:1:2:2,contract_global,1.93221481323,15.9178509696359,15.7197991104225,regressed,regressed,1.0000022419317287,1,1
balanced_racing_net_log21,Ascend910B3,20,external_v4_bf16_odd,1279,1793,3587,bf16,0,0,10:384:1808:384:128:128:128:9:6:3:1:1:3:3:2:2:2:1:1:4:1:0:3,runtime_rejected,,1,1,runtime_rejected,runtime_rejected,,0,0
balanced_racing_net_log21,Ascend910B3,20,external_v4_bf16_odd,1279,1793,3587,bf16,0,0,10:1280:384:384:128:128:128:6:9:1:3:0:3:3:2:2:2:1:1:1:5:1:3,contract_global,0.224823207855,1.85212445979159,1.81024844588495,regressed,regressed,1.0202568508074306,1,1
balanced_racing_net_log21,Ascend910B3,20,external_v4_bf16_odd,1279,1793,3587,bf16,0,0,20:192:96:1024:48:32:64:16:16:1:1:0:16:16:2:2:1:1:3:7:9:1:2,contract_global,0.667855224609,5.50149008829229,5.39692621251213,regressed,regressed,0.999190461971702,1,1
balanced_racing_net_log21,Ascend910B3,20,external_v4_bf16_odd,1279,1793,3587,bf16,0,0,10:128:1808:96:32:32:32:12:18:2:3:0:3:3:2:2:2:1:1:10:1:1:2,contract_global,5.57131652832,45.8939924849774,45.0217099484235,regressed,regressed,1.000156321206622,1,1
balanced_racing_net_log21,Ascend910B3,20,external_v4_bf16_odd,1279,1793,3587,bf16,0,0,8:384:1808:384:128:128:128:9:6:3:1:1:3:3:2:2:2:1:1:4:1:0:3,runtime_rejected,,1,1,runtime_rejected,runtime_rejected,,0,0
balanced_racing_net_log21,Ascend910B3,20,external_v4_bf16_odd,1279,1793,3587,bf16,0,0,1:384:1808:384:128:128:128:9:6:3:1:1:3:3:2:2:2:1:1:4:1:0:3,runtime_rejected,,1,1,runtime_rejected,runtime_rejected,,0,0
balanced_racing_net_log21,Ascend910B3,20,external_v4_fp32_nn,1024,1536,2048,fp32,0,0,20:208:384:2048:128:80:128:2:2:1:1:0:2:2:1:1:1:1:2:5:3:0:0,contract_global,0.103375196457,1.0071563047704,1.00991788037479,within_noise,within_noise,1.0003739526731983,1,1
balanced_racing_net_log21,Ascend910B3,20,external_v4_fp32_nn,1024,1536,2048,fp32,0,0,18:512:176:2048:16:16:1024:4:1:2:1:0:1:1:1:1:1:2:5:1:2:0:0,contract_global,0.102345199585,0.997121326564495,0.999855386726024,within_noise,within_noise,1.0203518133713856,1,1
balanced_racing_net_log21,Ascend910B3,20,external_v4_fp32_nn,1024,1536,2048,fp32,0,0,18:352:256:2048:32:64:48:8:8:4:2:0:2:2:1:1:1:1:3:3:2:0:0,contract_global,0.103292798996,1.00289465951822,1.0091129032426,within_noise,within_noise,1.0147846893609043,1,1
balanced_racing_net_log21,Ascend910B3,20,external_v4_fp32_nn,1024,1536,2048,fp32,0,0,20:208:384:2048:48:48:16:32:4:4:1:1:4:4:2:1:1:1:2:5:3:0:0,contract_global,0.102956800461,0.99963236883238,1.00583038538703,within_noise,within_noise,0.9996688305633964,1,1
balanced_racing_net_log21,Ascend910B3,20,external_v4_fp32_nn,1024,1536,2048,fp32,0,0,20:208:384:1024:32:32:128:8:16:1:1:0:8:8:1:1:1:1:2:5:3:2:2,contract_global,0.10329000473,1.00555566257741,1.00774672770385,within_noise,within_noise,1.000529588894057,1,1
balanced_racing_net_log21,Ascend910B3,20,external_v4_fp32_nn,1024,1536,2048,fp32,0,0,20:208:384:1024:32:32:128:8:8:1:1:0:8:8:1:1:1:1:2:5:3:1:2,contract_global,0.103375196457,1.00638502669302,1.00857789897096,within_noise,within_noise,1.0002661271468605,1,1
balanced_racing_net_log21,Ascend910B3,20,external_v4_fp32_nn,1024,1536,2048,fp32,0,0,18:512:176:2048:48:32:16:16:32:2:4:1:4:4:1:2:1:1:5:2:2:0:0,contract_global,0.102706403732,0.999874151669796,1.0020528370166,within_noise,within_noise,1.0002317439122224,1,1
balanced_racing_net_log21,Ascend910B3,20,external_v4_fp32_nn,1024,1536,2048,fp32,0,0,13:80:1536:1280:16:16:80:48:32:3:2:0:16:16:1:1:1:1:1:13:1:0:2,contract_global,0.103277196884,1.00543097479021,1.00762176822819,within_noise,within_noise,1.0004295470399236,1,1
balanced_racing_net_log21,Ascend910B3,20,external_v4_fp32_nn,1024,1536,2048,fp32,0,0,20:1024:32:2048:16:16:96:1:4:1:2:0:1:1:2:2:1:1:4:1:14:1:0,contract_global,0.102421197891,0.994213281612232,0.99454150705445,within_noise,within_noise,1.0004178010515066,1,1
balanced_racing_net_log21,Ascend910B3,20,external_v4_fp32_nn,1024,1536,2048,fp32,0,0,11:384:1536:192:128:128:64:9:6:3:1:1:3:3:2:2:2:1:1:3:1:0:3,contract_global,0.103017997742,1.00000648019099,1.00033661818267,within_noise,within_noise,1.0009684006805266,1,1
balanced_racing_net_log21,Ascend910B3,20,external_v4_fp32_nn,1024,1536,2048,fp32,0,0,20:1008:112:2048:1008:16:16:8:8:1:2:1:4:4:1:2:1:1:14:2:1:1:0,contract_global,0.102972803116,0.995547588636156,0.99989776438319,within_noise,within_noise,1.0575207455392235,1,1
balanced_racing_net_log21,Ascend910B3,20,external_v4_fp32_nn,1024,1536,2048,fp32,0,0,11:1024:384:192:128:128:64:6:9:1:3:0:3:3:2:2:2:1:1:1:4:1:3,contract_global,0.10237279892,0.98974671002993,0.994071538079043,improved,within_noise,1.0007965109312562,1,1
balanced_racing_net_log21,Ascend910B3,20,external_v4_fp32_nn,1024,1536,2048,fp32,0,0,8:384:1536:192:128:128:64:9:6:3:1:1:3:3:2:2:2:1:1:3:1:0:3,contract_global,0.103299598694,1.00806325111127,1.00209148599294,within_noise,within_noise,1.0009495186523316,1,1
balanced_racing_net_log21,Ascend910B3,20,external_v4_fp32_nn,1024,1536,2048,fp32,0,0,20:512:160:64:96:16:32:4:4:1:1:0:2:2:1:1:1:1:2:2:6:0:2,contract_global,0.103247995377,1.00755967308952,1.00159089116766,within_noise,within_noise,1.000993362962045,1,1
balanced_racing_net_log21,Ascend910B3,20,external_v4_fp32_nn,1024,1536,2048,fp32,0,0,3:384:1536:96:96:16:16:24:48:4:4:1:6:6:2:2:2:3:1:1:1:1:2,contract_global,0.103286800385,1.00793835706328,0.999575465546049,within_noise,within_noise,1.000724997802187,1,1
balanced_racing_net_log21,Ascend910B3,20,external_v4_fp32_nn,1024,1536,2048,fp32,0,0,4:576:768:64:192:16:16:24:16:3:2:0:4:4:1:1:1:2:1:1:2:0:2,contract_global,0.103252801895,1.00760657815286,0.999246439411795,within_noise,within_noise,1.0001904758983284,1,1
balanced_racing_net_log21,Ascend910B3,20,external_v4_fp32_nt,64,480,4096,fp32,0,1,20:32:48:4096:32:16:224:8:8:1:2:1:4:4:2:2:1:2:2:1:5:0:0,contract_global,0.0247648000717,0.982600189364873,0.991623273070603,improved,within_noise,1.0002648254984376,1,1
balanced_racing_net_log21,Ascend910B3,20,external_v4_fp32_nt,64,480,4096,fp32,0,1,20:32:48:4096:16:16:448:4:8:1:2:0:4:4:2:1:1:1:4:2:3:0:0,contract_global,0.025159599781,0.998264772488394,1.00743170191895,within_noise,within_noise,1.0007250438244433,1,1
balanced_racing_net_log21,Ascend910B3,20,external_v4_fp32_nt,64,480,4096,fp32,0,1,20:16:96:4096:16:32:256:4:2:1:1:1:2:2:2:2:2:4:2:1:3:0:0,contract_global,0.0252895998955,1.00342282491328,1.01263712003902,within_noise,within_noise,1.000273470792841,1,1
balanced_racing_net_log21,Ascend910B3,20,external_v4_fp32_nt,64,480,4096,fp32,0,1,20:16:96:4096:16:48:160:8:8:1:1:1:8:8:1:2:1:2:3:2:2:0:0,contract_global,0.0254888010025,1.01132658528664,1.02061345956793,within_noise,regressed,0.9999466617643481,1,1
balanced_racing_net_log21,Ascend910B3,20,external_v4_fp32_nt,64,480,4096,fp32,0,1,20:32:48:1280:16:16:80:32:32:1:1:0:16:16:1:2:1:1:1:2:10:0:2,contract_global,0.0247523999214,0.974145996197871,1.00559560777013,improved,within_noise,1.001065741038636,1,1
balanced_racing_net_log21,Ascend910B3,20,external_v4_fp32_nt,64,480,4096,fp32,0,1,20:32:48:1280:16:16:80:16:32:1:1:0:16:16:1:2:1:2:1:1:10:2:2,contract_global,0.0246095991135,0.968525982141911,0.999794155560657,improved,within_noise,1.00120259015167,1,1
balanced_racing_net_log21,Ascend910B3,20,external_v4_fp32_nt,64,480,4096,fp32,0,1,20:32:48:1280:16:16:80:32:16:1:1:0:16:16:1:2:1:2:1:1:10:2:2,contract_global,0.0245812010765,0.994411962140674,1.00078177003497,within_noise,within_noise,1.00120259015167,1,1
balanced_racing_net_log21,Ascend910B3,20,external_v4_fp32_nt,64,480,4096,fp32,0,1,20:48:16:4096:48:16:24:1:1:1:1:1:1:1:1:2:1:2:2:1:28:0:0,contract_global,0.025426800251,1.02861997060108,1.0352089014007,regressed,regressed,1.0014881973089063,1,1
balanced_racing_net_log21,Ascend910B3,20,external_v4_fp32_tn,768,1152,1536,fp32,1,0,20:192:240:1536:112:96:128:2:1:1:1:1:1:1:1:1:1:4:5:1:1:0:0,contract_global,0.0519899988174,1.01107208614344,1.01532390663974,regressed,regressed,1.0011066922505587,1,1
balanced_racing_net_log21,Ascend910B3,20,external_v4_fp32_tn,768,1152,1536,fp32,1,0,20:192:240:1536:48:48:16:16:16:1:1:0:8:8:1:2:1:1:3:4:2:0:0,contract_global,0.0513079977036,0.997808914288781,1.0020049597089,within_noise,within_noise,1.0004568245147007,1,1
balanced_racing_net_log21,Ascend910B3,20,external_v4_fp32_tn,768,1152,1536,fp32,1,0,18:256:192:1536:48:32:16:16:32:1:4:1:8:8:1:1:1:1:2:3:4:0:0,contract_global,0.0519827985764,1.01530226390571,1.01518329157972,regressed,regressed,1.0003542421825655,1,1
balanced_racing_net_log21,Ascend910B3,20,external_v4_fp32_tn,768,1152,1536,fp32,1,0,18:128:384:1536:32:32:16:32:32:4:4:0:8:8:2:2:2:2:1:4:3:0:0,contract_global,0.0511236000061,0.998520823165288,0.998403817282522,within_noise,within_noise,1.0005999526972253,1,1
balanced_racing_net_log21,Ascend910B3,20,external_v4_fp32_tn,768,1152,1536,fp32,1,0,16:192:288:1536:48:48:16:4:32:1:4:0:4:4:1:1:1:1:1:4:4:0:0,contract_global,0.0516896009445,1.00957567304103,1.0100096294808,within_noise,regressed,1.00030433141327,1,1
balanced_racing_net_log21,Ascend910B3,20,external_v4_fp32_tn,768,1152,1536,fp32,1,0,18:768:64:1536:48:32:16:8:32:1:2:1:8:8:1:2:1:1:2:1:13:0:0,contract_global,0.0510684013367,0.997442710108457,0.997871451313937,within_noise,within_noise,1.0011712338954302,1,1
balanced_racing_net_log21,Ascend910B3,20,external_v4_fp32_tn,768,1152,1536,fp32,1,0,20:80:576:768:16:16:48:64:64:4:4:1:16:16:1:2:1:2:1:6:2:0:2,contract_global,0.0519492006302,1.01056691008031,1.0161278799298,regressed,regressed,1.0006320914006144,1,1
balanced_racing_net_log21,Ascend910B3,20,external_v4_fp32_tn,768,1152,1536,fp32,1,0,16:96:576:768:16:16:48:48:32:3:2:0:16:16:2:1:1:2:1:4:2:2:2,contract_global,0.0519292020798,1.0101778786214,1.01573670769987,regressed,regressed,0.9999147325947574,1,1
balanced_racing_net_log21,Ascend910B3,20,external_v4_fp32_tn,768,1152,1536,fp32,1,0,15:160:384:256:32:32:16:128:128:4:4:1:16:16:2:2:1:2:1:4:3:1:2,contract_global,0.0510608005524,0.983678821125947,0.998750748491389,improved,within_noise,1.0008238559659424,1,1
balanced_racing_net_log21,Ascend910B3,20,external_v4_fp32_tn,768,1152,1536,fp32,1,0,8:384:1152:192:128:128:64:9:6:3:1:1:3:3:2:2:2:1:1:2:1:0:3,contract_global,0.0520024013519,1.00181862219773,1.01716848759831,within_noise,regressed,1.0003003204274346,1,1
balanced_racing_net_log21,Ascend910B3,20,external_v4_fp32_tn,768,1152,1536,fp32,1,0,8:768:384:192:128:128:64:6:9:1:3:0:3:3:2:2:2:1:1:1:3:1:3,contract_global,0.0510763978958,0.983979301660522,0.996846042083643,improved,within_noise,1.0005014542118706,1,1
balanced_racing_net_log21,Ascend910B3,20,external_v4_fp32_tn,768,1152,1536,fp32,1,0,4:192:1152:256:48:16:16:64:128:4:4:1:16:16:1:2:1:2:1:3:1:0:2,contract_global,0.0519644021988,1.0010865740958,1.01417701316124,within_noise,regressed,1.002427302840954,1,1
balanced_racing_net_log21,Ascend910B3,20,external_v4_fp32_tn,768,1152,1536,fp32,1,0,20:768:16:1536:112:16:16:64:16:4:1:1:8:8:1:1:1:1:72:1:1:1:0,contract_global,0.0520196008682,1.01635189207928,1.00146827164694,regressed,within_noise,1.0013826225683324,1,1
balanced_racing_net_log21,Ascend910B3,20,external_v4_fp32_tn,768,1152,1536,fp32,1,0,4:384:1152:192:128:128:64:9:6:3:1:1:3:3:2:2:2:1:1:2:1:0:3,contract_global,0.0510727977753,0.997853381922002,0.983240656645903,within_noise,improved,1.0003025721449759,1,1
balanced_racing_net_log21,Ascend910B3,20,external_v4_fp32_tn,768,1152,1536,fp32,1,0,20:256:80:80:16:16:80:2:2:1:1:1:1:1:2:2:1:3:1:1:15:2:2,contract_global,0.0517643976212,1.01136576572278,1.00774297208637,regressed,within_noise,1.0019666998855583,1,1
balanced_racing_net_log21,Ascend910B3,20,external_v4_fp32_tn,768,1152,1536,fp32,1,0,20:384:48:80:16:16:80:4:6:2:3:0:1:1:2:2:2:2:3:1:11:0:2,contract_global,0.0519579982758,1.01514830900126,1.01151196599061,regressed,regressed,1.002627016094573,1,1
balanced_racing_net_log21,Ascend910B3,20,external_v4_fp32_tt,512,768,1024,fp32,1,1,20:160:160:1024:160:160:96:1:1:1:1:1:1:1:1:1:1:2:1:3:5:0:0,contract_global,0.0237664008141,1.02562217781803,1.03689834626477,regressed,regressed,1.0013078265412534,1,1
balanced_racing_net_log21,Ascend910B3,20,external_v4_fp32_tt,512,768,1024,fp32,1,1,20:128:160:512:32:32:64:32:32:4:4:1:8:8:2:2:2:4:1:1:5:0:2,contract_global,0.023736000061,1.02431025487117,1.03557199942502,regressed,regressed,1.0055041995515617,1,1
balanced_racing_net_log21,Ascend910B3,20,external_v4_fp32_tt,512,768,1024,fp32,1,1,18:96:256:1024:32:32:16:24:32:3:2:0:8:8:2:2:2:2:1:4:3:0:0,contract_global,0.0227835988998,0.970175409501101,0.994019927795076,improved,within_noise,0.9981422539918461,1,1
balanced_racing_net_log21,Ascend910B3,20,external_v4_fp32_tt,512,768,1024,fp32,1,1,20:176:64:512:48:16:32:16:16:1:1:0:16:16:1:2:1:3:1:1:12:1:2,contract_global,0.0230408000946,0.981127598202162,1.00524129427899,improved,within_noise,0.9998942921333676,1,1
balanced_racing_net_log21,Ascend910B3,20,external_v4_fp32_tt,512,768,1024,fp32,1,1,6:512:384:192:128:128:64:6:9:1:3:0:3:3:2:2:2:1:1:1:2:1:3,contract_global,0.0227780008316,0.98141555466151,0.997751440772976,improved,within_noise,1.0021948124951563,1,1
balanced_racing_net_log21,Ascend910B3,20,external_v4_fp32_tt,512,768,1024,fp32,1,1,6:384:768:192:128:128:64:9:6:3:1:1:3:3:2:2:2:1:1:2:1:0:3,contract_global,0.0237520003319,1.02338140877541,1.04041582611114,regressed,regressed,1.0011827520478185,1,1
balanced_racing_net_log21,Ascend910B3,20,external_v4_fp32_tt,512,768,1024,fp32,1,1,11:48:768:48:16:16:48:2:2:1:1:1:1:1:2:2:1:6:1:2:1:0:2,contract_global,0.0232839989662,0.981370588592791,0.981867208374855,improved,improved,1.0045708487117406,1,1
balanced_racing_net_log21,Ascend910B3,20,external_v4_fp32_tt,512,768,1024,fp32,1,1,16:128:192:32:48:48:16:4:4:1:1:0:2:2:1:1:1:4:1:1:4:1:2,contract_global,0.0238680005074,1.00598500027669,1.00649407611079,within_noise,within_noise,1.0037807569414179,1,1
balanced_racing_net_log21,Ascend910B3,20,external_v4_template_al1,32,384,4096,fp32,0,1,16:16:48:4096:16:16:320:2:2:1:2:0:1:1:2:2:2:1:1:2:8:0:0,contract_global,0.0346747994423,1.02098816436414,0.999773148553256,regressed,within_noise,1.0020515044604226,1,1
balanced_racing_net_log21,Ascend910B3,20,external_v4_template_al1,32,384,4096,fp32,0,1,16:16:48:4096:16:16:256:1:1:1:1:0:1:1:1:2:1:1:4:2:2:0:0,contract_global,0.0340359997749,1.00217891642951,0.981354736195053,within_noise,improved,1.0008665264129486,1,1
balanced_racing_net_log21,Ascend910B3,20,external_v4_template_al1,32,384,4096,fp32,0,1,16:16:48:4096:16:48:192:4:2:1:1:0:2:2:2:1:1:2:2:1:7:0:0,contract_global,0.0346627998352,1.01985409242684,0.99942716573717,regressed,within_noise,1.000043257703911,1,1
balanced_racing_net_log21,Ascend910B3,20,external_v4_template_al1,32,384,4096,fp32,0,1,16:16:48:4096:16:16:384:2:4:1:2:1:2:2:1:1:1:2:2:1:6:0:0,contract_global,0.0337919998169,0.994233283760736,0.974319523003297,within_noise,improved,1.000494301498289,1,1
balanced_racing_net_log21,Ascend910B3,20,external_v4_template_al1,32,384,4096,fp32,0,1,16:16:48:4096:16:32:192:4:8:1:1:0:4:4:1:1:1:1:4:2:2:0:0,contract_global,0.0338420009613,0.995704424928937,0.975648746134014,within_noise,improved,1.0015640522275746,1,1
balanced_racing_net_log21,Ascend910B3,20,external_v4_template_al1,32,384,4096,fp32,0,1,16:16:48:4096:16:16:448:1:1:1:1:1:1:1:2:2:2:1:3:2:3:0:0,contract_global,0.033839199543,0.995622001175245,0.975567982581114,within_noise,improved,1.0006155540466126,1,1
balanced_racing_net_log21,Ascend910B3,20,external_v4_template_al1,32,384,4096,fp32,0,1,10:16:80:1280:16:16:80:32:32:1:1:0:16:16:1:2:1:1:1:2:5:0:2,contract_global,0.0339264011383,0.992929060221163,0.975307607389829,within_noise,improved,1.0009316335420575,1,1
balanced_racing_net_log21,Ascend910B3,20,external_v4_template_al1,32,384,4096,fp32,0,1,10:16:80:1280:16:16:80:16:32:1:1:0:16:16:1:2:1:2:1:1:5:2:2,contract_global,0.0341775989532,1.00028090426505,0.98252897869636,within_noise,improved,1.0006901607914953,1,1
balanced_racing_net_log21,Ascend910B3,20,external_v4_template_al1,32,384,4096,fp32,0,1,10:16:80:1280:16:16:80:32:16:1:1:0:16:16:1:2:1:2:1:1:5:2:2,contract_global,0.0341003990173,0.997029399171362,1.00731789912601,within_noise,within_noise,1.0006901607914953,1,1
balanced_racing_net_log21,Ascend910B3,20,external_v4_template_al1,32,384,4096,fp32,0,1,20:128:384:192:128:128:64:6:9:1:3:0:3:3:2:2:2:1:1:1:1:1:3,contract_global,0.0346916007996,1.01431499038919,1.02478186302326,regressed,regressed,1.0022293969605158,1,1
balanced_racing_net_log21,Ascend910B3,20,external_v4_template_al1,32,384,4096,fp32,0,1,16:128:384:192:128:128:64:6:9:1:3:0:3:3:2:2:2:1:1:1:1:1:3,contract_global,0.0341267991066,1.00720526168299,1.00809775165768,within_noise,within_noise,1.0022230166088948,1,1
balanced_racing_net_log21,Ascend910B3,20,external_v4_template_al1,32,384,4096,fp32,0,1,8:64:48:512:32:16:32:64:96:2:3:1:16:16:2:2:2:1:1:1:8:0:2,contract_global,0.0344628000259,1.01712186396335,1.01802314109257,regressed,regressed,1.000867600436052,1,1
balanced_racing_net_log21,Ascend910B3,20,external_v4_template_al1,32,384,4096,fp32,0,1,12:32:32:96:32:16:32:6:3:1:1:1:3:3:2:2:1:1:1:1:12:1:2,contract_global,0.034692800045,1.02397040046111,1.02097704607146,regressed,regressed,1.00148370455022,1,1
balanced_racing_net_log21,Ascend910B3,20,external_v4_template_al1,32,384,4096,fp32,0,1,20:384:384:192:128:128:64:9:6:3:1:1:3:3:2:2:2:1:1:1:1:0:3,contract_global,0.0338443994522,0.998929553553486,0.996009400627797,within_noise,within_noise,1.0017841135435825,1,1
balanced_racing_net_log21,Ascend910B3,20,external_v4_template_al1,32,384,4096,fp32,0,1,20:48:16:24:48:16:8:6:6:1:1:1:3:3:2:2:2:1:1:1:24:0:2,contract_global,0.0346555995941,1.02287241584913,1.01940221432669,regressed,regressed,1.0019973459984288,1,1
balanced_racing_net_log21,Ascend910B3,20,external_v4_template_al1,32,384,4096,fp32,0,1,20:512:16:4096:512:16:8:1:2:1:1:0:1:1:2:2:2:1:2:1:22:1:0,contract_global,0.0338919997215,1.00033449252484,0.996940753259938,within_noise,within_noise,0.9999737101869793,1,1
balanced_racing_net_log21,Ascend910B3,20,external_v4_template_bl1,45056,224,192,fp16,0,0,19:2384:224:192:128:112:32:6:24:1:2:0:6:6:2:1:1:4:1:5:1:2:20,contract_global,0.0586952018738,1.00165876092731,1.005789636244,within_noise,within_noise,0.999790245963034,1,1
balanced_racing_net_log21,Ascend910B3,20,external_v4_template_bl1,45056,224,192,fp16,0,0,19:2384:224:192:80:192:32:6:24:1:2:0:6:6:1:2:1:19:1:1:1:0:20,contract_global,0.0584395980835,0.997296772764693,1.0014096590895,within_noise,within_noise,1.0853553958678073,1,1
balanced_racing_net_log21,Ascend910B3,20,external_v4_template_bl1,45056,224,192,fp16,0,0,17:2656:224:192:192:16:80:6:84:1:14:0:3:3:1:1:1:2:1:9:1:1:20,contract_global,0.0584976005554,0.998741122689631,0.99895717996884,within_noise,within_noise,0.9998521136593622,1,1
balanced_racing_net_log21,Ascend910B3,20,external_v4_template_bl1,45056,224,192,fp16,0,0,16:2816:224:192:208:16:32:6:168:1:14:1:6:6:2:2:2:1:1:16:1:2:20,contract_global,0.0583824014664,0.99677430581527,0.996989937620465,within_noise,within_noise,1.0808976441058449,1,1
balanced_racing_net_log21,Ascend910B3,20,external_v4_template_bl1,45056,224,192,fp16,0,0,17:2656:224:192:96:80:16:24:72:1:3:0:12:12:2:2:2:4:1:5:1:1:20,contract_global,0.0586863994598,1.00196452378176,1.00220412874602,within_noise,within_noise,1.0960364429952458,1,1
balanced_racing_net_log21,Ascend910B3,20,external_v4_template_bl1,45056,224,192,fp16,0,0,20:1968:224:192:128:128:16:16:2:4:1:1:2:2:2:2:2:3:1:8:1:0:0,contract_global,0.0589620018005,1.00666993714096,1.00691066733617,within_noise,within_noise,1.0006987623150676,1,1
balanced_racing_net_log21,Ascend910B3,20,external_v4_template_bl1,45056,224,192,fp16,0,0,20:2256:224:176:48:32:16:22:22:1:1:1:11:11:2:2:2:3:1:9:1:0:2,contract_global,0.0583915996552,0.995526328523709,0.997169749672466,within_noise,within_noise,1.1705995192596732,1,1
balanced_racing_net_log21,Ascend910B3,20,external_v4_template_bl1,45056,224,192,fp16,0,0,15:3008:224:160:16:16:160:8:8:4:4:0:1:1:1:1:1:1:1:15:1:1:2,contract_global,0.0584991979599,0.997360786659006,0.999007236149484,within_noise,within_noise,1.0004757528820785,1,1
balanced_racing_net_log21,Ascend910B3,20,external_v4_template_bl1,45056,224,192,fp16,0,0,16:2816:224:64:48:96:64:2:2:1:1:1:1:1:1:1:1:16:1:1:1:1:2,contract_global,0.0584384012222,0.997537389581321,0.99150087890651,within_noise,within_noise,1.1098177021452245,1,1
balanced_racing_net_log21,Ascend910B3,20,external_v4_template_bl1,45056,224,192,fp16,0,0,4:22528:128:192:256:128:16:16:4:4:1:1:4:4:1:2:1:2:2:1:1:0:0,contract_global,0.0582151985168,0.993727342772004,0.987713888270953,within_noise,improved,0.9995751247534905,1,1
balanced_racing_net_log21,Ascend910B3,20,external_v4_template_bl1,45056,224,192,fp16,0,0,6:15024:144:128:48:48:16:16:48:2:3:1:8:8:2:1:1:1:2:3:1:1:2,contract_global,0.0588575983047,1.00962198680203,1.00889516984923,within_noise,within_noise,1.0009486194443755,1,1
balanced_racing_net_log21,Ascend910B3,20,external_v4_template_bl1,45056,224,192,fp16,0,0,13:3472:912:192:32:912:32:16:8:2:1:0:4:4:2:1:1:1:1:13:1:0:0,contract_global,0.0585495996475,1.00433868906013,1.0036156755015,within_noise,within_noise,1.0001421256048462,1,1
balanced_racing_net_log21,Ascend910B3,20,external_v4_template_bl1,45056,224,192,fp16,0,0,13:3472:224:192:16:16:80:24:6:4:1:1:3:3:2:2:1:13:1:1:1:0:0,contract_global,0.0589272022247,1.01081594731069,1.01008827083713,regressed,within_noise,0.999744512698552,1,1
balanced_racing_net_log21,Ascend910B3,20,external_v4_template_bl1,45056,224,192,fp16,0,0,20:1456:64:192:128:16:128:4:16:1:4:1:2:2:2:2:2:1:4:31:1:0:0,contract_global,0.0589132022858,1.01057579741449,1.00984829382222,regressed,within_noise,1.0003167480180553,1,1
balanced_racing_net_log21,Ascend910B3,20,external_v4_template_bl1,45056,224,192,fp16,0,0,20:256:224:192:256:128:64:3:6:1:2:0:3:3:2:2:1:1:1:0:0:0:1020,contract_global,0.0584700012207,0.994929264107585,0.99990884626976,within_noise,within_noise,1.0012214898456728,1,1
balanced_racing_net_log21,Ascend910B3,20,external_v4_template_bl1,45056,224,192,fp16,0,0,20:3232:16:192:48:16:192:2:1:1:1:0:1:1:2:2:2:14:2:1:8:2:0,contract_global,0.0589455986023,1.00302205944042,1.00804214572379,within_noise,within_noise,1.0011521958356437,1,1
balanced_racing_net_log21,Ascend910B3,20,external_v4_dense_balanced_aligned,2560,3072,5120,fp16,0,0,20:256:1536:2048:32:32:32:128:128:1:1:0:64:64:2:2:1:10:1:1:2:1:2,contract_global,8.27264709473,27.7567720034662,27.8334750845264,regressed,regressed,1.4125375446227544,1,1
balanced_racing_net_log21,Ascend910B3,20,external_v4_dense_balanced_aligned,2560,3072,5120,fp16,0,0,13:208:3072:640:16:16:80:8:8:1:1:0:8:8:1:2:1:7:1:2:1:2:2,contract_global,42.5905078125,142.90166150272,143.296556043457,regressed,regressed,1.4125375446227542,1,1
balanced_racing_net_log21,Ascend910B3,20,external_v4_dense_balanced_aligned,2560,3072,5120,fp16,0,0,13:208:3072:480:16:16:80:6:6:1:1:0:6:6:1:2:1:7:1:2:1:2:2,contract_global,44.4811767578,149.70140981292,149.665478511591,regressed,regressed,1.4125375446227544,1,1
balanced_racing_net_log21,Ascend910B3,20,external_v4_dense_balanced_aligned,2560,3072,5120,fp16,0,0,20:288:624:1024:64:16:32:96:64:3:2:0:32:32:1:1:1:1:5:9:1:0:2,contract_global,12.0366650391,40.5093987421447,40.4996756846437,regressed,regressed,1.3246074112372332,1,1
balanced_racing_net_log21,Ascend910B3,20,external_v4_dense_balanced_aligned,2560,3072,5120,fp16,0,0,20:288:624:1024:64:16:32:96:128:3:2:0:32:32:1:1:1:1:5:9:1:1:2,contract_global,12.0437841797,40.5333582113726,40.5236294030244,regressed,regressed,1.4125054088961575,1,1
balanced_racing_net_log21,Ascend910B3,20,external_v4_dense_balanced_aligned,2560,3072,5120,fp16,0,0,14:192:3072:320:16:16:80:16:24:2:3:1:4:4:2:2:1:14:1:1:1:2:2,contract_global,25.4069213867,85.5069993159982,85.4864759433634,regressed,regressed,1.4125375446227544,1,1
balanced_racing_net_log21,Ascend910B3,20,external_v4_dense_balanced_aligned,2560,3072,5120,fp16,0,0,20:432:448:1024:96:16:16:128:64:1:1:0:64:64:2:2:1:1:4:6:2:1:2,contract_global,14.2138537598,47.7774442564349,47.8003673901305,regressed,regressed,1.4125375446227544,1,1
balanced_racing_net_log21,Ascend910B3,20,external_v4_dense_balanced_aligned,2560,3072,5120,fp16,0,0,20:288:624:512:64:16:32:96:32:3:2:0:16:16:1:1:1:1:5:9:1:1:2,contract_global,12.8004821777,43.0266368315061,43.0472805758598,regressed,regressed,1.4125375446227544,1,1
balanced_racing_net_log21,Ascend910B3,20,external_v4_dense_balanced_aligned,2560,3072,5120,fp16,0,0,4:2560:384:384:128:128:128:6:9:1:3:0:3:3:2:2:2:1:1:1:8:1:3,contract_global,1.79933563232,6.04874271734626,6.05106157247837,regressed,regressed,1.2819679106770514,1,1
balanced_racing_net_log21,Ascend910B3,20,external_v4_dense_balanced_aligned,2560,3072,5120,fp16,0,0,14:2560:384:384:128:128:128:6:9:1:3:0:3:3:2:2:2:1:1:1:8:2:3,feedback_regression_counterfactual,0.523765983582,1.76071969112954,1.76139468329429,regressed,regressed,1.8319475733642452,1,1
balanced_racing_net_log21,Ascend910B3,20,external_v4_dense_balanced_aligned,2560,3072,5120,fp16,0,0,2:2560:384:384:128:128:128:6:9:1:3:0:3:3:2:2:2:1:1:1:8:1:3,contract_global,3.10791595459,10.4716265874176,10.4613348196743,regressed,regressed,1.325895135069714,1,1
balanced_racing_net_log21,Ascend910B3,20,external_v4_dense_balanced_aligned,2560,3072,5120,fp16,0,0,8:2560:384:5120:48:384:64:1:1:1:1:0:1:1:2:1:1:1:8:1:1:1:0,runtime_rejected,,1,1,runtime_rejected,runtime_rejected,,0,0
balanced_racing_net_log21,Ascend910B3,20,external_v4_dense_balanced_aligned,2560,3072,5120,fp16,0,0,1:2560:384:384:128:128:128:6:9:1:3:0:3:3:2:2:2:1:1:1:8:1:3,runtime_rejected,,1,1,runtime_rejected,runtime_rejected,,0,0
balanced_racing_net_log21,Ascend910B3,20,external_v4_dense_balanced_aligned,2560,3072,5120,fp16,0,0,14:384:3072:384:128:128:128:9:6:3:1:1:3:3:2:2:2:1:1:7:1:1:3,feedback_regression_counterfactual,0.549064407349,1.84998485486857,1.84816664503494,regressed,regressed,1.9615367157807395,1,1
balanced_racing_net_log21,Ascend910B3,20,external_v4_dense_balanced_aligned,2560,3072,5120,fp16,0,0,13:2560:384:384:128:128:128:6:9:1:3:0:3:3:2:2:2:1:1:1:8:1:3,feedback_regression_counterfactual,0.938136367798,3.15650488045548,3.15597389643732,regressed,regressed,1.893496212515452,1,1
balanced_racing_net_log21,Ascend910B3,20,external_v4_dense_balanced_aligned,2560,3072,5120,fp16,0,0,14:384:3072:384:128:128:128:9:6:3:1:1:3:3:2:2:1:1:1:7:1:0:3,feedback_regression_counterfactual,0.784704818726,2.64026070734223,2.63981656539521,regressed,regressed,2.020538851805986,1,1
balanced_racing_net_log21,Ascend910B3,20,external_v4_dense_balanced_aligned,2560,3072,5120,fp16,0,0,14:2560:384:384:128:128:128:6:9:1:3:0:3:3:2:2:1:1:1:1:8:1:3,feedback_regression_counterfactual,0.74353843689,2.50175004979399,2.50132920796072,regressed,regressed,2.0543014544462386,1,1
balanced_racing_net_log21,Ascend910B3,20,external_v4_dense_balanced_aligned,2560,3072,5120,fp16,0,0,13:384:3072:384:128:128:128:9:6:3:1:1:3:3:2:2:2:1:1:7:1:0:3,feedback_regression_counterfactual,0.942468032837,3.17107943731765,3.17054600158706,regressed,regressed,2.163494880183063,1,1
balanced_racing_net_log21,Ascend910B3,20,external_v4_dense_balanced_aligned,2560,3072,5120,fp16,0,0,9:384:3072:384:128:128:128:9:6:3:1:1:3:3:2:2:2:1:1:7:1:0:3,feedback_regression_counterfactual,0.920494003296,3.09257270652615,3.09307152750149,regressed,regressed,2.3894932884545574,1,1
balanced_racing_net_log21,Ascend910B3,20,external_v4_dense_balanced_aligned,2560,3072,5120,fp16,0,0,8:384:3072:384:128:128:128:9:6:3:1:1:3:3:2:2:1:1:1:7:1:0:3,feedback_regression_counterfactual,1.50744354248,5.06454006153821,5.06535695382076,regressed,regressed,2.949698310696129,1,1
balanced_racing_net_log21,Ascend910B3,20,external_v4_dense_balanced_aligned,2560,3072,5120,fp16,0,0,9:2560:384:384:128:128:128:6:9:1:3:0:3:3:2:2:2:1:1:1:8:1:3,feedback_regression_counterfactual,0.935176010132,3.14495690798969,3.15285247680791,regressed,regressed,2.5954054484177225,1,1
balanced_racing_net_log21,Ascend910B3,20,external_v4_dense_balanced_aligned,2560,3072,5120,fp16,0,0,8:2560:384:384:128:128:128:6:9:1:3:0:3:3:2:2:2:1:1:1:8:2:3,feedback_regression_counterfactual,0.93330039978,3.13864931062053,3.14652904391427,regressed,regressed,2.9889938133073506,1,1
balanced_racing_net_log21,Ascend910B3,20,external_v4_dense_balanced_aligned,2560,3072,5120,fp16,0,0,8:2560:384:384:128:128:128:6:9:1:3:0:3:3:2:2:1:1:1:1:8:1:3,feedback_regression_counterfactual,1.50022277832,5.04518501232382,5.05785119714351,regressed,regressed,3.424330841574407,1,1
balanced_racing_net_log21,Ascend910B3,20,external_v4_dense_balanced_aligned,2560,3072,5120,fp16,0,0,5:384:3072:384:128:128:128:9:6:3:1:1:3:3:2:2:2:1:1:7:1:0:3,feedback_regression_counterfactual,1.36039352417,4.57494521358722,4.58643083829931,regressed,regressed,4.782167519640694,1,1
balanced_racing_net_log21,Ascend910B3,20,external_v4_dense_balanced_odd,2113,2801,4867,fp16,0,0,16:544:704:1232:48:48:16:77:77:1:1:1:77:77:1:1:1:1:1:4:4:2:2,contract_global,5.93104431152,18.340978574664,18.3735912001001,regressed,regressed,1.4125375446227544,1,1
balanced_racing_net_log21,Ascend910B3,20,external_v4_dense_balanced_odd,2113,2801,4867,fp16,0,0,14:304:1408:384:48:48:48:16:24:2:3:1:8:8:1:1:1:3:1:3:2:1:2,contract_global,4.19691680908,12.9784161493174,13.0014934471282,regressed,regressed,1.3120101408897578,1,1
balanced_racing_net_log21,Ascend910B3,20,external_v4_dense_balanced_odd,2113,2801,4867,fp16,0,0,11:208:2816:512:32:32:64:24:16:3:2:0:8:8:1:1:1:6:1:2:1:0:2,contract_global,6.34937561035,19.7757970108229,19.6110821309583,regressed,regressed,1.4125375446227542,1,1
balanced_racing_net_log21,Ascend910B3,20,external_v4_dense_balanced_odd,2113,2801,4867,fp16,0,0,13:176:2816:480:16:16:80:6:6:1:1:0:6:6:1:2:1:7:1:2:1:2:2,contract_global,26.6826464844,83.1059041025267,82.4137055025389,regressed,regressed,1.4125375446227544,1,1
balanced_racing_net_log21,Ascend910B3,20,external_v4_dense_balanced_odd,2113,2801,4867,fp16,0,0,20:192:944:976:48:16:16:61:61:1:1:1:61:61:1:1:1:12:1:1:3:2:2,contract_global,14.940880127,46.5349399195317,46.4095688350453,regressed,regressed,1.4125375446227544,1,1
balanced_racing_net_log21,Ascend910B3,20,external_v4_dense_balanced_odd,2113,2801,4867,fp16,0,0,20:304:480:976:64:16:16:122:366:2:3:0:61:61:2:2:2:4:3:2:2:2:2,contract_global,9.69267333984,30.1888488292389,30.1075162062945,regressed,regressed,1.3031005519969663,1,1
balanced_racing_net_log21,Ascend910B3,20,external_v4_dense_balanced_odd,2113,2801,4867,fp16,0,0,11:208:2816:384:32:32:64:18:12:3:2:0:6:6:1:1:1:6:1:2:1:0:2,contract_global,6.8156262207,21.1967778288987,21.1707925875015,regressed,regressed,1.4125375446227544,1,1
balanced_racing_net_log21,Ascend910B3,20,external_v4_dense_balanced_odd,2113,2801,4867,fp16,0,0,14:304:1408:288:48:48:48:24:18:2:3:1:6:6:1:1:1:3:1:3:2:2:2,contract_global,4.47691589355,13.9233268494051,13.9062581698028,regressed,regressed,1.3878106544893716,1,1
balanced_racing_net_log21,Ascend910B3,20,external_v4_dense_balanced_odd,2113,2801,4867,fp16,0,0,13:176:2816:240:16:16:80:6:6:1:1:1:3:3:1:2:1:13:1:1:1:1:2,contract_global,45.4325585938,140.414060537928,140.49511361378,regressed,regressed,1.4125375446227544,1,1
balanced_racing_net_log21,Ascend910B3,20,external_v4_dense_balanced_odd,2113,2801,4867,fp16,0,0,13:176:2816:240:16:16:80:3:3:1:1:1:3:3:1:2:1:7:1:2:1:2:2,contract_global,44.3507519531,137.070624292315,137.149747391806,regressed,regressed,1.4125375446227544,1,1
balanced_racing_net_log21,Ascend910B3,20,external_v4_dense_balanced_odd,2113,2801,4867,fp16,0,0,8:2128:384:384:128:128:128:6:9:1:3:0:3:3:2:2:2:1:1:1:8:1:3,contract_global,0.865352783203,2.68921832841691,2.6772209018294,regressed,regressed,1.153436940240236,1,1
balanced_racing_net_log21,Ascend910B3,20,external_v4_dense_balanced_odd,2113,2801,4867,fp16,0,0,13:2128:384:384:128:128:128:6:9:1:3:0:3:3:2:2:2:1:2:1:4:1:3,feedback_regression_counterfactual,0.47784198761,1.48496827664974,1.47834337836938,regressed,regressed,1.6510812675456967,1,1
balanced_racing_net_log21,Ascend910B3,20,external_v4_dense_balanced_odd,2113,2801,4867,fp16,0,0,12:2128:384:384:128:128:128:6:9:1:3:0:3:3:2:2:2:1:1:1:8:1:3,feedback_regression_counterfactual,0.824952392578,2.5636678326475,2.56923015540378,regressed,regressed,1.7406927661562368,1,1
balanced_racing_net_log21,Ascend910B3,20,external_v4_dense_balanced_odd,2113,2801,4867,fp16,0,0,13:384:2816:384:128:128:128:9:6:3:1:1:3:3:2:2:2:2:1:3:1:0:3,feedback_regression_counterfactual,0.511454811096,1.58942535212721,1.59287388656153,regressed,regressed,1.8100537676624293,1,1
balanced_racing_net_log21,Ascend910B3,20,external_v4_dense_balanced_odd,2113,2801,4867,fp16,0,0,10:224:2816:4867:32:16:128:32:32:2:2:1:8:8:2:2:1:1:1:10:1:0:0,runtime_rejected,,1,1,runtime_rejected,runtime_rejected,,0,0
balanced_racing_net_log21,Ascend910B3,20,external_v4_dense_balanced_odd,2113,2801,4867,fp16,0,0,13:384:2816:384:128:128:128:9:6:3:1:1:3:3:2:2:1:1:1:6:1:0:3,feedback_regression_counterfactual,0.686756820679,2.13658492587187,2.13883413030058,regressed,regressed,1.9243901706810045,1,1
balanced_racing_net_log21,Ascend910B3,20,external_v4_dense_balanced_odd,2113,2801,4867,fp16,0,0,13:2128:384:384:128:128:128:6:9:1:3:0:3:3:2:2:2:1:1:1:8:2:3,feedback_regression_counterfactual,0.492213592529,1.53133701834264,1.53126402334196,regressed,regressed,1.955987492045671,1,1
balanced_racing_net_log21,Ascend910B3,20,external_v4_dense_balanced_odd,2113,2801,4867,fp16,0,0,13:2128:384:384:128:128:128:6:9:1:3:0:3:3:2:2:1:1:1:1:8:1:3,feedback_regression_counterfactual,0.67005241394,2.08461546221067,2.0845160938144,regressed,regressed,1.951086415805145,1,1
balanced_racing_net_log21,Ascend910B3,20,external_v4_dense_balanced_odd,2113,2801,4867,fp16,0,0,12:384:2816:384:128:128:128:9:6:3:1:1:3:3:2:2:2:1:1:6:1:0:3,feedback_regression_counterfactual,0.867973175049,2.67827384823286,2.68440329017262,regressed,regressed,2.172272314130668,1,1
balanced_racing_net_log21,Ascend910B3,20,external_v4_dense_balanced_odd,2113,2801,4867,fp16,0,0,9:384:2816:384:128:128:128:9:6:3:1:1:3:3:2:2:2:1:1:6:1:0:3,feedback_regression_counterfactual,0.852822799683,2.63152487568861,2.63754732889332,regressed,regressed,2.3985174900538806,1,1
balanced_racing_net_log21,Ascend910B3,20,external_v4_dense_balanced_odd,2113,2801,4867,fp16,0,0,8:384:2816:384:128:128:128:9:6:3:1:1:3:3:2:2:1:1:1:6:1:0:3,feedback_regression_counterfactual,1.27698402405,3.94455530712506,3.96120448869938,regressed,regressed,2.527828013172162,1,1
balanced_racing_net_log21,Ascend910B3,20,external_v4_dense_balanced_odd,2113,2801,4867,fp16,0,0,4:2128:384:384:128:128:128:6:9:1:3:0:3:3:2:2:2:1:1:1:8:2:3,feedback_regression_counterfactual,1.66216964722,5.13437911500785,5.15605030566975,regressed,regressed,5.22872402705422,1,1
balanced_racing_net_log21,Ascend910B3,20,external_v4_dense_balanced_odd,2113,2801,4867,fp16,0,0,5:2128:384:384:128:128:128:6:9:1:3:0:3:3:2:2:2:1:1:1:8:1:3,feedback_regression_counterfactual,1.28339401245,3.9643555186356,3.98108827295141,regressed,regressed,5.089096044013112,1,1
balanced_racing_net_log21,Ascend910B3,20,external_v4_dense_balanced_odd,2113,2801,4867,fp16,0,0,5:384:2816:384:128:128:128:9:6:3:1:1:3:3:2:2:2:1:1:6:1:0:3,feedback_regression_counterfactual,1.25564483643,3.87863936441724,3.89501032793565,regressed,regressed,4.635173872863492,1,1
balanced_racing_net_log21,Ascend910B3,20,external_v4_dense_tall,4864,1280,5632,fp16,0,0,4:384:1280:384:128:128:128:9:6:3:1:1:3:3:2:2:2:1:1:13:1:0:3,contract_global,1.49201080322,5.48280731929981,5.47683676878508,regressed,regressed,1.3237283743649597,1,1
balanced_racing_net_log21,Ascend910B3,20,external_v4_dense_tall,4864,1280,5632,fp16,0,0,8:2432:336:5632:80:336:64:16:4:4:1:0:4:4:2:1:1:1:2:2:2:0:0,runtime_rejected,,1,1,runtime_rejected,runtime_rejected,,0,0
balanced_racing_net_log21,Ascend910B3,20,external_v4_dense_tall,4864,1280,5632,fp16,0,0,15:384:1280:384:128:128:128:9:6:3:1:1:3:3:2:2:1:1:1:13:1:0:3,feedback_regression_counterfactual,0.625652389526,2.30079605935489,2.30066615474355,regressed,regressed,1.9771996761282504,1,1
balanced_racing_net_log21,Ascend910B3,20,external_v4_dense_tall,4864,1280,5632,fp16,0,0,20:496:640:5632:80:48:320:8:1:4:1:0:1:1:1:2:1:10:1:1:2:0:0,runtime_rejected,,1,1,runtime_rejected,runtime_rejected,,0,0
balanced_racing_net_log21,Ascend910B3,20,external_v4_dense_tall,4864,1280,5632,fp16,0,0,12:416:1280:5632:48:32:192:8:16:2:4:1:2:2:1:1:1:12:1:1:1:0:0,runtime_rejected,,1,1,runtime_rejected,runtime_rejected,,0,0
balanced_racing_net_log21,Ascend910B3,20,external_v4_dense_tall,4864,1280,5632,fp16,0,0,3:4864:448:5632:64:448:16:2:2:1:1:1:2:2:1:1:1:1:3:1:1:2:0,runtime_rejected,,1,1,runtime_rejected,runtime_rejected,,0,0
balanced_racing_net_log21,Ascend910B3,20,external_v4_dense_tall,4864,1280,5632,fp16,0,0,2:384:1280:384:128:128:128:9:6:3:1:1:3:3:2:2:2:1:1:13:1:0:3,contract_global,2.89950317383,10.6756903960962,10.6729658635512,regressed,regressed,1.3540412242832924,1,1
balanced_racing_net_log21,Ascend910B3,20,external_v4_dense_tall,4864,1280,5632,fp16,0,0,1:4864:384:384:128:128:128:6:9:1:3:0:3:3:2:2:2:1:1:1:4:1:3,runtime_rejected,,1,1,runtime_rejected,runtime_rejected,,0,0
balanced_racing_net_log21,Ascend910B3,20,external_v4_dense_tall,4864,1280,5632,fp16,0,0,15:384:1280:384:128:128:128:9:6:3:1:1:3:3:2:2:2:1:1:13:1:1:3,feedback_regression_counterfactual,0.428909988403,1.5792051153153,1.57880208791462,regressed,regressed,1.8905511551485683,1,1
balanced_racing_net_log21,Ascend910B3,20,external_v4_dense_tall,4864,1280,5632,fp16,0,0,20:352:144:5632:32:128:128:16:4:4:1:0:2:2:2:2:2:14:9:1:1:0:0,runtime_rejected,,1,1,runtime_rejected,runtime_rejected,,0,0
balanced_racing_net_log21,Ascend910B3,20,external_v4_dense_tall,4864,1280,5632,fp16,0,0,20:160:416:5632:32:416:32:32:8:2:1:0:8:8:2:2:2:1:1:31:4:0:0,runtime_rejected,,1,1,runtime_rejected,runtime_rejected,,0,0
balanced_racing_net_log21,Ascend910B3,20,external_v4_dense_tall,4864,1280,5632,fp16,0,0,1:384:1280:384:128:128:128:9:6:3:1:1:3:3:2:2:2:1:1:13:1:0:3,runtime_rejected,,1,1,runtime_rejected,runtime_rejected,,0,0
balanced_racing_net_log21,Ascend910B3,20,external_v4_dense_tall,4864,1280,5632,fp16,0,0,15:4864:384:384:128:128:128:6:9:1:3:0:3:3:2:2:2:1:1:1:4:2:3,feedback_regression_counterfactual,0.565942001343,2.07587128779214,2.080577246663,regressed,regressed,2.087708909548858,1,1
balanced_racing_net_log21,Ascend910B3,20,external_v4_dense_tall,4864,1280,5632,fp16,0,0,20:2432:16:5632:304:16:48:16:8:2:1:0:4:4:2:2:2:1:27:2:3:0:0,runtime_rejected,,1,1,runtime_rejected,runtime_rejected,,0,0
balanced_racing_net_log21,Ascend910B3,20,external_v4_dense_tall,4864,1280,5632,fp16,0,0,15:4864:384:384:128:128:128:6:9:1:3:0:3:3:2:2:2:1:2:1:2:1:3,feedback_regression_counterfactual,0.597388000488,2.18631779030561,2.19265184814277,regressed,regressed,1.9591665440545942,1,1
balanced_racing_net_log21,Ascend910B3,20,external_v4_dense_tall,4864,1280,5632,fp16,0,0,6:2432:448:192:32:112:48:32:32:4:4:1:4:4:2:1:1:2:2:1:2:2:2,feedback_regression_counterfactual,12.8448217773,47.0094182375707,47.1456108693607,regressed,regressed,9.320928410140272,1,1
balanced_racing_net_log21,Ascend910B3,20,external_v4_dense_tall,4864,1280,5632,fp16,0,0,20:416:320:576:96:16:16:144:144:4:4:1:36:36:1:2:1:12:2:1:2:1:2,contract_global,11.7646716309,43.1130893349119,43.005715850408,regressed,regressed,2.425343045569985,1,1
balanced_racing_net_log21,Ascend910B3,20,external_v4_dense_tall,4864,1280,5632,fp16,0,0,20:448:320:768:16:64:48:64:64:4:4:1:16:16:2:1:1:11:1:1:4:0:2,contract_global,5.9473248291,21.794704918684,21.7404250364484,regressed,regressed,2.5403509932432633,1,1
balanced_racing_net_log21,Ascend910B3,20,external_v4_dense_tall,4864,1280,5632,fp16,0,0,20:496:640:2816:32:32:32:88:88:1:1:0:88:88:2:2:1:5:1:2:2:1:2,contract_global,7.29289978027,26.871339955925,26.8906948956352,regressed,regressed,7.186992950433172,1,1
balanced_racing_net_log21,Ascend910B3,20,external_v4_dense_tall,4864,1280,5632,fp16,0,0,9:4864:384:384:128:128:128:6:9:1:3:0:3:3:2:2:2:1:1:1:4:1:3,feedback_regression_counterfactual,0.757379226685,2.79063133856248,2.79264137979456,regressed,regressed,2.66387137843281,1,1
balanced_racing_net_log21,Ascend910B3,20,external_v4_dense_tall,4864,1280,5632,fp16,0,0,20:816:160:1136:192:16:16:71:142:1:1:1:71:71:1:1:1:6:2:1:6:2:2,contract_global,8.32789611816,30.6848763113579,30.7069780721997,regressed,regressed,9.364561105058664,1,1
balanced_racing_net_log21,Ascend910B3,20,external_v4_dense_tall,4864,1280,5632,fp16,0,0,20:256:256:384:48:80:64:24:36:2:3:1:6:6:1:1:1:10:2:2:4:1:2,contract_global,3.3126385498,12.205712309891,12.2145038634774,regressed,regressed,6.443344581262794,1,1
balanced_racing_net_log21,Ascend910B3,20,external_v4_dense_tall,4864,1280,5632,fp16,0,0,11:448:1280:384:32:32:64:36:12:3:2:0:6:6:1:1:1:1:1:11:1:1:2,contract_global,7.53103881836,27.6593063095686,27.7481702132383,regressed,regressed,13.07373666374144,1,1
balanced_racing_net_log21,Ascend910B3,20,external_v4_dense_tall,4864,1280,5632,fp16,0,0,11:448:1280:192:32:32:64:18:6:3:2:1:3:3:1:1:1:1:1:11:1:1:2,contract_global,9.25870666504,34.0045257838688,34.113775628096,regressed,regressed,7.4504105754226195,1,1
balanced_racing_net_log21,Ascend910B3,20,external_v4_dense_wide,1280,4864,5632,fp16,0,0,15:1280:384:384:128:128:128:6:9:1:3:0:3:3:2:2:2:1:3:1:6:1:3,feedback_regression_counterfactual,0.427003211975,1.57008406013236,1.56668906067131,regressed,regressed,1.6039515719940847,1,1
balanced_racing_net_log21,Ascend910B3,20,external_v4_dense_wide,1280,4864,5632,fp16,0,0,4:384:4864:384:128:128:128:9:6:3:1:1:3:3:2:2:2:1:1:4:1:0:3,contract_global,1.42831237793,5.25188203410431,5.24052586716764,regressed,regressed,1.2620766489493018,1,1
balanced_racing_net_log21,Ascend910B3,20,external_v4_dense_wide,1280,4864,5632,fp16,0,0,4:1280:384:384:128:128:128:6:9:1:3:0:3:3:2:2:2:1:1:1:13:1:3,contract_global,1.49127197266,5.47326757903999,5.47152672516088,regressed,regressed,1.2816714419500388,1,1
balanced_racing_net_log21,Ascend910B3,20,external_v4_dense_wide,1280,4864,5632,fp16,0,0,2:384:4864:384:128:128:128:9:6:3:1:1:3:3:2:2:2:1:1:4:1:0:3,contract_global,2.74452758789,10.0729673338936,10.0697634773416,regressed,regressed,1.3109726250565334,1,1
balanced_racing_net_log21,Ascend910B3,20,external_v4_dense_wide,1280,4864,5632,fp16,0,0,14:96:4864:5632:32:224:64:2:8:1:4:1:1:1:2:1:1:14:1:1:1:0:0,runtime_rejected,,1,1,runtime_rejected,runtime_rejected,,0,0
balanced_racing_net_log21,Ascend910B3,20,external_v4_dense_wide,1280,4864,5632,fp16,0,0,2:1280:384:384:128:128:128:6:9:1:3:0:3:3:2:2:2:1:1:1:13:1:3,contract_global,2.89782928467,10.6355111099754,10.6664898081079,regressed,regressed,1.2905374107041088,1,1
balanced_racing_net_log21,Ascend910B3,20,external_v4_dense_wide,1280,4864,5632,fp16,0,0,1:384:4864:384:128:128:128:9:6:3:1:1:3:3:2:2:2:1:1:4:1:0:3,runtime_rejected,,1,1,runtime_rejected,runtime_rejected,,0,0
balanced_racing_net_log21,Ascend910B3,20,external_v4_dense_wide,1280,4864,5632,fp16,0,0,20:224:160:5632:48:16:320:4:4:1:2:1:2:2:1:1:1:6:31:1:1:0:0,runtime_rejected,,1,1,runtime_rejected,runtime_rejected,,0,0
balanced_racing_net_log21,Ascend910B3,20,external_v4_dense_wide,1280,4864,5632,fp16,0,0,14:192:2432:640:32:64:80:24:16:3:2:0:8:8:2:1:1:4:2:2:1:1:2,feedback_regression_counterfactual,3.26145843506,11.9846347702208,11.9930376363738,regressed,regressed,9.728093496965986,1,1
balanced_racing_net_log21,Ascend910B3,20,external_v4_dense_wide,1280,4864,5632,fp16,0,0,14:192:2432:640:32:64:80:24:16:3:2:0:8:8:2:1:2:7:2:1:1:1:2,feedback_regression_counterfactual,2.94288238525,10.8139874418811,10.8215695243307,regressed,regressed,9.68308423888216,1,1
balanced_racing_net_log21,Ascend910B3,20,external_v4_dense_wide,1280,4864,5632,fp16,0,0,14:192:2432:640:32:64:80:24:16:3:2:0:8:8:2:1:1:7:2:1:1:2:2,feedback_regression_counterfactual,3.26055267334,11.9456912846711,11.9897069686317,regressed,regressed,10.859247349332993,1,1
balanced_racing_net_log21,Ascend910B3,20,external_v4_dense_wide,1280,4864,5632,fp16,0,0,20:128:304:768:64:48:96:16:24:2:3:1:8:8:1:1:1:5:6:2:3:2:2,contract_global,2.43307281494,8.91405219671526,8.94689735362788,regressed,regressed,7.228385876703888,1,1
balanced_racing_net_log21,Ascend910B3,20,external_v4_dense_wide,1280,4864,5632,fp16,0,0,12:112:4864:128:32:32:64:6:8:3:2:0:2:2:1:1:1:1:1:12:1:1:2,contract_global,14.3235192871,52.4512203918382,52.4691530550716,regressed,regressed,11.873293402127539,1,1
balanced_racing_net_log21,Ascend910B3,20,external_v4_dense_wide,1280,4864,5632,fp16,0,0,16:320:1216:16:48:48:16:1:1:1:1:1:1:1:1:1:1:1:2:4:2:0:2,contract_global,36.2525073242,132.752867036592,132.798254206843,regressed,regressed,11.0095139585428,1,1
balanced_racing_net_log21,Ascend910B3,20,external_v4_dense_wide,1280,4864,5632,fp16,0,0,7:384:4864:384:128:128:128:9:6:3:1:1:3:3:2:2:2:1:1:4:1:0:3,feedback_regression_counterfactual,1.07704483032,3.95307687163863,3.95324153685918,regressed,regressed,2.828571206684756,1,1
balanced_racing_net_log21,Ascend910B3,20,external_v4_dense_wide,1280,4864,5632,fp16,0,0,20:96:496:2816:48:32:64:44:44:1:1:0:44:44:2:2:1:5:3:3:4:2:2,contract_global,5.5140612793,20.2382551759904,20.2390981995427,regressed,regressed,5.4700728752837415,1,1
balanced_racing_net_log21,Ascend910B3,20,external_v4_dense_wide,1280,4864,5632,fp16,0,0,20:96:496:1408:80:48:32:44:44:1:1:0:44:44:1:1:1:3:2:5:6:0:2,contract_global,5.5243560791,20.276040172332,20.2768847698203,regressed,regressed,12.76405232574533,1,1
balanced_racing_net_log21,Ascend910B3,20,external_v4_dense_wide,1280,4864,5632,fp16,0,0,14:96:4864:240:16:16:80:12:24:4:4:0:3:3:2:1:1:1:1:14:1:2:2,contract_global,23.2230029297,85.2353710701526,85.2389215451261,regressed,regressed,15.011343863370968,1,1
balanced_racing_net_log21,Ascend910B3,20,external_v4_dense_wide,1280,4864,5632,fp16,0,0,12:112:4864:512:32:32:64:48:16:3:2:0:8:8:1:1:1:1:1:12:1:1:2,contract_global,8.16286865234,29.8535958715564,29.9611253213693,regressed,regressed,11.848464746459134,1,1
balanced_racing_net_log21,Ascend910B3,20,external_v4_dense_wide,1280,4864,5632,fp16,0,0,20:112:336:816:96:48:16:102:51:1:1:1:51:51:2:1:1:1:8:12:2:1:2,contract_global,6.90367858887,25.2484315743537,25.3393737164111,regressed,regressed,10.477374925496306,1,1
balanced_racing_net_log21,Ascend910B3,20,external_v4_dense_wide,1280,4864,5632,fp16,0,0,20:112:336:704:96:48:16:44:88:1:1:0:44:44:2:1:1:1:8:12:2:1:2,contract_global,6.88016906738,25.1624515367481,25.2522796150565,regressed,regressed,10.428165970653234,1,1
balanced_racing_net_log21,Ascend910B3,20,external_v4_dense_wide,1280,4864,5632,fp16,0,0,20:96:496:1024:48:32:64:32:32:1:1:0:16:16:2:2:1:5:4:3:3:1:2,contract_global,5.7637097168,21.0792881687408,21.1545396578881,regressed,regressed,8.468359603520177,1,1
balanced_racing_net_log21,Ascend910B3,20,external_v4_dense_wide,1280,4864,5632,fp16,0,0,20:640:64:768:80:32:48:32:32:1:1:0:16:16:1:1:1:2:26:1:3:0:2,contract_global,3.16326934814,11.5696913809886,11.61014522968,regressed,regressed,11.680464853718492,1,1
balanced_racing_net_log21,Ascend910B3,20,external_v4_dense_wide,1280,4864,5632,fp16,0,0,20:256:160:576:32:48:96:18:24:3:2:0:6:6:2:1:1:5:7:1:5:0:2,contract_global,3.60011932373,13.1674748262599,13.2135153831479,regressed,regressed,7.3992898841728545,1,1
balanced_racing_net_log21,Ascend910B3,20,external_v4_dense_large,5632,6144,7680,fp16,0,0,20:1408:1232:7680:32:32:384:8:2:4:1:1:1:1:2:2:1:4:5:1:1:2:0,runtime_rejected,,1,1,runtime_rejected,runtime_rejected,,0,0
balanced_racing_net_log21,Ascend910B3,20,external_v4_dense_large,5632,6144,7680,fp16,0,0,8:5632:384:384:128:128:128:6:9:1:3:0:3:3:2:2:2:1:1:1:16:2:3,feedback_regression_counterfactual,5.83890563965,2.98060484588289,2.9679581286717,regressed,regressed,2.86727926649285,1,1
balanced_racing_net_log21,Ascend910B3,20,external_v4_dense_large,5632,6144,7680,fp16,0,0,8:5632:384:384:128:128:128:6:9:1:3:0:3:3:2:2:1:1:1:1:16:1:3,feedback_regression_counterfactual,9.86488342285,5.0302806548266,5.0644967617987,regressed,regressed,3.0711255887055784,1,1
balanced_racing_net_log21,Ascend910B3,20,external_v4_dense_large,5632,6144,7680,fp16,0,0,20:5632:384:384:128:128:128:6:9:1:3:0:3:3:2:2:1:1:1:1:16:1:3,feedback_regression_counterfactual,5.82703430176,2.97130910389205,2.99152002991215,regressed,regressed,2.81169680222322,1,1
balanced_racing_net_log21,Ascend910B3,20,external_v4_dense_large,5632,6144,7680,fp16,0,0,8:384:6144:384:128:128:128:9:6:3:1:1:3:3:2:2:1:1:1:15:1:0:3,feedback_regression_counterfactual,9.92582824707,5.06135751169661,5.09578500430879,regressed,regressed,3.1705179298708415,1,1
balanced_racing_net_log21,Ascend910B3,20,external_v4_dense_large,5632,6144,7680,fp16,0,0,20:384:6144:384:128:128:128:9:6:3:1:1:3:3:2:2:1:1:1:15:1:0:3,feedback_regression_counterfactual,6.77782409668,3.4561338410093,3.47964255818941,regressed,regressed,3.09378512437714,1,1
balanced_racing_net_log21,Ascend910B3,20,external_v4_dense_large,5632,6144,7680,fp16,0,0,8:384:6144:384:128:128:128:9:6:3:1:1:3:3:2:2:2:1:1:15:1:1:3,feedback_regression_counterfactual,5.91237426758,3.00739606403755,3.0096995498492,regressed,regressed,2.9413790733118943,1,1
balanced_racing_net_log21,Ascend910B3,20,external_v4_dense_large,5632,6144,7680,fp16,0,0,16:352:6144:1280:16:16:160:32:32:4:4:0:8:8:1:1:1:16:1:1:1:2:2,feedback_regression_counterfactual,75.779765625,38.546235160415,38.5757592748057,regressed,regressed,19.122087896301984,1,1
balanced_racing_net_log21,Ascend910B3,20,external_v4_dense_large,5632,6144,7680,fp16,0,0,20:704:2048:1280:32:16:80:64:64:4:4:0:16:16:1:2:1:4:2:2:2:2:2,feedback_regression_counterfactual,66.1445410156,33.6451691494986,33.7815138270874,regressed,regressed,16.831425434032337,1,1
balanced_racing_net_log21,Ascend910B3,20,external_v4_dense_large,5632,6144,7680,fp16,0,0,12:480:6144:640:16:16:80:32:32:4:4:1:8:8:2:1:1:1:1:12:1:2:2,feedback_regression_counterfactual,144.535322266,73.519526949163,73.8174596520664,regressed,regressed,23.49281991244863,1,1
balanced_racing_net_log21,Ascend910B3,20,external_v4_dense_large,5632,6144,7680,fp16,0,0,12:480:6144:640:16:16:80:32:32:4:4:1:8:8:2:1:2:1:1:12:1:1:2,feedback_regression_counterfactual,121.103271484,61.5494531250229,61.8880451977967,regressed,regressed,23.49281991244863,1,1
balanced_racing_net_log21,Ascend910B3,20,external_v4_dense_large,5632,6144,7680,fp16,0,0,20:1136:688:1280:16:16:160:32:64:4:4:0:8:8:2:1:1:5:2:1:6:2:2,feedback_regression_counterfactual,91.0098339844,46.2547827328668,46.509236704011,regressed,regressed,19.562618584780235,1,1
balanced_racing_net_log21,Ascend910B3,20,external_v4_dense_large,5632,6144,7680,fp16,0,0,20:1136:688:1280:16:16:160:32:64:4:4:1:8:8:2:1:1:5:2:1:6:0:2,feedback_regression_counterfactual,73.0249658203,37.3009383044742,37.3183344255453,regressed,regressed,19.562618584780235,1,1
balanced_racing_net_log21,Ascend910B3,20,external_v4_dense_large,5632,6144,7680,fp16,0,0,16:5632:384:384:128:128:128:6:9:1:3:0:3:3:2:2:2:1:1:1:16:2:3,feedback_regression_counterfactual,6.63417724609,3.38871827433283,3.39029867835877,regressed,regressed,3.045025992734647,1,1
balanced_racing_net_log21,Ascend910B3,20,external_v4_dense_large,5632,6144,7680,fp16,0,0,9:5632:384:384:128:128:128:6:9:1:3:0:3:3:2:2:2:1:1:1:16:1:3,feedback_regression_counterfactual,5.84748474121,3.00615090106882,2.97694727047162,regressed,regressed,3.0343057608244615,1,1
balanced_racing_net_log21,Ascend910B3,20,external_v4_dense_large,5632,6144,7680,fp16,0,0,16:384:6144:384:128:128:128:9:6:3:1:1:3:3:2:2:2:1:1:15:1:1:3,feedback_regression_counterfactual,6.74475341797,3.4674304358554,3.43374564727821,regressed,regressed,3.200963433745837,1,1
balanced_racing_net_log21,Ascend910B3,20,external_v4_dense_large,5632,6144,7680,fp16,0,0,9:384:6144:384:128:128:128:9:6:3:1:1:3:3:2:2:2:1:1:15:1:0:3,feedback_regression_counterfactual,5.93546325684,3.05138003901469,3.04668338615095,regressed,regressed,3.132739358507663,1,1
balanced_racing_net_log21,Ascend910B3,20,external_v4_dense_large,5632,6144,7680,fp16,0,0,19:5632:384:384:128:128:128:6:9:1:3:0:3:3:2:2:2:1:1:1:16:1:3,feedback_regression_counterfactual,7.08790161133,3.64384051579757,3.6382319538447,regressed,regressed,3.1175602432441676,1,1
balanced_racing_net_log21,Ascend910B3,20,external_v4_dense_large,5632,6144,7680,fp16,0,0,19:384:6144:384:128:128:128:9:6:3:1:1:3:3:2:2:2:1:1:15:1:0:3,feedback_regression_counterfactual,8.13659484863,4.18139711499566,4.17652797641864,regressed,regressed,3.3962255108337005,1,1
balanced_racing_net_log21,Ascend910B3,20,external_v4_dense_large,5632,6144,7680,fp16,0,0,20:1888:416:384:48:80:64:24:36:2:3:1:6:6:1:1:1:2:5:2:3:2:2,feedback_regression_counterfactual,31.7430151367,16.3127394669348,16.2937436655761,regressed,regressed,12.400133200768318,1,1
balanced_racing_net_log21,Ascend910B3,20,external_v4_dense_large,5632,6144,7680,fp16,0,0,19:944:416:256:96:48:16:128:64:4:4:1:16:16:1:1:1:3:4:2:4:2:2,feedback_regression_counterfactual,34.0976660156,17.5227948494291,17.2724598729208,regressed,regressed,12.306944360266531,1,1
balanced_racing_net_log21,Ascend910B3,20,external_v4_dense_large,5632,6144,7680,fp16,0,0,20:944:768:384:64:64:48:32:48:2:3:1:8:8:2:1:1:3:4:2:2:1:2,contract_global,19.5282287598,10.0355592131762,9.89218873485524,regressed,regressed,10.985954379380614,1,1
balanced_racing_net_log21,Ascend910B3,20,external_v4_dense_large,5632,6144,7680,fp16,0,0,20:480:1232:576:32:32:96:24:48:4:4:1:6:6:1:2:1:1:5:12:1:1:2,contract_global,35.2506201172,18.0897212917904,17.9664450183405,regressed,regressed,15.572205294610104,1,1
balanced_racing_net_log21,Ascend910B3,20,external_v4_dense_large,5632,6144,7680,fp16,0,0,20:480:1232:576:32:32:96:48:24:4:4:1:6:6:1:2:1:1:5:12:1:1:2,contract_global,34.2011083984,17.5511385825447,17.4315325961044,regressed,regressed,15.572205294610104,1,1
balanced_racing_net_log21,Ascend910B3,20,external_v4_k_shallow,2304,2560,448,fp16,0,0,11:224:2560:448:32:64:96:16:8:2:2:1:4:4:2:1:1:11:1:1:1:1:0,feedback_regression_counterfactual,0.0337019991875,0.997277547908596,0.998775028296068,within_noise,within_noise,1.0047544023671247,1,1
balanced_racing_net_log21,Ascend910B3,20,external_v4_k_shallow,2304,2560,448,fp16,0,0,11:224:2560:448:32:64:96:16:8:2:2:1:4:4:2:1:2:11:1:1:1:0:0,feedback_regression_counterfactual,0.0337384009361,0.998354713877499,0.999853811704142,within_noise,within_noise,1.006633750634673,1,1
balanced_racing_net_log21,Ascend910B3,20,external_v4_k_shallow,2304,2560,448,fp16,0,0,11:224:2560:448:32:64:96:16:8:2:2:0:4:4:2:1:1:11:1:1:1:0:0,feedback_regression_counterfactual,0.0337163996696,0.997546262398091,0.998866320408109,within_noise,within_noise,1.0082945698235724,1,1
balanced_racing_net_log21,Ascend910B3,20,external_v4_k_shallow,2304,2560,448,fp16,0,0,20:576:512:448:224:48:112:1:2:1:1:0:1:1:1:1:1:4:1:1:5:0:0,contract_global,0.0341707992554,1.01099030188773,1.01232815045844,within_noise,within_noise,1.000401676761571,1,1
balanced_racing_net_log21,Ascend910B3,20,external_v4_k_shallow,2304,2560,448,fp16,0,0,12:192:2560:448:64:352:32:2:2:1:1:0:2:2:2:1:1:2:1:7:1:0:0,contract_global,0.0337980008125,0.999960544946763,0.991027425057177,within_noise,within_noise,0.9810165081563798,1,1
balanced_racing_net_log21,Ascend910B3,20,external_v4_k_shallow,2304,2560,448,fp16,0,0,18:768:432:448:64:96:16:4:2:4:1:0:1:1:1:2:1:1:1:3:6:0:0,contract_global,0.0337508010864,0.998564075843142,0.989643431270816,within_noise,within_noise,1.0037903706580749,1,1
balanced_racing_net_log21,Ascend910B3,20,external_v4_k_shallow,2304,2560,448,fp16,0,0,14:176:2560:448:64:352:32:2:2:1:2:1:1:1:1:2:1:3:1:6:1:0:0,contract_global,0.0337272000313,0.999028458391021,0.98980274562218,within_noise,within_noise,0.998939193468485,1,1
balanced_racing_net_log21,Ascend910B3,20,external_v4_k_shallow,2304,2560,448,fp16,0,0,19:224:1280:16:48:16:16:1:2:1:1:1:1:1:1:1:1:2:1:8:2:1:2,feedback_regression_counterfactual,0.0340932011604,1.00986972429978,1.0005438958599,within_noise,within_noise,1.001507219391651,1,1
balanced_racing_net_log21,Ascend910B3,20,external_v4_k_shallow,2304,2560,448,fp16,0,0,14:336:1280:448:48:48:48:64:8:4:1:1:8:8:1:1:1:7:1:1:2:0:0,contract_global,0.0337520003319,0.999763064471749,0.999131667426751,within_noise,within_noise,1.0053613352437807,1,1
balanced_racing_net_log21,Ascend910B3,20,external_v4_k_shallow,2304,2560,448,fp16,0,0,20:464:640:448:48:48:16:8:32:1:4:1:4:4:2:1:1:1:2:5:2:0:0,contract_global,0.0341307997704,1.01098342722636,1.01034494399907,regressed,regressed,1.0105524849122078,1,1
balanced_racing_net_log21,Ascend910B3,20,external_v4_k_shallow,2304,2560,448,fp16,0,0,14:336:1280:448:272:16:16:4:8:1:4:1:2:2:1:2:1:7:1:1:2:0:0,contract_global,0.034087998867,1.00764624833912,1.00907794537516,within_noise,within_noise,1.0022465784709598,1,1
balanced_racing_net_log21,Ascend910B3,20,external_v4_k_shallow,2304,2560,448,fp16,0,0,14:176:2560:320:16:16:80:8:8:1:1:0:4:4:1:2:1:14:1:1:1:1:2,contract_global,0.0337468004227,0.99756037225916,0.998977738947034,within_noise,within_noise,0.9912182308843689,1,1
balanced_racing_net_log21,Ascend910B3,20,external_v4_k_shallow,2304,2560,448,fp16,0,0,20:464:640:432:96:32:16:54:162:2:3:0:27:27:2:2:2:1:1:5:4:1:2,contract_global,0.0337664008141,0.990623713651673,1.00052548353992,within_noise,within_noise,0.9999271852710329,1,1
balanced_racing_net_log21,Ascend910B3,20,external_v4_k_shallow,2304,2560,448,fp16,0,0,8:2304:320:448:80:320:48:16:4:2:1:1:4:4:1:1:1:1:1:1:8:0:0,contract_global,0.0340847992897,0.999964747122809,1.00995988522538,within_noise,within_noise,1.0060466058166637,1,1
balanced_racing_net_log21,Ascend910B3,20,external_v4_k_shallow,2304,2560,448,fp16,0,0,5:464:2560:448:464:64:48:4:4:1:1:1:2:2:1:1:1:2:1:3:1:0:0,contract_global,0.0339407992363,0.994145776539359,1.00569304838214,within_noise,within_noise,1.0091074509517415,1,1
balanced_racing_net_log21,Ascend910B3,20,external_v4_k_shallow,2304,2560,448,fp16,0,0,20:240:192:448:192:16:80:12:12:1:2:0:6:6:2:2:2:1:7:10:2:0:0,contract_global,0.0340804004669,0.998234777889275,1.00982954458522,within_noise,within_noise,1.006102815623715,1,1
balanced_racing_net_log21,Ascend910B3,20,external_v4_k_shallow,2304,2560,448,fp16,0,0,20:80:320:448:80:48:64:7:7:1:1:1:7:7:2:2:1:10:3:3:3:0:0,contract_global,0.0340723991394,1.00784048320401,1.00883522040559,within_noise,within_noise,1.0069713019846331,1,1
balanced_racing_net_log21,Ascend910B3,20,external_v4_k_shallow,2304,2560,448,fp16,0,0,20:464:80:448:64:32:256:1:1:1:1:0:1:1:2:2:2:1:8:5:4:0:0,contract_global,0.0337631988525,0.998694530049549,0.999680240199035,within_noise,within_noise,1.0026177269453014,1,1
balanced_racing_net_log21,Ascend910B3,20,external_v4_k_shallow,2304,2560,448,fp16,0,0,20:144:256:448:144:224:80:4:8:1:1:1:4:4:2:1:1:16:2:1:9:0:0,contract_global,0.0337287998199,0.99866173382634,0.999490300745814,within_noise,within_noise,1.0204492379515218,1,1
balanced_racing_net_log21,Ascend910B3,20,external_v4_k_shallow,2304,2560,448,fp16,0,0,20:160:288:256:64:96:32:32:48:2:3:1:8:8:2:1:1:1:1:15:9:0:2,contract_global,0.0340720009804,1.00882343148411,1.00966042932895,within_noise,within_noise,0.9992378528272525,1,1
balanced_racing_net_log21,Ascend910B3,20,external_v4_k_shallow,2304,2560,448,fp16,0,0,20:832:48:448:832:16:16:8:4:1:1:0:4:4:2:1:1:1:8:3:7:0:0,contract_global,0.034066400528,1.00865761006358,1.00949447032982,within_noise,within_noise,1.0049808805703349,1,1
balanced_racing_net_log21,Ascend910B3,20,external_v4_k_shallow,2304,2560,448,fp16,0,0,20:112:288:256:48:96:64:16:12:2:3:1:4:4:1:1:1:2:1:17:9:1:2,contract_global,0.0340951991081,1.00951029501218,1.01034786273126,within_noise,regressed,0.9966317318576318,1,1
balanced_racing_net_log21,Ascend910B3,20,external_v4_k_shallow,2304,2560,448,fp16,0,0,20:384:112:256:96:16:16:64:64:4:4:1:16:16:1:2:1:1:6:6:4:2:2,contract_global,0.0341616010666,1.01075808781179,1.00984174928123,within_noise,within_noise,1.0183989204480508,1,1
balanced_racing_net_log21,Ascend910B3,20,external_v4_k_shallow,2304,2560,448,fp16,0,0,1:384:2560:384:128:128:128:9:6:3:1:1:3:3:2:2:2:1:1:6:1:0:3,contract_global,0.0340704011917,1.00805970693123,1.00714581471345,within_noise,within_noise,1.5732703816446747,1,1
balanced_racing_net_log21,Ascend910B3,20,external_v4_k_deep,1536,2048,24576,fp16,0,0,14:224:1024:24576:64:16:32:2:2:1:2:1:1:1:1:2:1:1:1:7:2:0:0,feedback_regression_counterfactual,0.6999584198,1.02570429748985,0.996515443531679,regressed,within_noise,1.0157111138300312,1,1
balanced_racing_net_log21,Ascend910B3,20,external_v4_k_deep,1536,2048,24576,fp16,0,0,20:1536:384:384:128:128:128:6:9:1:3:0:3:3:2:2:2:1:2:1:3:1:3,feedback_regression_counterfactual,0.731422424316,1.07181098573803,1.04131005637067,regressed,regressed,0.9950103691758411,1,1
balanced_racing_net_log21,Ascend910B3,20,external_v4_k_deep,1536,2048,24576,fp16,0,0,3:672:2048:24576:672:16:16:1:4:1:2:1:1:1:2:2:1:3:1:1:1:0:0,feedback_regression_counterfactual,0.694419631958,1.01618319639166,0.979653588837994,regressed,improved,1.0181319749683264,1,1
balanced_racing_net_log21,Ascend910B3,20,external_v4_k_deep,1536,2048,24576,fp16,0,0,3:512:2048:24576:512:16:16:4:8:1:2:1:4:4:2:1:2:3:1:1:1:0:0,feedback_regression_counterfactual,0.704768829346,1.03132775739971,0.994253735343215,regressed,within_noise,1.0173565345866356,1,1
balanced_racing_net_log21,Ascend910B3,20,external_v4_k_deep,1536,2048,24576,fp16,0,0,3:672:2048:24576:672:16:16:1:4:1:2:1:1:1:2:2:2:2:1:2:1:0:0,feedback_regression_counterfactual,0.69680519104,1.01967411879879,0.982897007800798,regressed,improved,1.0169668885651437,1,1
balanced_racing_net_log21,Ascend910B3,20,external_v4_k_deep,1536,2048,24576,fp16,0,0,3:512:2048:24576:512:16:16:4:8:1:2:0:4:4:2:1:1:3:1:1:1:0:0,feedback_regression_counterfactual,0.709617614746,1.03842325703733,1.00096991122825,regressed,within_noise,1.0190894630600924,1,1
balanced_racing_net_log21,Ascend910B3,20,external_v4_k_deep,1536,2048,24576,fp16,0,0,20:1536:384:384:128:128:128:6:9:1:3:0:3:3:2:2:2:1:1:1:6:2:3,feedback_regression_counterfactual,0.688960418701,0.997243640507026,0.975322151931013,within_noise,improved,0.976472500301176,1,1
balanced_racing_net_log21,Ascend910B3,20,external_v4_k_deep,1536,2048,24576,fp16,0,0,19:1536:384:384:128:128:128:6:9:1:3:0:3:3:2:2:2:1:1:1:6:1:3,feedback_regression_counterfactual,0.707593994141,1.02421502247027,1.00170064684242,regressed,within_noise,1.0374906090506442,1,1
balanced_racing_net_log21,Ascend910B3,20,external_v4_k_deep,1536,2048,24576,fp16,0,0,20:1536:384:384:128:128:128:6:9:1:3:0:3:3:2:2:1:1:1:1:6:1:3,feedback_regression_counterfactual,0.69341796875,1.00369577232942,0.981632452478716,within_noise,improved,1.12847257896672,1,1
balanced_racing_net_log21,Ascend910B3,20,external_v4_k_deep,1536,2048,24576,fp16,0,0,6:592:1024:24576:592:48:48:8:8:1:2:0:4:4:1:2:1:3:2:1:1:1:0,contract_global,0.704657592773,1.01996469471512,0.997543750128875,regressed,within_noise,1.0016661088930248,1,1
balanced_racing_net_log21,Ascend910B3,20,external_v4_k_deep,1536,2048,24576,fp16,0,0,6:640:1024:24576:640:32:16:8:8:1:1:0:8:8:2:2:1:1:2:3:1:2:0,contract_global,0.683631591797,0.98547650081767,0.966457737471847,improved,improved,1.0138444820643926,1,1
balanced_racing_net_log21,Ascend910B3,20,external_v4_k_deep,1536,2048,24576,fp16,0,0,8:464:1024:24576:464:64:16:8:32:1:4:1:8:8:2:1:1:4:1:1:2:1:0,contract_global,0.705599594116,1.01714406901848,0.997514151591746,regressed,within_noise,1.0064946207665926,1,1
balanced_racing_net_log21,Ascend910B3,20,external_v4_k_deep,1536,2048,24576,fp16,0,0,20:160:144:2560:32:16:160:16:16:1:1:0:16:16:1:2:1:5:8:2:2:0:2,contract_global,0.689416427612,1.01066314878262,0.971677852207778,regressed,improved,1.3642566463123482,1,1
balanced_racing_net_log21,Ascend910B3,20,external_v4_k_deep,1536,2048,24576,fp16,0,0,20:192:128:256:96:16:16:64:96:2:3:1:16:16:1:1:1:1:1:8:16:1:2,contract_global,0.70584197998,1.0347425002622,0.994828367342769,regressed,within_noise,1.4125375446227542,1,1
balanced_racing_net_log21,Ascend910B3,20,external_v4_k_deep,1536,2048,24576,fp16,0,0,20:192:112:256:96:16:16:32:48:2:3:1:16:16:2:2:2:3:5:3:4:1:2,contract_global,0.699565200806,1.02554093622941,0.98598174422906,regressed,improved,1.279853871338934,1,1
balanced_racing_net_log21,Ascend910B3,20,external_v4_k_deep,1536,2048,24576,fp16,0,0,6:256:2048:256:64:96:32:32:64:4:4:1:8:8:2:2:1:6:1:1:1:1:2,contract_global,0.709479980469,1.04007569640116,0.999955840900112,regressed,within_noise,5.72116627710916,1,1
balanced_racing_net_log21,Ascend910B3,20,external_v4_k_low_output_deep_aligned,320,256,28672,fp16,0,0,20:320:384:384:128:128:128:6:9:1:3:0:3:3:2:2:2:1:1:1:1:2:3,feedback_winner_mutation,0.0470584011078,0.915877599152038,0.901260243184407,improved,improved,0.9560991751516533,1,1
balanced_racing_net_log21,Ascend910B3,20,external_v4_k_low_output_deep_aligned,320,256,28672,fp16,0,0,19:384:256:384:128:128:128:9:6:3:1:1:3:3:2:2:2:1:1:1:1:0:3,feedback_winner_mutation,0.0502260017395,0.977527259856503,0.961925978700325,improved,improved,1.0069362141281522,1,1
balanced_racing_net_log21,Ascend910B3,20,external_v4_k_low_output_deep_aligned,320,256,28672,fp16,0,0,20:320:384:384:128:128:128:6:9:1:3:0:3:3:2:2:1:1:1:1:1:1:3,feedback_winner_mutation,0.0581688022614,1.13211460029748,1.11044488089265,regressed,regressed,0.9524440014907416,1,1
balanced_racing_net_log21,Ascend910B3,20,external_v4_k_low_output_deep_aligned,320,256,28672,fp16,0,0,20:384:256:384:128:128:128:9:6:3:1:1:3:3:2:2:1:1:1:1:1:0:3,feedback_winner_mutation,0.0643783998489,1.25296935091042,1.22898635992219,regressed,regressed,1.0333158871779098,1,1
balanced_racing_net_log21,Ascend910B3,20,external_v4_k_low_output_deep_aligned,320,256,28672,fp16,0,0,16:384:256:384:128:128:128:9:6:3:1:1:3:3:2:2:2:1:1:1:1:1:3,feedback_regression_counterfactual,0.0538587999344,1.04105823170094,1.01969250811055,regressed,regressed,0.99280867025359,1,1
balanced_racing_net_log21,Ascend910B3,20,external_v4_k_low_output_deep_aligned,320,256,28672,fp16,0,0,16:320:384:384:128:128:128:6:9:1:3:0:3:3:2:2:2:1:1:1:1:1:3,contract_global,0.0511040019989,0.987809643336944,0.967536744903977,improved,improved,0.9871337658176037,1,1
balanced_racing_net_log21,Ascend910B3,20,external_v4_k_low_output_deep_aligned,320,256,28672,fp16,0,0,8:320:384:384:128:128:128:6:9:1:3:0:3:3:2:2:2:1:1:1:1:1:3,contract_global,0.0744212007523,1.4058181314867,1.40899427659293,regressed,regressed,0.9719049688492497,1,1
balanced_racing_net_log21,Ascend910B3,20,external_v4_k_low_output_deep_aligned,320,256,28672,fp16,0,0,8:384:256:384:128:128:128:9:6:3:1:1:3:3:2:2:2:1:1:1:1:0:3,contract_global,0.0828940010071,1.56586951606859,1.56940726301441,regressed,regressed,1.0273228374135908,1,1
balanced_racing_net_log21,Ascend910B3,20,external_v4_k_low_output_deep_aligned,320,256,28672,fp16,0,0,16:80:64:2880:48:16:16:180:180:1:1:0:180:180:2:2:2:2:2:2:2:1:2,contract_global,1.39596923828,26.4104661799639,27.3119665489709,regressed,regressed,1.2554802528289828,1,1
balanced_racing_net_log21,Ascend910B3,20,external_v4_k_low_output_deep_aligned,320,256,28672,fp16,0,0,16:80:64:2880:48:16:16:180:360:1:1:0:180:180:2:2:2:2:2:2:2:2:2,contract_global,1.39635482788,26.4177611838437,27.3195105621321,regressed,regressed,1.2543108106825385,1,1
balanced_racing_net_log21,Ascend910B3,20,external_v4_k_low_output_deep_aligned,320,256,28672,fp16,0,0,16:160:32:28672:16:16:2048:2:4:1:2:0:2:2:1:1:1:1:1:2:8:0:0,runtime_rejected,,1,1,runtime_rejected,runtime_rejected,,0,0
balanced_racing_net_log21,Ascend910B3,20,external_v4_k_low_output_deep_aligned,320,256,28672,fp16,0,0,4:320:64:28672:32:64:192:2:1:1:1:1:1:1:2:1:1:1:2:1:3:0:0,runtime_rejected,,1,1,runtime_rejected,runtime_rejected,,0,0
balanced_racing_net_log21,Ascend910B3,20,external_v4_k_low_output_deep_aligned,320,256,28672,fp16,0,0,20:112:16:28672:96:16:320:1:1:1:1:0:1:1:1:1:1:1:2:3:9:1:0,runtime_rejected,,1,1,runtime_rejected,runtime_rejected,,0,0
balanced_racing_net_log21,Ascend910B3,20,external_v4_k_low_output_deep_aligned,320,256,28672,fp16,0,0,16:640:16:28672:640:16:16:2:2:1:1:1:1:1:2:2:2:1:4:1:5:2:0,contract_global,1.30548873901,25.1287482190209,24.5503365632176,regressed,regressed,1.0517521958274276,1,1
balanced_racing_net_log21,Ascend910B3,20,external_v4_k_low_output_deep_aligned,320,256,28672,fp16,0,0,2:320:128:28672:256:128:32:8:4:1:1:1:4:4:2:1:1:1:2:1:1:0:0,runtime_rejected,,1,1,runtime_rejected,runtime_rejected,,0,0
balanced_racing_net_log21,Ascend910B3,20,external_v4_k_low_output_deep_aligned,320,256,28672,fp16,0,0,4:320:64:28672:48:64:32:2:2:2:1:1:1:1:2:2:2:1:2:1:3:0:0,runtime_rejected,,1,1,runtime_rejected,runtime_rejected,,0,0
balanced_racing_net_log21,Ascend910B3,20,external_v4_k_low_output_deep_aligned,320,256,28672,fp16,0,0,20:32:16:28672:16:16:96:2:2:2:1:1:1:1:2:2:2:10:4:1:4:0:0,runtime_rejected,,1,1,runtime_rejected,runtime_rejected,,0,0
balanced_racing_net_log21,Ascend910B3,20,external_v4_k_low_output_deep_aligned,320,256,28672,fp16,0,0,20:32:16:28672:32:16:48:8:8:1:1:1:4:4:2:2:1:4:4:3:4:2:0,contract_global,0.747646789551,14.437980607753,14.0422489035647,regressed,regressed,0.990811316427647,1,1
balanced_racing_net_log21,Ascend910B3,20,external_v4_k_low_output_deep_aligned,320,256,28672,fp16,0,0,2:320:128:28672:16:128:16:8:8:1:1:0:4:4:1:2:1:1:1:1:2:0:0,runtime_rejected,,1,1,runtime_rejected,runtime_rejected,,0,0
balanced_racing_net_log21,Ascend910B3,20,external_v4_k_low_output_deep_aligned,320,256,28672,fp16,0,0,2:320:240:28672:32:240:16:2:2:2:1:0:1:1:2:1:1:1:1:1:2:0:0,runtime_rejected,,1,1,runtime_rejected,runtime_rejected,,0,0
balanced_racing_net_log21,Ascend910B3,20,external_v4_k_low_output_deep_odd,704,512,16385,fp16,0,0,20:128:64:16385:16:16:1024:2:8:1:4:1:2:2:1:2:1:6:2:1:4:0:0,contract_global,0.117184400558,1.00231279788637,1.00281027711103,within_noise,within_noise,0.969703555621107,1,1
balanced_racing_net_log21,Ascend910B3,20,external_v4_k_low_output_deep_odd,704,512,16385,fp16,0,0,20:160:160:16385:160:160:192:1:2:1:1:0:1:1:1:1:1:2:1:3:4:0:0,contract_global,0.117054796219,1.0012042536866,1.0017011827057,within_noise,within_noise,1.0002207593046095,1,1
balanced_racing_net_log21,Ascend910B3,20,external_v4_k_low_output_deep_odd,704,512,16385,fp16,0,0,16:352:64:16385:16:16:80:16:8:2:2:0:4:4:1:2:1:1:3:2:3:2:0,contract_global,0.117025604248,1.00095456613354,1.0012628839633,within_noise,within_noise,1.0014852444065903,1,1
balanced_racing_net_log21,Ascend910B3,20,external_v4_k_low_output_deep_odd,704,512,16385,fp16,0,0,20:144:128:16385:16:128:224:16:4:2:1:1:4:4:2:1:1:1:2:5:2:0:0,contract_global,0.117075595856,1.00138215912607,1.00169060866479,within_noise,within_noise,1.0194127682518164,1,1
balanced_racing_net_log21,Ascend910B3,20,external_v4_k_low_output_deep_odd,704,512,16385,fp16,0,0,18:128:176:2560:16:16:160:16:32:1:1:0:16:16:1:2:1:2:1:3:3:2:2,contract_global,0.117025604248,1.00062937080347,0.999768804083912,within_noise,within_noise,1.0009526357746126,1,1
balanced_racing_net_log21,Ascend910B3,20,external_v4_k_low_output_deep_odd,704,512,16385,fp16,0,0,11:64:512:16385:32:16:224:8:4:1:1:0:4:4:2:2:1:6:1:2:1:0:0,contract_global,0.117005996704,1.00046171617344,0.999601293640168,within_noise,within_noise,1.0021814116923005,1,1
balanced_racing_net_log21,Ascend910B3,20,external_v4_k_low_output_deep_odd,704,512,16385,fp16,0,0,15:144:176:16385:48:48:16:8:32:1:2:1:8:8:2:2:1:2:1:3:3:0:0,contract_global,0.117068796158,1.00012639181787,1.00043408597688,within_noise,within_noise,1.0010356894837884,1,1
balanced_racing_net_log21,Ascend910B3,20,external_v4_k_low_output_deep_odd,704,512,16385,fp16,0,0,15:144:176:16385:16:32:16:1:2:1:2:0:1:1:2:2:2:3:1:2:3:0:0,contract_global,0.117034397125,0.99983251862471,1.00014012237353,within_noise,within_noise,1.0016148957032005,1,1
balanced_racing_net_log21,Ascend910B3,20,external_v4_k_low_output_deep_odd,704,512,16385,fp16,0,0,20:176:96:16385:48:32:16:32:8:2:1:0:8:8:2:2:2:1:1:4:6:0:0,contract_global,0.117050800323,1.00168415484969,1.00107303855957,within_noise,within_noise,1.0007384535121417,1,1
balanced_racing_net_log21,Ascend910B3,20,external_v4_k_low_output_deep_odd,704,512,16385,fp16,0,0,20:240:48:16385:16:16:512:8:24:1:3:0:8:8:1:1:1:3:11:1:1:1:0,contract_global,0.117032003403,1.00152329668546,1.00091227853257,within_noise,within_noise,1.0004006393556544,1,1
balanced_racing_net_log21,Ascend910B3,20,external_v4_k_low_output_deep_odd,704,512,16385,fp16,0,0,20:112:80:16385:16:16:1792:1:1:1:1:0:1:1:1:1:1:2:2:5:6:1:0,contract_global,0.11699839592,1.00123569435303,1.00081885768429,within_noise,within_noise,1.000640167160059,1,1
balanced_racing_net_log21,Ascend910B3,20,external_v4_k_low_output_deep_odd,704,512,16385,fp16,0,0,20:112:80:2560:32:16:160:16:32:1:1:0:16:16:1:2:1:1:2:7:5:1:2,contract_global,0.116916799545,1.00053741808507,1.0001208721243,within_noise,within_noise,1.001264283740678,1,1
balanced_racing_net_log21,Ascend910B3,20,external_v4_k_low_output_deep_odd,704,512,16385,fp16,0,0,20:240:32:1024:48:16:64:32:32:1:1:0:16:16:1:2:1:3:6:1:3:1:2,contract_global,0.117023200989,1.00035220726528,1.00103104333544,within_noise,within_noise,1.0015784789001696,1,1
balanced_racing_net_log21,Ascend910B3,20,external_v4_k_low_output_deep_odd,704,512,16385,fp16,0,0,16:704:384:384:128:128:128:6:9:1:3:0:3:3:2:2:2:1:1:1:2:1:3,contract_global,0.116851997375,0.998888703344214,0.999566546283598,within_noise,within_noise,1.0024353474785843,1,1
balanced_racing_net_log21,Ascend910B3,20,external_v4_k_low_output_deep_odd,704,512,16385,fp16,0,0,8:384:512:384:128:128:128:9:6:3:1:1:3:3:2:2:2:1:1:2:1:0:3,contract_global,0.116868801117,1.0000581720988,0.998559990168666,within_noise,within_noise,1.0130991521885593,1,1
balanced_racing_net_log21,Ascend910B3,20,external_v4_k_low_output_deep_odd,704,512,16385,fp16,0,0,4:704:128:16385:144:128:16:8:4:2:1:1:2:2:1:1:1:1:1:1:4:0:0,contract_global,0.11703040123,1.00144100063893,0.999940747101114,within_noise,within_noise,1.001003210847807,1,1
balanced_racing_net_log21,Ascend910B3,20,external_v4_k_low_output_deep_odd,704,512,16385,fp16,0,0,20:32:80:16385:16:64:16:2:1:2:1:0:1:1:2:1:1:1:7:22:1:2:0,contract_global,0.117045202255,1.00156765450912,1.00177911985607,within_noise,within_noise,0.9704135867040017,1,1
balanced_racing_net_log21,Ascend910B3,20,external_v4_k_low_output_deep_odd,704,512,16385,fp16,0,0,20:176:16:16385:16:16:384:32:8:4:1:1:8:8:2:2:1:1:11:4:3:1:0,contract_global,0.117031602859,1.00145128310034,1.00166272387647,within_noise,within_noise,0.9591923256456012,1,1
balanced_racing_net_log21,Ascend910B3,20,external_v4_k_low_output_deep_odd,704,512,16385,fp16,0,0,20:32:64:16385:32:16:192:16:16:1:2:1:8:8:1:2:1:4:1:7:8:0:0,contract_global,0.117130804062,1.00169442625874,1.00251177784879,within_noise,within_noise,1.0003255435886595,1,1
balanced_racing_net_log21,Ascend910B3,20,external_v4_k_low_output_deep_odd,704,512,16385,fp16,0,0,20:144:16:16385:48:16:384:8:16:1:1:1:8:8:1:1:1:5:16:1:2:1:0,contract_global,0.116801595688,0.998879059318064,0.999694113655085,within_noise,within_noise,1.001221538994096,1,1
balanced_racing_net_log21,Ascend910B3,20,external_v4_k_low_output_deep_odd,704,512,16385,fp16,0,0,8:704:384:384:128:128:128:6:9:1:3:0:3:3:2:2:2:1:1:1:2:1:3,contract_global,0.116902399063,0.999741122714803,0.998125037069778,within_noise,within_noise,1.0027129116195381,1,1
balanced_racing_net_log21,Ascend910B3,20,external_v4_k_low_output_deep_odd,704,512,16385,fp16,0,0,4:704:128:192:64:32:32:24:48:4:4:1:6:6:2:2:1:1:2:1:2:2:2,contract_global,0.117021598816,1.00076051064892,0.999142777151466,within_noise,within_noise,1.0004741038404112,1,1
balanced_racing_net_log21,Ascend910B3,20,external_v4_k_low_output_deep_odd,704,512,16385,fp16,0,0,4:352:320:48:16:160:16:9:12:3:2:1:3:3:2:1:1:1:1:2:2:1:2,contract_global,0.116885595322,0.998487402357621,0.998720574466708,within_noise,within_noise,1.0006996222736984,1,1
balanced_racing_net_log21,Ascend910B3,20,external_v4_k_low_output_deep_odd,704,512,16385,fp16,0,0,2:448:512:16:112:32:16:4:4:4:4:0:1:1:1:2:1:1:1:2:1:1:2,contract_global,0.116890802383,0.998531883325552,0.998765065828089,within_noise,within_noise,1.0002228884026323,1,1
balanced_racing_net_log21,Ascend910B3,20,external_v4_skinny_m,73,4608,12288,fp16,0,0,20:80:240:12288:32:16:768:2:2:1:2:0:1:1:1:2:1:1:1:1:20:0:0,contract_global,0.0603176021576,0.999087925659032,1.00041359913052,within_noise,within_noise,0.9999605286631006,1,1
balanced_racing_net_log21,Ascend910B3,20,external_v4_skinny_m,73,4608,12288,fp16,0,0,18:80:256:12288:32:32:32:8:64:1:4:0:8:8:2:2:1:1:3:1:8:0:0,contract_global,0.0602820014954,0.998498243863455,0.999823134896798,within_noise,within_noise,0.9992492041643638,1,1
balanced_racing_net_log21,Ascend910B3,20,external_v4_skinny_m,73,4608,12288,fp16,0,0,4:80:1152:12288:80:144:48:2:4:1:1:0:2:2:1:1:1:1:1:1:4:0:0,contract_global,0.0602952003479,0.998716866845995,1.00004204796996,within_noise,within_noise,0.9986789058075702,1,1
balanced_racing_net_log21,Ascend910B3,20,external_v4_skinny_m,73,4608,12288,fp16,0,0,20:144:224:12288:144:144:192:2:1:1:1:1:1:1:1:1:1:1:2:1:20:2:0,contract_global,0.0603143978119,0.999034849555302,1.00036045260426,within_noise,within_noise,0.9999471125386659,1,1
balanced_racing_net_log21,Ascend910B3,20,external_v4_skinny_m,73,4608,12288,fp16,0,0,18:32:768:2560:32:16:160:32:16:1:1:0:16:16:1:2:1:3:1:1:6:2:2,contract_global,0.0602892017365,0.997350967521694,0.999080838545055,within_noise,within_noise,1.000585960872508,1,1
balanced_racing_net_log21,Ascend910B3,20,external_v4_skinny_m,73,4608,12288,fp16,0,0,20:48:256:12288:16:16:64:8:2:2:1:1:2:2:2:2:2:2:2:1:17:1:0,contract_global,0.0604723978043,1.000381539666,1.00211666711645,within_noise,within_noise,1.0016200060476081,1,1
balanced_racing_net_log21,Ascend910B3,20,external_v4_skinny_m,73,4608,12288,fp16,0,0,4:80:1152:12288:80:16:64:4:16:1:2:1:4:4:1:2:1:1:2:1:2:0:0,contract_global,0.0603168010712,0.998225920651122,0.999858576633398,within_noise,within_noise,1.0011074621869356,1,1
balanced_racing_net_log21,Ascend910B3,20,external_v4_skinny_m,73,4608,12288,fp16,0,0,20:80:64:12288:16:16:1024:2:8:1:4:1:2:2:1:2:1:1:9:1:8:2:0,contract_global,0.0604795980453,1.00092016432399,1.00255722689328,within_noise,within_noise,1.0002232233863173,1,1
balanced_racing_net_log21,Ascend910B3,20,external_v4_skinny_m,73,4608,12288,fp16,0,0,9:128:512:12288:128:256:48:2:4:1:1:0:2:2:2:1:1:1:3:1:4:0:0,contract_global,0.0603660011292,0.999040167633294,1.00067415536427,within_noise,within_noise,0.9985517707780603,1,1
balanced_racing_net_log21,Ascend910B3,20,external_v4_skinny_m,73,4608,12288,fp16,0,0,20:80:64:12288:64:16:128:16:64:1:4:1:8:8:1:2:1:1:4:1:19:1:0,contract_global,0.060321598053,0.998305309341801,0.999938095162446,within_noise,within_noise,1.0013300173985114,1,1
balanced_racing_net_log21,Ascend910B3,20,external_v4_skinny_m,73,4608,12288,fp16,0,0,4:64:2304:12288:64:96:48:1:2:1:1:0:1:1:2:2:2:2:1:1:2:0:0,contract_global,0.0603384017944,0.998748658297931,0.999233826601782,within_noise,within_noise,1.0001725901042149,1,1
balanced_racing_net_log21,Ascend910B3,20,external_v4_skinny_m,73,4608,12288,fp16,0,0,12:32:1152:12288:32:32:16:1:2:1:2:1:1:1:2:2:1:3:2:1:2:1:0,contract_global,0.0604943990707,1.00133079614064,1.00181721878402,within_noise,within_noise,1.0006780315544603,1,1
balanced_racing_net_log21,Ascend910B3,20,external_v4_skinny_m,73,4608,12288,fp16,0,0,20:80:32:12288:80:16:224:4:8:1:1:1:4:4:1:1:1:1:1:1:144:1:0,contract_global,0.0604383993149,1.00088983508453,0.999819110157055,within_noise,within_noise,1.001901607953688,1,1
balanced_racing_net_log21,Ascend910B3,20,external_v4_skinny_m,73,4608,12288,fp16,0,0,18:80:256:32:32:32:32:2:2:1:1:1:1:1:2:2:1:1:1:1:18:0:2,contract_global,0.0605236005783,1.00230081021675,1.00122857586352,within_noise,within_noise,1.0004598751792935,1,1
balanced_racing_net_log21,Ascend910B3,20,external_v4_skinny_m,73,4608,12288,fp16,0,0,3:96:1536:1536:32:32:96:48:32:3:2:0:16:16:2:1:1:1:3:1:1:1:2,contract_global,0.0602988004684,0.998578009027768,0.99790596581075,within_noise,within_noise,0.9998221398261761,1,1
balanced_racing_net_log21,Ascend910B3,20,external_v4_skinny_m,73,4608,12288,fp16,0,0,20:32:80:12288:16:16:640:8:16:1:1:0:8:8:1:2:1:1:29:3:2:2:0,contract_global,0.0604076004028,1.00037978984156,0.999706534027558,within_noise,within_noise,1.0022764030905766,1,1
balanced_racing_net_log21,Ascend910B3,20,external_v4_skinny_m,73,4608,12288,fp16,0,0,8:384:4608:384:128:128:128:9:6:3:1:1:3:3:2:2:2:1:1:1:1:0:3,contract_global,0.060506401062,1.00072334727007,1.00134162073659,within_noise,within_noise,0.9993141432520157,1,1
balanced_racing_net_log21,Ascend910B3,20,external_v4_skinny_m,73,4608,12288,fp16,0,0,16:128:384:384:128:128:128:6:9:1:3:0:3:3:2:2:2:1:1:1:12:1:3,contract_global,0.0603056001663,0.997402274771925,0.998018496392085,within_noise,within_noise,1.0004820073081577,1,1
balanced_racing_net_log21,Ascend910B3,20,external_v4_skinny_m,73,4608,12288,fp16,0,0,4:384:4608:384:128:128:128:9:6:3:1:1:3:3:2:2:2:1:1:1:1:0:3,contract_global,0.0604243993759,0.999102691166272,1.00024936676428,within_noise,within_noise,0.9991146360716865,1,1
balanced_racing_net_log21,Ascend910B3,20,external_v4_skinny_m,73,4608,12288,fp16,0,0,20:464:32:12288:464:32:16:1:1:1:1:1:1:1:2:2:2:1:144:1:1:1:0,contract_global,0.0604144001007,0.998937355594361,1.0000838414338,within_noise,within_noise,1.0016759247024454,1,1
balanced_racing_net_log21,Ascend910B3,20,external_v4_skinny_m,73,4608,12288,fp16,0,0,4:192:1152:64:48:48:16:32:32:4:4:1:4:4:2:2:1:1:2:1:3:1:2,contract_global,0.0603223991394,0.999266695010821,0.999542639294529,within_noise,within_noise,1.0002513659574201,1,1
balanced_racing_net_log21,Ascend910B3,20,external_v4_skinny_m,73,4608,12288,fp16,0,0,4:320:1152:16:80:64:16:8:4:4:4:0:1:1:1:1:1:1:4:1:1:0:2,contract_global,0.0603959989548,1.00048590786278,1.00076218882937,within_noise,within_noise,1.0003282266698947,1,1
balanced_racing_net_log21,Ascend910B3,20,external_v4_skinny_m,73,4608,12288,fp16,0,0,1:384:4608:384:128:128:128:9:6:3:1:1:3:3:2:2:2:1:1:1:1:0:3,contract_global,0.0604231977463,1.00093646763615,1.00121287302292,within_noise,within_noise,0.9994504881405613,1,1
balanced_racing_net_log21,Ascend910B3,20,external_v4_skinny_m,73,4608,12288,fp16,0,0,1:240:4608:16:80:64:16:3:2:3:2:1:1:1:2:2:1:1:1:1:1:2:2,contract_global,0.0602835988998,0.998623952216649,0.998899719011741,within_noise,within_noise,0.9999768766872845,1,1
balanced_racing_net_log21,Ascend910B3,20,external_v4_skinny_n,4608,101,12288,fp16,0,0,18:256:112:12288:16:16:768:8:1:4:1:1:1:1:2:2:2:18:1:1:1:0:0,contract_global,0.273903198242,1.00701190029902,0.986268486421142,within_noise,improved,1.0007218570374936,1,1
balanced_racing_net_log21,Ascend910B3,20,external_v4_skinny_n,4608,101,12288,fp16,0,0,14:336:112:12288:16:16:80:16:8:4:1:1:4:4:2:2:1:7:1:2:1:0:0,contract_global,0.285108394623,1.0482080826487,1.02661606959867,regressed,regressed,1.001383140364595,1,1
balanced_racing_net_log21,Ascend910B3,20,external_v4_skinny_n,4608,101,12288,fp16,0,0,11:432:160:12288:160:160:192:4:4:2:1:0:2:2:1:1:1:6:1:2:1:0:0,contract_global,0.277294006348,1.0230438918603,1.01460404293989,regressed,regressed,1.007197161586961,1,1
balanced_racing_net_log21,Ascend910B3,20,external_v4_skinny_n,4608,101,12288,fp16,0,0,16:288:112:12288:48:32:16:32:8:4:1:0:8:8:1:1:1:4:1:4:1:0:0,contract_global,0.278402404785,1.02713319860682,1.01865961395684,regressed,regressed,1.0009482501636033,1,1
balanced_racing_net_log21,Ascend910B3,20,external_v4_skinny_n,4608,101,12288,fp16,0,0,20:192:64:12288:16:16:1024:2:8:1:4:0:1:1:2:1:1:8:1:3:2:0:0,contract_global,0.281163597107,1.01096284707047,1.00888309326473,regressed,within_noise,1.0114123715494578,1,1
balanced_racing_net_log21,Ascend910B3,20,external_v4_skinny_n,4608,101,12288,fp16,0,0,20:160:64:12288:16:16:1024:2:8:2:4:0:1:1:2:2:1:29:1:1:2:0:0,contract_global,0.271126003265,0.974871281334216,0.972865775128173,improved,improved,1.0084385093235182,1,1
balanced_racing_net_log21,Ascend910B3,20,external_v4_skinny_n,4608,101,12288,fp16,0,0,20:192:64:12288:64:32:512:4:8:1:2:0:2:2:1:1:1:24:1:1:2:0:0,contract_global,0.270921993256,0.986526927563441,0.962336132677846,improved,improved,1.006570058220537,1,1
balanced_racing_net_log21,Ascend910B3,20,external_v4_skinny_n,4608,101,12288,fp16,0,0,20:176:64:12288:16:16:1024:2:8:1:4:1:2:2:1:2:1:14:1:2:2:0:0,contract_global,0.277971591949,1.01219711718835,0.987376859196515,regressed,improved,1.0033273627695116,1,1
balanced_racing_net_log21,Ascend910B3,20,external_v4_skinny_n,4608,101,12288,fp16,0,0,20:160:64:12288:64:32:512:4:8:2:2:0:2:2:1:2:1:1:1:29:2:0:0,contract_global,0.271606407166,0.992469220560077,0.954746933361285,within_noise,improved,1.0025622317447698,1,1
balanced_racing_net_log21,Ascend910B3,20,external_v4_skinny_n,4608,101,12288,fp16,0,0,20:432:32:12288:16:32:896:4:4:1:1:0:2:2:1:1:1:11:1:1:4:1:0,contract_global,0.28340959549,1.03559891414108,0.996237331079257,regressed,within_noise,1.0087996330792062,1,1
balanced_racing_net_log21,Ascend910B3,20,external_v4_skinny_n,4608,101,12288,fp16,0,0,20:128:96:12288:32:96:320:8:4:1:1:0:4:4:2:1:1:18:1:2:2:1:0,contract_global,0.272090797424,0.994239217177366,0.976558942760074,within_noise,improved,1.011928669871925,1,1
balanced_racing_net_log21,Ascend910B3,20,external_v4_skinny_n,4608,101,12288,fp16,0,0,20:464:64:320:16:16:320:4:4:4:4:0:1:1:1:1:1:4:1:3:2:1:2,contract_global,0.272531604767,0.995849958706112,0.978141040928724,within_noise,improved,0.999567338972144,1,1
balanced_racing_net_log21,Ascend910B3,20,external_v4_skinny_n,4608,101,12288,fp16,0,0,3:4608:48:12288:160:48:64:8:4:2:1:0:4:4:1:2:1:1:3:1:1:2:0,contract_global,0.270979995728,0.977124183233254,0.972572173122644,improved,improved,1.0025013005861847,1,1
balanced_racing_net_log21,Ascend910B3,20,external_v4_skinny_n,4608,101,12288,fp16,0,0,20:192:64:1280:16:32:80:48:32:3:2:0:16:16:2:1:1:24:1:1:2:1:2,contract_global,0.273717193604,0.98699421896157,0.982396228506688,within_noise,improved,1.0011254635328595,1,1
balanced_racing_net_log21,Ascend910B3,20,external_v4_skinny_n,4608,101,12288,fp16,0,0,20:208:16:12288:16:16:512:8:8:1:1:1:4:4:2:1:1:1:4:23:2:2:0,contract_global,0.279458808899,0.994982764109987,1.02048879605874,within_noise,regressed,1.000784312362554,1,1
balanced_racing_net_log21,Ascend910B3,20,external_v4_skinny_n,4608,101,12288,fp16,0,0,8:4608:384:384:128:128:128:6:9:1:3:0:3:3:2:2:2:1:1:1:1:1:3,contract_global,0.279275608063,0.994330497414936,1.01981980873488,within_noise,regressed,1.0003559572922687,1,1
balanced_racing_net_log21,Ascend910B3,20,external_v4_skinny_n,4608,101,12288,fp16,0,0,4:1152:240:64:32:80:16:8:12:2:3:1:4:4:1:2:1:2:1:2:1:1:2,contract_global,0.271236000061,0.99873335043591,0.972467123580237,within_noise,improved,1.000454533932466,1,1
balanced_racing_net_log21,Ascend910B3,20,external_v4_skinny_n,4608,101,12288,fp16,0,0,8:384:128:384:128:128:128:9:6:3:1:1:3:3:2:2:2:1:1:12:1:0:3,contract_global,0.284276008606,1.04674870024691,1.01921969181938,regressed,regressed,1.0224855842283886,1,1
balanced_racing_net_log21,Ascend910B3,20,external_v4_skinny_n,4608,101,12288,fp16,0,0,1:4608:608:12288:32:608:16:8:4:1:1:0:4:4:1:2:1:1:1:1:1:0:0,contract_global,0.27374080658,1.00493205704227,0.992519309490609,within_noise,within_noise,1.001473321625352,1,1
balanced_racing_net_log21,Ascend910B3,20,external_v4_skinny_n,4608,101,12288,fp16,0,0,20:192:576:16:16:192:16:2:6:2:3:0:1:1:2:1:1:8:1:3:1:1:2,contract_global,0.285074005127,1.04653745256597,1.03361080234268,regressed,regressed,1.0021244956207471,1,1
balanced_racing_net_log21,Ascend910B3,20,external_v4_layout_tn,2304,3072,4608,fp16,1,0,12:2304:384:384:128:128:128:6:9:1:3:0:3:3:2:2:2:1:2:1:4:1:3,feedback_regression_counterfactual,0.449565582275,1.82172617576725,1.81586900729934,regressed,regressed,1.9892914660708079,1,1
balanced_racing_net_log21,Ascend910B3,20,external_v4_layout_tn,2304,3072,4608,fp16,1,0,12:2304:384:384:128:128:128:6:9:1:3:0:3:3:2:2:2:1:1:1:8:2:3,feedback_regression_counterfactual,0.451148796082,1.82814166251412,1.82226386713028,regressed,regressed,2.0783713793809024,1,1
balanced_racing_net_log21,Ascend910B3,20,external_v4_layout_tn,2304,3072,4608,fp16,1,0,20:576:624:4608:80:80:160:8:2:4:1:1:1:1:2:2:2:4:5:1:1:2:0,runtime_rejected,,1,1,runtime_rejected,runtime_rejected,,0,0
balanced_racing_net_log21,Ascend910B3,20,external_v4_layout_tn,2304,3072,4608,fp16,1,0,12:384:3072:384:128:128:128:9:6:3:1:1:3:3:2:2:2:1:1:6:1:1:3,feedback_regression_counterfactual,0.461926803589,1.86735171968443,1.86579800445075,regressed,regressed,2.0498291974126444,1,1
balanced_racing_net_log21,Ascend910B3,20,external_v4_layout_tn,2304,3072,4608,fp16,1,0,12:2304:384:384:128:128:128:6:9:1:3:0:3:3:2:2:1:1:1:1:8:1:3,feedback_regression_counterfactual,0.67464881897,2.73319393445243,2.73337100163757,regressed,regressed,2.264041770088463,1,1
balanced_racing_net_log21,Ascend910B3,20,external_v4_layout_tn,2304,3072,4608,fp16,1,0,12:384:3072:384:128:128:128:9:6:3:1:1:3:3:2:2:1:1:1:6:1:0:3,feedback_regression_counterfactual,0.671658401489,2.72107890409743,2.72125518642055,regressed,regressed,2.2949682262660422,1,1
balanced_racing_net_log21,Ascend910B3,20,external_v4_layout_tn,2304,3072,4608,fp16,1,0,12:384:3072:384:128:128:128:9:6:3:1:1:3:3:2:2:2:2:1:3:1:0:3,feedback_regression_counterfactual,0.450796394348,1.8263041986589,1.82642251391535,regressed,regressed,2.2378436896154006,1,1
balanced_racing_net_log21,Ascend910B3,20,external_v4_layout_tn,2304,3072,4608,fp16,1,0,11:384:3072:384:128:128:128:9:6:3:1:1:3:3:2:2:2:1:1:6:1:0:3,feedback_regression_counterfactual,0.838614425659,3.39746516574022,3.39768526705887,regressed,regressed,2.5653626757651136,1,1
balanced_racing_net_log21,Ascend910B3,20,external_v4_layout_tn,2304,3072,4608,fp16,1,0,9:384:3072:384:128:128:128:9:6:3:1:1:3:3:2:2:2:1:1:6:1:0:3,feedback_regression_counterfactual,0.829388427734,3.35210274864428,3.36419493843936,regressed,regressed,2.7442489823816403,1,1
balanced_racing_net_log21,Ascend910B3,20,external_v4_layout_tn,2304,3072,4608,fp16,1,0,11:2304:384:384:128:128:128:6:9:1:3:0:3:3:2:2:2:1:1:1:8:1:3,feedback_regression_counterfactual,0.838468780518,3.38880241132451,3.40102698944428,regressed,regressed,2.4938588438404548,1,1
balanced_racing_net_log21,Ascend910B3,20,external_v4_layout_tn,2304,3072,4608,fp16,1,0,9:2304:384:384:128:128:128:6:9:1:3:0:3:3:2:2:2:1:1:1:8:1:3,feedback_regression_counterfactual,0.836321563721,3.38012409958424,3.39231737204441,regressed,regressed,2.7140820292617596,1,1
balanced_racing_net_log21,Ascend910B3,20,external_v4_layout_tn,2304,3072,4608,fp16,1,0,8:2304:384:384:128:128:128:6:9:1:3:0:3:3:2:2:1:1:1:1:8:1:3,feedback_regression_counterfactual,1.34352920532,5.43008292790453,5.4496711082976,regressed,regressed,3.2507849655201655,1,1
balanced_racing_net_log21,Ascend910B3,20,external_v4_layout_tn,2304,3072,4608,fp16,1,0,11:224:3072:1024:32:32:64:96:32:3:2:0:16:16:1:1:1:6:1:2:1:2:2,feedback_regression_counterfactual,8.5375201416,34.6474320578732,34.654182788015,regressed,regressed,17.52985781277567,1,1
balanced_racing_net_log21,Ascend910B3,20,external_v4_layout_tn,2304,3072,4608,fp16,1,0,16:576:768:1024:48:16:128:24:16:3:2:0:8:8:1:2:1:1:1:4:4:1:2,feedback_regression_counterfactual,6.90164550781,28.008635980114,28.0140932025666,regressed,regressed,15.258747364040055,1,1
balanced_racing_net_log21,Ascend910B3,20,external_v4_layout_tn,2304,3072,4608,fp16,1,0,20:224:224:1024:48:16:128:16:8:1:1:0:8:8:1:1:2:3:3:5:6:2:2,feedback_regression_counterfactual,13.5289526367,54.9039369185049,54.914634440195,regressed,regressed,21.39264826173609,1,1
balanced_racing_net_log21,Ascend910B3,20,external_v4_layout_tn,2304,3072,4608,fp16,1,0,10:240:3072:96:48:128:32:6:18:2:3:1:3:3:2:1:1:5:1:2:1:0:2,feedback_regression_counterfactual,4.17695587158,16.9511511971889,16.9544539714745,regressed,regressed,13.353223417680358,1,1
balanced_racing_net_log21,Ascend910B3,20,external_v4_layout_tn,2304,3072,4608,fp16,1,0,12:192:3072:160:16:16:80:8:8:4:4:1:2:2:2:1:2:6:1:2:1:1:2,feedback_regression_counterfactual,28.8118188477,117.146932837507,116.794569681317,regressed,regressed,27.263408014302286,1,1
balanced_racing_net_log21,Ascend910B3,20,external_v4_layout_tn,2304,3072,4608,fp16,1,0,20:240:1536:2304:32:32:32:72:72:1:1:0:72:72:2:2:1:5:1:2:2:1:2,contract_global,11.5169689941,46.8272274089394,46.6863770319732,regressed,regressed,19.716680099932525,1,1
balanced_racing_net_log21,Ascend910B3,20,external_v4_layout_tn,2304,3072,4608,fp16,1,0,14:176:3072:1280:16:16:80:16:32:1:1:0:16:16:1:2:2:14:1:1:1:0:2,feedback_regression_counterfactual,36.7123486328,149.269959745615,148.820974587614,regressed,regressed,28.183829312644562,1,1
balanced_racing_net_log21,Ascend910B3,20,external_v4_layout_tn,2304,3072,4608,fp16,1,0,14:176:3072:1280:16:16:80:16:32:1:1:1:16:16:1:2:1:14:1:1:1:0:2,feedback_regression_counterfactual,19.364597168,78.7351598962325,78.4983344943021,regressed,regressed,28.183829312644562,1,1
balanced_racing_net_log21,Ascend910B3,20,external_v4_layout_tn,2304,3072,4608,fp16,1,0,5:2304:384:384:128:128:128:6:9:1:3:0:3:3:2:2:2:1:1:1:8:1:3,feedback_regression_counterfactual,1.21292922974,4.91004821583067,4.90758491627336,regressed,regressed,3.585657034527875,1,1
balanced_racing_net_log21,Ascend910B3,20,external_v4_layout_tn,2304,3072,4608,fp16,1,0,14:176:3072:480:16:16:80:6:12:1:1:0:6:6:1:2:1:14:1:1:1:0:2,contract_global,37.97375,153.72120554466,153.64408585847,regressed,regressed,28.183829312644548,1,1
balanced_racing_net_log21,Ascend910B3,20,external_v4_layout_tn,2304,3072,4608,fp16,1,0,4:2304:384:384:128:128:128:6:9:1:3:0:3:3:2:2:2:1:2:1:4:1:3,feedback_regression_counterfactual,1.21297317505,4.8940994790229,4.90916637027483,regressed,regressed,3.762622110579789,1,1
balanced_racing_net_log21,Ascend910B3,20,external_v4_layout_tn,2304,3072,4608,fp16,1,0,14:176:3072:640:16:16:80:8:16:1:1:0:8:8:1:2:1:14:1:1:1:0:2,contract_global,37.904519043,152.937006948464,153.407836212086,regressed,regressed,28.183829312644548,1,1
balanced_racing_net_log21,Ascend910B3,20,external_v4_layout_nt,2176,2944,4352,fp16,0,1,20:544:592:4352:64:16:256:4:8:1:2:0:4:4:2:1:1:4:5:1:1:0:0,runtime_rejected,,1,1,runtime_rejected,runtime_rejected,,0,0
balanced_racing_net_log21,Ascend910B3,20,external_v4_layout_nt,2176,2944,4352,fp16,0,1,12:384:2944:384:128:128:128:9:6:3:1:1:3:3:2:2:2:1:1:6:1:1:3,feedback_regression_counterfactual,0.412051200867,1.77161299211135,1.76738301391309,regressed,regressed,2.2094597958035234,1,1
balanced_racing_net_log21,Ascend910B3,20,external_v4_layout_nt,2176,2944,4352,fp16,0,1,12:384:2944:384:128:128:128:9:6:3:1:1:3:3:2:2:2:2:1:3:1:0:3,feedback_regression_counterfactual,0.410232810974,1.76265807047012,1.76385039839074,regressed,regressed,2.2009148435849024,1,1
balanced_racing_net_log21,Ascend910B3,20,external_v4_layout_nt,2176,2944,4352,fp16,0,1,12:2176:384:384:128:128:128:6:9:1:3:0:3:3:2:2:1:1:1:1:8:1:3,feedback_regression_counterfactual,0.607230796814,2.60910447923669,2.61086937520317,regressed,regressed,2.2113357829913403,1,1
balanced_racing_net_log21,Ascend910B3,20,external_v4_layout_nt,2176,2944,4352,fp16,0,1,12:2176:384:384:128:128:128:6:9:1:3:0:3:3:2:2:2:1:2:1:4:1:3,feedback_regression_counterfactual,0.409597206116,1.75992705041722,1.76111753097533,regressed,regressed,2.2391588161526887,1,1
balanced_racing_net_log21,Ascend910B3,20,external_v4_layout_nt,2176,2944,4352,fp16,0,1,12:2176:384:384:128:128:128:6:9:1:3:0:3:3:2:2:2:1:1:1:8:2:3,feedback_regression_counterfactual,0.412378005981,1.77187538607645,1.7730739489367,regressed,regressed,2.1985799992694957,1,1
balanced_racing_net_log21,Ascend910B3,20,external_v4_layout_nt,2176,2944,4352,fp16,0,1,12:384:2944:384:128:128:128:9:6:3:1:1:3:3:2:2:1:1:1:6:1:0:3,feedback_regression_counterfactual,0.610675582886,2.61649326273848,2.61685948954683,regressed,regressed,2.297031667220367,1,1
balanced_racing_net_log21,Ascend910B3,20,external_v4_layout_nt,2176,2944,4352,fp16,0,1,17:128:2944:1280:16:16:160:32:32:4:4:0:8:8:1:1:1:17:1:1:1:2:2,feedback_regression_counterfactual,7.06786132812,30.2828736979949,30.287112348346,regressed,regressed,16.630079995894572,1,1
balanced_racing_net_log21,Ascend910B3,20,external_v4_layout_nt,2176,2944,4352,fp16,0,1,14:160:2944:1280:16:16:80:32:48:2:3:1:16:16:2:2:1:14:1:1:1:1:2,feedback_regression_counterfactual,9.95637695312,42.7555753952074,42.7754145857384,regressed,regressed,19.18154037671112,1,1
balanced_racing_net_log21,Ascend910B3,20,external_v4_layout_nt,2176,2944,4352,fp16,0,1,14:160:2944:1280:16:16:80:32:48:2:3:1:16:16:2:2:2:14:1:1:1:0:2,feedback_regression_counterfactual,9.33746948242,40.0978068966577,40.1164128450504,regressed,regressed,19.181540376711112,1,1
balanced_racing_net_log21,Ascend910B3,20,external_v4_layout_nt,2176,2944,4352,fp16,0,1,10:224:2944:192:32:32:32:12:18:2:3:1:6:6:2:2:2:1:1:10:1:2:2,contract_global,11.5003820801,49.4948042260643,49.4333917870134,regressed,regressed,13.57945686331522,1,1
balanced_racing_net_log21,Ascend910B3,20,external_v4_layout_nt,2176,2944,4352,fp16,0,1,14:160:2944:1280:16:16:80:32:48:2:3:0:16:16:2:2:1:14:1:1:1:0:2,feedback_regression_counterfactual,9.73798950195,41.9099018272759,41.857900625706,regressed,regressed,19.181540376711112,1,1
balanced_racing_net_log21,Ascend910B3,20,external_v4_layout_nt,2176,2944,4352,fp16,0,1,20:736:432:2176:48:16:64:34:34:1:1:0:34:34:1:2:1:3:4:1:2:2:2,contract_global,8.10573608398,34.8850862336126,34.8418013218784,regressed,regressed,17.12052256908573,1,1
balanced_racing_net_log21,Ascend910B3,20,external_v4_layout_nt,2176,2944,4352,fp16,0,1,13:176:2944:1280:16:16:80:16:32:1:1:0:16:16:1:2:2:13:1:1:1:0:2,feedback_regression_counterfactual,13.3767102051,57.5700570798058,57.4986249834308,regressed,regressed,22.032400256020612,1,1
balanced_racing_net_log21,Ascend910B3,20,external_v4_layout_nt,2176,2944,4352,fp16,0,1,13:176:2944:1280:16:16:80:32:32:1:1:1:16:16:1:2:1:13:1:1:1:1:2,feedback_regression_counterfactual,14.2182458496,61.1740922956431,61.0088988104909,regressed,regressed,21.777296567328776,1,1
balanced_racing_net_log21,Ascend910B3,20,external_v4_layout_nt,2176,2944,4352,fp16,0,1,13:176:2944:1280:16:16:80:16:16:1:1:0:16:16:1:2:1:7:1:2:1:0:2,feedback_regression_counterfactual,14.2187927246,61.176445228857,61.0112453899428,regressed,regressed,22.569418115752317,1,1
balanced_racing_net_log21,Ascend910B3,20,external_v4_layout_nt,2176,2944,4352,fp16,0,1,4:384:2944:384:128:128:128:9:6:3:1:1:3:3:2:2:1:1:1:6:1:0:3,feedback_regression_counterfactual,1.83025360107,7.86835832058279,7.85341299671613,regressed,regressed,5.35569215900619,1,1
balanced_racing_net_log21,Ascend910B3,20,external_v4_layout_nt,2176,2944,4352,fp16,0,1,4:384:2944:384:128:128:128:9:6:3:1:1:3:3:2:2:2:1:1:6:1:1:3,feedback_regression_counterfactual,1.10495002747,4.75023938618813,4.74121668240683,regressed,regressed,5.35569215900619,1,1
balanced_racing_net_log21,Ascend910B3,20,external_v4_layout_nt,2176,2944,4352,fp16,0,1,13:176:2944:320:16:16:80:4:8:1:1:0:4:4:1:2:1:13:1:1:1:0:2,contract_global,24.159152832,103.633088789389,103.625973973356,regressed,regressed,18.684818535379737,1,1
balanced_racing_net_log21,Ascend910B3,20,external_v4_layout_nt,2176,2944,4352,fp16,0,1,13:176:2944:480:16:16:80:6:6:1:1:0:6:6:1:2:1:7:1:2:1:2:2,contract_global,21.6720532227,92.9644276638274,92.9580452929288,regressed,regressed,20.252894686662753,1,1
balanced_racing_net_log21,Ascend910B3,20,external_v4_layout_nt,2176,2944,4352,fp16,0,1,13:176:2944:1280:16:16:80:16:16:1:1:0:16:16:1:2:2:7:1:2:1:2:2,feedback_regression_counterfactual,14.5219812012,62.4554768200959,62.4347132292683,regressed,regressed,22.569418115752317,1,1
balanced_racing_net_log21,Ascend910B3,20,external_v4_layout_nt,2176,2944,4352,fp16,0,1,13:176:2944:480:16:16:80:6:12:1:1:0:6:6:1:2:1:13:1:1:1:0:2,contract_global,19.1927941895,82.5434970617804,82.5160551227702,regressed,regressed,19.915430987387367,1,1
balanced_racing_net_log21,Ascend910B3,20,external_v4_layout_nt,2176,2944,4352,fp16,0,1,13:176:2944:640:16:16:80:8:8:1:1:0:8:8:1:2:1:7:1:2:1:2:2,contract_global,17.2314050293,74.1080436944401,74.0834061577044,regressed,regressed,21.3697805835446,1,1
balanced_racing_net_log21,Ascend910B3,20,external_v4_layout_nt,2176,2944,4352,fp16,0,1,5:384:2944:384:128:128:128:9:6:3:1:1:3:3:2:2:2:1:1:6:1:0:3,feedback_regression_counterfactual,1.10849357605,4.76735879803328,4.76577386917311,regressed,regressed,4.756987190118143,1,1
balanced_racing_net_log21,Ascend910B3,20,external_v4_layout_tt,1792,2304,3584,fp16,1,1,20:448:464:3584:48:48:16:32:32:4:2:0:8:8:1:2:1:1:5:4:1:0:0,runtime_rejected,,1,1,runtime_rejected,runtime_rejected,,0,0
balanced_racing_net_log21,Ascend910B3,20,external_v4_layout_tt,1792,2304,3584,fp16,1,1,11:176:2304:3584:32:176:16:4:4:1:2:0:2:2:1:2:1:6:1:2:1:0:0,runtime_rejected,,1,1,runtime_rejected,runtime_rejected,,0,0
balanced_racing_net_log21,Ascend910B3,20,external_v4_layout_tt,1792,2304,3584,fp16,1,1,16:448:576:3584:48:48:16:32:32:2:2:0:8:8:1:1:1:1:1:4:4:0:0,runtime_rejected,,1,1,runtime_rejected,runtime_rejected,,0,0
balanced_racing_net_log21,Ascend910B3,20,external_v4_layout_tt,1792,2304,3584,fp16,1,1,14:256:1152:3584:144:64:16:4:4:1:1:0:4:4:1:2:1:7:1:1:2:0:0,runtime_rejected,,1,1,runtime_rejected,runtime_rejected,,0,0
balanced_racing_net_log21,Ascend910B3,20,external_v4_layout_tt,1792,2304,3584,fp16,1,1,13:144:2304:3584:64:176:32:4:8:1:4:0:2:2:1:2:1:7:1:2:1:0:0,runtime_rejected,,1,1,runtime_rejected,runtime_rejected,,0,0
balanced_racing_net_log21,Ascend910B3,20,external_v4_layout_tt,1792,2304,3584,fp16,1,1,11:176:2304:3584:32:80:16:8:8:2:4:0:2:2:2:2:2:6:1:2:1:0:0,runtime_rejected,,1,1,runtime_rejected,runtime_rejected,,0,0
balanced_racing_net_log21,Ascend910B3,20,external_v4_layout_tt,1792,2304,3584,fp16,1,1,13:144:2304:3584:32:16:32:4:4:2:4:0:1:1:1:2:1:7:1:2:1:0:0,runtime_rejected,,1,1,runtime_rejected,runtime_rejected,,0,0
balanced_racing_net_log21,Ascend910B3,20,external_v4_layout_tt,1792,2304,3584,fp16,1,1,20:80:768:3584:16:32:16:1:2:1:2:0:1:1:2:2:2:5:1:5:3:0:0,runtime_rejected,,1,1,runtime_rejected,runtime_rejected,,0,0
balanced_racing_net_log21,Ascend910B3,20,external_v4_layout_tt,1792,2304,3584,fp16,1,1,20:192:176:192:64:64:48:24:16:3:2:0:4:4:1:2:1:4:4:3:4:1:2,contract_global,1.6705947876,13.1953648316785,13.2032210136342,regressed,regressed,2.267569536033108,1,1
balanced_racing_net_log21,Ascend910B3,20,external_v4_layout_tt,1792,2304,3584,fp16,1,1,20:192:176:192:64:64:48:24:8:3:2:0:4:4:1:2:1:4:4:3:4:0:2,contract_global,1.67101882935,13.1987141690885,13.2065723451429,regressed,regressed,2.342896505011614,1,1
balanced_racing_net_log21,Ascend910B3,20,external_v4_layout_tt,1792,2304,3584,fp16,1,1,20:192:176:192:64:64:48:12:16:3:2:0:4:4:1:2:1:4:4:3:4:0:2,contract_global,1.76096603394,13.9893178519177,13.9805072638405,regressed,regressed,2.3771846227016864,1,1
balanced_racing_net_log21,Ascend910B3,20,external_v4_layout_tt,1792,2304,3584,fp16,1,1,9:1792:384:384:128:128:128:6:9:1:3:0:3:3:2:2:2:1:1:1:6:1:3,feedback_regression_counterfactual,0.506553993225,4.02412351164532,4.02158908537833,regressed,regressed,2.675550052125091,1,1
balanced_racing_net_log21,Ascend910B3,20,external_v4_layout_tt,1792,2304,3584,fp16,1,1,8:384:2304:384:128:128:128:9:6:3:1:1:3:3:2:2:2:1:1:5:1:1:3,feedback_regression_counterfactual,0.50385559082,4.00268709083047,4.00016616539845,regressed,regressed,2.665167848942806,1,1
balanced_racing_net_log21,Ascend910B3,20,external_v4_layout_tt,1792,2304,3584,fp16,1,1,9:384:2304:384:128:128:128:9:6:3:1:1:3:3:2:2:2:1:1:5:1:0:3,feedback_regression_counterfactual,0.503994407654,4.00378986782361,4.00126824784169,regressed,regressed,2.6417552713350925,1,1
balanced_racing_net_log21,Ascend910B3,20,external_v4_layout_tt,1792,2304,3584,fp16,1,1,10:1792:384:384:128:128:128:6:9:1:3:0:3:3:2:2:1:1:1:1:6:1:3,feedback_regression_counterfactual,0.407587585449,3.20212322780117,3.19942527313,regressed,regressed,2.7431908633049367,1,1
balanced_racing_net_log21,Ascend910B3,20,external_v4_layout_tt,1792,2304,3584,fp16,1,1,1:1792:384:384:128:128:128:6:9:1:3:0:3:3:2:2:2:1:1:1:6:1:3,runtime_rejected,,1,1,runtime_rejected,runtime_rejected,,0,0
balanced_racing_net_log21,Ascend910B3,20,external_v4_layout_tt,1792,2304,3584,fp16,1,1,12:160:2304:320:16:16:80:16:16:4:4:0:4:4:2:1:1:1:1:12:1:1:2,feedback_regression_counterfactual,10.9733581543,86.209801984066,86.1371657611363,regressed,regressed,17.888270239050218,1,1
balanced_racing_net_log21,Ascend910B3,20,external_v4_layout_tt,1792,2304,3584,fp16,1,1,4:1792:384:384:128:128:128:6:9:1:3:0:3:3:2:2:2:1:1:1:6:1:3,contract_global,0.724122772217,5.68891308633937,5.68411988242069,regressed,regressed,2.653014583630573,1,1
balanced_racing_net_log21,Ascend910B3,20,external_v4_layout_tt,1792,2304,3584,fp16,1,1,14:128:2304:640:16:16:80:16:24:2:3:1:8:8:2:2:1:5:1:3:1:0:2,contract_global,5.60392456055,44.051623727566,44.0987693205584,regressed,regressed,14.580473109919877,1,1
balanced_racing_net_log21,Ascend910B3,20,external_v4_layout_tt,1792,2304,3584,fp16,1,1,19:96:2304:1280:16:16:160:32:32:4:4:0:8:8:1:1:1:7:1:3:1:2:2,feedback_regression_counterfactual,4.0142364502,31.5553201594601,31.5890917699785,regressed,regressed,13.510394437098743,1,1
balanced_racing_net_log21,Ascend910B3,20,external_v4_layout_tt,1792,2304,3584,fp16,1,1,18:304:768:16:32:32:16:1:1:1:1:1:1:1:2:2:2:1:3:6:1:0:2,contract_global,27.4340820312,218.909913092796,219.034590966336,regressed,regressed,9.680337932301464,1,1
balanced_racing_net_log21,Ascend910B3,20,external_v4_layout_tt,1792,2304,3584,fp16,1,1,8:896:576:368:16:192:16:92:69:2:3:0:23:23:2:1:1:1:2:2:2:1:2,contract_global,5.47811889648,43.7125809487122,43.7374769963893,regressed,regressed,13.372801393689802,1,1
balanced_racing_net_log21,Ascend910B3,20,external_v4_layout_tt,1792,2304,3584,fp16,1,1,20:608:48:352:128:16:16:88:66:2:3:1:22:22:1:1:1:1:48:3:1:2:2,contract_global,3.63883636475,29.0360490816231,29.0525862625888,regressed,regressed,11.666761394258458,1,1
balanced_racing_net_log21,Ascend910B3,20,external_v4_layout_tt,1792,2304,3584,fp16,1,1,4:384:2304:384:128:128:128:9:6:3:1:1:3:3:2:2:2:1:1:5:1:0:3,contract_global,0.725492401123,5.7890575051432,5.79235460289211,regressed,regressed,4.5251995870322475,1,1
balanced_racing_net_log21,Ascend910B3,20,external_v4_bf16_aligned,3072,4096,6144,bf16,0,0,16:3072:384:384:128:128:128:6:9:1:3:0:3:3:2:2:2:1:3:1:5:1:3,feedback_regression_counterfactual,0.895054016113,1.54553441216992,1.5434786574712,regressed,regressed,1.5657426479022576,1,1
balanced_racing_net_log21,Ascend910B3,20,external_v4_bf16_aligned,3072,4096,6144,bf16,0,0,16:3072:384:384:128:128:128:6:9:1:3:0:3:3:2:2:2:1:1:1:11:2:3,feedback_regression_counterfactual,0.854140014648,1.47488616517627,1.47292438150905,regressed,regressed,1.6017323854687642,1,1
balanced_racing_net_log21,Ascend910B3,20,external_v4_bf16_aligned,3072,4096,6144,bf16,0,0,20:464:224:6144:464:48:32:4:8:1:2:1:4:4:2:1:1:7:10:1:2:2:0,runtime_rejected,,1,1,runtime_rejected,runtime_rejected,,0,0
balanced_racing_net_log21,Ascend910B3,20,external_v4_bf16_aligned,3072,4096,6144,bf16,0,0,20:768:832:6144:48:16:512:4:4:1:1:0:4:4:1:1:1:2:2:2:3:1:0,runtime_rejected,,1,1,runtime_rejected,runtime_rejected,,0,0
balanced_racing_net_log21,Ascend910B3,20,external_v4_bf16_aligned,3072,4096,6144,bf16,0,0,16:3072:384:384:128:128:128:6:9:1:3:0:3:3:2:2:1:1:1:1:11:1:3,feedback_regression_counterfactual,1.22667800903,2.11620991984794,2.11366232258796,regressed,regressed,1.8171500153979714,1,1
balanced_racing_net_log21,Ascend910B3,20,external_v4_bf16_aligned,3072,4096,6144,bf16,0,0,8:3072:384:384:128:128:128:6:9:1:3:0:3:3:2:2:2:1:1:1:11:2:3,feedback_regression_counterfactual,1.47314880371,2.54141028768291,2.53835081336804,regressed,regressed,2.2869475673896926,1,1
balanced_racing_net_log21,Ascend910B3,20,external_v4_bf16_aligned,3072,4096,6144,bf16,0,0,15:3072:384:384:128:128:128:6:9:1:3:0:3:3:2:2:2:1:1:1:11:1:3,feedback_regression_counterfactual,1.56335403442,2.69485255943998,2.69472881788679,regressed,regressed,1.8672952014892368,1,1
balanced_racing_net_log21,Ascend910B3,20,external_v4_bf16_aligned,3072,4096,6144,bf16,0,0,16:384:4096:384:128:128:128:9:6:3:1:1:3:3:2:2:1:1:1:8:1:0:3,feedback_regression_counterfactual,1.29187561035,2.226887971876,2.22678571819828,regressed,regressed,1.9686471330115163,1,1
balanced_racing_net_log21,Ascend910B3,20,external_v4_bf16_aligned,3072,4096,6144,bf16,0,0,16:384:4096:384:128:128:128:9:6:3:1:1:3:3:2:2:2:1:1:8:1:1:3,feedback_regression_counterfactual,1.22309280396,2.10952996649226,2.10822587412395,regressed,regressed,1.8744537820838278,1,1
balanced_racing_net_log21,Ascend910B3,20,external_v4_bf16_aligned,3072,4096,6144,bf16,0,0,8:3072:384:384:128:128:128:6:9:1:3:0:3:3:2:2:1:1:1:1:11:1:3,feedback_regression_counterfactual,2.35243438721,4.05736246502088,4.05485424020079,regressed,regressed,2.6147558749929454,1,1
balanced_racing_net_log21,Ascend910B3,20,external_v4_bf16_aligned,3072,4096,6144,bf16,0,0,15:384:4096:384:128:128:128:9:6:3:1:1:3:3:2:2:2:1:1:8:1:0:3,feedback_regression_counterfactual,1.94654632568,3.36375038975005,3.36113294667797,regressed,regressed,2.1519939208127186,1,1
balanced_racing_net_log21,Ascend910B3,20,external_v4_bf16_aligned,3072,4096,6144,bf16,0,0,9:3072:384:384:128:128:128:6:9:1:3:0:3:3:2:2:2:1:1:1:11:1:3,feedback_regression_counterfactual,1.48597686768,2.56785836631122,2.56586023258707,regressed,regressed,2.355302528850462,1,1
balanced_racing_net_log21,Ascend910B3,20,external_v4_bf16_aligned,3072,4096,6144,bf16,0,0,14:224:4096:1280:16:16:80:32:48:2:3:1:16:16:2:2:1:14:1:1:1:1:2,feedback_regression_counterfactual,33.4881323242,57.8844672480226,57.926520148045,regressed,regressed,20.68570365824595,1,1
balanced_racing_net_log21,Ascend910B3,20,external_v4_bf16_aligned,3072,4096,6144,bf16,0,0,20:320:2048:3072:32:32:32:96:96:1:1:0:96:96:2:2:1:10:1:1:2:2:2,contract_global,16.2827661133,28.1448733141374,28.1653204841407,regressed,regressed,17.403501096299948,1,1
balanced_racing_net_log21,Ascend910B3,20,external_v4_bf16_aligned,3072,4096,6144,bf16,0,0,20:256:288:256:48:16:64:32:32:4:4:0:4:4:2:2:2:4:4:3:4:2:2,feedback_regression_counterfactual,14.4308007812,24.9437384890751,24.9618600437799,regressed,regressed,13.475833663150109,1,1
balanced_racing_net_log21,Ascend910B3,20,external_v4_bf16_aligned,3072,4096,6144,bf16,0,0,3:3072:384:384:128:128:128:6:9:1:3:0:3:3:2:2:2:1:1:1:11:1:3,feedback_regression_counterfactual,4.23134643555,7.31391144161362,7.31922497733518,regressed,regressed,3.4428179695388796,1,1
balanced_racing_net_log21,Ascend910B3,20,external_v4_bf16_aligned,3072,4096,6144,bf16,0,0,20:384:160:512:96:48:32:48:64:3:2:0:16:16:1:2:1:1:13:8:2:1:2,contract_global,7.16445251465,12.3625788506434,12.3634604845677,regressed,regressed,6.467554111412035,1,1
balanced_racing_net_log21,Ascend910B3,20,external_v4_bf16_aligned,3072,4096,6144,bf16,0,0,20:288:240:32:64:32:16:16:16:4:4:1:2:2:2:2:2:11:2:1:10:2:2,contract_global,44.766171875,77.2460042848863,77.2515130625596,regressed,regressed,11.996935262296345,1,1
balanced_racing_net_log21,Ascend910B3,20,external_v4_bf16_aligned,3072,4096,6144,bf16,0,0,20:1024:96:512:80:48:32:48:64:3:2:0:16:16:1:2:1:3:5:1:9:0:2,contract_global,6.01003601074,10.3653115656307,10.3713218250372,regressed,regressed,11.766672385054267,1,1
balanced_racing_net_log21,Ascend910B3,20,external_v4_bf16_aligned,3072,4096,6144,bf16,0,0,5:3072:384:384:128:128:128:6:9:1:3:0:3:3:2:2:2:1:1:1:11:1:3,feedback_regression_counterfactual,2.83771392822,4.89411194002407,4.89694975943751,regressed,regressed,3.6486859096080853,1,1
balanced_racing_net_log21,Ascend910B3,20,external_v4_bf16_aligned,3072,4096,6144,bf16,0,0,4:3072:384:384:128:128:128:6:9:1:3:0:3:3:2:2:2:1:3:1:5:1:3,feedback_regression_counterfactual,2.84093109131,4.88560603287279,4.88695092595884,regressed,regressed,3.8637366452960107,1,1
balanced_racing_net_log21,Ascend910B3,20,external_v4_bf16_aligned,3072,4096,6144,bf16,0,0,5:384:4096:384:128:128:128:9:6:3:1:1:3:3:2:2:2:1:1:8:1:0:3,feedback_regression_counterfactual,2.79704681396,4.81013736316142,4.81146148149578,regressed,regressed,3.364524541494623,1,1
balanced_racing_net_log21,Ascend910B3,20,external_v4_bf16_aligned,3072,4096,6144,bf16,0,0,13:240:4096:1280:16:16:80:32:32:1:1:0:16:16:1:2:1:7:1:2:1:1:2,feedback_regression_counterfactual,75.1622705078,130.083845234407,130.133848320619,regressed,regressed,23.962490337197025,1,1
balanced_racing_net_log21,Ascend910B3,20,external_v4_bf16_aligned,3072,4096,6144,bf16,0,0,11:288:4096:256:32:32:64:12:8:3:2:0:4:4:1:1:1:1:1:11:1:0:2,contract_global,19.2444177246,33.306442713899,33.3192454175986,regressed,regressed,21.41747064997926,1,1
balanced_racing_net_log21,Ascend910B3,20,external_v4_bf16_odd,1279,1793,3587,bf16,0,0,10:1280:384:384:128:128:128:6:9:1:3:0:3:3:2:2:2:1:3:1:2:1:3,feedback_regression_counterfactual,0.225856800079,1.85670322467276,1.83826670199234,regressed,regressed,1.3761294986458044,1,1
balanced_racing_net_log21,Ascend910B3,20,external_v4_bf16_odd,1279,1793,3587,bf16,0,0,10:1280:384:384:128:128:128:6:9:1:3:0:3:3:2:2:2:1:1:1:5:2:3,feedback_regression_counterfactual,0.224164791107,1.84279370982281,1.82449530457667,regressed,regressed,1.3803973614134606,1,1
balanced_racing_net_log21,Ascend910B3,20,external_v4_bf16_odd,1279,1793,3587,bf16,0,0,14:192:912:384:48:48:48:16:48:2:3:1:8:8:1:1:1:2:1:4:2:2:2,contract_global,1.21995079041,9.93084069054173,9.90670111799385,regressed,regressed,1.1484131657322558,1,1
balanced_racing_net_log21,Ascend910B3,20,external_v4_bf16_odd,1279,1793,3587,bf16,0,0,14:192:912:384:48:48:48:32:24:2:3:1:8:8:1:1:1:2:1:4:2:2:2,contract_global,1.2040184021,9.80114528698885,9.77732097393718,regressed,regressed,1.1512474854936043,1,1
balanced_racing_net_log21,Ascend910B3,20,external_v4_bf16_odd,1279,1793,3587,bf16,0,0,10:1280:384:384:128:128:128:6:9:1:3:0:3:3:2:2:1:1:1:1:5:1:3,feedback_regression_counterfactual,0.29913520813,2.43657621991479,2.44026001920791,regressed,regressed,1.4277624508421884,1,1
balanced_racing_net_log21,Ascend910B3,20,external_v4_bf16_odd,1279,1793,3587,bf16,0,0,14:96:1808:240:16:16:80:12:12:4:4:0:3:3:2:1:1:1:1:14:1:1:2,contract_global,5.76377746582,46.9482786659591,47.019258606707,regressed,regressed,1.079636597948225,1,1
balanced_racing_net_log21,Ascend910B3,20,external_v4_bf16_odd,1279,1793,3587,bf16,0,0,14:96:1808:256:48:96:64:8:12:2:3:1:4:4:1:1:1:5:1:3:1:0:2,contract_global,0.800648803711,6.52160555697967,6.53146541103581,regressed,regressed,1.1152927609449637,1,1
balanced_racing_net_log21,Ascend910B3,20,external_v4_bf16_odd,1279,1793,3587,bf16,0,0,14:192:912:192:48:48:48:16:24:2:3:1:4:4:1:1:1:3:1:3:2:0:2,contract_global,1.51016998291,12.300940071172,12.3195375580956,regressed,regressed,1.1025526551279805,1,1
balanced_racing_net_log21,Ascend910B3,20,external_v4_bf16_odd,1279,1793,3587,bf16,0,0,14:192:912:144:48:48:48:6:9:2:3:0:3:3:1:1:1:2:1:4:2:1:2,contract_global,1.71967636108,14.2434347377421,13.9567505737989,regressed,regressed,1.0000882834387437,1,1
balanced_racing_net_log21,Ascend910B3,20,external_v4_bf16_odd,1279,1793,3587,bf16,0,0,16:80:1808:3587:16:16:80:32:16:2:2:0:8:8:1:2:1:1:1:16:1:0:0,runtime_rejected,,1,1,runtime_rejected,runtime_rejected,,0,0
balanced_racing_net_log21,Ascend910B3,20,external_v4_bf16_odd,1279,1793,3587,bf16,0,0,9:1280:384:384:128:128:128:6:9:1:3:0:3:3:2:2:2:1:1:1:5:1:3,feedback_regression_counterfactual,0.3749036026,3.10518602071675,3.04710485641708,regressed,regressed,1.460448307625504,1,1
balanced_racing_net_log21,Ascend910B3,20,external_v4_bf16_odd,1279,1793,3587,bf16,0,0,9:144:1808:3587:144:144:96:1:2:1:2:1:1:1:2:2:1:9:1:1:1:0:0,runtime_rejected,,1,1,runtime_rejected,runtime_rejected,,0,0
balanced_racing_net_log21,Ascend910B3,20,external_v4_bf16_odd,1279,1793,3587,bf16,0,0,8:160:1808:3587:160:80:96:4:8:1:2:0:2:2:1:2:1:1:1:8:1:0:0,runtime_rejected,,1,1,runtime_rejected,runtime_rejected,,0,0
balanced_racing_net_log21,Ascend910B3,20,external_v4_bf16_odd,1279,1793,3587,bf16,0,0,8:1280:240:3587:48:240:64:8:4:4:1:0:2:2:1:1:1:1:1:1:8:0:0,runtime_rejected,,1,1,runtime_rejected,runtime_rejected,,0,0
balanced_racing_net_log21,Ascend910B3,20,external_v4_bf16_odd,1279,1793,3587,bf16,0,0,6:640:608:3587:640:48:16:1:2:1:2:0:1:1:2:2:1:2:3:1:1:0:0,runtime_rejected,,1,1,runtime_rejected,runtime_rejected,,0,0
balanced_racing_net_log21,Ascend910B3,20,external_v4_bf16_odd,1279,1793,3587,bf16,0,0,7:192:1808:3587:192:16:48:4:8:1:1:0:4:4:2:2:1:4:1:2:1:0:0,runtime_rejected,,1,1,runtime_rejected,runtime_rejected,,0,0
balanced_racing_net_log21,Ascend910B3,20,external_v4_bf16_odd,1279,1793,3587,bf16,0,0,6:544:912:3587:544:32:16:16:16:1:1:1:8:8:1:2:1:3:2:1:1:0:0,runtime_rejected,,1,1,runtime_rejected,runtime_rejected,,0,0
balanced_racing_net_log21,Ascend910B3,20,external_v4_bf16_odd,1279,1793,3587,bf16,0,0,5:256:1808:3587:256:16:80:1:1:1:1:1:1:1:1:2:1:5:1:1:1:0:0,runtime_rejected,,1,1,runtime_rejected,runtime_rejected,,0,0
balanced_racing_net_log21,Ascend910B3,20,external_v4_bf16_odd,1279,1793,3587,bf16,0,0,20:1280:48:3587:16:16:512:2:2:1:2:0:1:1:1:1:1:1:3:1:13:2:0,runtime_rejected,,1,1,runtime_rejected,runtime_rejected,,0,0
balanced_racing_net_log21,Ascend910B3,20,external_v4_bf16_odd,1279,1793,3587,bf16,0,0,20:160:160:3587:160:160:192:1:1:1:1:0:1:1:1:1:1:8:4:1:3:0:0,contract_global,0.155963602066,1.28835201471476,1.26936592643366,regressed,regressed,1.0000649643639878,1,1
balanced_racing_net_log21,Ascend910B3,20,external_v4_bf16_odd,1279,1793,3587,bf16,0,0,20:224:80:3587:48:16:256:4:16:1:2:1:4:4:2:2:2:2:4:5:7:1:0,runtime_rejected,,1,1,runtime_rejected,runtime_rejected,,0,0
balanced_racing_net_log21,Ascend910B3,20,external_v4_bf16_odd,1279,1793,3587,bf16,0,0,20:144:96:3587:48:32:320:2:3:1:3:0:1:1:2:2:1:2:3:6:7:2:0,runtime_rejected,,1,1,runtime_rejected,runtime_rejected,,0,0
balanced_racing_net_log21,Ascend910B3,20,external_v4_bf16_odd,1279,1793,3587,bf16,0,0,20:48:608:3587:48:16:256:16:16:1:1:1:8:8:1:1:1:9:1:3:3:1:0,runtime_rejected,,1,1,runtime_rejected,runtime_rejected,,0,0
balanced_racing_net_log21,Ascend910B3,20,external_v4_bf16_odd,1279,1793,3587,bf16,0,0,20:96:176:3587:48:16:512:4:8:1:4:0:2:2:1:2:1:14:3:1:5:1:0,runtime_rejected,,1,1,runtime_rejected,runtime_rejected,,0,0
balanced_racing_net_log21,Ascend910B3,20,external_v4_fp32_nn,1024,1536,2048,fp32,0,0,18:512:176:2048:16:16:1024:4:1:4:1:0:1:1:1:1:1:2:5:1:2:0:0,contract_global,0.102605600357,1.0022035826469,0.999690849973295,within_noise,within_noise,1.0027889564099666,1,1
balanced_racing_net_log21,Ascend910B3,20,external_v4_fp32_nn,1024,1536,2048,fp32,0,0,20:256:320:2048:32:112:128:4:2:2:1:0:1:1:1:1:1:4:3:1:2:0:0,contract_global,0.102308797836,0.999304554241386,0.996799090035875,within_noise,within_noise,1.005055090180642,1,1
balanced_racing_net_log21,Ascend910B3,20,external_v4_fp32_nn,1024,1536,2048,fp32,0,0,20:208:384:1024:32:32:128:16:8:1:1:0:8:8:1:1:1:1:2:5:3:2:2,contract_global,0.102589197159,1.00091575508913,1.00218036020481,within_noise,within_noise,1.006320087668856,1,1
balanced_racing_net_log21,Ascend910B3,20,external_v4_fp32_nn,1024,1536,2048,fp32,0,0,16:256:384:2048:48:48:16:4:32:1:4:0:4:4:1:1:1:1:1:4:4:0:0,contract_global,0.102257995605,0.997684373392089,0.998944895830638,within_noise,within_noise,1.004734338593754,1,1
balanced_racing_net_log21,Ascend910B3,20,external_v4_fp32_nn,1024,1536,2048,fp32,0,0,20:512:160:2048:16:16:16:32:16:2:1:0:8:8:2:2:2:1:10:2:1:0:0,contract_global,0.102966804504,1.00459989680482,1.00586915664253,within_noise,within_noise,0.9984613296912221,1,1
balanced_racing_net_log21,Ascend910B3,20,external_v4_fp32_nn,1024,1536,2048,fp32,0,0,20:256:320:2048:48:48:16:16:16:1:1:0:8:8:1:2:1:1:3:4:2:0:0,contract_global,0.103325195313,1.00809655158994,1.00937022927073,within_noise,within_noise,1.0032156600641862,1,1
balanced_racing_net_log21,Ascend910B3,20,external_v4_fp32_nn,1024,1536,2048,fp32,0,0,20:1024:80:2048:16:16:32:8:32:1:2:0:8:8:2:1:1:1:1:1:20:0:0,contract_global,0.102899198532,1.00319643006879,1.00367919915952,within_noise,within_noise,1.0028363208788047,1,1
balanced_racing_net_log21,Ascend910B3,20,external_v4_fp32_nn,1024,1536,2048,fp32,0,0,16:128:768:1056:16:16:48:66:44:3:2:0:22:22:2:1:1:2:1:4:2:2:2,contract_global,0.10233039856,0.99765102146165,0.998131121924922,within_noise,within_noise,1.0058146220451656,1,1
balanced_racing_net_log21,Ascend910B3,20,external_v4_fp32_nn,1024,1536,2048,fp32,0,0,20:208:320:2048:32:16:128:16:32:2:2:0:8:8:1:1:1:3:3:2:2:0:0,contract_global,0.103168001175,1.00785433836615,1.00814980852667,within_noise,within_noise,1.0020592267793664,1,1
balanced_racing_net_log21,Ascend910B3,20,external_v4_fp32_nn,1024,1536,2048,fp32,0,0,16:1024:96:2048:48:32:16:16:48:2:3:1:8:8:2:2:2:1:1:1:16:0:0,contract_global,0.102977199554,1.00599038598393,1.00628530969497,within_noise,within_noise,1.0019411327964993,1,1
balanced_racing_net_log21,Ascend910B3,20,external_v4_fp32_nn,1024,1536,2048,fp32,0,0,20:96:768:2048:16:16:16:16:8:4:1:1:4:4:1:1:1:3:1:5:2:0:0,contract_global,0.102284002304,0.999218500828622,0.999550484794791,within_noise,within_noise,1.003681940054707,1,1
balanced_racing_net_log21,Ascend910B3,20,external_v4_fp32_nn,1024,1536,2048,fp32,0,0,14:160:768:512:32:32:32:32:96:2:3:1:16:16:1:1:1:2:1:4:2:2:2,contract_global,0.103211202621,1.00827637586042,1.00861136925359,within_noise,within_noise,1.0067657833323937,1,1
balanced_racing_net_log21,Ascend910B3,20,external_v4_fp32_nn,1024,1536,2048,fp32,0,0,8:1024:192:2048:32:192:32:16:16:1:1:0:8:8:2:2:2:1:4:1:2:0:0,contract_global,0.102275600433,0.994331346920579,0.999468379151054,within_noise,within_noise,1.0084584128449714,1,1
balanced_racing_net_log21,Ascend910B3,20,external_v4_fp32_nn,1024,1536,2048,fp32,0,0,8:144:1536:2048:144:16:16:4:8:1:2:1:2:2:1:2:1:8:1:1:1:0:0,contract_global,0.102413196564,0.995669067207423,1.00081301053518,within_noise,within_noise,1.007807359304517,1,1
balanced_racing_net_log21,Ascend910B3,20,external_v4_fp32_nn,1024,1536,2048,fp32,0,0,20:1008:160:2048:1008:16:16:4:2:1:1:1:2:2:1:2:1:2:2:1:6:2:0,contract_global,0.102252397537,0.990696209992387,0.990254882127643,within_noise,within_noise,1.003292678930676,1,1
balanced_racing_net_log21,Ascend910B3,20,external_v4_fp32_nn,1024,1536,2048,fp32,0,0,20:112:144:2048:64:16:16:1:1:1:1:1:1:1:2:2:2:5:6:2:2:2:0,contract_global,0.103189201355,0.999772652348708,0.999327281175261,within_noise,within_noise,1.00589556865547,1,1
balanced_racing_net_log21,Ascend910B3,20,external_v4_fp32_nn,1024,1536,2048,fp32,0,0,8:1024:384:192:128:128:64:6:9:1:3:0:3:3:2:2:2:1:1:1:4:1:3,contract_global,0.102541599274,0.996316890810456,1.00167626636873,within_noise,within_noise,1.002970866527014,1,1
balanced_racing_net_log21,Ascend910B3,20,external_v4_fp32_nn,1024,1536,2048,fp32,0,0,20:80:160:2048:64:80:64:8:8:1:1:0:4:4:2:2:1:13:10:1:1:1:0,contract_global,0.10236000061,0.994552437969047,0.999902322201884,within_noise,within_noise,1.023658757844991,1,1
balanced_racing_net_log21,Ascend910B3,20,external_v4_fp32_nn,1024,1536,2048,fp32,0,0,4:384:1536:192:128:128:64:9:6:3:1:1:3:3:2:2:2:1:1:3:1:0:3,contract_global,0.102952003479,1.00585560339954,1.00568529445757,within_noise,within_noise,1.00834777678612,1,1
balanced_racing_net_log21,Ascend910B3,20,external_v4_fp32_nn,1024,1536,2048,fp32,0,0,4:1024:384:192:128:128:64:6:9:1:3:0:3:3:2:2:2:1:1:1:4:1:3,contract_global,0.103211202621,1.00838801559708,1.00821727787329,within_noise,within_noise,1.0015381460189607,1,1
balanced_racing_net_log21,Ascend910B3,20,external_v4_fp32_nn,1024,1536,2048,fp32,0,0,3:384:1536:128:96:80:16:32:64:4:4:1:8:8:1:2:1:1:1:3:1:1:2,contract_global,0.102592401505,1.00234224136388,1.00239446665475,within_noise,within_noise,1.0055975694743924,1,1
balanced_racing_net_log21,Ascend910B3,20,external_v4_fp32_nn,1024,1536,2048,fp32,0,0,20:512:160:64:16:160:16:8:8:1:1:0:4:4:2:1:1:1:4:2:3:1:2,contract_global,0.102604799271,1.00246336928679,1.00251560088944,within_noise,within_noise,1.0100470784153421,1,1
balanced_racing_net_log21,Ascend910B3,20,external_v4_fp32_nn,1024,1536,2048,fp32,0,0,10:112:1536:48:16:16:48:2:2:1:1:1:1:1:2:2:1:1:1:10:1:0:2,contract_global,0.103168802261,1.00243694228665,1.00806564986348,within_noise,within_noise,1.0096584092156702,1,1
balanced_racing_net_log21,Ascend910B3,20,external_v4_fp32_nn,1024,1536,2048,fp32,0,0,20:32:256:2048:16:16:384:6:12:1:1:1:6:6:2:1:1:1:1:32:6:1:0,contract_global,0.103238801956,1.00311709247411,1.00874961911116,within_noise,within_noise,1.4657403052512965,1,1
balanced_racing_net_log21,Ascend910B3,20,external_v4_fp32_nt,64,480,4096,fp32,0,1,20:16:96:4096:16:48:160:8:8:1:1:0:8:8:1:2:1:2:3:2:2:0:0,feedback_regression_counterfactual,0.0251408004761,1.02228854117165,1.023759349737,regressed,regressed,1.0074704549496831,1,1
balanced_racing_net_log21,Ascend910B3,20,external_v4_fp32_nt,64,480,4096,fp32,0,1,20:48:16:4096:48:16:24:1:1:1:1:0:1:1:1:2:1:2:2:1:28:0:0,feedback_regression_counterfactual,0.0248519992828,1.010545154128,1.01199906699863,regressed,within_noise,1.0199835131820685,1,1
balanced_racing_net_log21,Ascend910B3,20,external_v4_fp32_nt,64,480,4096,fp32,0,1,20:48:16:4096:48:16:24:1:1:1:1:1:1:1:1:2:2:2:2:1:28:0:0,feedback_regression_counterfactual,0.0254539990425,1.03345508900179,1.03651311869415,regressed,regressed,1.0232506713747906,1,1
balanced_racing_net_log21,Ascend910B3,20,external_v4_fp32_nt,64,480,4096,fp32,0,1,20:48:16:4096:48:16:24:1:1:1:1:1:1:1:1:2:1:2:2:1:28:1:0,feedback_regression_counterfactual,0.0244883990288,0.994250866261002,0.997192889292461,within_noise,within_noise,1.022712985369737,1,1
balanced_racing_net_log21,Ascend910B3,20,external_v4_fp32_nt,64,480,4096,fp32,0,1,20:32:48:4096:16:16:448:4:8:2:2:0:2:2:2:1:1:1:4:2:3:0:0,contract_global,0.0245424008369,0.980258316418969,0.982928002476317,improved,improved,1.0010405039953951,1,1
balanced_racing_net_log21,Ascend910B3,20,external_v4_fp32_nt,64,480,4096,fp32,0,1,20:16:96:4096:16:48:160:4:8:1:2:1:2:2:1:2:1:4:3:1:2:0:0,contract_global,0.0247751998901,0.989556640960345,0.992251650558671,within_noise,within_noise,1.0050513317864205,1,1
balanced_racing_net_log21,Ascend910B3,20,external_v4_fp32_nt,64,480,4096,fp32,0,1,20:32:48:1760:16:16:80:44:44:1:1:0:22:22:1:2:1:1:1:2:10:0:2,contract_global,0.0248083996773,0.990882687569479,1.01071755213552,within_noise,within_noise,1.0003647821656487,1,1
balanced_racing_net_log21,Ascend910B3,20,external_v4_fp32_nt,64,480,4096,fp32,0,1,20:32:48:1760:16:16:80:22:22:1:1:0:22:22:1:2:1:2:4:1:3:1:2,contract_global,0.0245600008965,0.980961287770516,1.00059755201617,improved,within_noise,1.0009852728030362,1,1
balanced_racing_net_log21,Ascend910B3,20,external_v4_fp32_nt,64,480,4096,fp32,0,1,20:32:48:1280:16:16:80:32:16:1:1:0:16:16:1:2:1:2:4:1:3:2:2,contract_global,0.0253828001022,1.03226871345132,1.00066229470897,regressed,within_noise,1.0036146269570239,1,1
balanced_racing_net_log21,Ascend910B3,20,external_v4_fp32_nt,64,480,4096,fp32,0,1,20:32:48:1760:16:16:80:22:44:1:1:0:22:22:1:2:1:2:4:1:3:2:2,contract_global,0.0251744008064,1.02379352268836,0.99244660075057,regressed,within_noise,1.0038311757714693,1,1
balanced_racing_net_log21,Ascend910B3,20,external_v4_fp32_nt,64,480,4096,fp32,0,1,20:16:16:4096:16:16:256:4:2:1:1:1:2:2:2:2:1:4:5:1:7:0:0,contract_global,0.0253548002243,1.03418630783672,1.03292232245463,regressed,regressed,1.00812945655532,1,1
balanced_racing_net_log21,Ascend910B3,20,external_v4_fp32_nt,64,480,4096,fp32,0,1,20:144:16:4096:144:16:24:8:4:1:1:1:4:4:2:2:1:1:30:1:1:0:0,contract_global,0.0253683996201,1.03474100788561,1.03347634454879,regressed,regressed,1.0148364183522478,1,1
balanced_racing_net_log21,Ascend910B3,20,external_v4_fp32_nt,64,480,4096,fp32,0,1,1:64:480:4096:64:112:16:16:64:1:4:0:8:8:1:2:1:1:1:1:1:0:0,contract_global,0.024474799633,0.988162096332618,0.990802324534991,within_noise,within_noise,1.00062873717621,1,1
balanced_racing_net_log21,Ascend910B3,20,external_v4_fp32_nt,64,480,4096,fp32,0,1,1:160:480:4096:160:144:96:2:2:1:1:0:2:2:1:1:1:1:1:1:1:0:0,contract_global,0.0246864008904,0.996705428459781,0.99936848323544,within_noise,within_noise,1.0026809523383493,1,1
balanced_racing_net_log21,Ascend910B3,20,external_v4_fp32_tn,768,1152,1536,fp32,1,0,20:192:240:1536:112:96:128:2:1:1:1:0:1:1:1:1:1:4:5:1:1:0:0,feedback_regression_counterfactual,0.0510296010971,0.994354333855309,0.999561289621271,within_noise,within_noise,1.012928893598432,1,1
balanced_racing_net_log21,Ascend910B3,20,external_v4_fp32_tn,768,1152,1536,fp32,1,0,18:256:192:1536:48:32:16:16:32:1:4:1:8:8:1:1:2:1:2:3:4:0:0,feedback_regression_counterfactual,0.0519812011719,1.01289705490694,1.01820110999382,regressed,regressed,1.006929822027516,1,1
balanced_racing_net_log21,Ascend910B3,20,external_v4_fp32_tn,768,1152,1536,fp32,1,0,16:192:288:1536:48:48:16:4:32:1:4:0:4:4:1:1:1:1:1:4:4:1:0,feedback_regression_counterfactual,0.0519364023209,1.01675260685255,1.01676589494271,regressed,regressed,1.0067366316412945,1,1
balanced_racing_net_log21,Ascend910B3,20,external_v4_fp32_tn,768,1152,1536,fp32,1,0,20:80:576:768:16:16:48:64:64:4:4:0:16:16:1:2:1:2:1:6:2:0:2,feedback_regression_counterfactual,0.0519528007507,1.01707363691022,1.01708692919611,regressed,regressed,1.0122521083739524,1,1
balanced_racing_net_log21,Ascend910B3,20,external_v4_fp32_tn,768,1152,1536,fp32,1,0,8:384:1152:192:128:128:64:9:6:3:1:1:3:3:2:2:1:1:1:2:1:0:3,feedback_regression_counterfactual,0.0961672019958,1.0086269256253,0.999555130417029,within_noise,within_noise,1.0050106820545681,1,1
balanced_racing_net_log21,Ascend910B3,20,external_v4_fp32_tn,768,1152,1536,fp32,1,0,7:384:1152:192:128:128:64:9:6:3:1:1:3:3:2:2:2:1:1:2:1:0:3,feedback_regression_counterfactual,0.0975399971008,1.02302516200519,1.0138238661423,within_noise,within_noise,1.0039601362500419,1,1
balanced_racing_net_log21,Ascend910B3,20,external_v4_fp32_tn,768,1152,1536,fp32,1,0,20:768:16:1536:112:16:16:64:16:4:1:0:8:8:1:1:1:1:72:1:1:1:0,feedback_regression_counterfactual,0.0509944009781,0.980988583735792,0.981076628056465,improved,improved,1.0177101732930622,1,1
balanced_racing_net_log21,Ascend910B3,20,external_v4_fp32_tn,768,1152,1536,fp32,1,0,20:192:240:1536:64:48:192:6:2:3:1:1:2:2:1:1:1:4:2:1:4:0:0,contract_global,0.0510071992874,0.981234787147255,0.981322853558913,improved,improved,1.0104524996439743,1,1
balanced_racing_net_log21,Ascend910B3,20,external_v4_template_al1,32,384,4096,fp32,0,1,16:16:48:4096:16:48:192:4:2:1:1:0:2:2:2:1:1:1:2:2:7:0:0,feedback_regression_counterfactual,0.0379419994354,1.11692673734218,1.09256870593192,within_noise,within_noise,1.0141230700180834,1,1
balanced_racing_net_log21,Ascend910B3,20,external_v4_template_al1,32,384,4096,fp32,0,1,16:16:48:4096:16:48:192:4:2:1:1:0:2:2:2:1:1:2:2:1:7:1:0,feedback_regression_counterfactual,0.0352268004417,1.03699741367972,1.0143824876238,within_noise,within_noise,1.0128538018513897,1,1
