campaign,soc,aic,workload_id,m,n,k,dtype,trans_a,trans_b,tiling_signature,candidate_source,median_ms,ratio_vs_official,ratio_vs_bank,status_vs_official,status_vs_bank,model_ratio
two_stage_feedback_net_log14,Ascend910B3,20,external_v2_dense_balanced_aligned,1792,2816,3584,fp16,0,0,20:448:576:3584:32:48:448:8:4:4:4:0:1:1:2:1:1:1:3:4:2:0:0,runtime_rejected,0,3,3,runtime_rejected,runtime_rejected,3
two_stage_feedback_net_log14,Ascend910B3,20,external_v2_dense_balanced_aligned,1792,2816,3584,fp16,0,0,20:224:320:3584:160:144:192:2:2:1:1:0:1:1:1:1:1:1:9:8:1:1:0,runtime_rejected,0,3,3,runtime_rejected,runtime_rejected,3
two_stage_feedback_net_log14,Ascend910B3,20,external_v2_dense_balanced_aligned,1792,2816,3584,fp16,0,0,9:1792:320:3584:80:320:32:32:4:4:1:0:4:4:2:2:1:1:1:1:9:0:0,runtime_rejected,0,3,3,runtime_rejected,runtime_rejected,3
two_stage_feedback_net_log14,Ascend910B3,20,external_v2_dense_balanced_aligned,1792,2816,3584,fp16,0,0,13:144:2816:3584:32:448:32:8:8:2:2:0:4:4:2:2:1:1:1:13:1:0:0,runtime_rejected,0,3,3,runtime_rejected,runtime_rejected,3
two_stage_feedback_net_log14,Ascend910B3,20,external_v2_dense_balanced_aligned,1792,2816,3584,fp16,0,0,14:128:2816:3584:112:160:128:4:8:1:2:1:4:4:2:1:1:7:1:2:1:0:0,runtime_rejected,0,3,3,runtime_rejected,runtime_rejected,3
two_stage_feedback_net_log14,Ascend910B3,20,external_v2_dense_balanced_aligned,1792,2816,3584,fp16,0,0,14:128:2816:3584:96:288:48:8:8:1:2:0:4:4:1:2:1:7:1:2:1:0:0,runtime_rejected,0,3,3,runtime_rejected,runtime_rejected,3
two_stage_feedback_net_log14,Ascend910B3,20,external_v2_dense_balanced_aligned,1792,2816,3584,fp16,0,0,11:176:2816:3584:96:336:48:8:8:1:1:0:8:8:1:2:1:6:1:2:1:0:0,runtime_rejected,0,3,3,runtime_rejected,runtime_rejected,3
two_stage_feedback_net_log14,Ascend910B3,20,external_v2_dense_balanced_aligned,1792,2816,3584,fp16,0,0,7:272:2816:3584:272:64:48:16:8:1:1:0:8:8:2:1:1:1:1:7:1:0:0,runtime_rejected,0,3,3,runtime_rejected,runtime_rejected,3
two_stage_feedback_net_log14,Ascend910B3,20,external_v2_dense_balanced_aligned,1792,2816,3584,fp16,0,0,10:192:2816:3584:48:32:320:8:2:4:1:1:1:1:2:2:2:5:1:2:1:0:0,runtime_rejected,0,3,3,runtime_rejected,runtime_rejected,3
two_stage_feedback_net_log14,Ascend910B3,20,external_v2_dense_balanced_aligned,1792,2816,3584,fp16,0,0,12:160:2816:3584:96:96:160:4:8:1:2:0:4:4:2:2:2:12:1:1:1:0:0,runtime_rejected,0,3,3,runtime_rejected,runtime_rejected,3
two_stage_feedback_net_log14,Ascend910B3,20,external_v2_dense_balanced_aligned,1792,2816,3584,fp16,0,0,20:896:144:3584:16:32:64:2:4:1:2:0:1:1:2:1:1:2:7:1:3:1:0,runtime_rejected,0,3,3,runtime_rejected,runtime_rejected,3
two_stage_feedback_net_log14,Ascend910B3,20,external_v2_dense_balanced_aligned,1792,2816,3584,fp16,0,0,4:1536:1408:3584:1536:16:16:8:8:1:2:1:4:4:1:2:1:1:2:2:1:0:0,runtime_rejected,0,3,3,runtime_rejected,runtime_rejected,3
two_stage_feedback_net_log14,Ascend910B3,20,external_v2_dense_balanced_aligned,1792,2816,3584,fp16,0,0,20:128:224:3584:64:224:80:8:4:2:1:0:4:4:2:1:1:5:4:3:4:1:0,runtime_rejected,0,3,3,runtime_rejected,runtime_rejected,3
two_stage_feedback_net_log14,Ascend910B3,20,external_v2_dense_balanced_aligned,1792,2816,3584,fp16,0,0,20:64:480:3584:48:384:64:16:8:1:1:0:8:8:2:1:1:5:1:6:6:0:0,runtime_rejected,0,3,3,runtime_rejected,runtime_rejected,3
two_stage_feedback_net_log14,Ascend910B3,20,external_v2_dense_balanced_aligned,1792,2816,3584,fp16,0,0,4:1792:384:384:128:128:128:6:9:1:3:0:3:3:2:2:2:1:1:1:8:1:3,contract_global,0.898998794556,6.26614488486315,6.26590039375787,regressed,regressed,3.4650452887261753
two_stage_feedback_net_log14,Ascend910B3,20,external_v2_dense_balanced_aligned,1792,2816,3584,fp16,0,0,4:384:2816:384:128:128:128:9:6:3:1:1:3:3:2:2:2:1:1:5:1:0:3,contract_global,0.876572036743,6.10982730736786,6.10958891540976,regressed,regressed,3.434826024217074
two_stage_feedback_net_log14,Ascend910B3,20,external_v2_dense_balanced_odd,1663,2591,3587,fp16,0,0,18:560:432:1280:16:16:160:32:32:4:4:1:8:8:1:1:1:3:2:1:3:2:2,contract_global,3.65456390381,18.2011069742706,18.2199082921038,regressed,regressed,1.4124531233128779
two_stage_feedback_net_log14,Ascend910B3,20,external_v2_dense_balanced_odd,1663,2591,3587,fp16,0,0,13:128:2592:3520:16:16:80:88:88:1:1:0:44:44:1:2:1:5:1:3:1:1:2,contract_global,7.93957824707,39.5420949829702,39.5829410421513,regressed,regressed,1.3283865832741713
two_stage_feedback_net_log14,Ascend910B3,20,external_v2_dense_balanced_odd,1663,2591,3587,fp16,0,0,13:128:2592:3587:64:272:32:16:16:2:4:0:4:4:2:2:1:1:1:13:1:0:0,runtime_rejected,0,3,3,runtime_rejected,runtime_rejected,3
two_stage_feedback_net_log14,Ascend910B3,20,external_v2_dense_balanced_odd,1663,2591,3587,fp16,0,0,11:160:2592:3587:96:144:48:8:32:1:4:0:4:4:2:2:2:6:1:2:1:0:0,runtime_rejected,0,3,3,runtime_rejected,runtime_rejected,3
two_stage_feedback_net_log14,Ascend910B3,20,external_v2_dense_balanced_odd,1663,2591,3587,fp16,0,0,11:160:2592:3587:128:128:112:8:8:1:2:0:4:4:2:2:2:6:1:2:1:0:0,runtime_rejected,0,3,3,runtime_rejected,runtime_rejected,3
two_stage_feedback_net_log14,Ascend910B3,20,external_v2_dense_balanced_odd,1663,2591,3587,fp16,0,0,14:240:1296:3587:176:112:48:8:8:1:1:0:4:4:2:2:1:2:1:4:2:0:0,runtime_rejected,0,3,3,runtime_rejected,runtime_rejected,3
two_stage_feedback_net_log14,Ascend910B3,20,external_v2_dense_balanced_odd,1663,2591,3587,fp16,0,0,12:144:2592:3587:80:320:48:4:16:1:4:0:4:4:1:2:1:1:1:12:1:0:0,runtime_rejected,0,3,3,runtime_rejected,runtime_rejected,3
two_stage_feedback_net_log14,Ascend910B3,20,external_v2_dense_balanced_odd,1663,2591,3587,fp16,0,0,14:240:1296:3587:48:192:160:4:4:2:1:1:2:2:2:1:1:7:1:1:2:0:0,runtime_rejected,0,3,3,runtime_rejected,runtime_rejected,3
two_stage_feedback_net_log14,Ascend910B3,20,external_v2_dense_balanced_odd,1663,2591,3587,fp16,0,0,10:384:1296:3587:384:48:32:16:8:1:1:0:8:8:2:1:1:5:1:1:2:0:0,runtime_rejected,0,3,3,runtime_rejected,runtime_rejected,3
two_stage_feedback_net_log14,Ascend910B3,20,external_v2_dense_balanced_odd,1663,2591,3587,fp16,0,0,20:560:144:3587:160:144:192:4:2:1:1:1:2:2:1:1:1:3:4:1:5:2:0,runtime_rejected,0,3,3,runtime_rejected,runtime_rejected,3
two_stage_feedback_net_log14,Ascend910B3,20,external_v2_dense_balanced_odd,1663,2591,3587,fp16,0,0,11:160:2592:3587:32:16:896:5:5:1:1:0:5:5:1:1:1:1:1:11:1:0:0,runtime_rejected,0,3,3,runtime_rejected,runtime_rejected,3
two_stage_feedback_net_log14,Ascend910B3,20,external_v2_dense_balanced_odd,1663,2591,3587,fp16,0,0,8:832:672:3587:48:672:16:16:16:1:1:0:8:8:1:1:1:2:1:1:4:0:0,runtime_rejected,0,3,3,runtime_rejected,runtime_rejected,3
two_stage_feedback_net_log14,Ascend910B3,20,external_v2_dense_balanced_odd,1663,2591,3587,fp16,0,0,4:1664:672:3587:48:672:16:64:8:4:1:1:8:8:2:2:1:1:1:1:4:0:0,runtime_rejected,0,3,3,runtime_rejected,runtime_rejected,3
two_stage_feedback_net_log14,Ascend910B3,20,external_v2_dense_balanced_odd,1663,2591,3587,fp16,0,0,20:1536:128:3587:1536:16:16:8:32:1:2:0:8:8:1:2:1:1:21:2:1:1:0,runtime_rejected,0,3,3,runtime_rejected,runtime_rejected,3
two_stage_feedback_net_log14,Ascend910B3,20,external_v2_dense_balanced_odd,1663,2591,3587,fp16,0,0,4:1664:384:384:128:128:128:6:9:1:3:0:3:3:2:2:2:1:1:1:7:1:3,contract_global,0.967551574707,4.81877186387304,4.82374954250704,regressed,regressed,1.5286912632228464
two_stage_feedback_net_log14,Ascend910B3,20,external_v2_dense_balanced_odd,1663,2591,3587,fp16,0,0,4:384:2592:384:128:128:128:9:6:3:1:1:3:3:2:2:2:1:1:5:1:0:3,contract_global,1.04262519836,5.19266683218756,5.19803073556823,regressed,regressed,1.691559797613257
two_stage_feedback_net_log14,Ascend910B3,20,external_v2_dense_tall,3584,896,5120,fp16,0,0,14:512:448:5120:32:64:160:16:8:4:2:0:4:4:2:2:1:2:1:4:2:0:0,contract_global,0.169391994476,0.998408575429082,1.00012747909685,within_noise,within_noise,0.9991696516807141
two_stage_feedback_net_log14,Ascend910B3,20,external_v2_dense_tall,3584,896,5120,fp16,0,0,12:304:896:5120:80:48:128:16:8:2:2:0:4:4:2:2:1:1:1:12:1:0:0,contract_global,0.16943479538,0.998660847035427,1.00038018501872,within_noise,within_noise,0.9992870660731306
two_stage_feedback_net_log14,Ascend910B3,20,external_v2_dense_tall,3584,896,5120,fp16,0,0,14:256:896:5120:48:448:32:16:16:2:2:0:4:4:1:2:1:1:1:14:1:0:0,contract_global,0.169377593994,0.998323697956839,1.00004245549339,within_noise,within_noise,0.9990748640683322
two_stage_feedback_net_log14,Ascend910B3,20,external_v2_dense_tall,3584,896,5120,fp16,0,0,11:336:896:5120:80:336:32:16:16:1:1:0:8:8:2:2:1:6:1:2:1:0:0,contract_global,0.169438800812,0.998684455337516,1.00040383396804,within_noise,within_noise,0.9994748512899617
two_stage_feedback_net_log14,Ascend910B3,20,external_v2_dense_tall,3584,896,5120,fp16,0,0,12:304:896:5040:16:16:80:63:63:1:1:1:63:63:1:2:1:1:1:12:1:2:2,contract_global,0.169365997314,0.998255346296233,0.999973986146738,within_noise,within_noise,1.0001378890089916
two_stage_feedback_net_log14,Ascend910B3,20,external_v2_dense_tall,3584,896,5120,fp16,0,0,12:304:896:5040:16:16:80:63:126:1:1:1:63:63:1:2:1:4:1:3:1:0:2,contract_global,0.169833602905,1.00101144721378,1.00273483209573,within_noise,within_noise,1.0008350822624221
two_stage_feedback_net_log14,Ascend910B3,20,external_v2_dense_tall,3584,896,5120,fp16,0,0,12:1792:160:5120:176:160:48:8:16:1:1:0:8:8:1:2:1:2:1:1:6:1:0,contract_global,0.169750003815,1.00051870817668,1.00224124473698,within_noise,within_noise,0.9997801712856578
two_stage_feedback_net_log14,Ascend910B3,20,external_v2_dense_tall,3584,896,5120,fp16,0,0,20:368:448:5120:16:80:160:32:4:4:1:0:4:4:2:2:1:3:1:4:2:0:0,contract_global,0.170279998779,1.00364253654041,1.00537045122052,within_noise,within_noise,1.0003704051955986
two_stage_feedback_net_log14,Ascend910B3,20,external_v2_dense_tall,3584,896,5120,fp16,0,0,4:1792:608:5120:32:608:16:16:16:2:1:0:8:8:1:2:1:1:1:2:2:0:0,contract_global,0.169120407104,0.996807819965896,0.998523967701888,within_noise,within_noise,0.9989610901699638
two_stage_feedback_net_log14,Ascend910B3,20,external_v2_dense_tall,3584,896,5120,fp16,0,0,20:3584:32:5120:16:16:1024:2:1:1:1:0:1:1:2:1:1:1:1:1:28:0:0,contract_global,0.169219608307,0.997392518981759,0.999109673357904,within_noise,within_noise,1.0008366569316416
two_stage_feedback_net_log14,Ascend910B3,20,external_v2_dense_tall,3584,896,5120,fp16,0,0,3:3584:320:5120:16:320:64:4:2:1:1:0:2:2:1:1:1:1:1:1:3:0:0,contract_global,0.168822402954,0.99505136211687,0.99676448585289,within_noise,within_noise,0.9983437270253669
two_stage_feedback_net_log14,Ascend910B3,20,external_v2_dense_tall,3584,896,5120,fp16,0,0,20:720:192:5120:16:16:256:32:32:2:4:1:8:8:1:2:1:2:1:4:5:1:0,contract_global,0.169641990662,0.999882070898913,1.00160351139738,within_noise,within_noise,1.0002284430429862
two_stage_feedback_net_log14,Ascend910B3,20,external_v2_dense_tall,3584,896,5120,fp16,0,0,14:3584:64:5120:64:64:48:16:8:1:1:0:8:8:2:2:2:1:5:1:3:0:0,contract_global,0.169497203827,0.999028686896421,1.00074865817476,within_noise,within_noise,0.9995825537523771
two_stage_feedback_net_log14,Ascend910B3,20,external_v2_dense_tall,3584,896,5120,fp16,0,0,20:160:160:5120:16:16:384:4:8:2:4:0:2:2:1:1:1:1:1:23:6:0:0,contract_global,0.169363994598,0.998243542142665,0.999962161681792,within_noise,within_noise,0.9986068476903973
two_stage_feedback_net_log14,Ascend910B3,20,external_v2_dense_tall,3584,896,5120,fp16,0,0,20:240:96:5120:16:16:384:2:1:1:1:1:1:1:2:2:1:1:10:15:1:0:0,contract_global,0.169400005341,0.998455792046184,1.00017477699966,within_noise,within_noise,0.9995703009732687
two_stage_feedback_net_log14,Ascend910B3,20,external_v2_dense_tall,3584,896,5120,fp16,0,0,20:1792:32:5120:32:32:80:2:2:1:1:1:1:1:2:2:2:1:10:2:3:2:0,contract_global,0.169851207733,1.00111521133388,1.0028387748608,within_noise,within_noise,0.9991502151220936
two_stage_feedback_net_log14,Ascend910B3,20,external_v2_dense_wide,896,3584,5120,fp16,0,0,20:448:368:5120:32:16:1024:1:2:1:2:0:1:1:1:1:1:1:2:2:8:0:0,contract_global,0.142762804031,0.999817932764515,0.999910360665931,within_noise,within_noise,1.0020268913332693
two_stage_feedback_net_log14,Ascend910B3,20,external_v2_dense_wide,896,3584,5120,fp16,0,0,14:896:256:5120:128:256:48:8:2:4:1:0:2:2:1:1:1:1:1:1:14:0:0,contract_global,0.142777996063,0.999924327886702,1.00001676562308,within_noise,within_noise,1.000556285897751
two_stage_feedback_net_log14,Ascend910B3,20,external_v2_dense_wide,896,3584,5120,fp16,0,0,13:896:288:5120:96:288:96:8:2:2:1:0:2:2:1:1:1:1:3:1:5:0:0,contract_global,0.142518396378,0.998106260344193,0.998198530010972,within_noise,within_noise,1.000921164962072
two_stage_feedback_net_log14,Ascend910B3,20,external_v2_dense_wide,896,3584,5120,fp16,0,0,12:288:1200:5120:288:80:96:2:2:1:1:0:2:2:1:1:1:1:1:4:3:0:0,contract_global,0.14321439743,1.00298059955282,1.00307331982326,within_noise,within_noise,0.9991560198003234
two_stage_feedback_net_log14,Ascend910B3,20,external_v2_dense_wide,896,3584,5120,fp16,0,0,14:144:1792:5120:144:224:128:1:1:1:1:0:1:1:1:1:1:3:1:3:2:0:0,contract_global,0.142805595398,1.00011761570183,1.00021007130468,within_noise,within_noise,1.0002198669897044
two_stage_feedback_net_log14,Ascend910B3,20,external_v2_dense_wide,896,3584,5120,fp16,0,0,14:128:1792:5120:128:192:80:4:8:1:4:1:2:2:2:1:1:7:2:1:1:0:0,contract_global,0.142496004105,0.99794943940865,0.998041694574897,within_noise,within_noise,1.000993393100606
two_stage_feedback_net_log14,Ascend910B3,20,external_v2_dense_wide,896,3584,5120,fp16,0,0,12:272:1200:5120:272:32:96:4:16:1:4:1:4:4:1:2:1:2:2:2:2:0:0,contract_global,0.142967996597,1.00125496819414,1.00134752893965,within_noise,within_noise,0.9999469391144805
two_stage_feedback_net_log14,Ascend910B3,20,external_v2_dense_wide,896,3584,5120,fp16,0,0,14:128:1792:5120:32:144:128:2:8:1:4:1:1:1:2:1:1:7:2:1:1:0:0,contract_global,0.142488803864,0.997899013607404,0.997991264111473,within_noise,within_noise,1.0011611217437575
two_stage_feedback_net_log14,Ascend910B3,20,external_v2_dense_wide,896,3584,5120,fp16,0,0,20:32:608:5120:32:48:192:2:2:1:1:0:2:2:2:2:1:6:1:5:6:0:0,contract_global,0.14281080246,1.00015408258078,1.00024654155476,within_noise,within_noise,1.0003279406106818
two_stage_feedback_net_log14,Ascend910B3,20,external_v2_dense_wide,896,3584,5120,fp16,0,0,20:64:400:5120:64:32:512:2:2:1:1:1:2:2:1:2:1:14:1:1:9:0:0,contract_global,0.142759599686,0.999795491612236,0.999887917443908,within_noise,within_noise,1.001745351506066
two_stage_feedback_net_log14,Ascend910B3,20,external_v2_dense_wide,896,3584,5120,fp16,0,0,20:640:336:16:160:16:16:4:4:4:4:0:1:1:1:2:1:1:3:2:4:1:2,contract_global,0.143095598221,1.00214860707154,1.00224125042941,within_noise,within_noise,1.0709267692048234
two_stage_feedback_net_log14,Ascend910B3,20,external_v2_dense_wide,896,3584,5120,fp16,0,0,4:384:3584:384:128:128:128:9:6:3:1:1:3:3:2:2:2:1:1:3:1:0:3,contract_global,0.142539997101,0.998257537774262,0.998349821420356,within_noise,within_noise,1.0872337650187476
two_stage_feedback_net_log14,Ascend910B3,20,external_v2_dense_wide,896,3584,5120,fp16,0,0,20:160:128:5120:16:32:256:2:8:1:4:0:1:1:2:1:1:1:3:6:11:0:0,contract_global,0.142505998611,0.998019434444383,0.998111696077551,within_noise,within_noise,1.0002204321367065
two_stage_feedback_net_log14,Ascend910B3,20,external_v2_dense_wide,896,3584,5120,fp16,0,0,14:128:1792:16:96:48:16:1:2:1:1:1:1:1:2:1:1:3:1:3:2:1:2,contract_global,0.142811603546,1.00015969286674,1.00025215235978,within_noise,within_noise,1.1000168338595484
two_stage_feedback_net_log14,Ascend910B3,20,external_v2_dense_wide,896,3584,5120,fp16,0,0,20:32:3584:5120:32:16:32:2:4:1:1:1:2:2:2:2:1:28:1:1:1:0:0,contract_global,0.142923202515,1.00094125954439,1.00103379128873,within_noise,within_noise,0.999316115224503
two_stage_feedback_net_log14,Ascend910B3,20,external_v2_dense_wide,896,3584,5120,fp16,0,0,20:672:48:5120:672:32:16:4:4:1:1:1:4:4:1:2:1:2:19:1:4:2:0,contract_global,0.142496004105,0.99794943940865,0.998041694574897,within_noise,within_noise,0.9979774201626189
two_stage_feedback_net_log14,Ascend910B3,20,external_v2_dense_large,4608,5120,6144,fp16,0,0,20:256:736:6144:256:112:32:8:16:1:4:0:4:4:1:2:1:1:1:18:7:1:0,runtime_rejected,0,3,3,runtime_rejected,runtime_rejected,3
two_stage_feedback_net_log14,Ascend910B3,20,external_v2_dense_large,4608,5120,6144,fp16,0,0,20:1152:1024:6144:48:16:640:4:8:1:2:0:4:4:1:1:1:2:2:2:3:2:0,runtime_rejected,0,3,3,runtime_rejected,runtime_rejected,3
two_stage_feedback_net_log14,Ascend910B3,20,external_v2_dense_large,4608,5120,6144,fp16,0,0,20:208:736:6144:80:224:128:2:8:1:2:1:2:2:2:1:1:23:1:1:7:1:0,runtime_rejected,0,3,3,runtime_rejected,runtime_rejected,3
two_stage_feedback_net_log14,Ascend910B3,20,external_v2_dense_large,4608,5120,6144,fp16,0,0,8:4608:384:384:128:128:128:6:9:1:3:0:3:3:2:2:2:1:1:1:14:1:3,contract_global,2.7420300293,2.62530786269745,2.5782899683842,regressed,regressed,1.8510519244223607
two_stage_feedback_net_log14,Ascend910B3,20,external_v2_dense_large,4608,5120,6144,fp16,0,0,8:384:5120:384:128:128:128:9:6:3:1:1:3:3:2:2:2:1:1:12:1:0:3,contract_global,2.74198242187,2.62526228180904,2.57824520383155,regressed,regressed,2.0160864124508047
two_stage_feedback_net_log14,Ascend910B3,20,external_v2_dense_large,4608,5120,6144,fp16,0,0,4:4608:384:384:128:128:128:6:9:1:3:0:3:3:2:2:2:1:1:1:14:1:3,contract_global,5.34383728027,5.11636192126961,5.02473054824789,regressed,regressed,1.955394820199376
two_stage_feedback_net_log14,Ascend910B3,20,external_v2_dense_large,4608,5120,6144,fp16,0,0,2:4608:384:384:128:128:128:6:9:1:3:0:3:3:2:2:2:1:1:1:14:1:3,contract_global,10.6464599609,10.1932636574206,10.0107076227149,regressed,regressed,1.9676080015736823
two_stage_feedback_net_log14,Ascend910B3,20,external_v2_dense_large,4608,5120,6144,fp16,0,0,15:384:5120:384:128:128:128:9:6:3:1:1:3:3:2:2:2:1:1:12:1:0:3,feedback_regression_counterfactual,3.68306854248,3.52628844327273,3.46313445676829,regressed,regressed,2.3602403260042806
two_stage_feedback_net_log14,Ascend910B3,20,external_v2_dense_large,4608,5120,6144,fp16,0,0,1:4608:384:384:128:128:128:6:9:1:3:0:3:3:2:2:2:1:1:1:14:1:3,contract_global,21.1883129883,20.286373267623,19.9230549049539,regressed,regressed,1.9443563544970939
two_stage_feedback_net_log14,Ascend910B3,20,external_v2_dense_large,4608,5120,6144,fp16,0,0,16:4608:384:384:128:128:128:6:9:1:3:0:3:3:2:2:2:1:1:1:14:1:3,contract_global,2.38154556274,2.28016842427802,2.23933179726767,regressed,regressed,2.2214974248318016
two_stage_feedback_net_log14,Ascend910B3,20,external_v2_dense_large,4608,5120,6144,fp16,0,0,16:384:5120:384:128:128:128:9:6:3:1:1:3:3:2:2:2:2:1:6:1:0:3,feedback_regression_counterfactual,2.75414276123,2.63690498236047,2.58967938969103,regressed,regressed,2.341775890490198
two_stage_feedback_net_log14,Ascend910B3,20,external_v2_dense_large,4608,5120,6144,fp16,0,0,16:384:5120:384:128:128:128:9:6:3:1:1:3:3:2:2:2:1:1:12:1:1:3,feedback_regression_counterfactual,2.70838043213,2.59309065461009,2.5466497536949,regressed,regressed,2.4900316903200417
two_stage_feedback_net_log14,Ascend910B3,20,external_v2_dense_large,4608,5120,6144,fp16,0,0,16:384:5120:384:128:128:128:9:6:3:1:1:3:3:2:2:1:1:1:12:1:0:3,feedback_regression_counterfactual,2.64077880859,2.52836668298715,2.48308495463895,regressed,regressed,2.525012978066858
two_stage_feedback_net_log14,Ascend910B3,20,external_v2_dense_large,4608,5120,6144,fp16,0,0,4:384:5120:384:128:128:128:9:6:3:1:1:3:3:2:2:2:1:1:12:1:0:3,contract_global,5.29883178711,5.07327221261193,4.98241255380062,regressed,regressed,2.1685921287674987
two_stage_feedback_net_log14,Ascend910B3,20,external_v2_dense_large,4608,5120,6144,fp16,0,0,2:384:5120:384:128:128:128:9:6:3:1:1:3:3:2:2:2:1:1:12:1:0:3,contract_global,10.4560961914,10.0110032534515,9.83171140754318,regressed,regressed,2.2172789026969517
two_stage_feedback_net_log14,Ascend910B3,20,external_v2_dense_large,4608,5120,6144,fp16,0,0,16:576:2560:768:32:32:48:48:64:3:2:0:16:16:2:1:1:4:1:2:2:1:2,feedback_regression_counterfactual,23.8150366211,22.8012830726218,22.39292398726,regressed,regressed,19.853047730599894
two_stage_feedback_net_log14,Ascend910B3,20,external_v2_k_shallow,1792,2048,320,fp16,0,0,14:256:1024:320:32:96:320:2:2:1:1:0:1:1:1:1:1:1:1:7:2:0:0,contract_global,0.0194620001316,0.988902676555787,0.988380381457587,within_noise,within_noise,0.9978926237533923
two_stage_feedback_net_log14,Ascend910B3,20,external_v2_k_shallow,1792,2048,320,fp16,0,0,11:176:2048:320:128:224:64:2:8:1:2:0:2:2:2:2:1:4:1:3:1:0:0,contract_global,0.0196215999126,0.997012256740128,0.996485678512063,within_noise,within_noise,0.998868005797044
two_stage_feedback_net_log14,Ascend910B3,20,external_v2_k_shallow,1792,2048,320,fp16,0,0,14:256:1024:320:48:80:256:4:8:4:4:1:1:1:2:1:1:7:1:1:2:0:0,contract_global,0.0194412004948,0.987845805916271,0.987324069014415,within_noise,within_noise,0.9984733640914846
two_stage_feedback_net_log14,Ascend910B3,20,external_v2_k_shallow,1792,2048,320,fp16,0,0,12:448:912:320:32:912:16:16:8:1:1:0:8:8:1:2:1:1:1:4:3:0:0,contract_global,0.0196192002296,0.996890324108778,0.996363810278396,within_noise,within_noise,0.998294225534524
two_stage_feedback_net_log14,Ascend910B3,20,external_v2_k_shallow,1792,2048,320,fp16,0,0,13:144:2048:320:64:448:16:8:32:1:2:1:8:8:2:1:1:13:1:1:1:0:0,contract_global,0.019671599865,0.999552853109784,0.999024933043525,within_noise,within_noise,0.9988543898180138
two_stage_feedback_net_log14,Ascend910B3,20,external_v2_k_shallow,1792,2048,320,fp16,0,0,14:256:1024:320:64:128:256:8:4:4:2:1:1:1:2:1:1:7:1:1:2:0:0,contract_global,0.0196423995495,0.998069127381807,0.997541990965825,within_noise,within_noise,0.9987235651749404
two_stage_feedback_net_log14,Ascend910B3,20,external_v2_k_shallow,1792,2048,320,fp16,0,0,14:896:320:320:80:320:16:16:16:1:1:0:8:8:2:1:1:1:1:2:7:0:0,contract_global,0.0196472001076,0.998313053228218,0.997785787974678,within_noise,within_noise,0.9982949725578885
two_stage_feedback_net_log14,Ascend910B3,20,external_v2_k_shallow,1792,2048,320,fp16,0,0,14:256:1024:320:32:272:64:2:4:1:2:0:2:2:2:1:1:2:1:4:2:0:0,contract_global,0.019420800209,0.986809227097414,0.98628803765799,within_noise,improved,0.9981476335311392
two_stage_feedback_net_log14,Ascend910B3,20,external_v2_k_shallow,1792,2048,320,fp16,0,0,12:160:2048:320:128:16:224:2:4:1:1:1:2:2:1:2:1:12:1:1:1:0:0,contract_global,0.0197704005241,1.00457310978855,1.00404253824886,within_noise,within_noise,0.9983641408646018
two_stage_feedback_net_log14,Ascend910B3,20,external_v2_k_shallow,1792,2048,320,fp16,0,0,13:144:2048:160:16:16:80:4:4:1:1:0:2:2:1:2:1:5:1:3:1:1:2,contract_global,0.019418400526,0.986687294458333,0.986166169424014,improved,improved,1.1634403033431524
two_stage_feedback_net_log14,Ascend910B3,20,external_v2_k_shallow,1792,2048,320,fp16,0,0,6:1792:384:320:16:384:16:4:2:2:1:0:2:2:1:1:1:1:1:1:6:0:0,contract_global,0.0194456005096,0.988069379365035,0.987547524369942,within_noise,within_noise,0.997552121217617
two_stage_feedback_net_log14,Ascend910B3,20,external_v2_k_shallow,1792,2048,320,fp16,0,0,10:192:2048:320:16:16:96:2:1:1:1:1:1:1:1:1:1:2:1:9:1:0:0,contract_global,0.019657599926,0.998841488545488,0.998313944195364,within_noise,within_noise,0.9976526836172706
two_stage_feedback_net_log14,Ascend910B3,20,external_v2_k_shallow,1792,2048,320,fp16,0,0,20:128:160:320:16:16:224:2:8:1:4:0:2:2:1:2:1:2:1:11:13:0:0,contract_global,0.019681199789,1.00004064420988,0.999512466524827,within_noise,within_noise,0.9981598672503883
two_stage_feedback_net_log14,Ascend910B3,20,external_v2_k_shallow,1792,2048,320,fp16,0,0,8:1792:256:32:80:64:16:16:16:4:4:1:2:2:1:1:1:1:4:1:2:1:2,contract_global,0.0196563994884,0.998780491935786,0.998252979810917,within_noise,within_noise,1.0737327694527368
two_stage_feedback_net_log14,Ascend910B3,20,external_v2_k_shallow,1792,2048,320,fp16,0,0,20:48:352:320:16:64:256:2:1:2:1:0:1:1:2:2:1:4:1:10:6:0:0,contract_global,0.0196803998947,1,0.999471843776403,within_noise,within_noise,0.9984123000523303
two_stage_feedback_net_log14,Ascend910B3,20,external_v2_k_shallow,1792,2048,320,fp16,0,0,20:1792:16:320:16:16:96:2:4:1:1:0:2:2:2:1:1:1:3:1:58:0:0,contract_global,0.0196451997757,0.998211412407601,0.997684200844017,within_noise,within_noise,0.9980970825093852
two_stage_feedback_net_log14,Ascend910B3,20,external_v2_k_deep,1024,1536,32768,fp16,0,0,20:1024:384:384:128:128:128:6:9:1:3:0:3:3:2:2:2:1:1:1:4:2:3,feedback_winner_mutation,0.555583610535,0.885018176421222,0.888898511717012,improved,improved,1.1041564647364321
two_stage_feedback_net_log14,Ascend910B3,20,external_v2_k_deep,1024,1536,32768,fp16,0,0,20:1024:384:384:128:128:128:6:9:1:3:0:3:3:2:2:2:1:2:1:2:1:3,feedback_winner_mutation,0.553169212341,0.881172155319223,0.885035627860462,improved,improved,1.117689554277543
two_stage_feedback_net_log14,Ascend910B3,20,external_v2_k_deep,1024,1536,32768,fp16,0,0,20:1024:384:384:128:128:128:6:9:1:3:0:3:3:2:2:1:1:1:1:4:1:3,feedback_winner_mutation,0.85625,1.36396538556713,1.36994565034972,regressed,regressed,1.115794073778874
two_stage_feedback_net_log14,Ascend910B3,20,external_v2_k_deep,1024,1536,32768,fp16,0,0,18:352:256:6160:16:16:80:77:77:1:1:1:77:77:1:2:1:3:2:1:4:0:2,contract_global,35.6875756836,56.8486048784852,57.0978558589638,regressed,regressed,1.0677314255617325
two_stage_feedback_net_log14,Ascend910B3,20,external_v2_k_deep,1024,1536,32768,fp16,0,0,18:352:256:1280:16:16:80:16:16:1:1:0:16:16:1:2:1:3:2:1:4:0:2,contract_global,37.8958520508,60.3662837419017,60.630957878453,regressed,regressed,0.9998704420318348
two_stage_feedback_net_log14,Ascend910B3,20,external_v2_k_deep,1024,1536,32768,fp16,0,0,18:352:256:640:16:16:80:8:16:1:1:0:8:8:1:2:1:3:2:1:4:1:2,contract_global,38.7437451172,61.7169369310374,61.9875329652642,regressed,regressed,0.9999614174485956
two_stage_feedback_net_log14,Ascend910B3,20,external_v2_k_deep,1024,1536,32768,fp16,0,0,18:352:256:640:16:16:80:8:8:1:1:0:8:8:1:2:1:3:2:1:4:0:2,contract_global,38.6827563477,61.6197847317019,61.8899548052502,regressed,regressed,0.9998692867853957
two_stage_feedback_net_log14,Ascend910B3,20,external_v2_k_deep,1024,1536,32768,fp16,0,0,18:512:176:640:16:16:80:16:24:2:3:1:8:8:2:2:1:2:9:1:1:1:2,contract_global,20.8359838867,33.1907279365825,33.3362516745902,regressed,regressed,0.9999266650511175
two_stage_feedback_net_log14,Ascend910B3,20,external_v2_k_deep,1024,1536,32768,fp16,0,0,18:352:256:480:16:16:80:6:12:1:1:0:6:6:1:2:1:3:2:1:4:1:2,contract_global,40.3747631836,64.3150708705498,64.597058344068,regressed,regressed,0.9999590783402957
two_stage_feedback_net_log14,Ascend910B3,20,external_v2_k_deep,1024,1536,32768,fp16,0,0,20:512:160:640:16:16:80:24:16:3:2:0:8:8:2:2:2:2:10:1:1:2:2,contract_global,16.7921862793,26.7491513377384,26.8664321788864,regressed,regressed,1.0002065468949843
two_stage_feedback_net_log14,Ascend910B3,20,external_v2_k_deep,1024,1536,32768,fp16,0,0,20:384:1536:384:128:128:128:9:6:3:1:1:3:3:2:2:2:1:1:3:1:0:3,contract_global,0.623945999146,0.993916198891761,0.998273994256653,within_noise,within_noise,1.130009799110059
two_stage_feedback_net_log14,Ascend910B3,20,external_v2_k_deep,1024,1536,32768,fp16,0,0,16:384:1536:384:128:128:128:9:6:3:1:1:3:3:2:2:2:1:1:3:1:0:3,contract_global,0.677470397949,1.07917801173536,1.08390963493235,regressed,regressed,1.122297786830813
two_stage_feedback_net_log14,Ascend910B3,20,external_v2_k_deep,1024,1536,32768,fp16,0,0,16:1024:384:384:128:128:128:6:9:1:3:0:3:3:2:2:2:1:1:1:4:1:3,contract_global,0.646413192749,1.02970536605333,1.03422007793861,regressed,regressed,1.15050846000948
two_stage_feedback_net_log14,Ascend910B3,20,external_v2_k_deep,1024,1536,32768,fp16,0,0,4:1024:384:384:128:128:128:6:9:1:3:0:3:3:2:2:2:1:1:1:4:1:3,contract_global,2.11780075073,3.37355552411713,3.38834677579458,regressed,regressed,1.1653986998072008
two_stage_feedback_net_log14,Ascend910B3,20,external_v2_k_deep,1024,1536,32768,fp16,0,0,16:1024:96:32768:16:48:112:8:16:1:1:0:8:8:2:1:1:1:8:1:2:2:0,runtime_rejected,0,3,3,runtime_rejected,runtime_rejected,3
two_stage_feedback_net_log14,Ascend910B3,20,external_v2_k_deep,1024,1536,32768,fp16,0,0,4:384:1536:384:128:128:128:9:6:3:1:1:3:3:2:2:2:1:1:3:1:0:3,contract_global,1.99384277344,3.17609638217674,3.1900218802452,regressed,regressed,1.4773785485015685
two_stage_feedback_net_log14,Ascend910B3,20,external_v2_k_low_output_deep_aligned,192,128,24576,fp16,0,0,20:384:128:384:128:128:128:9:6:3:1:1:3:3:2:2:2:1:1:1:1:1:3,feedback_winner_mutation,0.0331292009354,0.989711353653138,0.936011753199762,within_noise,improved,1.0547542040203781
two_stage_feedback_net_log14,Ascend910B3,20,external_v2_k_low_output_deep_aligned,192,128,24576,fp16,0,0,20:384:128:384:128:128:128:9:6:3:1:1:3:3:2:2:1:1:1:1:1:0:3,feedback_regression_counterfactual,0.0362495994568,1.08293104375382,1.02417354425469,regressed,regressed,1.0536350122208584
two_stage_feedback_net_log14,Ascend910B3,20,external_v2_k_low_output_deep_aligned,192,128,24576,fp16,0,0,20:192:384:384:128:128:128:6:9:1:3:0:3:3:2:2:2:1:1:1:1:1:3,contract_global,0.0306559991837,0.915826207483997,0.866135455487114,improved,improved,1.2530083331958521
two_stage_feedback_net_log14,Ascend910B3,20,external_v2_k_low_output_deep_aligned,192,128,24576,fp16,0,0,16:384:128:384:128:128:128:9:6:3:1:1:3:3:2:2:2:1:1:1:1:0:3,contract_global,0.0293819999695,0.877766385595845,0.830140677329845,improved,improved,1.3766858551707088
two_stage_feedback_net_log14,Ascend910B3,20,external_v2_k_low_output_deep_aligned,192,128,24576,fp16,0,0,16:192:384:384:128:128:128:6:9:1:3:0:3:3:2:2:2:1:1:1:1:1:3,contract_global,0.0292160010338,0.872807285265168,0.825450647075602,improved,improved,1.628443729814313
two_stage_feedback_net_log14,Ascend910B3,20,external_v2_k_low_output_deep_aligned,192,128,24576,fp16,0,0,20:16:48:24576:16:32:512:16:8:1:1:1:8:8:2:2:2:3:1:4:3:0:0,runtime_rejected,0,3,3,runtime_rejected,runtime_rejected,3
two_stage_feedback_net_log14,Ascend910B3,20,external_v2_k_low_output_deep_aligned,192,128,24576,fp16,0,0,20:16:32:24576:16:32:640:8:8:1:1:1:8:8:1:1:1:12:2:1:3:0:0,contract_global,0.223195590973,6.6678097941997,6.30602883603815,regressed,regressed,1.496498124249681
two_stage_feedback_net_log14,Ascend910B3,20,external_v2_k_low_output_deep_aligned,192,128,24576,fp16,0,0,20:16:64:24576:16:32:320:16:16:1:1:0:8:8:2:2:2:2:1:6:2:0:0,runtime_rejected,0,3,3,runtime_rejected,runtime_rejected,3
two_stage_feedback_net_log14,Ascend910B3,20,external_v2_k_low_output_deep_aligned,192,128,24576,fp16,0,0,18:32:48:24576:32:48:256:8:16:1:1:0:8:8:2:2:1:1:3:6:1:0:0,contract_global,0.185430793762,5.53961329345189,5.23904584069459,regressed,regressed,1.917370110332878
two_stage_feedback_net_log14,Ascend910B3,20,external_v2_k_low_output_deep_aligned,192,128,24576,fp16,0,0,8:384:128:384:128:128:128:9:6:3:1:1:3:3:2:2:2:1:1:1:1:0:3,contract_global,0.0357279992104,1.06734860676919,1.00943657664587,regressed,within_noise,2.247435508382173
two_stage_feedback_net_log14,Ascend910B3,20,external_v2_k_low_output_deep_aligned,192,128,24576,fp16,0,0,20:64:16:24576:48:16:384:8:16:1:1:1:8:8:1:2:1:3:8:1:1:0:0,runtime_rejected,0,3,3,runtime_rejected,runtime_rejected,3
two_stage_feedback_net_log14,Ascend910B3,20,external_v2_k_low_output_deep_aligned,192,128,24576,fp16,0,0,8:192:384:384:128:128:128:6:9:1:3:0:3:3:2:2:2:1:1:1:1:1:3,contract_global,0.0318935990334,0.952798624198515,0.901101828724677,improved,improved,2.6571835294228103
two_stage_feedback_net_log14,Ascend910B3,20,external_v2_k_low_output_deep_aligned,192,128,24576,fp16,0,0,20:32:16:24576:32:16:512:1:1:1:1:1:1:1:2:2:2:6:3:1:3:0:0,contract_global,0.237781600952,7.10355648512871,6.71813285265302,regressed,regressed,2.5389898572746956
two_stage_feedback_net_log14,Ascend910B3,20,external_v2_k_low_output_deep_aligned,192,128,24576,fp16,0,0,20:16:64:24576:16:64:160:16:8:1:1:1:8:8:2:2:2:12:2:1:1:0:0,contract_global,0.155917196274,4.65791552541267,4.40518708927469,regressed,regressed,2.5514324620927322
two_stage_feedback_net_log14,Ascend910B3,20,external_v2_k_low_output_deep_aligned,192,128,24576,fp16,0,0,20:16:64:24576:16:16:192:8:64:1:4:0:8:8:2:2:2:2:1:6:2:0:0,runtime_rejected,0,3,3,runtime_rejected,runtime_rejected,3
two_stage_feedback_net_log14,Ascend910B3,20,external_v2_k_low_output_deep_aligned,192,128,24576,fp16,0,0,4:384:128:384:128:128:128:9:6:3:1:1:3:3:2:2:2:1:1:1:1:0:3,contract_global,0.0556252002716,1.66176335992045,1.57159966911996,regressed,regressed,3.4608462039281283
two_stage_feedback_net_log14,Ascend910B3,20,external_v2_k_low_output_deep_odd,512,384,12289,fp16,0,0,20:128:80:12289:96:16:256:8:4:1:1:0:4:4:1:2:1:1:3:4:2:0:0,contract_global,0.0637383985519,1.00091705788964,1.00066566756654,within_noise,within_noise,1.0007937323225542
two_stage_feedback_net_log14,Ascend910B3,20,external_v2_k_low_output_deep_odd,512,384,12289,fp16,0,0,20:128:80:12289:112:32:256:4:8:1:2:0:4:4:1:1:1:1:3:4:2:0:0,contract_global,0.0637987995148,1.00186556546882,1.00161393691818,within_noise,within_noise,1.0011464119656144
two_stage_feedback_net_log14,Ascend910B3,20,external_v2_k_low_output_deep_odd,512,384,12289,fp16,0,0,18:176:64:12289:32:32:448:8:4:2:1:0:2:2:1:2:1:1:1:3:6:0:0,contract_global,0.0635752010345,0.998354282819621,0.998103536158835,within_noise,within_noise,1.0013865550292933
two_stage_feedback_net_log14,Ascend910B3,20,external_v2_k_low_output_deep_odd,512,384,12289,fp16,0,0,20:128:80:12289:128:64:112:8:16:1:1:1:8:8:2:2:1:1:2:4:4:0:0,contract_global,0.0637031984329,1.00036429220448,1.00011304071376,within_noise,within_noise,1.00123334108335
two_stage_feedback_net_log14,Ascend910B3,20,external_v2_k_low_output_deep_odd,512,384,12289,fp16,0,0,16:128:96:12289:64:16:512:4:4:1:1:1:2:2:1:2:1:2:1:3:4:0:0,contract_global,0.0637939977646,1.00179016110013,1.00153855148831,within_noise,within_noise,1.0009381379810458
two_stage_feedback_net_log14,Ascend910B3,20,external_v2_k_low_output_deep_odd,512,384,12289,fp16,0,0,18:176:64:12289:16:16:256:32:32:2:2:0:8:8:2:1:1:3:1:1:6:0:0,contract_global,0.0636019992828,0.998775109576576,0.998524257225384,within_noise,within_noise,0.9998829980594555
two_stage_feedback_net_log14,Ascend910B3,20,external_v2_k_low_output_deep_odd,512,384,12289,fp16,0,0,20:144:80:12289:144:80:192:4:4:1:1:0:2:2:1:1:1:2:2:3:4:0:0,contract_global,0.0635739994049,0.998335413009859,0.998084671084693,within_noise,within_noise,1.0014803394045624
two_stage_feedback_net_log14,Ascend910B3,20,external_v2_k_low_output_deep_odd,512,384,12289,fp16,0,0,15:112:128:12289:64:64:256:4:8:1:2:1:4:4:2:2:2:1:3:5:1:0:0,contract_global,0.0638271999359,1.00231155197878,1.00205981141361,within_noise,within_noise,0.9999891295242543
two_stage_feedback_net_log14,Ascend910B3,20,external_v2_k_low_output_deep_odd,512,384,12289,fp16,0,0,20:256:16:12289:16:16:1024:2:2:1:1:0:2:2:2:1:1:1:5:2:5:2:0,contract_global,0.0637811994553,1.0015891826263,1.00133762349148,within_noise,within_noise,1.0012560586378494
two_stage_feedback_net_log14,Ascend910B3,20,external_v2_k_low_output_deep_odd,512,384,12289,fp16,0,0,20:16:208:12289:16:208:128:8:8:1:1:0:8:8:2:1:1:7:1:5:2:0:0,contract_global,0.0635928010941,0.998630665657669,0.998379849586974,within_noise,within_noise,1.0000909630727646
two_stage_feedback_net_log14,Ascend910B3,20,external_v2_k_low_output_deep_odd,512,384,12289,fp16,0,0,4:256:256:12289:128:256:16:16:16:2:1:0:8:8:1:2:1:1:2:2:1:0:0,contract_global,0.0636439990997,0.999434654436402,0.999183636433982,within_noise,within_noise,1.001055661540574
two_stage_feedback_net_log14,Ascend910B3,20,external_v2_k_low_output_deep_odd,512,384,12289,fp16,0,0,2:512:304:12289:16:304:64:4:4:2:1:0:2:2:1:1:1:1:1:1:2:0:0,contract_global,0.0636272001266,0.999170851467791,0.998919899728023,within_noise,within_noise,1.0008962938617232
two_stage_feedback_net_log14,Ascend910B3,20,external_v2_k_low_output_deep_odd,512,384,12289,fp16,0,0,20:448:16:12289:448:16:48:4:2:1:1:0:2:2:1:2:1:1:8:2:3:2:0,contract_global,0.0635803985596,0.998435902244196,0.998185135083218,within_noise,within_noise,1.1712854101125505
two_stage_feedback_net_log14,Ascend910B3,20,external_v2_k_low_output_deep_odd,512,384,12289,fp16,0,0,4:512:384:384:128:128:128:6:9:1:3:0:3:3:2:2:2:1:1:1:1:1:3,contract_global,0.0637167978287,1.00057785055442,1.00032654542611,within_noise,within_noise,1.1939983434227364
two_stage_feedback_net_log14,Ascend910B3,20,external_v2_k_low_output_deep_odd,512,384,12289,fp16,0,0,20:144:16:12289:144:16:96:8:8:1:1:1:8:8:2:2:2:4:2:1:17:1:0,contract_global,0.0636619997025,0.999717327216496,0.999466238223785,within_noise,within_noise,1.2077052836234663
two_stage_feedback_net_log14,Ascend910B3,20,external_v2_k_low_output_deep_odd,512,384,12289,fp16,0,0,20:16:368:12289:16:368:80:2:1:1:1:0:1:1:2:1:1:8:1:4:2:0:0,contract_global,0.0635640001297,0.998178389211485,0.997927686730281,within_noise,within_noise,1.2146094303742125
two_stage_feedback_net_log14,Ascend910B3,20,external_v2_skinny_m,47,3584,12288,fp16,0,0,19:48:192:12288:16:32:896:3:4:3:4:1:1:1:2:1:1:1:4:1:5:0:0,contract_global,0.0547128009796,1.00165497643359,1.00118581048205,within_noise,within_noise,1.0007674548836722
two_stage_feedback_net_log14,Ascend910B3,20,external_v2_skinny_m,47,3584,12288,fp16,0,0,19:64:192:12288:64:16:128:16:64:1:4:1:8:8:1:1:1:1:5:1:4:0:0,contract_global,0.0547508001328,1.00235064619039,1.00188115439243,within_noise,within_noise,1.0019004597884706
two_stage_feedback_net_log14,Ascend910B3,20,external_v2_skinny_m,47,3584,12288,fp16,0,0,20:32:368:12288:32:32:48:8:4:1:1:0:4:4:2:2:2:1:1:2:10:0:0,contract_global,0.0548400020599,1.00398371107749,1.0035134543681,within_noise,within_noise,1.0007750205035275
two_stage_feedback_net_log14,Ascend910B3,20,external_v2_skinny_m,47,3584,12288,fp16,0,0,19:48:192:12288:16:192:16:12:2:3:1:0:2:2:2:2:2:1:1:1:19:0:0,contract_global,0.0546772003174,1.00100321706882,1.00053435639426,within_noise,within_noise,1.000940115187652
two_stage_feedback_net_log14,Ascend910B3,20,external_v2_skinny_m,47,3584,12288,fp16,0,0,20:48:176:12288:16:16:160:2:8:1:2:0:2:2:1:2:1:1:5:1:5:0:0,contract_global,0.0549459981918,1.00592423598414,1.00545307035031,within_noise,within_noise,1.0018949181291856
two_stage_feedback_net_log14,Ascend910B3,20,external_v2_skinny_m,47,3584,12288,fp16,0,0,18:48:208:12288:48:16:16:1:4:1:4:1:1:1:2:2:1:1:2:1:11:0:0,contract_global,0.0546687984467,1.00084939976365,1.00038061113572,within_noise,within_noise,1.0008243944577857
two_stage_feedback_net_log14,Ascend910B3,20,external_v2_skinny_m,47,3584,12288,fp16,0,0,20:16:240:12288:16:16:768:4:4:1:1:1:4:4:2:2:1:1:8:3:2:0:0,contract_global,0.054713602066,1.00166964232879,1.00120046950708,within_noise,within_noise,1.0002460519539005
two_stage_feedback_net_log14,Ascend910B3,20,external_v2_skinny_m,47,3584,12288,fp16,0,0,20:16:224:12288:16:16:768:4:4:1:2:0:2:2:2:2:2:2:6:2:3:0:0,contract_global,0.0549531984329,1.00605605444687,1.00558482707044,within_noise,within_noise,1.0002848319651378
two_stage_feedback_net_log14,Ascend910B3,20,external_v2_skinny_m,47,3584,12288,fp16,0,0,20:256:32:12288:256:16:64:2:8:1:2:0:2:2:2:2:1:1:7:1:18:1:0,contract_global,0.0547800016403,1.00288525298708,1.00241551078455,within_noise,within_noise,0.9995842385168598
two_stage_feedback_net_log14,Ascend910B3,20,external_v2_skinny_m,47,3584,12288,fp16,0,0,1:112:3584:12288:112:16:16:8:4:1:1:0:4:4:2:2:1:1:1:1:1:0:0,contract_global,0.0546295976639,1.00013173116581,0.999663278689432,within_noise,within_noise,0.9997782100261807
two_stage_feedback_net_log14,Ascend910B3,20,external_v2_skinny_m,47,3584,12288,fp16,0,0,20:368:32:12288:368:32:80:8:4:1:1:1:4:4:1:2:1:1:38:1:3:2:0,contract_global,0.0547624015808,1.0025630397779,1.00209344849718,within_noise,within_noise,0.9995686718258683
two_stage_feedback_net_log14,Ascend910B3,20,external_v2_skinny_m,47,3584,12288,fp16,0,0,1:64:3584:256:64:16:16:16:32:1:1:0:16:16:2:2:1:1:1:1:1:2:2,contract_global,0.0547900009155,1.00306831478617,1.00259848683899,within_noise,within_noise,0.9987354511090475
two_stage_feedback_net_log14,Ascend910B3,20,external_v2_skinny_m,47,3584,12288,fp16,0,0,20:1536:176:12288:1536:16:16:8:16:1:2:0:8:8:1:1:1:1:21:1:1:1:0,contract_global,0.0546375989914,1.00027821552335,0.999809694433102,within_noise,within_noise,1.0000715789832966
two_stage_feedback_net_log14,Ascend910B3,20,external_v2_skinny_m,47,3584,12288,fp16,0,0,4:256:896:16:64:16:16:8:4:4:4:0:1:1:1:2:1:1:4:1:1:1:2,contract_global,0.0546820020676,1.00109112514345,1.00062222329308,within_noise,within_noise,0.9972615538698549
two_stage_feedback_net_log14,Ascend910B3,20,external_v2_skinny_m,47,3584,12288,fp16,0,0,20:768:48:12288:768:16:16:8:8:1:2:0:4:4:2:1:1:1:25:1:3:0:0,contract_global,0.0546188020706,0.999934090764314,0.999465730866093,within_noise,within_noise,0.9983389913742556
two_stage_feedback_net_log14,Ascend910B3,20,external_v2_skinny_m,47,3584,12288,fp16,0,0,4:384:3584:384:128:128:128:9:6:3:1:1:3:3:2:2:2:1:1:1:1:0:3,contract_global,0.0545843982697,0.999304242944915,0.998836178059721,within_noise,within_noise,1.0609544702221505
two_stage_feedback_net_log14,Ascend910B3,20,external_v2_skinny_n,3584,73,12288,fp16,0,0,20:288:32:12288:48:32:128:32:16:4:1:1:8:8:2:2:2:1:1:13:3:2:0,feedback_winner_mutation,0.121505203247,0.998497795284013,1.00386663063176,within_noise,within_noise,0.9945131709584827
two_stage_feedback_net_log14,Ascend910B3,20,external_v2_skinny_n,3584,73,12288,fp16,0,0,19:288:32:12288:48:32:128:32:16:4:1:1:8:8:2:2:2:1:1:13:3:1:0,feedback_winner_mutation,0.120553197861,0.990674465469146,0.996001235455311,within_noise,within_noise,0.9916122096584938
two_stage_feedback_net_log14,Ascend910B3,20,external_v2_skinny_n,3584,73,12288,fp16,0,0,15:240:80:160:16:16:160:4:6:2:3:0:1:1:2:2:1:1:1:15:1:2:2,feedback_winner_mutation,0.12114279747,0.995519639948032,1.00087246201644,within_noise,within_noise,0.995829913022976
two_stage_feedback_net_log14,Ascend910B3,20,external_v2_skinny_n,3584,73,12288,fp16,0,0,2:1792:96:256:96:48:32:48:16:3:2:0:8:8:1:2:1:1:1:2:1:2:2,feedback_winner_mutation,0.120318403244,0.988744985073385,0.994061380422195,improved,within_noise,0.9820122007947327
two_stage_feedback_net_log14,Ascend910B3,20,external_v2_skinny_n,3584,73,12288,fp16,0,0,2:1792:96:256:96:48:32:48:16:3:2:1:8:8:1:2:1:1:1:2:1:1:2,feedback_winner_mutation,0.120191602707,0.987702971616897,0.993013764150915,improved,within_noise,0.9828029405286252
two_stage_feedback_net_log14,Ascend910B3,20,external_v2_skinny_n,3584,73,12288,fp16,0,0,14:256:96:64:48:32:64:2:6:2:3:0:1:1:2:2:1:5:1:3:1:1:2,feedback_winner_mutation,0.119559602737,0.982509362125974,0.987792229075359,improved,improved,0.9934623146236443
two_stage_feedback_net_log14,Ascend910B3,20,external_v2_skinny_n,3584,73,12288,fp16,0,0,2:1792:96:256:96:48:32:48:16:3:2:0:8:8:1:2:2:1:1:2:1:1:2,feedback_winner_mutation,0.121838798523,1.00123919349998,1.00662276910805,within_noise,within_noise,0.9841644841410231
two_stage_feedback_net_log14,Ascend910B3,20,external_v2_skinny_n,3584,73,12288,fp16,0,0,1:1792:96:256:96:48:32:48:16:3:2:0:8:8:1:2:1:1:1:2:1:1:2,feedback_winner_mutation,0.121498403549,0.998441917150505,1.00381045205082,within_noise,within_noise,0.978505423634191
two_stage_feedback_net_log14,Ascend910B3,20,external_v2_skinny_n,3584,73,12288,fp16,0,0,1:3584:112:12288:16:112:16:8:4:2:1:0:4:4:1:1:1:1:1:1:1:0:0,contract_global,0.121691999435,1.00003283721425,1.00540992635013,within_noise,within_noise,0.955705272552278
two_stage_feedback_net_log14,Ascend910B3,20,external_v2_skinny_n,3584,73,12288,fp16,0,0,3:3584:32:12288:32:32:224:2:2:1:1:1:2:2:2:2:2:1:3:1:1:2:0,contract_global,0.12123840332,0.99630530367347,1.00166235018501,within_noise,within_noise,0.9746174037263519
two_stage_feedback_net_log14,Ascend910B3,20,external_v2_skinny_n,3584,73,12288,fp16,0,0,2:1792:112:12288:32:112:160:8:8:1:1:1:4:4:2:1:1:2:1:1:1:0:0,contract_global,0.121499204636,0.998448500271904,1.00381707057039,within_noise,within_noise,0.9725508325032668
two_stage_feedback_net_log14,Ascend910B3,20,external_v2_skinny_n,3584,73,12288,fp16,0,0,1:3584:1536:12288:16:1536:16:8:4:1:1:0:4:4:2:1:1:1:1:1:1:0:0,contract_global,0.120973997116,0.994132483042945,0.999477846496717,within_noise,within_noise,0.9645930376678711
two_stage_feedback_net_log14,Ascend910B3,20,external_v2_skinny_n,3584,73,12288,fp16,0,0,20:3584:384:384:128:128:128:6:9:1:3:0:3:3:2:2:2:1:1:1:1:1:3,contract_global,0.1210779953,0.994987112762146,1.0003370714789,within_noise,within_noise,1.0057813726664384
two_stage_feedback_net_log14,Ascend910B3,20,external_v2_skinny_n,3584,73,12288,fp16,0,0,2:1792:576:64:16:192:16:16:12:2:3:1:4:4:2:1:1:2:1:1:1:1:2,contract_global,0.120488796234,0.990145229841105,0.995469154178952,within_noise,within_noise,0.9698598870892124
two_stage_feedback_net_log14,Ascend910B3,20,external_v2_skinny_n,3584,73,12288,fp16,0,0,6:608:240:16:32:80:16:2:3:2:3:0:1:1:1:2:1:3:1:2:1:1:2,contract_global,0.120185203552,0.987650385047235,0.992960894824809,improved,within_noise,0.9966920787759378
two_stage_feedback_net_log14,Ascend910B3,20,external_v2_skinny_n,3584,73,12288,fp16,0,0,20:96:1536:12288:16:1536:16:16:8:4:1:1:4:4:1:1:1:38:1:1:1:0:0,contract_global,0.119708404541,0.983732176205515,0.989021618114353,improved,improved,1.0548987819455167
two_stage_feedback_net_log14,Ascend910B3,20,external_v2_layout_tn,1792,2560,3584,fp16,1,0,20:192:1280:2464:32:32:32:77:77:1:1:1:77:77:2:2:1:4:1:3:2:1:2,contract_global,4.90307312012,38.5550226568152,38.5467784233739,regressed,regressed,1.251646476278691
two_stage_feedback_net_log14,Ascend910B3,20,external_v2_layout_tn,1792,2560,3584,fp16,1,0,16:448:640:2464:48:48:16:154:154:1:1:0:154:154:1:1:1:1:1:4:4:2:2,contract_global,5.74207092285,45.1524317715595,45.1427768118585,regressed,regressed,1.4124373856975831
two_stage_feedback_net_log14,Ascend910B3,20,external_v2_layout_tn,1792,2560,3584,fp16,1,0,13:144:2560:3520:16:16:80:44:88:1:1:0:44:44:1:2:1:5:1:3:1:0:2,contract_global,19.7972900391,155.674807880788,155.641519884382,regressed,regressed,1.2998574310388373
two_stage_feedback_net_log14,Ascend910B3,20,external_v2_layout_tn,1792,2560,3584,fp16,1,0,13:144:2560:3520:16:16:80:88:44:1:1:0:44:44:1:2:1:5:1:3:1:0:2,contract_global,25.2956713867,198.911001231343,198.868468024874,regressed,regressed,1.2998574310388373
two_stage_feedback_net_log14,Ascend910B3,20,external_v2_layout_tn,1792,2560,3584,fp16,1,0,13:144:2560:3520:16:16:80:88:88:1:1:0:44:44:1:2:1:5:1:3:1:1:2,contract_global,25.7558911133,202.529911565739,202.486604526818,regressed,regressed,1.2971629607143287
two_stage_feedback_net_log14,Ascend910B3,20,external_v2_layout_tn,1792,2560,3584,fp16,1,0,13:144:2560:3520:16:16:80:44:44:1:1:0:44:44:1:2:1:1:1:13:1:2:2,contract_global,25.8059985352,202.923928285236,202.880536993807,regressed,regressed,1.3034940838001727
two_stage_feedback_net_log14,Ascend910B3,20,external_v2_layout_tn,1792,2560,3584,fp16,1,0,14:128:2560:1280:16:16:80:32:48:2:3:1:16:16:2:2:1:5:1:3:1:0:2,contract_global,6.65973815918,52.3684532792944,52.3572553151408,regressed,regressed,1.237639698798179
two_stage_feedback_net_log14,Ascend910B3,20,external_v2_layout_tn,1792,2560,3584,fp16,1,0,13:144:2560:1280:16:16:80:16:32:1:1:0:16:16:1:2:1:5:1:3:1:0:2,contract_global,19.4962597656,153.307674303415,153.274892471998,regressed,regressed,1.2212507245955657
two_stage_feedback_net_log14,Ascend910B3,20,external_v2_layout_tn,1792,2560,3584,fp16,1,0,13:144:2560:1280:16:16:80:32:16:1:1:0:16:16:1:2:1:5:1:3:1:0:2,contract_global,24.327565918,191.298361695462,191.257456302788,regressed,regressed,1.2212507245955657
two_stage_feedback_net_log14,Ascend910B3,20,external_v2_layout_tn,1792,2560,3584,fp16,1,0,14:128:2560:1280:16:16:80:64:48:2:3:1:16:16:2:2:1:5:1:3:1:1:2,contract_global,8.14357971191,64.0365527105953,64.0228597527678,regressed,regressed,1.3082414456919378
two_stage_feedback_net_log14,Ascend910B3,20,external_v2_layout_tn,1792,2560,3584,fp16,1,0,14:256:1280:768:48:48:48:32:48:2:3:1:16:16:1:1:1:2:1:4:2:1:2,contract_global,2.76295593262,21.7263389658111,21.7216932154598,regressed,regressed,1.2218416783263562
two_stage_feedback_net_log14,Ascend910B3,20,external_v2_layout_tn,1792,2560,3584,fp16,1,0,14:128:2560:1280:16:16:80:32:96:2:3:1:16:16:2:2:1:5:1:3:1:1:2,contract_global,8.26626525879,65.0012831811336,64.9873839349492,regressed,regressed,1.3124868727029189
two_stage_feedback_net_log14,Ascend910B3,20,external_v2_layout_tn,1792,2560,3584,fp16,1,0,14:128:2560:1280:16:16:80:64:96:2:3:1:16:16:2:2:1:5:1:3:1:2:2,contract_global,8.26443481445,64.9868895914569,64.9729934233055,regressed,regressed,1.3397994868492304
two_stage_feedback_net_log14,Ascend910B3,20,external_v2_layout_tn,1792,2560,3584,fp16,1,0,10:1792:384:384:128:128:128:6:9:1:3:0:3:3:2:2:2:1:1:1:7:2:3,feedback_regression_counterfactual,0.301291999817,2.36919164667733,2.36868504163449,regressed,regressed,2.3161813345359032
two_stage_feedback_net_log14,Ascend910B3,20,external_v2_layout_tn,1792,2560,3584,fp16,1,0,10:1792:384:384:128:128:128:6:9:1:3:0:3:3:2:2:1:1:1:1:7:1:3,feedback_regression_counterfactual,0.445817604065,3.5056601042729,3.50491048778998,regressed,regressed,2.293418075372351
two_stage_feedback_net_log14,Ascend910B3,20,external_v2_layout_tn,1792,2560,3584,fp16,1,0,18:608:432:3584:16:176:32:8:8:1:1:1:8:8:2:1:1:1:2:3:3:0:0,runtime_rejected,0,3,3,runtime_rejected,runtime_rejected,3
two_stage_feedback_net_log14,Ascend910B3,20,external_v2_layout_nt,1664,2432,3328,fp16,0,1,18:560:416:1280:16:16:160:32:32:4:4:1:8:8:1:1:1:3:1:1:6:2:2,contract_global,3.28182159424,27.2212089489777,27.2318696912066,regressed,regressed,1.2232693456361416
two_stage_feedback_net_log14,Ascend910B3,20,external_v2_layout_nt,1664,2432,3328,fp16,0,1,13:128:2432:3280:16:16:80:41:82:1:1:1:41:41:1:2:1:5:1:3:1:0:2,contract_global,5.58040222168,46.2868838338252,46.3050113365406,regressed,regressed,1.1303638256660824
two_stage_feedback_net_log14,Ascend910B3,20,external_v2_layout_nt,1664,2432,3328,fp16,0,1,13:128:2432:3280:16:16:80:82:41:1:1:1:41:41:1:2:1:5:1:3:1:0:2,contract_global,6.15775695801,51.0757772773497,51.0957802719061,regressed,regressed,1.1303638256660824
two_stage_feedback_net_log14,Ascend910B3,20,external_v2_layout_nt,1664,2432,3328,fp16,0,1,13:128:2432:3280:16:16:80:82:82:1:1:1:41:41:1:2:1:5:1:3:1:1:2,contract_global,7.16626342773,59.4408771312018,59.4641561806462,regressed,regressed,1.2040396581766992
two_stage_feedback_net_log14,Ascend910B3,20,external_v2_layout_nt,1664,2432,3328,fp16,0,1,13:128:2432:3280:16:16:80:41:41:1:1:1:41:41:1:2:1:1:1:13:1:2:2,contract_global,7.20875854492,59.7933546902196,59.8167717816486,regressed,regressed,1.2169667547199257
two_stage_feedback_net_log14,Ascend910B3,20,external_v2_layout_nt,1664,2432,3328,fp16,0,1,13:128:2432:1280:16:16:80:16:32:1:1:0:16:16:1:2:1:5:1:3:1:0:2,contract_global,5.99682373047,49.7409097690498,49.7603899846244,regressed,regressed,1.141546076742762
two_stage_feedback_net_log14,Ascend910B3,20,external_v2_layout_nt,1664,2432,3328,fp16,0,1,13:128:2432:1280:16:16:80:32:16:1:1:0:16:16:1:2:1:5:1:3:1:0:2,contract_global,5.96378295898,49.4668516832423,49.4862245683737,regressed,regressed,1.141546076742762
two_stage_feedback_net_log14,Ascend910B3,20,external_v2_layout_nt,1664,2432,3328,fp16,0,1,16:416:608:2464:48:48:16:154:154:1:1:0:154:154:1:1:1:1:1:4:4:2:2,contract_global,2.73691192627,22.7014325064819,22.7103231520734,regressed,regressed,1.412437125220381
two_stage_feedback_net_log14,Ascend910B3,20,external_v2_layout_nt,1664,2432,3328,fp16,0,1,14:240:1216:768:48:48:48:32:48:2:3:1:16:16:1:1:1:2:1:4:2:1:2,contract_global,1.68571914673,13.9822692382203,13.9877451657762,regressed,regressed,1.1395863958165184
two_stage_feedback_net_log14,Ascend910B3,20,external_v2_layout_nt,1664,2432,3328,fp16,0,1,13:128:2432:1280:16:16:80:32:32:1:1:0:16:16:1:2:1:5:1:3:1:1:2,contract_global,6.35746520996,52.7322658764397,52.7529176076464,regressed,regressed,1.2149597540947807
two_stage_feedback_net_log14,Ascend910B3,20,external_v2_layout_nt,1664,2432,3328,fp16,0,1,13:128:2432:640:16:16:80:8:16:1:1:0:8:8:1:2:1:5:1:3:1:0:2,contract_global,7.59775817871,63.0199287158541,63.0446094421323,regressed,regressed,1.0710513842823632
two_stage_feedback_net_log14,Ascend910B3,20,external_v2_layout_nt,1664,2432,3328,fp16,0,1,13:128:2432:1280:16:16:80:16:16:1:1:0:16:16:1:2:1:1:1:13:1:2:2,contract_global,6.50306213379,53.9399257604222,53.9610504521792,regressed,regressed,1.310537073801098
two_stage_feedback_net_log14,Ascend910B3,20,external_v2_layout_nt,1664,2432,3328,fp16,0,1,12:144:2432:1280:16:16:80:64:128:4:4:1:16:16:2:1:1:1:1:12:1:2:2,contract_global,6.51882385254,54.0706620078263,54.0918379001735,regressed,regressed,1.4125375446227544
two_stage_feedback_net_log14,Ascend910B3,20,external_v2_layout_nt,1664,2432,3328,fp16,0,1,9:1664:384:384:128:128:128:6:9:1:3:0:3:3:2:2:1:1:1:1:7:1:3,feedback_regression_counterfactual,0.392081184387,3.25213407819029,3.25340772342282,regressed,regressed,2.148214196641416
two_stage_feedback_net_log14,Ascend910B3,20,external_v2_layout_nt,1664,2432,3328,fp16,0,1,9:1664:384:384:128:128:128:6:9:1:3:0:3:3:2:2:2:1:1:1:7:2:3,feedback_regression_counterfactual,0.273223209381,2.26626154369223,2.26714908803865,regressed,regressed,2.1690719349688314
two_stage_feedback_net_log14,Ascend910B3,20,external_v2_layout_nt,1664,2432,3328,fp16,0,1,19:1664:128:3328:16:80:256:8:4:1:1:1:4:4:1:1:1:1:2:1:15:2:0,runtime_rejected,0,3,3,runtime_rejected,runtime_rejected,3
two_stage_feedback_net_log14,Ascend910B3,20,external_v2_layout_tt,1280,1920,2560,fp16,1,1,12:336:640:2560:336:96:16:8:32:1:4:1:4:4:1:2:1:1:2:4:2:0:0,contract_global,0.0639975976944,1.00846512145195,1.00270735271406,within_noise,within_noise,0.9924694611984054
two_stage_feedback_net_log14,Ascend910B3,20,external_v2_layout_tt,1280,1920,2560,fp16,1,1,10:128:1920:2560:128:256:16:2:8:1:4:1:1:1:2:1:1:10:1:1:1:0:0,contract_global,0.063616399765,1.0024582582256,0.996734785293623,within_noise,within_noise,0.9901842146570947
two_stage_feedback_net_log14,Ascend910B3,20,external_v2_layout_tt,1280,1920,2560,fp16,1,1,10:128:1920:2560:64:512:16:4:4:2:2:1:2:2:2:1:1:5:1:2:1:0:0,contract_global,0.0637224006653,1.0041286054678,0.998395595799393,within_noise,within_noise,0.9902217666416255
two_stage_feedback_net_log14,Ascend910B3,20,external_v2_layout_tt,1280,1920,2560,fp16,1,1,10:256:960:2560:256:128:80:4:4:1:2:0:2:2:1:1:1:3:1:2:2:0:0,contract_global,0.0638528013229,1.00618344064466,1.00043869902044,within_noise,within_noise,0.9929710994622061
two_stage_feedback_net_log14,Ascend910B3,20,external_v2_layout_tt,1280,1920,2560,fp16,1,1,14:192:960:2560:192:16:160:2:16:1:4:0:2:2:1:1:1:7:1:1:2:0:0,contract_global,0.0636908006668,1.00363065714631,0.99790049048419,within_noise,within_noise,0.9948262272288523
two_stage_feedback_net_log14,Ascend910B3,20,external_v2_layout_tt,1280,1920,2560,fp16,1,1,14:192:960:2560:32:912:16:8:16:1:1:1:8:8:1:2:1:2:1:5:2:0:0,contract_global,0.0636240005493,1.00257803031315,0.996853873550628,within_noise,within_noise,0.9934253995276244
two_stage_feedback_net_log14,Ascend910B3,20,external_v2_layout_tt,1280,1920,2560,fp16,1,1,12:112:1920:2560:80:368:80:2:8:1:4:0:2:2:1:1:1:12:1:1:1:0:0,contract_global,0.063501200676,1.00064296722321,0.994929858582921,within_noise,within_noise,0.9928428217212467
two_stage_feedback_net_log14,Ascend910B3,20,external_v2_layout_tt,1280,1920,2560,fp16,1,1,10:128:1920:2560:80:368:32:2:8:1:4:1:2:2:2:2:1:5:1:2:1:0:0,contract_global,0.0634575986862,0.999955893215494,0.994246707384048,within_noise,within_noise,0.9920879315354739
two_stage_feedback_net_log14,Ascend910B3,20,external_v2_layout_tt,1280,1920,2560,fp16,1,1,20:1280:96:2560:16:48:64:8:4:1:1:0:4:4:2:2:2:1:3:1:9:0:0,contract_global,0.0636132001877,1.00240783973782,0.996684654676496,within_noise,within_noise,1.0049593462639737
two_stage_feedback_net_log14,Ascend910B3,20,external_v2_layout_tt,1280,1920,2560,fp16,1,1,9:144:1920:2560:144:16:32:2:4:1:1:0:2:2:1:2:1:5:1:2:1:0:0,contract_global,0.063576798439,1.00183422611369,0.996114316056716,within_noise,within_noise,1.0000930009389215
two_stage_feedback_net_log14,Ascend910B3,20,external_v2_layout_tt,1280,1920,2560,fp16,1,1,20:32:480:2560:32:16:128:4:4:1:1:0:2:2:1:1:1:5:1:8:4:2:0,contract_global,0.0638072013855,1.00546488326066,0.99972424419224,within_noise,within_noise,0.9978165012840617
two_stage_feedback_net_log14,Ascend910B3,20,external_v2_layout_tt,1280,1920,2560,fp16,1,1,20:96:176:192:48:32:64:6:9:2:3:0:3:3:2:2:2:1:2:14:10:0:2,contract_global,0.0635860013962,1.00197924501563,0.996258506982998,within_noise,within_noise,1.0003472428565026
two_stage_feedback_net_log14,Ascend910B3,20,external_v2_layout_tt,1280,1920,2560,fp16,1,1,20:48:288:2560:48:16:128:4:32:1:4:0:4:4:2:2:2:1:7:27:1:1:0,contract_global,0.0636492013931,1.00297514165662,0.997248717618183,within_noise,within_noise,0.9952581071728568
two_stage_feedback_net_log14,Ascend910B3,20,external_v2_layout_tt,1280,1920,2560,fp16,1,1,20:144:128:64:96:48:16:8:8:1:1:0:4:4:2:1:1:1:5:9:3:2:2,contract_global,0.0637871980667,1.00514967378281,0.999410834390745,within_noise,within_noise,0.9994139941234002
two_stage_feedback_net_log14,Ascend910B3,20,external_v2_layout_tt,1280,1920,2560,fp16,1,1,20:416:48:2560:416:16:16:4:2:1:1:1:2:2:1:2:1:4:4:1:12:0:0,contract_global,0.0635468006134,1.00136152460776,0.995644313413264,within_noise,within_noise,0.9988407661283524
two_stage_feedback_net_log14,Ascend910B3,20,external_v2_layout_tt,1280,1920,2560,fp16,1,1,1:384:1920:384:128:128:128:9:6:3:1:1:3:3:2:2:2:1:1:4:1:0:3,contract_global,0.0636352014542,1.00275453259334,0.99702936810675,within_noise,within_noise,1.7717682347419104
two_stage_feedback_net_log14,Ascend910B3,20,external_v2_bf16_aligned,2560,3584,5120,bf16,0,0,20:1280:368:3072:48:32:16:192:192:1:1:0:192:192:2:2:2:2:2:1:5:2:2,contract_global,12.0645397949,34.9803479844288,34.9480446964541,regressed,regressed,1.01122037009201
two_stage_feedback_net_log14,Ascend910B3,20,external_v2_bf16_aligned,2560,3584,5120,bf16,0,0,18:432:1200:3072:32:32:16:192:192:1:1:0:192:192:2:2:2:1:3:6:1:1:2,contract_global,19.1759204102,55.5993332751908,55.5479889813125,regressed,regressed,1.0548059539008958
two_stage_feedback_net_log14,Ascend910B3,20,external_v2_bf16_aligned,2560,3584,5120,bf16,0,0,16:640:896:2464:48:48:16:154:154:1:1:0:154:154:1:1:1:1:2:4:2:0:2,contract_global,12.6897094727,36.7929867795825,36.7590095748698,regressed,regressed,1.047993971160147
two_stage_feedback_net_log14,Ascend910B3,20,external_v2_bf16_aligned,2560,3584,5120,bf16,0,0,13:208:3584:5040:16:16:80:63:63:1:1:1:63:63:1:2:1:7:1:2:1:2:2,contract_global,49.7420800781,144.223924010195,144.090737600876,regressed,regressed,1.0855743526955708
two_stage_feedback_net_log14,Ascend910B3,20,external_v2_bf16_aligned,2560,3584,5120,bf16,0,0,13:208:3584:5040:16:16:80:63:126:1:1:1:63:63:1:2:1:13:1:1:1:0:2,contract_global,29.762878418,86.2955290276556,86.2158377301752,regressed,regressed,1.0920083904801938
two_stage_feedback_net_log14,Ascend910B3,20,external_v2_bf16_aligned,2560,3584,5120,bf16,0,0,13:208:3584:5040:16:16:80:126:63:1:1:1:63:63:1:2:1:13:1:1:1:0:2,contract_global,46.5352783203,134.926011009636,134.801410940289,regressed,regressed,1.0920083904801938
two_stage_feedback_net_log14,Ascend910B3,20,external_v2_bf16_aligned,2560,3584,5120,bf16,0,0,14:192:3584:1280:16:16:80:64:96:2:3:1:16:16:2:2:1:14:1:1:1:2:2,contract_global,21.0575317383,61.0549428672423,60.9985604838206,regressed,regressed,1.0784260739074467
two_stage_feedback_net_log14,Ascend910B3,20,external_v2_bf16_aligned,2560,3584,5120,bf16,0,0,13:208:3584:1280:16:16:80:16:32:1:1:0:16:16:1:2:1:13:1:1:1:0:2,contract_global,31.9331347656,92.5880460694498,92.5025438234934,regressed,regressed,1.0617216138854957
two_stage_feedback_net_log14,Ascend910B3,20,external_v2_bf16_aligned,2560,3584,5120,bf16,0,0,13:208:3584:1280:16:16:80:32:16:1:1:0:16:16:1:2:1:13:1:1:1:0:2,contract_global,46.6089990234,135.139759390703,135.014961931177,regressed,regressed,1.0617216138854957
two_stage_feedback_net_log14,Ascend910B3,20,external_v2_bf16_aligned,2560,3584,5120,bf16,0,0,14:192:3584:1280:16:16:80:32:48:2:3:1:16:16:2:2:1:14:1:1:1:0:2,contract_global,19.7306066895,57.2076100434038,57.1547805546819,regressed,regressed,1.080552633731726
two_stage_feedback_net_log14,Ascend910B3,20,external_v2_bf16_aligned,2560,3584,5120,bf16,0,0,14:192:3584:1280:16:16:80:64:48:2:3:1:16:16:2:2:1:14:1:1:1:1:2,contract_global,20.7756713867,60.2377071212043,60.1820794299643,regressed,regressed,1.08419521993786
two_stage_feedback_net_log14,Ascend910B3,20,external_v2_bf16_aligned,2560,3584,5120,bf16,0,0,14:192:3584:1280:16:16:80:32:96:2:3:1:16:16:2:2:1:14:1:1:1:1:2,contract_global,21.0539282227,61.0444947081838,60.9881219732161,regressed,regressed,1.085899970748716
two_stage_feedback_net_log14,Ascend910B3,20,external_v2_bf16_aligned,2560,3584,5120,bf16,0,0,12:224:3584:1280:16:16:80:64:128:4:4:1:16:16:2:1:1:6:1:2:1:2:2,contract_global,23.8815795898,69.2430858259116,69.1791419412376,regressed,regressed,1.0647513930336667
two_stage_feedback_net_log14,Ascend910B3,20,external_v2_bf16_aligned,2560,3584,5120,bf16,0,0,14:2560:384:384:128:128:128:6:9:1:3:0:3:3:2:2:1:1:1:1:10:1:3,feedback_regression_counterfactual,0.871287231445,2.5262406248738,2.52390771845639,regressed,regressed,1.7660041699758289
two_stage_feedback_net_log14,Ascend910B3,20,external_v2_bf16_aligned,2560,3584,5120,bf16,0,0,14:2560:384:384:128:128:128:6:9:1:3:0:3:3:2:2:2:1:1:1:10:2:3,feedback_regression_counterfactual,0.586021995544,1.69913263821977,1.69756354088341,regressed,regressed,1.7668767898476256
two_stage_feedback_net_log14,Ascend910B3,20,external_v2_bf16_aligned,2560,3584,5120,bf16,0,0,20:640:720:5120:16:48:48:1:2:1:2:0:1:1:2:1:1:1:3:4:2:2:0,runtime_rejected,0,3,3,runtime_rejected,runtime_rejected,3
two_stage_feedback_net_log14,Ascend910B3,20,external_v2_bf16_odd,1023,1537,3073,bf16,0,0,18:352:272:640:16:16:80:8:16:1:1:0:8:8:1:2:1:2:2:2:4:0:2,contract_global,0.153062400818,1.0000601291393,1.0001437611703,within_noise,within_noise,0.9985674439150635
two_stage_feedback_net_log14,Ascend910B3,20,external_v2_bf16_odd,1023,1537,3073,bf16,0,0,16:256:400:2464:48:48:16:154:154:1:1:0:154:154:1:1:1:1:1:4:4:2:2,contract_global,0.152882003784,0.998881473372774,0.998965006840684,within_noise,within_noise,1.1048533375099074
two_stage_feedback_net_log14,Ascend910B3,20,external_v2_bf16_odd,1023,1537,3073,bf16,0,0,18:352:272:1280:16:16:80:16:16:1:1:0:16:16:1:2:1:2:2:2:3:2:2,contract_global,0.152866401672,0.998779534226853,0.998863059165782,within_noise,within_noise,1.1125625293644001
two_stage_feedback_net_log14,Ascend910B3,20,external_v2_bf16_odd,1023,1537,3073,bf16,0,0,9:384:1552:384:128:128:128:9:6:3:1:1:3:3:2:2:2:1:1:3:1:0:3,contract_global,0.15302280426,0.999801418062618,0.999885028459975,within_noise,within_noise,1.0908722714351178
two_stage_feedback_net_log14,Ascend910B3,20,external_v2_bf16_odd,1023,1537,3073,bf16,0,0,8:384:1552:384:128:128:128:9:6:3:1:1:3:3:2:2:2:1:1:3:1:0:3,contract_global,0.153015203476,0.999751756999889,0.999835363239726,within_noise,within_noise,1.0906722077740307
two_stage_feedback_net_log14,Ascend910B3,20,external_v2_bf16_odd,1023,1537,3073,bf16,0,0,11:1024:144:3073:16:144:64:16:8:2:1:0:8:8:2:1:1:1:1:1:11:0:0,contract_global,0.152912397385,0.999080055317483,0.999163605381552,within_noise,within_noise,0.9997180884539605
two_stage_feedback_net_log14,Ascend910B3,20,external_v2_bf16_odd,1023,1537,3073,bf16,0,0,6:1024:272:3073:48:272:16:8:1:4:1:0:1:1:2:2:1:1:1:1:6:0:0,contract_global,0.152914400101,0.999093140410788,0.999176691575291,within_noise,within_noise,1.0000201982285761
two_stage_feedback_net_log14,Ascend910B3,20,external_v2_bf16_odd,1023,1537,3073,bf16,0,0,5:1024:336:3073:32:336:16:16:8:2:1:0:4:4:2:2:1:1:1:1:5:0:0,contract_global,0.152896003723,0.998972944437625,0.999056485550245,within_noise,within_noise,1.0000132435296352
two_stage_feedback_net_log14,Ascend910B3,20,external_v2_bf16_odd,1023,1537,3073,bf16,0,0,4:512:784:3073:512:16:16:16:32:1:2:0:8:8:2:2:2:1:1:2:2:0:0,contract_global,0.152836399078,0.99858350699858,0.998667015549218,within_noise,within_noise,1.000019688876117
two_stage_feedback_net_log14,Ascend910B3,20,external_v2_bf16_odd,1023,1537,3073,bf16,0,0,6:512:768:3073:32:768:16:4:4:2:1:0:2:2:2:2:1:1:1:2:3:0:0,contract_global,0.152822799683,0.998494652966057,0.998578154074398,within_noise,within_noise,0.9999993814503902
two_stage_feedback_net_log14,Ascend910B3,20,external_v2_bf16_odd,1023,1537,3073,bf16,0,0,4:336:1552:3073:336:16:16:8:16:1:1:0:8:8:2:2:2:1:1:4:1:0:0,contract_global,0.152867202759,0.998784768274969,0.998868293650347,within_noise,within_noise,1.0000137657734363
two_stage_feedback_net_log14,Ascend910B3,20,external_v2_bf16_odd,1023,1537,3073,bf16,0,0,3:1024:640:3073:16:640:16:64:16:4:1:0:8:8:2:2:2:1:1:1:3:0:0,contract_global,0.152830400467,0.998544314020797,0.998627819287111,within_noise,within_noise,0.9999783078002046
two_stage_feedback_net_log14,Ascend910B3,20,external_v2_bf16_odd,1023,1537,3073,bf16,0,0,2:1024:912:3073:32:912:32:16:8:2:1:0:4:4:2:1:1:1:1:1:2:0:0,contract_global,0.152784004211,0.998241175922577,0.998324655838271,within_noise,within_noise,1.0000298908108365
two_stage_feedback_net_log14,Ascend910B3,20,external_v2_bf16_odd,1023,1537,3073,bf16,0,0,3:1024:672:3073:48:672:32:2:2:1:1:1:1:1:2:1:1:1:2:1:2:0:0,contract_global,0.152964000702,0.999417214666797,0.999500792932165,within_noise,within_noise,0.999894074922793
two_stage_feedback_net_log14,Ascend910B3,20,external_v2_bf16_odd,1023,1537,3073,bf16,0,0,3:384:1552:3073:384:32:16:2:2:1:1:1:2:2:2:2:2:1:1:3:1:0:0,contract_global,0.15295999527,0.999391044472789,0.999474620548661,within_noise,within_noise,0.9999564494210419
two_stage_feedback_net_log14,Ascend910B3,20,external_v2_bf16_odd,1023,1537,3073,bf16,0,0,2:768:1552:3073:768:32:16:2:4:1:2:0:2:2:2:1:1:1:1:2:1:0:0,contract_global,0.153012800217,0.999736054885417,0.999819659818447,within_noise,within_noise,0.9996573843355975
two_stage_feedback_net_log14,Ascend910B3,20,external_v2_fp32_nn,768,1280,1536,fp32,0,0,20:192:256:1536:48:16:128:8:8:1:1:0:4:4:2:2:1:1:5:4:1:0:0,contract_global,0.0515952014923,1.00013957201163,0.984957061329724,within_noise,improved,0.9951605934285893
two_stage_feedback_net_log14,Ascend910B3,20,external_v2_fp32_nn,768,1280,1536,fp32,0,0,14:112:640:1536:112:112:48:2:2:1:1:1:1:1:2:2:2:2:1:6:2:0:0,contract_global,0.0522936010361,1.01367759494079,0.998289571767281,within_noise,within_noise,0.9961234163258093
two_stage_feedback_net_log14,Ascend910B3,20,external_v2_fp32_nn,768,1280,1536,fp32,0,0,18:256:224:1536:16:16:16:64:16:4:2:1:8:8:2:2:2:3:6:1:1:0:0,contract_global,0.0515596008301,0.999449476223371,0.984277441468493,within_noise,improved,0.9957762993132779
two_stage_feedback_net_log14,Ascend910B3,20,external_v2_fp32_nn,768,1280,1536,fp32,0,0,18:384:144:1536:96:48:16:16:4:4:1:1:2:2:2:2:1:1:9:2:1:0:0,contract_global,0.0522179985046,1.01221208882107,0.996846312609158,regressed,within_noise,0.9942581475683655
two_stage_feedback_net_log14,Ascend910B3,20,external_v2_fp32_nn,768,1280,1536,fp32,0,0,14:384:192:1536:96:192:32:1:2:1:1:1:1:1:2:1:1:2:7:1:1:0:0,contract_global,0.0515316009521,0.998906716726513,0.983742921269515,within_noise,improved,0.9943901169084595
two_stage_feedback_net_log14,Ascend910B3,20,external_v2_fp32_nn,768,1280,1536,fp32,0,0,20:384:128:1536:48:32:16:8:64:1:4:1:8:8:1:2:1:2:10:1:1:0:0,contract_global,0.0512379980087,0.993215413782082,0.97813801453432,within_noise,improved,0.9947310021831914
two_stage_feedback_net_log14,Ascend910B3,20,external_v2_fp32_nn,768,1280,1536,fp32,0,0,14:112:640:1536:48:160:64:2:4:1:2:1:2:2:2:1:1:4:1:2:2:0:0,contract_global,0.0521731996536,1.01134369210325,0.995991098488876,regressed,within_noise,0.9938889551971969
two_stage_feedback_net_log14,Ascend910B3,20,external_v2_fp32_nn,768,1280,1536,fp32,0,0,14:384:192:1536:128:192:32:6:4:3:1:0:2:2:2:1:1:1:1:2:7:0:0,contract_global,0.0512447977066,0.993347221521891,0.97826782138624,within_noise,improved,0.9933790200647263
two_stage_feedback_net_log14,Ascend910B3,20,external_v2_fp32_nn,768,1280,1536,fp32,0,0,3:336:1280:1536:336:16:16:16:8:1:1:0:8:8:1:1:1:2:1:2:1:0:0,contract_global,0.0522092008591,1.01204155216021,0.996678364761265,regressed,within_noise,0.9943716042340317
two_stage_feedback_net_log14,Ascend910B3,20,external_v2_fp32_nn,768,1280,1536,fp32,0,0,20:768:16:1536:32:16:32:8:1:4:1:0:1:1:2:2:2:1:1:1:80:1:0,contract_global,0.0519572019577,1.00715671663068,0.991867682947661,within_noise,within_noise,0.9965141680032235
two_stage_feedback_net_log14,Ascend910B3,20,external_v2_fp32_nn,768,1280,1536,fp32,0,0,20:192:32:1536:112:32:112:8:8:1:1:0:8:8:1:1:1:4:1:1:40:1:0,contract_global,0.0512016010284,0.992509881880249,0.977443192887508,within_noise,improved,0.9953971141185727
two_stage_feedback_net_log14,Ascend910B3,20,external_v2_fp32_nn,768,1280,1536,fp32,0,0,20:32:224:1536:16:16:48:32:16:2:1:0:8:8:1:1:1:1:2:24:4:2:0,contract_global,0.0515507984161,0.999278847126781,0.984109402589496,within_noise,improved,0.9938060564700263
two_stage_feedback_net_log14,Ascend910B3,20,external_v2_fp32_nn,768,1280,1536,fp32,0,0,20:512:16:1536:512:16:32:4:4:1:1:1:2:2:1:2:1:2:40:1:2:2:0,contract_global,0.0512572002411,0.993587636621876,0.978504586892834,within_noise,improved,0.9949144063433776
two_stage_feedback_net_log14,Ascend910B3,20,external_v2_fp32_nn,768,1280,1536,fp32,0,0,4:384:1280:192:128:128:64:9:6:3:1:1:3:3:2:2:2:1:1:2:1:0:3,contract_global,0.0522060012817,1.01197953042404,0.996617284532927,regressed,within_noise,1.286502329086307
two_stage_feedback_net_log14,Ascend910B3,20,external_v2_fp32_nn,768,1280,1536,fp32,0,0,20:32:192:512:32:96:32:32:32:1:1:0:16:16:2:1:1:1:1:24:7:0:2,contract_global,0.0522003984451,1.01187092306413,0.996510325880918,regressed,within_noise,1.2465230217326122
two_stage_feedback_net_log14,Ascend910B3,20,external_v2_fp32_nn,768,1280,1536,fp32,0,0,2:384:1280:16:96:32:16:8:8:4:4:0:1:1:2:1:1:2:1:1:1:2:2,contract_global,0.0512667989731,0.993773701824833,0.978687827546809,within_noise,improved,1.121117137643659
two_stage_feedback_net_log14,Ascend910B3,20,external_v2_fp32_nt,32,352,5120,fp32,0,1,16:16:48:5120:16:16:96:8:12:1:3:0:4:4:2:1:1:1:1:2:8:0:0,feedback_winner_mutation,0.0416372013092,1.00088466199309,1.00120232052669,within_noise,within_noise,0.9734700683374119
two_stage_feedback_net_log14,Ascend910B3,20,external_v2_fp32_nt,32,352,5120,fp32,0,1,16:16:48:5120:16:16:96:8:12:1:3:0:4:4:2:1:1:1:2:2:7:1:0,feedback_winner_mutation,0.0407660007477,0.979942541672126,0.980253553642439,improved,improved,0.9731797685702378
two_stage_feedback_net_log14,Ascend910B3,20,external_v2_fp32_nt,32,352,5120,fp32,0,1,20:416:16:5120:416:16:16:4:4:1:1:0:2:2:1:2:1:1:3:1:9:2:0,feedback_winner_mutation,0.0409367990494,0.984048230703033,0.984360545729572,improved,improved,0.9714732430870772
two_stage_feedback_net_log14,Ascend910B3,20,external_v2_fp32_nt,32,352,5120,fp32,0,1,20:416:16:5120:416:16:16:4:4:1:1:1:2:2:1:2:1:1:3:1:9:0:0,feedback_winner_mutation,0.0415975999832,0.999932716167419,1.00025007257866,within_noise,within_noise,0.9714732430870772
two_stage_feedback_net_log14,Ascend910B3,20,external_v2_fp32_nt,32,352,5120,fp32,0,1,20:416:16:5120:416:16:16:4:4:1:1:1:2:2:1:2:2:1:3:1:9:2:0,feedback_winner_mutation,0.041360001564,0.994221270489621,0.994536814211088,within_noise,within_noise,0.9716880063938543
two_stage_feedback_net_log14,Ascend910B3,20,external_v2_fp32_nt,32,352,5120,fp32,0,1,1:32:352:16:32:16:16:2:2:1:1:0:1:1:2:2:2:1:1:1:1:1:2,feedback_winner_mutation,0.0414035987854,0.995269270566988,0.995585146908979,within_noise,within_noise,0.9725208746943902
two_stage_feedback_net_log14,Ascend910B3,20,external_v2_fp32_nt,32,352,5120,fp32,0,1,16:16:48:5120:16:16:96:8:16:1:1:0:8:8:2:1:1:1:4:2:2:0:0,contract_global,0.041388001442,0.994894338030458,0.995210095361049,within_noise,within_noise,0.9684709966760532
two_stage_feedback_net_log14,Ascend910B3,20,external_v2_fp32_nt,32,352,5120,fp32,0,1,16:16:48:5120:16:16:256:8:8:1:2:0:4:4:1:2:1:1:4:2:2:0:0,contract_global,0.0410167980194,0.985971264416764,0.986284189768444,improved,improved,0.9710085097113405
two_stage_feedback_net_log14,Ascend910B3,20,external_v2_fp32_nt,32,352,5120,fp32,0,1,6:112:64:5120:112:64:128:4:8:1:1:1:4:4:1:1:1:1:6:1:1:0:0,contract_global,0.0407276010513,0.97901948090483,0.979330199911379,improved,improved,0.973510233977425
two_stage_feedback_net_log14,Ascend910B3,20,external_v2_fp32_nt,32,352,5120,fp32,0,1,10:16:80:240:16:16:80:6:6:1:1:1:3:3:1:2:1:1:5:2:1:0:2,contract_global,0.0407507991791,0.979577122852982,0.979888018848738,improved,improved,0.9733179572455279
two_stage_feedback_net_log14,Ascend910B3,20,external_v2_fp32_nt,32,352,5120,fp32,0,1,20:48:16:1536:48:16:8:192:384:1:1:0:192:192:2:2:2:1:1:1:22:2:2,contract_global,0.0410148000717,0.98592323728896,0.986236147402397,improved,improved,0.9893446613413712
two_stage_feedback_net_log14,Ascend910B3,20,external_v2_fp32_nt,32,352,5120,fp32,0,1,6:64:64:480:16:16:160:24:24:4:4:0:3:3:1:1:1:1:1:1:6:0:2,contract_global,0.0410031986237,0.985644359001904,0.985957180603516,improved,improved,0.9830118791983236
two_stage_feedback_net_log14,Ascend910B3,20,external_v2_fp32_nt,32,352,5120,fp32,0,1,16:128:384:192:128:128:64:6:9:1:3:0:3:3:2:2:2:1:1:1:1:1:3,contract_global,0.0416591978073,1.00141341889429,1.00173124524416,within_noise,within_noise,1.1381455841821893
two_stage_feedback_net_log14,Ascend910B3,20,external_v2_fp32_nt,32,352,5120,fp32,0,1,1:192:352:24:192:16:8:3:3:1:1:1:3:3:1:1:1:1:1:1:1:2:2,contract_global,0.0409851980209,0.985211656351726,0.98552434062615,improved,improved,0.9780002303197513
two_stage_feedback_net_log14,Ascend910B3,20,external_v2_fp32_nt,32,352,5120,fp32,0,1,6:640:64:8:160:16:8:8:8:4:4:0:1:1:1:2:1:1:2:1:4:0:2,contract_global,0.0407072019577,0.978529122784832,0.978839686162287,improved,improved,0.9858658169862791
two_stage_feedback_net_log14,Ascend910B3,20,external_v2_fp32_nt,32,352,5120,fp32,0,1,2:384:352:192:128:128:64:9:6:3:1:1:3:3:2:2:2:1:1:1:1:0:3,contract_global,0.0415808010101,0.999528898581151,0.999846126820599,within_noise,within_noise,0.9761277931557325
two_stage_feedback_net_log14,Ascend910B3,20,external_v2_fp32_tn,640,960,1280,fp32,1,0,20:160:192:1280:48:64:160:8:4:2:1:0:4:4:2:1:1:1:5:4:1:0:0,contract_global,0.0334039998055,0.996705901805582,1.00004789442377,within_noise,within_noise,0.9749005693236634
two_stage_feedback_net_log14,Ascend910B3,20,external_v2_fp32_tn,640,960,1280,fp32,1,0,20:64:480:1280:16:16:640:4:8:4:4:1:1:1:1:1:1:4:1:3:2:0:0,contract_global,0.0337095999718,1.00582437537432,1.00919694258012,within_noise,within_noise,0.9744552000289052
two_stage_feedback_net_log14,Ascend910B3,20,external_v2_fp32_tn,640,960,1280,fp32,1,0,16:80:512:1280:48:512:32:2:2:1:1:0:2:2:2:1:1:2:1:4:2:0:0,contract_global,0.0334999990463,0.999570319554649,1.00292191667257,within_noise,within_noise,0.9745380197417832
two_stage_feedback_net_log14,Ascend910B3,20,external_v2_fp32_tn,640,960,1280,fp32,1,0,20:160:192:1280:48:48:16:4:16:1:4:0:4:4:1:2:1:1:5:4:1:0:0,contract_global,0.0343515992165,1.02498029801498,1.02841709575384,regressed,regressed,0.9750430517191367
two_stage_feedback_net_log14,Ascend910B3,20,external_v2_fp32_tn,640,960,1280,fp32,1,0,15:128:320:1280:48:16:32:4:32:1:4:0:4:4:2:2:1:1:3:5:1:0:0,contract_global,0.0334516000748,0.99812619486723,1.00147294978709,within_noise,within_noise,0.9751143778299441
two_stage_feedback_net_log14,Ascend910B3,20,external_v2_fp32_tn,640,960,1280,fp32,1,0,18:224:160:1280:16:16:16:64:16:4:2:1:8:8:2:2:2:3:6:1:1:0:0,contract_global,0.0334640002251,0.998496189571712,1.00184418509611,within_noise,within_noise,0.975109085398418
two_stage_feedback_net_log14,Ascend910B3,20,external_v2_fp32_tn,640,960,1280,fp32,1,0,15:128:320:1280:32:32:16:32:32:4:4:1:4:4:2:2:1:5:1:1:3:0:0,contract_global,0.0343680000305,1.02546966420464,1.02890810280696,regressed,regressed,0.9747154257499656
two_stage_feedback_net_log14,Ascend910B3,20,external_v2_fp32_tn,640,960,1280,fp32,1,0,16:160:240:1280:48:48:16:4:16:1:2:0:4:4:1:1:1:1:1:4:4:0:0,contract_global,0.033426399231,0.997374254092545,1.00071848771897,within_noise,within_noise,0.9745451413510388
two_stage_feedback_net_log14,Ascend910B3,20,external_v2_fp32_tn,640,960,1280,fp32,1,0,20:320:96:768:16:16:128:24:24:4:4:1:6:6:2:2:1:1:5:2:2:1:2,contract_global,0.0343899989128,1.02612606511286,1.02956670465273,regressed,regressed,0.9940668304228629
two_stage_feedback_net_log14,Ascend910B3,20,external_v2_fp32_tn,640,960,1280,fp32,1,0,3:640:416:1280:16:416:16:1:2:1:1:1:1:1:2:2:1:1:3:1:1:0:0,contract_global,0.0333884000778,0.996240438363021,0.999580870263395,within_noise,within_noise,0.9769665348311876
two_stage_feedback_net_log14,Ascend910B3,20,external_v2_fp32_tn,640,960,1280,fp32,1,0,20:32:464:1280:32:464:16:8:16:1:1:0:8:8:1:2:1:20:2:1:2:0:0,contract_global,0.0334191989899,0.997159413865371,1.00050292712755,within_noise,within_noise,0.9755434349611397
two_stage_feedback_net_log14,Ascend910B3,20,external_v2_fp32_tn,640,960,1280,fp32,1,0,2:464:960:1280:464:32:16:16:8:1:1:0:8:8:2:2:2:1:1:2:1:0:0,contract_global,0.034369199276,1.02550544719667,1.02894400578124,regressed,regressed,0.9764697067802213
two_stage_feedback_net_log14,Ascend910B3,20,external_v2_fp32_tn,640,960,1280,fp32,1,0,20:320:16:1280:224:16:48:2:4:1:1:1:2:2:1:1:1:1:3:2:20:1:0,contract_global,0.0333820009232,0.996049500900899,0.999389292581462,within_noise,within_noise,0.9743372678774656
two_stage_feedback_net_log14,Ascend910B3,20,external_v2_fp32_tn,640,960,1280,fp32,1,0,20:320:16:1280:96:16:64:8:8:2:1:0:4:4:2:2:2:1:30:2:2:2:0,contract_global,0.0345831990242,1.03189075474206,1.03535072350511,regressed,regressed,0.9755592849354378
two_stage_feedback_net_log14,Ascend910B3,20,external_v2_fp32_tn,640,960,1280,fp32,1,0,7:384:960:192:128:128:64:9:6:3:1:1:3:3:2:2:2:1:1:2:1:0:3,contract_global,0.0333875989914,0.996216535607287,0.99955688736585,within_noise,within_noise,1.4481789043712583
two_stage_feedback_net_log14,Ascend910B3,20,external_v2_fp32_tn,640,960,1280,fp32,1,0,3:288:960:32:96:32:16:6:4:3:2:0:2:2:2:2:2:2:1:2:1:0:2,contract_global,0.0344036006927,1.02653191394519,1.02997391431126,regressed,regressed,0.9927639758170482
two_stage_feedback_net_log14,Ascend910B3,20,external_v2_fp32_tt,384,640,768,fp32,1,1,20:96:128:768:16:48:128:4:4:1:2:0:2:2:1:2:1:2:2:3:4:0:0,contract_global,0.019080799818,1.01029308666853,1.00216390694768,within_noise,within_noise,0.9963219969948973
two_stage_feedback_net_log14,Ascend910B3,20,external_v2_fp32_tt,384,640,768,fp32,1,1,20:96:128:768:80:16:16:4:16:1:4:0:4:4:2:2:2:1:3:4:2:0:0,contract_global,0.0189224004745,1.00190613417201,0.993844438877303,within_noise,within_noise,0.9956752764049692
two_stage_feedback_net_log14,Ascend910B3,20,external_v2_fp32_tt,384,640,768,fp32,1,1,20:80:160:512:32:48:64:16:24:2:3:1:8:8:2:1:1:1:2:5:2:0:2,contract_global,0.0181623995304,0.961665488755835,0.953927584090672,improved,improved,0.99178781372399
two_stage_feedback_net_log14,Ascend910B3,20,external_v2_fp32_tt,384,640,768,fp32,1,1,20:80:160:384:32:48:64:12:18:2:3:1:6:6:2:1:1:1:2:5:2:0:2,contract_global,0.0184107995033,0.97481780825172,0.966974075316923,improved,improved,0.9921870057911123
two_stage_feedback_net_log14,Ascend910B3,20,external_v2_fp32_tt,384,640,768,fp32,1,1,20:112:128:768:112:48:16:8:8:1:2:0:4:4:1:1:1:1:1:4:5:0:0,contract_global,0.019181599617,1.01563024973444,1.00745812529092,regressed,within_noise,0.9947613363318274
two_stage_feedback_net_log14,Ascend910B3,20,external_v2_fp32_tt,384,640,768,fp32,1,1,16:96:160:768:48:80:16:4:2:2:1:1:2:2:2:1:1:1:2:4:2:0:0,contract_global,0.0181788003445,0.962533881556228,0.954788989491206,improved,improved,0.9939985030442745
two_stage_feedback_net_log14,Ascend910B3,20,external_v2_fp32_tt,384,640,768,fp32,1,1,20:384:32:768:48:32:16:32:8:4:1:0:4:4:2:1:1:1:1:1:20:0:0,contract_global,0.0184940004349,0.979223143809276,0.971343963972936,improved,improved,0.9949066802983616
two_stage_feedback_net_log14,Ascend910B3,20,external_v2_fp32_tt,384,640,768,fp32,1,1,20:128:96:768:112:32:64:16:8:1:1:0:8:8:2:1:1:1:4:3:2:0:0,contract_global,0.018975199461,1.00470174292741,0.996617553156383,within_noise,within_noise,0.9967361375185768
two_stage_feedback_net_log14,Ascend910B3,20,external_v2_fp32_tt,384,640,768,fp32,1,1,3:128:640:768:128:64:48:2:4:1:1:1:2:2:2:2:2:3:1:1:1:0:0,contract_global,0.0184228003025,0.975453228391717,0.967604382633343,improved,improved,0.9955610717709558
two_stage_feedback_net_log14,Ascend910B3,20,external_v2_fp32_tt,384,640,768,fp32,1,1,4:384:640:192:128:128:64:9:6:3:1:1:3:3:2:2:2:1:1:1:1:0:3,contract_global,0.0188515996933,0.998157363656563,0.990125832301952,within_noise,within_noise,1.0059835576687106
two_stage_feedback_net_log14,Ascend910B3,20,external_v2_fp32_tt,384,640,768,fp32,1,1,2:384:336:768:32:336:16:32:16:2:1:1:8:8:1:1:1:1:2:1:1:0:0,contract_global,0.0187844002247,0.994599275982639,0.986596374285138,within_noise,improved,0.995070591757522
two_stage_feedback_net_log14,Ascend910B3,20,external_v2_fp32_tt,384,640,768,fp32,1,1,2:320:640:768:320:32:16:16:16:1:1:0:8:8:2:2:1:1:1:2:1:0:0,contract_global,0.0190400004387,1.00813283493657,1.00002103737456,within_noise,within_noise,0.9963784779226317
two_stage_feedback_net_log14,Ascend910B3,20,external_v2_fp32_tt,384,640,768,fp32,1,1,20:16:512:768:16:512:32:2:2:1:1:1:1:1:2:1:1:24:1:1:2:0:0,contract_global,0.018989200592,1.00544307693805,0.997352922128617,within_noise,within_noise,0.9948621350383834
two_stage_feedback_net_log14,Ascend910B3,20,external_v2_fp32_tt,384,640,768,fp32,1,1,20:288:16:768:288:16:16:4:4:1:1:0:4:4:2:2:2:2:1:1:40:0:0,contract_global,0.0188147997856,0.996208876552716,0.988193023429575,within_noise,improved,0.9957953736462718
two_stage_feedback_net_log14,Ascend910B3,20,external_v2_fp32_tt,384,640,768,fp32,1,1,20:144:16:768:144:16:16:2:2:1:1:1:1:1:1:2:1:1:14:3:3:0:0,contract_global,0.018262399435,0.966960298893711,0.959179790290689,improved,improved,0.9950118175151279
two_stage_feedback_net_log14,Ascend910B3,20,external_v2_fp32_tt,384,640,768,fp32,1,1,3:1024:224:768:1024:32:16:1:4:1:2:1:1:1:1:1:1:1:3:1:1:0:0,contract_global,0.0192068004608,1.01696458783956,1.00878172683311,regressed,within_noise,0.9944143196301116
two_stage_feedback_net_log14,Ascend910B3,20,external_v2_template_al1,16,304,5120,fp32,0,1,10:128:32:5120:128:16:8:4:8:1:2:0:2:2:2:2:1:1:10:1:1:1:0,feedback_winner_mutation,0.0140067994595,1.00791543216302,0.999486210844995,within_noise,within_noise,0.962049103261538
two_stage_feedback_net_log14,Ascend910B3,20,external_v2_template_al1,16,304,5120,fp32,0,1,9:128:32:5120:128:16:8:4:8:1:2:0:2:2:2:2:1:1:10:1:1:0:0,feedback_winner_mutation,0.0131459999084,0.945973148057051,0.938061951570105,improved,improved,0.9626729153208602
two_stage_feedback_net_log14,Ascend910B3,20,external_v2_template_al1,16,304,5120,fp32,0,1,19:16:16:5120:16:16:192:2:1:1:1:1:1:1:2:1:1:1:2:1:11:0:0,contract_global,0.0139900004864,1.00670659467777,0.998287482905738,within_noise,within_noise,0.9717658035079055
two_stage_feedback_net_log14,Ascend910B3,20,external_v2_template_al1,16,304,5120,fp32,0,1,19:16:16:5120:16:16:64:1:1:1:1:1:1:1:2:2:1:1:1:1:19:0:0,contract_global,0.0140276002884,1.00941223923283,1.00097050008522,within_noise,within_noise,0.969379550164474
two_stage_feedback_net_log14,Ascend910B3,20,external_v2_template_al1,16,304,5120,fp32,0,1,19:16:16:5120:16:16:224:1:1:1:1:1:1:1:1:1:1:1:1:1:19:0:0,contract_global,0.0138124001026,0.993926646757864,0.985614414002152,within_noise,improved,0.9713675654452589
two_stage_feedback_net_log14,Ascend910B3,20,external_v2_template_al1,16,304,5120,fp32,0,1,19:16:16:5120:16:16:160:1:1:1:1:1:1:1:1:1:1:1:4:1:6:0:0,contract_global,0.0129747998714,0.933653762758213,0.925845593595665,improved,improved,0.9711388330021086
two_stage_feedback_net_log14,Ascend910B3,20,external_v2_template_al1,16,304,5120,fp32,0,1,19:16:16:5120:16:16:160:1:1:1:1:1:1:1:2:2:2:1:4:1:6:0:0,contract_global,0.0132159996033,0.951010256850648,0.943056934903505,improved,improved,0.9701239044364821
two_stage_feedback_net_log14,Ascend910B3,20,external_v2_template_al1,16,304,5120,fp32,0,1,19:16:16:5120:16:16:512:2:1:1:1:1:1:1:1:1:1:1:4:1:6:0:0,contract_global,0.014045599699,1.01070745901308,1.00225488791026,within_noise,within_noise,0.9725594089128108
two_stage_feedback_net_log14,Ascend910B3,20,external_v2_template_al1,16,304,5120,fp32,0,1,10:16:32:5120:16:32:256:16:8:1:1:1:8:8:1:2:1:1:3:1:4:0:0,contract_global,0.0138575994968,0.997179150451712,0.988839716921329,within_noise,within_noise,0.971925415977685
two_stage_feedback_net_log14,Ascend910B3,20,external_v2_template_al1,16,304,5120,fp32,0,1,19:128:16:5120:128:16:56:16:16:1:1:1:8:8:2:2:2:1:19:1:1:0:0,contract_global,0.0132400000095,0.952737302336839,0.944769537068177,improved,improved,0.9697497841957616
two_stage_feedback_net_log14,Ascend910B3,20,external_v2_template_al1,16,304,5120,fp32,0,1,2:16:256:5120:16:256:40:128:2:1:1:0:128:1:2:1:1:1:1:1:2:0:10,contract_global,0.0138559997082,0.997064031244847,0.988725560466437,within_noise,within_noise,0.9708023722759465
two_stage_feedback_net_log14,Ascend910B3,20,external_v2_template_al1,16,304,5120,fp32,0,1,1:16:304:5120:16:16:448:12:2:1:1:1:12:1:1:2:1:1:1:1:1:1:10,contract_global,0.0139608001709,1.00460536886293,0.996203829693725,within_noise,within_noise,0.970471002135536
two_stage_feedback_net_log14,Ascend910B3,20,external_v2_template_al1,16,304,5120,fp32,0,1,20:384:304:192:128:128:64:9:6:3:1:1:3:3:2:2:2:1:1:1:1:0:3,contract_global,0.0139040005207,1.00051812222662,0.992150764794448,within_noise,within_noise,0.9751467532030804
two_stage_feedback_net_log14,Ascend910B3,20,external_v2_template_al1,16,304,5120,fp32,0,1,1:48:304:1536:48:16:8:192:384:1:1:0:192:192:1:1:1:1:1:1:1:1:2,contract_global,0.0135692000389,0.976426210772775,0.968260334586416,improved,improved,0.978586517760172
two_stage_feedback_net_log14,Ascend910B3,20,external_v2_template_al1,16,304,5120,fp32,0,1,4:256:80:8:128:16:8:4:3:2:3:0:1:1:1:1:1:1:1:1:4:0:2,contract_global,0.0138196003437,0.99444476898702,0.986128203161209,within_noise,within_noise,0.9832726578191663
two_stage_feedback_net_log14,Ascend910B3,20,external_v2_template_al1,16,304,5120,fp32,0,1,1:128:384:192:128:128:64:6:9:1:3:0:3:3:2:2:2:1:1:1:1:1:3,contract_global,0.013334800005,0.95955901622442,0.951534200800104,within_noise,within_noise,0.9693413703407497
two_stage_feedback_net_log14,Ascend910B3,20,external_v2_template_bl1,49152,160,128,fp16,0,0,20:2464:160:128:192:48:16:8:32:1:4:1:8:8:2:1:1:4:1:6:1:0:20,contract_global,0.0516800022125,1.01518855968354,1.02056135911442,regressed,regressed,0.991663101844131
two_stage_feedback_net_log14,Ascend910B3,20,external_v2_template_bl1,49152,160,128,fp16,0,0,20:2464:160:128:208:64:32:4:12:1:3:1:4:4:1:1:1:20:1:1:1:0:20,contract_global,0.0499164009094,0.980544833095868,0.985734283537625,improved,improved,0.9916691407502721
two_stage_feedback_net_log14,Ascend910B3,20,external_v2_template_bl1,49152,160,128,fp16,0,0,20:2464:160:128:160:64:128:4:2:4:2:0:1:1:1:1:1:5:1:4:1:0:0,contract_global,0.0515100002289,1.01184908481028,1.01720421035248,regressed,regressed,0.9998377459401885
two_stage_feedback_net_log14,Ascend910B3,20,external_v2_template_bl1,49152,160,128,fp16,0,0,20:2464:160:112:112:16:16:28:42:2:3:0:7:7:2:2:1:2:1:11:1:0:2,contract_global,0.0505200004578,0.992401786070109,0.997653988432546,within_noise,within_noise,0.9997273957154988
two_stage_feedback_net_log14,Ascend910B3,20,external_v2_template_bl1,49152,160,128,fp16,0,0,18:5472:80:64:32:32:32:2:2:1:1:0:2:2:2:2:1:2:1:6:2:1:2,contract_global,0.0511876010895,1.00551595973287,1.01083756774849,within_noise,regressed,0.9994035830312797
two_stage_feedback_net_log14,Ascend910B3,20,external_v2_template_bl1,49152,160,128,fp16,0,0,13:3792:192:128:64:192:32:8:4:2:1:0:4:4:1:2:1:1:1:13:1:0:0,contract_global,0.0500339984894,0.982854889460009,0.988056565675825,improved,improved,0.9996811085715013
two_stage_feedback_net_log14,Ascend910B3,20,external_v2_template_bl1,49152,160,128,fp16,0,0,13:3792:160:128:16:160:16:4:4:2:1:0:2:2:1:2:1:5:1:3:1:0:0,contract_global,0.0516215991974,1.01404130600274,1.01940803369071,regressed,regressed,0.9996944763608285
two_stage_feedback_net_log14,Ascend910B3,20,external_v2_template_bl1,49152,160,128,fp16,0,0,14:3520:160:128:80:32:128:2:1:2:1:0:1:1:1:2:1:2:1:9:1:0:0,contract_global,0.0506063985825,0.994098968430116,0.999360152986325,within_noise,within_noise,0.9996733167092
two_stage_feedback_net_log14,Ascend910B3,20,external_v2_template_bl1,49152,160,128,fp16,0,0,12:16384:48:128:16:48:64:1:2:1:1:0:1:1:2:2:2:2:2:2:3:0:0,contract_global,0.0507367992401,0.996660525119397,1.00193526650237,within_noise,within_noise,0.9992520986602552
two_stage_feedback_net_log14,Ascend910B3,20,external_v2_template_bl1,49152,160,128,fp16,0,0,8:12288:144:128:64:144:64:8:4:4:1:1:2:2:2:2:2:4:1:1:2:0:0,contract_global,0.0502243995667,0.986595078835238,0.991816549697022,improved,within_noise,0.9993856304468123
two_stage_feedback_net_log14,Ascend910B3,20,external_v2_template_bl1,49152,160,128,fp16,0,0,20:9840:16:128:336:16:96:8:2:2:1:1:2:2:1:2:1:2:2:4:6:0:0,contract_global,0.0511787986755,1.00534304739599,1.01066374028661,within_noise,regressed,0.999280221179043
two_stage_feedback_net_log14,Ascend910B3,20,external_v2_template_bl1,49152,160,128,fp16,0,0,20:1648:912:128:32:912:32:16:4:2:1:1:4:4:2:1:1:8:1:4:1:0:0,contract_global,0.0499064016342,0.980348409929858,0.985536820821077,improved,improved,0.9995232430756594
two_stage_feedback_net_log14,Ascend910B3,20,external_v2_template_bl1,49152,160,128,fp16,0,0,2:24576:160:128:16:160:80:1:2:1:1:1:1:1:2:2:2:2:1:1:1:0:0,contract_global,0.0508264017105,0.998420652813193,1.00370470951762,within_noise,within_noise,0.999460133156961
two_stage_feedback_net_log14,Ascend910B3,20,external_v2_template_bl1,49152,160,128,fp16,0,0,2:24576:240:128:32:240:32:1:2:1:1:1:1:1:2:1:1:2:1:1:1:0:0,contract_global,0.0501128005981,0.98440285763831,0.989612726356959,improved,improved,0.9998616949385137
two_stage_feedback_net_log14,Ascend910B3,20,external_v2_template_bl1,49152,160,128,fp16,0,0,4:12288:608:128:32:608:16:32:16:4:1:1:8:8:1:1:1:4:1:1:1:0:0,contract_global,0.0511812019348,1.00539025639853,1.01071119913882,within_noise,regressed,0.9997714600107189
two_stage_feedback_net_log14,Ascend910B3,20,external_v2_template_bl1,49152,160,128,fp16,0,0,1:49152:448:128:64:448:48:6:3:1:1:0:3:3:2:1:1:1:1:1:1:0:0,contract_global,0.0498608016968,0.979452656579356,0.984636326779373,improved,improved,0.9997986890275314
two_stage_feedback_net_log14,Ascend910B3,20,external_v2_dense_balanced_aligned,1792,2816,3584,fp16,0,0,20:448:576:3584:32:48:448:8:4:4:4:0:1:1:2:1:1:4:2:1:3:0:0,runtime_rejected,0,3,3,runtime_rejected,runtime_rejected,3
two_stage_feedback_net_log14,Ascend910B3,20,external_v2_dense_balanced_aligned,1792,2816,3584,fp16,0,0,14:256:1408:3584:64:80:128:8:2:4:2:1:1:1:2:2:1:4:1:2:2:0:0,runtime_rejected,0,3,3,runtime_rejected,runtime_rejected,3
two_stage_feedback_net_log14,Ascend910B3,20,external_v2_dense_balanced_aligned,1792,2816,3584,fp16,0,0,14:256:1408:3584:32:352:80:1:2:1:2:0:1:1:2:1:1:1:1:7:2:0:0,runtime_rejected,0,3,3,runtime_rejected,runtime_rejected,3
two_stage_feedback_net_log14,Ascend910B3,20,external_v2_dense_balanced_aligned,1792,2816,3584,fp16,0,0,14:288:1408:3584:288:64:48:8:16:1:2:1:8:8:2:1:1:7:2:1:1:0:0,runtime_rejected,0,3,3,runtime_rejected,runtime_rejected,3
two_stage_feedback_net_log14,Ascend910B3,20,external_v2_dense_balanced_aligned,1792,2816,3584,fp16,0,0,14:288:1408:3584:288:96:48:8:16:1:4:1:4:4:2:1:1:4:1:2:2:0:0,runtime_rejected,0,3,3,runtime_rejected,runtime_rejected,3
two_stage_feedback_net_log14,Ascend910B3,20,external_v2_dense_balanced_aligned,1792,2816,3584,fp16,0,0,12:320:1408:3584:320:96:32:8:32:1:4:1:4:4:1:1:1:1:2:6:1:0:0,runtime_rejected,0,3,3,runtime_rejected,runtime_rejected,3
two_stage_feedback_net_log14,Ascend910B3,20,external_v2_dense_balanced_aligned,1792,2816,3584,fp16,0,0,13:144:2816:3584:32:384:64:8:8:4:4:1:1:1:1:1:1:7:1:2:1:0:0,runtime_rejected,0,3,3,runtime_rejected,runtime_rejected,3
two_stage_feedback_net_log14,Ascend910B3,20,external_v2_dense_balanced_aligned,1792,2816,3584,fp16,0,0,12:160:2816:3584:96:336:48:8:8:1:2:1:4:4:2:2:1:12:1:1:1:0:0,runtime_rejected,0,3,3,runtime_rejected,runtime_rejected,3
two_stage_feedback_net_log14,Ascend910B3,20,external_v2_dense_balanced_aligned,1792,2816,3584,fp16,0,0,10:432:1408:3584:432:32:48:8:16:1:4:0:4:4:1:2:1:1:1:5:2:0:0,runtime_rejected,0,3,3,runtime_rejected,runtime_rejected,3
two_stage_feedback_net_log14,Ascend910B3,20,external_v2_dense_balanced_aligned,1792,2816,3584,fp16,0,0,10:1792:304:3584:96:304:32:8:4:1:1:0:4:4:1:1:1:1:3:1:4:0:0,runtime_rejected,0,3,3,runtime_rejected,runtime_rejected,3
two_stage_feedback_net_log14,Ascend910B3,20,external_v2_dense_balanced_aligned,1792,2816,3584,fp16,0,0,11:176:2816:3584:80:368:48:4:8:2:2:0:2:2:1:1:1:6:1:2:1:0:0,runtime_rejected,0,3,3,runtime_rejected,runtime_rejected,3
two_stage_feedback_net_log14,Ascend910B3,20,external_v2_dense_balanced_aligned,1792,2816,3584,fp16,0,0,10:192:2816:3584:144:144:64:8:16:1:4:1:4:4:1:1:1:1:1:10:1:0:0,runtime_rejected,0,3,3,runtime_rejected,runtime_rejected,3
two_stage_feedback_net_log14,Ascend910B3,20,external_v2_dense_balanced_aligned,1792,2816,3584,fp16,0,0,13:144:2816:3584:48:32:512:3:1:3:1:0:1:1:1:2:1:7:1:2:1:0:0,runtime_rejected,0,3,3,runtime_rejected,runtime_rejected,3
two_stage_feedback_net_log14,Ascend910B3,20,external_v2_dense_balanced_aligned,1792,2816,3584,fp16,0,0,5:432:2816:3584:432:48:32:2:2:1:1:0:2:2:1:2:1:1:1:5:1:0:0,runtime_rejected,0,3,3,runtime_rejected,runtime_rejected,3
two_stage_feedback_net_log14,Ascend910B3,20,external_v2_dense_balanced_aligned,1792,2816,3584,fp16,0,0,10:192:2816:3584:16:80:128:4:16:1:4:1:4:4:2:2:2:5:1:2:1:0:0,runtime_rejected,0,3,3,runtime_rejected,runtime_rejected,3
two_stage_feedback_net_log14,Ascend910B3,20,external_v2_dense_balanced_aligned,1792,2816,3584,fp16,0,0,2:1792:1536:3584:16:1536:16:16:4:2:1:1:4:4:1:1:1:1:2:1:1:0:0,runtime_rejected,0,3,3,runtime_rejected,runtime_rejected,3
two_stage_feedback_net_log14,Ascend910B3,20,external_v2_dense_balanced_aligned,1792,2816,3584,fp16,0,0,3:672:2816:3584:672:48:16:2:4:1:4:1:1:1:1:2:1:2:1:2:1:0:0,runtime_rejected,0,3,3,runtime_rejected,runtime_rejected,3
two_stage_feedback_net_log14,Ascend910B3,20,external_v2_dense_balanced_aligned,1792,2816,3584,fp16,0,0,13:144:2816:3584:96:16:48:4:2:1:1:0:2:2:1:1:1:13:1:1:1:0:0,runtime_rejected,0,3,3,runtime_rejected,runtime_rejected,3
two_stage_feedback_net_log14,Ascend910B3,20,external_v2_dense_balanced_aligned,1792,2816,3584,fp16,0,0,20:224:144:3584:16:16:448:4:8:1:1:0:4:4:2:1:1:2:3:6:8:1:0,runtime_rejected,0,3,3,runtime_rejected,runtime_rejected,3
two_stage_feedback_net_log14,Ascend910B3,20,external_v2_dense_balanced_aligned,1792,2816,3584,fp16,0,0,20:112:256:3584:16:64:512:4:2:2:1:0:2:2:1:1:1:16:1:1:11:0:0,runtime_rejected,0,3,3,runtime_rejected,runtime_rejected,3
two_stage_feedback_net_log14,Ascend910B3,20,external_v2_dense_balanced_aligned,1792,2816,3584,fp16,0,0,20:368:96:3584:64:16:512:1:4:1:4:1:1:1:1:2:1:1:8:5:4:2:0,runtime_rejected,0,3,3,runtime_rejected,runtime_rejected,3
two_stage_feedback_net_log14,Ascend910B3,20,external_v2_dense_balanced_aligned,1792,2816,3584,fp16,0,0,20:128:320:3584:128:16:96:1:1:1:1:0:1:1:2:1:1:3:2:6:7:1:0,runtime_rejected,0,3,3,runtime_rejected,runtime_rejected,3
two_stage_feedback_net_log14,Ascend910B3,20,external_v2_dense_balanced_aligned,1792,2816,3584,fp16,0,0,20:1792:32:3584:16:16:1536:4:2:2:1:0:1:1:1:1:1:1:44:1:2:1:0,runtime_rejected,0,3,3,runtime_rejected,runtime_rejected,3
two_stage_feedback_net_log14,Ascend910B3,20,external_v2_dense_balanced_aligned,1792,2816,3584,fp16,0,0,20:48:704:3584:48:48:160:8:8:1:1:1:8:8:2:1:1:1:1:38:4:1:0,runtime_rejected,0,3,3,runtime_rejected,runtime_rejected,3
two_stage_feedback_net_log14,Ascend910B3,20,external_v2_dense_balanced_odd,1663,2591,3587,fp16,0,0,20:416:528:3587:64:80:160:4:4:4:2:0:1:1:2:1:1:1:5:4:1:0:0,runtime_rejected,0,3,3,runtime_rejected,runtime_rejected,3
two_stage_feedback_net_log14,Ascend910B3,20,external_v2_dense_balanced_odd,1663,2591,3587,fp16,0,0,16:416:656:3587:160:160:192:1:4:1:4:0:1:1:1:1:1:1:1:4:4:0:0,runtime_rejected,0,3,3,runtime_rejected,runtime_rejected,3
two_stage_feedback_net_log14,Ascend910B3,20,external_v2_dense_balanced_odd,1663,2591,3587,fp16,0,0,14:240:1296:3587:80:80:160:8:4:2:2:1:2:2:2:2:1:1:2:7:1:0:0,runtime_rejected,0,3,3,runtime_rejected,runtime_rejected,3
two_stage_feedback_net_log14,Ascend910B3,20,external_v2_dense_balanced_odd,1663,2591,3587,fp16,0,0,14:240:1296:3587:96:80:160:2:8:1:4:0:2:2:1:2:1:1:1:7:2:0:0,runtime_rejected,0,3,3,runtime_rejected,runtime_rejected,3
two_stage_feedback_net_log14,Ascend910B3,20,external_v2_dense_balanced_odd,1663,2591,3587,fp16,0,0,14:240:1296:3587:16:192:64:8:8:2:4:1:2:2:2:2:1:1:1:7:2:0:0,runtime_rejected,0,3,3,runtime_rejected,runtime_rejected,3
two_stage_feedback_net_log14,Ascend910B3,20,external_v2_dense_balanced_odd,1663,2591,3587,fp16,0,0,14:240:1296:3587:48:288:64:8:2:4:2:0:1:1:2:1:1:2:1:4:2:0:0,runtime_rejected,0,3,3,runtime_rejected,runtime_rejected,3
two_stage_feedback_net_log14,Ascend910B3,20,external_v2_dense_balanced_odd,1663,2591,3587,fp16,0,0,14:240:1296:3587:48:432:16:32:32:2:2:0:8:8:1:2:1:4:1:2:2:0:0,runtime_rejected,0,3,3,runtime_rejected,runtime_rejected,3
two_stage_feedback_net_log14,Ascend910B3,20,external_v2_dense_balanced_odd,1663,2591,3587,fp16,0,0,12:320:1296:3587:320:96:48:1:4:1:4:0:1:1:2:1:1:1:1:6:2:0:0,runtime_rejected,0,3,3,runtime_rejected,runtime_rejected,3
two_stage_feedback_net_log14,Ascend910B3,20,external_v2_dense_balanced_odd,1663,2591,3587,fp16,0,0,13:128:2592:3587:32:448:64:8:2:2:1:1:2:2:1:1:1:13:1:1:1:0:0,runtime_rejected,0,3,3,runtime_rejected,runtime_rejected,3
two_stage_feedback_net_log14,Ascend910B3,20,external_v2_dense_balanced_odd,1663,2591,3587,fp16,0,0,13:128:2592:3587:32:272:48:16:8:1:1:0:8:8:1:2:1:1:1:13:1:0:0,runtime_rejected,0,3,3,runtime_rejected,runtime_rejected,3
two_stage_feedback_net_log14,Ascend910B3,20,external_v2_dense_balanced_odd,1663,2591,3587,fp16,0,0,12:144:2592:3587:48:384:64:8:4:2:2:0:2:2:1:1:1:1:1:12:1:0:0,runtime_rejected,0,3,3,runtime_rejected,runtime_rejected,3
two_stage_feedback_net_log14,Ascend910B3,20,external_v2_dense_balanced_odd,1663,2591,3587,fp16,0,0,11:160:2592:3587:16:112:112:16:16:4:4:0:2:2:2:2:1:6:1:2:1:0:0,runtime_rejected,0,3,3,runtime_rejected,runtime_rejected,3
two_stage_feedback_net_log14,Ascend910B3,20,external_v2_dense_balanced_odd,1663,2591,3587,fp16,0,0,10:176:2592:3587:16:64:384:16:4:4:1:0:2:2:2:1:1:1:1:10:1:0:0,runtime_rejected,0,3,3,runtime_rejected,runtime_rejected,3
two_stage_feedback_net_log14,Ascend910B3,20,external_v2_dense_balanced_odd,1663,2591,3587,fp16,0,0,20:176:656:3587:16:80:80:4:4:2:4:0:1:1:2:1:1:4:1:3:4:1:0,runtime_rejected,0,3,3,runtime_rejected,runtime_rejected,3
two_stage_feedback_net_log14,Ascend910B3,20,external_v2_dense_balanced_odd,1663,2591,3587,fp16,0,0,20:64:864:2560:16:16:160:48:32:3:2:0:16:16:2:2:2:6:1:5:3:1:2,contract_global,2.26399993896,11.2559308782214,11.2787869717374,regressed,regressed,1.3207394866704185
two_stage_feedback_net_log14,Ascend910B3,20,external_v2_dense_balanced_odd,1663,2591,3587,fp16,0,0,13:128:2592:240:16:16:80:3:6:1:1:1:3:3:1:2:1:5:1:3:1:0:2,contract_global,14.1863537598,70.5303099115991,70.6735275070919,regressed,regressed,1.2346352202591127
two_stage_feedback_net_log14,Ascend910B3,20,external_v2_dense_balanced_odd,1663,2591,3587,fp16,0,0,10:176:2592:256:32:32:32:32:24:2:3:1:8:8:2:2:2:1:1:10:1:0:2,contract_global,6.26175292969,31.1315636278335,31.1947788285094,regressed,regressed,1.2446737305379545
two_stage_feedback_net_log14,Ascend910B3,20,external_v2_dense_balanced_odd,1663,2591,3587,fp16,0,0,10:176:2592:3587:80:96:64:32:16:2:2:1:8:8:2:2:2:4:1:3:1:0:0,runtime_rejected,0,3,3,runtime_rejected,runtime_rejected,3
two_stage_feedback_net_log14,Ascend910B3,20,external_v2_dense_balanced_odd,1663,2591,3587,fp16,0,0,3:672:2592:3587:672:48:16:2:2:1:1:1:2:2:2:2:1:1:1:3:1:0:0,runtime_rejected,0,3,3,runtime_rejected,runtime_rejected,3
two_stage_feedback_net_log14,Ascend910B3,20,external_v2_dense_balanced_odd,1663,2591,3587,fp16,0,0,20:80:384:3587:80:224:16:8:16:1:1:0:8:8:1:2:1:1:3:21:3:0:0,runtime_rejected,0,3,3,runtime_rejected,runtime_rejected,3
two_stage_feedback_net_log14,Ascend910B3,20,external_v2_dense_balanced_odd,1663,2591,3587,fp16,0,0,20:80:288:3587:16:32:640:2:2:2:1:0:1:1:2:1:1:1:3:21:4:1:0,runtime_rejected,0,3,3,runtime_rejected,runtime_rejected,3
two_stage_feedback_net_log14,Ascend910B3,20,external_v2_dense_balanced_odd,1663,2591,3587,fp16,0,0,20:64:336:3587:32:16:512:4:2:2:1:0:1:1:1:1:1:26:1:1:8:0:0,runtime_rejected,0,3,3,runtime_rejected,runtime_rejected,3
two_stage_feedback_net_log14,Ascend910B3,20,external_v2_dense_balanced_odd,1663,2591,3587,fp16,0,0,20:416:80:3587:16:16:1792:1:2:1:1:1:1:1:1:1:1:2:9:2:4:0:0,runtime_rejected,0,3,3,runtime_rejected,runtime_rejected,3
two_stage_feedback_net_log14,Ascend910B3,20,external_v2_dense_balanced_odd,1663,2591,3587,fp16,0,0,20:832:32:3587:32:32:384:8:8:1:1:0:8:8:1:1:1:1:6:2:15:0:0,runtime_rejected,0,3,3,runtime_rejected,runtime_rejected,3
two_stage_feedback_net_log14,Ascend910B3,20,external_v2_dense_tall,3584,896,5120,fp16,0,0,14:512:448:5120:16:48:256:8:4:4:2:1:2:2:2:2:2:7:1:1:2:0:0,contract_global,0.169919605255,1.00119970698719,1.00322600116219,within_noise,within_noise,1.0004520597380377
two_stage_feedback_net_log14,Ascend910B3,20,external_v2_dense_tall,3584,896,5120,fp16,0,0,20:368:448:5120:32:80:320:4:1:4:1:0:1:1:1:1:1:1:2:10:1:0:0,contract_global,0.169530792236,0.998908744269998,1.00093040184294,within_noise,within_noise,1.002564838338633
two_stage_feedback_net_log14,Ascend910B3,20,external_v2_dense_tall,3584,896,5120,fp16,0,0,14:512:448:5120:160:32:128:2:8:2:4:0:1:1:1:2:1:1:2:7:1:0:0,contract_global,0.169875202179,1.00093807533762,1.00296384000511,within_noise,within_noise,1.0005035605289676
two_stage_feedback_net_log14,Ascend910B3,20,external_v2_dense_tall,3584,896,5120,fp16,0,0,14:512:448:5120:64:112:128:4:4:4:2:0:1:1:2:1:1:2:1:4:2:0:0,contract_global,0.169433994293,0.998338391767159,1.00035889502243,within_noise,within_noise,1.000473330282867
two_stage_feedback_net_log14,Ascend910B3,20,external_v2_dense_tall,3584,896,5120,fp16,0,0,12:304:896:5120:32:64:512:8:2:4:2:0:1:1:2:1:1:1:1:12:1:0:0,contract_global,0.170039596558,1.00190671932575,1.00393444439879,within_noise,within_noise,0.9996561712731943
two_stage_feedback_net_log14,Ascend910B3,20,external_v2_dense_tall,3584,896,5120,fp16,0,0,14:512:448:5120:32:64:224:8:8:1:2:0:4:4:2:1:1:7:1:1:2:0:0,contract_global,0.169695205688,0.999877500637932,1.00190111884578,within_noise,within_noise,1.0008110617570403
two_stage_feedback_net_log14,Ascend910B3,20,external_v2_dense_tall,3584,896,5120,fp16,0,0,14:512:448:5120:48:48:384:2:4:1:2:0:2:2:1:1:1:1:1:7:2:0:0,contract_global,0.169941596985,1.00132928658208,1.00335584300927,within_noise,within_noise,1.0008277542032866
two_stage_feedback_net_log14,Ascend910B3,20,external_v2_dense_tall,3584,896,5120,fp16,0,0,14:512:448:5120:16:112:128:4:4:1:1:1:2:2:1:2:1:1:2:7:1:0:0,contract_global,0.169576396942,0.99917745615535,1.00119965756983,within_noise,within_noise,1.0009502686734388
two_stage_feedback_net_log14,Ascend910B3,20,external_v2_dense_tall,3584,896,5120,fp16,0,0,14:256:896:5120:16:176:128:2:2:2:2:0:1:1:2:1:1:7:1:2:1:0:0,contract_global,0.16966960907,0.999726680334063,1.00174999330261,within_noise,within_noise,1.0006268041907416
two_stage_feedback_net_log14,Ascend910B3,20,external_v2_dense_tall,3584,896,5120,fp16,0,0,12:304:896:5120:16:224:128:8:8:2:1:0:4:4:2:1:1:1:1:12:1:0:0,contract_global,0.169790802002,1.00044077290816,1.0024655311029,within_noise,within_noise,0.9997797597480141
two_stage_feedback_net_log14,Ascend910B3,20,external_v2_dense_tall,3584,896,5120,fp16,0,0,14:256:896:5120:16:112:112:2:4:1:2:1:1:1:1:1:1:14:1:1:1:0:0,contract_global,0.169856395721,1.00082726399103,1.00285280439141,within_noise,within_noise,1.0004257341911695
two_stage_feedback_net_log14,Ascend910B3,20,external_v2_dense_tall,3584,896,5120,fp16,0,0,14:512:448:5120:48:160:64:32:16:4:2:0:8:8:2:2:2:7:1:1:2:0:0,contract_global,0.169445991516,0.998409081763898,1.0004297280849,within_noise,within_noise,1.0007089660817063
two_stage_feedback_net_log14,Ascend910B3,20,external_v2_dense_tall,3584,896,5120,fp16,0,0,12:3584:80:5120:16:80:96:2:1:1:1:1:1:1:2:2:1:1:1:1:12:1:0,contract_global,0.169652404785,0.99962530930574,1.00164841711314,within_noise,within_noise,1.000312199486155
two_stage_feedback_net_log14,Ascend910B3,20,external_v2_dense_tall,3584,896,5120,fp16,0,0,14:3584:64:5120:352:64:16:32:16:4:1:1:8:8:1:2:1:1:3:1:5:2:0,contract_global,0.169611206055,0.999382558289801,1.00140517480358,within_noise,within_noise,1.0000159227572658
two_stage_feedback_net_log14,Ascend910B3,20,external_v2_dense_tall,3584,896,5120,fp16,0,0,19:3584:48:5120:48:32:32:16:16:2:1:1:8:8:1:1:1:1:19:1:1:0:0,contract_global,0.169885597229,1.0009993250145,1.00302521364359,within_noise,within_noise,1.0021309146041144
two_stage_feedback_net_log14,Ascend910B3,20,external_v2_dense_tall,3584,896,5120,fp16,0,0,7:3584:144:5120:48:144:64:16:4:4:1:0:2:2:2:2:2:1:3:1:3:1:0,contract_global,0.169654006958,0.99963474962658,1.00165787653639,within_noise,within_noise,0.9991847928373215
two_stage_feedback_net_log14,Ascend910B3,20,external_v2_dense_tall,3584,896,5120,fp16,0,0,20:896:96:5120:16:80:80:8:4:1:1:1:4:4:2:1:1:4:5:1:2:1:0,contract_global,0.170119991302,1.00238042095654,1.00440910473896,within_noise,within_noise,1.0026116348901772
two_stage_feedback_net_log14,Ascend910B3,20,external_v2_dense_tall,3584,896,5120,fp16,0,0,4:3584:256:5120:64:256:64:2:1:2:1:0:1:1:2:2:2:1:1:1:4:0:0,contract_global,0.169862003326,1.00086030510168,1.0028859123731,within_noise,within_noise,0.9987873510673239
two_stage_feedback_net_log14,Ascend910B3,20,external_v2_dense_tall,3584,896,5120,fp16,0,0,20:128:128:5120:96:16:160:4:2:1:1:0:2:2:2:1:1:4:1:8:7:1:0,contract_global,0.16947719574,0.998592943178528,1.00061396161658,within_noise,within_noise,1.000519729146088
two_stage_feedback_net_log14,Ascend910B3,20,external_v2_dense_tall,3584,896,5120,fp16,0,0,20:896:32:5120:32:32:96:8:1:4:1:0:1:1:2:2:2:1:28:4:1:1:0,contract_global,0.169623203278,0.999453248290965,1.00147600786633,within_noise,within_noise,0.9998267945489758
two_stage_feedback_net_log14,Ascend910B3,20,external_v2_dense_tall,3584,896,5120,fp16,0,0,12:304:896:80:16:16:80:2:2:1:1:1:1:1:1:2:1:4:1:3:1:1:2,contract_global,0.169621601105,0.999443807971726,1.00146654844175,within_noise,within_noise,0.9996137336337038
two_stage_feedback_net_log14,Ascend910B3,20,external_v2_dense_tall,3584,896,5120,fp16,0,0,20:608:32:5120:48:16:32:2:2:1:2:1:1:1:2:1:1:1:6:6:5:2:0,contract_global,0.169747600555,1.00018622149199,1.0022104645085,within_noise,within_noise,0.9997350110296388
two_stage_feedback_net_log14,Ascend910B3,20,external_v2_dense_tall,3584,896,5120,fp16,0,0,20:1792:96:128:48:32:16:16:16:1:1:0:8:8:2:2:2:2:4:1:3:1:2,contract_global,0.169581604004,0.999208137193633,1.00123040069648,within_noise,within_noise,1.0021375988316363
two_stage_feedback_net_log14,Ascend910B3,20,external_v2_dense_tall,3584,896,5120,fp16,0,0,20:384:64:256:96:16:16:64:128:4:4:1:16:16:1:2:1:3:3:4:5:2:2,contract_global,0.1696159935,0.999410766860393,1.00143344046041,within_noise,within_noise,0.9991398141240827
two_stage_feedback_net_log14,Ascend910B3,20,external_v2_dense_wide,896,3584,5120,fp16,0,0,20:448:368:5120:48:48:256:1:4:1:2:0:1:1:2:2:1:1:3:2:4:0:0,contract_global,0.142772397995,0.999966335533334,1.00016247627525,within_noise,within_noise,0.9996500531171446
two_stage_feedback_net_log14,Ascend910B3,20,external_v2_dense_wide,896,3584,5120,fp16,0,0,20:448:368:5120:16:32:64:4:8:1:4:0:2:2:2:1:1:2:2:1:8:0:0,contract_global,0.142756795883,0.99985705959488,1.00005317890885,within_noise,within_noise,0.9985865182077548
two_stage_feedback_net_log14,Ascend910B3,20,external_v2_dense_wide,896,3584,5120,fp16,0,0,18:448:400:5120:16:48:112:16:8:4:1:0:4:4:2:1:1:2:1:1:9:0:0,contract_global,0.142818803787,1.00029135794573,1.00048756244329,within_noise,within_noise,0.9995593114145002
two_stage_feedback_net_log14,Ascend910B3,20,external_v2_dense_wide,896,3584,5120,fp16,0,0,20:192:896:5120:16:64:80:8:8:2:2:1:2:2:2:1:1:5:4:1:1:0:0,contract_global,0.142477197647,0.99789877614841,0.998094511348822,within_noise,within_noise,0.9991503068481
two_stage_feedback_net_log14,Ascend910B3,20,external_v2_dense_wide,896,3584,5120,fp16,0,0,18:304:608:5120:16:16:80:8:32:1:2:0:8:8:1:2:1:2:2:2:4:0:0,contract_global,0.142447595596,0.997691445784296,0.997887140308226,within_noise,within_noise,0.9996242233863774
two_stage_feedback_net_log14,Ascend910B3,20,external_v2_dense_wide,896,3584,5120,fp16,0,0,13:896:288:5120:80:288:80:1:1:1:1:0:1:1:2:1:1:1:7:1:2:0:0,contract_global,0.142803201675,1.00018208201482,1.00037826507737,within_noise,within_noise,0.9979782718761103
two_stage_feedback_net_log14,Ascend910B3,20,external_v2_dense_wide,896,3584,5120,fp16,0,0,14:896:256:5120:32:256:32:16:2:4:1:1:2:2:1:1:1:1:3:1:5:0:0,contract_global,0.14281920433,1.00029416331661,1.00049036836428,within_noise,within_noise,0.9979582804944356
two_stage_feedback_net_log14,Ascend910B3,20,external_v2_dense_wide,896,3584,5120,fp16,0,0,14:896:256:5120:80:256:32:16:8:2:1:0:8:8:1:1:1:1:7:1:2:0:0,contract_global,0.142746400833,0.999784253506594,0.999980358535795,within_noise,within_noise,0.9984464073294759
two_stage_feedback_net_log14,Ascend910B3,20,external_v2_dense_wide,896,3584,5120,fp16,0,0,20:224:720:5120:80:48:32:4:4:2:2:0:2:2:1:2:1:1:5:4:1:0:0,contract_global,0.142803602219,1.00018488739203,1.0003810710058,within_noise,within_noise,1.00015035356268
two_stage_feedback_net_log14,Ascend910B3,20,external_v2_dense_wide,896,3584,5120,fp16,0,0,14:128:1792:5120:16:96:192:8:4:4:4:1:1:1:1:1:1:7:2:1:1:0:0,contract_global,0.142454395294,0.99773907031665,0.997934774184412,within_noise,within_noise,0.9985929790542194
two_stage_feedback_net_log14,Ascend910B3,20,external_v2_dense_wide,896,3584,5120,fp16,0,0,18:448:400:5120:48:128:16:16:8:2:1:1:4:4:2:1:1:2:9:1:1:0:0,contract_global,0.142466001511,0.997820359321218,0.998016079136114,within_noise,within_noise,0.9987245836608136
two_stage_feedback_net_log14,Ascend910B3,20,external_v2_dense_wide,896,3584,5120,fp16,0,0,20:192:896:5120:16:160:32:8:2:4:2:1:1:1:1:1:1:2:1:4:4:0:0,contract_global,0.142775201797,0.999985973136756,1.00018211772883,within_noise,within_noise,0.9996419569962512
two_stage_feedback_net_log14,Ascend910B3,20,external_v2_dense_wide,896,3584,5120,fp16,0,0,20:896:176:5120:16:16:640:8:16:1:2:1:8:8:2:2:2:1:2:1:11:0:0,contract_global,0.142791204453,1.00009805444073,1.00029422102255,within_noise,within_noise,0.9991420813058353
two_stage_feedback_net_log14,Ascend910B3,20,external_v2_dense_wide,896,3584,5120,fp16,0,0,14:64:3584:5120:32:16:1024:4:1:2:1:0:1:1:1:2:1:14:1:1:1:0:0,contract_global,0.142473201752,0.997870789221993,0.998066518941035,within_noise,within_noise,1.000645184654276
two_stage_feedback_net_log14,Ascend910B3,20,external_v2_dense_wide,896,3584,5120,fp16,0,0,14:64:3584:5120:16:32:512:16:8:2:1:0:4:4:2:2:2:1:1:14:1:0:0,contract_global,0.142802400589,1.00017647127262,1.0003726532357,within_noise,within_noise,1.0006680855489958
two_stage_feedback_net_log14,Ascend910B3,20,external_v2_dense_wide,896,3584,5120,fp16,0,0,12:80:3584:5120:16:32:1024:4:2:4:1:1:1:1:2:1:1:6:1:2:1:0:0,contract_global,0.142456798553,0.997755902549998,0.997951609725206,within_noise,within_noise,0.9999990560348944
two_stage_feedback_net_log14,Ascend910B3,20,external_v2_dense_wide,896,3584,5120,fp16,0,0,20:112:192:5120:112:16:160:1:2:1:1:0:1:1:1:1:1:1:7:8:3:2:0,contract_global,0.14277680397,0.99999719461787,1.00019334142068,within_noise,within_noise,1.000421365438478
two_stage_feedback_net_log14,Ascend910B3,20,external_v2_dense_wide,896,3584,5120,fp16,0,0,20:64:336:5120:32:16:320:4:2:1:1:0:2:2:1:2:1:7:3:2:4:1:0,contract_global,0.142466001511,0.997820359321218,0.998016079136114,within_noise,within_noise,0.999815001764579
two_stage_feedback_net_log14,Ascend910B3,20,external_v2_dense_wide,896,3584,5120,fp16,0,0,20:448:48:5120:256:16:64:1:4:1:2:0:1:1:2:2:1:1:25:2:3:1:0,contract_global,0.142790002823,1.00008963832131,1.00028580325316,within_noise,within_noise,0.9987494452673855
two_stage_feedback_net_log14,Ascend910B3,20,external_v2_dense_wide,896,3584,5120,fp16,0,0,20:32:512:5120:16:16:512:1:4:1:2:1:1:1:2:1:1:1:4:28:2:1:0,contract_global,0.142770004272,0.999949570083305,1.0001457075436,within_noise,within_noise,0.9988735382811041
two_stage_feedback_net_log14,Ascend910B3,20,external_v2_dense_wide,896,3584,5120,fp16,0,0,20:32:608:5120:32:16:128:8:8:1:1:1:8:8:2:2:1:28:1:1:6:2:0,contract_global,0.142474403381,0.997879205339113,0.998074936696514,within_noise,within_noise,1.0001343986477325
two_stage_feedback_net_log14,Ascend910B3,20,external_v2_dense_wide,896,3584,5120,fp16,0,0,20:192:128:240:32:32:80:6:9:2:3:0:3:3:2:2:2:5:28:1:1:0:2,contract_global,0.14276599884,0.999921516360165,1.0001176483195,within_noise,within_noise,0.9990709810641543
two_stage_feedback_net_log14,Ascend910B3,20,external_v2_dense_wide,896,3584,5120,fp16,0,0,12:80:3584:256:32:32:32:16:48:2:3:1:8:8:2:2:2:6:1:2:1:0:2,contract_global,0.14246919632,0.997842735501278,0.998038459712435,within_noise,within_noise,1.085383279382317
two_stage_feedback_net_log14,Ascend910B3,20,external_v2_dense_wide,896,3584,5120,fp16,0,0,20:304:80:320:16:16:160:16:16:4:4:1:2:2:2:1:1:3:8:1:6:1:2,contract_global,0.142445201874,0.99767468034407,0.997870371586334,within_noise,within_noise,1.1900793292765937
two_stage_feedback_net_log14,Ascend910B3,20,external_v2_dense_large,4608,5120,6144,fp16,0,0,11:432:5120:6144:208:96:112:2:4:2:4:0:1:1:1:2:1:1:1:11:1:0:0,runtime_rejected,0,3,3,runtime_rejected,runtime_rejected,3
two_stage_feedback_net_log14,Ascend910B3,20,external_v2_dense_large,4608,5120,6144,fp16,0,0,10:464:5120:6144:160:160:96:2:8:2:4:1:1:1:2:2:1:10:1:1:1:0:0,runtime_rejected,0,3,3,runtime_rejected,runtime_rejected,3
two_stage_feedback_net_log14,Ascend910B3,20,external_v2_dense_large,4608,5120,6144,fp16,0,0,11:432:5120:6144:80:320:64:2:4:2:4:1:1:1:2:1:1:11:1:1:1:0:0,runtime_rejected,0,3,3,runtime_rejected,runtime_rejected,3
two_stage_feedback_net_log14,Ascend910B3,20,external_v2_dense_large,4608,5120,6144,fp16,0,0,20:1152:1024:6144:48:16:640:4:4:1:2:0:2:2:1:1:1:2:2:2:3:2:0,runtime_rejected,0,3,3,runtime_rejected,runtime_rejected,3
two_stage_feedback_net_log14,Ascend910B3,20,external_v2_dense_large,4608,5120,6144,fp16,0,0,14:672:2560:6144:144:64:112:8:4:2:2:1:2:2:2:1:1:4:1:2:2:0:0,runtime_rejected,0,3,3,runtime_rejected,runtime_rejected,3
two_stage_feedback_net_log14,Ascend910B3,20,external_v2_dense_large,4608,5120,6144,fp16,0,0,10:464:5120:6144:80:384:80:4:4:1:1:1:4:4:2:1:1:10:1:1:1:0:0,runtime_rejected,0,3,3,runtime_rejected,runtime_rejected,3
two_stage_feedback_net_log14,Ascend910B3,20,external_v2_dense_large,4608,5120,6144,fp16,0,0,20:128:5120:6144:16:16:48:16:8:4:1:1:4:4:2:2:1:36:1:1:1:0:0,runtime_rejected,0,3,3,runtime_rejected,runtime_rejected,3
two_stage_feedback_net_log14,Ascend910B3,20,external_v2_dense_large,4608,5120,6144,fp16,0,0,10:1024:2560:6144:1024:32:16:8:4:1:1:0:4:4:1:1:1:5:2:1:1:0:0,runtime_rejected,0,3,3,runtime_rejected,runtime_rejected,3
two_stage_feedback_net_log14,Ascend910B3,20,external_v2_dense_large,4608,5120,6144,fp16,0,0,12:384:5120:6144:256:32:80:4:8:1:2:0:2:2:1:2:1:1:1:12:1:0:0,runtime_rejected,0,3,3,runtime_rejected,runtime_rejected,3
two_stage_feedback_net_log14,Ascend910B3,20,external_v2_dense_large,4608,5120,6144,fp16,0,0,13:368:5120:6144:64:224:64:32:4:4:1:0:4:4:1:2:1:1:1:13:1:0:0,runtime_rejected,0,3,3,runtime_rejected,runtime_rejected,3
two_stage_feedback_net_log14,Ascend910B3,20,external_v2_dense_large,4608,5120,6144,fp16,0,0,20:192:5120:6144:64:16:16:12:4:3:1:1:2:2:1:2:1:24:1:1:1:0:0,runtime_rejected,0,3,3,runtime_rejected,runtime_rejected,3
two_stage_feedback_net_log14,Ascend910B3,20,external_v2_dense_large,4608,5120,6144,fp16,0,0,20:256:736:6144:256:112:32:8:16:1:4:0:4:4:1:2:1:18:7:1:1:1:0,runtime_rejected,0,3,3,runtime_rejected,runtime_rejected,3
two_stage_feedback_net_log14,Ascend910B3,20,external_v2_dense_large,4608,5120,6144,fp16,0,0,20:128:5120:6144:96:32:64:4:4:1:2:1:2:2:1:2:1:36:1:1:1:0:0,runtime_rejected,0,3,3,runtime_rejected,runtime_rejected,3
two_stage_feedback_net_log14,Ascend910B3,20,external_v2_dense_large,4608,5120,6144,fp16,0,0,20:192:5120:6144:144:16:16:4:4:1:1:1:4:4:2:1:1:24:1:1:1:0:0,runtime_rejected,0,3,3,runtime_rejected,runtime_rejected,3
two_stage_feedback_net_log14,Ascend910B3,20,external_v2_dense_large,4608,5120,6144,fp16,0,0,20:192:5120:6144:32:32:16:16:8:1:1:1:8:8:2:2:1:24:1:1:1:0:0,runtime_rejected,0,3,3,runtime_rejected,runtime_rejected,3
two_stage_feedback_net_log14,Ascend910B3,20,external_v2_dense_large,4608,5120,6144,fp16,0,0,20:4608:48:6144:64:48:16:8:8:1:1:0:8:8:2:2:2:1:54:1:2:0:0,runtime_rejected,0,3,3,runtime_rejected,runtime_rejected,3
two_stage_feedback_net_log14,Ascend910B3,20,external_v2_dense_large,4608,5120,6144,fp16,0,0,20:4608:32:6144:32:32:448:1:1:1:1:0:1:1:2:1:1:1:80:1:2:0:0,runtime_rejected,0,3,3,runtime_rejected,runtime_rejected,3
two_stage_feedback_net_log14,Ascend910B3,20,external_v2_dense_large,4608,5120,6144,fp16,0,0,20:272:480:6144:144:160:96:4:12:1:3:1:4:4:2:1:1:1:11:17:1:1:0,runtime_rejected,0,3,3,runtime_rejected,runtime_rejected,3
two_stage_feedback_net_log14,Ascend910B3,20,external_v2_dense_large,4608,5120,6144,fp16,0,0,16:384:5120:384:128:128:128:9:6:3:1:1:3:3:2:2:2:4:1:3:1:0:3,feedback_regression_counterfactual,2.71836242676,2.58774537106105,2.6008786020182,regressed,regressed,2.4112011329457097
two_stage_feedback_net_log14,Ascend910B3,20,external_v2_dense_large,4608,5120,6144,fp16,0,0,16:384:5120:384:128:128:128:9:6:3:1:1:3:3:2:2:1:2:1:6:1:0:3,feedback_regression_counterfactual,2.72785095215,2.59677797371004,2.60995704660236,regressed,regressed,2.483463238348984
two_stage_feedback_net_log14,Ascend910B3,20,external_v2_dense_large,4608,5120,6144,fp16,0,0,16:384:5120:384:128:128:128:9:6:3:1:1:3:3:2:2:1:1:1:12:1:1:3,feedback_regression_counterfactual,2.76967132568,2.63658888227766,2.64997000203867,regressed,regressed,2.639770027733943
two_stage_feedback_net_log14,Ascend910B3,20,external_v2_dense_large,4608,5120,6144,fp16,0,0,16:384:5120:384:128:128:128:9:6:3:1:1:3:3:2:2:2:1:1:12:1:2:3,feedback_regression_counterfactual,2.72493774414,2.59400474507045,2.60716974337124,regressed,regressed,2.644181958792659
two_stage_feedback_net_log14,Ascend910B3,20,external_v2_dense_large,4608,5120,6144,fp16,0,0,16:4608:384:384:128:128:128:6:9:1:3:0:3:3:2:2:1:1:1:1:14:1:3,feedback_regression_counterfactual,2.47916793823,2.36004415492355,2.37202176497365,regressed,regressed,2.6521443538486436
two_stage_feedback_net_log14,Ascend910B3,20,external_v2_dense_large,4608,5120,6144,fp16,0,0,16:576:2560:768:32:32:48:48:64:3:2:0:16:16:2:1:1:2:1:4:2:1:2,feedback_regression_counterfactual,23.8040795898,22.6602958327128,22.7753005399223,regressed,regressed,20.90357713232724
two_stage_feedback_net_log14,Ascend910B3,20,external_v2_k_shallow,1792,2048,320,fp16,0,0,13:144:2048:160:16:16:80:4:4:1:1:0:2:2:1:2:2:5:1:3:1:1:2,feedback_winner_mutation,0.0196236002445,1.00048944243571,1.00805477792661,within_noise,within_noise,1.0857168734512461
two_stage_feedback_net_log14,Ascend910B3,20,external_v2_k_shallow,1792,2048,320,fp16,0,0,19:1792:112:320:16:64:48:4:4:1:1:0:4:4:2:2:2:1:10:1:2:0:0,contract_global,0.0196868002415,1.00371163046361,1.01130133096274,within_noise,within_noise,0.9862324600894546
two_stage_feedback_net_log14,Ascend910B3,20,external_v2_k_shallow,1792,2048,320,fp16,0,0,20:368:512:320:16:32:48:4:16:1:4:0:2:2:2:2:1:3:2:2:2:0:0,contract_global,0.0197956001759,1.00925868525204,1.01689033055223,within_noise,within_noise,0.9885112361160969
two_stage_feedback_net_log14,Ascend910B3,20,external_v2_k_shallow,1792,2048,320,fp16,0,0,19:1792:112:320:16:16:48:4:4:2:4:1:1:1:2:1:1:1:3:1:8:0:0,contract_global,0.0196363997459,1.00114201208991,1.00871228207374,within_noise,within_noise,0.9878182470806669
two_stage_feedback_net_log14,Ascend910B3,20,external_v2_k_shallow,1792,2048,320,fp16,0,0,20:448:416:320:80:272:80:2:2:2:1:0:1:1:2:1:1:1:5:4:1:0:0,contract_global,0.019437199831,0.990986005583233,0.998479479553199,within_noise,within_noise,0.9899403642182271
two_stage_feedback_net_log14,Ascend910B3,20,external_v2_k_shallow,1792,2048,320,fp16,0,0,18:608:352:320:16:48:64:4:8:2:4:1:2:2:1:1:1:1:2:3:5:0:0,contract_global,0.0194544005394,0.991862966330556,0.999363071566382,within_noise,within_noise,0.988821291448939
two_stage_feedback_net_log14,Ascend910B3,20,external_v2_k_shallow,1792,2048,320,fp16,0,0,18:608:352:320:16:160:16:4:8:1:2:0:4:4:2:2:1:3:2:1:3:0:0,contract_global,0.0196547996998,1.00208011515935,1.00965747873599,within_noise,within_noise,0.9895423419504886
two_stage_feedback_net_log14,Ascend910B3,20,external_v2_k_shallow,1792,2048,320,fp16,0,0,20:896:208:320:16:160:32:8:2:4:1:0:1:1:1:1:1:1:2:2:7:0:0,contract_global,0.0194708001614,0.992699084502624,1.00020551214857,within_noise,within_noise,0.9903907768465313
two_stage_feedback_net_log14,Ascend910B3,20,external_v2_k_shallow,1792,2048,320,fp16,0,0,20:448:416:320:16:32:48:4:16:1:4:1:4:4:2:2:2:2:1:3:5:0:0,contract_global,0.0197075998783,1.00477207894226,1.01236979816481,within_noise,within_noise,0.9903512952032957
two_stage_feedback_net_log14,Ascend910B3,20,external_v2_k_shallow,1792,2048,320,fp16,0,0,18:608:352:320:16:16:48:2:8:2:4:0:1:1:2:2:1:3:1:1:6:0:0,contract_global,0.0195819997787,0.998368484692133,1.0059177822797,within_noise,within_noise,0.9896661945142579
two_stage_feedback_net_log14,Ascend910B3,20,external_v2_k_shallow,1792,2048,320,fp16,0,0,18:608:352:320:32:64:32:8:32:2:4:1:4:4:1:1:1:3:1:1:6:0:0,contract_global,0.0196063995361,0.999612481688658,1.00717118592157,within_noise,within_noise,0.9900143559096617
two_stage_feedback_net_log14,Ascend910B3,20,external_v2_k_shallow,1792,2048,320,fp16,0,0,20:368:512:320:48:128:48:2:8:1:4:1:2:2:1:1:1:1:2:5:3:0:0,contract_global,0.0195728003979,0.997899463550982,1.00544521457254,within_noise,within_noise,0.990623717432727
two_stage_feedback_net_log14,Ascend910B3,20,external_v2_k_shallow,1792,2048,320,fp16,0,0,6:320:2048:320:320:48:48:14:14:1:1:0:7:7:2:2:2:3:1:2:1:0:0,contract_global,0.0194280004501,0.990516984433313,0.998006911843555,within_noise,within_noise,0.9996644553723153
two_stage_feedback_net_log14,Ascend910B3,20,external_v2_k_shallow,1792,2048,320,fp16,0,0,20:448:80:64:112:16:16:32:16:4:4:1:4:4:2:2:2:4:3:1:9:1:2,contract_global,0.0194731998444,0.992821429908424,1.00032878269453,within_noise,within_noise,0.9993643559152867
two_stage_feedback_net_log14,Ascend910B3,20,external_v2_k_shallow,1792,2048,320,fp16,0,0,20:256:96:16:64:16:16:4:4:4:4:0:1:1:1:2:1:1:2:7:16:0:2,contract_global,0.0196080005169,0.999694106079722,1.00725342752512,within_noise,within_noise,1.0041616028803757
two_stage_feedback_net_log14,Ascend910B3,20,external_v2_k_shallow,1792,2048,320,fp16,0,0,10:192:2048:64:32:32:32:8:6:2:3:1:2:2:2:2:2:2:1:9:1:0:2,contract_global,0.0193991994858,0.989048596352446,0.99652742035052,improved,within_noise,1.0734603486943413
two_stage_feedback_net_log14,Ascend910B3,20,external_v2_k_shallow,1792,2048,320,fp16,0,0,4:576:2048:64:192:16:16:24:16:3:2:0:4:4:1:2:1:4:1:1:1:0:2,contract_global,0.0194327998161,0.990761675265874,0.99825345293369,within_noise,within_noise,1.0697277730437535
two_stage_feedback_net_log14,Ascend910B3,20,external_v2_k_shallow,1792,2048,320,fp16,0,0,20:208:112:288:48:16:96:12:18:2:3:0:3:3:1:2:1:1:1:9:19:1:2,contract_global,0.0196231997013,1.00046902114571,1.00803420221762,within_noise,within_noise,1.067601552134597
two_stage_feedback_net_log14,Ascend910B3,20,external_v2_k_shallow,1792,2048,320,fp16,0,0,4:576:2048:16:192:16:16:3:2:3:2:1:1:1:1:2:1:2:1:2:1:1:2,contract_global,0.0196651995182,1.00261033939857,1.01019171233734,within_noise,within_noise,1.0661983462764983
two_stage_feedback_net_log14,Ascend910B3,20,external_v2_k_shallow,1792,2048,320,fp16,0,0,4:576:2048:304:192:16:16:57:38:3:2:1:19:19:1:2:1:2:1:2:1:1:2,contract_global,0.0196580004692,1.0022433031551,1.00982190069909,within_noise,within_noise,1.1617161103752756
two_stage_feedback_net_log14,Ascend910B3,20,external_v2_k_shallow,1792,2048,320,fp16,0,0,12:160:2048:160:16:16:80:8:8:4:4:1:2:2:2:1:1:3:1:5:1:1:2,contract_global,0.0194223999977,0.990231451024148,0.997719219332108,within_noise,within_noise,1.207680191817412
two_stage_feedback_net_log14,Ascend910B3,20,external_v2_k_shallow,1792,2048,320,fp16,0,0,11:1792:192:192:16:64:96:4:6:2:3:1:2:2:2:1:1:1:6:1:2:0:2,contract_global,0.0196303999424,1.00083611816755,1.00840407509294,within_noise,within_noise,1.241735642772364
two_stage_feedback_net_log14,Ascend910B3,20,external_v2_k_shallow,1792,2048,320,fp16,0,0,20:256:96:48:112:32:16:12:18:2:3:0:3:3:1:1:1:1:11:7:2:1:2,contract_global,0.0196888005733,1.00381361535989,1.01140408703214,within_noise,within_noise,1.2222833857335387
two_stage_feedback_net_log14,Ascend910B3,20,external_v2_k_shallow,1792,2048,320,fp16,0,0,20:192:144:80:32:64:80:3:4:3:2:1:1:1:2:1:1:1:2:10:8:2:2,contract_global,0.0194216001034,0.990190669223804,0.997678129150773,within_noise,within_noise,1.2702611530125443
two_stage_feedback_net_log14,Ascend910B3,20,external_v2_k_deep,1024,1536,32768,fp16,0,0,20:1024:384:384:128:128:128:6:9:1:3:0:3:3:2:2:2:1:2:1:2:2:3,feedback_winner_mutation,0.55938079834,0.890070429511015,0.901218299585469,improved,improved,0.9700894751964214
two_stage_feedback_net_log14,Ascend910B3,20,external_v2_k_deep,1024,1536,32768,fp16,0,0,20:1024:384:384:128:128:128:6:9:1:3:0:3:3:2:2:1:1:2:1:2:1:3,feedback_winner_mutation,0.863369979858,1.37376915882801,1.39097521307657,regressed,regressed,0.9769190966128585
two_stage_feedback_net_log14,Ascend910B3,20,external_v2_k_deep,1024,1536,32768,fp16,0,0,20:1024:384:384:128:128:128:6:9:1:3:0:3:3:2:2:2:1:1:1:4:0:3,feedback_winner_mutation,0.553993186951,0.881497819229057,0.892538319889392,improved,improved,0.9989501313793461
two_stage_feedback_net_log14,Ascend910B3,20,external_v2_k_deep,1024,1536,32768,fp16,0,0,20:1024:384:384:128:128:128:6:9:1:3:0:3:3:2:2:1:1:1:1:4:2:3,feedback_winner_mutation,0.864787597656,1.37602483096767,1.3932591368461,regressed,regressed,1.0030249045212583
two_stage_feedback_net_log14,Ascend910B3,20,external_v2_k_deep,1024,1536,32768,fp16,0,0,16:1024:384:384:128:128:128:6:9:1:3:0:3:3:2:2:2:1:2:1:2:1:3,feedback_regression_counterfactual,0.643988037109,1.02469500292327,1.0375290061443,regressed,regressed,1.1398667559489921
two_stage_feedback_net_log14,Ascend910B3,20,external_v2_k_deep,1024,1536,32768,fp16,0,0,17:384:1536:384:128:128:128:9:6:3:1:1:3:3:2:2:2:1:1:3:1:0:3,feedback_regression_counterfactual,0.691444015503,1.10020557317722,1.11398532405877,regressed,regressed,1.1479722530115484
two_stage_feedback_net_log14,Ascend910B3,20,external_v2_k_deep,1024,1536,32768,fp16,0,0,16:384:1536:384:128:128:128:9:6:3:1:1:3:3:2:2:2:1:1:3:1:1:3,feedback_regression_counterfactual,0.67246963501,1.07001409172966,1.08341570319506,regressed,regressed,1.1535744160744816
two_stage_feedback_net_log14,Ascend910B3,20,external_v2_k_deep,1024,1536,32768,fp16,0,0,16:384:1536:384:128:128:128:9:6:3:1:1:3:3:2:2:2:3:1:1:1:0:3,feedback_regression_counterfactual,0.670842437744,1.06742494284645,1.08079412598406,regressed,regressed,1.1698320960380566
two_stage_feedback_net_log14,Ascend910B3,20,external_v2_k_deep,1024,1536,32768,fp16,0,0,16:384:1536:384:128:128:128:9:6:3:1:1:3:3:2:2:1:1:1:3:1:0:3,feedback_regression_counterfactual,1.03642440796,1.6491283231161,1.66978316982577,regressed,regressed,1.21048904998933
two_stage_feedback_net_log14,Ascend910B3,20,external_v2_k_deep,1024,1536,32768,fp16,0,0,15:1024:384:384:128:128:128:6:9:1:3:0:3:3:2:2:2:1:1:1:4:1:3,feedback_regression_counterfactual,0.647822036743,1.0307955514421,1.04370596223726,regressed,regressed,1.2219800362693254
two_stage_feedback_net_log14,Ascend910B3,20,external_v2_k_deep,1024,1536,32768,fp16,0,0,3:1024:512:32768:32:512:64:8:2:4:1:0:1:1:1:1:1:1:3:1:1:0:0,runtime_rejected,0,3,3,runtime_rejected,runtime_rejected,3
two_stage_feedback_net_log14,Ascend910B3,20,external_v2_k_deep,1024,1536,32768,fp16,0,0,3:1024:640:32768:16:640:16:8:4:1:1:0:4:4:1:2:1:1:3:1:1:1:0,runtime_rejected,0,3,3,runtime_rejected,runtime_rejected,3
two_stage_feedback_net_log14,Ascend910B3,20,external_v2_k_deep,1024,1536,32768,fp16,0,0,20:160:256:32768:112:64:128:4:16:1:4:1:4:4:2:2:2:7:2:1:4:0:0,runtime_rejected,0,3,3,runtime_rejected,runtime_rejected,3
two_stage_feedback_net_log14,Ascend910B3,20,external_v2_k_deep,1024,1536,32768,fp16,0,0,20:96:320:32768:48:224:64:8:16:1:1:1:8:8:2:2:2:11:3:1:2:0:0,runtime_rejected,0,3,3,runtime_rejected,runtime_rejected,3
two_stage_feedback_net_log14,Ascend910B3,20,external_v2_k_deep,1024,1536,32768,fp16,0,0,20:176:128:32768:16:16:2048:4:4:1:1:1:4:4:1:1:1:6:2:1:6:1:0,runtime_rejected,0,3,3,runtime_rejected,runtime_rejected,3
two_stage_feedback_net_log14,Ascend910B3,20,external_v2_k_deep,1024,1536,32768,fp16,0,0,6:1024:288:32768:32:288:32:2:2:1:1:0:1:1:2:1:1:1:3:1:2:0:0,runtime_rejected,0,3,3,runtime_rejected,runtime_rejected,3
two_stage_feedback_net_log14,Ascend910B3,20,external_v2_k_deep,1024,1536,32768,fp16,0,0,20:96:96:32768:32:64:256:12:2:3:1:1:2:2:2:2:2:11:2:1:15:1:0,runtime_rejected,0,3,3,runtime_rejected,runtime_rejected,3
two_stage_feedback_net_log14,Ascend910B3,20,external_v2_k_deep,1024,1536,32768,fp16,0,0,3:1024:512:32768:64:512:16:16:16:1:1:0:8:8:1:1:1:1:3:1:1:0:0,runtime_rejected,0,3,3,runtime_rejected,runtime_rejected,3
two_stage_feedback_net_log14,Ascend910B3,20,external_v2_k_deep,1024,1536,32768,fp16,0,0,20:208:48:32768:128:16:128:1:2:1:1:1:1:1:2:2:2:3:8:2:4:1:0,runtime_rejected,0,3,3,runtime_rejected,runtime_rejected,3
two_stage_feedback_net_log14,Ascend910B3,20,external_v2_k_deep,1024,1536,32768,fp16,0,0,8:1024:384:384:128:128:128:6:9:1:3:0:3:3:2:2:2:1:1:1:4:1:3,contract_global,1.06451522827,1.69382561800292,1.71504028517491,regressed,regressed,1.660232026842261
two_stage_feedback_net_log14,Ascend910B3,20,external_v2_k_deep,1024,1536,32768,fp16,0,0,20:320:320:64:80:64:16:16:16:4:4:1:4:4:1:1:1:4:5:1:1:0:2,contract_global,8.2976550293,13.2029869416094,13.3683504658341,regressed,regressed,13.521671940582317
two_stage_feedback_net_log14,Ascend910B3,20,external_v2_k_deep,1024,1536,32768,fp16,0,0,20:160:80:1920:16:16:320:24:24:4:4:1:6:6:1:1:1:7:2:1:12:1:2,contract_global,10.103447876,16.076311909919,16.2776629834179,regressed,regressed,3.6752505274660963
two_stage_feedback_net_log14,Ascend910B3,20,external_v2_k_deep,1024,1536,32768,fp16,0,0,20:160:80:960:16:16:320:12:24:4:4:0:3:3:1:1:1:7:2:1:12:2:2,contract_global,11.1221740723,17.697279354261,17.9189325677488,regressed,regressed,3.7984224775253894
two_stage_feedback_net_log14,Ascend910B3,20,external_v2_k_deep,1024,1536,32768,fp16,0,0,1:384:1536:384:128:128:128:9:6:3:1:1:3:3:2:2:2:1:1:3:1:0:3,contract_global,7.96458984375,12.673023321761,12.8317492076857,regressed,regressed,3.74370531249557
two_stage_feedback_net_log14,Ascend910B3,20,external_v2_k_low_output_deep_aligned,192,128,24576,fp16,0,0,20:192:384:384:128:128:128:6:9:1:3:0:3:3:2:2:2:1:1:1:1:2:3,feedback_winner_mutation,0.0308335995674,0.88569717989518,0.87949247576383,improved,improved,0.8754444796548438
two_stage_feedback_net_log14,Ascend910B3,20,external_v2_k_low_output_deep_aligned,192,128,24576,fp16,0,0,20:192:384:384:128:128:128:6:9:1:3:0:3:3:2:2:1:1:1:1:1:1:3,feedback_winner_mutation,0.0327363991737,0.940355224005,0.933767615875046,improved,improved,0.8855475293013291
two_stage_feedback_net_log14,Ascend910B3,20,external_v2_k_low_output_deep_aligned,192,128,24576,fp16,0,0,20:384:128:384:128:128:128:9:6:3:1:1:3:3:2:2:1:1:1:1:1:1:3,feedback_regression_counterfactual,0.0361640000343,1.0388132846481,1.03153593385275,regressed,regressed,0.852303727650095
two_stage_feedback_net_log14,Ascend910B3,20,external_v2_k_low_output_deep_aligned,192,128,24576,fp16,0,0,17:192:384:384:128:128:128:6:9:1:3:0:3:3:2:2:2:1:1:1:1:1:3,feedback_winner_mutation,0.0286175990105,0.822042417836642,0.816283643729294,improved,improved,1.0003017950584483
two_stage_feedback_net_log14,Ascend910B3,20,external_v2_k_low_output_deep_aligned,192,128,24576,fp16,0,0,16:384:128:384:128:128:128:9:6:3:1:1:3:3:2:2:1:1:1:1:1:0:3,feedback_winner_mutation,0.0329559993744,0.946663254248189,0.940031455546141,improved,improved,1.0154401820606194
two_stage_feedback_net_log14,Ascend910B3,20,external_v2_k_low_output_deep_aligned,192,128,24576,fp16,0,0,15:384:128:384:128:128:128:9:6:3:1:1:3:3:2:2:2:1:1:1:1:0:3,feedback_winner_mutation,0.0337231993675,0.968701124613408,0.961914940802551,improved,improved,1.0155500903858647
two_stage_feedback_net_log14,Ascend910B3,20,external_v2_k_low_output_deep_aligned,192,128,24576,fp16,0,0,16:192:384:384:128:128:128:6:9:1:3:0:3:3:2:2:2:1:1:1:1:2:3,feedback_winner_mutation,0.0286944007874,0.824248553938939,0.818474324867149,improved,improved,1.0439529081735797
two_stage_feedback_net_log14,Ascend910B3,20,external_v2_k_low_output_deep_aligned,192,128,24576,fp16,0,0,15:192:384:384:128:128:128:6:9:1:3:0:3:3:2:2:2:1:1:1:1:1:3,feedback_winner_mutation,0.0295327997208,0.848331618561567,0.842388676872532,improved,improved,1.0490742747537292
two_stage_feedback_net_log14,Ascend910B3,20,external_v2_k_low_output_deep_aligned,192,128,24576,fp16,0,0,16:192:384:384:128:128:128:6:9:1:3:0:3:3:2:2:1:1:1:1:1:1:3,feedback_winner_mutation,0.0312732005119,0.898324746005227,0.8920315801341,improved,improved,1.0524921538514276
two_stage_feedback_net_log14,Ascend910B3,20,external_v2_k_low_output_deep_aligned,192,128,24576,fp16,0,0,9:192:384:384:128:128:128:6:9:1:3:0:3:3:2:2:2:1:1:1:1:1:3,feedback_winner_mutation,0.0309599995613,0.889328028049377,0.883097888210249,improved,improved,1.2589593479114516
two_stage_feedback_net_log14,Ascend910B3,20,external_v2_k_low_output_deep_aligned,192,128,24576,fp16,0,0,8:192:384:384:128:128:128:6:9:1:3:0:3:3:2:2:2:1:1:1:1:2:3,feedback_winner_mutation,0.0324959993362,0.933449722826979,0.926910490815716,improved,improved,1.3131269385668833
two_stage_feedback_net_log14,Ascend910B3,20,external_v2_k_low_output_deep_aligned,192,128,24576,fp16,0,0,8:192:384:384:128:128:128:6:9:1:3:0:3:3:2:2:1:1:1:1:1:1:3,feedback_winner_mutation,0.0360055994987,1.03426321882195,1.02701774327033,regressed,regressed,1.319363968510127
two_stage_feedback_net_log14,Ascend910B3,20,external_v2_k_low_output_deep_aligned,192,128,24576,fp16,0,0,9:384:128:384:128:128:128:9:6:3:1:1:3:3:2:2:2:1:1:1:1:0:3,feedback_regression_counterfactual,0.0357987999916,1.02832288934969,1.02111902845774,regressed,regressed,1.2297896603023397
two_stage_feedback_net_log14,Ascend910B3,20,external_v2_k_low_output_deep_aligned,192,128,24576,fp16,0,0,8:384:128:384:128:128:128:9:6:3:1:1:3:3:2:2:2:1:1:1:1:1:3,feedback_regression_counterfactual,0.0364307999611,1.04647713013068,1.03914609067771,regressed,regressed,1.260151397005753
two_stage_feedback_net_log14,Ascend910B3,20,external_v2_k_low_output_deep_aligned,192,128,24576,fp16,0,0,8:384:128:384:128:128:128:9:6:3:1:1:3:3:2:2:1:1:1:1:1:0:3,feedback_regression_counterfactual,0.0413115978241,1.18667837045105,1.17836515872181,regressed,regressed,1.296909556066914
two_stage_feedback_net_log14,Ascend910B3,20,external_v2_k_low_output_deep_aligned,192,128,24576,fp16,0,0,5:384:128:384:128:128:128:9:6:3:1:1:3:3:2:2:2:1:1:1:1:0:3,feedback_regression_counterfactual,0.0484479999542,1.39167199201702,1.38192270845756,regressed,regressed,2.1902819803428604
two_stage_feedback_net_log14,Ascend910B3,20,external_v2_k_low_output_deep_aligned,192,128,24576,fp16,0,0,20:16:32:24576:16:32:640:8:8:1:1:0:8:8:1:1:1:12:2:1:3:0:0,feedback_regression_counterfactual,0.223444404602,6.41845524999138,6.37349110572023,regressed,regressed,3.7433359735320737
two_stage_feedback_net_log14,Ascend910B3,20,external_v2_k_low_output_deep_aligned,192,128,24576,fp16,0,0,20:32:32:24576:32:16:640:8:8:1:2:0:4:4:1:2:1:6:4:1:1:0:0,runtime_rejected,0,3,3,runtime_rejected,runtime_rejected,3
two_stage_feedback_net_log14,Ascend910B3,20,external_v2_k_low_output_deep_aligned,192,128,24576,fp16,0,0,18:32:48:24576:32:48:256:8:16:1:1:0:8:8:2:2:1:1:2:6:2:0:0,feedback_regression_counterfactual,0.184291191101,5.29377661149095,5.25669134312361,regressed,regressed,5.9636347171229245
two_stage_feedback_net_log14,Ascend910B3,20,external_v2_k_low_output_deep_aligned,192,128,24576,fp16,0,0,20:16:32:24576:16:32:640:8:8:1:1:1:8:8:1:1:1:12:2:1:3:1:0,feedback_regression_counterfactual,0.223118801117,6.4091022684049,6.3642036459308,regressed,regressed,3.9815407379923458
two_stage_feedback_net_log14,Ascend910B3,20,external_v2_k_low_output_deep_aligned,192,128,24576,fp16,0,0,20:48:16:24576:48:16:256:16:16:1:1:1:8:8:2:2:2:4:4:1:2:0:0,contract_global,0.156395196915,4.4924623397882,4.46099063563599,regressed,regressed,3.6328313111619592
two_stage_feedback_net_log14,Ascend910B3,20,external_v2_k_low_output_deep_aligned,192,128,24576,fp16,0,0,20:32:32:24576:32:16:256:16:16:1:2:0:8:8:2:2:1:6:4:1:1:0:0,runtime_rejected,0,3,3,runtime_rejected,runtime_rejected,3
two_stage_feedback_net_log14,Ascend910B3,20,external_v2_k_low_output_deep_aligned,192,128,24576,fp16,0,0,20:16:48:24576:16:48:384:16:8:1:1:0:8:8:2:1:1:12:2:1:2:0:0,contract_global,0.34754360199,9.98321287464471,9.91327601182812,regressed,regressed,3.9107054398892753
two_stage_feedback_net_log14,Ascend910B3,20,external_v2_k_low_output_deep_aligned,192,128,24576,fp16,0,0,20:32:32:24576:32:32:256:8:8:1:1:0:4:4:2:1:1:6:4:1:1:0:0,contract_global,0.127650003433,3.66675476235288,3.64106750837348,regressed,regressed,3.9817347892743813
two_stage_feedback_net_log14,Ascend910B3,20,external_v2_k_low_output_deep_odd,512,384,12289,fp16,0,0,20:512:384:384:128:128:128:6:9:1:3:0:3:3:2:2:2:1:1:1:1:1:3,contract_global,0.0641359996796,0.998064094798271,1.00124263032773,within_noise,within_noise,0.9828040360514729
two_stage_feedback_net_log14,Ascend910B3,20,external_v2_k_low_output_deep_odd,512,384,12289,fp16,0,0,16:512:384:384:128:128:128:6:9:1:3:0:3:3:2:2:2:1:1:1:1:1:3,contract_global,0.0640935993195,0.997404273829338,1.00058070803311,within_noise,within_noise,0.9876944794800816
two_stage_feedback_net_log14,Ascend910B3,20,external_v2_k_low_output_deep_odd,512,384,12289,fp16,0,0,20:128:80:12289:48:80:320:4:2:2:1:0:1:1:1:1:1:1:3:4:2:0:0,contract_global,0.0639883995056,0.995767187680534,0.998938408254695,within_noise,within_noise,1.000325992069186
two_stage_feedback_net_log14,Ascend910B3,20,external_v2_k_low_output_deep_odd,512,384,12289,fp16,0,0,20:144:80:12289:144:16:192:4:32:1:4:0:4:4:1:1:1:4:1:1:5:0:0,contract_global,0.0640520000458,0.99675691912389,0.999931291691156,within_noise,within_noise,0.9999107184993119
two_stage_feedback_net_log14,Ascend910B3,20,external_v2_k_low_output_deep_odd,512,384,12289,fp16,0,0,18:96:128:12289:32:32:448:8:4:2:1:0:2:2:2:1:1:1:1:6:3:0:0,contract_global,0.0640572023392,0.996837875559456,1.0000125059554,within_noise,within_noise,1.0006699182642633
two_stage_feedback_net_log14,Ascend910B3,20,external_v2_k_low_output_deep_odd,512,384,12289,fp16,0,0,18:96:128:12289:96:128:256:4:2:1:1:1:2:2:1:1:1:6:1:1:3:0:0,contract_global,0.0645807981491,1.00498590756815,1.00818648700383,within_noise,within_noise,1.0003948735742871
two_stage_feedback_net_log14,Ascend910B3,20,external_v2_k_low_output_deep_odd,512,384,12289,fp16,0,0,20:128:80:12289:128:64:112:8:16:1:1:0:8:8:2:2:2:4:1:1:5:0:0,contract_global,0.0641523981094,0.998319281958841,1.00149863018872,within_noise,within_noise,1.0010082636311641
two_stage_feedback_net_log14,Ascend910B3,20,external_v2_k_low_output_deep_odd,512,384,12289,fp16,0,0,16:144:96:12289:144:96:224:4:4:1:1:0:4:4:1:1:1:1:1:4:4:0:0,contract_global,0.0641739988327,0.998655425564515,1.00183584431329,within_noise,within_noise,0.9998866529836761
two_stage_feedback_net_log14,Ascend910B3,20,external_v2_k_low_output_deep_odd,512,384,12289,fp16,0,0,16:64:192:12289:32:32:512:8:8:1:1:0:8:8:1:1:1:2:1:4:2:0:0,contract_global,0.0641179990768,0.997783975122806,1.00096161855688,within_noise,within_noise,1.0006721638432354
two_stage_feedback_net_log14,Ascend910B3,20,external_v2_k_low_output_deep_odd,512,384,12289,fp16,0,0,18:208:64:12289:208:32:128:8:8:1:2:0:4:4:1:2:1:2:3:2:2:0:0,contract_global,0.0639688014984,0.995462209706783,0.998632459009395,within_noise,within_noise,0.9993697052151796
two_stage_feedback_net_log14,Ascend910B3,20,external_v2_k_low_output_deep_odd,512,384,12289,fp16,0,0,16:64:192:12289:64:64:80:2:3:1:3:1:1:1:1:1:1:2:1:5:2:0:0,contract_global,0.064240398407,0.999688714698711,1.00287242415555,within_noise,within_noise,0.9995715592846998
two_stage_feedback_net_log14,Ascend910B3,20,external_v2_k_low_output_deep_odd,512,384,12289,fp16,0,0,18:176:64:12289:176:64:80:8:8:1:1:1:8:8:2:1:1:3:1:1:6:0:0,contract_global,0.0642091989517,0.999203198658664,1.0023853619001,within_noise,within_noise,1.0005681725349347
two_stage_feedback_net_log14,Ascend910B3,20,external_v2_k_low_output_deep_odd,512,384,12289,fp16,0,0,20:352:32:12289:352:32:80:8:8:1:1:1:8:8:1:2:1:2:4:1:3:1:0,contract_global,0.0640284013748,0.996389684089716,0.999562887121223,within_noise,within_noise,0.9993407713594008
two_stage_feedback_net_log14,Ascend910B3,20,external_v2_k_low_output_deep_odd,512,384,12289,fp16,0,0,20:256:16:12289:160:16:192:4:2:1:1:1:2:2:1:1:1:1:2:2:14:1:0,contract_global,0.0640015983582,0.995972584038488,0.999144458737602,within_noise,within_noise,1.0000035286564453
two_stage_feedback_net_log14,Ascend910B3,20,external_v2_k_low_output_deep_odd,512,384,12289,fp16,0,0,3:512:128:12289:48:128:48:8:16:1:1:1:8:8:1:1:1:1:3:1:1:0:0,contract_global,0.0639856004715,0.995723629999676,0.998894711853669,within_noise,within_noise,1.0002070963138647
two_stage_feedback_net_log14,Ascend910B3,20,external_v2_k_low_output_deep_odd,512,384,12289,fp16,0,0,4:128:384:12289:128:16:32:4:8:1:1:0:4:4:2:2:2:2:1:3:1:0:0,contract_global,0.0641336011887,0.998026770243898,1.00120518690508,within_noise,within_noise,1.0025089396650317
two_stage_feedback_net_log14,Ascend910B3,20,external_v2_k_low_output_deep_odd,512,384,12289,fp16,0,0,20:16:192:12289:16:16:512:8:8:1:1:1:4:4:2:1:1:7:1:5:2:0:0,contract_global,0.0641415977478,0.998151210154804,1.00133002312688,within_noise,within_noise,1.0011863967238668
two_stage_feedback_net_log14,Ascend910B3,20,external_v2_k_low_output_deep_odd,512,384,12289,fp16,0,0,3:512:160:12289:16:160:32:8:4:1:1:0:4:4:2:2:1:1:1:1:3:0:0,contract_global,0.0640492010117,0.996713361442323,0.999887595296238,within_noise,within_noise,1.0000335263320268
two_stage_feedback_net_log14,Ascend910B3,20,external_v2_k_low_output_deep_odd,512,384,12289,fp16,0,0,2:256:384:12289:256:32:32:16:64:1:4:1:8:8:2:2:1:2:1:1:1:0:0,contract_global,0.0640244007111,0.996327427029714,0.999500431793132,within_noise,within_noise,1.000342001085626
two_stage_feedback_net_log14,Ascend910B3,20,external_v2_k_low_output_deep_odd,512,384,12289,fp16,0,0,2:256:640:12289:32:640:16:1:1:1:1:1:1:1:2:1:1:2:1:1:1:0:0,contract_global,0.0639832019806,0.995686305437593,0.998857268429369,within_noise,within_noise,0.9995985212395716
two_stage_feedback_net_log14,Ascend910B3,20,external_v2_k_low_output_deep_odd,512,384,12289,fp16,0,0,20:160:16:12289:160:16:16:4:4:1:1:1:2:2:1:2:1:4:1:1:24:1:0,contract_global,0.0639468002319,0.995119832966466,0.998288991906341,within_noise,within_noise,0.9985793041519541
two_stage_feedback_net_log14,Ascend910B3,20,external_v2_k_low_output_deep_odd,512,384,12289,fp16,0,0,20:80:16:128:48:16:64:2:2:1:1:0:2:2:1:2:1:1:5:7:5:2:2,contract_global,0.0640763998032,0.997136620416739,1.0003122022168,within_noise,within_noise,1.0006464165235165
two_stage_feedback_net_log14,Ascend910B3,20,external_v2_k_low_output_deep_odd,512,384,12289,fp16,0,0,3:512:128:16:64:32:16:4:8:4:4:0:1:1:2:2:2:1:3:1:1:1:2,contract_global,0.0639491987228,0.995157157525738,0.998326435333901,within_noise,within_noise,1.0736894038103126
two_stage_feedback_net_log14,Ascend910B3,20,external_v2_k_low_output_deep_odd,512,384,12289,fp16,0,0,3:512:128:64:64:32:16:16:16:4:4:1:4:4:2:2:2:1:3:1:1:0:2,contract_global,0.0640791988373,0.997180178090524,1.00035589861676,within_noise,within_noise,1.1657974819524923
two_stage_feedback_net_log14,Ascend910B3,20,external_v2_skinny_m,47,3584,12288,fp16,0,0,19:48:192:12288:16:48:320:2:8:1:4:0:2:2:2:2:2:1:1:1:19:0:0,contract_global,0.0547435998917,1.00123639632816,0.998970797469163,within_noise,within_noise,1.0013380463215737
two_stage_feedback_net_log14,Ascend910B3,20,external_v2_skinny_m,47,3584,12288,fp16,0,0,14:48:256:2560:16:16:160:48:32:3:2:0:16:16:2:2:2:1:2:1:12:0:2,contract_global,0.0546808004379,1.00008782190201,0.997824822033257,within_noise,within_noise,1.0012081277404197
two_stage_feedback_net_log14,Ascend910B3,20,external_v2_skinny_m,47,3584,12288,fp16,0,0,20:48:176:12288:16:16:160:8:64:1:4:0:8:8:1:2:1:1:1:1:21:0:0,contract_global,0.0546199989319,0.99897578906355,0.996715305504008,within_noise,within_noise,1.0026565948734385
two_stage_feedback_net_log14,Ascend910B3,20,external_v2_skinny_m,47,3584,12288,fp16,0,0,20:32:368:12288:32:48:48:1:2:1:2:1:1:1:2:2:2:1:1:2:10:0:0,contract_global,0.0547671985626,1.00166800565279,0.999401430150452,within_noise,within_noise,1.0027079446579588
two_stage_feedback_net_log14,Ascend910B3,20,external_v2_skinny_m,47,3584,12288,fp16,0,0,20:32:256:12288:32:32:256:16:16:1:1:0:8:8:2:1:1:2:1:1:14:0:0,contract_global,0.0547219991684,1.00084132858677,0.998576623687997,within_noise,within_noise,1.0016404048921903
two_stage_feedback_net_log14,Ascend910B3,20,external_v2_skinny_m,47,3584,12288,fp16,0,0,19:64:192:1920:16:16:320:24:24:4:4:1:6:6:1:1:1:1:2:1:14:1:2,contract_global,0.054648399353,0.999495220291238,0.997233561363523,within_noise,within_noise,1.0016219567741502
two_stage_feedback_net_log14,Ascend910B3,20,external_v2_skinny_m,47,3584,12288,fp16,0,0,20:16:192:12288:16:16:1024:2:8:1:2:0:2:2:2:2:2:1:2:3:13:2:0,contract_global,0.0547792005539,1.00188751680266,0.999620444587012,within_noise,within_noise,1.0018081260158778
two_stage_feedback_net_log14,Ascend910B3,20,external_v2_skinny_m,47,3584,12288,fp16,0,0,20:16:208:12288:16:16:1024:2:4:1:4:1:1:1:2:2:1:1:1:3:18:1:0,contract_global,0.0547728013992,1.00177047907322,0.999503671694114,within_noise,within_noise,1.0017919754099958
two_stage_feedback_net_log14,Ascend910B3,20,external_v2_skinny_m,47,3584,12288,fp16,0,0,20:64:80:12288:64:16:448:4:16:1:4:0:2:2:1:1:1:1:2:1:36:0:0,contract_global,0.0548144006729,1.00253131151748,1.00026278252051,within_noise,within_noise,1.0010549460589309
two_stage_feedback_net_log14,Ascend910B3,20,external_v2_skinny_m,47,3584,12288,fp16,0,0,20:16:256:12288:16:112:224:2:8:1:2:0:2:2:2:1:1:3:4:1:4:2:0,contract_global,0.0547923994064,1.00212891801654,0.999861299560481,within_noise,within_noise,1.0020136749958148
two_stage_feedback_net_log14,Ascend910B3,20,external_v2_skinny_m,47,3584,12288,fp16,0,0,20:48:80:12288:32:80:128:4:8:1:1:0:4:4:2:2:1:1:2:1:41:0:0,contract_global,0.054812002182,1.00248744417194,1.00021901443882,within_noise,within_noise,1.0029492294782614
two_stage_feedback_net_log14,Ascend910B3,20,external_v2_skinny_m,47,3584,12288,fp16,0,0,20:16:224:12288:16:16:896:8:4:1:1:1:4:4:2:1:1:2:6:2:3:2:0,contract_global,0.0548116016388,1.00248011841291,1.00021170525663,within_noise,within_noise,1.0025000633570749
two_stage_feedback_net_log14,Ascend910B3,20,external_v2_skinny_m,47,3584,12288,fp16,0,0,20:32:160:12288:32:48:48:16:32:1:2:0:8:8:1:1:1:1:23:2:1:2:0,contract_global,0.0548492002487,1.00316778047336,1.00089781127404,within_noise,within_noise,1.0036284298932465
two_stage_feedback_net_log14,Ascend910B3,20,external_v2_skinny_m,47,3584,12288,fp16,0,0,20:112:80:12288:112:64:96:8:8:1:1:0:4:4:1:2:1:1:8:1:6:1:0,contract_global,0.0550207996368,1.00630625790758,1.00402918695882,within_noise,within_noise,1.0037003987315105
two_stage_feedback_net_log14,Ascend910B3,20,external_v2_skinny_m,47,3584,12288,fp16,0,0,20:80:64:12288:80:64:16:2:1:1:1:1:1:1:1:2:1:1:3:1:19:2:0,contract_global,0.0546140003204,0.998866077090796,0.996605841794846,within_noise,within_noise,1.0027486627816704
two_stage_feedback_net_log14,Ascend910B3,20,external_v2_skinny_m,47,3584,12288,fp16,0,0,20:32:80:12288:32:80:16:2:2:1:1:0:2:2:2:1:1:2:45:1:1:0:0,contract_global,0.0547671985626,1.00166800565279,0.999401430150452,within_noise,within_noise,1.00347355493218
two_stage_feedback_net_log14,Ascend910B3,20,external_v2_skinny_m,47,3584,12288,fp16,0,0,20:192:48:12288:192:32:160:2:2:1:1:1:2:2:1:1:1:1:15:1:5:1:0,contract_global,0.0548320007324,1.00285320887456,1.00058395148933,within_noise,within_noise,1.0029133102177807
two_stage_feedback_net_log14,Ascend910B3,20,external_v2_skinny_m,47,3584,12288,fp16,0,0,2:64:1792:12288:64:16:16:8:32:1:2:1:8:8:1:2:1:1:2:1:1:0:0,contract_global,0.054790802002,1.00209970219163,0.999832149838406,within_noise,within_noise,1.0015326657758628
two_stage_feedback_net_log14,Ascend910B3,20,external_v2_skinny_m,47,3584,12288,fp16,0,0,3:256:1200:12288:256:48:16:4:32:1:4:0:4:4:2:2:2:1:1:1:3:0:0,contract_global,0.0547103977203,1.00062914319629,0.998364918430276,within_noise,within_noise,0.999076210748991
two_stage_feedback_net_log14,Ascend910B3,20,external_v2_skinny_m,47,3584,12288,fp16,0,0,2:368:1792:12288:368:48:32:16:16:1:1:1:8:8:1:2:1:1:2:1:1:0:0,contract_global,0.0547940015793,1.00215822105596,0.999890536293615,within_noise,within_noise,1.0000662925734336
two_stage_feedback_net_log14,Ascend910B3,20,external_v2_skinny_m,47,3584,12288,fp16,0,0,20:256:32:12288:256:32:16:8:8:1:1:1:4:4:2:2:2:1:5:1:26:2:0,contract_global,0.0547944021225,1.00216554681442,0.999897845466615,within_noise,within_noise,1.0021162212796741
two_stage_feedback_net_log14,Ascend910B3,20,external_v2_skinny_m,47,3584,12288,fp16,0,0,1:352:3584:12288:352:32:48:4:2:1:1:0:2:2:1:1:1:1:1:1:1:0:0,contract_global,0.0548188018799,1.00261180766012,1.00034309651685,within_noise,within_noise,1.0007889495908708
two_stage_feedback_net_log14,Ascend910B3,20,external_v2_skinny_m,47,3584,12288,fp16,0,0,1:48:3584:16:48:48:16:1:1:1:1:1:1:1:1:1:1:1:1:1:1:2:2,contract_global,0.0547756004333,1.00182167217731,0.999554748956801,within_noise,within_noise,0.9993883904271443
two_stage_feedback_net_log14,Ascend910B3,20,external_v2_skinny_m,47,3584,12288,fp16,0,0,20:432:48:12288:432:16:16:2:3:1:3:1:1:1:1:1:1:1:5:1:16:0:0,contract_global,0.0546511983871,0.999546413394172,0.997284638632735,within_noise,within_noise,1.0023090851699956
two_stage_feedback_net_log14,Ascend910B3,20,external_v2_skinny_n,3584,73,12288,fp16,0,0,20:288:32:12288:48:32:128:32:16:4:1:0:8:8:2:2:2:1:1:13:3:1:0,feedback_winner_mutation,0.119749603271,0.995222925895193,0.993037553930767,within_noise,within_noise,0.996227149186448
two_stage_feedback_net_log14,Ascend910B3,20,external_v2_skinny_n,3584,73,12288,fp16,0,0,14:256:96:64:48:32:64:2:6:2:3:0:1:1:2:2:1:3:1:6:1:1:2,feedback_winner_mutation,0.120003595352,0.997333820088567,0.995143812893356,within_noise,within_noise,0.9922812362383377
two_stage_feedback_net_log14,Ascend910B3,20,external_v2_skinny_n,3584,73,12288,fp16,0,0,15:240:80:160:16:16:160:4:6:2:3:0:1:1:2:2:2:1:1:15:1:1:2,feedback_winner_mutation,0.120349998474,1.00021273007446,0.998016401184568,within_noise,within_noise,0.9966432914517973
two_stage_feedback_net_log14,Ascend910B3,20,external_v2_skinny_n,3584,73,12288,fp16,0,0,2:1792:96:256:96:48:32:48:16:3:2:0:8:8:1:2:1:2:1:1:1:1:2,feedback_winner_mutation,0.1209815979,1.00546186837274,1.00325401310459,within_noise,within_noise,0.9907058837912428
two_stage_feedback_net_log14,Ascend910B3,20,external_v2_skinny_n,3584,73,12288,fp16,0,0,20:128:384:512:48:128:32:32:48:2:3:0:16:16:2:1:1:28:1:1:1:2:2,feedback_winner_mutation,0.121513996124,1.00988655875821,1.00766898748068,within_noise,within_noise,0.9878850766813281
two_stage_feedback_net_log14,Ascend910B3,20,external_v2_skinny_n,3584,73,12288,fp16,0,0,19:128:384:512:48:128:32:32:48:2:3:1:16:16:2:1:1:28:1:1:1:2:2,feedback_winner_mutation,0.120767602921,1.00368338474289,1.00147943477797,within_noise,within_noise,0.9876389229572065
two_stage_feedback_net_log14,Ascend910B3,20,external_v2_skinny_n,3584,73,12288,fp16,0,0,20:128:384:512:48:128:32:32:48:2:3:1:16:16:2:1:2:28:1:1:1:2:2,feedback_winner_mutation,0.120776395798,1.00375646116644,1.00155235073676,within_noise,within_noise,0.9883673832516305
two_stage_feedback_net_log14,Ascend910B3,20,external_v2_skinny_n,3584,73,12288,fp16,0,0,20:128:384:512:48:128:32:32:48:2:3:1:16:16:2:1:1:28:1:1:1:0:2,feedback_winner_mutation,0.120225200653,0.999175552085216,0.996981500703836,within_noise,within_noise,0.9886449243817172
two_stage_feedback_net_log14,Ascend910B3,20,external_v2_skinny_n,3584,73,12288,fp16,0,0,3:1792:96:256:96:48:32:48:16:3:2:0:8:8:1:2:1:1:1:2:1:1:2,feedback_winner_mutation,0.120355596542,1.00025925486867,0.998062823815228,within_noise,within_noise,0.9946740587612637
two_stage_feedback_net_log14,Ascend910B3,20,external_v2_skinny_n,3584,73,12288,fp16,0,0,20:1792:96:256:96:48:32:48:16:3:2:0:8:8:1:2:1:1:1:2:1:1:2,feedback_winner_mutation,0.120735197067,1.00341406402782,1.00121070545418,within_noise,within_noise,0.9946740587612637
two_stage_feedback_net_log14,Ascend910B3,20,external_v2_skinny_n,3584,73,12288,fp16,0,0,20:96:1536:12288:16:1536:16:16:8:4:1:0:4:4:1:1:1:38:1:1:1:0:0,feedback_winner_mutation,0.120584802628,1.00216415597299,0.999963542029232,within_noise,within_noise,0.9876200384756545
two_stage_feedback_net_log14,Ascend910B3,20,external_v2_skinny_n,3584,73,12288,fp16,0,0,2:3584:48:16:48:16:16:2:6:2:3:1:1:1:2:1:1:1:1:1:2:2:2,feedback_winner_mutation,0.120321598053,0.999976697972997,0.997780887383044,within_noise,within_noise,0.9893205391571662
two_stage_feedback_net_log14,Ascend910B3,20,external_v2_skinny_n,3584,73,12288,fp16,0,0,20:240:32:12288:16:32:16:1:2:1:1:0:1:1:2:2:2:4:1:4:3:2:0,contract_global,0.120207195282,0.999025911862861,0.996832189056263,within_noise,within_noise,0.9869637953332995
two_stage_feedback_net_log14,Ascend910B3,20,external_v2_skinny_n,3584,73,12288,fp16,0,0,5:720:80:1232:32:80:16:77:77:1:1:1:77:77:2:1:1:3:1:2:1:0:2,contract_global,0.120731601715,1.00338418353791,1.00118089057774,within_noise,within_noise,0.9858575922638437
two_stage_feedback_net_log14,Ascend910B3,20,external_v2_skinny_n,3584,73,12288,fp16,0,0,15:240:336:12288:96:336:64:8:8:1:1:0:4:4:2:1:1:8:1:2:1:0:0,contract_global,0.145674800873,1.21068377342583,1.20802527922271,regressed,regressed,0.9988013051010822
two_stage_feedback_net_log14,Ascend910B3,20,external_v2_skinny_n,3584,73,12288,fp16,0,0,4:896:96:12288:16:96:16:4:4:1:1:1:4:4:2:2:1:1:1:4:1:0:0,contract_global,0.121851196289,1.01268898420012,1.0104652591841,regressed,regressed,0.9963651335992131
two_stage_feedback_net_log14,Ascend910B3,20,external_v2_skinny_n,3584,73,12288,fp16,0,0,3:3584:32:12288:48:32:16:16:2:4:1:0:2:2:1:2:1:1:3:1:1:1:0,contract_global,0.123970403671,1.03030143312444,1.02803903360508,regressed,regressed,0.9965476126640452
two_stage_feedback_net_log14,Ascend910B3,20,external_v2_skinny_n,3584,73,12288,fp16,0,0,20:128:656:12288:48:656:16:16:16:1:1:1:8:8:1:2:1:10:1:3:1:0:0,contract_global,0.121024398804,1.00581758095836,1.00360894459348,within_noise,within_noise,0.9928245315799922
two_stage_feedback_net_log14,Ascend910B3,20,external_v2_skinny_n,3584,73,12288,fp16,0,0,4:896:176:12288:48:176:32:8:4:2:1:1:2:2:1:2:1:1:1:4:1:0:0,contract_global,0.122405996323,1.01729985303006,1.01506600318369,regressed,regressed,1.0045144864326134
two_stage_feedback_net_log14,Ascend910B3,20,external_v2_skinny_n,3584,73,12288,fp16,0,0,8:448:256:32:48:64:16:8:8:4:4:1:2:2:2:2:2:8:1:1:1:0:2,contract_global,0.120851202011,1.00437816559163,1.00217268998364,within_noise,within_noise,0.9906375281166158
two_stage_feedback_net_log14,Ascend910B3,20,external_v2_skinny_n,3584,73,12288,fp16,0,0,3:1200:272:12288:96:272:48:8:2:4:1:0:1:1:2:2:1:3:1:1:1:0:0,contract_global,0.123398799896,1.02555091065185,1.02329894262313,regressed,regressed,1.0043467706567333
two_stage_feedback_net_log14,Ascend910B3,20,external_v2_skinny_n,3584,73,12288,fp16,0,0,1:3584:192:12288:16:192:32:4:4:2:1:0:2:2:2:2:2:1:1:1:1:0:0,contract_global,0.119733600616,0.995089929977562,0.992904850043278,within_noise,within_noise,1.0027394053699128
two_stage_feedback_net_log14,Ascend910B3,20,external_v2_skinny_n,3584,73,12288,fp16,0,0,4:896:608:12288:16:608:16:4:2:2:1:1:2:2:2:1:1:1:1:4:1:0:0,contract_global,0.122020397186,1.01409519020966,1.01186837735908,regressed,regressed,1.0040905588809217
two_stage_feedback_net_log14,Ascend910B3,20,external_v2_skinny_n,3584,73,12288,fp16,0,0,1:3584:384:384:128:128:128:6:9:1:3:0:3:3:2:2:2:1:1:1:1:1:3,contract_global,0.120654001236,1.00273925634338,1.00053737955369,within_noise,within_noise,1.0383459070525456
two_stage_feedback_net_log14,Ascend910B3,20,external_v2_layout_tn,1792,2560,3584,fp16,1,0,15:368:864:3584:64:16:32:2:2:1:1:0:1:1:1:2:1:2:1:4:3:0:0,runtime_rejected,0,3,3,runtime_rejected,runtime_rejected,3
two_stage_feedback_net_log14,Ascend910B3,20,external_v2_layout_tn,1792,2560,3584,fp16,1,0,10:192:2560:3584:192:16:128:8:8:1:1:1:8:8:1:2:1:4:1:3:1:0:0,runtime_rejected,0,3,3,runtime_rejected,runtime_rejected,3
two_stage_feedback_net_log14,Ascend910B3,20,external_v2_layout_tn,1792,2560,3584,fp16,1,0,9:1792:384:384:128:128:128:6:9:1:3:0:3:3:2:2:2:1:1:1:7:2:3,feedback_regression_counterfactual,0.55083480835,4.34833431164982,4.31936515241021,regressed,regressed,2.475183915868673
two_stage_feedback_net_log14,Ascend910B3,20,external_v2_layout_tn,1792,2560,3584,fp16,1,0,9:1792:384:384:128:128:128:6:9:1:3:0:3:3:2:2:1:1:1:1:7:1:3,feedback_regression_counterfactual,0.875153579712,6.90853279592082,6.86250726696406,regressed,regressed,2.5000315887947964
two_stage_feedback_net_log14,Ascend910B3,20,external_v2_layout_tn,1792,2560,3584,fp16,1,0,10:1792:384:384:128:128:128:6:9:1:3:0:3:3:2:2:2:1:1:1:7:0:3,feedback_regression_counterfactual,0.30142999649,2.37951265321263,2.36366003562759,regressed,regressed,2.733143860490068
two_stage_feedback_net_log14,Ascend910B3,20,external_v2_layout_tn,1792,2560,3584,fp16,1,0,10:1792:384:384:128:128:128:6:9:1:3:0:3:3:2:2:1:1:1:1:7:2:3,feedback_regression_counterfactual,0.445246009827,3.5148078376838,3.49139173839631,regressed,regressed,2.7475041892985175
two_stage_feedback_net_log14,Ascend910B3,20,external_v2_layout_tn,1792,2560,3584,fp16,1,0,20:224:144:16:80:48:16:2:3:2:3:0:1:1:2:1:1:3:6:3:3:2:2,contract_global,13.5654833984,107.087017779598,106.373590372851,regressed,regressed,3.534510916959628
two_stage_feedback_net_log14,Ascend910B3,20,external_v2_layout_tn,1792,2560,3584,fp16,1,0,20:192:160:48:64:64:48:3:2:3:2:1:1:1:1:2:1:2:2:7:8:2:2,contract_global,3.20152252197,25.2730764664264,25.1047039991148,regressed,regressed,3.3107885330831768
two_stage_feedback_net_log14,Ascend910B3,20,external_v2_layout_tn,1792,2560,3584,fp16,1,0,10:1792:384:384:128:128:128:6:9:1:3:0:3:3:2:2:2:1:3:1:3:1:3,feedback_regression_counterfactual,0.300677604675,2.37357321166737,2.35776016340187,regressed,regressed,2.979767462393982
two_stage_feedback_net_log14,Ascend910B3,20,external_v2_layout_tn,1792,2560,3584,fp16,1,0,8:1792:384:384:128:128:128:6:9:1:3:0:3:3:2:2:2:1:1:1:7:1:3,contract_global,0.5535987854,4.37015336894035,4.34103884835069,regressed,regressed,2.6491267199987
two_stage_feedback_net_log14,Ascend910B3,20,external_v2_layout_tn,1792,2560,3584,fp16,1,0,20:1792:128:96:48:32:16:12:12:1:1:0:6:6:2:2:2:1:2:1:13:2:2,contract_global,6.51975891113,51.4675015943862,51.124618516929,regressed,regressed,9.382314947850999
two_stage_feedback_net_log14,Ascend910B3,20,external_v2_layout_tn,1792,2560,3584,fp16,1,0,20:176:240:64:48:80:64:2:3:2:3:0:1:1:1:1:1:6:4:2:3:1:2,contract_global,3.98489440918,31.4570771945598,31.2475061236467,regressed,regressed,4.169186278937208
two_stage_feedback_net_log14,Ascend910B3,20,external_v2_layout_tn,1792,2560,3584,fp16,1,0,20:192:864:16:96:48:16:2:3:2:3:0:1:1:1:2:1:1:3:10:1:1:2,contract_global,15.8401367187,125.043314167957,124.210259618567,regressed,regressed,3.8477572076943707
two_stage_feedback_net_log14,Ascend910B3,20,external_v2_layout_tn,1792,2560,3584,fp16,1,0,20:448:64:16:128:16:16:2:3:2:3:0:1:1:1:1:1:1:8:4:5:1:2,contract_global,17.6269958496,139.148923964675,138.221896038759,regressed,regressed,3.7421725402145674
two_stage_feedback_net_log14,Ascend910B3,20,external_v2_layout_tn,1792,2560,3584,fp16,1,0,20:224:144:48:80:48:16:12:18:2:3:0:3:3:2:1:1:4:5:2:4:1:2,contract_global,5.49866149902,43.4068764389275,43.1176942773027,regressed,regressed,4.373668372100346
two_stage_feedback_net_log14,Ascend910B3,20,external_v2_layout_tn,1792,2560,3584,fp16,1,0,20:224:144:96:80:48:16:24:18:2:3:1:6:6:2:1:1:4:5:2:4:0:2,contract_global,3.5848815918,28.2993438187568,28.1108099713088,regressed,regressed,4.994417682245652
two_stage_feedback_net_log14,Ascend910B3,20,external_v2_layout_tn,1792,2560,3584,fp16,1,0,20:224:144:128:80:48:16:16:24:2:3:1:8:8:2:1:1:3:6:3:3:2:2,contract_global,3.36392913818,26.5551273663008,26.3782137119099,regressed,regressed,5.422996827527313
two_stage_feedback_net_log14,Ascend910B3,20,external_v2_layout_tn,1792,2560,3584,fp16,1,0,20:896:240:16:80:48:16:4:8:4:4:0:1:1:2:2:1:2:2:1:10:0:2,contract_global,21.0535351562,166.198301039581,165.091066704782,regressed,regressed,3.2691352381691154
two_stage_feedback_net_log14,Ascend910B3,20,external_v2_layout_tn,1792,2560,3584,fp16,1,0,20:192:160:96:64:64:48:12:8:3:2:0:2:2:1:2:1:2:2:8:10:1:2,contract_global,1.92432556152,15.1907808640678,15.0895779393694,regressed,regressed,3.533150299074009
two_stage_feedback_net_log14,Ascend910B3,20,external_v2_layout_tn,1792,2560,3584,fp16,1,0,20:192:160:96:64:64:48:12:4:3:2:0:2:2:1:2:1:2:2:8:10:0:2,contract_global,2.03981719971,16.1024811514153,15.9952043627937,regressed,regressed,3.5929009859698358
two_stage_feedback_net_log14,Ascend910B3,20,external_v2_layout_tn,1792,2560,3584,fp16,1,0,20:176:240:128:48:80:64:8:6:2:3:1:2:2:1:1:1:6:4:2:3:2:2,contract_global,2.44557037354,19.3055293631054,19.1769134576903,regressed,regressed,4.738950141397303
two_stage_feedback_net_log14,Ascend910B3,20,external_v2_layout_tn,1792,2560,3584,fp16,1,0,20:368:368:16:48:64:16:8:4:4:4:0:1:1:2:2:2:3:3:2:3:1:2,contract_global,15.453972168,121.994900123902,121.182154498555,regressed,regressed,3.6149072031688547
two_stage_feedback_net_log14,Ascend910B3,20,external_v2_layout_tn,1792,2560,3584,fp16,1,0,20:224:144:128:80:48:16:16:48:2:3:1:8:8:2:1:1:4:5:2:4:0:2,contract_global,3.36352874756,26.5519666505135,26.3750740531893,regressed,regressed,5.362232528713585
two_stage_feedback_net_log14,Ascend910B3,20,external_v2_layout_tn,1792,2560,3584,fp16,1,0,20:224:144:128:80:48:16:32:24:2:3:1:8:8:2:1:1:4:5:2:4:0:2,contract_global,3.34658813477,26.4182360896394,26.2422344224409,regressed,regressed,5.352267605392897
two_stage_feedback_net_log14,Ascend910B3,20,external_v2_layout_nt,1664,2432,3328,fp16,0,1,16:1664:160:3328:16:160:16:8:8:1:1:0:4:4:2:2:1:1:2:1:15:2:0,runtime_rejected,0,3,3,runtime_rejected,runtime_rejected,3
two_stage_feedback_net_log14,Ascend910B3,20,external_v2_layout_nt,1664,2432,3328,fp16,0,1,19:1664:128:3328:16:16:448:4:8:1:2:0:4:4:2:2:1:1:19:1:1:1:0,runtime_rejected,0,3,3,runtime_rejected,runtime_rejected,3
two_stage_feedback_net_log14,Ascend910B3,20,external_v2_layout_nt,1664,2432,3328,fp16,0,1,8:1664:384:384:128:128:128:6:9:1:3:0:3:3:2:2:2:1:1:1:7:1:3,feedback_regression_counterfactual,0.486244812012,4.00676364090778,4.03558845953788,regressed,regressed,2.203394296393627
two_stage_feedback_net_log14,Ascend910B3,20,external_v2_layout_nt,1664,2432,3328,fp16,0,1,1:1664:384:384:128:128:128:6:9:1:3:0:3:3:2:2:2:1:1:1:7:1:3,contract_global,2.01655487061,16.6168533542224,16.736395664924,regressed,regressed,1.9456314806439874
two_stage_feedback_net_log14,Ascend910B3,20,external_v2_layout_nt,1664,2432,3328,fp16,0,1,9:1664:384:384:128:128:128:6:9:1:3:0:3:3:2:2:2:1:1:1:7:0:3,feedback_regression_counterfactual,0.272754802704,2.24755925278843,2.26372828435914,regressed,regressed,2.558342878201891
two_stage_feedback_net_log14,Ascend910B3,20,external_v2_layout_nt,1664,2432,3328,fp16,0,1,9:1664:384:384:128:128:128:6:9:1:3:0:3:3:2:2:1:1:1:1:7:2:3,feedback_regression_counterfactual,0.390153617859,3.21495117642233,3.23807966436791,regressed,regressed,2.5715419421104837
two_stage_feedback_net_log14,Ascend910B3,20,external_v2_layout_nt,1664,2432,3328,fp16,0,1,2:1664:384:384:128:128:128:6:9:1:3:0:3:3:2:2:2:1:1:1:7:1:3,contract_global,1.16579200745,9.6063812156336,9.67548990812347,regressed,regressed,2.18180993926379
two_stage_feedback_net_log14,Ascend910B3,20,external_v2_layout_nt,1664,2432,3328,fp16,0,1,4:1664:384:384:128:128:128:6:9:1:3:0:3:3:2:2:2:1:1:1:7:1:3,contract_global,0.711221618652,5.86062175234032,5.90278330070878,regressed,regressed,2.298909320915565
two_stage_feedback_net_log14,Ascend910B3,20,external_v2_layout_nt,1664,2432,3328,fp16,0,1,2:384:2432:384:128:128:128:9:6:3:1:1:3:3:2:2:2:1:1:5:1:0:3,contract_global,1.15697998047,9.53376818525745,9.60235449667731,regressed,regressed,2.845328879175906
two_stage_feedback_net_log14,Ascend910B3,20,external_v2_layout_nt,1664,2432,3328,fp16,0,1,20:320:272:128:80:48:16:64:64:4:4:1:8:8:2:2:1:6:9:1:1:0:2,contract_global,2.233256073,18.4025186759353,18.5349071347213,regressed,regressed,15.507292204108316
two_stage_feedback_net_log14,Ascend910B3,20,external_v2_layout_nt,1664,2432,3328,fp16,0,1,20:112:240:64:48:80:64:4:6:2:3:0:1:1:1:1:1:15:11:1:1:0:2,contract_global,3.59250030518,29.6029885505122,29.815953639674,regressed,regressed,16.25290803176116
two_stage_feedback_net_log14,Ascend910B3,20,external_v2_layout_nt,1664,2432,3328,fp16,0,1,20:320:272:128:80:48:16:64:32:4:4:1:8:8:2:2:1:6:2:1:8:2:2,contract_global,2.25354232788,18.5696818547629,18.703272892182,regressed,regressed,17.146726352692728
two_stage_feedback_net_log14,Ascend910B3,20,external_v2_layout_nt,1664,2432,3328,fp16,0,1,20:176:192:32:80:64:16:8:12:2:3:1:2:2:1:2:1:2:2:7:8:2:2,contract_global,4.03952026367,33.2865308159997,33.5259954562317,regressed,regressed,18.1414368528915
two_stage_feedback_net_log14,Ascend910B3,20,external_v2_layout_nt,1664,2432,3328,fp16,0,1,20:176:192:96:80:64:16:24:36:2:3:1:6:6:1:2:1:2:2:7:8:2:2,contract_global,2.30650634766,19.0061169662405,19.142847735365,regressed,regressed,21.358622331392354
two_stage_feedback_net_log14,Ascend910B3,20,external_v2_layout_nt,1664,2432,3328,fp16,0,1,20:256:112:96:64:16:16:48:48:4:4:1:6:6:1:2:1:1:1:7:22:0:2,contract_global,6.99700134277,57.6568220019943,58.0716074963624,regressed,regressed,24.239395688551866
two_stage_feedback_net_log14,Ascend910B3,20,external_v2_layout_nt,1664,2432,3328,fp16,0,1,20:256:112:96:64:16:16:24:48:4:4:1:6:6:1:2:1:7:22:1:1:2:2,contract_global,7.33797790527,60.4665434824264,60.9015422258488,regressed,regressed,19.152705113872262
two_stage_feedback_net_log14,Ascend910B3,20,external_v2_layout_nt,1664,2432,3328,fp16,0,1,20:192:608:64:48:32:32:8:8:4:4:1:2:2:1:2:1:5:2:2:3:1:2,contract_global,3.59346954346,29.6109752860113,29.8239978320525,regressed,regressed,28.839309982284927
two_stage_feedback_net_log14,Ascend910B3,20,external_v2_layout_nt,1664,2432,3328,fp16,0,1,20:256:112:96:64:16:16:48:24:4:4:1:6:6:1:2:1:7:22:1:1:2:2,contract_global,7.13415283203,58.7869802822032,59.2098961803904,regressed,regressed,19.28795215456363
two_stage_feedback_net_log14,Ascend910B3,20,external_v2_layout_nt,1664,2432,3328,fp16,0,1,20:176:192:128:80:64:16:16:24:2:3:1:8:8:1:2:1:2:2:7:8:0:2,contract_global,1.94284393311,16.0094591013319,16.124631793383,regressed,regressed,16.273077786582867
two_stage_feedback_net_log14,Ascend910B3,20,external_v2_layout_nt,1664,2432,3328,fp16,0,1,20:176:192:96:80:64:16:12:36:2:3:1:6:6:1:2:1:2:2:7:8:1:2,contract_global,2.45565475464,20.2351324732983,20.3807048293707,regressed,regressed,21.213766301092683
two_stage_feedback_net_log14,Ascend910B3,20,external_v2_layout_nt,1664,2432,3328,fp16,0,1,20:192:608:96:48:32:32:24:12:4:4:0:3:3:1:2:1:5:2:2:3:2:2,contract_global,3.003409729,24.7487533103261,24.9267968360477,regressed,regressed,30.464018328501474
two_stage_feedback_net_log14,Ascend910B3,20,external_v2_layout_nt,1664,2432,3328,fp16,0,1,20:240:112:32:192:16:16:2:4:1:1:0:2:2:1:1:1:1:5:7:5:2:2,contract_global,11.1151525879,91.5912893100815,92.2502007254429,regressed,regressed,22.687898750354037
two_stage_feedback_net_log14,Ascend910B3,20,external_v2_layout_nt,1664,2432,3328,fp16,0,1,4:384:2432:384:128:128:128:9:6:3:1:1:3:3:2:2:2:1:1:5:1:0:3,contract_global,0.71104598999,5.8591745337562,5.90132567075064,regressed,regressed,3.138189522711804
two_stage_feedback_net_log14,Ascend910B3,20,external_v2_layout_nt,1664,2432,3328,fp16,0,1,20:112:240:128:48:80:64:4:6:2:3:1:2:2:1:1:1:15:2:1:10:1:2,contract_global,2.21827606201,18.2790801077824,18.4105805445496,regressed,regressed,14.62315067670131
two_stage_feedback_net_log14,Ascend910B3,20,external_v2_layout_tt,1280,1920,2560,fp16,1,1,20:640:192:1280:16:32:160:32:32:4:4:1:8:8:2:1:1:1:10:2:1:0:2,contract_global,0.0635875988007,1.0002139144296,1.00125336062239,within_noise,within_noise,1.0001595680282227
two_stage_feedback_net_log14,Ascend910B3,20,external_v2_layout_tt,1280,1920,2560,fp16,1,1,20:256:480:2560:48:80:256:4:8:1:2:1:2:2:2:1:1:5:1:1:4:0:0,contract_global,0.0635444021225,0.99953444359372,1.00057318366931,within_noise,within_noise,1.0038262656704553
two_stage_feedback_net_log14,Ascend910B3,20,external_v2_layout_tt,1280,1920,2560,fp16,1,1,14:192:960:2560:48:48:48:16:64:2:4:1:8:8:1:1:1:4:1:2:2:0:0,contract_global,0.0636535978317,1.00125205945153,1.0022925845096,within_noise,within_noise,1.0000246144180958
two_stage_feedback_net_log14,Ascend910B3,20,external_v2_layout_tt,1280,1920,2560,fp16,1,1,18:432:320:2560:80:48:48:16:8:4:2:1:4:4:1:2:1:1:2:3:3:0:0,contract_global,0.0638348007202,1.00410232670203,1.00514581382644,within_noise,within_noise,1.0030361830036767
two_stage_feedback_net_log14,Ascend910B3,20,external_v2_layout_tt,1280,1920,2560,fp16,1,1,20:256:480:2560:16:16:256:8:16:2:2:1:4:4:1:1:1:2:1:4:4:0:0,contract_global,0.0641048002243,1.00834933816275,1.00939723888305,within_noise,within_noise,1.0042263571344172
two_stage_feedback_net_log14,Ascend910B3,20,external_v2_layout_tt,1280,1920,2560,fp16,1,1,18:432:320:2560:16:16:80:16:8:4:2:0:4:4:2:2:2:1:6:3:1:0:0,contract_global,0.0635472011566,0.999578471571148,1.00061725739366,within_noise,within_noise,1.0033967373075865
two_stage_feedback_net_log14,Ascend910B3,20,external_v2_layout_tt,1280,1920,2560,fp16,1,1,20:320:384:2560:48:48:16:8:32:1:4:0:8:8:1:2:1:1:5:4:1:0:0,contract_global,0.0637788009644,1.00322146728894,1.00426403900292,within_noise,within_noise,1.002986239380748
two_stage_feedback_net_log14,Ascend910B3,20,external_v2_layout_tt,1280,1920,2560,fp16,1,1,10:1280:192:2560:16:192:80:32:8:2:1:1:8:8:2:1:1:1:2:1:8:0:0,contract_global,0.0637644004822,1.00299495200982,1.00403728832405,within_noise,within_noise,0.9999186174232579
two_stage_feedback_net_log14,Ascend910B3,20,external_v2_layout_tt,1280,1920,2560,fp16,1,1,16:320:480:2560:16:16:128:8:8:1:2:0:4:4:2:2:2:4:1:1:4:0:0,contract_global,0.063824801445,1.00394504109344,1.00498836476275,within_noise,within_noise,1.0035146744402994
two_stage_feedback_net_log14,Ascend910B3,20,external_v2_layout_tt,1280,1920,2560,fp16,1,1,14:192:960:2560:16:128:32:8:32:2:4:1:4:4:2:2:2:4:1:2:2:0:0,contract_global,0.0638327980042,1.00407082457812,1.00511427896467,within_noise,within_noise,1.0010116303699819
two_stage_feedback_net_log14,Ascend910B3,20,external_v2_layout_tt,1280,1920,2560,fp16,1,1,20:256:480:2560:48:48:16:8:32:1:4:1:4:4:2:1:1:1:2:5:2:0:0,contract_global,0.063736000061,1.00254822187708,1.00359009393911,within_noise,within_noise,1.0030758956855503
two_stage_feedback_net_log14,Ascend910B3,20,external_v2_layout_tt,1280,1920,2560,fp16,1,1,14:192:960:2560:80:160:96:4:8:1:2:1:2:2:2:1:1:4:1:2:2:0:0,contract_global,0.0636091995239,1.00055368734603,1.00159348663993,within_noise,within_noise,1.001970282581813
two_stage_feedback_net_log14,Ascend910B3,20,external_v2_layout_tt,1280,1920,2560,fp16,1,1,4:1280:576:2560:32:576:16:4:4:1:1:0:4:4:1:2:1:1:1:1:4:0:0,contract_global,0.063736000061,1.00254822187708,1.00359009393911,within_noise,within_noise,1.0017465092061693
two_stage_feedback_net_log14,Ascend910B3,20,external_v2_layout_tt,1280,1920,2560,fp16,1,1,20:640:64:2560:576:48:16:16:16:1:1:1:8:8:1:1:1:1:1:2:30:1:0,contract_global,0.0637332010269,1.00250419390759,1.00354602021434,within_noise,within_noise,1.0043101570225266
two_stage_feedback_net_log14,Ascend910B3,20,external_v2_layout_tt,1280,1920,2560,fp16,1,1,20:432:64:2560:16:16:16:4:4:2:2:1:1:1:2:2:2:3:1:1:30:2:0,contract_global,0.0635164022446,0.99909401389514,1.00013229625798,within_noise,within_noise,1.0017154934974108
two_stage_feedback_net_log14,Ascend910B3,20,external_v2_layout_tt,1280,1920,2560,fp16,1,1,20:256:64:2560:80:48:160:16:4:2:1:0:4:4:1:2:1:1:2:5:23:1:0,contract_global,0.0637648010254,1.00300125243424,1.00404359529673,within_noise,within_noise,1.0009715679993811
two_stage_feedback_net_log14,Ascend910B3,20,external_v2_layout_tt,1280,1920,2560,fp16,1,1,20:80:192:2560:16:32:448:12:6:2:1:1:6:6:2:2:2:16:5:1:2:2:0,contract_global,0.0638115978241,1.00373735208439,1.00478045991892,within_noise,within_noise,1.0035258475111049
two_stage_feedback_net_log14,Ascend910B3,20,external_v2_layout_tt,1280,1920,2560,fp16,1,1,20:32:960:2560:16:16:1024:6:6:1:2:1:3:3:1:2:1:1:1:40:2:1:0,contract_global,0.0635116004944,0.999018483800546,1.00005668767031,within_noise,within_noise,1.0060760087675125
two_stage_feedback_net_log14,Ascend910B3,20,external_v2_layout_tt,1280,1920,2560,fp16,1,1,20:96:160:2560:16:160:32:2:2:1:1:0:1:1:2:1:1:1:2:14:7:1:0,contract_global,0.0635591983795,0.999767184295774,1.00080616623749,within_noise,within_noise,1.0024814341467903
two_stage_feedback_net_log14,Ascend910B3,20,external_v2_layout_tt,1280,1920,2560,fp16,1,1,20:96:176:2560:48:128:256:4:2:2:1:0:1:1:2:1:1:2:1:9:11:2:0,contract_global,0.0635743999481,1.0000063004247,1.00104553086107,within_noise,within_noise,1.0055342457759813
two_stage_feedback_net_log14,Ascend910B3,20,external_v2_layout_tt,1280,1920,2560,fp16,1,1,20:640:32:1024:48:32:64:32:32:1:1:0:16:16:2:2:1:1:4:2:19:2:2,contract_global,0.0636007976532,1.00042152843235,1.00146119038313,within_noise,within_noise,0.9991334436868267
two_stage_feedback_net_log14,Ascend910B3,20,external_v2_layout_tt,1280,1920,2560,fp16,1,1,20:320:48:2560:32:16:1024:1:1:1:1:1:1:1:1:2:1:4:20:1:2:2:0,contract_global,0.063576798439,1.00004402796938,1.00108329761281,within_noise,within_noise,1.0052442342011785
two_stage_feedback_net_log14,Ascend910B3,20,external_v2_layout_tt,1280,1920,2560,fp16,1,1,14:192:960:16:192:16:16:1:1:1:1:1:1:1:1:1:1:1:1:7:2:2:2,contract_global,0.0638768005371,1.00476297126219,1.00580714494412,within_noise,within_noise,1.004683045938889
two_stage_feedback_net_log14,Ascend910B3,20,external_v2_layout_tt,1280,1920,2560,fp16,1,1,2:1280:384:384:128:128:128:6:9:1:3:0:3:3:2:2:2:1:1:1:5:1:3,contract_global,0.0640583992004,1.0076194639323,1.00866660614988,within_noise,within_noise,1.0324897444512138
two_stage_feedback_net_log14,Ascend910B3,20,external_v2_bf16_aligned,2560,3584,5120,bf16,0,0,14:368:1792:5120:16:272:16:8:32:1:4:0:4:4:2:2:2:1:1:7:2:0:0,runtime_rejected,0,3,3,runtime_rejected,runtime_rejected,3
two_stage_feedback_net_log14,Ascend910B3,20,external_v2_bf16_aligned,2560,3584,5120,bf16,0,0,11:2560:336:5120:32:336:32:4:4:1:1:1:4:4:2:2:2:1:11:1:1:0:0,runtime_rejected,0,3,3,runtime_rejected,runtime_rejected,3
two_stage_feedback_net_log14,Ascend910B3,20,external_v2_bf16_aligned,2560,3584,5120,bf16,0,0,11:240:3584:5120:48:192:48:4:4:2:2:0:1:1:2:2:2:6:1:2:1:0:0,runtime_rejected,0,3,3,runtime_rejected,runtime_rejected,3
two_stage_feedback_net_log14,Ascend910B3,20,external_v2_bf16_aligned,2560,3584,5120,bf16,0,0,11:240:3584:5120:16:48:32:32:64:4:4:0:8:8:2:2:2:11:1:1:1:0:0,runtime_rejected,0,3,3,runtime_rejected,runtime_rejected,3
two_stage_feedback_net_log14,Ascend910B3,20,external_v2_bf16_aligned,2560,3584,5120,bf16,0,0,10:2560:384:5120:32:384:16:4:1:4:1:0:1:1:2:2:2:1:5:1:2:0:0,runtime_rejected,0,3,3,runtime_rejected,runtime_rejected,3
two_stage_feedback_net_log14,Ascend910B3,20,external_v2_bf16_aligned,2560,3584,5120,bf16,0,0,12:224:3584:5120:16:384:16:1:4:1:2:0:1:1:2:2:1:6:1:2:1:0:0,runtime_rejected,0,3,3,runtime_rejected,runtime_rejected,3
two_stage_feedback_net_log14,Ascend910B3,20,external_v2_bf16_aligned,2560,3584,5120,bf16,0,0,10:256:3584:5120:48:16:112:1:2:1:1:1:1:1:2:2:2:1:1:10:1:0:0,runtime_rejected,0,3,3,runtime_rejected,runtime_rejected,3
two_stage_feedback_net_log14,Ascend910B3,20,external_v2_bf16_aligned,2560,3584,5120,bf16,0,0,12:224:3584:5120:32:384:16:8:16:4:4:0:2:2:2:2:1:1:1:12:1:0:0,runtime_rejected,0,3,3,runtime_rejected,runtime_rejected,3
two_stage_feedback_net_log14,Ascend910B3,20,external_v2_bf16_aligned,2560,3584,5120,bf16,0,0,20:1280:368:5120:32:96:16:4:1:4:1:0:1:1:2:2:1:1:5:2:2:0:0,runtime_rejected,0,3,3,runtime_rejected,runtime_rejected,3
two_stage_feedback_net_log14,Ascend910B3,20,external_v2_bf16_aligned,2560,3584,5120,bf16,0,0,10:256:3584:5120:16:48:96:2:2:1:1:0:1:1:2:2:1:1:1:10:1:0:0,runtime_rejected,0,3,3,runtime_rejected,runtime_rejected,3
two_stage_feedback_net_log14,Ascend910B3,20,external_v2_bf16_aligned,2560,3584,5120,bf16,0,0,11:240:3584:5120:16:48:96:2:2:1:1:1:2:2:2:2:2:6:1:2:1:0:0,runtime_rejected,0,3,3,runtime_rejected,runtime_rejected,3
two_stage_feedback_net_log14,Ascend910B3,20,external_v2_bf16_aligned,2560,3584,5120,bf16,0,0,14:192:3584:5120:16:48:112:4:1:2:1:1:1:1:2:2:2:1:1:14:1:0:0,runtime_rejected,0,3,3,runtime_rejected,runtime_rejected,3
two_stage_feedback_net_log14,Ascend910B3,20,external_v2_bf16_aligned,2560,3584,5120,bf16,0,0,8:640:1792:5120:640:16:16:4:8:1:2:0:4:4:1:1:1:4:1:1:2:0:0,runtime_rejected,0,3,3,runtime_rejected,runtime_rejected,3
two_stage_feedback_net_log14,Ascend910B3,20,external_v2_bf16_aligned,2560,3584,5120,bf16,0,0,11:240:3584:5120:16:64:320:1:2:1:2:0:1:1:2:1:1:6:1:2:1:0:0,runtime_rejected,0,3,3,runtime_rejected,runtime_rejected,3
two_stage_feedback_net_log14,Ascend910B3,20,external_v2_bf16_aligned,2560,3584,5120,bf16,0,0,18:432:1200:5120:32:32:16:64:32:4:4:0:8:8:2:2:2:3:1:2:3:1:0,runtime_rejected,0,3,3,runtime_rejected,runtime_rejected,3
two_stage_feedback_net_log14,Ascend910B3,20,external_v2_bf16_aligned,2560,3584,5120,bf16,0,0,11:2560:352:5120:48:352:16:16:8:2:1:1:4:4:2:1:1:1:3:1:4:2:0,runtime_rejected,0,3,3,runtime_rejected,runtime_rejected,3
two_stage_feedback_net_log14,Ascend910B3,20,external_v2_bf16_aligned,2560,3584,5120,bf16,0,0,13:208:3584:5120:208:32:48:8:32:1:4:1:4:4:2:2:2:1:1:13:1:0:0,runtime_rejected,0,3,3,runtime_rejected,runtime_rejected,3
two_stage_feedback_net_log14,Ascend910B3,20,external_v2_bf16_aligned,2560,3584,5120,bf16,0,0,13:208:3584:5120:80:272:16:2:2:1:2:0:1:1:1:2:1:13:1:1:1:0:0,runtime_rejected,0,3,3,runtime_rejected,runtime_rejected,3
two_stage_feedback_net_log14,Ascend910B3,20,external_v2_bf16_aligned,2560,3584,5120,bf16,0,0,14:368:1792:5120:32:16:64:8:1:4:1:1:1:1:1:2:1:1:1:7:2:0:0,runtime_rejected,0,3,3,runtime_rejected,runtime_rejected,3
two_stage_feedback_net_log14,Ascend910B3,20,external_v2_bf16_aligned,2560,3584,5120,bf16,0,0,20:1280:336:5120:16:64:48:16:8:1:1:1:8:8:2:1:1:2:3:1:4:1:0,runtime_rejected,0,3,3,runtime_rejected,runtime_rejected,3
two_stage_feedback_net_log14,Ascend910B3,20,external_v2_bf16_aligned,2560,3584,5120,bf16,0,0,16:160:3584:5120:160:16:16:4:4:1:2:0:2:2:2:1:1:8:1:2:1:0:0,runtime_rejected,0,3,3,runtime_rejected,runtime_rejected,3
two_stage_feedback_net_log14,Ascend910B3,20,external_v2_bf16_aligned,2560,3584,5120,bf16,0,0,20:640:608:5120:16:80:128:2:1:2:1:0:1:1:1:1:1:1:2:4:3:0:0,runtime_rejected,0,3,3,runtime_rejected,runtime_rejected,3
two_stage_feedback_net_log14,Ascend910B3,20,external_v2_bf16_aligned,2560,3584,5120,bf16,0,0,20:2560:112:5120:16:112:16:8:8:1:1:0:4:4:2:1:1:1:6:1:6:2:0,runtime_rejected,0,3,3,runtime_rejected,runtime_rejected,3
two_stage_feedback_net_log14,Ascend910B3,20,external_v2_bf16_aligned,2560,3584,5120,bf16,0,0,11:240:3584:5120:208:80:48:8:32:1:2:0:8:8:2:1:1:6:1:2:1:0:0,runtime_rejected,0,3,3,runtime_rejected,runtime_rejected,3
two_stage_feedback_net_log14,Ascend910B3,20,external_v2_bf16_odd,1023,1537,3073,bf16,0,0,14:512:224:3073:128:224:112:8:2:4:1:1:1:1:1:1:1:2:1:1:7:0:0,contract_global,0.154917201996,0.999063622674284,0.999045558159515,within_noise,within_noise,0.9983879763160005
two_stage_feedback_net_log14,Ascend910B3,20,external_v2_bf16_odd,1023,1537,3073,bf16,0,0,20:256:320:3073:48:48:16:16:64:2:4:1:8:8:2:1:1:1:3:4:2:0:0,contract_global,0.15513759613,1.00048494812069,1.0004668579136,within_noise,within_noise,0.9981874722092257
two_stage_feedback_net_log14,Ascend910B3,20,external_v2_bf16_odd,1023,1537,3073,bf16,0,0,12:256:528:3073:256:80:96:4:16:1:4:0:4:4:1:1:1:1:3:4:1:0:0,contract_global,0.155094804764,1.00020898588698,1.00019090066911,within_noise,within_noise,0.9978230835079196
two_stage_feedback_net_log14,Ascend910B3,20,external_v2_bf16_odd,1023,1537,3073,bf16,0,0,14:160:784:3073:16:320:64:4:8:1:1:1:4:4:2:1:1:7:2:1:1:0:0,contract_global,0.155136804581,1.00047984340827,1.0004617532927,within_noise,within_noise,0.9976693413658483
two_stage_feedback_net_log14,Ascend910B3,20,external_v2_bf16_odd,1023,1537,3073,bf16,0,0,14:512:224:3073:128:224:96:2:1:2:1:1:1:1:2:1:1:2:1:1:7:0:0,contract_global,0.155242395401,1.00116080037018,1.0011426979422,within_noise,within_noise,0.9988628277022062
two_stage_feedback_net_log14,Ascend910B3,20,external_v2_bf16_odd,1023,1537,3073,bf16,0,0,12:288:528:3073:288:48:80:8:8:1:1:0:8:8:1:1:1:4:3:1:1:0:0,contract_global,0.155053195953,0.999940649972635,0.99992256960593,within_noise,within_noise,0.9974818103374598
two_stage_feedback_net_log14,Ascend910B3,20,external_v2_bf16_odd,1023,1537,3073,bf16,0,0,16:128:784:3073:32:32:48:32:8:4:1:0:8:8:2:1:1:8:1:1:2:0:0,contract_global,0.155181999207,1.00077130430583,1.00075320892069,within_noise,within_noise,0.9983457707312706
two_stage_feedback_net_log14,Ascend910B3,20,external_v2_bf16_odd,1023,1537,3073,bf16,0,0,14:160:784:3073:64:96:256:1:4:1:2:1:1:1:1:1:1:7:2:1:1:0:0,contract_global,0.154873199463,0.998779849595748,0.998761790224181,within_noise,within_noise,0.9979635835513071
two_stage_feedback_net_log14,Ascend910B3,20,external_v2_bf16_odd,1023,1537,3073,bf16,0,0,14:160:784:3073:64:32:224:4:2:2:1:1:2:2:2:2:1:7:2:1:1:0:0,contract_global,0.155180397034,1.00076097186585,1.00074287666708,within_noise,within_noise,0.9982040834524898
two_stage_feedback_net_log14,Ascend910B3,20,external_v2_bf16_odd,1023,1537,3073,bf16,0,0,14:160:784:3073:112:112:80:4:16:1:4:1:2:2:1:2:1:4:1:2:2:0:0,contract_global,0.155228004456,1.00106799292503,1.00104989217553,within_noise,within_noise,0.9981234360493074
two_stage_feedback_net_log14,Ascend910B3,20,external_v2_bf16_odd,1023,1537,3073,bf16,0,0,12:256:528:3073:256:48:112:4:4:1:1:0:2:2:1:1:1:2:1:2:3:0:0,contract_global,0.155067195892,1.00003093581099,1.00001285381222,within_noise,within_noise,0.9986112000484032
two_stage_feedback_net_log14,Ascend910B3,20,external_v2_bf16_odd,1023,1537,3073,bf16,0,0,14:160:784:3073:16:48:448:4:2:2:1:0:2:2:1:1:1:7:1:1:2:0:0,contract_global,0.155220804214,1.00102155844466,1.00100345853363,within_noise,within_noise,0.9985312970088307
two_stage_feedback_net_log14,Ascend910B3,20,external_v2_bf16_odd,1023,1537,3073,bf16,0,0,20:864:64:3073:864:32:16:8:16:1:1:0:8:8:1:2:1:2:2:1:22:0:0,contract_global,0.154856796265,0.998674065097591,0.998656007636415,within_noise,within_noise,0.9985539206882995
two_stage_feedback_net_log14,Ascend910B3,20,external_v2_bf16_odd,1023,1537,3073,bf16,0,0,20:1024:16:3073:16:16:768:1:1:1:1:1:1:1:2:1:1:1:5:1:20:2:0,contract_global,0.155025196075,0.999760078286242,0.999742001190563,within_noise,within_noise,0.9986709899184435
two_stage_feedback_net_log14,Ascend910B3,20,external_v2_bf16_odd,1023,1537,3073,bf16,0,0,20:1024:16:3073:16:16:1024:8:4:2:1:1:4:4:2:2:1:1:4:1:29:0:0,contract_global,0.155239200592,1.00114019699356,1.00112209493781,within_noise,within_noise,0.998147155971193
two_stage_feedback_net_log14,Ascend910B3,20,external_v2_bf16_odd,1023,1537,3073,bf16,0,0,20:32:320:3073:32:16:16:2:4:1:2:0:1:1:1:2:1:32:1:1:5:2:0,contract_global,0.155131597519,1.00044626297881,1.00042817347006,within_noise,within_noise,0.9983722275252468
two_stage_feedback_net_log14,Ascend910B3,20,external_v2_bf16_odd,1023,1537,3073,bf16,0,0,20:352:32:3073:192:32:80:4:8:1:1:0:4:4:2:2:2:1:5:3:10:1:0,contract_global,0.155069198608,1.00004385135986,1.00002576912803,within_noise,within_noise,0.9982697065607521
two_stage_feedback_net_log14,Ascend910B3,20,external_v2_bf16_odd,1023,1537,3073,bf16,0,0,20:32:400:3073:32:32:1024:4:4:1:1:0:2:2:1:1:1:32:1:1:4:2:0,contract_global,0.155015201569,0.999695623553229,0.999677547619076,within_noise,within_noise,0.9979432247145964
two_stage_feedback_net_log14,Ascend910B3,20,external_v2_bf16_odd,1023,1537,3073,bf16,0,0,1:1024:384:384:128:128:128:6:9:1:3:0:3:3:2:2:2:1:1:1:5:1:3,contract_global,0.155014801025,0.999693040443101,0.999674964552393,within_noise,within_noise,1.0707881322347947
two_stage_feedback_net_log14,Ascend910B3,20,external_v2_bf16_odd,1023,1537,3073,bf16,0,0,20:64:176:3073:64:176:16:4:4:1:1:1:2:2:1:2:1:1:1:16:9:1:0,contract_global,0.155034399033,0.99981942832202,0.999801350149604,within_noise,within_noise,0.9991028597048603
two_stage_feedback_net_log14,Ascend910B3,20,external_v2_bf16_odd,1023,1537,3073,bf16,0,0,20:352:32:3073:32:32:224:2:2:1:1:1:2:2:2:2:2:3:49:1:1:2:0,contract_global,0.155048398972,0.999909714162268,0.999891634354386,within_noise,within_noise,0.9979592533814003
two_stage_feedback_net_log14,Ascend910B3,20,external_v2_bf16_odd,1023,1537,3073,bf16,0,0,5:1024:384:32:64:96:32:8:4:4:4:0:1:1:2:2:1:1:5:1:1:1:2,contract_global,0.155143604279,1.00052369477467,1.00050560386608,within_noise,within_noise,1.1804338379161563
two_stage_feedback_net_log14,Ascend910B3,20,external_v2_bf16_odd,1023,1537,3073,bf16,0,0,20:208:48:16:80:48:16:1:1:1:1:1:1:1:1:1:1:1:2:5:17:2:2,contract_global,0.155097198486,1.0002244230404,1.0002063375434,within_noise,within_noise,1.1286113920468073
two_stage_feedback_net_log14,Ascend910B3,20,external_v2_bf16_odd,1023,1537,3073,bf16,0,0,18:176:528:16:32:32:16:1:1:1:1:1:1:1:2:2:2:2:1:3:3:0:2,contract_global,0.155284004211,1.00142913628076,1.00141102900044,within_noise,within_noise,1.3081452175180681
two_stage_feedback_net_log14,Ascend910B3,20,external_v2_fp32_nn,768,1280,1536,fp32,0,0,18:384:144:1536:96:48:16:16:4:4:1:1:2:2:2:2:1:1:9:2:1:1:0,feedback_regression_counterfactual,0.0512960004807,0.988819476020685,0.980743065587412,improved,improved,1.0042954200583087
two_stage_feedback_net_log14,Ascend910B3,20,external_v2_fp32_nn,768,1280,1536,fp32,0,0,3:336:1280:1536:336:16:16:16:8:1:1:0:8:8:1:1:1:2:1:2:1:1:0,feedback_regression_counterfactual,0.0522283983231,1.0067930633794,0.998569849539659,within_noise,within_noise,1.0104857669246783
two_stage_feedback_net_log14,Ascend910B3,20,external_v2_fp32_nn,768,1280,1536,fp32,0,0,3:336:1280:1536:336:16:16:16:8:1:1:0:8:8:1:1:2:2:1:2:1:0:0,feedback_regression_counterfactual,0.0522283983231,1.0067930633794,0.998569849539659,within_noise,within_noise,1.0112998238683801
two_stage_feedback_net_log14,Ascend910B3,20,external_v2_fp32_nn,768,1280,1536,fp32,0,0,3:336:1280:1536:336:16:16:16:8:1:1:0:8:8:1:1:1:1:1:3:1:0:0,feedback_regression_counterfactual,0.0515808010101,0.994309500725086,0.986188249260386,within_noise,improved,1.0113147145743466
two_stage_feedback_net_log14,Ascend910B3,20,external_v2_fp32_nn,768,1280,1536,fp32,0,0,20:32:192:512:32:96:32:32:32:1:1:0:16:16:2:1:2:1:1:24:7:0:2,feedback_regression_counterfactual,0.0515668010712,0.99403962759727,0.985920580377372,within_noise,improved,1.0053965178384854
two_stage_feedback_net_log14,Ascend910B3,20,external_v2_fp32_nn,768,1280,1536,fp32,0,0,20:32:192:512:32:96:32:32:32:1:1:1:16:16:2:1:1:1:1:24:7:0:2,feedback_regression_counterfactual,0.0519195985794,1.00084041214149,0.992665817958298,within_noise,within_noise,1.0086479081319735
two_stage_feedback_net_log14,Ascend910B3,20,external_v2_fp32_nn,768,1280,1536,fp32,0,0,4:384:1280:192:128:128:64:9:6:3:1:1:3:3:2:2:2:2:1:1:1:0:3,feedback_regression_counterfactual,0.0512644004822,0.988210331181547,0.980138896082809,improved,improved,1.0172921097967125
two_stage_feedback_net_log14,Ascend910B3,20,external_v2_fp32_nn,768,1280,1536,fp32,0,0,4:384:1280:192:128:128:64:9:6:3:1:1:3:3:2:2:1:1:1:2:1:0:3,feedback_regression_counterfactual,0.0519148015976,1.00074794198812,0.992574103072042,within_noise,within_noise,1.0186268184781668
two_stage_feedback_net_log14,Ascend910B3,20,external_v2_fp32_nn,768,1280,1536,fp32,0,0,4:384:1280:192:128:128:64:9:6:3:1:1:3:3:2:2:2:1:1:2:1:1:3,feedback_regression_counterfactual,0.0514563989639,0.991911435287792,0.983809770568578,within_noise,improved,1.0186268184781668
two_stage_feedback_net_log14,Ascend910B3,20,external_v2_fp32_nn,768,1280,1536,fp32,0,0,20:768:64:1536:16:16:128:1:2:1:2:1:1:1:2:1:1:1:20:1:1:0:0,contract_global,0.0522312021255,1.00684711153879,0.998623456254654,within_noise,within_noise,0.9944014558278926
two_stage_feedback_net_log14,Ascend910B3,20,external_v2_fp32_nn,768,1280,1536,fp32,0,0,20:256:112:1536:16:16:768:4:1:4:1:1:1:1:1:1:1:3:2:1:6:0:0,contract_global,0.052188000679,1.00601432864547,0.997797475303325,within_noise,within_noise,0.9913925468190697
two_stage_feedback_net_log14,Ascend910B3,20,external_v2_fp32_nn,768,1280,1536,fp32,0,0,20:192:256:1536:32:32:256:8:8:2:2:0:2:2:1:1:1:1:1:4:5:0:0,contract_global,0.0518915987015,1.0003006658778,0.992130480191859,within_noise,within_noise,1.0004269462532938
two_stage_feedback_net_log14,Ascend910B3,20,external_v2_fp32_nn,768,1280,1536,fp32,0,0,8:384:336:1536:16:336:16:8:16:1:1:1:8:8:1:2:1:1:2:2:2:0:0,contract_global,0.0523299980164,1.00875157387805,1.00051236345788,within_noise,within_noise,0.9962607586663197
two_stage_feedback_net_log14,Ascend910B3,20,external_v2_fp32_nn,768,1280,1536,fp32,0,0,20:160:64:1536:32:64:128:16:8:1:1:1:8:8:2:2:2:5:3:1:7:0:0,contract_global,0.0519504022598,1.00143420656661,0.993254762430387,within_noise,within_noise,0.9934825304464943
two_stage_feedback_net_log14,Ascend910B3,20,external_v2_fp32_nn,768,1280,1536,fp32,0,0,4:768:320:1536:16:320:32:1:2:1:1:0:1:1:1:1:1:1:1:1:4:0:0,contract_global,0.0522128009796,1.00649239750107,0.998271639422237,within_noise,within_noise,0.9983968159827404
two_stage_feedback_net_log14,Ascend910B3,20,external_v2_fp32_nn,768,1280,1536,fp32,0,0,20:384:16:1536:16:16:512:4:4:2:1:1:2:2:2:1:1:1:14:2:6:2:0,contract_global,0.052202000618,1.00628420177819,0.998065144184525,within_noise,within_noise,0.9869772965425216
two_stage_feedback_net_log14,Ascend910B3,20,external_v2_fp32_nn,768,1280,1536,fp32,0,0,12:64:1280:1536:16:16:160:8:1:4:1:0:1:1:2:2:2:6:1:2:1:0:0,contract_global,0.052340798378,1.0089597696009,1.00071885869461,within_noise,within_noise,1.0069388011529614
two_stage_feedback_net_log14,Ascend910B3,20,external_v2_fp32_nn,768,1280,1536,fp32,0,0,3:768:448:1536:64:448:32:8:8:1:1:0:4:4:2:1:1:1:1:1:3:0:0,contract_global,0.0519960021973,1.00231322453825,0.994126600818588,within_noise,within_noise,1.0009093385685033
two_stage_feedback_net_log14,Ascend910B3,20,external_v2_fp32_nn,768,1280,1536,fp32,0,0,6:144:1280:1536:144:16:48:16:16:1:1:0:8:8:2:2:2:3:1:2:1:0:0,contract_global,0.0521999979019,1.006245595948,0.998026853683637,within_noise,within_noise,1.0068710157780671
two_stage_feedback_net_log14,Ascend910B3,20,external_v2_fp32_nn,768,1280,1536,fp32,0,0,20:768:16:1536:496:16:16:8:16:1:1:0:8:8:2:2:2:1:27:1:3:0:0,contract_global,0.052227602005,1.00677771296562,0.998554624504243,within_noise,within_noise,0.9972962606271673
two_stage_feedback_net_log14,Ascend910B3,20,external_v2_fp32_nn,768,1280,1536,fp32,0,0,4:512:640:1536:512:16:32:2:2:1:1:1:2:2:1:2:1:1:2:2:1:0:0,contract_global,0.0522187995911,1.00660803115314,0.998386328614029,within_noise,within_noise,1.0049704310879806
two_stage_feedback_net_log14,Ascend910B3,20,external_v2_fp32_nn,768,1280,1536,fp32,0,0,20:32:192:1536:16:48:48:16:32:1:2:1:8:8:2:1:1:24:2:1:5:1:0,contract_global,0.0512743997574,0.988403084568047,0.980330075115635,improved,improved,0.9991143756746043
two_stage_feedback_net_log14,Ascend910B3,20,external_v2_fp32_nn,768,1280,1536,fp32,0,0,20:384:16:1536:384:16:16:1:1:1:1:1:1:1:1:1:1:1:40:2:2:0:0,contract_global,0.0522387981415,1.00699353793645,0.998768686681624,within_noise,within_noise,0.9994183067087443
two_stage_feedback_net_log14,Ascend910B3,20,external_v2_fp32_nn,768,1280,1536,fp32,0,0,4:192:1280:128:192:16:16:8:8:1:1:0:8:8:1:2:1:2:1:3:1:0:2,contract_global,0.0512803983688,0.988518718220223,0.980444764299097,improved,improved,1.00830615791366
two_stage_feedback_net_log14,Ascend910B3,20,external_v2_fp32_nt,32,352,5120,fp32,0,1,16:16:48:5120:16:16:96:8:12:1:3:0:4:4:2:1:1:1:1:2:8:1:0,feedback_winner_mutation,0.0417023992538,1.01575427036074,1.01715158658936,regressed,regressed,0.9855406462377093
two_stage_feedback_net_log14,Ascend910B3,20,external_v2_fp32_nt,32,352,5120,fp32,0,1,16:16:48:5120:16:16:256:8:8:1:2:0:4:4:1:2:1:1:4:2:2:1:0,feedback_winner_mutation,0.0408148002625,0.994134831623407,0.995502407200862,within_noise,within_noise,0.9864025251586962
two_stage_feedback_net_log14,Ascend910B3,20,external_v2_fp32_nt,32,352,5120,fp32,0,1,16:16:48:5120:16:16:256:8:8:1:2:0:4:4:1:2:2:1:4:2:2:0:0,feedback_winner_mutation,0.0408928012848,0.996034719227715,0.99740490838262,within_noise,within_noise,0.9870501013925076
two_stage_feedback_net_log14,Ascend910B3,20,external_v2_fp32_nt,32,352,5120,fp32,0,1,16:16:48:5120:16:16:256:8:8:1:2:0:4:4:1:2:1:1:2:2:4:0:0,feedback_winner_mutation,0.0414544010162,1.00971372417238,1.01110273075949,within_noise,regressed,0.9871370064618687
two_stage_feedback_net_log14,Ascend910B3,20,external_v2_fp32_nt,32,352,5120,fp32,0,1,6:112:64:5120:112:64:128:4:8:1:1:0:4:4:1:1:1:1:6:1:1:0:0,feedback_winner_mutation,0.0416871976852,1.01538400249886,1.01678080937002,regressed,regressed,0.980619218381128
two_stage_feedback_net_log14,Ascend910B3,20,external_v2_fp32_nt,32,352,5120,fp32,0,1,6:112:64:5120:112:64:128:4:8:1:1:1:4:4:1:1:1:1:6:1:1:1:0,feedback_winner_mutation,0.0416555976868,1.0146143145701,1.01601006262502,within_noise,within_noise,0.980643606168441
two_stage_feedback_net_log14,Ascend910B3,20,external_v2_fp32_nt,32,352,5120,fp32,0,1,10:16:80:240:16:16:80:6:6:1:1:1:3:3:1:2:2:1:5:2:1:0:2,feedback_winner_mutation,0.0408163976669,0.994173739949395,0.995541369051756,within_noise,within_noise,0.9839892191706616
two_stage_feedback_net_log14,Ascend910B3,20,external_v2_fp32_nt,32,352,5120,fp32,0,1,6:64:64:480:16:16:160:24:24:4:4:0:3:3:1:1:2:1:1:1:6:0:2,feedback_winner_mutation,0.0408095979691,0.994008118248114,0.995375519517517,within_noise,within_noise,0.9827127678449453
two_stage_feedback_net_log14,Ascend910B3,20,external_v2_fp32_nt,32,352,5120,fp32,0,1,20:48:16:1536:48:16:8:192:384:1:1:1:192:192:2:2:2:1:1:1:22:2:2,feedback_winner_mutation,0.0408084011078,0.993978966041797,0.995346327204748,within_noise,within_noise,0.9887746507138251
two_stage_feedback_net_log14,Ascend910B3,20,external_v2_fp32_nt,32,352,5120,fp32,0,1,20:48:16:1536:48:16:8:192:384:1:1:0:192:192:2:2:1:1:1:1:22:2:2,feedback_winner_mutation,0.0408500003815,0.99499220846342,0.996360963483035,within_noise,within_noise,0.9888314135048965
two_stage_feedback_net_log14,Ascend910B3,20,external_v2_fp32_nt,32,352,5120,fp32,0,1,20:48:16:1536:48:16:8:192:384:1:1:0:192:192:2:2:2:1:1:1:22:0:2,feedback_winner_mutation,0.0408252000809,0.994388142228988,0.995756066276604,within_noise,within_noise,0.9891897767421741
two_stage_feedback_net_log14,Ascend910B3,20,external_v2_fp32_nt,32,352,5120,fp32,0,1,9:16:80:240:16:16:80:6:6:1:1:1:3:3:1:2:1:1:5:2:1:0:2,feedback_winner_mutation,0.0416311979294,1.01402000445226,1.01541493494844,regressed,regressed,0.9861345519671679
two_stage_feedback_net_log14,Ascend910B3,20,external_v2_fp32_nt,32,352,5120,fp32,0,1,2:32:176:5120:32:32:40:16:64:1:4:1:8:8:2:2:2:1:2:1:1:0:0,contract_global,0.0416923999786,1.01551071587288,1.01690769705775,regressed,regressed,0.9758819659544752
two_stage_feedback_net_log14,Ascend910B3,20,external_v2_fp32_nt,32,352,5120,fp32,0,1,11:128:32:5120:128:16:64:2:2:1:2:1:1:1:2:1:1:1:2:1:9:0:0,contract_global,0.0416716003418,1.0150040946652,1.01640037891874,regressed,regressed,0.9826910796185097
two_stage_feedback_net_log14,Ascend910B3,20,external_v2_fp32_nt,32,352,5120,fp32,0,1,1:32:352:1024:32:32:16:128:128:1:1:0:64:64:2:2:1:1:1:1:1:0:2,contract_global,0.0408551979065,0.995118805687995,0.996487734866407,within_noise,within_noise,0.9789646119115384
two_stage_feedback_net_log14,Ascend910B3,20,external_v2_fp32_nt,32,352,5120,fp32,0,1,1:32:352:5120:32:16:56:1:1:1:1:1:1:1:2:2:1:1:1:1:1:0:0,contract_global,0.0407579994202,0.992751321343037,0.994116993707417,within_noise,within_noise,0.9830520142820882
two_stage_feedback_net_log14,Ascend910B3,20,external_v2_fp32_nt,32,352,5120,fp32,0,1,8:96:48:256:48:16:8:64:96:2:3:1:32:32:2:1:1:1:8:1:1:1:2,contract_global,0.0414856004715,1.01047365598698,1.01186370797039,regressed,regressed,0.9805076337575174
two_stage_feedback_net_log14,Ascend910B3,20,external_v2_fp32_nt,32,352,5120,fp32,0,1,11:656:32:5120:656:16:24:8:4:1:1:1:4:4:1:2:1:1:11:1:1:0:0,contract_global,0.0416383981705,1.01419538226766,1.01559055402063,regressed,regressed,0.9786674907454386
two_stage_feedback_net_log14,Ascend910B3,20,external_v2_fp32_nt,32,352,5120,fp32,0,1,1:128:352:5120:128:16:40:4:4:1:1:1:2:2:1:1:1:1:1:1:1:0:0,contract_global,0.0416871976852,1.01538400249886,1.01678080937002,regressed,regressed,0.9834555673064573
two_stage_feedback_net_log14,Ascend910B3,20,external_v2_fp32_nt,32,352,5120,fp32,0,1,20:240:16:5120:240:16:24:16:16:1:1:0:8:8:2:1:1:1:5:1:5:0:0,contract_global,0.0407847976685,0.993404052021922,0.994770622307415,within_noise,within_noise,0.987647869243003
two_stage_feedback_net_log14,Ascend910B3,20,external_v2_fp32_nt,32,352,5120,fp32,0,1,20:48:16:256:48:16:8:32:32:1:1:0:32:32:2:2:2:1:1:1:22:1:2,contract_global,0.0411036014557,1.00116922414354,1.00254647654098,within_noise,within_noise,0.9893299675535333
two_stage_feedback_net_log14,Ascend910B3,20,external_v2_fp32_nt,32,352,5120,fp32,0,1,2:96:176:128:96:16:8:16:16:1:1:0:16:16:2:2:1:1:1:1:2:0:2,contract_global,0.0416383981705,1.01419538226766,1.01559055402063,regressed,regressed,0.9822455830593001
two_stage_feedback_net_log14,Ascend910B3,20,external_v2_fp32_nt,32,352,5120,fp32,0,1,1:96:352:8:32:80:8:3:2:3:2:1:1:1:2:2:1:1:1:1:1:2:2,contract_global,0.0410315990448,0.999415446003236,1.0007902858225,within_noise,within_noise,0.9832592181919935
two_stage_feedback_net_log14,Ascend910B3,20,external_v2_fp32_nt,32,352,5120,fp32,0,1,6:640:64:96:160:16:8:96:48:4:4:1:12:12:1:2:1:1:1:1:6:2:2,contract_global,0.0411819982529,1.00307875172314,1.00445863095153,within_noise,within_noise,0.978573322112483
two_stage_feedback_net_log14,Ascend910B3,20,external_v2_fp32_tn,640,960,1280,fp32,1,0,20:160:192:1280:48:48:16:4:16:1:4:0:4:4:1:2:2:1:5:4:1:0:0,feedback_regression_counterfactual,0.0338055992126,0.981214835249043,1.00782270969465,improved,within_noise,1.0070417290752665
two_stage_feedback_net_log14,Ascend910B3,20,external_v2_fp32_tn,640,960,1280,fp32,1,0,15:128:320:1280:32:32:16:32:32:4:4:0:4:4:2:2:1:5:1:1:3:0:0,feedback_regression_counterfactual,0.0342883992195,0.995228209964664,1.02221608897316,within_noise,regressed,1.0198871511822727
two_stage_feedback_net_log14,Ascend910B3,20,external_v2_fp32_tn,640,960,1280,fp32,1,0,20:320:96:768:16:16:128:24:24:4:4:0:6:6:2:2:1:1:5:2:2:1:2,feedback_regression_counterfactual,0.0343587994576,0.99727159211599,1.0243148820837,within_noise,regressed,1.0217968819749133
two_stage_feedback_net_log14,Ascend910B3,20,external_v2_fp32_tn,640,960,1280,fp32,1,0,2:464:960:1280:464:32:16:16:8:1:1:0:8:8:2:2:2:1:1:2:1:1:0,feedback_regression_counterfactual,0.0335096001625,0.972623398743321,0.998998296825376,improved,within_noise,1.0177815316169858
two_stage_feedback_net_log14,Ascend910B3,20,external_v2_fp32_tn,640,960,1280,fp32,1,0,20:320:16:1280:96:16:64:8:8:2:1:1:4:4:2:2:2:1:30:2:2:2:0,feedback_regression_counterfactual,0.033487200737,0.971973250577506,0.998330518399722,improved,within_noise,1.0163723382179688
two_stage_feedback_net_log14,Ascend910B3,20,external_v2_fp32_tn,640,960,1280,fp32,1,0,19:320:16:1280:96:16:64:8:8:2:1:0:4:4:2:2:2:1:30:2:2:2:0,feedback_regression_counterfactual,0.0343899989128,0.998177163062365,1.02524500964341,within_noise,regressed,1.0202660908534307
two_stage_feedback_net_log14,Ascend910B3,20,external_v2_fp32_tn,640,960,1280,fp32,1,0,3:288:960:32:96:32:16:6:4:3:2:0:2:2:2:2:1:2:1:2:1:0:2,feedback_regression_counterfactual,0.0341179990768,0.990282308940496,1.0171360685756,within_noise,regressed,1.029603164848314
two_stage_feedback_net_log14,Ascend910B3,20,external_v2_fp32_tn,640,960,1280,fp32,1,0,20:128:240:1280:16:48:256:4:2:1:1:1:2:2:1:1:1:1:2:5:3:0:0,contract_global,0.0341140007973,0.990166258012962,1.01701687066276,within_noise,regressed,0.9884207211521627
two_stage_feedback_net_log14,Ascend910B3,20,external_v2_fp32_tn,640,960,1280,fp32,1,0,20:64:512:1280:32:512:32:2:1:2:1:1:1:1:2:1:1:10:2:1:1:0:0,contract_global,0.0334559988976,0.971067610428034,0.997400319762647,improved,within_noise,0.9918870024514723
two_stage_feedback_net_log14,Ascend910B3,20,external_v2_fp32_tn,640,960,1280,fp32,1,0,15:640:64:1280:16:16:384:2:4:1:2:1:1:1:1:2:1:1:2:1:8:0:0,contract_global,0.0334692001343,0.971450779183074,0.997793879010684,improved,within_noise,0.9926674894130748
two_stage_feedback_net_log14,Ascend910B3,20,external_v2_fp32_tn,640,960,1280,fp32,1,0,20:112:128:1280:48:128:128:1:1:1:1:0:1:1:2:1:1:6:2:1:5:0:0,contract_global,0.0343632006645,0.997399338097621,1.02444609219053,within_noise,regressed,0.9884085708800605
two_stage_feedback_net_log14,Ascend910B3,20,external_v2_fp32_tn,640,960,1280,fp32,1,0,20:112:144:1280:96:64:112:2:4:1:2:0:1:1:1:2:1:1:1:6:7:0:0,contract_global,0.0336147999763,0.975676846112387,1.00213454537307,improved,within_noise,0.9885786135499169
two_stage_feedback_net_log14,Ascend910B3,20,external_v2_fp32_tn,640,960,1280,fp32,1,0,8:192:480:1280:192:128:64:2:1:1:1:1:1:1:1:2:1:1:1:4:2:0:0,contract_global,0.0334956002235,0.972217047486262,0.99858092642157,improved,within_noise,0.9924656565749238
two_stage_feedback_net_log14,Ascend910B3,20,external_v2_fp32_tn,640,960,1280,fp32,1,0,6:512:320:1280:512:16:16:4:4:1:1:1:2:2:2:2:2:2:1:1:3:0:0,contract_global,0.0335055994987,0.972507278614853,0.998879027828779,improved,within_noise,0.9987653071466543
two_stage_feedback_net_log14,Ascend910B3,20,external_v2_fp32_tn,640,960,1280,fp32,1,0,15:128:320:1280:48:16:64:32:32:2:4:0:8:8:1:2:1:5:3:1:1:0:0,contract_global,0.0334524011612,0.970963185354376,0.997293062967041,improved,within_noise,1.0283906615407221
two_stage_feedback_net_log14,Ascend910B3,20,external_v2_fp32_tn,640,960,1280,fp32,1,0,2:384:960:1280:384:16:16:2:2:1:1:0:2:2:1:2:1:1:1:2:1:0:0,contract_global,0.0344052004814,0.998618391881911,1.0256982033862,within_noise,regressed,1.012862335298541
two_stage_feedback_net_log14,Ascend910B3,20,external_v2_fp32_tn,640,960,1280,fp32,1,0,2:640:496:1280:32:496:16:16:8:1:1:0:8:8:2:2:2:1:1:1:2:0:0,contract_global,0.0340980005264,0.989701846685105,1.01653986576576,improved,regressed,1.0178882956461748
two_stage_feedback_net_log14,Ascend910B3,20,external_v2_fp32_tn,640,960,1280,fp32,1,0,20:640:16:1280:416:16:16:16:8:1:1:0:8:8:2:1:1:1:3:1:20:1:0,contract_global,0.0334396004677,0.97059164245645,0.996911444836537,improved,within_noise,1.0179374005599215
two_stage_feedback_net_log14,Ascend910B3,20,external_v2_fp32_tn,640,960,1280,fp32,1,0,3:640:448:1280:64:448:16:64:8:4:1:0:8:8:1:2:1:1:1:1:3:0:0,contract_global,0.0335244011879,0.973053001711839,0.999439549450957,improved,within_noise,1.0220805604302947
two_stage_feedback_net_log14,Ascend910B3,20,external_v2_fp32_tn,640,960,1280,fp32,1,0,8:80:960:1280:80:96:16:8:64:1:4:1:8:8:2:2:2:8:1:1:1:0:0,contract_global,0.0343571996689,0.997225157903697,1.0242671887008,within_noise,regressed,1.0311228499001839
two_stage_feedback_net_log14,Ascend910B3,20,external_v2_fp32_tn,640,960,1280,fp32,1,0,2:640:672:1280:16:672:16:64:8:4:1:1:8:8:2:1:1:1:2:1:1:0:0,contract_global,0.0343871998787,0.998095920485244,1.02516156399453,within_noise,regressed,1.0234271935348653
two_stage_feedback_net_log14,Ascend910B3,20,external_v2_fp32_tn,640,960,1280,fp32,1,0,20:16:240:1280:16:48:64:8:16:1:2:1:8:8:2:1:1:40:1:1:4:0:0,contract_global,0.0334391999245,0.970580016600667,0.996899503715221,improved,within_noise,1.022718915356212
two_stage_feedback_net_log14,Ascend910B3,20,external_v2_fp32_tn,640,960,1280,fp32,1,0,20:224:128:32:48:16:16:8:12:2:3:1:2:2:1:1:1:3:4:1:2:2:2,contract_global,0.0334712004662,0.971508839249799,0.997853513505277,improved,within_noise,1.0262382428466637
two_stage_feedback_net_log14,Ascend910B3,20,external_v2_fp32_tn,640,960,1280,fp32,1,0,1:640:384:192:128:128:64:6:9:1:3:0:3:3:2:2:2:1:1:1:3:1:3,contract_global,0.0334951996803,0.97220542162945,0.998568985307685,improved,within_noise,1.0454887614845507
two_stage_feedback_net_log14,Ascend910B3,20,external_v2_fp32_tt,384,640,768,fp32,1,1,20:80:160:384:32:48:64:12:18:2:3:1:6:6:2:1:2:1:2:5:2:0:2,feedback_winner_mutation,0.0190051996708,1.00966887681704,1.04380585848723,within_noise,regressed,0.9777667056845486
two_stage_feedback_net_log14,Ascend910B3,20,external_v2_fp32_tt,384,640,768,fp32,1,1,20:80:160:512:32:48:64:16:24:2:3:1:8:8:2:1:2:1:2:5:2:0:2,feedback_winner_mutation,0.0188359999657,1.00067998539995,1.03451305196531,within_noise,regressed,0.9778186032984001
two_stage_feedback_net_log14,Ascend910B3,20,external_v2_fp32_tt,384,640,768,fp32,1,1,20:80:160:384:32:48:64:12:18:2:3:1:6:6:2:1:1:1:2:5:2:1:2,feedback_winner_mutation,0.0190175998211,1.0103276463149,1.04448690103029,regressed,regressed,0.9780027758081146
two_stage_feedback_net_log14,Ascend910B3,20,external_v2_fp32_tt,384,640,768,fp32,1,1,20:80:160:512:32:48:64:16:24:2:3:1:8:8:2:1:1:1:2:5:2:1:2,feedback_winner_mutation,0.0182003998756,0.966913140523782,0.999604547494551,improved,within_noise,0.97804172121189
two_stage_feedback_net_log14,Ascend910B3,20,external_v2_fp32_tt,384,640,768,fp32,1,1,20:80:160:384:32:48:64:12:18:2:3:0:6:6:2:1:1:1:2:5:2:0:2,feedback_winner_mutation,0.0182211995125,0.968018140543327,1.00074690764867,within_noise,within_noise,0.9780893824669097
two_stage_feedback_net_log14,Ascend910B3,20,external_v2_fp32_tt,384,640,768,fp32,1,1,20:80:160:512:32:48:64:16:24:2:3:0:8:8:2:1:1:1:2:5:2:0:2,feedback_winner_mutation,0.0182008004189,0.96693441975712,0.99962654617986,improved,within_noise,0.9781494431440523
two_stage_feedback_net_log14,Ascend910B3,20,external_v2_fp32_tt,384,640,768,fp32,1,1,20:144:16:768:144:16:16:2:2:1:1:1:1:1:1:2:1:1:14:3:3:1:0,feedback_winner_mutation,0.0190304005146,1.01100769504102,1.04518994225663,regressed,regressed,0.9707681886086071
two_stage_feedback_net_log14,Ascend910B3,20,external_v2_fp32_tt,384,640,768,fp32,1,1,3:128:640:768:128:64:48:2:4:1:1:1:2:2:2:2:2:3:1:1:1:1:0,feedback_winner_mutation,0.0190647995472,1.0128351755831,1.04707921005579,regressed,regressed,0.9810889531682472
two_stage_feedback_net_log14,Ascend910B3,20,external_v2_fp32_tt,384,640,768,fp32,1,1,3:128:640:768:128:64:48:2:4:1:1:1:2:2:2:2:1:3:1:1:1:0:0,feedback_winner_mutation,0.0187976002693,0.998639965881874,1.032404059229,within_noise,regressed,0.9812849693975937
two_stage_feedback_net_log14,Ascend910B3,20,external_v2_fp32_tt,384,640,768,fp32,1,1,3:128:640:768:128:64:48:2:4:1:1:0:2:2:2:2:2:3:1:1:1:0:0,feedback_winner_mutation,0.0181491994858,0.964193072286803,0.996792513534134,improved,within_noise,0.9821645239218544
two_stage_feedback_net_log14,Ascend910B3,20,external_v2_fp32_tt,384,640,768,fp32,1,1,19:144:16:768:144:16:16:2:2:1:1:1:1:1:1:2:1:1:14:3:3:0:0,feedback_winner_mutation,0.0185808002949,0.987122265966542,1.02049694500106,improved,regressed,0.9710017386000442
two_stage_feedback_net_log14,Ascend910B3,20,external_v2_fp32_tt,384,640,768,fp32,1,1,20:112:128:768:112:48:16:8:8:1:2:0:4:4:1:1:1:1:1:4:5:1:0,feedback_regression_counterfactual,0.0184011995792,0.977580811200178,1.01063289292672,within_noise,within_noise,0.9949999668831652
two_stage_feedback_net_log14,Ascend910B3,20,external_v2_fp32_tt,384,640,768,fp32,1,1,20:96:32:768:32:32:48:48:16:3:1:1:8:8:2:2:1:4:2:1:10:0:0,contract_global,0.018895200491,1.00382506826838,1.03776447032549,within_noise,regressed,0.9680778096075696
two_stage_feedback_net_log14,Ascend910B3,20,external_v2_fp32_tt,384,640,768,fp32,1,1,20:16:320:768:16:16:112:4:8:1:1:0:4:4:2:2:1:3:1:11:2:0:0,contract_global,0.0189812004566,1.00839389628284,1.04248777076253,within_noise,within_noise,0.9749842418956884
two_stage_feedback_net_log14,Ascend910B3,20,external_v2_fp32_tt,384,640,768,fp32,1,1,3:384:256:192:48:64:16:96:48:4:4:1:12:12:2:2:2:1:1:1:3:1:2,contract_global,0.0191944003105,1.01972033645426,1.05419715873976,within_noise,within_noise,0.9978410177567744
two_stage_feedback_net_log14,Ascend910B3,20,external_v2_fp32_tt,384,640,768,fp32,1,1,20:80:32:768:16:16:512:2:2:1:1:1:1:1:2:2:2:5:2:1:11:0:0,contract_global,0.0181752002239,0.965574385631021,0.998220529201092,improved,within_noise,1.0069337343886913
two_stage_feedback_net_log14,Ascend910B3,20,external_v2_fp32_tt,384,640,768,fp32,1,1,20:16:160:768:16:16:512:2:8:1:2:1:2:2:1:2:1:1:2:24:3:0:0,contract_global,0.0183599996567,0.975392027071882,1.0083701058367,improved,within_noise,1.005306950757659
two_stage_feedback_net_log14,Ascend910B3,20,external_v2_fp32_tt,384,640,768,fp32,1,1,2:384:384:768:16:384:32:2:1:1:1:0:1:1:2:1:1:1:1:1:2:0:0,contract_global,0.0181736004353,0.965489395382711,0.998132665411926,improved,within_noise,1.021463070662354
two_stage_feedback_net_log14,Ascend910B3,20,external_v2_fp32_tt,384,640,768,fp32,1,1,3:128:640:48:64:64:16:6:9:2:3:0:3:3:2:2:2:3:1:1:1:2:2,contract_global,0.0192095994949,1.02052780723582,1.05503193017117,regressed,regressed,1.0185081322045266
two_stage_feedback_net_log14,Ascend910B3,20,external_v2_fp32_tt,384,640,768,fp32,1,1,1:384:384:192:128:128:64:6:9:1:3:0:3:3:2:2:2:1:1:1:2:1:3,contract_global,0.0188512003422,1.00148751951374,1.03534788886891,within_noise,regressed,1.0094783469464217
two_stage_feedback_net_log14,Ascend910B3,20,external_v2_fp32_tt,384,640,768,fp32,1,1,2:320:640:48:80:48:16:24:12:4:4:0:3:3:1:1:1:2:1:1:1:1:2,contract_global,0.0190111994743,1.00998762194818,1.04413538041542,within_noise,regressed,1.0270398727502075
two_stage_feedback_net_log14,Ascend910B3,20,external_v2_fp32_tt,384,640,768,fp32,1,1,12:320:112:16:80:16:16:8:8:4:4:0:1:1:1:2:1:2:2:1:4:0:2,contract_global,0.0183135998249,0.972926992931328,1.00582172870205,improved,within_noise,1.0903874005963272
two_stage_feedback_net_log14,Ascend910B3,20,external_v2_fp32_tt,384,640,768,fp32,1,1,20:128:32:16:64:32:16:2:1:1:1:1:1:1:2:2:1:3:1:1:20:2:2,contract_global,0.0192227995396,1.02122907186579,1.05575690461052,regressed,regressed,1.0913566123726495
two_stage_feedback_net_log14,Ascend910B3,20,external_v2_fp32_tt,384,640,768,fp32,1,1,1:576:640:16:192:16:16:6:4:3:2:1:1:1:1:1:1:1:1:1:1:0:2,contract_global,0.0182216000557,0.968039419777701,1.0007689063307,improved,within_noise,1.0930121723063373
two_stage_feedback_net_log14,Ascend910B3,20,external_v2_template_al1,16,304,5120,fp32,0,1,19:16:16:5120:16:16:160:1:1:1:1:1:1:1:1:1:2:1:4:1:6:0:0,feedback_winner_mutation,0.0138399994373,0.999249046225376,1.06563174375744,within_noise,regressed,0.9683435349358944
two_stage_feedback_net_log14,Ascend910B3,20,external_v2_template_al1,16,304,5120,fp32,0,1,19:16:16:5120:16:16:160:1:1:1:1:0:1:1:1:1:1:1:4:1:6:0:0,feedback_winner_mutation,0.0130315995216,0.940882508828514,1.00338776638409,improved,within_noise,0.9702666994158737
two_stage_feedback_net_log14,Ascend910B3,20,external_v2_template_al1,16,304,5120,fp32,0,1,19:16:16:5120:16:16:160:1:1:1:1:1:1:1:1:1:1:1:4:1:6:1:0,feedback_winner_mutation,0.0129719996452,0.936579393075796,0.998798783526362,improved,within_noise,0.9702666994158737
two_stage_feedback_net_log14,Ascend910B3,20,external_v2_template_al1,16,304,5120,fp32,0,1,19:128:16:5120:128:16:56:16:16:1:1:0:8:8:2:2:2:1:19:1:1:0:0,feedback_winner_mutation,0.0136143994331,0.982960708206683,1.04826132933253,improved,regressed,0.9588278652044933
two_stage_feedback_net_log14,Ascend910B3,20,external_v2_template_al1,16,304,5120,fp32,0,1,19:16:16:5120:16:16:160:1:1:1:1:1:1:1:2:2:2:1:4:1:6:1:0,feedback_winner_mutation,0.0140331995487,1.01319810943982,1.08050747930385,regressed,regressed,0.9743275449062806
two_stage_feedback_net_log14,Ascend910B3,20,external_v2_template_al1,16,304,5120,fp32,0,1,19:16:16:5120:16:16:160:1:1:1:1:0:1:1:2:2:2:1:4:1:6:0:0,feedback_winner_mutation,0.0133599996567,0.9645930243749,1.02867343277458,improved,regressed,0.975436461834279
two_stage_feedback_net_log14,Ascend910B3,20,external_v2_template_al1,16,304,5120,fp32,0,1,19:128:16:5120:128:16:56:16:16:1:1:1:8:8:2:2:1:1:19:1:1:0:0,feedback_winner_mutation,0.0130496001244,0.942182153761878,1.00477375009229,improved,within_noise,0.9613181945086658
two_stage_feedback_net_log14,Ascend910B3,20,external_v2_template_al1,16,304,5120,fp32,0,1,10:128:32:5120:128:16:8:4:8:1:2:0:2:2:2:2:2:1:10:1:1:0:0,feedback_winner_mutation,0.0131928002834,0.952521216491415,1.01579966348483,improved,regressed,0.9661031258593802
two_stage_feedback_net_log14,Ascend910B3,20,external_v2_template_al1,16,304,5120,fp32,0,1,9:128:32:5120:128:16:8:4:8:1:2:0:2:2:2:2:1:1:5:1:2:0:0,feedback_winner_mutation,0.0139012002945,1.00366775292067,1.07034399656216,within_noise,regressed,0.9646054066402392
two_stage_feedback_net_log14,Ascend910B3,20,external_v2_template_al1,16,304,5120,fp32,0,1,1:48:304:1536:48:16:8:192:384:1:1:1:192:192:1:1:1:1:1:1:1:1:2,feedback_winner_mutation,0.0130079996586,0.939178596867529,1.00157065914546,improved,within_noise,0.9794613126158448
two_stage_feedback_net_log14,Ascend910B3,20,external_v2_template_al1,16,304,5120,fp32,0,1,1:48:304:1536:48:16:8:192:384:1:1:0:192:192:1:1:1:1:1:1:1:2:2,feedback_winner_mutation,0.0140320003033,1.01311152382834,1.08041514158579,within_noise,regressed,0.9796552704341601
two_stage_feedback_net_log14,Ascend910B3,20,external_v2_template_al1,16,304,5120,fp32,0,1,1:48:304:1536:48:16:8:192:384:1:1:0:192:192:1:1:2:1:1:1:1:1:2,feedback_winner_mutation,0.0136624002457,0.986426370648327,1.05195722468739,within_noise,regressed,0.9805846983071921
two_stage_feedback_net_log14,Ascend910B3,20,external_v2_template_al1,16,304,5120,fp32,0,1,19:16:16:5120:16:16:40:128:1:1:1:0:128:1:2:2:2:1:1:1:19:0:10,contract_global,0.0130931997299,0.945330048704003,1.00813076783269,improved,within_noise,0.9773700953891645
two_stage_feedback_net_log14,Ascend910B3,20,external_v2_template_al1,16,304,5120,fp32,0,1,5:64:64:384:64:16:24:16:16:1:1:0:16:16:1:2:1:1:5:1:1:2:2,contract_global,0.0129716002941,0.936550559893767,0.998768034880163,improved,within_noise,0.9623282960506796
two_stage_feedback_net_log14,Ascend910B3,20,external_v2_template_al1,16,304,5120,fp32,0,1,7:96:48:512:48:16:8:256:192:2:3:1:64:64:2:1:1:1:7:1:1:2:2,contract_global,0.0139932000637,1.01031014348226,1.07742765830117,within_noise,regressed,0.9598176891770182
two_stage_feedback_net_log14,Ascend910B3,20,external_v2_template_al1,16,304,5120,fp32,0,1,2:16:160:5120:16:16:128:40:1:1:1:1:40:1:2:2:2:1:1:1:2:2:10,contract_global,0.013820400238,0.997833982496043,1.06412267368599,within_noise,regressed,0.9832068197236531
two_stage_feedback_net_log14,Ascend910B3,20,external_v2_template_al1,16,304,5120,fp32,0,1,10:48:32:16:48:32:8:4:2:1:1:0:2:2:2:2:2:1:5:1:2:2:2,contract_global,0.0139935994148,1.01033897666282,1.07745840694485,within_noise,regressed,0.9677460068770489
two_stage_feedback_net_log14,Ascend910B3,20,external_v2_template_al1,16,304,5120,fp32,0,1,19:16:16:5120:16:16:640:8:1:1:1:1:8:1:1:1:1:1:1:1:19:0:10,contract_global,0.013187199831,0.95211686338198,1.01536844815935,improved,regressed,0.9992590665399133
two_stage_feedback_net_log14,Ascend910B3,20,external_v2_template_al1,16,304,5120,fp32,0,1,1:32:304:5120:32:32:48:8:64:1:4:1:8:8:2:2:1:1:1:1:1:0:0,contract_global,0.0135871994495,0.98099686725073,1.04616702534827,improved,regressed,0.9828145792768217
two_stage_feedback_net_log14,Ascend910B3,20,external_v2_template_al1,16,304,5120,fp32,0,1,7:608:48:5120:608:48:8:2:2:1:1:1:1:1:2:1:1:1:7:1:1:0:0,contract_global,0.0129788005352,0.937070417865411,0.999322428364607,improved,within_noise,0.9813396317689629
two_stage_feedback_net_log14,Ascend910B3,20,external_v2_template_al1,16,304,5120,fp32,0,1,2:128:160:256:32:16:8:128:128:4:4:1:32:32:2:2:2:1:2:1:1:0:2,contract_global,0.0130731999874,0.943886065723663,1.00659085733109,improved,within_noise,0.9797184260562698
two_stage_feedback_net_log14,Ascend910B3,20,external_v2_template_al1,16,304,5120,fp32,0,1,1:48:304:5120:48:16:8:2:2:1:1:0:2:2:1:1:1:1:1:1:1:0:0,contract_global,0.0130716001987,0.943770560854786,1.00646767917481,improved,within_noise,0.989309598184815
two_stage_feedback_net_log14,Ascend910B3,20,external_v2_template_al1,16,304,5120,fp32,0,1,1:16:304:5120:16:16:1024:1:4:1:4:0:1:1:1:1:1:1:1:1:1:0:0,contract_global,0.0138600003719,1.00069311527404,1.06717174604653,within_noise,regressed,1.0253432275220677
two_stage_feedback_net_log14,Ascend910B3,20,external_v2_template_al1,16,304,5120,fp32,0,1,1:240:304:8:80:64:8:6:4:3:2:1:1:1:2:2:1:1:1:1:1:1:2,contract_global,0.0130423998833,0.941662295791632,1.00421935661074,improved,within_noise,0.9949994324683761
two_stage_feedback_net_log14,Ascend910B3,20,external_v2_template_bl1,49152,160,128,fp16,0,0,13:3792:192:128:64:192:32:8:4:2:1:0:4:4:1:2:1:1:1:13:1:1:0,feedback_winner_mutation,0.051017999649,1.00473432070244,1.0236602648645,within_noise,regressed,0.9955676622984859
two_stage_feedback_net_log14,Ascend910B3,20,external_v2_template_bl1,49152,160,128,fp16,0,0,20:2464:160:128:208:64:32:4:12:1:3:0:4:4:1:1:1:20:1:1:1:0:20,feedback_winner_mutation,0.0497448015213,0.979660310262421,0.998113941179674,improved,within_noise,1.0011229602397065
two_stage_feedback_net_log14,Ascend910B3,20,external_v2_template_bl1,49152,160,128,fp16,0,0,20:2464:160:128:208:64:32:4:12:1:3:1:4:4:1:1:2:20:1:1:1:0:20,feedback_winner_mutation,0.0510031986237,1.00444283341963,1.02336328690398,within_noise,regressed,1.0028478690763978
two_stage_feedback_net_log14,Ascend910B3,20,external_v2_template_bl1,49152,160,128,fp16,0,0,20:1648:912:128:32:912:32:16:4:2:1:0:4:4:2:1:1:8:1:4:1:0:0,feedback_winner_mutation,0.0498176002502,0.981093988218358,0.9995746249909,improved,within_noise,0.9907683122563726
two_stage_feedback_net_log14,Ascend910B3,20,external_v2_template_bl1,49152,160,128,fp16,0,0,2:24576:240:128:32:240:32:1:2:1:1:1:1:1:2:1:1:2:1:1:1:1:0,feedback_winner_mutation,0.0507991981506,1.00042530474022,1.01927008098135,within_noise,regressed,0.9943298247455805
two_stage_feedback_net_log14,Ascend910B3,20,external_v2_template_bl1,49152,160,128,fp16,0,0,2:24576:240:128:32:240:32:1:2:1:1:0:1:1:2:1:1:2:1:1:1:0:0,feedback_winner_mutation,0.049925198555,0.983212999353431,1.00173355144897,improved,within_noise,0.9945436456546226
two_stage_feedback_net_log14,Ascend910B3,20,external_v2_template_bl1,49152,160,128,fp16,0,0,1:49152:448:128:64:448:48:6:3:1:1:0:3:3:2:1:1:1:1:1:1:1:0,feedback_winner_mutation,0.0509656000137,1.00370237683274,1.02260888251092,within_noise,regressed,0.9852939045813426
two_stage_feedback_net_log14,Ascend910B3,20,external_v2_template_bl1,49152,160,128,fp16,0,0,1:49152:448:128:64:448:48:6:3:1:1:1:3:3:2:1:1:1:1:1:1:0:0,feedback_winner_mutation,0.0501423978806,0.98749046257456,1.00609158823354,improved,within_noise,0.9855670772610409
two_stage_feedback_net_log14,Ascend910B3,20,external_v2_template_bl1,49152,160,128,fp16,0,0,20:2464:160:128:192:48:16:8:32:1:4:0:8:8:2:1:1:4:1:6:1:0:20,feedback_regression_counterfactual,0.050757598877,0.999606060199725,1.01843540451965,within_noise,regressed,1.0047732253328368
two_stage_feedback_net_log14,Ascend910B3,20,external_v2_template_bl1,49152,160,128,fp16,0,0,20:2464:160:128:160:64:128:4:2:4:2:0:1:1:1:1:1:3:1:8:1:0:0,feedback_regression_counterfactual,0.0501607990265,0.987852849633375,1.00646080149264,improved,within_noise,1.0057983041821101
two_stage_feedback_net_log14,Ascend910B3,20,external_v2_template_bl1,49152,160,128,fp16,0,0,20:2464:160:128:192:48:16:8:32:1:4:1:8:8:2:1:2:4:1:6:1:0:20,feedback_regression_counterfactual,0.0508875989914,1.00216624635587,1.02104381630506,within_noise,regressed,1.0056195658906983
two_stage_feedback_net_log14,Ascend910B3,20,external_v2_template_bl1,49152,160,128,fp16,0,0,18:5472:80:64:32:32:32:2:2:1:1:0:2:2:2:2:2:2:1:6:2:1:2,feedback_regression_counterfactual,0.0499991989136,0.984670341877566,1.00321834558443,improved,within_noise,1.000969452573117
two_stage_feedback_net_log14,Ascend910B3,20,external_v2_template_bl1,49152,160,128,fp16,0,0,20:1824:128:128:80:128:128:2:1:1:1:0:1:1:2:2:2:1:1:27:2:0:0,contract_global,0.0509204006195,1.00281223251211,1.0217019707505,within_noise,regressed,0.9723941853598803
two_stage_feedback_net_log14,Ascend910B3,20,external_v2_template_bl1,49152,160,128,fp16,0,0,20:1376:80:96:32:32:96:3:2:3:2:1:1:1:2:1:1:4:1:10:2:1:2,contract_global,0.0500375986099,0.985426574828433,1.00398882352423,improved,within_noise,0.9715500066013402
two_stage_feedback_net_log14,Ascend910B3,20,external_v2_template_bl1,49152,160,128,fp16,0,0,12:16384:48:16:48:48:16:1:2:1:1:1:1:1:1:1:1:1:2:3:2:0:2,contract_global,0.051125998497,1.00686122003127,1.02582722809482,within_noise,regressed,0.970287652450441
two_stage_feedback_net_log14,Ascend910B3,20,external_v2_template_bl1,49152,160,128,fp16,0,0,6:8192:160:128:144:64:48:3:9:1:3:1:3:3:2:2:1:2:1:5:1:1:20,contract_global,0.0500519990921,0.985710173930893,1.0042777647124,improved,within_noise,0.9889741468045893
two_stage_feedback_net_log14,Ascend910B3,20,external_v2_template_bl1,49152,160,128,fp16,0,0,13:3792:160:128:96:64:16:16:24:1:3:0:8:8:2:2:2:3:1:5:1:2:20,contract_global,0.0505940008163,0.996384205404895,1.01515286041124,within_noise,regressed,1.0034157574161984
two_stage_feedback_net_log14,Ascend910B3,20,external_v2_template_bl1,49152,160,128,fp16,0,0,6:8192:160:128:48:16:32:4:40:1:10:1:4:4:1:1:1:1:1:6:1:2:20,contract_global,0.0500920009613,0.986497959634793,1.00508038975316,improved,within_noise,0.995965831241753
two_stage_feedback_net_log14,Ascend910B3,20,external_v2_template_bl1,49152,160,128,fp16,0,0,15:3280:160:128:16:112:112:4:8:1:2:0:2:2:2:1:1:15:1:1:1:1:20,contract_global,0.0505571985245,0.995659431291867,1.01441443389485,within_noise,regressed,1.0005658101317987
two_stage_feedback_net_log14,Ascend910B3,20,external_v2_template_bl1,49152,160,128,fp16,0,0,13:3792:160:128:16:160:16:8:8:1:1:0:8:8:1:2:1:5:1:3:1:0:20,contract_global,0.0501707983017,0.988049772583381,1.00666143383367,improved,within_noise,1.0062752266628443
two_stage_feedback_net_log14,Ascend910B3,20,external_v2_template_bl1,49152,160,128,fp16,0,0,2:24576:240:128:32:240:32:8:8:1:1:1:4:4:2:1:1:2:1:1:1:0:20,contract_global,0.0508080005646,1.00059865703782,1.01944669867532,within_noise,regressed,0.9928338420874175
two_stage_feedback_net_log14,Ascend910B3,20,external_v2_template_bl1,49152,160,128,fp16,0,0,1:49152:160:128:48:64:64:4:6:1:3:0:2:2:2:2:2:1:1:1:1:2:20,contract_global,0.0500328016281,0.985332104404654,1.00389257358,improved,within_noise,0.9910980477372695
two_stage_feedback_net_log14,Ascend910B3,20,external_v2_template_bl1,49152,160,128,fp16,0,0,1:49152:160:128:128:144:16:8:16:1:2:0:8:8:1:1:1:1:1:1:1:1:20,contract_global,0.0506775999069,0.998030582688212,1.01683025011303,within_noise,regressed,0.9973725195641414
two_stage_feedback_net_log14,Ascend910B3,20,external_v2_template_bl1,49152,160,128,fp16,0,0,1:49152:160:128:176:160:128:8:2:4:1:0:1:1:1:1:1:1:1:1:1:0:0,contract_global,0.0500852012634,0.986364048278364,1.00494395593314,improved,within_noise,1.004736969102728
