campaign,soc,aic,workload_id,m,n,k,dtype,trans_a,trans_b,tiling_signature
two_stage_feedback_net_log15,Ascend910B3,20,external_v2_dense_balanced_aligned,1792,2816,3584,fp16,0,0,20:368:704:3584:48:48:16:16:64:2:4:1:8:8:2:1:1:1:2:5:2:0:0
two_stage_feedback_net_log15,Ascend910B3,20,external_v2_dense_balanced_aligned,1792,2816,3584,fp16,0,0,20:368:704:3584:32:96:16:2:8:1:4:1:2:2:1:2:1:1:2:5:2:0:0
two_stage_feedback_net_log15,Ascend910B3,20,external_v2_dense_balanced_aligned,1792,2816,3584,fp16,0,0,18:608:480:3584:48:32:16:32:16:2:1:0:8:8:1:1:1:1:2:3:5:0:0
two_stage_feedback_net_log15,Ascend910B3,20,external_v2_dense_balanced_aligned,1792,2816,3584,fp16,0,0,18:896:320:3584:48:32:16:32:16:2:2:1:8:8:2:1:1:1:5:2:2:0:0
two_stage_feedback_net_log15,Ascend910B3,20,external_v2_dense_balanced_aligned,1792,2816,3584,fp16,0,0,18:304:944:3584:64:32:16:2:8:2:4:1:1:1:1:1:1:1:2:6:2:0:0
two_stage_feedback_net_log15,Ascend910B3,20,external_v2_dense_balanced_aligned,1792,2816,3584,fp16,0,0,20:608:416:3584:16:48:64:8:8:4:4:1:2:2:2:1:1:1:3:3:3:0:0
two_stage_feedback_net_log15,Ascend910B3,20,external_v2_dense_balanced_aligned,1792,2816,3584,fp16,0,0,20:368:576:3584:48:32:32:32:32:4:4:1:4:4:1:1:1:1:5:5:1:0:0
two_stage_feedback_net_log15,Ascend910B3,20,external_v2_dense_balanced_aligned,1792,2816,3584,fp16,0,0,18:608:480:3584:32:32:192:2:2:2:2:1:1:1:1:1:1:3:1:1:6:0:0
two_stage_feedback_net_log15,Ascend910B3,20,external_v2_dense_balanced_aligned,1792,2816,3584,fp16,0,0,16:224:1408:3584:64:32:16:4:4:1:1:1:4:4:1:2:1:1:1:8:2:0:0
two_stage_feedback_net_log15,Ascend910B3,20,external_v2_dense_balanced_aligned,1792,2816,3584,fp16,0,0,20:896:144:3584:32:32:16:4:8:2:4:1:2:2:1:1:1:2:7:1:3:2:0
two_stage_feedback_net_log15,Ascend910B3,20,external_v2_dense_balanced_aligned,1792,2816,3584,fp16,0,0,20:48:2816:3584:48:16:32:8:64:1:4:1:8:8:2:2:2:13:1:3:1:0:0
two_stage_feedback_net_log15,Ascend910B3,20,external_v2_dense_balanced_aligned,1792,2816,3584,fp16,0,0,20:64:2816:3584:16:80:32:16:8:4:4:0:2:2:1:2:1:14:1:2:1:0:0
two_stage_feedback_net_log15,Ascend910B3,20,external_v2_dense_balanced_aligned,1792,2816,3584,fp16,0,0,20:64:576:3584:64:48:192:2:4:1:1:0:2:2:1:2:1:1:3:28:2:2:0
two_stage_feedback_net_log15,Ascend910B3,20,external_v2_dense_balanced_aligned,1792,2816,3584,fp16,0,0,20:48:944:3584:16:48:16:2:1:1:1:1:1:1:2:2:1:1:3:38:1:1:0
two_stage_feedback_net_log15,Ascend910B3,20,external_v2_dense_balanced_aligned,1792,2816,3584,fp16,0,0,20:1536:288:3584:1536:16:16:8:8:1:1:0:8:8:1:1:1:2:5:1:2:1:0
two_stage_feedback_net_log15,Ascend910B3,20,external_v2_dense_balanced_aligned,1792,2816,3584,fp16,0,0,20:1792:32:3584:16:16:224:8:8:1:2:0:4:4:2:2:2:1:10:1:9:1:0
two_stage_feedback_net_log15,Ascend910B3,20,external_v2_dense_balanced_odd,1663,2591,3587,fp16,0,0,20:336:656:3587:64:32:64:1:2:1:2:1:1:1:1:1:1:1:2:5:2:0:0
two_stage_feedback_net_log15,Ascend910B3,20,external_v2_dense_balanced_odd,1663,2591,3587,fp16,0,0,15:336:864:3587:16:112:48:4:8:1:4:1:2:2:2:1:1:2:1:4:3:0:0
two_stage_feedback_net_log15,Ascend910B3,20,external_v2_dense_balanced_odd,1663,2591,3587,fp16,0,0,20:336:656:3587:48:48:16:16:64:2:4:1:8:8:2:1:1:1:2:5:2:0:0
two_stage_feedback_net_log15,Ascend910B3,20,external_v2_dense_balanced_odd,1663,2591,3587,fp16,0,0,20:832:272:3587:48:32:16:32:16:2:2:1:8:8:2:1:1:1:5:2:2:0:0
two_stage_feedback_net_log15,Ascend910B3,20,external_v2_dense_balanced_odd,1663,2591,3587,fp16,0,0,18:288:864:3587:16:64:16:32:16:4:1:0:8:8:1:1:1:1:1:6:3:0:0
two_stage_feedback_net_log15,Ascend910B3,20,external_v2_dense_balanced_odd,1663,2591,3587,fp16,0,0,20:208:864:3587:32:16:48:8:32:1:4:1:8:8:2:1:1:2:1:4:3:0:0
two_stage_feedback_net_log15,Ascend910B3,20,external_v2_dense_balanced_odd,1663,2591,3587,fp16,0,0,20:416:432:3587:32:80:16:32:16:4:1:1:8:8:1:1:1:1:6:4:1:0:0
two_stage_feedback_net_log15,Ascend910B3,20,external_v2_dense_balanced_odd,1663,2591,3587,fp16,0,0,20:1664:128:3587:64:16:16:16:4:4:2:1:2:2:1:1:1:1:3:1:9:0:0
two_stage_feedback_net_log15,Ascend910B3,20,external_v2_dense_balanced_odd,1663,2591,3587,fp16,0,0,20:176:1296:3587:32:32:32:16:32:1:2:0:8:8:2:2:1:3:1:4:2:0:0
two_stage_feedback_net_log15,Ascend910B3,20,external_v2_dense_balanced_odd,1663,2591,3587,fp16,0,0,20:288:528:3587:16:160:16:8:16:1:2:1:4:4:1:2:1:1:5:6:1:0:0
two_stage_feedback_net_log15,Ascend910B3,20,external_v2_dense_balanced_odd,1663,2591,3587,fp16,0,0,20:96:1296:3587:16:16:128:4:2:2:1:1:2:2:2:2:1:6:1:3:2:2:0
two_stage_feedback_net_log15,Ascend910B3,20,external_v2_dense_balanced_odd,1663,2591,3587,fp16,0,0,20:112:1296:3587:16:16:128:4:2:2:1:0:1:1:1:2:1:1:1:15:2:0:0
two_stage_feedback_net_log15,Ascend910B3,20,external_v2_dense_balanced_odd,1663,2591,3587,fp16,0,0,20:64:432:3587:16:16:448:4:2:1:1:1:2:2:1:2:1:1:6:26:1:2:0
two_stage_feedback_net_log15,Ascend910B3,20,external_v2_dense_balanced_odd,1663,2591,3587,fp16,0,0,20:48:656:3587:32:32:512:2:2:1:1:1:2:2:2:2:2:1:4:35:1:0:0
two_stage_feedback_net_log15,Ascend910B3,20,external_v2_dense_balanced_odd,1663,2591,3587,fp16,0,0,20:96:272:3587:96:16:64:8:8:1:2:1:4:4:2:2:1:3:2:8:9:1:0
two_stage_feedback_net_log15,Ascend910B3,20,external_v2_dense_balanced_odd,1663,2591,3587,fp16,0,0,20:208:144:144:64:64:48:18:12:3:2:1:3:3:1:2:1:2:3:5:6:1:2
two_stage_feedback_net_log15,Ascend910B3,20,external_v2_dense_tall,3584,896,5120,fp16,0,0,20:368:448:5120:16:16:1024:4:4:4:4:0:1:1:2:2:2:3:1:4:2:0:0
two_stage_feedback_net_log15,Ascend910B3,20,external_v2_dense_tall,3584,896,5120,fp16,0,0,14:512:448:5120:16:16:1024:4:4:2:2:1:2:2:2:1:1:7:1:1:2:0:0
two_stage_feedback_net_log15,Ascend910B3,20,external_v2_dense_tall,3584,896,5120,fp16,0,0,20:720:224:5120:16:16:96:8:16:1:4:0:4:4:2:2:2:2:1:4:4:0:0
two_stage_feedback_net_log15,Ascend910B3,20,external_v2_dense_tall,3584,896,5120,fp16,0,0,14:512:448:5120:80:16:256:8:16:1:2:1:8:8:1:1:1:7:1:1:2:0:0
two_stage_feedback_net_log15,Ascend910B3,20,external_v2_dense_tall,3584,896,5120,fp16,0,0,14:512:448:5120:16:96:96:16:16:1:1:0:8:8:1:2:1:1:1:7:2:0:0
two_stage_feedback_net_log15,Ascend910B3,20,external_v2_dense_tall,3584,896,5120,fp16,0,0,14:512:448:5120:32:160:160:2:2:2:1:0:1:1:2:1:1:1:1:7:2:0:0
two_stage_feedback_net_log15,Ascend910B3,20,external_v2_dense_tall,3584,896,5120,fp16,0,0,14:512:448:5120:112:16:112:16:8:4:2:1:2:2:2:2:2:7:1:1:2:0:0
two_stage_feedback_net_log15,Ascend910B3,20,external_v2_dense_tall,3584,896,5120,fp16,0,0,14:256:896:5120:16:32:384:4:16:1:2:0:4:4:1:2:1:7:1:2:1:0:0
two_stage_feedback_net_log15,Ascend910B3,20,external_v2_dense_tall,3584,896,5120,fp16,0,0,14:3584:64:5120:48:64:512:4:2:1:1:0:2:2:1:1:1:1:5:1:3:2:0
two_stage_feedback_net_log15,Ascend910B3,20,external_v2_dense_tall,3584,896,5120,fp16,0,0,5:3584:192:5120:32:192:80:2:1:1:1:0:1:1:1:2:1:1:2:1:3:2:0
two_stage_feedback_net_log15,Ascend910B3,20,external_v2_dense_tall,3584,896,5120,fp16,0,0,10:3584:96:5120:96:96:16:8:8:1:1:1:4:4:1:1:1:1:3:1:4:1:0
two_stage_feedback_net_log15,Ascend910B3,20,external_v2_dense_tall,3584,896,5120,fp16,0,0,20:3584:32:5120:32:32:320:8:8:1:1:0:4:4:2:2:1:1:10:1:3:2:0
two_stage_feedback_net_log15,Ascend910B3,20,external_v2_dense_tall,3584,896,5120,fp16,0,0,20:448:96:5120:16:32:896:8:4:1:1:0:4:4:2:1:1:1:2:8:5:2:0
two_stage_feedback_net_log15,Ascend910B3,20,external_v2_dense_tall,3584,896,5120,fp16,0,0,20:448:48:5120:32:16:320:4:8:1:2:1:4:4:1:2:1:8:1:1:19:2:0
two_stage_feedback_net_log15,Ascend910B3,20,external_v2_dense_tall,3584,896,5120,fp16,0,0,10:3584:96:256:48:32:32:16:48:2:3:1:8:8:1:1:1:1:5:1:2:2:2
two_stage_feedback_net_log15,Ascend910B3,20,external_v2_dense_tall,3584,896,5120,fp16,0,0,14:1792:128:128:48:32:16:32:64:4:4:1:8:8:2:2:1:2:2:1:6:2:2
two_stage_feedback_net_log15,Ascend910B3,20,external_v2_dense_wide,896,3584,5120,fp16,0,0,20:448:368:5120:160:16:160:1:4:1:4:1:1:1:1:1:1:1:3:2:4:0:0
two_stage_feedback_net_log15,Ascend910B3,20,external_v2_dense_wide,896,3584,5120,fp16,0,0,18:304:608:5120:16:96:64:4:2:1:1:1:2:2:1:1:1:3:2:1:3:0:0
two_stage_feedback_net_log15,Ascend910B3,20,external_v2_dense_wide,896,3584,5120,fp16,0,0,18:448:400:5120:64:32:80:2:4:2:4:1:1:1:1:2:1:2:1:1:9:0:0
two_stage_feedback_net_log15,Ascend910B3,20,external_v2_dense_wide,896,3584,5120,fp16,0,0,20:224:720:5120:16:48:64:16:4:2:1:0:4:4:1:1:1:4:1:1:5:0:0
two_stage_feedback_net_log15,Ascend910B3,20,external_v2_dense_wide,896,3584,5120,fp16,0,0,16:224:896:5120:32:16:160:2:2:1:2:0:1:1:1:2:1:1:1:4:4:0:0
two_stage_feedback_net_log15,Ascend910B3,20,external_v2_dense_wide,896,3584,5120,fp16,0,0,20:224:720:5120:64:32:64:2:2:1:1:0:1:1:1:1:1:1:1:4:5:0:0
two_stage_feedback_net_log15,Ascend910B3,20,external_v2_dense_wide,896,3584,5120,fp16,0,0,18:304:608:5120:80:16:64:4:2:2:1:0:1:1:1:2:1:1:2:3:5:0:0
two_stage_feedback_net_log15,Ascend910B3,20,external_v2_dense_wide,896,3584,5120,fp16,0,0,19:896:192:5120:48:80:64:4:2:4:1:1:1:1:2:1:1:1:2:1:16:0:0
two_stage_feedback_net_log15,Ascend910B3,20,external_v2_dense_wide,896,3584,5120,fp16,0,0,20:96:1792:5120:32:16:48:8:2:2:1:1:2:2:2:2:2:1:2:10:1:1:0
two_stage_feedback_net_log15,Ascend910B3,20,external_v2_dense_wide,896,3584,5120,fp16,0,0,20:96:1792:5120:96:32:16:2:1:1:1:0:1:1:2:1:1:1:1:10:2:1:0
two_stage_feedback_net_log15,Ascend910B3,20,external_v2_dense_wide,896,3584,5120,fp16,0,0,20:896:96:5120:16:32:896:8:4:1:1:0:4:4:2:1:1:1:3:1:18:2:0
two_stage_feedback_net_log15,Ascend910B3,20,external_v2_dense_wide,896,3584,5120,fp16,0,0,20:32:3584:5120:16:16:640:8:4:2:1:1:4:4:2:2:1:28:1:1:1:0:0
two_stage_feedback_net_log15,Ascend910B3,20,external_v2_dense_wide,896,3584,5120,fp16,0,0,13:1792:288:5120:1792:16:16:8:32:1:4:1:4:4:1:1:1:1:3:1:5:2:0
two_stage_feedback_net_log15,Ascend910B3,20,external_v2_dense_wide,896,3584,5120,fp16,0,0,20:32:720:5120:32:48:16:16:16:1:1:0:8:8:2:2:2:7:2:4:4:0:0
two_stage_feedback_net_log15,Ascend910B3,20,external_v2_dense_wide,896,3584,5120,fp16,0,0,12:256:1200:128:64:96:32:32:32:4:4:1:4:4:2:2:1:2:1:2:3:2:2
two_stage_feedback_net_log15,Ascend910B3,20,external_v2_dense_wide,896,3584,5120,fp16,0,0,8:288:1792:144:96:32:48:18:12:3:2:1:3:3:1:1:1:1:2:4:1:0:2
two_stage_feedback_net_log15,Ascend910B3,20,external_v2_dense_large,4608,5120,6144,fp16,0,0,19:4608:272:6144:32:48:48:64:8:4:1:0:8:8:2:1:1:1:1:1:19:0:0
two_stage_feedback_net_log15,Ascend910B3,20,external_v2_dense_large,4608,5120,6144,fp16,0,0,20:576:1712:6144:16:32:80:4:16:2:4:0:2:2:2:1:1:8:2:1:2:0:0
two_stage_feedback_net_log15,Ascend910B3,20,external_v2_dense_large,4608,5120,6144,fp16,0,0,16:576:2560:6144:48:128:16:4:16:1:2:1:4:4:2:1:1:8:2:1:1:0:0
two_stage_feedback_net_log15,Ascend910B3,20,external_v2_dense_large,4608,5120,6144,fp16,0,0,20:768:864:6144:64:64:16:16:16:2:4:1:4:4:2:1:1:1:1:6:6:0:0
two_stage_feedback_net_log15,Ascend910B3,20,external_v2_dense_large,4608,5120,6144,fp16,0,0,20:4608:176:6144:32:176:16:2:2:1:1:1:1:1:2:1:1:1:30:1:1:0:0
two_stage_feedback_net_log15,Ascend910B3,20,external_v2_dense_large,4608,5120,6144,fp16,0,0,18:1536:864:6144:16:64:48:2:16:1:4:1:2:2:1:1:1:1:1:3:6:1:0
two_stage_feedback_net_log15,Ascend910B3,20,external_v2_dense_large,4608,5120,6144,fp16,0,0,19:4608:272:6144:64:32:32:4:16:2:4:0:2:2:2:1:1:1:19:1:1:0:0
two_stage_feedback_net_log15,Ascend910B3,20,external_v2_dense_large,4608,5120,6144,fp16,0,0,20:2304:256:6144:16:96:32:8:8:1:2:1:4:4:2:1:1:2:10:1:2:0:0
two_stage_feedback_net_log15,Ascend910B3,20,external_v2_dense_large,4608,5120,6144,fp16,0,0,20:2304:128:6144:112:32:16:2:4:1:4:1:1:1:1:1:1:2:20:1:2:2:0
two_stage_feedback_net_log15,Ascend910B3,20,external_v2_dense_large,4608,5120,6144,fp16,0,0,20:4608:128:6144:128:16:16:8:8:1:2:1:4:4:1:1:1:1:40:1:1:1:0
two_stage_feedback_net_log15,Ascend910B3,20,external_v2_dense_large,4608,5120,6144,fp16,0,0,20:2304:64:6144:32:16:16:32:32:2:4:1:8:8:1:1:1:1:80:2:1:0:0
two_stage_feedback_net_log15,Ascend910B3,20,external_v2_dense_large,4608,5120,6144,fp16,0,0,20:128:864:6144:112:32:32:4:16:1:2:1:4:4:2:2:2:36:2:1:5:2:0
two_stage_feedback_net_log15,Ascend910B3,20,external_v2_dense_large,4608,5120,6144,fp16,0,0,16:384:5120:384:128:128:128:9:6:3:1:1:3:3:2:2:2:12:1:1:1:0:3
two_stage_feedback_net_log15,Ascend910B3,20,external_v2_dense_large,4608,5120,6144,fp16,0,0,16:4608:384:384:128:128:128:6:9:1:3:0:3:3:2:2:1:1:1:1:14:2:3
two_stage_feedback_net_log15,Ascend910B3,20,external_v2_dense_large,4608,5120,6144,fp16,0,0,16:384:5120:384:128:128:128:9:6:3:1:1:3:3:2:2:1:1:1:12:1:2:3
two_stage_feedback_net_log15,Ascend910B3,20,external_v2_dense_large,4608,5120,6144,fp16,0,0,16:576:2560:768:32:32:48:48:64:3:2:0:16:16:2:1:1:2:1:4:2:2:2
two_stage_feedback_net_log15,Ascend910B3,20,external_v2_k_shallow,1792,2048,320,fp16,0,0,12:144:2048:160:16:16:80:4:4:1:1:0:2:2:1:2:1:5:1:3:1:1:2
two_stage_feedback_net_log15,Ascend910B3,20,external_v2_k_shallow,1792,2048,320,fp16,0,0,14:256:1024:320:32:16:320:8:4:4:4:1:1:1:2:2:2:1:1:7:2:0:0
two_stage_feedback_net_log15,Ascend910B3,20,external_v2_k_shallow,1792,2048,320,fp16,0,0,14:256:1024:320:128:256:64:10:10:1:2:0:5:5:2:2:1:1:1:7:2:0:0
two_stage_feedback_net_log15,Ascend910B3,20,external_v2_k_shallow,1792,2048,320,fp16,0,0,14:256:1024:320:48:512:32:4:2:2:2:0:1:1:2:1:1:1:2:7:1:0:0
two_stage_feedback_net_log15,Ascend910B3,20,external_v2_k_shallow,1792,2048,320,fp16,0,0,13:144:2048:320:64:448:64:4:4:2:2:1:2:2:2:1:1:1:1:13:1:0:0
two_stage_feedback_net_log15,Ascend910B3,20,external_v2_k_shallow,1792,2048,320,fp16,0,0,12:160:2048:320:80:192:160:2:2:1:1:0:2:2:2:1:1:2:1:7:1:0:0
two_stage_feedback_net_log15,Ascend910B3,20,external_v2_k_shallow,1792,2048,320,fp16,0,0,14:128:2048:320:128:96:160:1:4:1:4:1:1:1:1:1:1:14:1:1:1:0:0
two_stage_feedback_net_log15,Ascend910B3,20,external_v2_k_shallow,1792,2048,320,fp16,0,0,14:256:1024:320:32:144:64:2:4:2:4:1:1:1:2:1:1:1:1:7:2:0:0
two_stage_feedback_net_log15,Ascend910B3,20,external_v2_k_shallow,1792,2048,320,fp16,0,0,7:288:2048:288:96:16:32:27:18:3:2:1:9:9:1:1:1:2:1:6:1:2:2
two_stage_feedback_net_log15,Ascend910B3,20,external_v2_k_shallow,1792,2048,320,fp16,0,0,8:1792:256:64:80:64:16:32:16:4:4:1:4:4:1:1:1:1:1:1:8:0:2
two_stage_feedback_net_log15,Ascend910B3,20,external_v2_k_shallow,1792,2048,320,fp16,0,0,20:608:256:128:48:16:64:4:4:1:1:0:2:2:1:2:1:3:1:1:8:2:2
two_stage_feedback_net_log15,Ascend910B3,20,external_v2_k_shallow,1792,2048,320,fp16,0,0,20:176:512:304:96:16:16:38:38:1:1:1:19:19:2:2:1:6:2:2:3:2:2
two_stage_feedback_net_log15,Ascend910B3,20,external_v2_k_shallow,1792,2048,320,fp16,0,0,6:336:2048:48:112:16:16:9:6:3:2:1:3:3:2:2:1:1:1:6:1:2:2
two_stage_feedback_net_log15,Ascend910B3,20,external_v2_k_shallow,1792,2048,320,fp16,0,0,10:192:2048:32:32:32:32:2:3:2:3:0:1:1:2:2:2:2:1:7:1:2:2
two_stage_feedback_net_log15,Ascend910B3,20,external_v2_k_shallow,1792,2048,320,fp16,0,0,20:128:192:320:32:32:256:1:2:1:2:1:1:1:2:2:2:1:2:14:8:0:0
two_stage_feedback_net_log15,Ascend910B3,20,external_v2_k_shallow,1792,2048,320,fp16,0,0,16:448:512:16:48:48:16:1:1:1:1:1:1:1:1:1:1:1:1:4:4:2:2
two_stage_feedback_net_log15,Ascend910B3,20,external_v2_k_deep,1024,1536,32768,fp16,0,0,20:1024:384:384:128:128:128:6:9:1:3:0:3:3:2:2:2:1:2:1:2:0:3
two_stage_feedback_net_log15,Ascend910B3,20,external_v2_k_deep,1024,1536,32768,fp16,0,0,19:1024:384:384:128:128:128:6:9:1:3:0:3:3:2:2:2:1:1:1:4:1:3
two_stage_feedback_net_log15,Ascend910B3,20,external_v2_k_deep,1024,1536,32768,fp16,0,0,20:1024:384:384:128:128:128:6:9:1:3:0:3:3:2:2:1:1:2:1:2:2:3
two_stage_feedback_net_log15,Ascend910B3,20,external_v2_k_deep,1024,1536,32768,fp16,0,0,20:1024:384:384:128:128:128:6:9:1:3:0:3:3:2:2:1:1:1:1:4:0:3
two_stage_feedback_net_log15,Ascend910B3,20,external_v2_k_deep,1024,1536,32768,fp16,0,0,20:384:1536:384:128:128:128:9:6:3:1:1:3:3:2:2:2:3:1:1:1:0:3
two_stage_feedback_net_log15,Ascend910B3,20,external_v2_k_deep,1024,1536,32768,fp16,0,0,20:384:1536:384:128:128:128:9:6:3:1:1:3:3:2:2:1:1:1:3:1:0:3
two_stage_feedback_net_log15,Ascend910B3,20,external_v2_k_deep,1024,1536,32768,fp16,0,0,18:384:1536:384:128:128:128:9:6:3:1:1:3:3:2:2:2:1:1:3:1:0:3
two_stage_feedback_net_log15,Ascend910B3,20,external_v2_k_deep,1024,1536,32768,fp16,0,0,15:1024:384:384:128:128:128:6:9:1:3:0:3:3:2:2:2:1:2:1:2:1:3
two_stage_feedback_net_log15,Ascend910B3,20,external_v2_k_deep,1024,1536,32768,fp16,0,0,15:1024:384:384:128:128:128:6:9:1:3:0:3:3:2:2:2:1:1:1:4:2:3
two_stage_feedback_net_log15,Ascend910B3,20,external_v2_k_deep,1024,1536,32768,fp16,0,0,16:384:1536:384:128:128:128:9:6:3:1:1:3:3:2:2:2:3:1:1:1:1:3
two_stage_feedback_net_log15,Ascend910B3,20,external_v2_k_deep,1024,1536,32768,fp16,0,0,20:1024:80:32768:16:16:1792:1:2:1:1:0:1:1:1:1:1:1:1:1:20:0:0
two_stage_feedback_net_log15,Ascend910B3,20,external_v2_k_deep,1024,1536,32768,fp16,0,0,20:32:256:32768:16:16:512:16:4:2:1:1:4:4:2:1:1:32:6:1:1:0:0
two_stage_feedback_net_log15,Ascend910B3,20,external_v2_k_deep,1024,1536,32768,fp16,0,0,20:32:256:32768:32:48:512:4:8:1:1:0:4:4:2:1:1:1:6:32:1:0:0
two_stage_feedback_net_log15,Ascend910B3,20,external_v2_k_deep,1024,1536,32768,fp16,0,0,20:32:384:32768:16:16:64:2:16:1:4:1:2:2:1:2:1:1:4:32:1:1:0
two_stage_feedback_net_log15,Ascend910B3,20,external_v2_k_deep,1024,1536,32768,fp16,0,0,20:352:32:32768:32:16:48:8:2:2:1:0:2:2:2:2:2:3:10:1:5:1:0
two_stage_feedback_net_log15,Ascend910B3,20,external_v2_k_deep,1024,1536,32768,fp16,0,0,20:320:320:64:80:64:16:16:16:4:4:0:4:4:1:1:1:4:5:1:1:0:2
two_stage_feedback_net_log15,Ascend910B3,20,external_v2_k_low_output_deep_aligned,192,128,24576,fp16,0,0,20:192:384:384:128:128:128:6:9:1:3:0:3:3:2:2:1:1:1:1:1:2:3
two_stage_feedback_net_log15,Ascend910B3,20,external_v2_k_low_output_deep_aligned,192,128,24576,fp16,0,0,20:192:384:384:128:128:128:6:9:1:3:0:3:3:2:2:2:1:1:1:1:0:3
two_stage_feedback_net_log15,Ascend910B3,20,external_v2_k_low_output_deep_aligned,192,128,24576,fp16,0,0,19:384:128:384:128:128:128:9:6:3:1:1:3:3:2:2:2:1:1:1:1:0:3
two_stage_feedback_net_log15,Ascend910B3,20,external_v2_k_low_output_deep_aligned,192,128,24576,fp16,0,0,18:192:384:384:128:128:128:6:9:1:3:0:3:3:2:2:2:1:1:1:1:1:3
two_stage_feedback_net_log15,Ascend910B3,20,external_v2_k_low_output_deep_aligned,192,128,24576,fp16,0,0,20:384:128:384:128:128:128:9:6:3:1:1:3:3:2:2:1:1:1:1:1:2:3
two_stage_feedback_net_log15,Ascend910B3,20,external_v2_k_low_output_deep_aligned,192,128,24576,fp16,0,0,16:192:384:384:128:128:128:6:9:1:3:0:3:3:2:2:2:1:1:1:1:0:3
two_stage_feedback_net_log15,Ascend910B3,20,external_v2_k_low_output_deep_aligned,192,128,24576,fp16,0,0,15:192:384:384:128:128:128:6:9:1:3:0:3:3:2:2:1:1:1:1:1:1:3
two_stage_feedback_net_log15,Ascend910B3,20,external_v2_k_low_output_deep_aligned,192,128,24576,fp16,0,0,15:384:128:384:128:128:128:9:6:3:1:1:3:3:2:2:2:1:1:1:1:1:3
two_stage_feedback_net_log15,Ascend910B3,20,external_v2_k_low_output_deep_aligned,192,128,24576,fp16,0,0,16:192:384:384:128:128:128:6:9:1:3:0:3:3:2:2:1:1:1:1:1:2:3
two_stage_feedback_net_log15,Ascend910B3,20,external_v2_k_low_output_deep_aligned,192,128,24576,fp16,0,0,14:192:384:384:128:128:128:6:9:1:3:0:3:3:2:2:2:1:1:1:1:1:3
two_stage_feedback_net_log15,Ascend910B3,20,external_v2_k_low_output_deep_aligned,192,128,24576,fp16,0,0,14:384:128:384:128:128:128:9:6:3:1:1:3:3:2:2:2:1:1:1:1:0:3
two_stage_feedback_net_log15,Ascend910B3,20,external_v2_k_low_output_deep_aligned,192,128,24576,fp16,0,0,10:192:384:384:128:128:128:6:9:1:3:0:3:3:2:2:2:1:1:1:1:1:3
two_stage_feedback_net_log15,Ascend910B3,20,external_v2_k_low_output_deep_aligned,192,128,24576,fp16,0,0,9:192:384:384:128:128:128:6:9:1:3:0:3:3:2:2:1:1:1:1:1:1:3
two_stage_feedback_net_log15,Ascend910B3,20,external_v2_k_low_output_deep_aligned,192,128,24576,fp16,0,0,8:192:384:384:128:128:128:6:9:1:3:0:3:3:2:2:2:1:1:1:1:0:3
two_stage_feedback_net_log15,Ascend910B3,20,external_v2_k_low_output_deep_aligned,192,128,24576,fp16,0,0,18:32:48:24576:32:48:256:8:16:1:1:0:8:8:2:2:1:1:1:6:3:0:0
two_stage_feedback_net_log15,Ascend910B3,20,external_v2_k_low_output_deep_aligned,192,128,24576,fp16,0,0,20:32:32:24576:32:32:448:8:4:1:1:0:4:4:2:2:2:6:4:1:1:0:0
two_stage_feedback_net_log15,Ascend910B3,20,external_v2_k_low_output_deep_odd,512,384,12289,fp16,0,0,20:128:80:12289:32:64:384:8:2:4:1:1:1:1:2:1:1:2:1:3:5:0:0
two_stage_feedback_net_log15,Ascend910B3,20,external_v2_k_low_output_deep_odd,512,384,12289,fp16,0,0,18:96:128:12289:16:64:512:8:4:4:2:0:1:1:2:1:1:1:3:6:1:0:0
two_stage_feedback_net_log15,Ascend910B3,20,external_v2_k_low_output_deep_odd,512,384,12289,fp16,0,0,20:128:80:12289:48:16:320:8:16:1:2:1:4:4:2:1:1:4:1:1:5:0:0
two_stage_feedback_net_log15,Ascend910B3,20,external_v2_k_low_output_deep_odd,512,384,12289,fp16,0,0,18:176:64:12289:16:48:640:8:4:2:1:0:2:2:2:1:1:3:1:1:6:0:0
two_stage_feedback_net_log15,Ascend910B3,20,external_v2_k_low_output_deep_odd,512,384,12289,fp16,0,0,16:128:96:12289:64:32:512:4:6:2:3:0:2:2:1:1:1:1:2:4:3:0:0
two_stage_feedback_net_log15,Ascend910B3,20,external_v2_k_low_output_deep_odd,512,384,12289,fp16,0,0,18:96:128:12289:16:112:128:16:8:2:1:0:8:8:1:2:1:1:1:6:3:0:0
two_stage_feedback_net_log15,Ascend910B3,20,external_v2_k_low_output_deep_odd,512,384,12289,fp16,0,0,16:256:48:12289:64:32:448:4:8:1:1:1:4:4:1:2:1:1:1:2:8:0:0
two_stage_feedback_net_log15,Ascend910B3,20,external_v2_k_low_output_deep_odd,512,384,12289,fp16,0,0,18:96:128:12289:48:16:320:8:8:2:2:1:4:4:2:2:1:2:1:3:3:0:0
two_stage_feedback_net_log15,Ascend910B3,20,external_v2_k_low_output_deep_odd,512,384,12289,fp16,0,0,20:512:16:12289:32:16:1024:4:2:2:1:1:2:2:1:2:1:1:12:1:2:0:0
two_stage_feedback_net_log15,Ascend910B3,20,external_v2_k_low_output_deep_odd,512,384,12289,fp16,0,0,20:96:32:12289:80:16:96:8:32:1:2:1:8:8:2:2:1:1:1:6:12:1:0
two_stage_feedback_net_log15,Ascend910B3,20,external_v2_k_low_output_deep_odd,512,384,12289,fp16,0,0,4:256:224:12289:32:224:16:32:4:4:1:0:4:4:1:2:1:1:1:2:2:0:0
two_stage_feedback_net_log15,Ascend910B3,20,external_v2_k_low_output_deep_odd,512,384,12289,fp16,0,0,16:32:896:12289:32:896:16:16:8:1:1:1:8:8:1:2:1:8:1:2:1:0:0
two_stage_feedback_net_log15,Ascend910B3,20,external_v2_k_low_output_deep_odd,512,384,12289,fp16,0,0,20:16:128:12289:16:32:32:4:8:1:1:0:4:4:2:2:1:6:1:6:3:1:0
two_stage_feedback_net_log15,Ascend910B3,20,external_v2_k_low_output_deep_odd,512,384,12289,fp16,0,0,8:1792:48:12289:1792:16:16:8:4:1:1:0:4:4:1:1:1:1:2:1:4:1:0
two_stage_feedback_net_log15,Ascend910B3,20,external_v2_k_low_output_deep_odd,512,384,12289,fp16,0,0,3:192:384:64:64:16:32:12:4:3:2:0:2:2:1:1:1:3:1:1:1:1:2
two_stage_feedback_net_log15,Ascend910B3,20,external_v2_k_low_output_deep_odd,512,384,12289,fp16,0,0,2:384:384:96:96:16:16:24:24:4:4:1:6:6:1:2:1:2:1:1:1:2:2
two_stage_feedback_net_log15,Ascend910B3,20,external_v2_skinny_m,47,3584,12288,fp16,0,0,16:128:384:384:128:128:128:6:9:1:3:0:3:3:2:2:2:1:1:1:10:1:3
two_stage_feedback_net_log15,Ascend910B3,20,external_v2_skinny_m,47,3584,12288,fp16,0,0,20:32:368:12288:32:16:512:8:16:1:2:0:8:8:2:2:1:2:1:1:10:0:0
two_stage_feedback_net_log15,Ascend910B3,20,external_v2_skinny_m,47,3584,12288,fp16,0,0,18:64:208:12288:64:16:448:4:16:1:4:0:4:4:1:2:1:1:2:1:10:0:0
two_stage_feedback_net_log15,Ascend910B3,20,external_v2_skinny_m,47,3584,12288,fp16,0,0,20:32:368:12288:32:32:1024:4:4:1:2:0:2:2:1:1:1:2:2:1:7:0:0
two_stage_feedback_net_log15,Ascend910B3,20,external_v2_skinny_m,47,3584,12288,fp16,0,0,19:48:192:12288:32:16:512:2:4:1:2:0:2:2:1:2:1:1:4:1:5:0:0
two_stage_feedback_net_log15,Ascend910B3,20,external_v2_skinny_m,47,3584,12288,fp16,0,0,19:64:192:12288:64:64:256:4:12:1:3:1:2:2:1:2:1:1:5:1:4:0:0
two_stage_feedback_net_log15,Ascend910B3,20,external_v2_skinny_m,47,3584,12288,fp16,0,0,19:64:192:12288:64:32:256:8:8:1:2:0:4:4:2:1:1:1:5:1:4:0:0
two_stage_feedback_net_log15,Ascend910B3,20,external_v2_skinny_m,47,3584,12288,fp16,0,0,15:16:720:12288:16:128:224:2:8:1:4:0:1:1:2:1:1:3:5:1:1:1:0
two_stage_feedback_net_log15,Ascend910B3,20,external_v2_skinny_m,47,3584,12288,fp16,0,0,20:208:80:12288:208:16:128:1:4:1:2:0:1:1:1:2:1:1:5:1:9:2:0
two_stage_feedback_net_log15,Ascend910B3,20,external_v2_skinny_m,47,3584,12288,fp16,0,0,20:144:48:12288:144:48:48:16:16:1:1:1:8:8:2:1:1:1:13:1:6:0:0
two_stage_feedback_net_log15,Ascend910B3,20,external_v2_skinny_m,47,3584,12288,fp16,0,0,1:48:3584:12288:48:16:112:8:4:1:1:1:4:4:2:2:2:1:1:1:1:0:0
two_stage_feedback_net_log15,Ascend910B3,20,external_v2_skinny_m,47,3584,12288,fp16,0,0,2:160:1792:12288:160:160:192:1:2:1:1:1:1:1:1:1:1:1:2:1:1:0:0
two_stage_feedback_net_log15,Ascend910B3,20,external_v2_skinny_m,47,3584,12288,fp16,0,0,20:176:32:12288:176:32:112:8:16:1:1:0:8:8:1:1:1:1:9:1:13:2:0
two_stage_feedback_net_log15,Ascend910B3,20,external_v2_skinny_m,47,3584,12288,fp16,0,0,3:256:1200:12288:256:32:32:16:32:1:4:0:8:8:2:1:1:1:1:1:3:0:0
two_stage_feedback_net_log15,Ascend910B3,20,external_v2_skinny_m,47,3584,12288,fp16,0,0,4:256:896:256:64:16:16:64:64:4:4:1:16:16:1:2:1:1:2:1:2:0:2
two_stage_feedback_net_log15,Ascend910B3,20,external_v2_skinny_m,47,3584,12288,fp16,0,0,1:336:3584:256:112:32:16:96:32:3:2:0:16:16:2:1:1:1:1:1:1:1:2
two_stage_feedback_net_log15,Ascend910B3,20,external_v2_skinny_n,3584,73,12288,fp16,0,0,15:240:80:160:16:16:160:4:6:2:3:1:1:1:2:2:1:1:1:15:1:1:2
two_stage_feedback_net_log15,Ascend910B3,20,external_v2_skinny_n,3584,73,12288,fp16,0,0,20:288:32:12288:48:32:128:32:16:4:1:1:8:8:2:2:2:3:1:6:3:1:0
two_stage_feedback_net_log15,Ascend910B3,20,external_v2_skinny_n,3584,73,12288,fp16,0,0,20:288:32:12288:48:32:128:32:16:4:1:1:8:8:2:2:1:1:1:13:3:1:0
two_stage_feedback_net_log15,Ascend910B3,20,external_v2_skinny_n,3584,73,12288,fp16,0,0,14:256:96:64:48:32:64:2:6:2:3:0:1:1:2:2:1:5:1:3:1:2:2
two_stage_feedback_net_log15,Ascend910B3,20,external_v2_skinny_n,3584,73,12288,fp16,0,0,2:3584:48:16:48:16:16:2:6:2:3:0:1:1:2:1:2:1:1:1:2:2:2
two_stage_feedback_net_log15,Ascend910B3,20,external_v2_skinny_n,3584,73,12288,fp16,0,0,1:3584:48:16:48:16:16:2:6:2:3:0:1:1:2:1:1:1:1:1:2:2:2
two_stage_feedback_net_log15,Ascend910B3,20,external_v2_skinny_n,3584,73,12288,fp16,0,0,20:96:1536:12288:16:1536:16:16:8:4:1:1:4:4:1:1:1:19:1:2:1:0:0
two_stage_feedback_net_log15,Ascend910B3,20,external_v2_skinny_n,3584,73,12288,fp16,0,0,20:128:384:512:48:128:32:32:48:2:3:1:16:16:2:1:1:14:1:2:1:2:2
two_stage_feedback_net_log15,Ascend910B3,20,external_v2_skinny_n,3584,73,12288,fp16,0,0,20:112:16:12288:16:16:320:4:2:2:1:0:1:1:2:2:1:5:1:7:5:2:0
two_stage_feedback_net_log15,Ascend910B3,20,external_v2_skinny_n,3584,73,12288,fp16,0,0,20:128:16:12288:16:16:192:4:2:2:1:1:1:1:1:2:1:4:1:7:5:1:0
two_stage_feedback_net_log15,Ascend910B3,20,external_v2_skinny_n,3584,73,12288,fp16,0,0,20:336:16:12288:48:16:48:64:16:4:1:1:8:8:1:2:1:11:2:1:3:2:0
two_stage_feedback_net_log15,Ascend910B3,20,external_v2_skinny_n,3584,73,12288,fp16,0,0,4:896:192:192:16:48:64:24:12:4:4:0:3:3:2:1:1:1:1:4:1:0:2
two_stage_feedback_net_log15,Ascend910B3,20,external_v2_skinny_n,3584,73,12288,fp16,0,0,2:3584:64:192:32:16:32:48:24:4:4:1:6:6:2:2:1:1:1:1:2:2:2
two_stage_feedback_net_log15,Ascend910B3,20,external_v2_skinny_n,3584,73,12288,fp16,0,0,2:1792:192:256:96:48:16:128:64:4:4:1:16:16:1:1:1:1:1:2:1:0:2
two_stage_feedback_net_log15,Ascend910B3,20,external_v2_skinny_n,3584,73,12288,fp16,0,0,3:3584:32:12288:416:32:16:16:2:4:1:1:2:2:2:1:1:1:1:1:3:1:0
two_stage_feedback_net_log15,Ascend910B3,20,external_v2_skinny_n,3584,73,12288,fp16,0,0,4:896:144:12288:144:144:96:4:2:4:1:1:1:1:1:1:1:1:1:4:1:0:0
two_stage_feedback_net_log15,Ascend910B3,20,external_v2_layout_tn,1792,2560,3584,fp16,1,0,15:368:864:3584:64:16:32:2:2:1:1:0:1:1:1:2:1:1:3:5:1:0:0
two_stage_feedback_net_log15,Ascend910B3,20,external_v2_layout_tn,1792,2560,3584,fp16,1,0,10:1792:384:384:128:128:128:6:9:1:3:0:3:3:2:2:1:1:1:1:7:0:3
two_stage_feedback_net_log15,Ascend910B3,20,external_v2_layout_tn,1792,2560,3584,fp16,1,0,10:1792:384:384:128:128:128:6:9:1:3:0:3:3:2:2:2:1:7:1:1:1:3
two_stage_feedback_net_log15,Ascend910B3,20,external_v2_layout_tn,1792,2560,3584,fp16,1,0,10:1792:384:384:128:128:128:6:9:1:3:0:3:3:2:2:1:1:3:1:3:2:3
two_stage_feedback_net_log15,Ascend910B3,20,external_v2_layout_tn,1792,2560,3584,fp16,1,0,9:1792:384:384:128:128:128:6:9:1:3:0:3:3:2:2:2:1:1:1:7:0:3
two_stage_feedback_net_log15,Ascend910B3,20,external_v2_layout_tn,1792,2560,3584,fp16,1,0,9:1792:384:384:128:128:128:6:9:1:3:0:3:3:2:2:1:1:1:1:7:2:3
two_stage_feedback_net_log15,Ascend910B3,20,external_v2_layout_tn,1792,2560,3584,fp16,1,0,13:144:2560:3520:16:16:80:44:88:1:1:0:44:44:1:2:1:3:1:6:1:0:2
two_stage_feedback_net_log15,Ascend910B3,20,external_v2_layout_tn,1792,2560,3584,fp16,1,0,10:384:2560:384:128:128:128:9:6:3:1:1:3:3:2:2:2:1:1:5:1:0:3
two_stage_feedback_net_log15,Ascend910B3,20,external_v2_layout_nt,1664,2432,3328,fp16,0,1,19:1664:128:3328:16:48:640:6:6:1:1:1:6:6:2:1:1:1:2:1:15:2:0
two_stage_feedback_net_log15,Ascend910B3,20,external_v2_layout_nt,1664,2432,3328,fp16,0,1,9:1664:384:384:128:128:128:6:9:1:3:0:3:3:2:2:1:1:1:1:7:0:3
two_stage_feedback_net_log15,Ascend910B3,20,external_v2_layout_nt,1664,2432,3328,fp16,0,1,9:1664:384:384:128:128:128:6:9:1:3:0:3:3:2:2:2:1:3:1:3:2:3
two_stage_feedback_net_log15,Ascend910B3,20,external_v2_layout_nt,1664,2432,3328,fp16,0,1,9:384:2432:384:128:128:128:9:6:3:1:1:3:3:2:2:2:1:1:5:1:0:3
two_stage_feedback_net_log15,Ascend910B3,20,external_v2_layout_nt,1664,2432,3328,fp16,0,1,7:1664:384:384:128:128:128:6:9:1:3:0:3:3:2:2:2:1:1:1:7:1:3
two_stage_feedback_net_log15,Ascend910B3,20,external_v2_layout_nt,1664,2432,3328,fp16,0,1,18:560:416:1280:16:16:160:32:32:4:4:0:8:8:1:1:1:3:1:1:6:2:2
two_stage_feedback_net_log15,Ascend910B3,20,external_v2_layout_nt,1664,2432,3328,fp16,0,1,8:384:2432:384:128:128:128:9:6:3:1:1:3:3:2:2:2:1:1:5:1:0:3
two_stage_feedback_net_log15,Ascend910B3,20,external_v2_layout_tt,1280,1920,2560,fp16,1,1,20:256:480:2560:48:80:256:2:4:1:2:1:2:2:2:1:1:5:1:1:4:0:0
two_stage_feedback_net_log15,Ascend910B3,20,external_v2_layout_tt,1280,1920,2560,fp16,1,1,18:432:320:2560:32:32:64:8:32:1:2:1:8:8:2:2:2:3:6:1:1:0:0
two_stage_feedback_net_log15,Ascend910B3,20,external_v2_layout_tt,1280,1920,2560,fp16,1,1,20:256:480:2560:16:16:256:16:8:4:4:1:2:2:1:1:1:2:1:4:4:0:0
two_stage_feedback_net_log15,Ascend910B3,20,external_v2_layout_tt,1280,1920,2560,fp16,1,1,18:640:224:2560:32:32:128:16:8:2:1:0:8:8:1:1:1:2:2:1:6:0:0
two_stage_feedback_net_log15,Ascend910B3,20,external_v2_layout_tt,1280,1920,2560,fp16,1,1,20:320:384:2560:32:80:32:4:4:2:1:1:2:2:2:2:2:1:3:4:2:0:0
two_stage_feedback_net_log15,Ascend910B3,20,external_v2_layout_tt,1280,1920,2560,fp16,1,1,20:640:192:1280:16:32:160:32:32:4:4:1:8:8:2:1:1:1:2:2:8:0:2
two_stage_feedback_net_log15,Ascend910B3,20,external_v2_layout_tt,1280,1920,2560,fp16,1,1,18:432:320:2560:80:48:48:4:8:1:1:1:4:4:1:2:1:1:2:3:3:0:0
two_stage_feedback_net_log15,Ascend910B3,20,external_v2_layout_tt,1280,1920,2560,fp16,1,1,12:640:352:2560:64:352:48:32:8:2:1:1:8:8:1:1:1:2:6:1:1:0:0
two_stage_feedback_net_log15,Ascend910B3,20,external_v2_layout_tt,1280,1920,2560,fp16,1,1,20:64:1920:2560:16:16:80:16:8:4:2:1:2:2:2:2:1:10:1:2:1:0:0
two_stage_feedback_net_log15,Ascend910B3,20,external_v2_layout_tt,1280,1920,2560,fp16,1,1,8:1280:240:2560:32:240:16:2:2:2:1:0:1:1:2:1:1:1:3:1:3:0:0
two_stage_feedback_net_log15,Ascend910B3,20,external_v2_layout_tt,1280,1920,2560,fp16,1,1,5:256:1920:2560:256:32:48:16:32:1:4:1:8:8:2:2:2:5:1:1:1:0:0
two_stage_feedback_net_log15,Ascend910B3,20,external_v2_layout_tt,1280,1920,2560,fp16,1,1,5:256:1920:2560:256:16:128:4:2:1:1:1:2:2:1:2:1:2:1:3:1:0:0
two_stage_feedback_net_log15,Ascend910B3,20,external_v2_layout_tt,1280,1920,2560,fp16,1,1,20:224:160:2560:16:16:1024:8:2:2:1:0:2:2:2:2:1:2:3:3:5:0:0
two_stage_feedback_net_log15,Ascend910B3,20,external_v2_layout_tt,1280,1920,2560,fp16,1,1,20:1280:32:2560:96:16:16:4:4:1:2:0:2:2:2:2:1:1:4:1:19:0:0
two_stage_feedback_net_log15,Ascend910B3,20,external_v2_layout_tt,1280,1920,2560,fp16,1,1,14:1280:144:96:64:48:96:2:6:2:3:0:1:1:1:1:1:1:2:1:9:1:2
two_stage_feedback_net_log15,Ascend910B3,20,external_v2_layout_tt,1280,1920,2560,fp16,1,1,7:384:1920:384:128:128:128:9:6:3:1:1:3:3:2:2:2:1:1:4:1:0:3
two_stage_feedback_net_log15,Ascend910B3,20,external_v2_bf16_aligned,2560,3584,5120,bf16,0,0,20:864:80:5120:128:80:96:4:2:1:1:1:2:2:2:2:1:1:15:3:3:1:0
two_stage_feedback_net_log15,Ascend910B3,20,external_v2_bf16_aligned,2560,3584,5120,bf16,0,0,14:368:1792:5120:160:80:192:2:8:1:4:1:1:1:1:2:1:7:1:1:2:0:0
two_stage_feedback_net_log15,Ascend910B3,20,external_v2_bf16_aligned,2560,3584,5120,bf16,0,0,20:208:288:5120:80:96:256:2:8:1:2:0:2:2:1:1:1:1:5:13:3:0:0
two_stage_feedback_net_log15,Ascend910B3,20,external_v2_bf16_aligned,2560,3584,5120,bf16,0,0,12:224:3584:5120:48:64:512:2:4:2:4:1:1:1:1:1:1:1:1:12:1:0:0
two_stage_feedback_net_log15,Ascend910B3,20,external_v2_bf16_aligned,2560,3584,5120,bf16,0,0,10:256:3584:5120:128:48:224:1:8:1:4:1:1:1:1:1:1:5:1:2:1:0:0
two_stage_feedback_net_log15,Ascend910B3,20,external_v2_bf16_aligned,2560,3584,5120,bf16,0,0,12:224:3584:5120:80:64:320:1:2:1:2:1:1:1:1:1:1:12:1:1:1:0:0
two_stage_feedback_net_log15,Ascend910B3,20,external_v2_bf16_aligned,2560,3584,5120,bf16,0,0,12:224:3584:5120:32:208:128:8:8:4:2:1:2:2:1:1:1:12:1:1:1:0:0
two_stage_feedback_net_log15,Ascend910B3,20,external_v2_bf16_aligned,2560,3584,5120,bf16,0,0,20:864:80:5120:32:80:128:4:2:1:1:1:2:2:2:2:1:1:45:3:1:2:0
two_stage_feedback_net_log15,Ascend910B3,20,external_v2_bf16_aligned,2560,3584,5120,bf16,0,0,7:2560:512:5120:64:512:16:32:16:2:1:0:8:8:1:1:1:1:3:1:3:1:0
two_stage_feedback_net_log15,Ascend910B3,20,external_v2_bf16_aligned,2560,3584,5120,bf16,0,0,20:864:80:5120:320:80:48:8:2:2:1:0:2:2:2:2:1:1:7:3:7:0:0
two_stage_feedback_net_log15,Ascend910B3,20,external_v2_bf16_aligned,2560,3584,5120,bf16,0,0,20:640:96:5120:320:96:48:8:8:1:1:0:4:4:1:1:1:4:2:1:24:1:0
two_stage_feedback_net_log15,Ascend910B3,20,external_v2_bf16_aligned,2560,3584,5120,bf16,0,0,14:368:1792:5120:16:240:64:4:16:1:4:1:2:2:1:1:1:1:1:7:2:0:0
two_stage_feedback_net_log15,Ascend910B3,20,external_v2_bf16_aligned,2560,3584,5120,bf16,0,0,20:240:256:5120:32:32:512:8:8:2:2:0:4:4:2:1:1:1:4:11:4:2:0
two_stage_feedback_net_log15,Ascend910B3,20,external_v2_bf16_aligned,2560,3584,5120,bf16,0,0,20:80:896:5120:80:32:192:4:2:1:1:1:2:2:1:2:1:16:2:2:3:1:0
two_stage_feedback_net_log15,Ascend910B3,20,external_v2_bf16_aligned,2560,3584,5120,bf16,0,0,20:128:448:5120:112:48:256:4:8:1:2:0:2:2:1:2:1:20:1:1:8:2:0
two_stage_feedback_net_log15,Ascend910B3,20,external_v2_bf16_aligned,2560,3584,5120,bf16,0,0,20:432:128:5120:80:64:128:16:8:4:1:0:4:4:2:2:2:6:2:1:22:1:0
two_stage_feedback_net_log15,Ascend910B3,20,external_v2_bf16_odd,1023,1537,3073,bf16,0,0,20:256:320:3073:16:48:224:8:4:4:2:0:2:2:2:2:2:4:1:1:5:0:0
two_stage_feedback_net_log15,Ascend910B3,20,external_v2_bf16_odd,1023,1537,3073,bf16,0,0,20:256:320:3073:16:48:48:16:16:1:1:0:8:8:2:2:1:4:1:1:5:0:0
two_stage_feedback_net_log15,Ascend910B3,20,external_v2_bf16_odd,1023,1537,3073,bf16,0,0,20:256:320:3073:32:64:80:4:2:4:1:0:1:1:2:1:1:1:5:4:1:0:0
two_stage_feedback_net_log15,Ascend910B3,20,external_v2_bf16_odd,1023,1537,3073,bf16,0,0,20:512:160:3073:32:16:192:2:4:1:1:0:2:2:1:2:1:1:1:2:10:0:0
two_stage_feedback_net_log15,Ascend910B3,20,external_v2_bf16_odd,1023,1537,3073,bf16,0,0,20:208:400:3073:16:32:160:2:2:2:1:1:1:1:2:1:1:1:2:5:2:0:0
two_stage_feedback_net_log15,Ascend910B3,20,external_v2_bf16_odd,1023,1537,3073,bf16,0,0,20:208:400:3073:32:16:160:2:2:1:2:0:1:1:1:2:1:1:4:5:1:0:0
two_stage_feedback_net_log15,Ascend910B3,20,external_v2_bf16_odd,1023,1537,3073,bf16,0,0,20:512:160:3073:48:96:64:8:4:2:1:1:2:2:1:1:1:1:3:2:4:0:0
two_stage_feedback_net_log15,Ascend910B3,20,external_v2_bf16_odd,1023,1537,3073,bf16,0,0,20:208:400:3073:32:64:48:2:2:2:1:1:1:1:2:1:1:5:1:1:4:0:0
two_stage_feedback_net_log15,Ascend910B3,20,external_v2_bf16_odd,1023,1537,3073,bf16,0,0,20:32:1552:3073:16:16:1792:2:1:1:1:0:1:1:1:1:1:11:1:3:1:0:0
two_stage_feedback_net_log15,Ascend910B3,20,external_v2_bf16_odd,1023,1537,3073,bf16,0,0,20:288:96:3073:288:32:48:16:24:1:3:1:8:8:2:2:2:1:1:4:17:0:0
two_stage_feedback_net_log15,Ascend910B3,20,external_v2_bf16_odd,1023,1537,3073,bf16,0,0,2:640:1552:3073:640:16:48:8:16:1:4:1:4:4:1:2:1:2:1:1:1:0:0
two_stage_feedback_net_log15,Ascend910B3,20,external_v2_bf16_odd,1023,1537,3073,bf16,0,0,20:176:64:3073:16:16:448:16:8:2:2:0:4:4:2:2:1:1:4:6:8:2:0
two_stage_feedback_net_log15,Ascend910B3,20,external_v2_bf16_odd,1023,1537,3073,bf16,0,0,20:64:144:3073:64:80:224:8:8:1:1:1:4:4:2:1:1:8:6:2:2:2:0
two_stage_feedback_net_log15,Ascend910B3,20,external_v2_bf16_odd,1023,1537,3073,bf16,0,0,20:48:176:3073:16:32:32:4:4:2:4:0:1:1:2:2:2:6:2:4:6:1:0
two_stage_feedback_net_log15,Ascend910B3,20,external_v2_bf16_odd,1023,1537,3073,bf16,0,0,20:208:64:768:48:16:48:64:128:4:4:1:16:16:1:2:1:1:1:5:25:0:2
two_stage_feedback_net_log15,Ascend910B3,20,external_v2_bf16_odd,1023,1537,3073,bf16,0,0,20:80:144:192:48:32:48:8:4:1:1:0:4:4:2:2:2:1:3:13:5:2:2
two_stage_feedback_net_log15,Ascend910B3,20,external_v2_fp32_nn,768,1280,1536,fp32,0,0,5:384:1280:192:128:128:64:9:6:3:1:1:3:3:2:2:2:2:1:1:1:0:3
two_stage_feedback_net_log15,Ascend910B3,20,external_v2_fp32_nn,768,1280,1536,fp32,0,0,4:384:1280:192:128:128:64:9:6:3:1:1:3:3:2:2:2:2:1:1:1:1:3
two_stage_feedback_net_log15,Ascend910B3,20,external_v2_fp32_nn,768,1280,1536,fp32,0,0,4:384:1280:192:128:128:64:9:6:3:1:1:3:3:2:2:1:2:1:1:1:0:3
two_stage_feedback_net_log15,Ascend910B3,20,external_v2_fp32_nn,768,1280,1536,fp32,0,0,4:192:1280:128:192:16:16:8:8:1:1:0:8:8:1:2:2:2:1:3:1:0:2
two_stage_feedback_net_log15,Ascend910B3,20,external_v2_fp32_nn,768,1280,1536,fp32,0,0,4:192:1280:128:192:16:16:8:8:1:1:1:8:8:1:2:1:2:1:3:1:0:2
two_stage_feedback_net_log15,Ascend910B3,20,external_v2_fp32_nn,768,1280,1536,fp32,0,0,20:32:192:1536:16:48:48:16:32:1:2:1:8:8:2:1:2:24:2:1:5:1:0
two_stage_feedback_net_log15,Ascend910B3,20,external_v2_fp32_nn,768,1280,1536,fp32,0,0,20:32:192:1536:16:48:48:16:32:1:2:0:8:8:2:1:1:24:2:1:5:1:0
two_stage_feedback_net_log15,Ascend910B3,20,external_v2_fp32_nn,768,1280,1536,fp32,0,0,20:32:192:1536:16:48:48:16:32:1:2:1:8:8:2:1:1:24:2:1:5:2:0
two_stage_feedback_net_log15,Ascend910B3,20,external_v2_fp32_nn,768,1280,1536,fp32,0,0,20:768:64:1536:16:16:128:32:32:2:4:1:8:8:2:1:1:1:20:1:1:0:0
two_stage_feedback_net_log15,Ascend910B3,20,external_v2_fp32_nn,768,1280,1536,fp32,0,0,8:192:640:192:48:64:64:12:12:4:4:0:3:3:1:1:1:4:2:1:1:2:2
two_stage_feedback_net_log15,Ascend910B3,20,external_v2_fp32_nn,768,1280,1536,fp32,0,0,8:192:640:128:48:64:16:64:64:4:4:1:8:8:2:2:2:2:1:3:2:2:2
two_stage_feedback_net_log15,Ascend910B3,20,external_v2_fp32_nn,768,1280,1536,fp32,0,0,12:288:320:32:96:32:16:6:4:3:2:0:2:2:2:2:2:1:2:3:2:0:2
two_stage_feedback_net_log15,Ascend910B3,20,external_v2_fp32_nn,768,1280,1536,fp32,0,0,4:768:384:64:64:96:32:16:16:4:4:1:2:2:1:1:1:1:2:1:2:0:2
two_stage_feedback_net_log15,Ascend910B3,20,external_v2_fp32_nn,768,1280,1536,fp32,0,0,20:128:320:16:32:16:16:1:1:1:1:1:1:1:2:2:1:6:1:1:4:1:2
two_stage_feedback_net_log15,Ascend910B3,20,external_v2_fp32_nn,768,1280,1536,fp32,0,0,20:160:48:80:32:16:80:4:6:2:3:0:1:1:1:2:1:5:2:1:23:0:2
two_stage_feedback_net_log15,Ascend910B3,20,external_v2_fp32_nn,768,1280,1536,fp32,0,0,1:768:384:192:128:128:64:6:9:1:3:0:3:3:2:2:2:1:1:1:4:1:3
two_stage_feedback_net_log15,Ascend910B3,20,external_v2_fp32_nt,32,352,5120,fp32,0,1,16:16:48:5120:16:16:96:8:12:1:3:0:4:4:2:1:2:1:2:2:7:0:0
two_stage_feedback_net_log15,Ascend910B3,20,external_v2_fp32_nt,32,352,5120,fp32,0,1,16:16:48:5120:16:16:256:8:8:1:2:1:4:4:1:2:1:1:4:2:2:0:0
two_stage_feedback_net_log15,Ascend910B3,20,external_v2_fp32_nt,32,352,5120,fp32,0,1,10:16:80:240:16:16:80:6:6:1:1:1:3:3:1:2:1:2:5:1:1:0:2
two_stage_feedback_net_log15,Ascend910B3,20,external_v2_fp32_nt,32,352,5120,fp32,0,1,19:48:16:1536:48:16:8:192:384:1:1:0:192:192:2:2:2:1:1:1:22:2:2
two_stage_feedback_net_log15,Ascend910B3,20,external_v2_fp32_nt,32,352,5120,fp32,0,1,20:48:16:1536:48:16:8:192:384:1:1:0:192:192:2:2:2:1:2:1:11:2:2
two_stage_feedback_net_log15,Ascend910B3,20,external_v2_fp32_nt,32,352,5120,fp32,0,1,1:32:352:16:32:16:16:2:2:1:1:1:1:1:2:2:1:1:1:1:1:1:2
two_stage_feedback_net_log15,Ascend910B3,20,external_v2_fp32_nt,32,352,5120,fp32,0,1,5:64:64:480:16:16:160:24:24:4:4:0:3:3:1:1:1:1:1:1:6:0:2
two_stage_feedback_net_log15,Ascend910B3,20,external_v2_fp32_nt,32,352,5120,fp32,0,1,20:416:16:5120:416:16:16:4:4:1:1:0:2:2:1:2:1:1:2:1:18:2:0
two_stage_feedback_net_log15,Ascend910B3,20,external_v2_fp32_nt,32,352,5120,fp32,0,1,10:16:80:2560:16:16:80:32:32:1:1:0:32:32:1:2:1:2:1:1:5:1:2
two_stage_feedback_net_log15,Ascend910B3,20,external_v2_fp32_nt,32,352,5120,fp32,0,1,10:16:80:5120:16:64:128:4:4:1:1:1:2:2:2:2:2:2:2:1:3:0:0
two_stage_feedback_net_log15,Ascend910B3,20,external_v2_fp32_nt,32,352,5120,fp32,0,1,20:112:16:5120:112:16:48:1:2:1:1:1:1:1:2:2:2:1:2:1:11:0:0
two_stage_feedback_net_log15,Ascend910B3,20,external_v2_fp32_nt,32,352,5120,fp32,0,1,8:32:48:640:16:16:40:64:96:2:3:1:16:16:2:2:1:1:2:1:4:2:2
two_stage_feedback_net_log15,Ascend910B3,20,external_v2_fp32_nt,32,352,5120,fp32,0,1,4:16:192:5120:16:192:8:8:8:1:1:1:4:4:1:1:1:1:2:2:1:0:0
two_stage_feedback_net_log15,Ascend910B3,20,external_v2_fp32_nt,32,352,5120,fp32,0,1,20:144:16:5120:144:16:48:16:16:1:1:1:8:8:1:1:1:1:22:1:1:0:0
two_stage_feedback_net_log15,Ascend910B3,20,external_v2_fp32_nt,32,352,5120,fp32,0,1,5:48:80:8:48:16:8:1:2:1:1:1:1:1:1:1:1:1:5:1:1:1:2
two_stage_feedback_net_log15,Ascend910B3,20,external_v2_fp32_nt,32,352,5120,fp32,0,1,2:32:288:5120:16:288:8:8:4:2:1:1:2:2:2:2:2:1:2:1:1:0:0
two_stage_feedback_net_log15,Ascend910B3,20,external_v2_fp32_tn,640,960,1280,fp32,1,0,20:112:128:1280:48:128:128:1:1:1:1:0:1:1:2:1:1:6:2:1:5:1:0
two_stage_feedback_net_log15,Ascend910B3,20,external_v2_fp32_tn,640,960,1280,fp32,1,0,20:112:128:1280:48:128:128:1:1:1:1:0:1:1:2:1:2:6:2:1:5:0:0
two_stage_feedback_net_log15,Ascend910B3,20,external_v2_fp32_tn,640,960,1280,fp32,1,0,20:320:96:768:16:16:128:24:24:4:4:0:6:6:2:2:1:1:3:2:4:1:2
two_stage_feedback_net_log15,Ascend910B3,20,external_v2_fp32_tn,640,960,1280,fp32,1,0,15:128:320:1280:32:32:16:32:32:4:4:0:4:4:2:2:1:3:1:2:3:0:0
two_stage_feedback_net_log15,Ascend910B3,20,external_v2_fp32_tn,640,960,1280,fp32,1,0,8:80:960:1280:80:96:16:8:64:1:4:1:8:8:2:2:2:8:1:1:1:1:0
two_stage_feedback_net_log15,Ascend910B3,20,external_v2_fp32_tn,640,960,1280,fp32,1,0,8:80:960:1280:80:96:16:8:64:1:4:0:8:8:2:2:2:8:1:1:1:0:0
two_stage_feedback_net_log15,Ascend910B3,20,external_v2_fp32_tn,640,960,1280,fp32,1,0,8:80:960:1280:80:96:16:8:64:1:4:1:8:8:2:2:1:8:1:1:1:0:0
two_stage_feedback_net_log15,Ascend910B3,20,external_v2_fp32_tn,640,960,1280,fp32,1,0,2:640:496:1280:32:496:16:16:8:1:1:0:8:8:2:2:1:1:1:1:2:0:0
two_stage_feedback_net_log15,Ascend910B3,20,external_v2_fp32_tn,640,960,1280,fp32,1,0,20:32:320:1280:32:16:160:4:4:1:1:1:4:4:2:2:1:1:1:20:3:0:0
two_stage_feedback_net_log15,Ascend910B3,20,external_v2_fp32_tn,640,960,1280,fp32,1,0,8:592:240:1280:592:32:16:1:1:1:1:0:1:1:1:1:1:1:1:2:4:0:0
two_stage_feedback_net_log15,Ascend910B3,20,external_v2_fp32_tn,640,960,1280,fp32,1,0,20:32:160:1280:32:32:256:5:10:1:1:1:5:5:2:2:1:20:2:1:5:0:0
two_stage_feedback_net_log15,Ascend910B3,20,external_v2_fp32_tn,640,960,1280,fp32,1,0,5:640:208:1280:32:208:16:1:1:1:1:1:1:1:1:1:1:1:5:1:1:0:0
two_stage_feedback_net_log15,Ascend910B3,20,external_v2_fp32_tn,640,960,1280,fp32,1,0,4:160:960:1280:160:128:16:2:1:1:1:1:1:1:2:1:1:2:1:2:1:0:0
two_stage_feedback_net_log15,Ascend910B3,20,external_v2_fp32_tn,640,960,1280,fp32,1,0,2:640:512:1280:64:512:16:2:1:1:1:0:1:1:1:1:1:1:1:1:2:0:0
two_stage_feedback_net_log15,Ascend910B3,20,external_v2_fp32_tn,640,960,1280,fp32,1,0,20:96:48:1280:64:16:64:1:1:1:1:0:1:1:2:2:2:3:4:3:5:0:0
two_stage_feedback_net_log15,Ascend910B3,20,external_v2_fp32_tn,640,960,1280,fp32,1,0,2:320:960:128:80:48:16:64:64:4:4:1:8:8:1:1:1:2:1:1:1:2:2
two_stage_feedback_net_log15,Ascend910B3,20,external_v2_fp32_tt,384,640,768,fp32,1,1,19:80:160:512:32:48:64:16:24:2:3:1:8:8:2:1:1:1:2:5:2:0:2
two_stage_feedback_net_log15,Ascend910B3,20,external_v2_fp32_tt,384,640,768,fp32,1,1,3:128:640:768:128:64:48:2:4:1:1:1:2:2:2:2:2:2:1:2:1:0:0
two_stage_feedback_net_log15,Ascend910B3,20,external_v2_fp32_tt,384,640,768,fp32,1,1,20:112:128:768:112:48:16:8:8:1:2:0:4:4:1:1:2:1:1:4:5:0:0
two_stage_feedback_net_log15,Ascend910B3,20,external_v2_fp32_tt,384,640,768,fp32,1,1,20:80:160:384:32:48:64:12:18:2:3:1:6:6:2:1:1:1:2:5:2:2:2
two_stage_feedback_net_log15,Ascend910B3,20,external_v2_fp32_tt,384,640,768,fp32,1,1,20:80:160:384:32:48:64:12:18:2:3:0:6:6:2:1:1:1:2:5:2:1:2
two_stage_feedback_net_log15,Ascend910B3,20,external_v2_fp32_tt,384,640,768,fp32,1,1,20:80:160:512:32:48:64:16:24:2:3:0:8:8:2:1:2:1:2:5:2:0:2
two_stage_feedback_net_log15,Ascend910B3,20,external_v2_fp32_tt,384,640,768,fp32,1,1,20:80:160:512:32:48:64:16:24:2:3:1:8:8:2:1:2:1:2:5:2:1:2
two_stage_feedback_net_log15,Ascend910B3,20,external_v2_fp32_tt,384,640,768,fp32,1,1,19:80:160:384:32:48:64:12:18:2:3:1:6:6:2:1:2:1:2:5:2:0:2
two_stage_feedback_net_log15,Ascend910B3,20,external_v2_fp32_tt,384,640,768,fp32,1,1,20:384:16:768:16:16:320:6:6:1:1:0:3:3:2:1:1:1:7:1:6:0:0
two_stage_feedback_net_log15,Ascend910B3,20,external_v2_fp32_tt,384,640,768,fp32,1,1,15:160:144:768:160:144:96:2:2:1:1:1:2:2:1:1:1:3:1:1:5:0:0
two_stage_feedback_net_log15,Ascend910B3,20,external_v2_fp32_tt,384,640,768,fp32,1,1,3:176:640:768:176:16:16:2:2:1:1:0:1:1:2:1:1:1:1:3:1:0:0
two_stage_feedback_net_log15,Ascend910B3,20,external_v2_fp32_tt,384,640,768,fp32,1,1,20:16:320:768:16:64:256:6:6:1:1:0:3:3:1:1:1:2:1:13:2:0:0
two_stage_feedback_net_log15,Ascend910B3,20,external_v2_fp32_tt,384,640,768,fp32,1,1,20:192:16:640:16:16:80:16:16:1:1:0:8:8:2:2:1:1:1:2:40:2:2
two_stage_feedback_net_log15,Ascend910B3,20,external_v2_fp32_tt,384,640,768,fp32,1,1,20:16:224:768:16:112:64:16:16:1:2:1:8:8:1:1:1:8:1:3:3:0:0
two_stage_feedback_net_log15,Ascend910B3,20,external_v2_fp32_tt,384,640,768,fp32,1,1,2:224:640:768:224:112:48:8:8:1:1:0:4:4:1:1:1:1:1:2:1:0:0
two_stage_feedback_net_log15,Ascend910B3,20,external_v2_fp32_tt,384,640,768,fp32,1,1,2:192:640:16:64:80:16:6:4:3:2:1:1:1:2:2:1:2:1:1:1:1:2
two_stage_feedback_net_log15,Ascend910B3,20,external_v2_template_al1,16,304,5120,fp32,0,1,19:16:16:5120:16:16:160:1:1:1:1:1:1:1:2:2:2:1:2:1:12:0:0
two_stage_feedback_net_log15,Ascend910B3,20,external_v2_template_al1,16,304,5120,fp32,0,1,18:16:16:5120:16:16:160:1:1:1:1:1:1:1:1:1:1:1:4:1:6:0:0
two_stage_feedback_net_log15,Ascend910B3,20,external_v2_template_al1,16,304,5120,fp32,0,1,19:128:16:5120:128:16:56:16:16:1:1:1:8:8:2:2:2:1:19:1:1:1:0
two_stage_feedback_net_log15,Ascend910B3,20,external_v2_template_al1,16,304,5120,fp32,0,1,19:16:16:5120:16:16:160:1:1:1:1:0:1:1:2:2:1:1:4:1:6:0:0
two_stage_feedback_net_log15,Ascend910B3,20,external_v2_template_al1,16,304,5120,fp32,0,1,18:16:16:5120:16:16:160:1:1:1:1:1:1:1:2:2:2:1:4:1:6:1:0
two_stage_feedback_net_log15,Ascend910B3,20,external_v2_template_al1,16,304,5120,fp32,0,1,19:16:16:5120:16:16:160:1:1:1:1:0:1:1:1:1:2:1:4:1:6:0:0
two_stage_feedback_net_log15,Ascend910B3,20,external_v2_template_al1,16,304,5120,fp32,0,1,19:16:16:5120:16:16:640:8:1:1:1:0:8:1:1:1:1:1:1:1:19:0:10
two_stage_feedback_net_log15,Ascend910B3,20,external_v2_template_al1,16,304,5120,fp32,0,1,19:128:16:5120:128:16:56:16:16:1:1:0:8:8:2:2:1:1:19:1:1:0:0
two_stage_feedback_net_log15,Ascend910B3,20,external_v2_template_al1,16,304,5120,fp32,0,1,19:80:16:5120:80:16:8:1:1:1:1:1:1:1:1:1:1:1:10:1:2:0:0
two_stage_feedback_net_log15,Ascend910B3,20,external_v2_template_al1,16,304,5120,fp32,0,1,5:32:64:5120:32:32:256:4:4:1:2:0:2:2:2:2:2:1:1:1:5:0:0
two_stage_feedback_net_log15,Ascend910B3,20,external_v2_template_al1,16,304,5120,fp32,0,1,10:432:32:5120:432:32:8:1:1:1:1:0:1:1:1:1:1:1:4:1:3:0:0
two_stage_feedback_net_log15,Ascend910B3,20,external_v2_template_al1,16,304,5120,fp32,0,1,5:16:64:1280:16:16:40:64:64:1:1:0:32:32:1:2:1:1:2:1:3:1:2
two_stage_feedback_net_log15,Ascend910B3,20,external_v2_template_al1,16,304,5120,fp32,0,1,5:48:64:384:48:64:24:32:32:1:1:0:16:16:2:2:2:1:2:1:3:1:2
two_stage_feedback_net_log15,Ascend910B3,20,external_v2_template_al1,16,304,5120,fp32,0,1,2:128:160:192:64:48:48:8:12:2:3:1:4:4:1:1:1:1:2:1:1:0:2
two_stage_feedback_net_log15,Ascend910B3,20,external_v2_template_al1,16,304,5120,fp32,0,1,1:16:304:5120:16:304:8:640:1:1:1:0:640:1:1:2:1:1:1:1:1:2:10
two_stage_feedback_net_log15,Ascend910B3,20,external_v2_template_al1,16,304,5120,fp32,0,1,1:16:304:5120:16:112:64:16:16:1:2:1:8:8:1:1:1:1:1:1:1:0:0
two_stage_feedback_net_log15,Ascend910B3,20,external_v2_template_bl1,49152,160,128,fp16,0,0,20:2464:160:128:208:64:32:4:12:1:3:1:4:4:1:1:1:10:1:2:1:0:20
two_stage_feedback_net_log15,Ascend910B3,20,external_v2_template_bl1,49152,160,128,fp16,0,0,20:1648:912:128:32:912:32:16:4:2:1:1:4:4:2:1:1:4:1:8:1:0:0
two_stage_feedback_net_log15,Ascend910B3,20,external_v2_template_bl1,49152,160,128,fp16,0,0,1:24576:240:128:32:240:32:1:2:1:1:1:1:1:2:1:1:2:1:1:1:0:0
two_stage_feedback_net_log15,Ascend910B3,20,external_v2_template_bl1,49152,160,128,fp16,0,0,20:2464:160:128:160:64:128:4:2:4:2:0:1:1:1:1:1:5:1:4:1:1:0
two_stage_feedback_net_log15,Ascend910B3,20,external_v2_template_bl1,49152,160,128,fp16,0,0,20:2464:160:128:192:48:16:8:32:1:4:0:8:8:2:1:1:2:1:12:1:0:20
two_stage_feedback_net_log15,Ascend910B3,20,external_v2_template_bl1,49152,160,128,fp16,0,0,13:3792:192:128:64:192:32:8:4:2:1:1:4:4:1:2:1:1:1:13:1:1:0
two_stage_feedback_net_log15,Ascend910B3,20,external_v2_template_bl1,49152,160,128,fp16,0,0,15:3280:160:128:16:112:112:4:8:1:2:0:2:2:2:1:2:15:1:1:1:1:20
two_stage_feedback_net_log15,Ascend910B3,20,external_v2_template_bl1,49152,160,128,fp16,0,0,20:2464:160:128:208:64:32:4:12:1:3:0:4:4:1:1:2:20:1:1:1:0:20
two_stage_feedback_net_log15,Ascend910B3,20,external_v2_template_bl1,49152,160,128,fp16,0,0,12:4096:160:80:16:16:80:1:1:1:1:1:1:1:1:2:1:3:1:5:1:2:2
two_stage_feedback_net_log15,Ascend910B3,20,external_v2_template_bl1,49152,160,128,fp16,0,0,10:4928:160:128:32:32:80:4:20:1:5:1:2:2:2:2:2:3:1:4:1:0:20
two_stage_feedback_net_log15,Ascend910B3,20,external_v2_template_bl1,49152,160,128,fp16,0,0,20:1824:160:128:144:16:112:4:40:1:10:0:2:2:1:2:1:27:1:1:1:1:20
two_stage_feedback_net_log15,Ascend910B3,20,external_v2_template_bl1,49152,160,128,fp16,0,0,7:7024:160:128:128:48:112:4:8:1:4:0:2:2:1:1:1:2:1:4:1:0:20
two_stage_feedback_net_log15,Ascend910B3,20,external_v2_template_bl1,49152,160,128,fp16,0,0,20:1536:160:128:416:16:16:16:80:1:10:1:8:8:2:2:2:1:1:32:1:2:20
two_stage_feedback_net_log15,Ascend910B3,20,external_v2_template_bl1,49152,160,128,fp16,0,0,4:24576:96:128:48:96:128:8:2:4:1:0:1:1:2:2:1:2:1:1:2:0:0
two_stage_feedback_net_log15,Ascend910B3,20,external_v2_template_bl1,49152,160,128,fp16,0,0,5:9840:544:128:48:544:16:2:1:1:1:0:1:1:1:2:1:1:1:5:1:0:0
two_stage_feedback_net_log15,Ascend910B3,20,external_v2_template_bl1,49152,160,128,fp16,0,0,1:49152:192:64:32:192:16:4:4:1:1:0:4:4:1:2:1:1:1:1:1:0:2
two_stage_feedback_net_log15,Ascend910B3,20,external_v2_dense_balanced_aligned,1792,2816,3584,fp16,0,0,18:608:480:3584:32:32:96:1:1:1:1:0:1:1:2:2:2:2:3:2:2:0:0
two_stage_feedback_net_log15,Ascend910B3,20,external_v2_dense_balanced_aligned,1792,2816,3584,fp16,0,0,18:896:320:3584:48:48:64:8:16:1:2:0:4:4:2:1:1:1:3:2:4:0:0
two_stage_feedback_net_log15,Ascend910B3,20,external_v2_dense_balanced_aligned,1792,2816,3584,fp16,0,0,14:128:2816:3584:32:16:1024:4:2:4:1:1:1:1:1:1:1:14:1:1:1:0:0
two_stage_feedback_net_log15,Ascend910B3,20,external_v2_dense_balanced_aligned,1792,2816,3584,fp16,0,0,20:192:1408:3584:16:16:128:8:4:4:2:0:2:2:1:2:1:4:1:3:2:0:0
two_stage_feedback_net_log15,Ascend910B3,20,external_v2_dense_balanced_aligned,1792,2816,3584,fp16,0,0,18:304:944:3584:32:32:64:8:4:2:1:0:4:4:2:2:1:2:1:4:3:0:0
two_stage_feedback_net_log15,Ascend910B3,20,external_v2_dense_balanced_aligned,1792,2816,3584,fp16,0,0,20:1792:144:3584:16:80:16:2:4:1:1:0:2:2:2:2:2:1:7:1:3:1:0
two_stage_feedback_net_log15,Ascend910B3,20,external_v2_dense_balanced_aligned,1792,2816,3584,fp16,0,0,15:368:944:3584:16:48:112:2:4:1:2:0:2:2:1:1:1:2:1:4:3:0:0
two_stage_feedback_net_log15,Ascend910B3,20,external_v2_dense_balanced_aligned,1792,2816,3584,fp16,0,0,18:896:320:3584:112:16:32:4:2:4:1:0:1:1:1:1:1:1:1:2:9:0:0
two_stage_feedback_net_log15,Ascend910B3,20,external_v2_dense_balanced_aligned,1792,2816,3584,fp16,0,0,13:144:2816:3584:16:16:80:4:16:2:4:0:2:2:1:2:1:1:1:13:1:0:0
two_stage_feedback_net_log15,Ascend910B3,20,external_v2_dense_balanced_aligned,1792,2816,3584,fp16,0,0,20:304:480:3584:16:16:384:4:2:2:2:0:1:1:1:1:1:1:1:6:6:0:0
two_stage_feedback_net_log15,Ascend910B3,20,external_v2_dense_balanced_aligned,1792,2816,3584,fp16,0,0,20:448:320:3584:48:16:64:4:4:1:1:0:4:4:1:1:1:1:3:4:3:0:0
two_stage_feedback_net_log15,Ascend910B3,20,external_v2_dense_balanced_aligned,1792,2816,3584,fp16,0,0,20:896:288:3584:16:16:192:8:32:1:4:0:4:4:2:1:1:2:3:1:4:0:0
two_stage_feedback_net_log15,Ascend910B3,20,external_v2_dense_balanced_aligned,1792,2816,3584,fp16,0,0,13:144:2816:3584:16:16:640:12:12:1:2:0:6:6:2:2:2:7:1:2:1:0:0
two_stage_feedback_net_log15,Ascend910B3,20,external_v2_dense_balanced_aligned,1792,2816,3584,fp16,0,0,20:48:2816:3584:48:16:32:16:32:1:4:1:8:8:2:2:2:13:1:3:1:0:0
two_stage_feedback_net_log15,Ascend910B3,20,external_v2_dense_balanced_aligned,1792,2816,3584,fp16,0,0,20:432:112:3584:432:64:32:2:2:1:1:0:1:1:2:2:1:1:3:5:10:0:0
two_stage_feedback_net_log15,Ascend910B3,20,external_v2_dense_balanced_aligned,1792,2816,3584,fp16,0,0,20:608:64:3584:112:48:112:8:2:2:1:1:2:2:1:2:1:1:22:3:2:2:0
two_stage_feedback_net_log15,Ascend910B3,20,external_v2_dense_balanced_aligned,1792,2816,3584,fp16,0,0,20:48:480:3584:48:64:64:4:4:1:1:0:4:4:2:2:1:19:2:2:3:0:0
two_stage_feedback_net_log15,Ascend910B3,20,external_v2_dense_balanced_aligned,1792,2816,3584,fp16,0,0,10:1792:384:384:128:128:128:6:9:1:3:0:3:3:2:2:2:1:2:1:4:1:3
two_stage_feedback_net_log15,Ascend910B3,20,external_v2_dense_balanced_aligned,1792,2816,3584,fp16,0,0,10:1792:384:384:128:128:128:6:9:1:3:0:3:3:2:2:1:1:1:1:8:1:3
two_stage_feedback_net_log15,Ascend910B3,20,external_v2_dense_balanced_aligned,1792,2816,3584,fp16,0,0,10:1792:384:384:128:128:128:6:9:1:3:0:3:3:2:2:2:1:1:1:8:2:3
two_stage_feedback_net_log15,Ascend910B3,20,external_v2_dense_balanced_aligned,1792,2816,3584,fp16,0,0,9:1792:384:384:128:128:128:6:9:1:3:0:3:3:2:2:2:1:1:1:8:1:3
two_stage_feedback_net_log15,Ascend910B3,20,external_v2_dense_balanced_aligned,1792,2816,3584,fp16,0,0,10:384:2816:384:128:128:128:9:6:3:1:1:3:3:2:2:2:1:1:5:1:0:3
two_stage_feedback_net_log15,Ascend910B3,20,external_v2_dense_balanced_aligned,1792,2816,3584,fp16,0,0,8:384:2816:384:128:128:128:9:6:3:1:1:3:3:2:2:2:1:1:5:1:0:3
two_stage_feedback_net_log15,Ascend910B3,20,external_v2_dense_balanced_aligned,1792,2816,3584,fp16,0,0,12:160:2816:1280:16:16:80:64:128:4:4:0:16:16:2:1:1:6:1:2:1:2:2
two_stage_feedback_net_log15,Ascend910B3,20,external_v2_dense_balanced_odd,1663,2591,3587,fp16,0,0,14:240:1296:3587:32:32:128:8:4:1:1:0:4:4:1:2:1:1:2:7:1:0:0
two_stage_feedback_net_log15,Ascend910B3,20,external_v2_dense_balanced_odd,1663,2591,3587,fp16,0,0,20:416:528:3587:64:16:80:8:8:2:2:0:4:4:1:2:1:2:2:3:3:0:0
two_stage_feedback_net_log15,Ascend910B3,20,external_v2_dense_balanced_odd,1663,2591,3587,fp16,0,0,18:1664:144:3587:16:112:48:4:8:1:1:0:4:4:2:2:2:1:2:1:9:0:0
two_stage_feedback_net_log15,Ascend910B3,20,external_v2_dense_balanced_odd,1663,2591,3587,fp16,0,0,20:416:528:3587:96:32:64:4:8:1:2:0:2:2:1:2:1:1:3:4:2:0:0
two_stage_feedback_net_log15,Ascend910B3,20,external_v2_dense_balanced_odd,1663,2591,3587,fp16,0,0,18:192:1296:3587:48:16:160:4:4:1:1:0:4:4:1:2:1:9:2:1:1:0:0
two_stage_feedback_net_log15,Ascend910B3,20,external_v2_dense_balanced_odd,1663,2591,3587,fp16,0,0,18:288:864:3587:48:16:32:16:16:2:1:0:8:8:1:2:1:2:1:3:3:0:0
two_stage_feedback_net_log15,Ascend910B3,20,external_v2_dense_balanced_odd,1663,2591,3587,fp16,0,0,16:416:656:3587:64:16:80:8:8:2:1:0:4:4:1:1:1:4:2:1:3:0:0
two_stage_feedback_net_log15,Ascend910B3,20,external_v2_dense_balanced_odd,1663,2591,3587,fp16,0,0,10:176:2592:3587:32:32:64:4:8:4:4:0:1:1:1:2:1:1:1:10:1:0:0
two_stage_feedback_net_log15,Ascend910B3,20,external_v2_dense_balanced_odd,1663,2591,3587,fp16,0,0,13:128:2592:3587:16:16:80:4:16:2:4:0:2:2:1:2:1:1:1:13:1:0:0
two_stage_feedback_net_log15,Ascend910B3,20,external_v2_dense_balanced_odd,1663,2591,3587,fp16,0,0,20:176:1296:3587:16:112:48:4:1:4:1:0:1:1:1:1:1:10:1:1:2:0:0
two_stage_feedback_net_log15,Ascend910B3,20,external_v2_dense_balanced_odd,1663,2591,3587,fp16,0,0,20:128:864:3587:32:32:80:16:4:4:1:0:4:4:1:2:1:7:1:2:3:1:0
two_stage_feedback_net_log15,Ascend910B3,20,external_v2_dense_balanced_odd,1663,2591,3587,fp16,0,0,20:288:656:3587:16:48:192:4:2:4:1:0:1:1:1:1:1:1:2:6:3:0:0
two_stage_feedback_net_log15,Ascend910B3,20,external_v2_dense_balanced_odd,1663,2591,3587,fp16,0,0,20:64:2592:3587:16:16:192:16:4:4:1:1:2:2:2:2:2:9:1:3:1:0:0
two_stage_feedback_net_log15,Ascend910B3,20,external_v2_dense_balanced_odd,1663,2591,3587,fp16,0,0,10:176:2592:3587:32:16:32:4:2:4:1:0:1:1:1:2:1:5:1:2:1:0:0
two_stage_feedback_net_log15,Ascend910B3,20,external_v2_dense_balanced_odd,1663,2591,3587,fp16,0,0,20:80:2592:3587:48:16:16:4:16:1:2:0:4:4:2:2:2:1:1:21:1:0:0
two_stage_feedback_net_log15,Ascend910B3,20,external_v2_dense_balanced_odd,1663,2591,3587,fp16,0,0,20:176:208:3587:16:80:320:8:8:1:1:0:4:4:2:1:1:4:4:3:4:2:0
two_stage_feedback_net_log15,Ascend910B3,20,external_v2_dense_balanced_odd,1663,2591,3587,fp16,0,0,20:336:96:3587:16:32:320:16:16:1:1:0:8:8:2:2:1:3:7:2:4:2:0
two_stage_feedback_net_log15,Ascend910B3,20,external_v2_dense_balanced_odd,1663,2591,3587,fp16,0,0,20:832:144:3587:16:16:128:8:4:2:1:0:2:2:1:2:1:2:6:1:3:2:0
two_stage_feedback_net_log15,Ascend910B3,20,external_v2_dense_balanced_odd,1663,2591,3587,fp16,0,0,20:80:432:3587:16:176:64:4:2:2:2:0:1:1:2:2:1:21:2:1:4:0:0
two_stage_feedback_net_log15,Ascend910B3,20,external_v2_dense_balanced_odd,1663,2591,3587,fp16,0,0,20:48:2592:3587:48:16:64:8:16:1:2:1:4:4:2:1:1:12:1:3:1:0:0
two_stage_feedback_net_log15,Ascend910B3,20,external_v2_dense_balanced_odd,1663,2591,3587,fp16,0,0,20:64:336:3587:16:64:256:8:2:4:1:0:1:1:2:2:1:13:3:2:3:0:0
two_stage_feedback_net_log15,Ascend910B3,20,external_v2_dense_balanced_odd,1663,2591,3587,fp16,0,0,20:48:432:3587:48:32:320:1:2:1:2:0:1:1:2:2:1:35:1:1:6:2:0
two_stage_feedback_net_log15,Ascend910B3,20,external_v2_dense_balanced_odd,1663,2591,3587,fp16,0,0,20:560:48:3587:144:48:96:4:4:1:1:0:2:2:2:2:2:3:18:1:3:1:0
two_stage_feedback_net_log15,Ascend910B3,20,external_v2_dense_balanced_odd,1663,2591,3587,fp16,0,0,10:384:2592:384:128:128:128:9:6:3:1:1:3:3:2:2:2:1:1:5:1:0:3
two_stage_feedback_net_log15,Ascend910B3,20,external_v2_dense_tall,3584,896,5120,fp16,0,0,14:256:896:5120:16:32:384:4:16:1:2:0:4:4:1:2:1:4:1:4:1:0:0
two_stage_feedback_net_log15,Ascend910B3,20,external_v2_dense_tall,3584,896,5120,fp16,0,0,14:256:896:5120:16:32:384:4:16:1:2:0:4:4:1:2:1:7:1:2:1:1:0
two_stage_feedback_net_log15,Ascend910B3,20,external_v2_dense_tall,3584,896,5120,fp16,0,0,14:256:896:5120:16:32:384:4:16:1:2:0:4:4:1:2:2:7:1:2:1:0:0
two_stage_feedback_net_log15,Ascend910B3,20,external_v2_dense_tall,3584,896,5120,fp16,0,0,14:512:448:5120:80:16:256:8:16:1:2:1:8:8:1:1:2:7:1:1:2:0:0
two_stage_feedback_net_log15,Ascend910B3,20,external_v2_dense_tall,3584,896,5120,fp16,0,0,14:512:448:5120:80:16:256:8:16:1:2:1:8:8:1:1:1:7:1:1:2:1:0
two_stage_feedback_net_log15,Ascend910B3,20,external_v2_dense_tall,3584,896,5120,fp16,0,0,14:512:448:5120:80:16:256:8:16:1:2:0:8:8:1:1:1:7:1:1:2:0:0
two_stage_feedback_net_log15,Ascend910B3,20,external_v2_dense_tall,3584,896,5120,fp16,0,0,14:512:448:5120:112:16:112:16:8:4:2:1:2:2:2:2:1:7:1:1:2:0:0
two_stage_feedback_net_log15,Ascend910B3,20,external_v2_dense_tall,3584,896,5120,fp16,0,0,14:512:448:5120:16:96:96:16:16:1:1:1:8:8:1:2:1:1:1:7:2:0:0
two_stage_feedback_net_log15,Ascend910B3,20,external_v2_dense_tall,3584,896,5120,fp16,0,0,14:512:448:5120:16:96:96:16:16:1:1:0:8:8:1:2:2:1:1:7:2:0:0
two_stage_feedback_net_log15,Ascend910B3,20,external_v2_dense_tall,3584,896,5120,fp16,0,0,14:512:448:5120:16:96:96:16:16:1:1:0:8:8:1:2:1:1:1:7:2:1:0
two_stage_feedback_net_log15,Ascend910B3,20,external_v2_dense_tall,3584,896,5120,fp16,0,0,14:512:448:5120:112:16:112:16:8:4:2:0:2:2:2:2:2:7:1:1:2:0:0
two_stage_feedback_net_log15,Ascend910B3,20,external_v2_dense_tall,3584,896,5120,fp16,0,0,4:3584:192:5120:32:192:80:2:1:1:1:0:1:1:1:2:1:1:2:1:3:2:0
two_stage_feedback_net_log15,Ascend910B3,20,external_v2_dense_tall,3584,896,5120,fp16,0,0,20:144:304:5120:64:64:256:8:8:1:1:0:4:4:2:2:1:1:3:25:1:2:0
two_stage_feedback_net_log15,Ascend910B3,20,external_v2_dense_tall,3584,896,5120,fp16,0,0,20:304:64:5120:16:64:256:8:8:1:1:1:8:8:2:2:2:12:4:1:4:0:0
two_stage_feedback_net_log15,Ascend910B3,20,external_v2_dense_tall,3584,896,5120,fp16,0,0,20:160:160:5120:64:32:256:4:4:1:1:0:2:2:2:2:1:1:6:23:1:2:0
two_stage_feedback_net_log15,Ascend910B3,20,external_v2_dense_tall,3584,896,5120,fp16,0,0,20:112:192:5120:16:16:640:16:8:4:4:1:2:2:2:2:1:6:1:6:5:2:0
two_stage_feedback_net_log15,Ascend910B3,20,external_v2_dense_tall,3584,896,5120,fp16,0,0,20:176:112:5120:48:16:224:16:8:2:2:0:4:4:1:1:1:21:3:1:3:2:0
two_stage_feedback_net_log15,Ascend910B3,20,external_v2_dense_tall,3584,896,5120,fp16,0,0,20:176:160:5120:80:48:128:1:1:1:1:1:1:1:2:2:2:21:1:1:6:2:0
two_stage_feedback_net_log15,Ascend910B3,20,external_v2_dense_tall,3584,896,5120,fp16,0,0,20:720:32:5120:272:32:48:16:8:2:1:0:8:8:2:2:2:1:14:5:2:2:0
two_stage_feedback_net_log15,Ascend910B3,20,external_v2_dense_tall,3584,896,5120,fp16,0,0,20:448:48:5120:112:16:128:16:12:2:3:1:4:4:1:2:1:1:10:8:2:2:0
two_stage_feedback_net_log15,Ascend910B3,20,external_v2_dense_tall,3584,896,5120,fp16,0,0,20:1792:16:2048:48:16:128:32:16:1:1:0:16:16:1:1:1:2:8:1:7:0:2
two_stage_feedback_net_log15,Ascend910B3,20,external_v2_dense_tall,3584,896,5120,fp16,0,0,10:3584:96:5120:224:96:16:8:4:4:1:1:2:2:1:1:1:1:4:1:3:2:0
two_stage_feedback_net_log15,Ascend910B3,20,external_v2_dense_tall,3584,896,5120,fp16,0,0,16:896:224:128:48:48:16:16:16:1:1:0:8:8:1:1:1:1:2:4:2:1:2
two_stage_feedback_net_log15,Ascend910B3,20,external_v2_dense_tall,3584,896,5120,fp16,0,0,10:3584:96:32:48:32:32:2:6:2:3:0:1:1:1:1:1:1:3:1:4:0:2
two_stage_feedback_net_log15,Ascend910B3,20,external_v2_dense_wide,896,3584,5120,fp16,0,0,20:96:1792:5120:96:32:16:2:1:1:1:0:1:1:2:1:2:1:1:10:2:1:0
two_stage_feedback_net_log15,Ascend910B3,20,external_v2_dense_wide,896,3584,5120,fp16,0,0,20:96:1792:5120:32:16:48:8:2:2:1:0:2:2:2:2:2:1:2:10:1:1:0
two_stage_feedback_net_log15,Ascend910B3,20,external_v2_dense_wide,896,3584,5120,fp16,0,0,20:96:1792:5120:32:16:48:8:2:2:1:1:2:2:2:2:1:1:2:10:1:1:0
two_stage_feedback_net_log15,Ascend910B3,20,external_v2_dense_wide,896,3584,5120,fp16,0,0,13:1792:288:5120:1792:16:16:8:32:1:4:0:4:4:1:1:1:1:3:1:5:2:0
two_stage_feedback_net_log15,Ascend910B3,20,external_v2_dense_wide,896,3584,5120,fp16,0,0,20:96:1792:5120:32:16:48:8:2:2:1:1:2:2:2:2:2:1:2:10:1:2:0
two_stage_feedback_net_log15,Ascend910B3,20,external_v2_dense_wide,896,3584,5120,fp16,0,0,13:1792:288:5120:1792:16:16:8:32:1:4:1:4:4:1:1:1:1:3:1:5:0:0
two_stage_feedback_net_log15,Ascend910B3,20,external_v2_dense_wide,896,3584,5120,fp16,0,0,12:1792:288:5120:1792:16:16:8:32:1:4:1:4:4:1:1:1:1:3:1:5:2:0
two_stage_feedback_net_log15,Ascend910B3,20,external_v2_dense_wide,896,3584,5120,fp16,0,0,20:32:720:5120:32:48:16:16:16:1:1:0:8:8:2:2:2:7:2:4:4:1:0
two_stage_feedback_net_log15,Ascend910B3,20,external_v2_dense_wide,896,3584,5120,fp16,0,0,20:32:720:5120:32:48:16:16:16:1:1:0:8:8:2:2:2:4:2:8:4:0:0
two_stage_feedback_net_log15,Ascend910B3,20,external_v2_dense_wide,896,3584,5120,fp16,0,0,20:32:720:5120:32:48:16:16:16:1:1:0:8:8:2:2:1:7:2:4:4:0:0
two_stage_feedback_net_log15,Ascend910B3,20,external_v2_dense_wide,896,3584,5120,fp16,0,0,20:32:3584:5120:16:16:640:8:4:2:1:0:4:4:2:2:1:28:1:1:1:0:0
two_stage_feedback_net_log15,Ascend910B3,20,external_v2_dense_wide,896,3584,5120,fp16,0,0,20:896:96:5120:16:32:896:8:4:1:1:0:4:4:2:1:1:1:2:1:36:2:0
two_stage_feedback_net_log15,Ascend910B3,20,external_v2_dense_wide,896,3584,5120,fp16,0,0,12:432:896:5120:432:16:16:16:16:1:2:1:8:8:1:1:1:1:1:3:4:0:0
two_stage_feedback_net_log15,Ascend910B3,20,external_v2_dense_wide,896,3584,5120,fp16,0,0,20:80:336:5120:80:128:16:16:8:1:1:0:8:8:2:2:2:4:3:3:4:1:0
two_stage_feedback_net_log15,Ascend910B3,20,external_v2_dense_wide,896,3584,5120,fp16,0,0,14:64:3584:5120:16:176:16:64:16:4:1:1:8:8:2:2:1:1:1:14:1:0:0
two_stage_feedback_net_log15,Ascend910B3,20,external_v2_dense_wide,896,3584,5120,fp16,0,0,12:160:1792:5120:160:16:96:16:8:1:1:1:8:8:1:2:1:1:2:6:1:0:0
two_stage_feedback_net_log15,Ascend910B3,20,external_v2_dense_wide,896,3584,5120,fp16,0,0,20:560:48:5120:560:16:16:2:12:1:3:1:2:2:2:1:1:2:38:1:2:1:0
two_stage_feedback_net_log15,Ascend910B3,20,external_v2_dense_wide,896,3584,5120,fp16,0,0,20:48:1792:5120:16:80:160:2:1:2:1:0:1:1:2:1:1:10:1:2:2:2:0
two_stage_feedback_net_log15,Ascend910B3,20,external_v2_dense_wide,896,3584,5120,fp16,0,0,20:80:304:5120:16:48:192:8:16:1:1:1:8:8:2:2:1:4:3:3:4:2:0
two_stage_feedback_net_log15,Ascend910B3,20,external_v2_dense_wide,896,3584,5120,fp16,0,0,20:48:368:5120:48:368:48:8:8:1:1:1:8:8:1:1:1:19:1:1:10:0:0
two_stage_feedback_net_log15,Ascend910B3,20,external_v2_dense_wide,896,3584,5120,fp16,0,0,20:448:48:5120:48:48:256:16:2:4:1:0:2:2:2:2:2:2:9:1:9:2:0
two_stage_feedback_net_log15,Ascend910B3,20,external_v2_dense_wide,896,3584,5120,fp16,0,0,20:160:128:128:32:16:64:4:4:1:1:0:2:2:2:2:1:1:14:6:2:1:2
two_stage_feedback_net_log15,Ascend910B3,20,external_v2_dense_wide,896,3584,5120,fp16,0,0,18:448:400:112:16:48:112:1:1:1:1:1:1:1:2:1:1:2:2:1:7:1:2
two_stage_feedback_net_log15,Ascend910B3,20,external_v2_dense_wide,896,3584,5120,fp16,0,0,5:192:3584:64:64:16:32:12:8:3:2:0:2:2:1:1:1:5:1:1:1:2:2
two_stage_feedback_net_log15,Ascend910B3,20,external_v2_dense_large,4608,5120,6144,fp16,0,0,14:672:2560:6144:112:16:96:2:1:2:1:1:1:1:2:2:2:7:1:1:2:1:0
two_stage_feedback_net_log15,Ascend910B3,20,external_v2_dense_large,4608,5120,6144,fp16,0,0,13:368:5120:6144:80:16:96:32:8:4:2:0:4:4:2:2:2:1:1:13:1:0:0
two_stage_feedback_net_log15,Ascend910B3,20,external_v2_dense_large,4608,5120,6144,fp16,0,0,20:672:272:6144:320:64:48:4:4:2:1:0:2:2:2:2:1:7:19:1:1:1:0
two_stage_feedback_net_log15,Ascend910B3,20,external_v2_dense_large,4608,5120,6144,fp16,0,0,16:4608:384:384:128:128:128:6:9:1:3:0:3:3:2:2:1:1:2:1:7:1:3
two_stage_feedback_net_log15,Ascend910B3,20,external_v2_dense_large,4608,5120,6144,fp16,0,0,16:4608:384:384:128:128:128:6:9:1:3:0:3:3:2:2:2:1:2:1:7:1:3
two_stage_feedback_net_log15,Ascend910B3,20,external_v2_dense_large,4608,5120,6144,fp16,0,0,16:4608:384:384:128:128:128:6:9:1:3:0:3:3:2:2:1:1:2:1:7:2:3
two_stage_feedback_net_log15,Ascend910B3,20,external_v2_dense_large,4608,5120,6144,fp16,0,0,16:384:5120:384:128:128:128:9:6:3:1:1:3:3:2:2:2:6:1:2:1:0:3
two_stage_feedback_net_log15,Ascend910B3,20,external_v2_dense_large,4608,5120,6144,fp16,0,0,16:4608:384:384:128:128:128:6:9:1:3:0:3:3:2:2:2:1:1:1:14:2:3
two_stage_feedback_net_log15,Ascend910B3,20,external_v2_dense_large,4608,5120,6144,fp16,0,0,16:4608:384:384:128:128:128:6:9:1:3:0:3:3:2:2:1:1:1:1:14:0:3
two_stage_feedback_net_log15,Ascend910B3,20,external_v2_dense_large,4608,5120,6144,fp16,0,0,16:384:5120:384:128:128:128:9:6:3:1:1:3:3:2:2:1:2:1:6:1:1:3
two_stage_feedback_net_log15,Ascend910B3,20,external_v2_dense_large,4608,5120,6144,fp16,0,0,16:384:5120:384:128:128:128:9:6:3:1:1:3:3:2:2:2:2:1:6:1:2:3
two_stage_feedback_net_log15,Ascend910B3,20,external_v2_dense_large,4608,5120,6144,fp16,0,0,9:4608:384:384:128:128:128:6:9:1:3:0:3:3:2:2:2:1:1:1:14:1:3
two_stage_feedback_net_log15,Ascend910B3,20,external_v2_dense_large,4608,5120,6144,fp16,0,0,8:4608:384:384:128:128:128:6:9:1:3:0:3:3:2:2:2:1:2:1:7:1:3
two_stage_feedback_net_log15,Ascend910B3,20,external_v2_dense_large,4608,5120,6144,fp16,0,0,8:4608:384:384:128:128:128:6:9:1:3:0:3:3:2:2:1:1:1:1:14:1:3
two_stage_feedback_net_log15,Ascend910B3,20,external_v2_dense_large,4608,5120,6144,fp16,0,0,9:384:5120:384:128:128:128:9:6:3:1:1:3:3:2:2:2:1:1:12:1:0:3
two_stage_feedback_net_log15,Ascend910B3,20,external_v2_dense_large,4608,5120,6144,fp16,0,0,8:4608:384:384:128:128:128:6:9:1:3:0:3:3:2:2:2:1:1:1:14:2:3
two_stage_feedback_net_log15,Ascend910B3,20,external_v2_dense_large,4608,5120,6144,fp16,0,0,8:384:5120:384:128:128:128:9:6:3:1:1:3:3:2:2:2:2:1:6:1:0:3
two_stage_feedback_net_log15,Ascend910B3,20,external_v2_dense_large,4608,5120,6144,fp16,0,0,15:384:5120:384:128:128:128:9:6:3:1:1:3:3:2:2:2:12:1:1:1:0:3
two_stage_feedback_net_log15,Ascend910B3,20,external_v2_dense_large,4608,5120,6144,fp16,0,0,15:4608:384:384:128:128:128:6:9:1:3:0:3:3:2:2:1:1:1:1:14:2:3
two_stage_feedback_net_log15,Ascend910B3,20,external_v2_dense_large,4608,5120,6144,fp16,0,0,8:384:5120:384:128:128:128:9:6:3:1:1:3:3:2:2:1:1:1:12:1:0:3
two_stage_feedback_net_log15,Ascend910B3,20,external_v2_dense_large,4608,5120,6144,fp16,0,0,8:384:5120:384:128:128:128:9:6:3:1:1:3:3:2:2:2:1:1:12:1:1:3
two_stage_feedback_net_log15,Ascend910B3,20,external_v2_dense_large,4608,5120,6144,fp16,0,0,15:384:5120:384:128:128:128:9:6:3:1:1:3:3:2:2:1:2:1:6:1:0:3
two_stage_feedback_net_log15,Ascend910B3,20,external_v2_dense_large,4608,5120,6144,fp16,0,0,15:4608:384:384:128:128:128:6:9:1:3:0:3:3:2:2:1:1:1:1:14:1:3
two_stage_feedback_net_log15,Ascend910B3,20,external_v2_dense_large,4608,5120,6144,fp16,0,0,16:576:2560:768:32:32:48:48:64:3:2:0:16:16:2:1:1:2:1:4:2:0:2
two_stage_feedback_net_log15,Ascend910B3,20,external_v2_k_shallow,1792,2048,320,fp16,0,0,13:144:2048:160:16:16:80:4:4:1:1:0:2:2:1:2:1:3:1:6:1:1:2
two_stage_feedback_net_log15,Ascend910B3,20,external_v2_k_shallow,1792,2048,320,fp16,0,0,16:448:512:32:48:48:16:2:2:1:1:0:2:2:1:1:1:1:1:4:4:2:2
two_stage_feedback_net_log15,Ascend910B3,20,external_v2_k_shallow,1792,2048,320,fp16,0,0,20:1792:80:320:16:80:240:1:2:1:1:0:1:1:2:1:1:1:2:1:20:0:0
two_stage_feedback_net_log15,Ascend910B3,20,external_v2_k_shallow,1792,2048,320,fp16,0,0,10:1792:224:320:144:224:112:1:2:1:1:0:1:1:1:1:1:1:1:1:10:0:0
two_stage_feedback_net_log15,Ascend910B3,20,external_v2_k_shallow,1792,2048,320,fp16,0,0,18:304:688:16:32:32:16:1:1:1:1:1:1:1:2:2:2:2:1:5:3:0:2
two_stage_feedback_net_log15,Ascend910B3,20,external_v2_k_shallow,1792,2048,320,fp16,0,0,20:176:192:320:128:64:256:2:2:1:1:0:1:1:1:2:1:1:2:11:9:0:0
two_stage_feedback_net_log15,Ascend910B3,20,external_v2_k_shallow,1792,2048,320,fp16,0,0,20:208:112:320:48:48:256:4:2:1:1:0:2:2:2:2:1:1:2:9:17:0:0
two_stage_feedback_net_log15,Ascend910B3,20,external_v2_k_shallow,1792,2048,320,fp16,0,0,20:160:144:320:144:64:112:3:6:1:1:0:3:3:2:2:1:1:2:12:13:0:0
two_stage_feedback_net_log15,Ascend910B3,20,external_v2_k_shallow,1792,2048,320,fp16,0,0,10:1792:224:320:112:224:80:1:2:1:1:0:1:1:2:1:1:1:1:1:10:0:0
two_stage_feedback_net_log15,Ascend910B3,20,external_v2_k_shallow,1792,2048,320,fp16,0,0,20:160:192:320:144:80:96:2:4:1:1:0:2:2:2:2:1:2:1:10:11:0:0
two_stage_feedback_net_log15,Ascend910B3,20,external_v2_k_shallow,1792,2048,320,fp16,0,0,20:160:192:320:112:64:256:2:2:1:1:0:1:1:1:2:1:1:1:12:11:0:0
two_stage_feedback_net_log15,Ascend910B3,20,external_v2_k_shallow,1792,2048,320,fp16,0,0,20:208:144:320:144:128:96:4:4:1:1:1:4:4:2:2:1:1:2:9:11:0:0
two_stage_feedback_net_log15,Ascend910B3,20,external_v2_k_shallow,1792,2048,320,fp16,0,0,20:368:576:48:32:192:16:12:9:2:3:0:3:3:1:2:1:5:1:1:4:2:2
two_stage_feedback_net_log15,Ascend910B3,20,external_v2_k_shallow,1792,2048,320,fp16,0,0,10:192:2048:320:96:16:80:2:2:1:1:1:2:2:2:1:1:4:1:3:1:0:0
two_stage_feedback_net_log15,Ascend910B3,20,external_v2_k_shallow,1792,2048,320,fp16,0,0,20:80:352:160:32:16:160:1:1:1:1:1:1:1:1:2:1:2:1:14:6:1:2
two_stage_feedback_net_log15,Ascend910B3,20,external_v2_k_shallow,1792,2048,320,fp16,0,0,20:128:160:128:64:16:64:2:2:1:1:0:2:2:1:1:1:4:3:4:5:2:2
two_stage_feedback_net_log15,Ascend910B3,20,external_v2_k_shallow,1792,2048,320,fp16,0,0,9:768:688:48:192:16:16:24:24:4:4:0:3:3:2:2:2:3:1:1:3:1:2
two_stage_feedback_net_log15,Ascend910B3,20,external_v2_k_shallow,1792,2048,320,fp16,0,0,6:336:2048:256:112:16:16:96:32:3:2:0:16:16:2:2:1:6:1:1:1:0:2
two_stage_feedback_net_log15,Ascend910B3,20,external_v2_k_shallow,1792,2048,320,fp16,0,0,20:832:80:64:208:16:16:32:32:4:4:1:4:4:1:1:1:1:2:3:14:0:2
two_stage_feedback_net_log15,Ascend910B3,20,external_v2_k_shallow,1792,2048,320,fp16,0,0,20:1792:16:320:512:16:16:8:16:1:1:1:8:8:2:2:2:1:11:1:12:0:0
two_stage_feedback_net_log15,Ascend910B3,20,external_v2_k_shallow,1792,2048,320,fp16,0,0,14:128:2048:96:16:192:32:12:9:2:3:0:3:3:2:1:1:2:1:9:1:2:2
two_stage_feedback_net_log15,Ascend910B3,20,external_v2_k_shallow,1792,2048,320,fp16,0,0,13:144:2048:320:16:16:240:8:8:4:4:1:2:2:2:2:1:5:1:3:1:0:0
two_stage_feedback_net_log15,Ascend910B3,20,external_v2_k_shallow,1792,2048,320,fp16,0,0,18:208:1024:192:32:32:48:16:16:4:4:1:4:4:1:2:1:3:1:4:2:0:2
two_stage_feedback_net_log15,Ascend910B3,20,external_v2_k_shallow,1792,2048,320,fp16,0,0,20:256:192:256:64:16:32:64:64:4:4:1:8:8:2:2:2:7:1:1:11:0:2
two_stage_feedback_net_log15,Ascend910B3,20,external_v2_k_deep,1024,1536,32768,fp16,0,0,20:1024:384:384:128:128:128:6:9:1:3:0:3:3:2:2:2:1:4:1:1:1:3
two_stage_feedback_net_log15,Ascend910B3,20,external_v2_k_deep,1024,1536,32768,fp16,0,0,20:1024:384:384:128:128:128:6:9:1:3:0:3:3:2:2:1:1:2:1:2:0:3
two_stage_feedback_net_log15,Ascend910B3,20,external_v2_k_deep,1024,1536,32768,fp16,0,0,19:1024:384:384:128:128:128:6:9:1:3:0:3:3:2:2:1:1:1:1:4:0:3
two_stage_feedback_net_log15,Ascend910B3,20,external_v2_k_deep,1024,1536,32768,fp16,0,0,16:1024:384:384:128:128:128:6:9:1:3:0:3:3:2:2:2:1:1:1:4:2:3
two_stage_feedback_net_log15,Ascend910B3,20,external_v2_k_deep,1024,1536,32768,fp16,0,0,15:1024:384:384:128:128:128:6:9:1:3:0:3:3:2:2:2:1:2:1:2:2:3
two_stage_feedback_net_log15,Ascend910B3,20,external_v2_k_deep,1024,1536,32768,fp16,0,0,15:1024:384:384:128:128:128:6:9:1:3:0:3:3:2:2:1:1:1:1:4:1:3
two_stage_feedback_net_log15,Ascend910B3,20,external_v2_k_deep,1024,1536,32768,fp16,0,0,18:384:1536:384:128:128:128:9:6:3:1:1:3:3:2:2:2:3:1:1:1:0:3
two_stage_feedback_net_log15,Ascend910B3,20,external_v2_k_deep,1024,1536,32768,fp16,0,0,20:384:1536:384:128:128:128:9:6:3:1:1:3:3:2:2:1:1:1:3:1:1:3
two_stage_feedback_net_log15,Ascend910B3,20,external_v2_k_deep,1024,1536,32768,fp16,0,0,20:384:1536:384:128:128:128:9:6:3:1:1:3:3:2:2:1:3:1:1:1:0:3
two_stage_feedback_net_log15,Ascend910B3,20,external_v2_k_deep,1024,1536,32768,fp16,0,0,18:384:1536:384:128:128:128:9:6:3:1:1:3:3:2:2:1:1:1:3:1:0:3
two_stage_feedback_net_log15,Ascend910B3,20,external_v2_k_deep,1024,1536,32768,fp16,0,0,14:1024:384:384:128:128:128:6:9:1:3:0:3:3:2:2:2:1:1:1:4:2:3
two_stage_feedback_net_log15,Ascend910B3,20,external_v2_k_deep,1024,1536,32768,fp16,0,0,14:1024:384:384:128:128:128:6:9:1:3:0:3:3:2:2:2:1:1:1:4:1:3
two_stage_feedback_net_log15,Ascend910B3,20,external_v2_k_deep,1024,1536,32768,fp16,0,0,15:384:1536:384:128:128:128:9:6:3:1:1:3:3:2:2:2:1:1:3:1:0:3
two_stage_feedback_net_log15,Ascend910B3,20,external_v2_k_deep,1024,1536,32768,fp16,0,0,15:384:1536:384:128:128:128:9:6:3:1:1:3:3:2:2:2:3:1:1:1:1:3
two_stage_feedback_net_log15,Ascend910B3,20,external_v2_k_deep,1024,1536,32768,fp16,0,0,20:512:144:32768:128:16:48:8:4:4:2:1:1:1:1:1:1:2:3:1:4:0:0
two_stage_feedback_net_log15,Ascend910B3,20,external_v2_k_deep,1024,1536,32768,fp16,0,0,10:112:1536:32768:16:16:96:2:2:2:1:0:1:1:2:2:2:1:1:10:1:0:0
two_stage_feedback_net_log15,Ascend910B3,20,external_v2_k_deep,1024,1536,32768,fp16,0,0,9:1024:384:384:128:128:128:6:9:1:3:0:3:3:2:2:2:1:1:1:4:1:3
two_stage_feedback_net_log15,Ascend910B3,20,external_v2_k_deep,1024,1536,32768,fp16,0,0,8:1024:384:384:128:128:128:6:9:1:3:0:3:3:2:2:1:1:1:1:4:1:3
two_stage_feedback_net_log15,Ascend910B3,20,external_v2_k_deep,1024,1536,32768,fp16,0,0,8:1024:384:384:128:128:128:6:9:1:3:0:3:3:2:2:2:1:2:1:2:1:3
two_stage_feedback_net_log15,Ascend910B3,20,external_v2_k_deep,1024,1536,32768,fp16,0,0,14:160:768:32768:16:16:96:2:2:1:1:1:1:1:2:1:1:1:1:7:2:1:0
two_stage_feedback_net_log15,Ascend910B3,20,external_v2_k_deep,1024,1536,32768,fp16,0,0,8:1024:384:384:128:128:128:6:9:1:3:0:3:3:2:2:2:1:1:1:4:2:3
two_stage_feedback_net_log15,Ascend910B3,20,external_v2_k_deep,1024,1536,32768,fp16,0,0,20:416:32:32768:416:32:48:4:2:1:1:1:2:2:1:2:1:3:12:1:4:2:0
two_stage_feedback_net_log15,Ascend910B3,20,external_v2_k_deep,1024,1536,32768,fp16,0,0,5:1024:384:384:128:128:128:6:9:1:3:0:3:3:2:2:2:1:1:1:4:1:3
two_stage_feedback_net_log15,Ascend910B3,20,external_v2_k_deep,1024,1536,32768,fp16,0,0,20:320:320:64:80:64:16:16:16:4:4:0:4:4:1:1:2:4:5:1:1:0:2
two_stage_feedback_net_log15,Ascend910B3,20,external_v2_k_low_output_deep_aligned,192,128,24576,fp16,0,0,20:384:128:384:128:128:128:9:6:3:1:1:3:3:2:2:2:1:1:1:1:2:3
two_stage_feedback_net_log15,Ascend910B3,20,external_v2_k_low_output_deep_aligned,192,128,24576,fp16,0,0,19:192:384:384:128:128:128:6:9:1:3:0:3:3:2:2:1:1:1:1:1:1:3
two_stage_feedback_net_log15,Ascend910B3,20,external_v2_k_low_output_deep_aligned,192,128,24576,fp16,0,0,19:192:384:384:128:128:128:6:9:1:3:0:3:3:2:2:2:1:1:1:1:1:3
two_stage_feedback_net_log15,Ascend910B3,20,external_v2_k_low_output_deep_aligned,192,128,24576,fp16,0,0,20:384:128:384:128:128:128:9:6:3:1:1:3:3:2:2:1:1:1:6:1:0:3
two_stage_feedback_net_log15,Ascend910B3,20,external_v2_k_low_output_deep_aligned,192,128,24576,fp16,0,0,17:192:384:384:128:128:128:6:9:1:3:0:3:3:2:2:2:1:1:1:1:2:3
two_stage_feedback_net_log15,Ascend910B3,20,external_v2_k_low_output_deep_aligned,192,128,24576,fp16,0,0,16:384:128:384:128:128:128:9:6:3:1:1:3:3:2:2:2:1:1:1:1:1:3
two_stage_feedback_net_log15,Ascend910B3,20,external_v2_k_low_output_deep_aligned,192,128,24576,fp16,0,0,14:384:128:384:128:128:128:9:6:3:1:1:3:3:2:2:2:1:1:1:1:1:3
two_stage_feedback_net_log15,Ascend910B3,20,external_v2_k_low_output_deep_aligned,192,128,24576,fp16,0,0,14:384:128:384:128:128:128:9:6:3:1:1:3:3:2:2:1:1:1:1:1:0:3
two_stage_feedback_net_log15,Ascend910B3,20,external_v2_k_low_output_deep_aligned,192,128,24576,fp16,0,0,15:192:384:384:128:128:128:6:9:1:3:0:3:3:2:2:2:1:1:1:1:2:3
two_stage_feedback_net_log15,Ascend910B3,20,external_v2_k_low_output_deep_aligned,192,128,24576,fp16,0,0,15:192:384:384:128:128:128:6:9:1:3:0:3:3:2:2:1:1:1:1:1:2:3
two_stage_feedback_net_log15,Ascend910B3,20,external_v2_k_low_output_deep_aligned,192,128,24576,fp16,0,0,14:192:384:384:128:128:128:6:9:1:3:0:3:3:2:2:1:1:1:1:1:1:3
two_stage_feedback_net_log15,Ascend910B3,20,external_v2_k_low_output_deep_aligned,192,128,24576,fp16,0,0,13:384:128:384:128:128:128:9:6:3:1:1:3:3:2:2:2:1:1:1:1:0:3
two_stage_feedback_net_log15,Ascend910B3,20,external_v2_k_low_output_deep_aligned,192,128,24576,fp16,0,0,8:192:384:384:128:128:128:6:9:1:3:0:3:3:2:2:1:1:1:1:1:2:3
two_stage_feedback_net_log15,Ascend910B3,20,external_v2_k_low_output_deep_aligned,192,128,24576,fp16,0,0,9:192:384:384:128:128:128:6:9:1:3:0:3:3:2:2:2:1:1:1:1:2:3
two_stage_feedback_net_log15,Ascend910B3,20,external_v2_k_low_output_deep_aligned,192,128,24576,fp16,0,0,10:384:128:384:128:128:128:9:6:3:1:1:3:3:2:2:2:1:1:1:1:0:3
two_stage_feedback_net_log15,Ascend910B3,20,external_v2_k_low_output_deep_aligned,192,128,24576,fp16,0,0,9:384:128:384:128:128:128:9:6:3:1:1:3:3:2:2:1:1:1:1:1:0:3
two_stage_feedback_net_log15,Ascend910B3,20,external_v2_k_low_output_deep_aligned,192,128,24576,fp16,0,0,10:192:384:384:128:128:128:6:9:1:3:0:3:3:2:2:1:1:1:1:1:1:3
two_stage_feedback_net_log15,Ascend910B3,20,external_v2_k_low_output_deep_aligned,192,128,24576,fp16,0,0,8:384:128:384:128:128:128:9:6:3:1:1:3:3:2:2:2:1:1:1:1:2:3
two_stage_feedback_net_log15,Ascend910B3,20,external_v2_k_low_output_deep_aligned,192,128,24576,fp16,0,0,10:192:384:384:128:128:128:6:9:1:3:0:3:3:2:2:2:1:1:1:1:2:3
two_stage_feedback_net_log15,Ascend910B3,20,external_v2_k_low_output_deep_aligned,192,128,24576,fp16,0,0,11:192:384:384:128:128:128:6:9:1:3:0:3:3:2:2:2:1:1:1:1:1:3
two_stage_feedback_net_log15,Ascend910B3,20,external_v2_k_low_output_deep_aligned,192,128,24576,fp16,0,0,7:384:128:384:128:128:128:9:6:3:1:1:3:3:2:2:2:1:1:1:1:1:3
two_stage_feedback_net_log15,Ascend910B3,20,external_v2_k_low_output_deep_aligned,192,128,24576,fp16,0,0,7:192:384:384:128:128:128:6:9:1:3:0:3:3:2:2:1:1:1:1:1:1:3
two_stage_feedback_net_log15,Ascend910B3,20,external_v2_k_low_output_deep_aligned,192,128,24576,fp16,0,0,5:384:128:384:128:128:128:9:6:3:1:1:3:3:2:2:2:1:1:1:1:1:3
two_stage_feedback_net_log15,Ascend910B3,20,external_v2_k_low_output_deep_aligned,192,128,24576,fp16,0,0,12:32:80:16:32:80:16:1:1:1:1:0:1:1:2:1:1:2:1:3:2:0:2
two_stage_feedback_net_log15,Ascend910B3,20,external_v2_k_low_output_deep_odd,512,384,12289,fp16,0,0,20:96:32:12289:80:16:96:8:32:1:2:0:8:8:2:2:1:1:1:6:12:1:0
two_stage_feedback_net_log15,Ascend910B3,20,external_v2_k_low_output_deep_odd,512,384,12289,fp16,0,0,20:96:32:12289:80:16:96:8:32:1:2:1:8:8:2:2:1:1:1:6:12:2:0
two_stage_feedback_net_log15,Ascend910B3,20,external_v2_k_low_output_deep_odd,512,384,12289,fp16,0,0,20:512:16:12289:32:16:1024:4:2:2:1:1:2:2:1:2:1:1:12:1:2:1:0
two_stage_feedback_net_log15,Ascend910B3,20,external_v2_k_low_output_deep_odd,512,384,12289,fp16,0,0,20:512:16:12289:32:16:1024:4:2:2:1:1:2:2:1:2:2:1:12:1:2:0:0
two_stage_feedback_net_log15,Ascend910B3,20,external_v2_k_low_output_deep_odd,512,384,12289,fp16,0,0,20:512:16:12289:32:16:1024:4:2:2:1:0:2:2:1:2:1:1:12:1:2:0:0
two_stage_feedback_net_log15,Ascend910B3,20,external_v2_k_low_output_deep_odd,512,384,12289,fp16,0,0,2:384:384:96:96:16:16:24:24:4:4:1:6:6:1:2:2:2:1:1:1:2:2
two_stage_feedback_net_log15,Ascend910B3,20,external_v2_k_low_output_deep_odd,512,384,12289,fp16,0,0,2:384:384:96:96:16:16:24:24:4:4:0:6:6:1:2:1:2:1:1:1:2:2
two_stage_feedback_net_log15,Ascend910B3,20,external_v2_k_low_output_deep_odd,512,384,12289,fp16,0,0,18:96:128:12289:48:16:320:8:8:2:2:1:4:4:2:2:2:2:1:3:3:0:0
two_stage_feedback_net_log15,Ascend910B3,20,external_v2_k_low_output_deep_odd,512,384,12289,fp16,0,0,18:96:128:12289:48:16:320:8:8:2:2:1:4:4:2:2:1:2:1:3:3:1:0
two_stage_feedback_net_log15,Ascend910B3,20,external_v2_k_low_output_deep_odd,512,384,12289,fp16,0,0,20:16:336:12289:16:336:32:8:8:1:1:0:8:8:2:2:1:1:2:32:1:0:0
two_stage_feedback_net_log15,Ascend910B3,20,external_v2_k_low_output_deep_odd,512,384,12289,fp16,0,0,20:160:16:12289:160:16:48:1:1:1:1:1:1:1:1:2:1:1:1:4:24:1:0
two_stage_feedback_net_log15,Ascend910B3,20,external_v2_k_low_output_deep_odd,512,384,12289,fp16,0,0,4:1536:96:12289:1536:16:16:8:16:1:1:1:8:8:1:2:1:1:1:1:4:0:0
two_stage_feedback_net_log15,Ascend910B3,20,external_v2_k_low_output_deep_odd,512,384,12289,fp16,0,0,2:416:384:12289:416:16:16:16:32:1:2:1:8:8:2:1:1:2:1:1:1:0:0
two_stage_feedback_net_log15,Ascend910B3,20,external_v2_k_low_output_deep_odd,512,384,12289,fp16,0,0,3:240:384:48:80:64:16:18:12:3:2:1:3:3:2:2:1:1:1:3:1:1:2
two_stage_feedback_net_log15,Ascend910B3,20,external_v2_k_low_output_deep_odd,512,384,12289,fp16,0,0,12:512:32:80:16:16:80:2:2:1:1:1:1:1:1:2:1:1:1:1:12:1:2
two_stage_feedback_net_log15,Ascend910B3,20,external_v2_k_low_output_deep_odd,512,384,12289,fp16,0,0,4:320:256:96:80:64:16:48:48:4:4:1:6:6:1:1:1:2:1:1:2:1:2
two_stage_feedback_net_log15,Ascend910B3,20,external_v2_k_low_output_deep_odd,512,384,12289,fp16,0,0,3:192:384:32:64:16:32:6:2:3:2:1:1:1:1:1:1:3:1:1:1:1:2
two_stage_feedback_net_log15,Ascend910B3,20,external_v2_k_low_output_deep_odd,512,384,12289,fp16,0,0,20:48:128:512:48:32:32:16:32:1:1:0:16:16:2:2:1:1:1:11:3:0:2
two_stage_feedback_net_log15,Ascend910B3,20,external_v2_k_low_output_deep_odd,512,384,12289,fp16,0,0,20:32:80:64:32:80:16:4:8:1:1:0:4:4:2:1:1:1:1:16:5:1:2
two_stage_feedback_net_log15,Ascend910B3,20,external_v2_k_low_output_deep_odd,512,384,12289,fp16,0,0,4:128:384:48:32:16:16:24:24:4:4:0:3:3:2:2:2:4:1:1:1:2:2
two_stage_feedback_net_log15,Ascend910B3,20,external_v2_k_low_output_deep_odd,512,384,12289,fp16,0,0,2:512:288:64:64:96:32:8:12:2:3:1:2:2:2:1:1:1:2:1:1:0:2
two_stage_feedback_net_log15,Ascend910B3,20,external_v2_k_low_output_deep_odd,512,384,12289,fp16,0,0,2:512:224:12289:32:224:32:8:16:1:1:1:8:8:2:2:2:1:2:1:1:0:0
two_stage_feedback_net_log15,Ascend910B3,20,external_v2_k_low_output_deep_odd,512,384,12289,fp16,0,0,16:128:96:48:48:48:16:6:6:1:1:1:3:3:1:1:1:1:2:4:2:1:2
two_stage_feedback_net_log15,Ascend910B3,20,external_v2_k_low_output_deep_odd,512,384,12289,fp16,0,0,2:512:288:32:64:96:32:4:6:2:3:0:1:1:2:1:1:1:2:1:1:0:2
two_stage_feedback_net_log15,Ascend910B3,20,external_v2_skinny_m,47,3584,12288,fp16,0,0,19:48:192:12288:16:32:1024:1:4:1:4:0:1:1:1:1:1:1:4:1:5:0:0
two_stage_feedback_net_log15,Ascend910B3,20,external_v2_skinny_m,47,3584,12288,fp16,0,0,19:48:192:12288:16:16:256:16:32:1:4:0:8:8:2:1:1:1:2:1:11:0:0
two_stage_feedback_net_log15,Ascend910B3,20,external_v2_skinny_m,47,3584,12288,fp16,0,0,19:48:192:12288:16:64:80:4:6:2:3:1:2:2:2:1:1:1:2:1:11:0:0
two_stage_feedback_net_log15,Ascend910B3,20,external_v2_skinny_m,47,3584,12288,fp16,0,0,14:48:256:2560:16:16:160:48:32:3:2:0:16:16:2:2:2:1:4:1:4:0:2
two_stage_feedback_net_log15,Ascend910B3,20,external_v2_skinny_m,47,3584,12288,fp16,0,0,20:16:368:12288:16:16:512:16:16:1:1:0:8:8:1:1:1:2:5:2:2:2:0
two_stage_feedback_net_log15,Ascend910B3,20,external_v2_skinny_m,47,3584,12288,fp16,0,0,20:32:368:12288:32:32:32:16:16:1:2:1:8:8:2:2:2:2:3:1:4:0:0
two_stage_feedback_net_log15,Ascend910B3,20,external_v2_skinny_m,47,3584,12288,fp16,0,0,20:48:64:12288:16:16:768:4:8:1:2:1:2:2:1:1:1:1:14:1:4:0:0
two_stage_feedback_net_log15,Ascend910B3,20,external_v2_skinny_m,47,3584,12288,fp16,0,0,20:48:64:12288:16:48:640:4:4:1:1:0:4:4:1:1:1:1:6:1:10:0:0
two_stage_feedback_net_log15,Ascend910B3,20,external_v2_skinny_m,47,3584,12288,fp16,0,0,16:48:224:12288:48:16:16:1:4:1:4:1:1:1:2:2:1:1:8:1:2:0:0
two_stage_feedback_net_log15,Ascend910B3,20,external_v2_skinny_m,47,3584,12288,fp16,0,0,20:48:64:12288:16:32:640:12:4:3:1:1:4:4:2:1:1:1:4:1:16:0:0
two_stage_feedback_net_log15,Ascend910B3,20,external_v2_skinny_m,47,3584,12288,fp16,0,0,20:48:64:12288:16:16:640:16:8:2:1:1:4:4:1:1:1:1:6:1:11:0:0
two_stage_feedback_net_log15,Ascend910B3,20,external_v2_skinny_m,47,3584,12288,fp16,0,0,20:48:80:12288:48:16:640:2:4:1:4:0:1:1:1:2:1:1:7:1:7:0:0
two_stage_feedback_net_log15,Ascend910B3,20,external_v2_skinny_m,47,3584,12288,fp16,0,0,3:16:3584:12288:16:16:1024:8:8:1:1:1:4:4:1:1:1:3:1:1:1:0:0
two_stage_feedback_net_log15,Ascend910B3,20,external_v2_skinny_m,47,3584,12288,fp16,0,0,20:384:3584:384:128:128:128:9:6:3:1:1:3:3:2:2:2:1:1:1:1:0:3
two_stage_feedback_net_log15,Ascend910B3,20,external_v2_skinny_m,47,3584,12288,fp16,0,0,4:128:896:12288:128:32:48:16:8:1:1:1:8:8:2:2:2:1:1:1:4:0:0
two_stage_feedback_net_log15,Ascend910B3,20,external_v2_skinny_m,47,3584,12288,fp16,0,0,20:128:80:12288:128:64:32:4:4:1:1:0:4:4:2:2:2:1:12:1:4:1:0
two_stage_feedback_net_log15,Ascend910B3,20,external_v2_skinny_m,47,3584,12288,fp16,0,0,20:32:48:12288:32:48:128:8:8:1:1:1:8:8:2:2:2:2:5:1:15:2:0
two_stage_feedback_net_log15,Ascend910B3,20,external_v2_skinny_m,47,3584,12288,fp16,0,0,20:144:32:12288:144:32:80:2:2:1:1:1:1:1:2:2:1:1:56:1:2:0:0
two_stage_feedback_net_log15,Ascend910B3,20,external_v2_skinny_m,47,3584,12288,fp16,0,0,1:128:3584:12288:128:80:96:2:4:1:1:0:2:2:2:2:1:1:1:1:1:0:0
two_stage_feedback_net_log15,Ascend910B3,20,external_v2_skinny_m,47,3584,12288,fp16,0,0,12:768:304:12288:768:32:16:4:16:1:2:1:4:4:1:1:1:1:3:1:4:0:0
two_stage_feedback_net_log15,Ascend910B3,20,external_v2_skinny_m,47,3584,12288,fp16,0,0,2:96:1792:512:48:32:32:64:48:2:3:1:16:16:2:2:2:1:2:1:1:1:2
two_stage_feedback_net_log15,Ascend910B3,20,external_v2_skinny_m,47,3584,12288,fp16,0,0,2:384:1792:12288:384:48:16:8:16:1:1:1:8:8:2:1:1:1:2:1:1:0:0
two_stage_feedback_net_log15,Ascend910B3,20,external_v2_skinny_m,47,3584,12288,fp16,0,0,20:640:160:96:160:16:16:24:24:4:4:1:6:6:1:2:1:1:3:1:9:1:2
two_stage_feedback_net_log15,Ascend910B3,20,external_v2_skinny_m,47,3584,12288,fp16,0,0,4:128:384:384:128:128:128:6:9:1:3:0:3:3:2:2:2:1:1:1:10:1:3
two_stage_feedback_net_log15,Ascend910B3,20,external_v2_skinny_n,3584,73,12288,fp16,0,0,14:240:80:160:16:16:160:4:6:2:3:0:1:1:2:2:1:1:1:15:1:1:2
two_stage_feedback_net_log15,Ascend910B3,20,external_v2_skinny_n,3584,73,12288,fp16,0,0,20:288:32:12288:48:32:128:32:16:4:1:1:8:8:2:2:2:1:3:13:1:1:0
two_stage_feedback_net_log15,Ascend910B3,20,external_v2_skinny_n,3584,73,12288,fp16,0,0,14:256:96:64:48:32:64:2:6:2:3:0:1:1:2:2:1:14:1:1:1:1:2
two_stage_feedback_net_log15,Ascend910B3,20,external_v2_skinny_n,3584,73,12288,fp16,0,0,20:128:16:12288:16:16:192:4:2:2:1:1:1:1:1:2:2:4:1:7:5:1:0
two_stage_feedback_net_log15,Ascend910B3,20,external_v2_skinny_n,3584,73,12288,fp16,0,0,20:336:16:12288:48:16:48:64:16:4:1:1:8:8:1:2:2:11:2:1:3:2:0
two_stage_feedback_net_log15,Ascend910B3,20,external_v2_skinny_n,3584,73,12288,fp16,0,0,20:112:16:12288:16:16:320:4:2:2:1:0:1:1:2:2:2:5:1:7:5:2:0
two_stage_feedback_net_log15,Ascend910B3,20,external_v2_skinny_n,3584,73,12288,fp16,0,0,20:112:16:12288:16:16:320:4:2:2:1:0:1:1:2:2:1:5:1:7:5:0:0
two_stage_feedback_net_log15,Ascend910B3,20,external_v2_skinny_n,3584,73,12288,fp16,0,0,20:336:16:12288:48:16:48:64:16:4:1:0:8:8:1:2:1:11:2:1:3:2:0
two_stage_feedback_net_log15,Ascend910B3,20,external_v2_skinny_n,3584,73,12288,fp16,0,0,4:896:96:12288:16:96:16:4:4:1:1:1:4:4:2:2:2:1:1:4:1:0:0
two_stage_feedback_net_log15,Ascend910B3,20,external_v2_skinny_n,3584,73,12288,fp16,0,0,4:896:96:12288:16:96:16:4:4:1:1:0:4:4:2:2:1:1:1:4:1:0:0
two_stage_feedback_net_log15,Ascend910B3,20,external_v2_skinny_n,3584,73,12288,fp16,0,0,4:896:96:12288:16:96:16:4:4:1:1:1:4:4:2:2:1:1:1:4:1:1:0
two_stage_feedback_net_log15,Ascend910B3,20,external_v2_skinny_n,3584,73,12288,fp16,0,0,2:3584:64:192:32:16:32:48:24:4:4:1:6:6:2:2:2:1:1:1:2:2:2
two_stage_feedback_net_log15,Ascend910B3,20,external_v2_skinny_n,3584,73,12288,fp16,0,0,18:608:32:12288:16:32:448:16:8:1:1:1:8:8:2:2:2:3:2:2:2:1:0
two_stage_feedback_net_log15,Ascend910B3,20,external_v2_skinny_n,3584,73,12288,fp16,0,0,18:608:32:1232:32:32:16:154:154:1:1:1:77:77:2:2:2:2:1:3:3:0:2
two_stage_feedback_net_log15,Ascend910B3,20,external_v2_skinny_n,3584,73,12288,fp16,0,0,20:176:48:768:32:16:48:32:48:2:3:1:16:16:2:1:1:6:1:4:2:2:2
two_stage_feedback_net_log15,Ascend910B3,20,external_v2_skinny_n,3584,73,12288,fp16,0,0,20:208:32:12288:48:32:224:2:1:1:1:1:1:1:2:2:2:18:1:1:3:2:0
two_stage_feedback_net_log15,Ascend910B3,20,external_v2_skinny_n,3584,73,12288,fp16,0,0,2:3584:48:1232:48:16:16:154:462:2:3:0:77:77:2:1:1:1:1:1:2:2:2
two_stage_feedback_net_log15,Ascend910B3,20,external_v2_skinny_n,3584,73,12288,fp16,0,0,1:3584:112:12288:16:112:80:32:16:2:1:0:8:8:1:1:1:1:1:1:1:0:0
two_stage_feedback_net_log15,Ascend910B3,20,external_v2_skinny_n,3584,73,12288,fp16,0,0,2:1792:96:32:48:32:32:2:3:2:3:0:1:1:2:2:2:2:1:1:1:0:2
two_stage_feedback_net_log15,Ascend910B3,20,external_v2_skinny_n,3584,73,12288,fp16,0,0,4:1792:48:32:48:48:16:4:4:1:1:0:2:2:1:1:1:1:2:2:1:1:2
two_stage_feedback_net_log15,Ascend910B3,20,external_v2_skinny_n,3584,73,12288,fp16,0,0,20:176:64:16:32:16:16:8:4:4:4:0:1:1:2:2:2:6:1:4:2:1:2
two_stage_feedback_net_log15,Ascend910B3,20,external_v2_skinny_n,3584,73,12288,fp16,0,0,20:176:48:16:48:16:16:3:2:3:2:1:1:1:1:2:1:21:1:1:2:2:2
two_stage_feedback_net_log15,Ascend910B3,20,external_v2_skinny_n,3584,73,12288,fp16,0,0,8:448:256:16:48:64:16:8:8:4:4:0:1:1:2:2:2:8:1:1:1:2:2
two_stage_feedback_net_log15,Ascend910B3,20,external_v2_skinny_n,3584,73,12288,fp16,0,0,2:1792:576:16:16:192:16:2:3:2:3:0:1:1:2:1:1:2:1:1:1:0:2
two_stage_feedback_net_log15,Ascend910B3,20,external_v2_layout_tn,1792,2560,3584,fp16,1,0,14:256:1280:3584:128:16:128:2:2:2:1:0:1:1:2:2:1:1:1:7:2:0:0
two_stage_feedback_net_log15,Ascend910B3,20,external_v2_layout_tn,1792,2560,3584,fp16,1,0,20:368:640:3584:16:16:512:1:2:1:1:0:1:1:1:1:1:1:4:5:1:0:0
two_stage_feedback_net_log15,Ascend910B3,20,external_v2_layout_tn,1792,2560,3584,fp16,1,0,10:384:2560:384:128:128:128:9:6:3:1:1:3:3:2:2:2:1:1:5:1:1:3
two_stage_feedback_net_log15,Ascend910B3,20,external_v2_layout_tn,1792,2560,3584,fp16,1,0,10:384:2560:384:128:128:128:9:6:3:1:1:3:3:2:2:2:3:1:2:1:0:3
two_stage_feedback_net_log15,Ascend910B3,20,external_v2_layout_tn,1792,2560,3584,fp16,1,0,10:384:2560:384:128:128:128:9:6:3:1:1:3:3:2:2:1:1:1:5:1:0:3
two_stage_feedback_net_log15,Ascend910B3,20,external_v2_layout_tn,1792,2560,3584,fp16,1,0,10:1792:384:384:128:128:128:6:9:1:3:0:3:3:2:2:2:1:4:1:2:1:3
two_stage_feedback_net_log15,Ascend910B3,20,external_v2_layout_tn,1792,2560,3584,fp16,1,0,10:1792:384:384:128:128:128:6:9:1:3:0:3:3:2:2:1:1:3:1:3:0:3
two_stage_feedback_net_log15,Ascend910B3,20,external_v2_layout_tn,1792,2560,3584,fp16,1,0,10:1792:384:384:128:128:128:6:9:1:3:0:3:3:2:2:1:1:2:1:6:2:3
two_stage_feedback_net_log15,Ascend910B3,20,external_v2_layout_tn,1792,2560,3584,fp16,1,0,9:384:2560:384:128:128:128:9:6:3:1:1:3:3:2:2:2:1:1:5:1:0:3
two_stage_feedback_net_log15,Ascend910B3,20,external_v2_layout_tn,1792,2560,3584,fp16,1,0,16:448:640:2464:48:48:16:154:154:1:1:0:154:154:1:1:2:1:1:4:4:2:2
two_stage_feedback_net_log15,Ascend910B3,20,external_v2_layout_nt,1664,2432,3328,fp16,0,1,20:416:496:3328:96:64:256:4:8:2:2:0:2:2:1:1:1:2:2:3:4:0:0
two_stage_feedback_net_log15,Ascend910B3,20,external_v2_layout_nt,1664,2432,3328,fp16,0,1,12:144:2432:3328:144:16:224:4:8:1:1:1:4:4:1:1:1:12:1:1:1:0:0
two_stage_feedback_net_log15,Ascend910B3,20,external_v2_layout_nt,1664,2432,3328,fp16,0,1,9:1664:384:384:128:128:128:6:9:1:3:0:3:3:2:2:1:1:3:1:3:0:3
two_stage_feedback_net_log15,Ascend910B3,20,external_v2_layout_nt,1664,2432,3328,fp16,0,1,9:384:2432:384:128:128:128:9:6:3:1:1:3:3:2:2:2:1:1:5:1:1:3
two_stage_feedback_net_log15,Ascend910B3,20,external_v2_layout_nt,1664,2432,3328,fp16,0,1,9:384:2432:384:128:128:128:9:6:3:1:1:3:3:2:2:1:1:1:5:1:0:3
two_stage_feedback_net_log15,Ascend910B3,20,external_v2_layout_nt,1664,2432,3328,fp16,0,1,9:384:2432:384:128:128:128:9:6:3:1:1:3:3:2:2:2:3:1:2:1:0:3
two_stage_feedback_net_log15,Ascend910B3,20,external_v2_layout_nt,1664,2432,3328,fp16,0,1,8:1664:384:384:128:128:128:6:9:1:3:0:3:3:2:2:2:1:3:1:3:2:3
two_stage_feedback_net_log15,Ascend910B3,20,external_v2_layout_nt,1664,2432,3328,fp16,0,1,8:384:2432:384:128:128:128:9:6:3:1:1:3:3:2:2:2:1:1:5:1:1:3
two_stage_feedback_net_log15,Ascend910B3,20,external_v2_layout_nt,1664,2432,3328,fp16,0,1,8:384:2432:384:128:128:128:9:6:3:1:1:3:3:2:2:1:1:1:5:1:0:3
two_stage_feedback_net_log15,Ascend910B3,20,external_v2_layout_nt,1664,2432,3328,fp16,0,1,18:560:416:1280:16:16:160:32:32:4:4:0:8:8:1:1:1:2:1:2:6:2:2
two_stage_feedback_net_log15,Ascend910B3,20,external_v2_layout_tt,1280,1920,2560,fp16,1,1,20:320:384:2560:16:16:640:4:4:4:4:1:1:1:2:1:1:1:2:4:3:0:0
two_stage_feedback_net_log15,Ascend910B3,20,external_v2_layout_tt,1280,1920,2560,fp16,1,1,20:640:192:2560:64:32:64:4:4:2:2:0:2:2:1:2:1:1:2:2:6:0:0
two_stage_feedback_net_log15,Ascend910B3,20,external_v2_layout_tt,1280,1920,2560,fp16,1,1,16:320:480:2560:160:160:192:1:3:1:3:0:1:1:1:1:1:2:1:2:4:0:0
two_stage_feedback_net_log15,Ascend910B3,20,external_v2_layout_tt,1280,1920,2560,fp16,1,1,20:320:384:2560:48:16:48:1:1:1:1:0:1:1:1:1:1:1:5:4:1:0:0
two_stage_feedback_net_log15,Ascend910B3,20,external_v2_layout_tt,1280,1920,2560,fp16,1,1,18:432:320:2560:16:16:80:16:4:4:1:0:2:2:2:2:2:2:2:2:3:0:0
two_stage_feedback_net_log15,Ascend910B3,20,external_v2_layout_tt,1280,1920,2560,fp16,1,1,18:432:320:2560:16:80:80:1:2:1:2:1:1:1:1:1:1:2:2:2:3:0:0
two_stage_feedback_net_log15,Ascend910B3,20,external_v2_layout_tt,1280,1920,2560,fp16,1,1,20:640:192:2560:48:16:32:16:16:2:2:0:4:4:1:2:1:2:2:1:7:0:0
two_stage_feedback_net_log15,Ascend910B3,20,external_v2_layout_tt,1280,1920,2560,fp16,1,1,18:224:640:2560:48:48:64:8:4:2:1:1:4:4:2:2:1:2:1:3:3:0:0
two_stage_feedback_net_log15,Ascend910B3,20,external_v2_layout_tt,1280,1920,2560,fp16,1,1,18:640:224:2560:16:80:64:4:4:1:2:0:2:2:2:1:1:1:5:2:2:0:0
two_stage_feedback_net_log15,Ascend910B3,20,external_v2_layout_tt,1280,1920,2560,fp16,1,1,18:640:224:2560:16:16:160:2:8:2:4:1:1:1:1:1:1:1:2:2:7:0:0
two_stage_feedback_net_log15,Ascend910B3,20,external_v2_layout_tt,1280,1920,2560,fp16,1,1,20:320:384:2560:64:64:16:8:16:1:2:0:8:8:2:1:1:1:2:4:4:0:0
two_stage_feedback_net_log15,Ascend910B3,20,external_v2_layout_tt,1280,1920,2560,fp16,1,1,18:224:640:2560:16:32:80:8:8:1:2:0:4:4:2:2:1:1:3:6:1:0:0
two_stage_feedback_net_log15,Ascend910B3,20,external_v2_layout_tt,1280,1920,2560,fp16,1,1,14:96:1920:2560:96:80:160:2:2:1:2:0:1:1:2:2:2:14:1:1:1:0:0
two_stage_feedback_net_log15,Ascend910B3,20,external_v2_layout_tt,1280,1920,2560,fp16,1,1,5:256:1920:2560:256:64:32:4:4:1:1:1:2:2:1:1:1:2:1:3:1:0:0
two_stage_feedback_net_log15,Ascend910B3,20,external_v2_layout_tt,1280,1920,2560,fp16,1,1,18:144:960:256:48:16:128:2:2:1:1:0:2:2:1:1:1:9:1:1:2:2:2
two_stage_feedback_net_log15,Ascend910B3,20,external_v2_layout_tt,1280,1920,2560,fp16,1,1,20:144:144:2560:16:48:192:32:16:2:2:0:8:8:2:2:2:1:1:9:14:0:0
two_stage_feedback_net_log15,Ascend910B3,20,external_v2_layout_tt,1280,1920,2560,fp16,1,1,10:128:1920:192:32:32:32:12:18:2:3:1:6:6:2:2:2:5:1:2:1:2:2
two_stage_feedback_net_log15,Ascend910B3,20,external_v2_layout_tt,1280,1920,2560,fp16,1,1,20:192:80:2560:32:16:448:1:1:1:1:1:1:1:2:1:1:7:1:1:24:1:0
two_stage_feedback_net_log15,Ascend910B3,20,external_v2_layout_tt,1280,1920,2560,fp16,1,1,20:96:192:960:32:32:160:36:12:3:2:0:6:6:1:1:1:1:2:14:9:1:2
two_stage_feedback_net_log15,Ascend910B3,20,external_v2_layout_tt,1280,1920,2560,fp16,1,1,20:256:64:2560:192:64:16:4:4:1:1:0:4:4:1:2:1:1:2:5:16:2:0
two_stage_feedback_net_log15,Ascend910B3,20,external_v2_layout_tt,1280,1920,2560,fp16,1,1,20:48:320:2560:16:16:1024:6:6:1:2:1:3:3:1:1:1:1:2:27:4:0:0
two_stage_feedback_net_log15,Ascend910B3,20,external_v2_layout_tt,1280,1920,2560,fp16,1,1,20:32:480:2560:16:256:64:4:4:1:1:0:4:4:2:2:2:1:2:40:2:0:0
two_stage_feedback_net_log15,Ascend910B3,20,external_v2_layout_tt,1280,1920,2560,fp16,1,1,20:32:384:2560:32:16:192:16:32:1:2:1:8:8:2:2:1:5:1:9:5:1:0
two_stage_feedback_net_log15,Ascend910B3,20,external_v2_layout_tt,1280,1920,2560,fp16,1,1,20:32:400:2560:32:400:32:2:2:1:1:1:1:1:2:2:1:40:1:1:5:2:0
two_stage_feedback_net_log15,Ascend910B3,20,external_v2_bf16_aligned,2560,3584,5120,bf16,0,0,20:640:368:5120:32:128:64:4:4:4:2:1:1:1:2:1:1:4:3:1:4:0:0
two_stage_feedback_net_log15,Ascend910B3,20,external_v2_bf16_aligned,2560,3584,5120,bf16,0,0,20:320:720:5120:32:80:16:32:8:4:2:1:4:4:1:1:1:1:3:8:2:0:0
two_stage_feedback_net_log15,Ascend910B3,20,external_v2_bf16_aligned,2560,3584,5120,bf16,0,0,18:432:1200:5120:48:32:64:4:1:4:1:1:1:1:2:1:1:1:2:6:2:0:0
two_stage_feedback_net_log15,Ascend910B3,20,external_v2_bf16_aligned,2560,3584,5120,bf16,0,0,20:864:448:5120:64:32:112:4:4:2:2:1:1:1:1:1:1:3:8:1:1:0:0
two_stage_feedback_net_log15,Ascend910B3,20,external_v2_bf16_aligned,2560,3584,5120,bf16,0,0,20:320:1200:5120:32:16:320:2:2:1:2:0:1:1:1:2:1:1:2:8:2:0:0
two_stage_feedback_net_log15,Ascend910B3,20,external_v2_bf16_aligned,2560,3584,5120,bf16,0,0,20:432:720:5120:32:240:16:2:3:2:3:1:1:1:1:1:1:2:1:3:5:0:0
two_stage_feedback_net_log15,Ascend910B3,20,external_v2_bf16_aligned,2560,3584,5120,bf16,0,0,20:432:608:5120:48:16:80:4:16:1:4:0:2:2:1:2:1:1:1:6:6:0:0
two_stage_feedback_net_log15,Ascend910B3,20,external_v2_bf16_aligned,2560,3584,5120,bf16,0,0,20:368:208:5120:128:80:112:8:16:1:2:1:4:4:2:2:2:1:18:7:1:2:0
two_stage_feedback_net_log15,Ascend910B3,20,external_v2_bf16_aligned,2560,3584,5120,bf16,0,0,20:256:1792:5120:112:64:96:1:4:1:4:1:1:1:1:1:1:10:2:1:1:0:0
two_stage_feedback_net_log15,Ascend910B3,20,external_v2_bf16_aligned,2560,3584,5120,bf16,0,0,18:1280:400:5120:32:80:64:4:16:2:4:1:2:2:1:1:1:2:5:1:2:1:0
two_stage_feedback_net_log15,Ascend910B3,20,external_v2_bf16_aligned,2560,3584,5120,bf16,0,0,20:64:720:5120:64:80:32:1:8:1:4:0:1:1:1:2:1:40:2:1:4:2:0
two_stage_feedback_net_log15,Ascend910B3,20,external_v2_bf16_aligned,2560,3584,5120,bf16,0,0,13:2560:384:384:128:128:128:6:9:1:3:0:3:3:2:2:2:1:1:1:10:2:3
two_stage_feedback_net_log15,Ascend910B3,20,external_v2_bf16_aligned,2560,3584,5120,bf16,0,0,13:2560:384:384:128:128:128:6:9:1:3:0:3:3:2:2:2:1:1:1:10:1:3
two_stage_feedback_net_log15,Ascend910B3,20,external_v2_bf16_aligned,2560,3584,5120,bf16,0,0,13:2560:384:384:128:128:128:6:9:1:3:0:3:3:2:2:1:1:1:1:10:1:3
two_stage_feedback_net_log15,Ascend910B3,20,external_v2_bf16_aligned,2560,3584,5120,bf16,0,0,14:2560:384:384:128:128:128:6:9:1:3:0:3:3:2:2:2:1:1:1:10:0:3
two_stage_feedback_net_log15,Ascend910B3,20,external_v2_bf16_aligned,2560,3584,5120,bf16,0,0,14:2560:384:384:128:128:128:6:9:1:3:0:3:3:2:2:1:1:1:1:10:2:3
two_stage_feedback_net_log15,Ascend910B3,20,external_v2_bf16_aligned,2560,3584,5120,bf16,0,0,14:2560:384:384:128:128:128:6:9:1:3:0:3:3:2:2:2:1:2:1:5:1:3
two_stage_feedback_net_log15,Ascend910B3,20,external_v2_bf16_aligned,2560,3584,5120,bf16,0,0,20:640:96:16:80:48:16:3:4:3:2:1:1:1:1:2:1:1:1:4:38:1:2
two_stage_feedback_net_log15,Ascend910B3,20,external_v2_bf16_aligned,2560,3584,5120,bf16,0,0,14:384:3584:384:128:128:128:9:6:3:1:1:3:3:2:2:2:1:1:7:1:0:3
two_stage_feedback_net_log15,Ascend910B3,20,external_v2_bf16_aligned,2560,3584,5120,bf16,0,0,20:640:96:48:80:48:16:9:6:3:2:1:3:3:1:2:1:1:1:4:38:0:2
two_stage_feedback_net_log15,Ascend910B3,20,external_v2_bf16_aligned,2560,3584,5120,bf16,0,0,8:2560:384:384:128:128:128:6:9:1:3:0:3:3:2:2:2:1:1:1:10:1:3
two_stage_feedback_net_log15,Ascend910B3,20,external_v2_bf16_aligned,2560,3584,5120,bf16,0,0,20:368:896:16:80:64:16:4:8:4:4:0:1:1:1:1:1:1:1:7:4:0:2
two_stage_feedback_net_log15,Ascend910B3,20,external_v2_bf16_aligned,2560,3584,5120,bf16,0,0,20:640:96:96:80:48:16:36:12:3:2:0:6:6:1:2:1:1:1:4:38:1:2
two_stage_feedback_net_log15,Ascend910B3,20,external_v2_bf16_aligned,2560,3584,5120,bf16,0,0,20:1280:368:3072:48:32:16:192:192:1:1:0:192:192:2:2:2:1:2:2:5:2:2
two_stage_feedback_net_log15,Ascend910B3,20,external_v2_bf16_odd,1023,1537,3073,bf16,0,0,20:256:320:3073:96:16:320:4:4:2:2:1:2:2:1:1:1:1:2:4:3:0:0
two_stage_feedback_net_log15,Ascend910B3,20,external_v2_bf16_odd,1023,1537,3073,bf16,0,0,20:208:400:3073:32:16:128:4:8:1:2:0:2:2:1:2:1:1:2:5:3:0:0
two_stage_feedback_net_log15,Ascend910B3,20,external_v2_bf16_odd,1023,1537,3073,bf16,0,0,18:512:176:3073:96:16:256:8:16:1:2:1:4:4:1:1:1:2:1:1:9:0:0
two_stage_feedback_net_log15,Ascend910B3,20,external_v2_bf16_odd,1023,1537,3073,bf16,0,0,20:256:320:3073:64:32:32:8:8:1:2:1:4:4:2:1:1:1:3:4:2:0:0
two_stage_feedback_net_log15,Ascend910B3,20,external_v2_bf16_odd,1023,1537,3073,bf16,0,0,20:256:320:3073:48:48:32:2:4:1:2:1:2:2:1:1:1:4:5:1:1:0:0
two_stage_feedback_net_log15,Ascend910B3,20,external_v2_bf16_odd,1023,1537,3073,bf16,0,0,18:512:176:3073:48:16:128:4:4:1:1:0:2:2:1:2:1:1:2:2:6:0:0
two_stage_feedback_net_log15,Ascend910B3,20,external_v2_bf16_odd,1023,1537,3073,bf16,0,0,20:208:400:3073:112:32:32:4:4:1:2:0:2:2:1:2:1:1:2:5:3:0:0
two_stage_feedback_net_log15,Ascend910B3,20,external_v2_bf16_odd,1023,1537,3073,bf16,0,0,18:352:272:3073:16:16:80:4:16:2:4:0:2:2:1:2:1:1:3:3:2:0:0
two_stage_feedback_net_log15,Ascend910B3,20,external_v2_bf16_odd,1023,1537,3073,bf16,0,0,18:352:272:3073:16:48:48:32:8:4:2:1:4:4:2:2:2:1:3:3:2:0:0
two_stage_feedback_net_log15,Ascend910B3,20,external_v2_bf16_odd,1023,1537,3073,bf16,0,0,14:512:224:3073:96:224:48:32:8:2:1:1:8:8:1:1:1:1:2:2:4:0:0
two_stage_feedback_net_log15,Ascend910B3,20,external_v2_bf16_odd,1023,1537,3073,bf16,0,0,20:256:320:3073:48:48:16:16:16:1:2:1:8:8:2:1:1:1:2:4:3:0:0
two_stage_feedback_net_log15,Ascend910B3,20,external_v2_bf16_odd,1023,1537,3073,bf16,0,0,18:176:528:3073:80:32:48:2:1:2:1:0:1:1:1:1:1:2:1:5:3:0:0
two_stage_feedback_net_log15,Ascend910B3,20,external_v2_bf16_odd,1023,1537,3073,bf16,0,0,16:896:208:3073:896:16:16:2:1:1:1:0:1:1:2:1:1:1:2:2:4:0:0
two_stage_feedback_net_log15,Ascend910B3,20,external_v2_bf16_odd,1023,1537,3073,bf16,0,0,4:256:1552:3073:256:64:16:8:64:1:4:1:8:8:2:1:1:2:1:2:1:0:0
two_stage_feedback_net_log15,Ascend910B3,20,external_v2_bf16_odd,1023,1537,3073,bf16,0,0,20:112:128:3073:16:32:256:2:1:1:1:1:1:1:2:2:1:1:7:10:2:0:0
two_stage_feedback_net_log15,Ascend910B3,20,external_v2_bf16_odd,1023,1537,3073,bf16,0,0,20:64:208:3073:16:32:512:8:2:4:2:1:1:1:1:1:1:6:2:3:5:2:0
two_stage_feedback_net_log15,Ascend910B3,20,external_v2_bf16_odd,1023,1537,3073,bf16,0,0,20:80:160:3073:16:16:1024:2:1:1:1:0:1:1:2:2:2:1:3:13:4:0:0
two_stage_feedback_net_log15,Ascend910B3,20,external_v2_bf16_odd,1023,1537,3073,bf16,0,0,20:48:272:3073:16:32:384:8:4:2:1:0:2:2:2:1:1:8:2:3:5:1:0
two_stage_feedback_net_log15,Ascend910B3,20,external_v2_bf16_odd,1023,1537,3073,bf16,0,0,20:80:128:3073:80:16:96:2:1:1:1:0:1:1:2:2:2:1:13:13:1:2:0
two_stage_feedback_net_log15,Ascend910B3,20,external_v2_bf16_odd,1023,1537,3073,bf16,0,0,20:32:320:3073:32:64:80:16:32:1:4:0:8:8:2:1:1:5:1:7:5:2:0
two_stage_feedback_net_log15,Ascend910B3,20,external_v2_bf16_odd,1023,1537,3073,bf16,0,0,20:32:320:3073:16:32:224:2:4:1:2:0:1:1:1:1:1:11:1:3:5:0:0
two_stage_feedback_net_log15,Ascend910B3,20,external_v2_bf16_odd,1023,1537,3073,bf16,0,0,6:384:784:128:96:48:16:32:64:4:4:1:8:8:1:1:1:3:1:1:2:0:2
two_stage_feedback_net_log15,Ascend910B3,20,external_v2_bf16_odd,1023,1537,3073,bf16,0,0,20:208:320:112:16:48:112:1:1:1:1:1:1:1:2:1:1:1:3:5:2:1:2
two_stage_feedback_net_log15,Ascend910B3,20,external_v2_bf16_odd,1023,1537,3073,bf16,0,0,20:288:64:192:96:16:32:36:24:3:2:0:6:6:1:1:1:1:2:4:22:1:2
two_stage_feedback_net_log15,Ascend910B3,20,external_v2_fp32_nn,768,1280,1536,fp32,0,0,17:384:144:1536:96:48:16:16:4:4:1:1:2:2:2:2:1:1:9:2:1:1:0
two_stage_feedback_net_log15,Ascend910B3,20,external_v2_fp32_nn,768,1280,1536,fp32,0,0,19:32:192:1536:16:48:48:16:32:1:2:1:8:8:2:1:1:24:2:1:5:1:0
two_stage_feedback_net_log15,Ascend910B3,20,external_v2_fp32_nn,768,1280,1536,fp32,0,0,3:384:1280:192:128:128:64:9:6:3:1:1:3:3:2:2:2:2:1:1:1:0:3
two_stage_feedback_net_log15,Ascend910B3,20,external_v2_fp32_nn,768,1280,1536,fp32,0,0,3:192:1280:128:192:16:16:8:8:1:1:0:8:8:1:2:1:2:1:3:1:0:2
two_stage_feedback_net_log15,Ascend910B3,20,external_v2_fp32_nn,768,1280,1536,fp32,0,0,20:768:64:1536:16:16:128:32:32:2:4:0:8:8:2:1:1:1:20:1:1:0:0
two_stage_feedback_net_log15,Ascend910B3,20,external_v2_fp32_nn,768,1280,1536,fp32,0,0,8:192:640:192:48:64:64:12:12:4:4:0:3:3:1:1:1:4:2:1:1:0:2
two_stage_feedback_net_log15,Ascend910B3,20,external_v2_fp32_nn,768,1280,1536,fp32,0,0,8:192:640:192:48:64:64:12:12:4:4:0:3:3:1:1:1:2:2:2:1:2:2
two_stage_feedback_net_log15,Ascend910B3,20,external_v2_fp32_nn,768,1280,1536,fp32,0,0,8:192:640:192:48:64:64:12:12:4:4:0:3:3:1:1:2:4:2:1:1:2:2
two_stage_feedback_net_log15,Ascend910B3,20,external_v2_fp32_nn,768,1280,1536,fp32,0,0,3:336:1280:1536:336:16:16:16:8:1:1:0:8:8:1:1:1:3:1:1:1:0:0
two_stage_feedback_net_log15,Ascend910B3,20,external_v2_fp32_nn,768,1280,1536,fp32,0,0,3:336:1280:1536:336:16:16:16:8:1:1:1:8:8:1:1:1:2:1:2:1:0:0
two_stage_feedback_net_log15,Ascend910B3,20,external_v2_fp32_nn,768,1280,1536,fp32,0,0,5:384:1280:192:128:128:64:9:6:3:1:1:3:3:2:2:2:1:1:2:1:0:3
two_stage_feedback_net_log15,Ascend910B3,20,external_v2_fp32_nn,768,1280,1536,fp32,0,0,20:32:192:1536:16:48:48:16:32:1:2:0:8:8:2:1:1:12:2:2:5:1:0
two_stage_feedback_net_log15,Ascend910B3,20,external_v2_fp32_nn,768,1280,1536,fp32,0,0,9:256:432:1536:256:64:64:4:8:1:4:0:2:2:1:2:1:1:2:3:2:0:0
two_stage_feedback_net_log15,Ascend910B3,20,external_v2_fp32_nn,768,1280,1536,fp32,0,0,10:80:1280:1488:16:16:48:31:62:1:1:1:31:31:2:2:1:5:1:2:1:2:2
two_stage_feedback_net_log15,Ascend910B3,20,external_v2_fp32_nn,768,1280,1536,fp32,0,0,20:32:1280:1536:16:16:16:4:2:2:2:0:1:1:2:1:1:8:1:3:1:0:0
two_stage_feedback_net_log15,Ascend910B3,20,external_v2_fp32_nn,768,1280,1536,fp32,0,0,20:128:160:576:32:32:48:12:12:1:1:0:12:12:2:2:2:1:4:6:2:2:2
two_stage_feedback_net_log15,Ascend910B3,20,external_v2_fp32_nn,768,1280,1536,fp32,0,0,20:224:32:1536:224:16:32:2:1:1:1:0:1:1:2:1:1:1:4:4:11:1:0
two_stage_feedback_net_log15,Ascend910B3,20,external_v2_fp32_nn,768,1280,1536,fp32,0,0,20:32:192:1536:16:16:384:2:1:2:1:1:1:1:1:2:1:1:1:24:7:1:0
two_stage_feedback_net_log15,Ascend910B3,20,external_v2_fp32_nn,768,1280,1536,fp32,0,0,20:96:224:128:64:80:16:16:8:1:1:0:8:8:2:1:1:1:2:8:5:1:2
two_stage_feedback_net_log15,Ascend910B3,20,external_v2_fp32_nn,768,1280,1536,fp32,0,0,12:64:1280:80:16:16:80:6:4:3:2:1:1:1:1:1:1:12:1:1:1:2:2
two_stage_feedback_net_log15,Ascend910B3,20,external_v2_fp32_nn,768,1280,1536,fp32,0,0,2:384:1280:128:96:32:16:32:64:4:4:1:8:8:2:1:1:2:1:1:1:1:2
two_stage_feedback_net_log15,Ascend910B3,20,external_v2_fp32_nn,768,1280,1536,fp32,0,0,4:384:640:48:96:80:16:24:12:4:4:0:3:3:1:2:1:2:2:1:1:1:2
two_stage_feedback_net_log15,Ascend910B3,20,external_v2_fp32_nn,768,1280,1536,fp32,0,0,20:336:80:48:112:32:16:18:12:3:2:1:3:3:1:1:1:1:8:3:2:1:2
two_stage_feedback_net_log15,Ascend910B3,20,external_v2_fp32_nn,768,1280,1536,fp32,0,0,4:192:1280:16:192:16:16:1:2:1:1:1:1:1:1:2:1:2:1:3:1:1:2
two_stage_feedback_net_log15,Ascend910B3,20,external_v2_fp32_nt,32,352,5120,fp32,0,1,16:16:48:5120:16:16:96:8:12:1:3:1:4:4:2:1:1:1:2:2:7:1:0
two_stage_feedback_net_log15,Ascend910B3,20,external_v2_fp32_nt,32,352,5120,fp32,0,1,7:64:64:480:16:16:160:24:24:4:4:0:3:3:1:1:1:1:1:1:6:0:2
two_stage_feedback_net_log15,Ascend910B3,20,external_v2_fp32_nt,32,352,5120,fp32,0,1,20:416:16:5120:416:16:16:4:4:1:1:0:2:2:1:2:2:1:3:1:9:2:0
two_stage_feedback_net_log15,Ascend910B3,20,external_v2_fp32_nt,32,352,5120,fp32,0,1,20:416:16:5120:416:16:16:4:4:1:1:0:2:2:1:2:1:1:3:1:9:0:0
two_stage_feedback_net_log15,Ascend910B3,20,external_v2_fp32_nt,32,352,5120,fp32,0,1,19:416:16:5120:416:16:16:4:4:1:1:1:2:2:1:2:1:1:3:1:9:2:0
two_stage_feedback_net_log15,Ascend910B3,20,external_v2_fp32_nt,32,352,5120,fp32,0,1,1:192:352:24:192:16:8:3:3:1:1:0:3:3:1:1:1:1:1:1:1:2:2
two_stage_feedback_net_log15,Ascend910B3,20,external_v2_fp32_nt,32,352,5120,fp32,0,1,1:192:352:24:192:16:8:3:3:1:1:1:3:3:1:1:2:1:1:1:1:2:2
two_stage_feedback_net_log15,Ascend910B3,20,external_v2_fp32_nt,32,352,5120,fp32,0,1,6:640:64:8:160:16:8:8:8:4:4:0:1:1:1:2:2:1:2:1:4:0:2
two_stage_feedback_net_log15,Ascend910B3,20,external_v2_fp32_nt,32,352,5120,fp32,0,1,16:16:48:5120:16:16:256:8:8:1:2:0:4:4:1:2:1:1:1:2:8:0:0
two_stage_feedback_net_log15,Ascend910B3,20,external_v2_fp32_nt,32,352,5120,fp32,0,1,16:16:48:5120:16:16:96:8:12:1:3:0:4:4:2:1:2:1:1:2:8:1:0
two_stage_feedback_net_log15,Ascend910B3,20,external_v2_fp32_nt,32,352,5120,fp32,0,1,16:16:48:5120:16:16:256:8:8:1:2:0:4:4:1:2:1:1:2:2:4:1:0
two_stage_feedback_net_log15,Ascend910B3,20,external_v2_fp32_nt,32,352,5120,fp32,0,1,16:16:48:5120:16:16:256:8:8:1:2:0:4:4:1:2:2:1:2:2:4:0:0
two_stage_feedback_net_log15,Ascend910B3,20,external_v2_fp32_nt,32,352,5120,fp32,0,1,20:96:16:5120:96:16:112:1:2:1:1:0:1:1:1:1:1:1:2:1:13:0:0
two_stage_feedback_net_log15,Ascend910B3,20,external_v2_fp32_nt,32,352,5120,fp32,0,1,2:32:176:5120:32:16:64:16:32:1:2:0:8:8:1:2:1:1:1:1:2:0:0
two_stage_feedback_net_log15,Ascend910B3,20,external_v2_fp32_nt,32,352,5120,fp32,0,1,11:192:32:5120:192:32:32:8:16:1:1:1:8:8:1:2:1:1:2:1:6:0:0
two_stage_feedback_net_log15,Ascend910B3,20,external_v2_fp32_nt,32,352,5120,fp32,0,1,3:64:128:5120:64:64:32:16:32:1:2:0:8:8:1:1:1:1:1:1:3:0:0
two_stage_feedback_net_log15,Ascend910B3,20,external_v2_fp32_nt,32,352,5120,fp32,0,1,1:32:352:160:32:32:40:8:8:1:1:0:4:4:2:2:1:1:1:1:1:2:2
two_stage_feedback_net_log15,Ascend910B3,20,external_v2_fp32_nt,32,352,5120,fp32,0,1,1:48:352:72:48:64:24:3:3:1:1:1:3:3:2:2:2:1:1:1:1:2:2
two_stage_feedback_net_log15,Ascend910B3,20,external_v2_fp32_nt,32,352,5120,fp32,0,1,6:192:64:384:48:16:24:64:64:4:4:1:16:16:1:2:1:1:2:1:5:1:2
two_stage_feedback_net_log15,Ascend910B3,20,external_v2_fp32_nt,32,352,5120,fp32,0,1,20:336:16:5120:336:16:24:4:2:1:1:1:2:2:2:2:1:1:22:1:1:0:0
two_stage_feedback_net_log15,Ascend910B3,20,external_v2_fp32_nt,32,352,5120,fp32,0,1,5:32:80:8:32:32:8:1:1:1:1:1:1:1:2:2:2:1:3:1:2:0:2
two_stage_feedback_net_log15,Ascend910B3,20,external_v2_fp32_nt,32,352,5120,fp32,0,1,1:48:352:128:48:48:8:32:32:1:1:0:16:16:1:1:1:1:1:1:1:1:2
two_stage_feedback_net_log15,Ascend910B3,20,external_v2_fp32_nt,32,352,5120,fp32,0,1,1:48:352:16:16:160:8:12:8:3:2:0:2:2:2:1:1:1:1:1:1:2:2
two_stage_feedback_net_log15,Ascend910B3,20,external_v2_fp32_nt,32,352,5120,fp32,0,1,6:640:64:48:160:16:8:24:24:4:4:1:6:6:1:2:1:1:1:1:6:1:2
two_stage_feedback_net_log15,Ascend910B3,20,external_v2_fp32_tn,640,960,1280,fp32,1,0,20:112:128:1280:48:128:128:1:1:1:1:1:1:1:2:1:1:6:2:1:5:1:0
two_stage_feedback_net_log15,Ascend910B3,20,external_v2_fp32_tn,640,960,1280,fp32,1,0,20:112:128:1280:48:128:128:1:1:1:1:0:1:1:2:1:2:6:2:1:5:1:0
two_stage_feedback_net_log15,Ascend910B3,20,external_v2_fp32_tn,640,960,1280,fp32,1,0,8:80:960:1280:80:96:16:8:64:1:4:0:8:8:2:2:2:8:1:1:1:1:0
two_stage_feedback_net_log15,Ascend910B3,20,external_v2_fp32_tn,640,960,1280,fp32,1,0,8:80:960:1280:80:96:16:8:64:1:4:0:8:8:2:2:2:4:1:2:1:0:0
two_stage_feedback_net_log15,Ascend910B3,20,external_v2_fp32_tn,640,960,1280,fp32,1,0,20:32:320:1280:32:16:160:4:4:1:1:1:4:4:2:2:2:1:1:20:3:0:0
two_stage_feedback_net_log15,Ascend910B3,20,external_v2_fp32_tn,640,960,1280,fp32,1,0,20:32:320:1280:32:16:160:4:4:1:1:1:4:4:2:2:1:1:1:20:3:1:0
two_stage_feedback_net_log15,Ascend910B3,20,external_v2_fp32_tn,640,960,1280,fp32,1,0,8:80:960:1280:80:96:16:8:64:1:4:0:8:8:2:2:1:8:1:1:1:0:0
two_stage_feedback_net_log15,Ascend910B3,20,external_v2_fp32_tn,640,960,1280,fp32,1,0,20:32:320:1280:32:16:160:4:4:1:1:0:4:4:2:2:1:1:1:20:3:0:0
two_stage_feedback_net_log15,Ascend910B3,20,external_v2_fp32_tn,640,960,1280,fp32,1,0,8:592:240:1280:592:32:16:1:1:1:1:1:1:1:1:1:1:1:1:2:4:0:0
two_stage_feedback_net_log15,Ascend910B3,20,external_v2_fp32_tn,640,960,1280,fp32,1,0,8:592:240:1280:592:32:16:1:1:1:1:0:1:1:1:1:1:1:1:2:4:1:0
two_stage_feedback_net_log15,Ascend910B3,20,external_v2_fp32_tn,640,960,1280,fp32,1,0,20:32:160:1280:32:32:256:5:10:1:1:1:5:5:2:2:1:20:2:1:5:1:0
two_stage_feedback_net_log15,Ascend910B3,20,external_v2_fp32_tn,640,960,1280,fp32,1,0,20:32:160:1280:32:32:256:5:10:1:1:0:5:5:2:2:1:20:2:1:5:0:0
two_stage_feedback_net_log15,Ascend910B3,20,external_v2_fp32_tn,640,960,1280,fp32,1,0,14:96:480:256:48:16:64:4:4:1:1:0:4:4:1:1:1:7:1:1:2:0:2
two_stage_feedback_net_log15,Ascend910B3,20,external_v2_fp32_tn,640,960,1280,fp32,1,0,20:48:144:1216:48:32:64:19:19:1:1:1:19:19:1:1:1:3:2:5:6:0:2
two_stage_feedback_net_log15,Ascend910B3,20,external_v2_fp32_tn,640,960,1280,fp32,1,0,3:288:960:256:96:32:16:48:32:3:2:0:16:16:2:2:2:2:1:2:1:0:2
two_stage_feedback_net_log15,Ascend910B3,20,external_v2_fp32_tn,640,960,1280,fp32,1,0,20:224:64:240:16:16:80:9:12:3:2:1:3:3:2:1:1:2:5:2:3:2:2
two_stage_feedback_net_log15,Ascend910B3,20,external_v2_fp32_tn,640,960,1280,fp32,1,0,20:112:80:160:112:32:16:10:20:1:1:0:10:10:1:2:1:6:2:1:9:2:2
two_stage_feedback_net_log15,Ascend910B3,20,external_v2_fp32_tn,640,960,1280,fp32,1,0,4:640:256:96:32:64:48:8:8:4:4:1:2:2:2:1:1:1:1:1:4:1:2
two_stage_feedback_net_log15,Ascend910B3,20,external_v2_fp32_tn,640,960,1280,fp32,1,0,20:256:64:96:64:16:16:48:24:4:4:1:6:6:2:2:2:1:8:3:2:2:2
two_stage_feedback_net_log15,Ascend910B3,20,external_v2_fp32_tn,640,960,1280,fp32,1,0,3:288:960:64:144:32:16:8:12:2:3:1:4:4:1:2:1:2:1:2:1:2:2
two_stage_feedback_net_log15,Ascend910B3,20,external_v2_fp32_tn,640,960,1280,fp32,1,0,20:96:48:96:80:48:16:6:6:1:1:0:6:6:2:1:1:1:4:7:6:1:2
two_stage_feedback_net_log15,Ascend910B3,20,external_v2_fp32_tn,640,960,1280,fp32,1,0,4:320:768:48:16:192:16:12:24:4:4:0:3:3:2:1:1:2:1:1:2:0:2
two_stage_feedback_net_log15,Ascend910B3,20,external_v2_fp32_tn,640,960,1280,fp32,1,0,4:640:256:16:80:64:16:8:8:4:4:0:1:1:1:1:1:1:4:1:1:1:2
two_stage_feedback_net_log15,Ascend910B3,20,external_v2_fp32_tn,640,960,1280,fp32,1,0,20:96:80:32:96:80:16:4:4:1:1:0:2:2:2:2:1:2:2:5:7:0:2
two_stage_feedback_net_log15,Ascend910B3,20,external_v2_fp32_tt,384,640,768,fp32,1,1,20:80:160:512:32:48:64:16:24:2:3:0:8:8:2:1:2:1:1:5:4:0:2
two_stage_feedback_net_log15,Ascend910B3,20,external_v2_fp32_tt,384,640,768,fp32,1,1,20:80:160:384:32:48:64:12:18:2:3:0:6:6:2:1:1:1:2:5:2:2:2
two_stage_feedback_net_log15,Ascend910B3,20,external_v2_fp32_tt,384,640,768,fp32,1,1,18:80:160:384:32:48:64:12:18:2:3:1:6:6:2:1:2:1:2:5:2:0:2
two_stage_feedback_net_log15,Ascend910B3,20,external_v2_fp32_tt,384,640,768,fp32,1,1,3:1024:224:768:1024:32:16:1:4:1:2:0:1:1:1:1:1:1:3:1:1:0:0
two_stage_feedback_net_log15,Ascend910B3,20,external_v2_fp32_tt,384,640,768,fp32,1,1,20:96:32:768:32:32:48:48:16:3:1:0:8:8:2:2:1:4:2:1:10:0:0
two_stage_feedback_net_log15,Ascend910B3,20,external_v2_fp32_tt,384,640,768,fp32,1,1,20:96:32:768:32:32:48:48:16:3:1:1:8:8:2:2:2:4:2:1:10:0:0
two_stage_feedback_net_log15,Ascend910B3,20,external_v2_fp32_tt,384,640,768,fp32,1,1,20:96:32:768:32:32:48:48:16:3:1:1:8:8:2:2:1:4:2:1:10:1:0
two_stage_feedback_net_log15,Ascend910B3,20,external_v2_fp32_tt,384,640,768,fp32,1,1,3:1024:224:768:1024:32:16:1:4:1:2:1:1:1:1:1:1:1:3:1:1:1:0
two_stage_feedback_net_log15,Ascend910B3,20,external_v2_fp32_tt,384,640,768,fp32,1,1,19:144:16:768:144:16:16:2:2:1:1:0:1:1:1:2:1:1:14:3:3:0:0
two_stage_feedback_net_log15,Ascend910B3,20,external_v2_fp32_tt,384,640,768,fp32,1,1,19:144:16:768:144:16:16:2:2:1:1:1:1:1:1:2:1:1:14:3:3:1:0
two_stage_feedback_net_log15,Ascend910B3,20,external_v2_fp32_tt,384,640,768,fp32,1,1,2:128:640:768:128:64:48:2:4:1:1:1:2:2:2:2:2:3:1:1:1:1:0
two_stage_feedback_net_log15,Ascend910B3,20,external_v2_fp32_tt,384,640,768,fp32,1,1,3:128:640:48:64:64:16:6:9:2:3:1:3:3:2:2:2:3:1:1:1:2:2
two_stage_feedback_net_log15,Ascend910B3,20,external_v2_fp32_tt,384,640,768,fp32,1,1,16:192:80:576:64:16:48:36:24:3:2:0:12:12:1:2:1:2:1:1:8:1:2
two_stage_feedback_net_log15,Ascend910B3,20,external_v2_fp32_tt,384,640,768,fp32,1,1,14:192:96:768:80:96:32:32:16:2:1:1:8:8:1:2:1:1:2:2:4:0:0
two_stage_feedback_net_log15,Ascend910B3,20,external_v2_fp32_tt,384,640,768,fp32,1,1,4:384:176:768:64:176:16:8:16:1:1:0:8:8:2:2:1:1:1:1:4:0:0
two_stage_feedback_net_log15,Ascend910B3,20,external_v2_fp32_tt,384,640,768,fp32,1,1,4:368:320:768:368:64:16:16:32:1:2:1:8:8:1:2:1:1:2:2:1:0:0
two_stage_feedback_net_log15,Ascend910B3,20,external_v2_fp32_tt,384,640,768,fp32,1,1,20:288:32:192:96:16:16:72:48:3:2:0:12:12:1:2:1:1:1:2:20:0:2
two_stage_feedback_net_log15,Ascend910B3,20,external_v2_fp32_tt,384,640,768,fp32,1,1,3:128:640:256:32:16:64:16:16:4:4:1:4:4:1:1:1:3:1:1:1:2:2
two_stage_feedback_net_log15,Ascend910B3,20,external_v2_fp32_tt,384,640,768,fp32,1,1,20:16:112:768:16:80:192:2:1:1:1:0:1:1:1:1:1:1:3:24:2:0:0
two_stage_feedback_net_log15,Ascend910B3,20,external_v2_fp32_tt,384,640,768,fp32,1,1,2:192:640:128:64:80:16:24:32:3:2:0:8:8:2:2:1:2:1:1:1:0:2
two_stage_feedback_net_log15,Ascend910B3,20,external_v2_fp32_tt,384,640,768,fp32,1,1,20:96:32:144:32:32:48:6:6:1:1:1:3:3:2:2:2:1:2:4:19:1:2
two_stage_feedback_net_log15,Ascend910B3,20,external_v2_fp32_tt,384,640,768,fp32,1,1,4:96:768:32:16:192:16:8:16:4:4:1:2:2:2:1:1:4:1:1:1:0:2
two_stage_feedback_net_log15,Ascend910B3,20,external_v2_fp32_tt,384,640,768,fp32,1,1,4:384:192:64:96:48:16:32:32:4:4:1:4:4:1:2:1:1:4:1:1:2:2
two_stage_feedback_net_log15,Ascend910B3,20,external_v2_fp32_tt,384,640,768,fp32,1,1,20:96:32:48:64:32:48:1:2:1:1:1:1:1:1:2:1:1:2:4:19:0:2
two_stage_feedback_net_log15,Ascend910B3,20,external_v2_template_al1,16,304,5120,fp32,0,1,19:16:16:5120:16:16:160:1:1:1:1:1:1:1:1:1:1:1:2:1:12:0:0
two_stage_feedback_net_log15,Ascend910B3,20,external_v2_template_al1,16,304,5120,fp32,0,1,18:16:16:5120:16:16:160:1:1:1:1:1:1:1:2:2:1:1:4:1:6:1:0
two_stage_feedback_net_log15,Ascend910B3,20,external_v2_template_al1,16,304,5120,fp32,0,1,19:16:16:5120:16:16:160:1:1:1:1:1:1:1:1:1:2:1:4:1:6:1:0
two_stage_feedback_net_log15,Ascend910B3,20,external_v2_template_al1,16,304,5120,fp32,0,1,19:16:16:5120:16:16:160:1:1:1:1:0:1:1:2:2:2:1:2:1:12:0:0
two_stage_feedback_net_log15,Ascend910B3,20,external_v2_template_al1,16,304,5120,fp32,0,1,19:16:16:5120:16:16:160:1:1:1:1:1:1:1:2:2:2:1:4:1:6:2:0
two_stage_feedback_net_log15,Ascend910B3,20,external_v2_template_al1,16,304,5120,fp32,0,1,19:80:16:5120:80:16:8:1:1:1:1:0:1:1:1:1:1:1:10:1:2:0:0
two_stage_feedback_net_log15,Ascend910B3,20,external_v2_template_al1,16,304,5120,fp32,0,1,19:80:16:5120:80:16:8:1:1:1:1:1:1:1:1:1:2:1:10:1:2:0:0
two_stage_feedback_net_log15,Ascend910B3,20,external_v2_template_al1,16,304,5120,fp32,0,1,9:128:32:5120:128:16:8:4:8:1:2:0:2:2:2:2:1:1:3:1:4:0:0
two_stage_feedback_net_log15,Ascend910B3,20,external_v2_template_al1,16,304,5120,fp32,0,1,19:16:16:5120:16:16:640:8:1:1:1:0:8:1:1:1:1:1:1:1:19:1:10
two_stage_feedback_net_log15,Ascend910B3,20,external_v2_template_al1,16,304,5120,fp32,0,1,10:128:32:5120:128:16:8:4:8:1:2:0:2:2:2:2:2:1:10:1:1:1:0
two_stage_feedback_net_log15,Ascend910B3,20,external_v2_template_al1,16,304,5120,fp32,0,1,18:128:16:5120:128:16:56:16:16:1:1:1:8:8:2:2:2:1:19:1:1:1:0
two_stage_feedback_net_log15,Ascend910B3,20,external_v2_template_al1,16,304,5120,fp32,0,1,1:16:304:5120:16:16:1024:1:4:1:4:0:1:1:1:1:1:1:1:1:1:1:0
two_stage_feedback_net_log15,Ascend910B3,20,external_v2_template_al1,16,304,5120,fp32,0,1,10:112:32:5120:112:16:128:1:1:1:1:0:1:1:1:2:1:1:1:1:10:0:0
two_stage_feedback_net_log15,Ascend910B3,20,external_v2_template_al1,16,304,5120,fp32,0,1,4:48:96:5120:48:96:48:4:4:1:1:1:4:4:2:1:1:1:2:1:2:0:0
two_stage_feedback_net_log15,Ascend910B3,20,external_v2_template_al1,16,304,5120,fp32,0,1,1:64:304:5120:64:16:48:2:2:1:1:0:1:1:2:2:2:1:1:1:1:0:0
two_stage_feedback_net_log15,Ascend910B3,20,external_v2_template_al1,16,304,5120,fp32,0,1,19:16:16:5120:16:16:448:12:1:1:1:1:12:1:2:2:2:1:1:1:19:2:10
two_stage_feedback_net_log15,Ascend910B3,20,external_v2_template_al1,16,304,5120,fp32,0,1,7:224:48:5120:224:16:32:8:8:1:1:1:4:4:2:2:2:1:7:1:1:0:0
two_stage_feedback_net_log15,Ascend910B3,20,external_v2_template_al1,16,304,5120,fp32,0,1,1:16:304:5120:16:16:192:8:8:1:1:0:4:4:1:2:1:1:1:1:1:0:0
two_stage_feedback_net_log15,Ascend910B3,20,external_v2_template_al1,16,304,5120,fp32,0,1,10:208:32:5120:208:16:32:16:32:1:2:0:8:8:1:2:1:1:10:1:1:0:0
two_stage_feedback_net_log15,Ascend910B3,20,external_v2_template_al1,16,304,5120,fp32,0,1,1:48:304:256:48:16:8:32:64:1:1:0:32:32:1:1:1:1:1:1:1:1:2
two_stage_feedback_net_log15,Ascend910B3,20,external_v2_template_al1,16,304,5120,fp32,0,1,3:736:112:5120:736:16:8:16:32:1:4:0:8:8:2:1:1:1:1:1:3:0:0
two_stage_feedback_net_log15,Ascend910B3,20,external_v2_template_al1,16,304,5120,fp32,0,1,10:96:32:24:32:16:24:3:2:3:2:1:1:1:1:2:1:1:1:1:10:0:2
two_stage_feedback_net_log15,Ascend910B3,20,external_v2_template_al1,16,304,5120,fp32,0,1,5:128:64:320:32:16:40:64:64:4:4:1:8:8:1:2:1:1:1:1:5:1:2
two_stage_feedback_net_log15,Ascend910B3,20,external_v2_template_al1,16,304,5120,fp32,0,1,5:576:64:128:192:16:8:48:32:3:2:0:16:16:1:2:1:1:3:1:2:1:2
two_stage_feedback_net_log15,Ascend910B3,20,external_v2_template_bl1,49152,160,128,fp16,0,0,20:1648:912:128:32:912:32:16:4:2:1:1:4:4:2:1:1:8:1:4:1:1:0
two_stage_feedback_net_log15,Ascend910B3,20,external_v2_template_bl1,49152,160,128,fp16,0,0,2:49152:448:128:64:448:48:6:3:1:1:0:3:3:2:1:1:1:1:1:1:0:0
two_stage_feedback_net_log15,Ascend910B3,20,external_v2_template_bl1,49152,160,128,fp16,0,0,20:2464:160:128:160:64:128:4:2:4:2:0:1:1:1:1:1:10:1:2:1:0:0
two_stage_feedback_net_log15,Ascend910B3,20,external_v2_template_bl1,49152,160,128,fp16,0,0,20:2464:160:128:208:64:32:4:12:1:3:0:4:4:1:1:1:10:1:2:1:0:20
two_stage_feedback_net_log15,Ascend910B3,20,external_v2_template_bl1,49152,160,128,fp16,0,0,20:2464:160:128:208:64:32:4:12:1:3:1:4:4:1:1:2:10:1:2:1:0:20
two_stage_feedback_net_log15,Ascend910B3,20,external_v2_template_bl1,49152,160,128,fp16,0,0,20:2464:160:128:208:64:32:4:12:1:3:1:4:4:1:1:2:20:1:1:1:1:20
two_stage_feedback_net_log15,Ascend910B3,20,external_v2_template_bl1,49152,160,128,fp16,0,0,20:2464:160:128:192:48:16:8:32:1:4:0:8:8:2:1:1:4:1:6:1:1:20
two_stage_feedback_net_log15,Ascend910B3,20,external_v2_template_bl1,49152,160,128,fp16,0,0,20:2464:160:128:192:48:16:8:32:1:4:0:8:8:2:1:2:4:1:6:1:0:20
two_stage_feedback_net_log15,Ascend910B3,20,external_v2_template_bl1,49152,160,128,fp16,0,0,15:3280:160:128:16:112:112:4:8:1:2:1:2:2:2:1:2:15:1:1:1:1:20
two_stage_feedback_net_log15,Ascend910B3,20,external_v2_template_bl1,49152,160,128,fp16,0,0,13:3792:160:128:16:160:16:4:4:2:1:0:2:2:1:2:2:5:1:3:1:0:0
two_stage_feedback_net_log15,Ascend910B3,20,external_v2_template_bl1,49152,160,128,fp16,0,0,13:3792:160:128:16:160:16:4:4:2:1:0:2:2:1:2:1:3:1:6:1:0:0
two_stage_feedback_net_log15,Ascend910B3,20,external_v2_template_bl1,49152,160,128,fp16,0,0,13:3792:160:128:16:160:16:4:4:2:1:0:2:2:1:2:1:5:1:3:1:1:0
two_stage_feedback_net_log15,Ascend910B3,20,external_v2_template_bl1,49152,160,128,fp16,0,0,14:3520:160:96:64:48:96:4:6:2:3:0:1:1:1:1:1:5:1:3:1:2:2
two_stage_feedback_net_log15,Ascend910B3,20,external_v2_template_bl1,49152,160,128,fp16,0,0,20:2464:160:128:48:16:112:4:40:1:10:1:2:2:2:2:2:20:1:1:1:2:20
two_stage_feedback_net_log15,Ascend910B3,20,external_v2_template_bl1,49152,160,128,fp16,0,0,14:3520:160:128:96:16:112:2:20:1:10:1:2:2:1:1:1:7:1:2:1:1:20
two_stage_feedback_net_log15,Ascend910B3,20,external_v2_template_bl1,49152,160,128,fp16,0,0,8:12288:128:128:160:128:112:4:2:2:1:1:2:2:1:2:1:1:2:4:1:0:0
two_stage_feedback_net_log15,Ascend910B3,20,external_v2_template_bl1,49152,160,128,fp16,0,0,9:5472:160:128:256:32:16:16:80:1:5:0:8:8:1:1:1:9:1:1:1:1:20
two_stage_feedback_net_log15,Ascend910B3,20,external_v2_template_bl1,49152,160,128,fp16,0,0,20:1456:496:128:16:496:32:8:8:1:1:1:4:4:2:1:1:6:1:6:1:2:20
two_stage_feedback_net_log15,Ascend910B3,20,external_v2_template_bl1,49152,160,128,fp16,0,0,20:1232:144:128:144:144:96:8:2:4:1:1:1:1:1:1:1:5:1:9:2:0:0
two_stage_feedback_net_log15,Ascend910B3,20,external_v2_template_bl1,49152,160,128,fp16,0,0,2:24576:160:128:80:160:16:16:2:4:1:1:2:2:1:2:1:2:1:1:1:0:0
two_stage_feedback_net_log15,Ascend910B3,20,external_v2_template_bl1,49152,160,128,fp16,0,0,1:49152:160:128:128:48:96:4:8:1:4:0:2:2:1:2:1:1:1:1:1:0:20
two_stage_feedback_net_log15,Ascend910B3,20,external_v2_template_bl1,49152,160,128,fp16,0,0,1:49152:160:128:48:16:16:8:80:1:10:0:8:8:1:1:1:1:1:1:1:0:20
two_stage_feedback_net_log15,Ascend910B3,20,external_v2_template_bl1,49152,160,128,fp16,0,0,4:24576:144:16:48:48:16:4:6:2:3:0:1:1:2:1:1:1:2:2:1:2:2
two_stage_feedback_net_log15,Ascend910B3,20,external_v2_template_bl1,49152,160,128,fp16,0,0,20:1648:128:16:112:32:16:4:4:4:4:0:1:1:2:2:1:1:1:30:2:1:2
