campaign,soc,aic,workload_id,m,n,k,dtype,trans_a,trans_b,tiling_signature
two_stage_feedback_net_log14,Ascend910B3,20,external_v2_dense_balanced_aligned,1792,2816,3584,fp16,0,0,20:448:576:3584:32:48:448:8:4:4:4:0:1:1:2:1:1:1:3:4:2:0:0
two_stage_feedback_net_log14,Ascend910B3,20,external_v2_dense_balanced_aligned,1792,2816,3584,fp16,0,0,20:224:320:3584:160:144:192:2:2:1:1:0:1:1:1:1:1:1:9:8:1:1:0
two_stage_feedback_net_log14,Ascend910B3,20,external_v2_dense_balanced_aligned,1792,2816,3584,fp16,0,0,9:1792:320:3584:80:320:32:32:4:4:1:0:4:4:2:2:1:1:1:1:9:0:0
two_stage_feedback_net_log14,Ascend910B3,20,external_v2_dense_balanced_aligned,1792,2816,3584,fp16,0,0,13:144:2816:3584:32:448:32:8:8:2:2:0:4:4:2:2:1:1:1:13:1:0:0
two_stage_feedback_net_log14,Ascend910B3,20,external_v2_dense_balanced_aligned,1792,2816,3584,fp16,0,0,14:128:2816:3584:112:160:128:4:8:1:2:1:4:4:2:1:1:7:1:2:1:0:0
two_stage_feedback_net_log14,Ascend910B3,20,external_v2_dense_balanced_aligned,1792,2816,3584,fp16,0,0,14:128:2816:3584:96:288:48:8:8:1:2:0:4:4:1:2:1:7:1:2:1:0:0
two_stage_feedback_net_log14,Ascend910B3,20,external_v2_dense_balanced_aligned,1792,2816,3584,fp16,0,0,11:176:2816:3584:96:336:48:8:8:1:1:0:8:8:1:2:1:6:1:2:1:0:0
two_stage_feedback_net_log14,Ascend910B3,20,external_v2_dense_balanced_aligned,1792,2816,3584,fp16,0,0,7:272:2816:3584:272:64:48:16:8:1:1:0:8:8:2:1:1:1:1:7:1:0:0
two_stage_feedback_net_log14,Ascend910B3,20,external_v2_dense_balanced_aligned,1792,2816,3584,fp16,0,0,10:192:2816:3584:48:32:320:8:2:4:1:1:1:1:2:2:2:5:1:2:1:0:0
two_stage_feedback_net_log14,Ascend910B3,20,external_v2_dense_balanced_aligned,1792,2816,3584,fp16,0,0,12:160:2816:3584:96:96:160:4:8:1:2:0:4:4:2:2:2:12:1:1:1:0:0
two_stage_feedback_net_log14,Ascend910B3,20,external_v2_dense_balanced_aligned,1792,2816,3584,fp16,0,0,20:896:144:3584:16:32:64:2:4:1:2:0:1:1:2:1:1:2:7:1:3:1:0
two_stage_feedback_net_log14,Ascend910B3,20,external_v2_dense_balanced_aligned,1792,2816,3584,fp16,0,0,4:1536:1408:3584:1536:16:16:8:8:1:2:1:4:4:1:2:1:1:2:2:1:0:0
two_stage_feedback_net_log14,Ascend910B3,20,external_v2_dense_balanced_aligned,1792,2816,3584,fp16,0,0,20:128:224:3584:64:224:80:8:4:2:1:0:4:4:2:1:1:5:4:3:4:1:0
two_stage_feedback_net_log14,Ascend910B3,20,external_v2_dense_balanced_aligned,1792,2816,3584,fp16,0,0,20:64:480:3584:48:384:64:16:8:1:1:0:8:8:2:1:1:5:1:6:6:0:0
two_stage_feedback_net_log14,Ascend910B3,20,external_v2_dense_balanced_aligned,1792,2816,3584,fp16,0,0,4:1792:384:384:128:128:128:6:9:1:3:0:3:3:2:2:2:1:1:1:8:1:3
two_stage_feedback_net_log14,Ascend910B3,20,external_v2_dense_balanced_aligned,1792,2816,3584,fp16,0,0,4:384:2816:384:128:128:128:9:6:3:1:1:3:3:2:2:2:1:1:5:1:0:3
two_stage_feedback_net_log14,Ascend910B3,20,external_v2_dense_balanced_odd,1663,2591,3587,fp16,0,0,18:560:432:1280:16:16:160:32:32:4:4:1:8:8:1:1:1:3:2:1:3:2:2
two_stage_feedback_net_log14,Ascend910B3,20,external_v2_dense_balanced_odd,1663,2591,3587,fp16,0,0,13:128:2592:3520:16:16:80:88:88:1:1:0:44:44:1:2:1:5:1:3:1:1:2
two_stage_feedback_net_log14,Ascend910B3,20,external_v2_dense_balanced_odd,1663,2591,3587,fp16,0,0,13:128:2592:3587:64:272:32:16:16:2:4:0:4:4:2:2:1:1:1:13:1:0:0
two_stage_feedback_net_log14,Ascend910B3,20,external_v2_dense_balanced_odd,1663,2591,3587,fp16,0,0,11:160:2592:3587:96:144:48:8:32:1:4:0:4:4:2:2:2:6:1:2:1:0:0
two_stage_feedback_net_log14,Ascend910B3,20,external_v2_dense_balanced_odd,1663,2591,3587,fp16,0,0,11:160:2592:3587:128:128:112:8:8:1:2:0:4:4:2:2:2:6:1:2:1:0:0
two_stage_feedback_net_log14,Ascend910B3,20,external_v2_dense_balanced_odd,1663,2591,3587,fp16,0,0,14:240:1296:3587:176:112:48:8:8:1:1:0:4:4:2:2:1:2:1:4:2:0:0
two_stage_feedback_net_log14,Ascend910B3,20,external_v2_dense_balanced_odd,1663,2591,3587,fp16,0,0,12:144:2592:3587:80:320:48:4:16:1:4:0:4:4:1:2:1:1:1:12:1:0:0
two_stage_feedback_net_log14,Ascend910B3,20,external_v2_dense_balanced_odd,1663,2591,3587,fp16,0,0,14:240:1296:3587:48:192:160:4:4:2:1:1:2:2:2:1:1:7:1:1:2:0:0
two_stage_feedback_net_log14,Ascend910B3,20,external_v2_dense_balanced_odd,1663,2591,3587,fp16,0,0,10:384:1296:3587:384:48:32:16:8:1:1:0:8:8:2:1:1:5:1:1:2:0:0
two_stage_feedback_net_log14,Ascend910B3,20,external_v2_dense_balanced_odd,1663,2591,3587,fp16,0,0,20:560:144:3587:160:144:192:4:2:1:1:1:2:2:1:1:1:3:4:1:5:2:0
two_stage_feedback_net_log14,Ascend910B3,20,external_v2_dense_balanced_odd,1663,2591,3587,fp16,0,0,11:160:2592:3587:32:16:896:5:5:1:1:0:5:5:1:1:1:1:1:11:1:0:0
two_stage_feedback_net_log14,Ascend910B3,20,external_v2_dense_balanced_odd,1663,2591,3587,fp16,0,0,8:832:672:3587:48:672:16:16:16:1:1:0:8:8:1:1:1:2:1:1:4:0:0
two_stage_feedback_net_log14,Ascend910B3,20,external_v2_dense_balanced_odd,1663,2591,3587,fp16,0,0,4:1664:672:3587:48:672:16:64:8:4:1:1:8:8:2:2:1:1:1:1:4:0:0
two_stage_feedback_net_log14,Ascend910B3,20,external_v2_dense_balanced_odd,1663,2591,3587,fp16,0,0,20:1536:128:3587:1536:16:16:8:32:1:2:0:8:8:1:2:1:1:21:2:1:1:0
two_stage_feedback_net_log14,Ascend910B3,20,external_v2_dense_balanced_odd,1663,2591,3587,fp16,0,0,4:1664:384:384:128:128:128:6:9:1:3:0:3:3:2:2:2:1:1:1:7:1:3
two_stage_feedback_net_log14,Ascend910B3,20,external_v2_dense_balanced_odd,1663,2591,3587,fp16,0,0,4:384:2592:384:128:128:128:9:6:3:1:1:3:3:2:2:2:1:1:5:1:0:3
two_stage_feedback_net_log14,Ascend910B3,20,external_v2_dense_tall,3584,896,5120,fp16,0,0,14:512:448:5120:32:64:160:16:8:4:2:0:4:4:2:2:1:2:1:4:2:0:0
two_stage_feedback_net_log14,Ascend910B3,20,external_v2_dense_tall,3584,896,5120,fp16,0,0,12:304:896:5120:80:48:128:16:8:2:2:0:4:4:2:2:1:1:1:12:1:0:0
two_stage_feedback_net_log14,Ascend910B3,20,external_v2_dense_tall,3584,896,5120,fp16,0,0,14:256:896:5120:48:448:32:16:16:2:2:0:4:4:1:2:1:1:1:14:1:0:0
two_stage_feedback_net_log14,Ascend910B3,20,external_v2_dense_tall,3584,896,5120,fp16,0,0,11:336:896:5120:80:336:32:16:16:1:1:0:8:8:2:2:1:6:1:2:1:0:0
two_stage_feedback_net_log14,Ascend910B3,20,external_v2_dense_tall,3584,896,5120,fp16,0,0,12:304:896:5040:16:16:80:63:63:1:1:1:63:63:1:2:1:1:1:12:1:2:2
two_stage_feedback_net_log14,Ascend910B3,20,external_v2_dense_tall,3584,896,5120,fp16,0,0,12:304:896:5040:16:16:80:63:126:1:1:1:63:63:1:2:1:4:1:3:1:0:2
two_stage_feedback_net_log14,Ascend910B3,20,external_v2_dense_tall,3584,896,5120,fp16,0,0,12:1792:160:5120:176:160:48:8:16:1:1:0:8:8:1:2:1:2:1:1:6:1:0
two_stage_feedback_net_log14,Ascend910B3,20,external_v2_dense_tall,3584,896,5120,fp16,0,0,20:368:448:5120:16:80:160:32:4:4:1:0:4:4:2:2:1:3:1:4:2:0:0
two_stage_feedback_net_log14,Ascend910B3,20,external_v2_dense_tall,3584,896,5120,fp16,0,0,4:1792:608:5120:32:608:16:16:16:2:1:0:8:8:1:2:1:1:1:2:2:0:0
two_stage_feedback_net_log14,Ascend910B3,20,external_v2_dense_tall,3584,896,5120,fp16,0,0,20:3584:32:5120:16:16:1024:2:1:1:1:0:1:1:2:1:1:1:1:1:28:0:0
two_stage_feedback_net_log14,Ascend910B3,20,external_v2_dense_tall,3584,896,5120,fp16,0,0,3:3584:320:5120:16:320:64:4:2:1:1:0:2:2:1:1:1:1:1:1:3:0:0
two_stage_feedback_net_log14,Ascend910B3,20,external_v2_dense_tall,3584,896,5120,fp16,0,0,20:720:192:5120:16:16:256:32:32:2:4:1:8:8:1:2:1:2:1:4:5:1:0
two_stage_feedback_net_log14,Ascend910B3,20,external_v2_dense_tall,3584,896,5120,fp16,0,0,14:3584:64:5120:64:64:48:16:8:1:1:0:8:8:2:2:2:1:5:1:3:0:0
two_stage_feedback_net_log14,Ascend910B3,20,external_v2_dense_tall,3584,896,5120,fp16,0,0,20:160:160:5120:16:16:384:4:8:2:4:0:2:2:1:1:1:1:1:23:6:0:0
two_stage_feedback_net_log14,Ascend910B3,20,external_v2_dense_tall,3584,896,5120,fp16,0,0,20:240:96:5120:16:16:384:2:1:1:1:1:1:1:2:2:1:1:10:15:1:0:0
two_stage_feedback_net_log14,Ascend910B3,20,external_v2_dense_tall,3584,896,5120,fp16,0,0,20:1792:32:5120:32:32:80:2:2:1:1:1:1:1:2:2:2:1:10:2:3:2:0
two_stage_feedback_net_log14,Ascend910B3,20,external_v2_dense_wide,896,3584,5120,fp16,0,0,20:448:368:5120:32:16:1024:1:2:1:2:0:1:1:1:1:1:1:2:2:8:0:0
two_stage_feedback_net_log14,Ascend910B3,20,external_v2_dense_wide,896,3584,5120,fp16,0,0,14:896:256:5120:128:256:48:8:2:4:1:0:2:2:1:1:1:1:1:1:14:0:0
two_stage_feedback_net_log14,Ascend910B3,20,external_v2_dense_wide,896,3584,5120,fp16,0,0,13:896:288:5120:96:288:96:8:2:2:1:0:2:2:1:1:1:1:3:1:5:0:0
two_stage_feedback_net_log14,Ascend910B3,20,external_v2_dense_wide,896,3584,5120,fp16,0,0,12:288:1200:5120:288:80:96:2:2:1:1:0:2:2:1:1:1:1:1:4:3:0:0
two_stage_feedback_net_log14,Ascend910B3,20,external_v2_dense_wide,896,3584,5120,fp16,0,0,14:144:1792:5120:144:224:128:1:1:1:1:0:1:1:1:1:1:3:1:3:2:0:0
two_stage_feedback_net_log14,Ascend910B3,20,external_v2_dense_wide,896,3584,5120,fp16,0,0,14:128:1792:5120:128:192:80:4:8:1:4:1:2:2:2:1:1:7:2:1:1:0:0
two_stage_feedback_net_log14,Ascend910B3,20,external_v2_dense_wide,896,3584,5120,fp16,0,0,12:272:1200:5120:272:32:96:4:16:1:4:1:4:4:1:2:1:2:2:2:2:0:0
two_stage_feedback_net_log14,Ascend910B3,20,external_v2_dense_wide,896,3584,5120,fp16,0,0,14:128:1792:5120:32:144:128:2:8:1:4:1:1:1:2:1:1:7:2:1:1:0:0
two_stage_feedback_net_log14,Ascend910B3,20,external_v2_dense_wide,896,3584,5120,fp16,0,0,20:32:608:5120:32:48:192:2:2:1:1:0:2:2:2:2:1:6:1:5:6:0:0
two_stage_feedback_net_log14,Ascend910B3,20,external_v2_dense_wide,896,3584,5120,fp16,0,0,20:64:400:5120:64:32:512:2:2:1:1:1:2:2:1:2:1:14:1:1:9:0:0
two_stage_feedback_net_log14,Ascend910B3,20,external_v2_dense_wide,896,3584,5120,fp16,0,0,20:640:336:16:160:16:16:4:4:4:4:0:1:1:1:2:1:1:3:2:4:1:2
two_stage_feedback_net_log14,Ascend910B3,20,external_v2_dense_wide,896,3584,5120,fp16,0,0,4:384:3584:384:128:128:128:9:6:3:1:1:3:3:2:2:2:1:1:3:1:0:3
two_stage_feedback_net_log14,Ascend910B3,20,external_v2_dense_wide,896,3584,5120,fp16,0,0,20:160:128:5120:16:32:256:2:8:1:4:0:1:1:2:1:1:1:3:6:11:0:0
two_stage_feedback_net_log14,Ascend910B3,20,external_v2_dense_wide,896,3584,5120,fp16,0,0,14:128:1792:16:96:48:16:1:2:1:1:1:1:1:2:1:1:3:1:3:2:1:2
two_stage_feedback_net_log14,Ascend910B3,20,external_v2_dense_wide,896,3584,5120,fp16,0,0,20:32:3584:5120:32:16:32:2:4:1:1:1:2:2:2:2:1:28:1:1:1:0:0
two_stage_feedback_net_log14,Ascend910B3,20,external_v2_dense_wide,896,3584,5120,fp16,0,0,20:672:48:5120:672:32:16:4:4:1:1:1:4:4:1:2:1:2:19:1:4:2:0
two_stage_feedback_net_log14,Ascend910B3,20,external_v2_dense_large,4608,5120,6144,fp16,0,0,20:256:736:6144:256:112:32:8:16:1:4:0:4:4:1:2:1:1:1:18:7:1:0
two_stage_feedback_net_log14,Ascend910B3,20,external_v2_dense_large,4608,5120,6144,fp16,0,0,20:1152:1024:6144:48:16:640:4:8:1:2:0:4:4:1:1:1:2:2:2:3:2:0
two_stage_feedback_net_log14,Ascend910B3,20,external_v2_dense_large,4608,5120,6144,fp16,0,0,20:208:736:6144:80:224:128:2:8:1:2:1:2:2:2:1:1:23:1:1:7:1:0
two_stage_feedback_net_log14,Ascend910B3,20,external_v2_dense_large,4608,5120,6144,fp16,0,0,8:4608:384:384:128:128:128:6:9:1:3:0:3:3:2:2:2:1:1:1:14:1:3
two_stage_feedback_net_log14,Ascend910B3,20,external_v2_dense_large,4608,5120,6144,fp16,0,0,8:384:5120:384:128:128:128:9:6:3:1:1:3:3:2:2:2:1:1:12:1:0:3
two_stage_feedback_net_log14,Ascend910B3,20,external_v2_dense_large,4608,5120,6144,fp16,0,0,4:4608:384:384:128:128:128:6:9:1:3:0:3:3:2:2:2:1:1:1:14:1:3
two_stage_feedback_net_log14,Ascend910B3,20,external_v2_dense_large,4608,5120,6144,fp16,0,0,2:4608:384:384:128:128:128:6:9:1:3:0:3:3:2:2:2:1:1:1:14:1:3
two_stage_feedback_net_log14,Ascend910B3,20,external_v2_dense_large,4608,5120,6144,fp16,0,0,15:384:5120:384:128:128:128:9:6:3:1:1:3:3:2:2:2:1:1:12:1:0:3
two_stage_feedback_net_log14,Ascend910B3,20,external_v2_dense_large,4608,5120,6144,fp16,0,0,1:4608:384:384:128:128:128:6:9:1:3:0:3:3:2:2:2:1:1:1:14:1:3
two_stage_feedback_net_log14,Ascend910B3,20,external_v2_dense_large,4608,5120,6144,fp16,0,0,16:4608:384:384:128:128:128:6:9:1:3:0:3:3:2:2:2:1:1:1:14:1:3
two_stage_feedback_net_log14,Ascend910B3,20,external_v2_dense_large,4608,5120,6144,fp16,0,0,16:384:5120:384:128:128:128:9:6:3:1:1:3:3:2:2:2:2:1:6:1:0:3
two_stage_feedback_net_log14,Ascend910B3,20,external_v2_dense_large,4608,5120,6144,fp16,0,0,16:384:5120:384:128:128:128:9:6:3:1:1:3:3:2:2:2:1:1:12:1:1:3
two_stage_feedback_net_log14,Ascend910B3,20,external_v2_dense_large,4608,5120,6144,fp16,0,0,16:384:5120:384:128:128:128:9:6:3:1:1:3:3:2:2:1:1:1:12:1:0:3
two_stage_feedback_net_log14,Ascend910B3,20,external_v2_dense_large,4608,5120,6144,fp16,0,0,4:384:5120:384:128:128:128:9:6:3:1:1:3:3:2:2:2:1:1:12:1:0:3
two_stage_feedback_net_log14,Ascend910B3,20,external_v2_dense_large,4608,5120,6144,fp16,0,0,2:384:5120:384:128:128:128:9:6:3:1:1:3:3:2:2:2:1:1:12:1:0:3
two_stage_feedback_net_log14,Ascend910B3,20,external_v2_dense_large,4608,5120,6144,fp16,0,0,16:576:2560:768:32:32:48:48:64:3:2:0:16:16:2:1:1:4:1:2:2:1:2
two_stage_feedback_net_log14,Ascend910B3,20,external_v2_k_shallow,1792,2048,320,fp16,0,0,14:256:1024:320:32:96:320:2:2:1:1:0:1:1:1:1:1:1:1:7:2:0:0
two_stage_feedback_net_log14,Ascend910B3,20,external_v2_k_shallow,1792,2048,320,fp16,0,0,11:176:2048:320:128:224:64:2:8:1:2:0:2:2:2:2:1:4:1:3:1:0:0
two_stage_feedback_net_log14,Ascend910B3,20,external_v2_k_shallow,1792,2048,320,fp16,0,0,14:256:1024:320:48:80:256:4:8:4:4:1:1:1:2:1:1:7:1:1:2:0:0
two_stage_feedback_net_log14,Ascend910B3,20,external_v2_k_shallow,1792,2048,320,fp16,0,0,12:448:912:320:32:912:16:16:8:1:1:0:8:8:1:2:1:1:1:4:3:0:0
two_stage_feedback_net_log14,Ascend910B3,20,external_v2_k_shallow,1792,2048,320,fp16,0,0,13:144:2048:320:64:448:16:8:32:1:2:1:8:8:2:1:1:13:1:1:1:0:0
two_stage_feedback_net_log14,Ascend910B3,20,external_v2_k_shallow,1792,2048,320,fp16,0,0,14:256:1024:320:64:128:256:8:4:4:2:1:1:1:2:1:1:7:1:1:2:0:0
two_stage_feedback_net_log14,Ascend910B3,20,external_v2_k_shallow,1792,2048,320,fp16,0,0,14:896:320:320:80:320:16:16:16:1:1:0:8:8:2:1:1:1:1:2:7:0:0
two_stage_feedback_net_log14,Ascend910B3,20,external_v2_k_shallow,1792,2048,320,fp16,0,0,14:256:1024:320:32:272:64:2:4:1:2:0:2:2:2:1:1:2:1:4:2:0:0
two_stage_feedback_net_log14,Ascend910B3,20,external_v2_k_shallow,1792,2048,320,fp16,0,0,12:160:2048:320:128:16:224:2:4:1:1:1:2:2:1:2:1:12:1:1:1:0:0
two_stage_feedback_net_log14,Ascend910B3,20,external_v2_k_shallow,1792,2048,320,fp16,0,0,13:144:2048:160:16:16:80:4:4:1:1:0:2:2:1:2:1:5:1:3:1:1:2
two_stage_feedback_net_log14,Ascend910B3,20,external_v2_k_shallow,1792,2048,320,fp16,0,0,6:1792:384:320:16:384:16:4:2:2:1:0:2:2:1:1:1:1:1:1:6:0:0
two_stage_feedback_net_log14,Ascend910B3,20,external_v2_k_shallow,1792,2048,320,fp16,0,0,10:192:2048:320:16:16:96:2:1:1:1:1:1:1:1:1:1:2:1:9:1:0:0
two_stage_feedback_net_log14,Ascend910B3,20,external_v2_k_shallow,1792,2048,320,fp16,0,0,20:128:160:320:16:16:224:2:8:1:4:0:2:2:1:2:1:2:1:11:13:0:0
two_stage_feedback_net_log14,Ascend910B3,20,external_v2_k_shallow,1792,2048,320,fp16,0,0,8:1792:256:32:80:64:16:16:16:4:4:1:2:2:1:1:1:1:4:1:2:1:2
two_stage_feedback_net_log14,Ascend910B3,20,external_v2_k_shallow,1792,2048,320,fp16,0,0,20:48:352:320:16:64:256:2:1:2:1:0:1:1:2:2:1:4:1:10:6:0:0
two_stage_feedback_net_log14,Ascend910B3,20,external_v2_k_shallow,1792,2048,320,fp16,0,0,20:1792:16:320:16:16:96:2:4:1:1:0:2:2:2:1:1:1:3:1:58:0:0
two_stage_feedback_net_log14,Ascend910B3,20,external_v2_k_deep,1024,1536,32768,fp16,0,0,20:1024:384:384:128:128:128:6:9:1:3:0:3:3:2:2:2:1:1:1:4:2:3
two_stage_feedback_net_log14,Ascend910B3,20,external_v2_k_deep,1024,1536,32768,fp16,0,0,20:1024:384:384:128:128:128:6:9:1:3:0:3:3:2:2:2:1:2:1:2:1:3
two_stage_feedback_net_log14,Ascend910B3,20,external_v2_k_deep,1024,1536,32768,fp16,0,0,20:1024:384:384:128:128:128:6:9:1:3:0:3:3:2:2:1:1:1:1:4:1:3
two_stage_feedback_net_log14,Ascend910B3,20,external_v2_k_deep,1024,1536,32768,fp16,0,0,18:352:256:6160:16:16:80:77:77:1:1:1:77:77:1:2:1:3:2:1:4:0:2
two_stage_feedback_net_log14,Ascend910B3,20,external_v2_k_deep,1024,1536,32768,fp16,0,0,18:352:256:1280:16:16:80:16:16:1:1:0:16:16:1:2:1:3:2:1:4:0:2
two_stage_feedback_net_log14,Ascend910B3,20,external_v2_k_deep,1024,1536,32768,fp16,0,0,18:352:256:640:16:16:80:8:16:1:1:0:8:8:1:2:1:3:2:1:4:1:2
two_stage_feedback_net_log14,Ascend910B3,20,external_v2_k_deep,1024,1536,32768,fp16,0,0,18:352:256:640:16:16:80:8:8:1:1:0:8:8:1:2:1:3:2:1:4:0:2
two_stage_feedback_net_log14,Ascend910B3,20,external_v2_k_deep,1024,1536,32768,fp16,0,0,18:512:176:640:16:16:80:16:24:2:3:1:8:8:2:2:1:2:9:1:1:1:2
two_stage_feedback_net_log14,Ascend910B3,20,external_v2_k_deep,1024,1536,32768,fp16,0,0,18:352:256:480:16:16:80:6:12:1:1:0:6:6:1:2:1:3:2:1:4:1:2
two_stage_feedback_net_log14,Ascend910B3,20,external_v2_k_deep,1024,1536,32768,fp16,0,0,20:512:160:640:16:16:80:24:16:3:2:0:8:8:2:2:2:2:10:1:1:2:2
two_stage_feedback_net_log14,Ascend910B3,20,external_v2_k_deep,1024,1536,32768,fp16,0,0,20:384:1536:384:128:128:128:9:6:3:1:1:3:3:2:2:2:1:1:3:1:0:3
two_stage_feedback_net_log14,Ascend910B3,20,external_v2_k_deep,1024,1536,32768,fp16,0,0,16:384:1536:384:128:128:128:9:6:3:1:1:3:3:2:2:2:1:1:3:1:0:3
two_stage_feedback_net_log14,Ascend910B3,20,external_v2_k_deep,1024,1536,32768,fp16,0,0,16:1024:384:384:128:128:128:6:9:1:3:0:3:3:2:2:2:1:1:1:4:1:3
two_stage_feedback_net_log14,Ascend910B3,20,external_v2_k_deep,1024,1536,32768,fp16,0,0,4:1024:384:384:128:128:128:6:9:1:3:0:3:3:2:2:2:1:1:1:4:1:3
two_stage_feedback_net_log14,Ascend910B3,20,external_v2_k_deep,1024,1536,32768,fp16,0,0,16:1024:96:32768:16:48:112:8:16:1:1:0:8:8:2:1:1:1:8:1:2:2:0
two_stage_feedback_net_log14,Ascend910B3,20,external_v2_k_deep,1024,1536,32768,fp16,0,0,4:384:1536:384:128:128:128:9:6:3:1:1:3:3:2:2:2:1:1:3:1:0:3
two_stage_feedback_net_log14,Ascend910B3,20,external_v2_k_low_output_deep_aligned,192,128,24576,fp16,0,0,20:384:128:384:128:128:128:9:6:3:1:1:3:3:2:2:2:1:1:1:1:1:3
two_stage_feedback_net_log14,Ascend910B3,20,external_v2_k_low_output_deep_aligned,192,128,24576,fp16,0,0,20:384:128:384:128:128:128:9:6:3:1:1:3:3:2:2:1:1:1:1:1:0:3
two_stage_feedback_net_log14,Ascend910B3,20,external_v2_k_low_output_deep_aligned,192,128,24576,fp16,0,0,20:192:384:384:128:128:128:6:9:1:3:0:3:3:2:2:2:1:1:1:1:1:3
two_stage_feedback_net_log14,Ascend910B3,20,external_v2_k_low_output_deep_aligned,192,128,24576,fp16,0,0,16:384:128:384:128:128:128:9:6:3:1:1:3:3:2:2:2:1:1:1:1:0:3
two_stage_feedback_net_log14,Ascend910B3,20,external_v2_k_low_output_deep_aligned,192,128,24576,fp16,0,0,16:192:384:384:128:128:128:6:9:1:3:0:3:3:2:2:2:1:1:1:1:1:3
two_stage_feedback_net_log14,Ascend910B3,20,external_v2_k_low_output_deep_aligned,192,128,24576,fp16,0,0,20:16:48:24576:16:32:512:16:8:1:1:1:8:8:2:2:2:3:1:4:3:0:0
two_stage_feedback_net_log14,Ascend910B3,20,external_v2_k_low_output_deep_aligned,192,128,24576,fp16,0,0,20:16:32:24576:16:32:640:8:8:1:1:1:8:8:1:1:1:12:2:1:3:0:0
two_stage_feedback_net_log14,Ascend910B3,20,external_v2_k_low_output_deep_aligned,192,128,24576,fp16,0,0,20:16:64:24576:16:32:320:16:16:1:1:0:8:8:2:2:2:2:1:6:2:0:0
two_stage_feedback_net_log14,Ascend910B3,20,external_v2_k_low_output_deep_aligned,192,128,24576,fp16,0,0,18:32:48:24576:32:48:256:8:16:1:1:0:8:8:2:2:1:1:3:6:1:0:0
two_stage_feedback_net_log14,Ascend910B3,20,external_v2_k_low_output_deep_aligned,192,128,24576,fp16,0,0,8:384:128:384:128:128:128:9:6:3:1:1:3:3:2:2:2:1:1:1:1:0:3
two_stage_feedback_net_log14,Ascend910B3,20,external_v2_k_low_output_deep_aligned,192,128,24576,fp16,0,0,20:64:16:24576:48:16:384:8:16:1:1:1:8:8:1:2:1:3:8:1:1:0:0
two_stage_feedback_net_log14,Ascend910B3,20,external_v2_k_low_output_deep_aligned,192,128,24576,fp16,0,0,8:192:384:384:128:128:128:6:9:1:3:0:3:3:2:2:2:1:1:1:1:1:3
two_stage_feedback_net_log14,Ascend910B3,20,external_v2_k_low_output_deep_aligned,192,128,24576,fp16,0,0,20:32:16:24576:32:16:512:1:1:1:1:1:1:1:2:2:2:6:3:1:3:0:0
two_stage_feedback_net_log14,Ascend910B3,20,external_v2_k_low_output_deep_aligned,192,128,24576,fp16,0,0,20:16:64:24576:16:64:160:16:8:1:1:1:8:8:2:2:2:12:2:1:1:0:0
two_stage_feedback_net_log14,Ascend910B3,20,external_v2_k_low_output_deep_aligned,192,128,24576,fp16,0,0,20:16:64:24576:16:16:192:8:64:1:4:0:8:8:2:2:2:2:1:6:2:0:0
two_stage_feedback_net_log14,Ascend910B3,20,external_v2_k_low_output_deep_aligned,192,128,24576,fp16,0,0,4:384:128:384:128:128:128:9:6:3:1:1:3:3:2:2:2:1:1:1:1:0:3
two_stage_feedback_net_log14,Ascend910B3,20,external_v2_k_low_output_deep_odd,512,384,12289,fp16,0,0,20:128:80:12289:96:16:256:8:4:1:1:0:4:4:1:2:1:1:3:4:2:0:0
two_stage_feedback_net_log14,Ascend910B3,20,external_v2_k_low_output_deep_odd,512,384,12289,fp16,0,0,20:128:80:12289:112:32:256:4:8:1:2:0:4:4:1:1:1:1:3:4:2:0:0
two_stage_feedback_net_log14,Ascend910B3,20,external_v2_k_low_output_deep_odd,512,384,12289,fp16,0,0,18:176:64:12289:32:32:448:8:4:2:1:0:2:2:1:2:1:1:1:3:6:0:0
two_stage_feedback_net_log14,Ascend910B3,20,external_v2_k_low_output_deep_odd,512,384,12289,fp16,0,0,20:128:80:12289:128:64:112:8:16:1:1:1:8:8:2:2:1:1:2:4:4:0:0
two_stage_feedback_net_log14,Ascend910B3,20,external_v2_k_low_output_deep_odd,512,384,12289,fp16,0,0,16:128:96:12289:64:16:512:4:4:1:1:1:2:2:1:2:1:2:1:3:4:0:0
two_stage_feedback_net_log14,Ascend910B3,20,external_v2_k_low_output_deep_odd,512,384,12289,fp16,0,0,18:176:64:12289:16:16:256:32:32:2:2:0:8:8:2:1:1:3:1:1:6:0:0
two_stage_feedback_net_log14,Ascend910B3,20,external_v2_k_low_output_deep_odd,512,384,12289,fp16,0,0,20:144:80:12289:144:80:192:4:4:1:1:0:2:2:1:1:1:2:2:3:4:0:0
two_stage_feedback_net_log14,Ascend910B3,20,external_v2_k_low_output_deep_odd,512,384,12289,fp16,0,0,15:112:128:12289:64:64:256:4:8:1:2:1:4:4:2:2:2:1:3:5:1:0:0
two_stage_feedback_net_log14,Ascend910B3,20,external_v2_k_low_output_deep_odd,512,384,12289,fp16,0,0,20:256:16:12289:16:16:1024:2:2:1:1:0:2:2:2:1:1:1:5:2:5:2:0
two_stage_feedback_net_log14,Ascend910B3,20,external_v2_k_low_output_deep_odd,512,384,12289,fp16,0,0,20:16:208:12289:16:208:128:8:8:1:1:0:8:8:2:1:1:7:1:5:2:0:0
two_stage_feedback_net_log14,Ascend910B3,20,external_v2_k_low_output_deep_odd,512,384,12289,fp16,0,0,4:256:256:12289:128:256:16:16:16:2:1:0:8:8:1:2:1:1:2:2:1:0:0
two_stage_feedback_net_log14,Ascend910B3,20,external_v2_k_low_output_deep_odd,512,384,12289,fp16,0,0,2:512:304:12289:16:304:64:4:4:2:1:0:2:2:1:1:1:1:1:1:2:0:0
two_stage_feedback_net_log14,Ascend910B3,20,external_v2_k_low_output_deep_odd,512,384,12289,fp16,0,0,20:448:16:12289:448:16:48:4:2:1:1:0:2:2:1:2:1:1:8:2:3:2:0
two_stage_feedback_net_log14,Ascend910B3,20,external_v2_k_low_output_deep_odd,512,384,12289,fp16,0,0,4:512:384:384:128:128:128:6:9:1:3:0:3:3:2:2:2:1:1:1:1:1:3
two_stage_feedback_net_log14,Ascend910B3,20,external_v2_k_low_output_deep_odd,512,384,12289,fp16,0,0,20:144:16:12289:144:16:96:8:8:1:1:1:8:8:2:2:2:4:2:1:17:1:0
two_stage_feedback_net_log14,Ascend910B3,20,external_v2_k_low_output_deep_odd,512,384,12289,fp16,0,0,20:16:368:12289:16:368:80:2:1:1:1:0:1:1:2:1:1:8:1:4:2:0:0
two_stage_feedback_net_log14,Ascend910B3,20,external_v2_skinny_m,47,3584,12288,fp16,0,0,19:48:192:12288:16:32:896:3:4:3:4:1:1:1:2:1:1:1:4:1:5:0:0
two_stage_feedback_net_log14,Ascend910B3,20,external_v2_skinny_m,47,3584,12288,fp16,0,0,19:64:192:12288:64:16:128:16:64:1:4:1:8:8:1:1:1:1:5:1:4:0:0
two_stage_feedback_net_log14,Ascend910B3,20,external_v2_skinny_m,47,3584,12288,fp16,0,0,20:32:368:12288:32:32:48:8:4:1:1:0:4:4:2:2:2:1:1:2:10:0:0
two_stage_feedback_net_log14,Ascend910B3,20,external_v2_skinny_m,47,3584,12288,fp16,0,0,19:48:192:12288:16:192:16:12:2:3:1:0:2:2:2:2:2:1:1:1:19:0:0
two_stage_feedback_net_log14,Ascend910B3,20,external_v2_skinny_m,47,3584,12288,fp16,0,0,20:48:176:12288:16:16:160:2:8:1:2:0:2:2:1:2:1:1:5:1:5:0:0
two_stage_feedback_net_log14,Ascend910B3,20,external_v2_skinny_m,47,3584,12288,fp16,0,0,18:48:208:12288:48:16:16:1:4:1:4:1:1:1:2:2:1:1:2:1:11:0:0
two_stage_feedback_net_log14,Ascend910B3,20,external_v2_skinny_m,47,3584,12288,fp16,0,0,20:16:240:12288:16:16:768:4:4:1:1:1:4:4:2:2:1:1:8:3:2:0:0
two_stage_feedback_net_log14,Ascend910B3,20,external_v2_skinny_m,47,3584,12288,fp16,0,0,20:16:224:12288:16:16:768:4:4:1:2:0:2:2:2:2:2:2:6:2:3:0:0
two_stage_feedback_net_log14,Ascend910B3,20,external_v2_skinny_m,47,3584,12288,fp16,0,0,20:256:32:12288:256:16:64:2:8:1:2:0:2:2:2:2:1:1:7:1:18:1:0
two_stage_feedback_net_log14,Ascend910B3,20,external_v2_skinny_m,47,3584,12288,fp16,0,0,1:112:3584:12288:112:16:16:8:4:1:1:0:4:4:2:2:1:1:1:1:1:0:0
two_stage_feedback_net_log14,Ascend910B3,20,external_v2_skinny_m,47,3584,12288,fp16,0,0,20:368:32:12288:368:32:80:8:4:1:1:1:4:4:1:2:1:1:38:1:3:2:0
two_stage_feedback_net_log14,Ascend910B3,20,external_v2_skinny_m,47,3584,12288,fp16,0,0,1:64:3584:256:64:16:16:16:32:1:1:0:16:16:2:2:1:1:1:1:1:2:2
two_stage_feedback_net_log14,Ascend910B3,20,external_v2_skinny_m,47,3584,12288,fp16,0,0,20:1536:176:12288:1536:16:16:8:16:1:2:0:8:8:1:1:1:1:21:1:1:1:0
two_stage_feedback_net_log14,Ascend910B3,20,external_v2_skinny_m,47,3584,12288,fp16,0,0,4:256:896:16:64:16:16:8:4:4:4:0:1:1:1:2:1:1:4:1:1:1:2
two_stage_feedback_net_log14,Ascend910B3,20,external_v2_skinny_m,47,3584,12288,fp16,0,0,20:768:48:12288:768:16:16:8:8:1:2:0:4:4:2:1:1:1:25:1:3:0:0
two_stage_feedback_net_log14,Ascend910B3,20,external_v2_skinny_m,47,3584,12288,fp16,0,0,4:384:3584:384:128:128:128:9:6:3:1:1:3:3:2:2:2:1:1:1:1:0:3
two_stage_feedback_net_log14,Ascend910B3,20,external_v2_skinny_n,3584,73,12288,fp16,0,0,20:288:32:12288:48:32:128:32:16:4:1:1:8:8:2:2:2:1:1:13:3:2:0
two_stage_feedback_net_log14,Ascend910B3,20,external_v2_skinny_n,3584,73,12288,fp16,0,0,19:288:32:12288:48:32:128:32:16:4:1:1:8:8:2:2:2:1:1:13:3:1:0
two_stage_feedback_net_log14,Ascend910B3,20,external_v2_skinny_n,3584,73,12288,fp16,0,0,15:240:80:160:16:16:160:4:6:2:3:0:1:1:2:2:1:1:1:15:1:2:2
two_stage_feedback_net_log14,Ascend910B3,20,external_v2_skinny_n,3584,73,12288,fp16,0,0,2:1792:96:256:96:48:32:48:16:3:2:0:8:8:1:2:1:1:1:2:1:2:2
two_stage_feedback_net_log14,Ascend910B3,20,external_v2_skinny_n,3584,73,12288,fp16,0,0,2:1792:96:256:96:48:32:48:16:3:2:1:8:8:1:2:1:1:1:2:1:1:2
two_stage_feedback_net_log14,Ascend910B3,20,external_v2_skinny_n,3584,73,12288,fp16,0,0,14:256:96:64:48:32:64:2:6:2:3:0:1:1:2:2:1:5:1:3:1:1:2
two_stage_feedback_net_log14,Ascend910B3,20,external_v2_skinny_n,3584,73,12288,fp16,0,0,2:1792:96:256:96:48:32:48:16:3:2:0:8:8:1:2:2:1:1:2:1:1:2
two_stage_feedback_net_log14,Ascend910B3,20,external_v2_skinny_n,3584,73,12288,fp16,0,0,1:1792:96:256:96:48:32:48:16:3:2:0:8:8:1:2:1:1:1:2:1:1:2
two_stage_feedback_net_log14,Ascend910B3,20,external_v2_skinny_n,3584,73,12288,fp16,0,0,1:3584:112:12288:16:112:16:8:4:2:1:0:4:4:1:1:1:1:1:1:1:0:0
two_stage_feedback_net_log14,Ascend910B3,20,external_v2_skinny_n,3584,73,12288,fp16,0,0,3:3584:32:12288:32:32:224:2:2:1:1:1:2:2:2:2:2:1:3:1:1:2:0
two_stage_feedback_net_log14,Ascend910B3,20,external_v2_skinny_n,3584,73,12288,fp16,0,0,2:1792:112:12288:32:112:160:8:8:1:1:1:4:4:2:1:1:2:1:1:1:0:0
two_stage_feedback_net_log14,Ascend910B3,20,external_v2_skinny_n,3584,73,12288,fp16,0,0,1:3584:1536:12288:16:1536:16:8:4:1:1:0:4:4:2:1:1:1:1:1:1:0:0
two_stage_feedback_net_log14,Ascend910B3,20,external_v2_skinny_n,3584,73,12288,fp16,0,0,20:3584:384:384:128:128:128:6:9:1:3:0:3:3:2:2:2:1:1:1:1:1:3
two_stage_feedback_net_log14,Ascend910B3,20,external_v2_skinny_n,3584,73,12288,fp16,0,0,2:1792:576:64:16:192:16:16:12:2:3:1:4:4:2:1:1:2:1:1:1:1:2
two_stage_feedback_net_log14,Ascend910B3,20,external_v2_skinny_n,3584,73,12288,fp16,0,0,6:608:240:16:32:80:16:2:3:2:3:0:1:1:1:2:1:3:1:2:1:1:2
two_stage_feedback_net_log14,Ascend910B3,20,external_v2_skinny_n,3584,73,12288,fp16,0,0,20:96:1536:12288:16:1536:16:16:8:4:1:1:4:4:1:1:1:38:1:1:1:0:0
two_stage_feedback_net_log14,Ascend910B3,20,external_v2_layout_tn,1792,2560,3584,fp16,1,0,20:192:1280:2464:32:32:32:77:77:1:1:1:77:77:2:2:1:4:1:3:2:1:2
two_stage_feedback_net_log14,Ascend910B3,20,external_v2_layout_tn,1792,2560,3584,fp16,1,0,16:448:640:2464:48:48:16:154:154:1:1:0:154:154:1:1:1:1:1:4:4:2:2
two_stage_feedback_net_log14,Ascend910B3,20,external_v2_layout_tn,1792,2560,3584,fp16,1,0,13:144:2560:3520:16:16:80:44:88:1:1:0:44:44:1:2:1:5:1:3:1:0:2
two_stage_feedback_net_log14,Ascend910B3,20,external_v2_layout_tn,1792,2560,3584,fp16,1,0,13:144:2560:3520:16:16:80:88:44:1:1:0:44:44:1:2:1:5:1:3:1:0:2
two_stage_feedback_net_log14,Ascend910B3,20,external_v2_layout_tn,1792,2560,3584,fp16,1,0,13:144:2560:3520:16:16:80:88:88:1:1:0:44:44:1:2:1:5:1:3:1:1:2
two_stage_feedback_net_log14,Ascend910B3,20,external_v2_layout_tn,1792,2560,3584,fp16,1,0,13:144:2560:3520:16:16:80:44:44:1:1:0:44:44:1:2:1:1:1:13:1:2:2
two_stage_feedback_net_log14,Ascend910B3,20,external_v2_layout_tn,1792,2560,3584,fp16,1,0,14:128:2560:1280:16:16:80:32:48:2:3:1:16:16:2:2:1:5:1:3:1:0:2
two_stage_feedback_net_log14,Ascend910B3,20,external_v2_layout_tn,1792,2560,3584,fp16,1,0,13:144:2560:1280:16:16:80:16:32:1:1:0:16:16:1:2:1:5:1:3:1:0:2
two_stage_feedback_net_log14,Ascend910B3,20,external_v2_layout_tn,1792,2560,3584,fp16,1,0,13:144:2560:1280:16:16:80:32:16:1:1:0:16:16:1:2:1:5:1:3:1:0:2
two_stage_feedback_net_log14,Ascend910B3,20,external_v2_layout_tn,1792,2560,3584,fp16,1,0,14:128:2560:1280:16:16:80:64:48:2:3:1:16:16:2:2:1:5:1:3:1:1:2
two_stage_feedback_net_log14,Ascend910B3,20,external_v2_layout_tn,1792,2560,3584,fp16,1,0,14:256:1280:768:48:48:48:32:48:2:3:1:16:16:1:1:1:2:1:4:2:1:2
two_stage_feedback_net_log14,Ascend910B3,20,external_v2_layout_tn,1792,2560,3584,fp16,1,0,14:128:2560:1280:16:16:80:32:96:2:3:1:16:16:2:2:1:5:1:3:1:1:2
two_stage_feedback_net_log14,Ascend910B3,20,external_v2_layout_tn,1792,2560,3584,fp16,1,0,14:128:2560:1280:16:16:80:64:96:2:3:1:16:16:2:2:1:5:1:3:1:2:2
two_stage_feedback_net_log14,Ascend910B3,20,external_v2_layout_tn,1792,2560,3584,fp16,1,0,10:1792:384:384:128:128:128:6:9:1:3:0:3:3:2:2:2:1:1:1:7:2:3
two_stage_feedback_net_log14,Ascend910B3,20,external_v2_layout_tn,1792,2560,3584,fp16,1,0,10:1792:384:384:128:128:128:6:9:1:3:0:3:3:2:2:1:1:1:1:7:1:3
two_stage_feedback_net_log14,Ascend910B3,20,external_v2_layout_tn,1792,2560,3584,fp16,1,0,18:608:432:3584:16:176:32:8:8:1:1:1:8:8:2:1:1:1:2:3:3:0:0
two_stage_feedback_net_log14,Ascend910B3,20,external_v2_layout_nt,1664,2432,3328,fp16,0,1,18:560:416:1280:16:16:160:32:32:4:4:1:8:8:1:1:1:3:1:1:6:2:2
two_stage_feedback_net_log14,Ascend910B3,20,external_v2_layout_nt,1664,2432,3328,fp16,0,1,13:128:2432:3280:16:16:80:41:82:1:1:1:41:41:1:2:1:5:1:3:1:0:2
two_stage_feedback_net_log14,Ascend910B3,20,external_v2_layout_nt,1664,2432,3328,fp16,0,1,13:128:2432:3280:16:16:80:82:41:1:1:1:41:41:1:2:1:5:1:3:1:0:2
two_stage_feedback_net_log14,Ascend910B3,20,external_v2_layout_nt,1664,2432,3328,fp16,0,1,13:128:2432:3280:16:16:80:82:82:1:1:1:41:41:1:2:1:5:1:3:1:1:2
two_stage_feedback_net_log14,Ascend910B3,20,external_v2_layout_nt,1664,2432,3328,fp16,0,1,13:128:2432:3280:16:16:80:41:41:1:1:1:41:41:1:2:1:1:1:13:1:2:2
two_stage_feedback_net_log14,Ascend910B3,20,external_v2_layout_nt,1664,2432,3328,fp16,0,1,13:128:2432:1280:16:16:80:16:32:1:1:0:16:16:1:2:1:5:1:3:1:0:2
two_stage_feedback_net_log14,Ascend910B3,20,external_v2_layout_nt,1664,2432,3328,fp16,0,1,13:128:2432:1280:16:16:80:32:16:1:1:0:16:16:1:2:1:5:1:3:1:0:2
two_stage_feedback_net_log14,Ascend910B3,20,external_v2_layout_nt,1664,2432,3328,fp16,0,1,16:416:608:2464:48:48:16:154:154:1:1:0:154:154:1:1:1:1:1:4:4:2:2
two_stage_feedback_net_log14,Ascend910B3,20,external_v2_layout_nt,1664,2432,3328,fp16,0,1,14:240:1216:768:48:48:48:32:48:2:3:1:16:16:1:1:1:2:1:4:2:1:2
two_stage_feedback_net_log14,Ascend910B3,20,external_v2_layout_nt,1664,2432,3328,fp16,0,1,13:128:2432:1280:16:16:80:32:32:1:1:0:16:16:1:2:1:5:1:3:1:1:2
two_stage_feedback_net_log14,Ascend910B3,20,external_v2_layout_nt,1664,2432,3328,fp16,0,1,13:128:2432:640:16:16:80:8:16:1:1:0:8:8:1:2:1:5:1:3:1:0:2
two_stage_feedback_net_log14,Ascend910B3,20,external_v2_layout_nt,1664,2432,3328,fp16,0,1,13:128:2432:1280:16:16:80:16:16:1:1:0:16:16:1:2:1:1:1:13:1:2:2
two_stage_feedback_net_log14,Ascend910B3,20,external_v2_layout_nt,1664,2432,3328,fp16,0,1,12:144:2432:1280:16:16:80:64:128:4:4:1:16:16:2:1:1:1:1:12:1:2:2
two_stage_feedback_net_log14,Ascend910B3,20,external_v2_layout_nt,1664,2432,3328,fp16,0,1,9:1664:384:384:128:128:128:6:9:1:3:0:3:3:2:2:1:1:1:1:7:1:3
two_stage_feedback_net_log14,Ascend910B3,20,external_v2_layout_nt,1664,2432,3328,fp16,0,1,9:1664:384:384:128:128:128:6:9:1:3:0:3:3:2:2:2:1:1:1:7:2:3
two_stage_feedback_net_log14,Ascend910B3,20,external_v2_layout_nt,1664,2432,3328,fp16,0,1,19:1664:128:3328:16:80:256:8:4:1:1:1:4:4:1:1:1:1:2:1:15:2:0
two_stage_feedback_net_log14,Ascend910B3,20,external_v2_layout_tt,1280,1920,2560,fp16,1,1,12:336:640:2560:336:96:16:8:32:1:4:1:4:4:1:2:1:1:2:4:2:0:0
two_stage_feedback_net_log14,Ascend910B3,20,external_v2_layout_tt,1280,1920,2560,fp16,1,1,10:128:1920:2560:128:256:16:2:8:1:4:1:1:1:2:1:1:10:1:1:1:0:0
two_stage_feedback_net_log14,Ascend910B3,20,external_v2_layout_tt,1280,1920,2560,fp16,1,1,10:128:1920:2560:64:512:16:4:4:2:2:1:2:2:2:1:1:5:1:2:1:0:0
two_stage_feedback_net_log14,Ascend910B3,20,external_v2_layout_tt,1280,1920,2560,fp16,1,1,10:256:960:2560:256:128:80:4:4:1:2:0:2:2:1:1:1:3:1:2:2:0:0
two_stage_feedback_net_log14,Ascend910B3,20,external_v2_layout_tt,1280,1920,2560,fp16,1,1,14:192:960:2560:192:16:160:2:16:1:4:0:2:2:1:1:1:7:1:1:2:0:0
two_stage_feedback_net_log14,Ascend910B3,20,external_v2_layout_tt,1280,1920,2560,fp16,1,1,14:192:960:2560:32:912:16:8:16:1:1:1:8:8:1:2:1:2:1:5:2:0:0
two_stage_feedback_net_log14,Ascend910B3,20,external_v2_layout_tt,1280,1920,2560,fp16,1,1,12:112:1920:2560:80:368:80:2:8:1:4:0:2:2:1:1:1:12:1:1:1:0:0
two_stage_feedback_net_log14,Ascend910B3,20,external_v2_layout_tt,1280,1920,2560,fp16,1,1,10:128:1920:2560:80:368:32:2:8:1:4:1:2:2:2:2:1:5:1:2:1:0:0
two_stage_feedback_net_log14,Ascend910B3,20,external_v2_layout_tt,1280,1920,2560,fp16,1,1,20:1280:96:2560:16:48:64:8:4:1:1:0:4:4:2:2:2:1:3:1:9:0:0
two_stage_feedback_net_log14,Ascend910B3,20,external_v2_layout_tt,1280,1920,2560,fp16,1,1,9:144:1920:2560:144:16:32:2:4:1:1:0:2:2:1:2:1:5:1:2:1:0:0
two_stage_feedback_net_log14,Ascend910B3,20,external_v2_layout_tt,1280,1920,2560,fp16,1,1,20:32:480:2560:32:16:128:4:4:1:1:0:2:2:1:1:1:5:1:8:4:2:0
two_stage_feedback_net_log14,Ascend910B3,20,external_v2_layout_tt,1280,1920,2560,fp16,1,1,20:96:176:192:48:32:64:6:9:2:3:0:3:3:2:2:2:1:2:14:10:0:2
two_stage_feedback_net_log14,Ascend910B3,20,external_v2_layout_tt,1280,1920,2560,fp16,1,1,20:48:288:2560:48:16:128:4:32:1:4:0:4:4:2:2:2:1:7:27:1:1:0
two_stage_feedback_net_log14,Ascend910B3,20,external_v2_layout_tt,1280,1920,2560,fp16,1,1,20:144:128:64:96:48:16:8:8:1:1:0:4:4:2:1:1:1:5:9:3:2:2
two_stage_feedback_net_log14,Ascend910B3,20,external_v2_layout_tt,1280,1920,2560,fp16,1,1,20:416:48:2560:416:16:16:4:2:1:1:1:2:2:1:2:1:4:4:1:12:0:0
two_stage_feedback_net_log14,Ascend910B3,20,external_v2_layout_tt,1280,1920,2560,fp16,1,1,1:384:1920:384:128:128:128:9:6:3:1:1:3:3:2:2:2:1:1:4:1:0:3
two_stage_feedback_net_log14,Ascend910B3,20,external_v2_bf16_aligned,2560,3584,5120,bf16,0,0,20:1280:368:3072:48:32:16:192:192:1:1:0:192:192:2:2:2:2:2:1:5:2:2
two_stage_feedback_net_log14,Ascend910B3,20,external_v2_bf16_aligned,2560,3584,5120,bf16,0,0,18:432:1200:3072:32:32:16:192:192:1:1:0:192:192:2:2:2:1:3:6:1:1:2
two_stage_feedback_net_log14,Ascend910B3,20,external_v2_bf16_aligned,2560,3584,5120,bf16,0,0,16:640:896:2464:48:48:16:154:154:1:1:0:154:154:1:1:1:1:2:4:2:0:2
two_stage_feedback_net_log14,Ascend910B3,20,external_v2_bf16_aligned,2560,3584,5120,bf16,0,0,13:208:3584:5040:16:16:80:63:63:1:1:1:63:63:1:2:1:7:1:2:1:2:2
two_stage_feedback_net_log14,Ascend910B3,20,external_v2_bf16_aligned,2560,3584,5120,bf16,0,0,13:208:3584:5040:16:16:80:63:126:1:1:1:63:63:1:2:1:13:1:1:1:0:2
two_stage_feedback_net_log14,Ascend910B3,20,external_v2_bf16_aligned,2560,3584,5120,bf16,0,0,13:208:3584:5040:16:16:80:126:63:1:1:1:63:63:1:2:1:13:1:1:1:0:2
two_stage_feedback_net_log14,Ascend910B3,20,external_v2_bf16_aligned,2560,3584,5120,bf16,0,0,14:192:3584:1280:16:16:80:64:96:2:3:1:16:16:2:2:1:14:1:1:1:2:2
two_stage_feedback_net_log14,Ascend910B3,20,external_v2_bf16_aligned,2560,3584,5120,bf16,0,0,13:208:3584:1280:16:16:80:16:32:1:1:0:16:16:1:2:1:13:1:1:1:0:2
two_stage_feedback_net_log14,Ascend910B3,20,external_v2_bf16_aligned,2560,3584,5120,bf16,0,0,13:208:3584:1280:16:16:80:32:16:1:1:0:16:16:1:2:1:13:1:1:1:0:2
two_stage_feedback_net_log14,Ascend910B3,20,external_v2_bf16_aligned,2560,3584,5120,bf16,0,0,14:192:3584:1280:16:16:80:32:48:2:3:1:16:16:2:2:1:14:1:1:1:0:2
two_stage_feedback_net_log14,Ascend910B3,20,external_v2_bf16_aligned,2560,3584,5120,bf16,0,0,14:192:3584:1280:16:16:80:64:48:2:3:1:16:16:2:2:1:14:1:1:1:1:2
two_stage_feedback_net_log14,Ascend910B3,20,external_v2_bf16_aligned,2560,3584,5120,bf16,0,0,14:192:3584:1280:16:16:80:32:96:2:3:1:16:16:2:2:1:14:1:1:1:1:2
two_stage_feedback_net_log14,Ascend910B3,20,external_v2_bf16_aligned,2560,3584,5120,bf16,0,0,12:224:3584:1280:16:16:80:64:128:4:4:1:16:16:2:1:1:6:1:2:1:2:2
two_stage_feedback_net_log14,Ascend910B3,20,external_v2_bf16_aligned,2560,3584,5120,bf16,0,0,14:2560:384:384:128:128:128:6:9:1:3:0:3:3:2:2:1:1:1:1:10:1:3
two_stage_feedback_net_log14,Ascend910B3,20,external_v2_bf16_aligned,2560,3584,5120,bf16,0,0,14:2560:384:384:128:128:128:6:9:1:3:0:3:3:2:2:2:1:1:1:10:2:3
two_stage_feedback_net_log14,Ascend910B3,20,external_v2_bf16_aligned,2560,3584,5120,bf16,0,0,20:640:720:5120:16:48:48:1:2:1:2:0:1:1:2:1:1:1:3:4:2:2:0
two_stage_feedback_net_log14,Ascend910B3,20,external_v2_bf16_odd,1023,1537,3073,bf16,0,0,18:352:272:640:16:16:80:8:16:1:1:0:8:8:1:2:1:2:2:2:4:0:2
two_stage_feedback_net_log14,Ascend910B3,20,external_v2_bf16_odd,1023,1537,3073,bf16,0,0,16:256:400:2464:48:48:16:154:154:1:1:0:154:154:1:1:1:1:1:4:4:2:2
two_stage_feedback_net_log14,Ascend910B3,20,external_v2_bf16_odd,1023,1537,3073,bf16,0,0,18:352:272:1280:16:16:80:16:16:1:1:0:16:16:1:2:1:2:2:2:3:2:2
two_stage_feedback_net_log14,Ascend910B3,20,external_v2_bf16_odd,1023,1537,3073,bf16,0,0,9:384:1552:384:128:128:128:9:6:3:1:1:3:3:2:2:2:1:1:3:1:0:3
two_stage_feedback_net_log14,Ascend910B3,20,external_v2_bf16_odd,1023,1537,3073,bf16,0,0,8:384:1552:384:128:128:128:9:6:3:1:1:3:3:2:2:2:1:1:3:1:0:3
two_stage_feedback_net_log14,Ascend910B3,20,external_v2_bf16_odd,1023,1537,3073,bf16,0,0,11:1024:144:3073:16:144:64:16:8:2:1:0:8:8:2:1:1:1:1:1:11:0:0
two_stage_feedback_net_log14,Ascend910B3,20,external_v2_bf16_odd,1023,1537,3073,bf16,0,0,6:1024:272:3073:48:272:16:8:1:4:1:0:1:1:2:2:1:1:1:1:6:0:0
two_stage_feedback_net_log14,Ascend910B3,20,external_v2_bf16_odd,1023,1537,3073,bf16,0,0,5:1024:336:3073:32:336:16:16:8:2:1:0:4:4:2:2:1:1:1:1:5:0:0
two_stage_feedback_net_log14,Ascend910B3,20,external_v2_bf16_odd,1023,1537,3073,bf16,0,0,4:512:784:3073:512:16:16:16:32:1:2:0:8:8:2:2:2:1:1:2:2:0:0
two_stage_feedback_net_log14,Ascend910B3,20,external_v2_bf16_odd,1023,1537,3073,bf16,0,0,6:512:768:3073:32:768:16:4:4:2:1:0:2:2:2:2:1:1:1:2:3:0:0
two_stage_feedback_net_log14,Ascend910B3,20,external_v2_bf16_odd,1023,1537,3073,bf16,0,0,4:336:1552:3073:336:16:16:8:16:1:1:0:8:8:2:2:2:1:1:4:1:0:0
two_stage_feedback_net_log14,Ascend910B3,20,external_v2_bf16_odd,1023,1537,3073,bf16,0,0,3:1024:640:3073:16:640:16:64:16:4:1:0:8:8:2:2:2:1:1:1:3:0:0
two_stage_feedback_net_log14,Ascend910B3,20,external_v2_bf16_odd,1023,1537,3073,bf16,0,0,2:1024:912:3073:32:912:32:16:8:2:1:0:4:4:2:1:1:1:1:1:2:0:0
two_stage_feedback_net_log14,Ascend910B3,20,external_v2_bf16_odd,1023,1537,3073,bf16,0,0,3:1024:672:3073:48:672:32:2:2:1:1:1:1:1:2:1:1:1:2:1:2:0:0
two_stage_feedback_net_log14,Ascend910B3,20,external_v2_bf16_odd,1023,1537,3073,bf16,0,0,3:384:1552:3073:384:32:16:2:2:1:1:1:2:2:2:2:2:1:1:3:1:0:0
two_stage_feedback_net_log14,Ascend910B3,20,external_v2_bf16_odd,1023,1537,3073,bf16,0,0,2:768:1552:3073:768:32:16:2:4:1:2:0:2:2:2:1:1:1:1:2:1:0:0
two_stage_feedback_net_log14,Ascend910B3,20,external_v2_fp32_nn,768,1280,1536,fp32,0,0,20:192:256:1536:48:16:128:8:8:1:1:0:4:4:2:2:1:1:5:4:1:0:0
two_stage_feedback_net_log14,Ascend910B3,20,external_v2_fp32_nn,768,1280,1536,fp32,0,0,14:112:640:1536:112:112:48:2:2:1:1:1:1:1:2:2:2:2:1:6:2:0:0
two_stage_feedback_net_log14,Ascend910B3,20,external_v2_fp32_nn,768,1280,1536,fp32,0,0,18:256:224:1536:16:16:16:64:16:4:2:1:8:8:2:2:2:3:6:1:1:0:0
two_stage_feedback_net_log14,Ascend910B3,20,external_v2_fp32_nn,768,1280,1536,fp32,0,0,18:384:144:1536:96:48:16:16:4:4:1:1:2:2:2:2:1:1:9:2:1:0:0
two_stage_feedback_net_log14,Ascend910B3,20,external_v2_fp32_nn,768,1280,1536,fp32,0,0,14:384:192:1536:96:192:32:1:2:1:1:1:1:1:2:1:1:2:7:1:1:0:0
two_stage_feedback_net_log14,Ascend910B3,20,external_v2_fp32_nn,768,1280,1536,fp32,0,0,20:384:128:1536:48:32:16:8:64:1:4:1:8:8:1:2:1:2:10:1:1:0:0
two_stage_feedback_net_log14,Ascend910B3,20,external_v2_fp32_nn,768,1280,1536,fp32,0,0,14:112:640:1536:48:160:64:2:4:1:2:1:2:2:2:1:1:4:1:2:2:0:0
two_stage_feedback_net_log14,Ascend910B3,20,external_v2_fp32_nn,768,1280,1536,fp32,0,0,14:384:192:1536:128:192:32:6:4:3:1:0:2:2:2:1:1:1:1:2:7:0:0
two_stage_feedback_net_log14,Ascend910B3,20,external_v2_fp32_nn,768,1280,1536,fp32,0,0,3:336:1280:1536:336:16:16:16:8:1:1:0:8:8:1:1:1:2:1:2:1:0:0
two_stage_feedback_net_log14,Ascend910B3,20,external_v2_fp32_nn,768,1280,1536,fp32,0,0,20:768:16:1536:32:16:32:8:1:4:1:0:1:1:2:2:2:1:1:1:80:1:0
two_stage_feedback_net_log14,Ascend910B3,20,external_v2_fp32_nn,768,1280,1536,fp32,0,0,20:192:32:1536:112:32:112:8:8:1:1:0:8:8:1:1:1:4:1:1:40:1:0
two_stage_feedback_net_log14,Ascend910B3,20,external_v2_fp32_nn,768,1280,1536,fp32,0,0,20:32:224:1536:16:16:48:32:16:2:1:0:8:8:1:1:1:1:2:24:4:2:0
two_stage_feedback_net_log14,Ascend910B3,20,external_v2_fp32_nn,768,1280,1536,fp32,0,0,20:512:16:1536:512:16:32:4:4:1:1:1:2:2:1:2:1:2:40:1:2:2:0
two_stage_feedback_net_log14,Ascend910B3,20,external_v2_fp32_nn,768,1280,1536,fp32,0,0,4:384:1280:192:128:128:64:9:6:3:1:1:3:3:2:2:2:1:1:2:1:0:3
two_stage_feedback_net_log14,Ascend910B3,20,external_v2_fp32_nn,768,1280,1536,fp32,0,0,20:32:192:512:32:96:32:32:32:1:1:0:16:16:2:1:1:1:1:24:7:0:2
two_stage_feedback_net_log14,Ascend910B3,20,external_v2_fp32_nn,768,1280,1536,fp32,0,0,2:384:1280:16:96:32:16:8:8:4:4:0:1:1:2:1:1:2:1:1:1:2:2
two_stage_feedback_net_log14,Ascend910B3,20,external_v2_fp32_nt,32,352,5120,fp32,0,1,16:16:48:5120:16:16:96:8:12:1:3:0:4:4:2:1:1:1:1:2:8:0:0
two_stage_feedback_net_log14,Ascend910B3,20,external_v2_fp32_nt,32,352,5120,fp32,0,1,16:16:48:5120:16:16:96:8:12:1:3:0:4:4:2:1:1:1:2:2:7:1:0
two_stage_feedback_net_log14,Ascend910B3,20,external_v2_fp32_nt,32,352,5120,fp32,0,1,20:416:16:5120:416:16:16:4:4:1:1:0:2:2:1:2:1:1:3:1:9:2:0
two_stage_feedback_net_log14,Ascend910B3,20,external_v2_fp32_nt,32,352,5120,fp32,0,1,20:416:16:5120:416:16:16:4:4:1:1:1:2:2:1:2:1:1:3:1:9:0:0
two_stage_feedback_net_log14,Ascend910B3,20,external_v2_fp32_nt,32,352,5120,fp32,0,1,20:416:16:5120:416:16:16:4:4:1:1:1:2:2:1:2:2:1:3:1:9:2:0
two_stage_feedback_net_log14,Ascend910B3,20,external_v2_fp32_nt,32,352,5120,fp32,0,1,1:32:352:16:32:16:16:2:2:1:1:0:1:1:2:2:2:1:1:1:1:1:2
two_stage_feedback_net_log14,Ascend910B3,20,external_v2_fp32_nt,32,352,5120,fp32,0,1,16:16:48:5120:16:16:96:8:16:1:1:0:8:8:2:1:1:1:4:2:2:0:0
two_stage_feedback_net_log14,Ascend910B3,20,external_v2_fp32_nt,32,352,5120,fp32,0,1,16:16:48:5120:16:16:256:8:8:1:2:0:4:4:1:2:1:1:4:2:2:0:0
two_stage_feedback_net_log14,Ascend910B3,20,external_v2_fp32_nt,32,352,5120,fp32,0,1,6:112:64:5120:112:64:128:4:8:1:1:1:4:4:1:1:1:1:6:1:1:0:0
two_stage_feedback_net_log14,Ascend910B3,20,external_v2_fp32_nt,32,352,5120,fp32,0,1,10:16:80:240:16:16:80:6:6:1:1:1:3:3:1:2:1:1:5:2:1:0:2
two_stage_feedback_net_log14,Ascend910B3,20,external_v2_fp32_nt,32,352,5120,fp32,0,1,20:48:16:1536:48:16:8:192:384:1:1:0:192:192:2:2:2:1:1:1:22:2:2
two_stage_feedback_net_log14,Ascend910B3,20,external_v2_fp32_nt,32,352,5120,fp32,0,1,6:64:64:480:16:16:160:24:24:4:4:0:3:3:1:1:1:1:1:1:6:0:2
two_stage_feedback_net_log14,Ascend910B3,20,external_v2_fp32_nt,32,352,5120,fp32,0,1,16:128:384:192:128:128:64:6:9:1:3:0:3:3:2:2:2:1:1:1:1:1:3
two_stage_feedback_net_log14,Ascend910B3,20,external_v2_fp32_nt,32,352,5120,fp32,0,1,1:192:352:24:192:16:8:3:3:1:1:1:3:3:1:1:1:1:1:1:1:2:2
two_stage_feedback_net_log14,Ascend910B3,20,external_v2_fp32_nt,32,352,5120,fp32,0,1,6:640:64:8:160:16:8:8:8:4:4:0:1:1:1:2:1:1:2:1:4:0:2
two_stage_feedback_net_log14,Ascend910B3,20,external_v2_fp32_nt,32,352,5120,fp32,0,1,2:384:352:192:128:128:64:9:6:3:1:1:3:3:2:2:2:1:1:1:1:0:3
two_stage_feedback_net_log14,Ascend910B3,20,external_v2_fp32_tn,640,960,1280,fp32,1,0,20:160:192:1280:48:64:160:8:4:2:1:0:4:4:2:1:1:1:5:4:1:0:0
two_stage_feedback_net_log14,Ascend910B3,20,external_v2_fp32_tn,640,960,1280,fp32,1,0,20:64:480:1280:16:16:640:4:8:4:4:1:1:1:1:1:1:4:1:3:2:0:0
two_stage_feedback_net_log14,Ascend910B3,20,external_v2_fp32_tn,640,960,1280,fp32,1,0,16:80:512:1280:48:512:32:2:2:1:1:0:2:2:2:1:1:2:1:4:2:0:0
two_stage_feedback_net_log14,Ascend910B3,20,external_v2_fp32_tn,640,960,1280,fp32,1,0,20:160:192:1280:48:48:16:4:16:1:4:0:4:4:1:2:1:1:5:4:1:0:0
two_stage_feedback_net_log14,Ascend910B3,20,external_v2_fp32_tn,640,960,1280,fp32,1,0,15:128:320:1280:48:16:32:4:32:1:4:0:4:4:2:2:1:1:3:5:1:0:0
two_stage_feedback_net_log14,Ascend910B3,20,external_v2_fp32_tn,640,960,1280,fp32,1,0,18:224:160:1280:16:16:16:64:16:4:2:1:8:8:2:2:2:3:6:1:1:0:0
two_stage_feedback_net_log14,Ascend910B3,20,external_v2_fp32_tn,640,960,1280,fp32,1,0,15:128:320:1280:32:32:16:32:32:4:4:1:4:4:2:2:1:5:1:1:3:0:0
two_stage_feedback_net_log14,Ascend910B3,20,external_v2_fp32_tn,640,960,1280,fp32,1,0,16:160:240:1280:48:48:16:4:16:1:2:0:4:4:1:1:1:1:1:4:4:0:0
two_stage_feedback_net_log14,Ascend910B3,20,external_v2_fp32_tn,640,960,1280,fp32,1,0,20:320:96:768:16:16:128:24:24:4:4:1:6:6:2:2:1:1:5:2:2:1:2
two_stage_feedback_net_log14,Ascend910B3,20,external_v2_fp32_tn,640,960,1280,fp32,1,0,3:640:416:1280:16:416:16:1:2:1:1:1:1:1:2:2:1:1:3:1:1:0:0
two_stage_feedback_net_log14,Ascend910B3,20,external_v2_fp32_tn,640,960,1280,fp32,1,0,20:32:464:1280:32:464:16:8:16:1:1:0:8:8:1:2:1:20:2:1:2:0:0
two_stage_feedback_net_log14,Ascend910B3,20,external_v2_fp32_tn,640,960,1280,fp32,1,0,2:464:960:1280:464:32:16:16:8:1:1:0:8:8:2:2:2:1:1:2:1:0:0
two_stage_feedback_net_log14,Ascend910B3,20,external_v2_fp32_tn,640,960,1280,fp32,1,0,20:320:16:1280:224:16:48:2:4:1:1:1:2:2:1:1:1:1:3:2:20:1:0
two_stage_feedback_net_log14,Ascend910B3,20,external_v2_fp32_tn,640,960,1280,fp32,1,0,20:320:16:1280:96:16:64:8:8:2:1:0:4:4:2:2:2:1:30:2:2:2:0
two_stage_feedback_net_log14,Ascend910B3,20,external_v2_fp32_tn,640,960,1280,fp32,1,0,7:384:960:192:128:128:64:9:6:3:1:1:3:3:2:2:2:1:1:2:1:0:3
two_stage_feedback_net_log14,Ascend910B3,20,external_v2_fp32_tn,640,960,1280,fp32,1,0,3:288:960:32:96:32:16:6:4:3:2:0:2:2:2:2:2:2:1:2:1:0:2
two_stage_feedback_net_log14,Ascend910B3,20,external_v2_fp32_tt,384,640,768,fp32,1,1,20:96:128:768:16:48:128:4:4:1:2:0:2:2:1:2:1:2:2:3:4:0:0
two_stage_feedback_net_log14,Ascend910B3,20,external_v2_fp32_tt,384,640,768,fp32,1,1,20:96:128:768:80:16:16:4:16:1:4:0:4:4:2:2:2:1:3:4:2:0:0
two_stage_feedback_net_log14,Ascend910B3,20,external_v2_fp32_tt,384,640,768,fp32,1,1,20:80:160:512:32:48:64:16:24:2:3:1:8:8:2:1:1:1:2:5:2:0:2
two_stage_feedback_net_log14,Ascend910B3,20,external_v2_fp32_tt,384,640,768,fp32,1,1,20:80:160:384:32:48:64:12:18:2:3:1:6:6:2:1:1:1:2:5:2:0:2
two_stage_feedback_net_log14,Ascend910B3,20,external_v2_fp32_tt,384,640,768,fp32,1,1,20:112:128:768:112:48:16:8:8:1:2:0:4:4:1:1:1:1:1:4:5:0:0
two_stage_feedback_net_log14,Ascend910B3,20,external_v2_fp32_tt,384,640,768,fp32,1,1,16:96:160:768:48:80:16:4:2:2:1:1:2:2:2:1:1:1:2:4:2:0:0
two_stage_feedback_net_log14,Ascend910B3,20,external_v2_fp32_tt,384,640,768,fp32,1,1,20:384:32:768:48:32:16:32:8:4:1:0:4:4:2:1:1:1:1:1:20:0:0
two_stage_feedback_net_log14,Ascend910B3,20,external_v2_fp32_tt,384,640,768,fp32,1,1,20:128:96:768:112:32:64:16:8:1:1:0:8:8:2:1:1:1:4:3:2:0:0
two_stage_feedback_net_log14,Ascend910B3,20,external_v2_fp32_tt,384,640,768,fp32,1,1,3:128:640:768:128:64:48:2:4:1:1:1:2:2:2:2:2:3:1:1:1:0:0
two_stage_feedback_net_log14,Ascend910B3,20,external_v2_fp32_tt,384,640,768,fp32,1,1,4:384:640:192:128:128:64:9:6:3:1:1:3:3:2:2:2:1:1:1:1:0:3
two_stage_feedback_net_log14,Ascend910B3,20,external_v2_fp32_tt,384,640,768,fp32,1,1,2:384:336:768:32:336:16:32:16:2:1:1:8:8:1:1:1:1:2:1:1:0:0
two_stage_feedback_net_log14,Ascend910B3,20,external_v2_fp32_tt,384,640,768,fp32,1,1,2:320:640:768:320:32:16:16:16:1:1:0:8:8:2:2:1:1:1:2:1:0:0
two_stage_feedback_net_log14,Ascend910B3,20,external_v2_fp32_tt,384,640,768,fp32,1,1,20:16:512:768:16:512:32:2:2:1:1:1:1:1:2:1:1:24:1:1:2:0:0
two_stage_feedback_net_log14,Ascend910B3,20,external_v2_fp32_tt,384,640,768,fp32,1,1,20:288:16:768:288:16:16:4:4:1:1:0:4:4:2:2:2:2:1:1:40:0:0
two_stage_feedback_net_log14,Ascend910B3,20,external_v2_fp32_tt,384,640,768,fp32,1,1,20:144:16:768:144:16:16:2:2:1:1:1:1:1:1:2:1:1:14:3:3:0:0
two_stage_feedback_net_log14,Ascend910B3,20,external_v2_fp32_tt,384,640,768,fp32,1,1,3:1024:224:768:1024:32:16:1:4:1:2:1:1:1:1:1:1:1:3:1:1:0:0
two_stage_feedback_net_log14,Ascend910B3,20,external_v2_template_al1,16,304,5120,fp32,0,1,10:128:32:5120:128:16:8:4:8:1:2:0:2:2:2:2:1:1:10:1:1:1:0
two_stage_feedback_net_log14,Ascend910B3,20,external_v2_template_al1,16,304,5120,fp32,0,1,9:128:32:5120:128:16:8:4:8:1:2:0:2:2:2:2:1:1:10:1:1:0:0
two_stage_feedback_net_log14,Ascend910B3,20,external_v2_template_al1,16,304,5120,fp32,0,1,19:16:16:5120:16:16:192:2:1:1:1:1:1:1:2:1:1:1:2:1:11:0:0
two_stage_feedback_net_log14,Ascend910B3,20,external_v2_template_al1,16,304,5120,fp32,0,1,19:16:16:5120:16:16:64:1:1:1:1:1:1:1:2:2:1:1:1:1:19:0:0
two_stage_feedback_net_log14,Ascend910B3,20,external_v2_template_al1,16,304,5120,fp32,0,1,19:16:16:5120:16:16:224:1:1:1:1:1:1:1:1:1:1:1:1:1:19:0:0
two_stage_feedback_net_log14,Ascend910B3,20,external_v2_template_al1,16,304,5120,fp32,0,1,19:16:16:5120:16:16:160:1:1:1:1:1:1:1:1:1:1:1:4:1:6:0:0
two_stage_feedback_net_log14,Ascend910B3,20,external_v2_template_al1,16,304,5120,fp32,0,1,19:16:16:5120:16:16:160:1:1:1:1:1:1:1:2:2:2:1:4:1:6:0:0
two_stage_feedback_net_log14,Ascend910B3,20,external_v2_template_al1,16,304,5120,fp32,0,1,19:16:16:5120:16:16:512:2:1:1:1:1:1:1:1:1:1:1:4:1:6:0:0
two_stage_feedback_net_log14,Ascend910B3,20,external_v2_template_al1,16,304,5120,fp32,0,1,10:16:32:5120:16:32:256:16:8:1:1:1:8:8:1:2:1:1:3:1:4:0:0
two_stage_feedback_net_log14,Ascend910B3,20,external_v2_template_al1,16,304,5120,fp32,0,1,19:128:16:5120:128:16:56:16:16:1:1:1:8:8:2:2:2:1:19:1:1:0:0
two_stage_feedback_net_log14,Ascend910B3,20,external_v2_template_al1,16,304,5120,fp32,0,1,2:16:256:5120:16:256:40:128:2:1:1:0:128:1:2:1:1:1:1:1:2:0:10
two_stage_feedback_net_log14,Ascend910B3,20,external_v2_template_al1,16,304,5120,fp32,0,1,1:16:304:5120:16:16:448:12:2:1:1:1:12:1:1:2:1:1:1:1:1:1:10
two_stage_feedback_net_log14,Ascend910B3,20,external_v2_template_al1,16,304,5120,fp32,0,1,20:384:304:192:128:128:64:9:6:3:1:1:3:3:2:2:2:1:1:1:1:0:3
two_stage_feedback_net_log14,Ascend910B3,20,external_v2_template_al1,16,304,5120,fp32,0,1,1:48:304:1536:48:16:8:192:384:1:1:0:192:192:1:1:1:1:1:1:1:1:2
two_stage_feedback_net_log14,Ascend910B3,20,external_v2_template_al1,16,304,5120,fp32,0,1,4:256:80:8:128:16:8:4:3:2:3:0:1:1:1:1:1:1:1:1:4:0:2
two_stage_feedback_net_log14,Ascend910B3,20,external_v2_template_al1,16,304,5120,fp32,0,1,1:128:384:192:128:128:64:6:9:1:3:0:3:3:2:2:2:1:1:1:1:1:3
two_stage_feedback_net_log14,Ascend910B3,20,external_v2_template_bl1,49152,160,128,fp16,0,0,20:2464:160:128:192:48:16:8:32:1:4:1:8:8:2:1:1:4:1:6:1:0:20
two_stage_feedback_net_log14,Ascend910B3,20,external_v2_template_bl1,49152,160,128,fp16,0,0,20:2464:160:128:208:64:32:4:12:1:3:1:4:4:1:1:1:20:1:1:1:0:20
two_stage_feedback_net_log14,Ascend910B3,20,external_v2_template_bl1,49152,160,128,fp16,0,0,20:2464:160:128:160:64:128:4:2:4:2:0:1:1:1:1:1:5:1:4:1:0:0
two_stage_feedback_net_log14,Ascend910B3,20,external_v2_template_bl1,49152,160,128,fp16,0,0,20:2464:160:112:112:16:16:28:42:2:3:0:7:7:2:2:1:2:1:11:1:0:2
two_stage_feedback_net_log14,Ascend910B3,20,external_v2_template_bl1,49152,160,128,fp16,0,0,18:5472:80:64:32:32:32:2:2:1:1:0:2:2:2:2:1:2:1:6:2:1:2
two_stage_feedback_net_log14,Ascend910B3,20,external_v2_template_bl1,49152,160,128,fp16,0,0,13:3792:192:128:64:192:32:8:4:2:1:0:4:4:1:2:1:1:1:13:1:0:0
two_stage_feedback_net_log14,Ascend910B3,20,external_v2_template_bl1,49152,160,128,fp16,0,0,13:3792:160:128:16:160:16:4:4:2:1:0:2:2:1:2:1:5:1:3:1:0:0
two_stage_feedback_net_log14,Ascend910B3,20,external_v2_template_bl1,49152,160,128,fp16,0,0,14:3520:160:128:80:32:128:2:1:2:1:0:1:1:1:2:1:2:1:9:1:0:0
two_stage_feedback_net_log14,Ascend910B3,20,external_v2_template_bl1,49152,160,128,fp16,0,0,12:16384:48:128:16:48:64:1:2:1:1:0:1:1:2:2:2:2:2:2:3:0:0
two_stage_feedback_net_log14,Ascend910B3,20,external_v2_template_bl1,49152,160,128,fp16,0,0,8:12288:144:128:64:144:64:8:4:4:1:1:2:2:2:2:2:4:1:1:2:0:0
two_stage_feedback_net_log14,Ascend910B3,20,external_v2_template_bl1,49152,160,128,fp16,0,0,20:9840:16:128:336:16:96:8:2:2:1:1:2:2:1:2:1:2:2:4:6:0:0
two_stage_feedback_net_log14,Ascend910B3,20,external_v2_template_bl1,49152,160,128,fp16,0,0,20:1648:912:128:32:912:32:16:4:2:1:1:4:4:2:1:1:8:1:4:1:0:0
two_stage_feedback_net_log14,Ascend910B3,20,external_v2_template_bl1,49152,160,128,fp16,0,0,2:24576:160:128:16:160:80:1:2:1:1:1:1:1:2:2:2:2:1:1:1:0:0
two_stage_feedback_net_log14,Ascend910B3,20,external_v2_template_bl1,49152,160,128,fp16,0,0,2:24576:240:128:32:240:32:1:2:1:1:1:1:1:2:1:1:2:1:1:1:0:0
two_stage_feedback_net_log14,Ascend910B3,20,external_v2_template_bl1,49152,160,128,fp16,0,0,4:12288:608:128:32:608:16:32:16:4:1:1:8:8:1:1:1:4:1:1:1:0:0
two_stage_feedback_net_log14,Ascend910B3,20,external_v2_template_bl1,49152,160,128,fp16,0,0,1:49152:448:128:64:448:48:6:3:1:1:0:3:3:2:1:1:1:1:1:1:0:0
two_stage_feedback_net_log14,Ascend910B3,20,external_v2_dense_balanced_aligned,1792,2816,3584,fp16,0,0,20:448:576:3584:32:48:448:8:4:4:4:0:1:1:2:1:1:4:2:1:3:0:0
two_stage_feedback_net_log14,Ascend910B3,20,external_v2_dense_balanced_aligned,1792,2816,3584,fp16,0,0,14:256:1408:3584:64:80:128:8:2:4:2:1:1:1:2:2:1:4:1:2:2:0:0
two_stage_feedback_net_log14,Ascend910B3,20,external_v2_dense_balanced_aligned,1792,2816,3584,fp16,0,0,14:256:1408:3584:32:352:80:1:2:1:2:0:1:1:2:1:1:1:1:7:2:0:0
two_stage_feedback_net_log14,Ascend910B3,20,external_v2_dense_balanced_aligned,1792,2816,3584,fp16,0,0,14:288:1408:3584:288:64:48:8:16:1:2:1:8:8:2:1:1:7:2:1:1:0:0
two_stage_feedback_net_log14,Ascend910B3,20,external_v2_dense_balanced_aligned,1792,2816,3584,fp16,0,0,14:288:1408:3584:288:96:48:8:16:1:4:1:4:4:2:1:1:4:1:2:2:0:0
two_stage_feedback_net_log14,Ascend910B3,20,external_v2_dense_balanced_aligned,1792,2816,3584,fp16,0,0,12:320:1408:3584:320:96:32:8:32:1:4:1:4:4:1:1:1:1:2:6:1:0:0
two_stage_feedback_net_log14,Ascend910B3,20,external_v2_dense_balanced_aligned,1792,2816,3584,fp16,0,0,13:144:2816:3584:32:384:64:8:8:4:4:1:1:1:1:1:1:7:1:2:1:0:0
two_stage_feedback_net_log14,Ascend910B3,20,external_v2_dense_balanced_aligned,1792,2816,3584,fp16,0,0,12:160:2816:3584:96:336:48:8:8:1:2:1:4:4:2:2:1:12:1:1:1:0:0
two_stage_feedback_net_log14,Ascend910B3,20,external_v2_dense_balanced_aligned,1792,2816,3584,fp16,0,0,10:432:1408:3584:432:32:48:8:16:1:4:0:4:4:1:2:1:1:1:5:2:0:0
two_stage_feedback_net_log14,Ascend910B3,20,external_v2_dense_balanced_aligned,1792,2816,3584,fp16,0,0,10:1792:304:3584:96:304:32:8:4:1:1:0:4:4:1:1:1:1:3:1:4:0:0
two_stage_feedback_net_log14,Ascend910B3,20,external_v2_dense_balanced_aligned,1792,2816,3584,fp16,0,0,11:176:2816:3584:80:368:48:4:8:2:2:0:2:2:1:1:1:6:1:2:1:0:0
two_stage_feedback_net_log14,Ascend910B3,20,external_v2_dense_balanced_aligned,1792,2816,3584,fp16,0,0,10:192:2816:3584:144:144:64:8:16:1:4:1:4:4:1:1:1:1:1:10:1:0:0
two_stage_feedback_net_log14,Ascend910B3,20,external_v2_dense_balanced_aligned,1792,2816,3584,fp16,0,0,13:144:2816:3584:48:32:512:3:1:3:1:0:1:1:1:2:1:7:1:2:1:0:0
two_stage_feedback_net_log14,Ascend910B3,20,external_v2_dense_balanced_aligned,1792,2816,3584,fp16,0,0,5:432:2816:3584:432:48:32:2:2:1:1:0:2:2:1:2:1:1:1:5:1:0:0
two_stage_feedback_net_log14,Ascend910B3,20,external_v2_dense_balanced_aligned,1792,2816,3584,fp16,0,0,10:192:2816:3584:16:80:128:4:16:1:4:1:4:4:2:2:2:5:1:2:1:0:0
two_stage_feedback_net_log14,Ascend910B3,20,external_v2_dense_balanced_aligned,1792,2816,3584,fp16,0,0,2:1792:1536:3584:16:1536:16:16:4:2:1:1:4:4:1:1:1:1:2:1:1:0:0
two_stage_feedback_net_log14,Ascend910B3,20,external_v2_dense_balanced_aligned,1792,2816,3584,fp16,0,0,3:672:2816:3584:672:48:16:2:4:1:4:1:1:1:1:2:1:2:1:2:1:0:0
two_stage_feedback_net_log14,Ascend910B3,20,external_v2_dense_balanced_aligned,1792,2816,3584,fp16,0,0,13:144:2816:3584:96:16:48:4:2:1:1:0:2:2:1:1:1:13:1:1:1:0:0
two_stage_feedback_net_log14,Ascend910B3,20,external_v2_dense_balanced_aligned,1792,2816,3584,fp16,0,0,20:224:144:3584:16:16:448:4:8:1:1:0:4:4:2:1:1:2:3:6:8:1:0
two_stage_feedback_net_log14,Ascend910B3,20,external_v2_dense_balanced_aligned,1792,2816,3584,fp16,0,0,20:112:256:3584:16:64:512:4:2:2:1:0:2:2:1:1:1:16:1:1:11:0:0
two_stage_feedback_net_log14,Ascend910B3,20,external_v2_dense_balanced_aligned,1792,2816,3584,fp16,0,0,20:368:96:3584:64:16:512:1:4:1:4:1:1:1:1:2:1:1:8:5:4:2:0
two_stage_feedback_net_log14,Ascend910B3,20,external_v2_dense_balanced_aligned,1792,2816,3584,fp16,0,0,20:128:320:3584:128:16:96:1:1:1:1:0:1:1:2:1:1:3:2:6:7:1:0
two_stage_feedback_net_log14,Ascend910B3,20,external_v2_dense_balanced_aligned,1792,2816,3584,fp16,0,0,20:1792:32:3584:16:16:1536:4:2:2:1:0:1:1:1:1:1:1:44:1:2:1:0
two_stage_feedback_net_log14,Ascend910B3,20,external_v2_dense_balanced_aligned,1792,2816,3584,fp16,0,0,20:48:704:3584:48:48:160:8:8:1:1:1:8:8:2:1:1:1:1:38:4:1:0
two_stage_feedback_net_log14,Ascend910B3,20,external_v2_dense_balanced_odd,1663,2591,3587,fp16,0,0,20:416:528:3587:64:80:160:4:4:4:2:0:1:1:2:1:1:1:5:4:1:0:0
two_stage_feedback_net_log14,Ascend910B3,20,external_v2_dense_balanced_odd,1663,2591,3587,fp16,0,0,16:416:656:3587:160:160:192:1:4:1:4:0:1:1:1:1:1:1:1:4:4:0:0
two_stage_feedback_net_log14,Ascend910B3,20,external_v2_dense_balanced_odd,1663,2591,3587,fp16,0,0,14:240:1296:3587:80:80:160:8:4:2:2:1:2:2:2:2:1:1:2:7:1:0:0
two_stage_feedback_net_log14,Ascend910B3,20,external_v2_dense_balanced_odd,1663,2591,3587,fp16,0,0,14:240:1296:3587:96:80:160:2:8:1:4:0:2:2:1:2:1:1:1:7:2:0:0
two_stage_feedback_net_log14,Ascend910B3,20,external_v2_dense_balanced_odd,1663,2591,3587,fp16,0,0,14:240:1296:3587:16:192:64:8:8:2:4:1:2:2:2:2:1:1:1:7:2:0:0
two_stage_feedback_net_log14,Ascend910B3,20,external_v2_dense_balanced_odd,1663,2591,3587,fp16,0,0,14:240:1296:3587:48:288:64:8:2:4:2:0:1:1:2:1:1:2:1:4:2:0:0
two_stage_feedback_net_log14,Ascend910B3,20,external_v2_dense_balanced_odd,1663,2591,3587,fp16,0,0,14:240:1296:3587:48:432:16:32:32:2:2:0:8:8:1:2:1:4:1:2:2:0:0
two_stage_feedback_net_log14,Ascend910B3,20,external_v2_dense_balanced_odd,1663,2591,3587,fp16,0,0,12:320:1296:3587:320:96:48:1:4:1:4:0:1:1:2:1:1:1:1:6:2:0:0
two_stage_feedback_net_log14,Ascend910B3,20,external_v2_dense_balanced_odd,1663,2591,3587,fp16,0,0,13:128:2592:3587:32:448:64:8:2:2:1:1:2:2:1:1:1:13:1:1:1:0:0
two_stage_feedback_net_log14,Ascend910B3,20,external_v2_dense_balanced_odd,1663,2591,3587,fp16,0,0,13:128:2592:3587:32:272:48:16:8:1:1:0:8:8:1:2:1:1:1:13:1:0:0
two_stage_feedback_net_log14,Ascend910B3,20,external_v2_dense_balanced_odd,1663,2591,3587,fp16,0,0,12:144:2592:3587:48:384:64:8:4:2:2:0:2:2:1:1:1:1:1:12:1:0:0
two_stage_feedback_net_log14,Ascend910B3,20,external_v2_dense_balanced_odd,1663,2591,3587,fp16,0,0,11:160:2592:3587:16:112:112:16:16:4:4:0:2:2:2:2:1:6:1:2:1:0:0
two_stage_feedback_net_log14,Ascend910B3,20,external_v2_dense_balanced_odd,1663,2591,3587,fp16,0,0,10:176:2592:3587:16:64:384:16:4:4:1:0:2:2:2:1:1:1:1:10:1:0:0
two_stage_feedback_net_log14,Ascend910B3,20,external_v2_dense_balanced_odd,1663,2591,3587,fp16,0,0,20:176:656:3587:16:80:80:4:4:2:4:0:1:1:2:1:1:4:1:3:4:1:0
two_stage_feedback_net_log14,Ascend910B3,20,external_v2_dense_balanced_odd,1663,2591,3587,fp16,0,0,20:64:864:2560:16:16:160:48:32:3:2:0:16:16:2:2:2:6:1:5:3:1:2
two_stage_feedback_net_log14,Ascend910B3,20,external_v2_dense_balanced_odd,1663,2591,3587,fp16,0,0,13:128:2592:240:16:16:80:3:6:1:1:1:3:3:1:2:1:5:1:3:1:0:2
two_stage_feedback_net_log14,Ascend910B3,20,external_v2_dense_balanced_odd,1663,2591,3587,fp16,0,0,10:176:2592:256:32:32:32:32:24:2:3:1:8:8:2:2:2:1:1:10:1:0:2
two_stage_feedback_net_log14,Ascend910B3,20,external_v2_dense_balanced_odd,1663,2591,3587,fp16,0,0,10:176:2592:3587:80:96:64:32:16:2:2:1:8:8:2:2:2:4:1:3:1:0:0
two_stage_feedback_net_log14,Ascend910B3,20,external_v2_dense_balanced_odd,1663,2591,3587,fp16,0,0,3:672:2592:3587:672:48:16:2:2:1:1:1:2:2:2:2:1:1:1:3:1:0:0
two_stage_feedback_net_log14,Ascend910B3,20,external_v2_dense_balanced_odd,1663,2591,3587,fp16,0,0,20:80:384:3587:80:224:16:8:16:1:1:0:8:8:1:2:1:1:3:21:3:0:0
two_stage_feedback_net_log14,Ascend910B3,20,external_v2_dense_balanced_odd,1663,2591,3587,fp16,0,0,20:80:288:3587:16:32:640:2:2:2:1:0:1:1:2:1:1:1:3:21:4:1:0
two_stage_feedback_net_log14,Ascend910B3,20,external_v2_dense_balanced_odd,1663,2591,3587,fp16,0,0,20:64:336:3587:32:16:512:4:2:2:1:0:1:1:1:1:1:26:1:1:8:0:0
two_stage_feedback_net_log14,Ascend910B3,20,external_v2_dense_balanced_odd,1663,2591,3587,fp16,0,0,20:416:80:3587:16:16:1792:1:2:1:1:1:1:1:1:1:1:2:9:2:4:0:0
two_stage_feedback_net_log14,Ascend910B3,20,external_v2_dense_balanced_odd,1663,2591,3587,fp16,0,0,20:832:32:3587:32:32:384:8:8:1:1:0:8:8:1:1:1:1:6:2:15:0:0
two_stage_feedback_net_log14,Ascend910B3,20,external_v2_dense_tall,3584,896,5120,fp16,0,0,14:512:448:5120:16:48:256:8:4:4:2:1:2:2:2:2:2:7:1:1:2:0:0
two_stage_feedback_net_log14,Ascend910B3,20,external_v2_dense_tall,3584,896,5120,fp16,0,0,20:368:448:5120:32:80:320:4:1:4:1:0:1:1:1:1:1:1:2:10:1:0:0
two_stage_feedback_net_log14,Ascend910B3,20,external_v2_dense_tall,3584,896,5120,fp16,0,0,14:512:448:5120:160:32:128:2:8:2:4:0:1:1:1:2:1:1:2:7:1:0:0
two_stage_feedback_net_log14,Ascend910B3,20,external_v2_dense_tall,3584,896,5120,fp16,0,0,14:512:448:5120:64:112:128:4:4:4:2:0:1:1:2:1:1:2:1:4:2:0:0
two_stage_feedback_net_log14,Ascend910B3,20,external_v2_dense_tall,3584,896,5120,fp16,0,0,12:304:896:5120:32:64:512:8:2:4:2:0:1:1:2:1:1:1:1:12:1:0:0
two_stage_feedback_net_log14,Ascend910B3,20,external_v2_dense_tall,3584,896,5120,fp16,0,0,14:512:448:5120:32:64:224:8:8:1:2:0:4:4:2:1:1:7:1:1:2:0:0
two_stage_feedback_net_log14,Ascend910B3,20,external_v2_dense_tall,3584,896,5120,fp16,0,0,14:512:448:5120:48:48:384:2:4:1:2:0:2:2:1:1:1:1:1:7:2:0:0
two_stage_feedback_net_log14,Ascend910B3,20,external_v2_dense_tall,3584,896,5120,fp16,0,0,14:512:448:5120:16:112:128:4:4:1:1:1:2:2:1:2:1:1:2:7:1:0:0
two_stage_feedback_net_log14,Ascend910B3,20,external_v2_dense_tall,3584,896,5120,fp16,0,0,14:256:896:5120:16:176:128:2:2:2:2:0:1:1:2:1:1:7:1:2:1:0:0
two_stage_feedback_net_log14,Ascend910B3,20,external_v2_dense_tall,3584,896,5120,fp16,0,0,12:304:896:5120:16:224:128:8:8:2:1:0:4:4:2:1:1:1:1:12:1:0:0
two_stage_feedback_net_log14,Ascend910B3,20,external_v2_dense_tall,3584,896,5120,fp16,0,0,14:256:896:5120:16:112:112:2:4:1:2:1:1:1:1:1:1:14:1:1:1:0:0
two_stage_feedback_net_log14,Ascend910B3,20,external_v2_dense_tall,3584,896,5120,fp16,0,0,14:512:448:5120:48:160:64:32:16:4:2:0:8:8:2:2:2:7:1:1:2:0:0
two_stage_feedback_net_log14,Ascend910B3,20,external_v2_dense_tall,3584,896,5120,fp16,0,0,12:3584:80:5120:16:80:96:2:1:1:1:1:1:1:2:2:1:1:1:1:12:1:0
two_stage_feedback_net_log14,Ascend910B3,20,external_v2_dense_tall,3584,896,5120,fp16,0,0,14:3584:64:5120:352:64:16:32:16:4:1:1:8:8:1:2:1:1:3:1:5:2:0
two_stage_feedback_net_log14,Ascend910B3,20,external_v2_dense_tall,3584,896,5120,fp16,0,0,19:3584:48:5120:48:32:32:16:16:2:1:1:8:8:1:1:1:1:19:1:1:0:0
two_stage_feedback_net_log14,Ascend910B3,20,external_v2_dense_tall,3584,896,5120,fp16,0,0,7:3584:144:5120:48:144:64:16:4:4:1:0:2:2:2:2:2:1:3:1:3:1:0
two_stage_feedback_net_log14,Ascend910B3,20,external_v2_dense_tall,3584,896,5120,fp16,0,0,20:896:96:5120:16:80:80:8:4:1:1:1:4:4:2:1:1:4:5:1:2:1:0
two_stage_feedback_net_log14,Ascend910B3,20,external_v2_dense_tall,3584,896,5120,fp16,0,0,4:3584:256:5120:64:256:64:2:1:2:1:0:1:1:2:2:2:1:1:1:4:0:0
two_stage_feedback_net_log14,Ascend910B3,20,external_v2_dense_tall,3584,896,5120,fp16,0,0,20:128:128:5120:96:16:160:4:2:1:1:0:2:2:2:1:1:4:1:8:7:1:0
two_stage_feedback_net_log14,Ascend910B3,20,external_v2_dense_tall,3584,896,5120,fp16,0,0,20:896:32:5120:32:32:96:8:1:4:1:0:1:1:2:2:2:1:28:4:1:1:0
two_stage_feedback_net_log14,Ascend910B3,20,external_v2_dense_tall,3584,896,5120,fp16,0,0,12:304:896:80:16:16:80:2:2:1:1:1:1:1:1:2:1:4:1:3:1:1:2
two_stage_feedback_net_log14,Ascend910B3,20,external_v2_dense_tall,3584,896,5120,fp16,0,0,20:608:32:5120:48:16:32:2:2:1:2:1:1:1:2:1:1:1:6:6:5:2:0
two_stage_feedback_net_log14,Ascend910B3,20,external_v2_dense_tall,3584,896,5120,fp16,0,0,20:1792:96:128:48:32:16:16:16:1:1:0:8:8:2:2:2:2:4:1:3:1:2
two_stage_feedback_net_log14,Ascend910B3,20,external_v2_dense_tall,3584,896,5120,fp16,0,0,20:384:64:256:96:16:16:64:128:4:4:1:16:16:1:2:1:3:3:4:5:2:2
two_stage_feedback_net_log14,Ascend910B3,20,external_v2_dense_wide,896,3584,5120,fp16,0,0,20:448:368:5120:48:48:256:1:4:1:2:0:1:1:2:2:1:1:3:2:4:0:0
two_stage_feedback_net_log14,Ascend910B3,20,external_v2_dense_wide,896,3584,5120,fp16,0,0,20:448:368:5120:16:32:64:4:8:1:4:0:2:2:2:1:1:2:2:1:8:0:0
two_stage_feedback_net_log14,Ascend910B3,20,external_v2_dense_wide,896,3584,5120,fp16,0,0,18:448:400:5120:16:48:112:16:8:4:1:0:4:4:2:1:1:2:1:1:9:0:0
two_stage_feedback_net_log14,Ascend910B3,20,external_v2_dense_wide,896,3584,5120,fp16,0,0,20:192:896:5120:16:64:80:8:8:2:2:1:2:2:2:1:1:5:4:1:1:0:0
two_stage_feedback_net_log14,Ascend910B3,20,external_v2_dense_wide,896,3584,5120,fp16,0,0,18:304:608:5120:16:16:80:8:32:1:2:0:8:8:1:2:1:2:2:2:4:0:0
two_stage_feedback_net_log14,Ascend910B3,20,external_v2_dense_wide,896,3584,5120,fp16,0,0,13:896:288:5120:80:288:80:1:1:1:1:0:1:1:2:1:1:1:7:1:2:0:0
two_stage_feedback_net_log14,Ascend910B3,20,external_v2_dense_wide,896,3584,5120,fp16,0,0,14:896:256:5120:32:256:32:16:2:4:1:1:2:2:1:1:1:1:3:1:5:0:0
two_stage_feedback_net_log14,Ascend910B3,20,external_v2_dense_wide,896,3584,5120,fp16,0,0,14:896:256:5120:80:256:32:16:8:2:1:0:8:8:1:1:1:1:7:1:2:0:0
two_stage_feedback_net_log14,Ascend910B3,20,external_v2_dense_wide,896,3584,5120,fp16,0,0,20:224:720:5120:80:48:32:4:4:2:2:0:2:2:1:2:1:1:5:4:1:0:0
two_stage_feedback_net_log14,Ascend910B3,20,external_v2_dense_wide,896,3584,5120,fp16,0,0,14:128:1792:5120:16:96:192:8:4:4:4:1:1:1:1:1:1:7:2:1:1:0:0
two_stage_feedback_net_log14,Ascend910B3,20,external_v2_dense_wide,896,3584,5120,fp16,0,0,18:448:400:5120:48:128:16:16:8:2:1:1:4:4:2:1:1:2:9:1:1:0:0
two_stage_feedback_net_log14,Ascend910B3,20,external_v2_dense_wide,896,3584,5120,fp16,0,0,20:192:896:5120:16:160:32:8:2:4:2:1:1:1:1:1:1:2:1:4:4:0:0
two_stage_feedback_net_log14,Ascend910B3,20,external_v2_dense_wide,896,3584,5120,fp16,0,0,20:896:176:5120:16:16:640:8:16:1:2:1:8:8:2:2:2:1:2:1:11:0:0
two_stage_feedback_net_log14,Ascend910B3,20,external_v2_dense_wide,896,3584,5120,fp16,0,0,14:64:3584:5120:32:16:1024:4:1:2:1:0:1:1:1:2:1:14:1:1:1:0:0
two_stage_feedback_net_log14,Ascend910B3,20,external_v2_dense_wide,896,3584,5120,fp16,0,0,14:64:3584:5120:16:32:512:16:8:2:1:0:4:4:2:2:2:1:1:14:1:0:0
two_stage_feedback_net_log14,Ascend910B3,20,external_v2_dense_wide,896,3584,5120,fp16,0,0,12:80:3584:5120:16:32:1024:4:2:4:1:1:1:1:2:1:1:6:1:2:1:0:0
two_stage_feedback_net_log14,Ascend910B3,20,external_v2_dense_wide,896,3584,5120,fp16,0,0,20:112:192:5120:112:16:160:1:2:1:1:0:1:1:1:1:1:1:7:8:3:2:0
two_stage_feedback_net_log14,Ascend910B3,20,external_v2_dense_wide,896,3584,5120,fp16,0,0,20:64:336:5120:32:16:320:4:2:1:1:0:2:2:1:2:1:7:3:2:4:1:0
two_stage_feedback_net_log14,Ascend910B3,20,external_v2_dense_wide,896,3584,5120,fp16,0,0,20:448:48:5120:256:16:64:1:4:1:2:0:1:1:2:2:1:1:25:2:3:1:0
two_stage_feedback_net_log14,Ascend910B3,20,external_v2_dense_wide,896,3584,5120,fp16,0,0,20:32:512:5120:16:16:512:1:4:1:2:1:1:1:2:1:1:1:4:28:2:1:0
two_stage_feedback_net_log14,Ascend910B3,20,external_v2_dense_wide,896,3584,5120,fp16,0,0,20:32:608:5120:32:16:128:8:8:1:1:1:8:8:2:2:1:28:1:1:6:2:0
two_stage_feedback_net_log14,Ascend910B3,20,external_v2_dense_wide,896,3584,5120,fp16,0,0,20:192:128:240:32:32:80:6:9:2:3:0:3:3:2:2:2:5:28:1:1:0:2
two_stage_feedback_net_log14,Ascend910B3,20,external_v2_dense_wide,896,3584,5120,fp16,0,0,12:80:3584:256:32:32:32:16:48:2:3:1:8:8:2:2:2:6:1:2:1:0:2
two_stage_feedback_net_log14,Ascend910B3,20,external_v2_dense_wide,896,3584,5120,fp16,0,0,20:304:80:320:16:16:160:16:16:4:4:1:2:2:2:1:1:3:8:1:6:1:2
two_stage_feedback_net_log14,Ascend910B3,20,external_v2_dense_large,4608,5120,6144,fp16,0,0,11:432:5120:6144:208:96:112:2:4:2:4:0:1:1:1:2:1:1:1:11:1:0:0
two_stage_feedback_net_log14,Ascend910B3,20,external_v2_dense_large,4608,5120,6144,fp16,0,0,10:464:5120:6144:160:160:96:2:8:2:4:1:1:1:2:2:1:10:1:1:1:0:0
two_stage_feedback_net_log14,Ascend910B3,20,external_v2_dense_large,4608,5120,6144,fp16,0,0,11:432:5120:6144:80:320:64:2:4:2:4:1:1:1:2:1:1:11:1:1:1:0:0
two_stage_feedback_net_log14,Ascend910B3,20,external_v2_dense_large,4608,5120,6144,fp16,0,0,20:1152:1024:6144:48:16:640:4:4:1:2:0:2:2:1:1:1:2:2:2:3:2:0
two_stage_feedback_net_log14,Ascend910B3,20,external_v2_dense_large,4608,5120,6144,fp16,0,0,14:672:2560:6144:144:64:112:8:4:2:2:1:2:2:2:1:1:4:1:2:2:0:0
two_stage_feedback_net_log14,Ascend910B3,20,external_v2_dense_large,4608,5120,6144,fp16,0,0,10:464:5120:6144:80:384:80:4:4:1:1:1:4:4:2:1:1:10:1:1:1:0:0
two_stage_feedback_net_log14,Ascend910B3,20,external_v2_dense_large,4608,5120,6144,fp16,0,0,20:128:5120:6144:16:16:48:16:8:4:1:1:4:4:2:2:1:36:1:1:1:0:0
two_stage_feedback_net_log14,Ascend910B3,20,external_v2_dense_large,4608,5120,6144,fp16,0,0,10:1024:2560:6144:1024:32:16:8:4:1:1:0:4:4:1:1:1:5:2:1:1:0:0
two_stage_feedback_net_log14,Ascend910B3,20,external_v2_dense_large,4608,5120,6144,fp16,0,0,12:384:5120:6144:256:32:80:4:8:1:2:0:2:2:1:2:1:1:1:12:1:0:0
two_stage_feedback_net_log14,Ascend910B3,20,external_v2_dense_large,4608,5120,6144,fp16,0,0,13:368:5120:6144:64:224:64:32:4:4:1:0:4:4:1:2:1:1:1:13:1:0:0
two_stage_feedback_net_log14,Ascend910B3,20,external_v2_dense_large,4608,5120,6144,fp16,0,0,20:192:5120:6144:64:16:16:12:4:3:1:1:2:2:1:2:1:24:1:1:1:0:0
two_stage_feedback_net_log14,Ascend910B3,20,external_v2_dense_large,4608,5120,6144,fp16,0,0,20:256:736:6144:256:112:32:8:16:1:4:0:4:4:1:2:1:18:7:1:1:1:0
two_stage_feedback_net_log14,Ascend910B3,20,external_v2_dense_large,4608,5120,6144,fp16,0,0,20:128:5120:6144:96:32:64:4:4:1:2:1:2:2:1:2:1:36:1:1:1:0:0
two_stage_feedback_net_log14,Ascend910B3,20,external_v2_dense_large,4608,5120,6144,fp16,0,0,20:192:5120:6144:144:16:16:4:4:1:1:1:4:4:2:1:1:24:1:1:1:0:0
two_stage_feedback_net_log14,Ascend910B3,20,external_v2_dense_large,4608,5120,6144,fp16,0,0,20:192:5120:6144:32:32:16:16:8:1:1:1:8:8:2:2:1:24:1:1:1:0:0
two_stage_feedback_net_log14,Ascend910B3,20,external_v2_dense_large,4608,5120,6144,fp16,0,0,20:4608:48:6144:64:48:16:8:8:1:1:0:8:8:2:2:2:1:54:1:2:0:0
two_stage_feedback_net_log14,Ascend910B3,20,external_v2_dense_large,4608,5120,6144,fp16,0,0,20:4608:32:6144:32:32:448:1:1:1:1:0:1:1:2:1:1:1:80:1:2:0:0
two_stage_feedback_net_log14,Ascend910B3,20,external_v2_dense_large,4608,5120,6144,fp16,0,0,20:272:480:6144:144:160:96:4:12:1:3:1:4:4:2:1:1:1:11:17:1:1:0
two_stage_feedback_net_log14,Ascend910B3,20,external_v2_dense_large,4608,5120,6144,fp16,0,0,16:384:5120:384:128:128:128:9:6:3:1:1:3:3:2:2:2:4:1:3:1:0:3
two_stage_feedback_net_log14,Ascend910B3,20,external_v2_dense_large,4608,5120,6144,fp16,0,0,16:384:5120:384:128:128:128:9:6:3:1:1:3:3:2:2:1:2:1:6:1:0:3
two_stage_feedback_net_log14,Ascend910B3,20,external_v2_dense_large,4608,5120,6144,fp16,0,0,16:384:5120:384:128:128:128:9:6:3:1:1:3:3:2:2:1:1:1:12:1:1:3
two_stage_feedback_net_log14,Ascend910B3,20,external_v2_dense_large,4608,5120,6144,fp16,0,0,16:384:5120:384:128:128:128:9:6:3:1:1:3:3:2:2:2:1:1:12:1:2:3
two_stage_feedback_net_log14,Ascend910B3,20,external_v2_dense_large,4608,5120,6144,fp16,0,0,16:4608:384:384:128:128:128:6:9:1:3:0:3:3:2:2:1:1:1:1:14:1:3
two_stage_feedback_net_log14,Ascend910B3,20,external_v2_dense_large,4608,5120,6144,fp16,0,0,16:576:2560:768:32:32:48:48:64:3:2:0:16:16:2:1:1:2:1:4:2:1:2
two_stage_feedback_net_log14,Ascend910B3,20,external_v2_k_shallow,1792,2048,320,fp16,0,0,13:144:2048:160:16:16:80:4:4:1:1:0:2:2:1:2:2:5:1:3:1:1:2
two_stage_feedback_net_log14,Ascend910B3,20,external_v2_k_shallow,1792,2048,320,fp16,0,0,19:1792:112:320:16:64:48:4:4:1:1:0:4:4:2:2:2:1:10:1:2:0:0
two_stage_feedback_net_log14,Ascend910B3,20,external_v2_k_shallow,1792,2048,320,fp16,0,0,20:368:512:320:16:32:48:4:16:1:4:0:2:2:2:2:1:3:2:2:2:0:0
two_stage_feedback_net_log14,Ascend910B3,20,external_v2_k_shallow,1792,2048,320,fp16,0,0,19:1792:112:320:16:16:48:4:4:2:4:1:1:1:2:1:1:1:3:1:8:0:0
two_stage_feedback_net_log14,Ascend910B3,20,external_v2_k_shallow,1792,2048,320,fp16,0,0,20:448:416:320:80:272:80:2:2:2:1:0:1:1:2:1:1:1:5:4:1:0:0
two_stage_feedback_net_log14,Ascend910B3,20,external_v2_k_shallow,1792,2048,320,fp16,0,0,18:608:352:320:16:48:64:4:8:2:4:1:2:2:1:1:1:1:2:3:5:0:0
two_stage_feedback_net_log14,Ascend910B3,20,external_v2_k_shallow,1792,2048,320,fp16,0,0,18:608:352:320:16:160:16:4:8:1:2:0:4:4:2:2:1:3:2:1:3:0:0
two_stage_feedback_net_log14,Ascend910B3,20,external_v2_k_shallow,1792,2048,320,fp16,0,0,20:896:208:320:16:160:32:8:2:4:1:0:1:1:1:1:1:1:2:2:7:0:0
two_stage_feedback_net_log14,Ascend910B3,20,external_v2_k_shallow,1792,2048,320,fp16,0,0,20:448:416:320:16:32:48:4:16:1:4:1:4:4:2:2:2:2:1:3:5:0:0
two_stage_feedback_net_log14,Ascend910B3,20,external_v2_k_shallow,1792,2048,320,fp16,0,0,18:608:352:320:16:16:48:2:8:2:4:0:1:1:2:2:1:3:1:1:6:0:0
two_stage_feedback_net_log14,Ascend910B3,20,external_v2_k_shallow,1792,2048,320,fp16,0,0,18:608:352:320:32:64:32:8:32:2:4:1:4:4:1:1:1:3:1:1:6:0:0
two_stage_feedback_net_log14,Ascend910B3,20,external_v2_k_shallow,1792,2048,320,fp16,0,0,20:368:512:320:48:128:48:2:8:1:4:1:2:2:1:1:1:1:2:5:3:0:0
two_stage_feedback_net_log14,Ascend910B3,20,external_v2_k_shallow,1792,2048,320,fp16,0,0,6:320:2048:320:320:48:48:14:14:1:1:0:7:7:2:2:2:3:1:2:1:0:0
two_stage_feedback_net_log14,Ascend910B3,20,external_v2_k_shallow,1792,2048,320,fp16,0,0,20:448:80:64:112:16:16:32:16:4:4:1:4:4:2:2:2:4:3:1:9:1:2
two_stage_feedback_net_log14,Ascend910B3,20,external_v2_k_shallow,1792,2048,320,fp16,0,0,20:256:96:16:64:16:16:4:4:4:4:0:1:1:1:2:1:1:2:7:16:0:2
two_stage_feedback_net_log14,Ascend910B3,20,external_v2_k_shallow,1792,2048,320,fp16,0,0,10:192:2048:64:32:32:32:8:6:2:3:1:2:2:2:2:2:2:1:9:1:0:2
two_stage_feedback_net_log14,Ascend910B3,20,external_v2_k_shallow,1792,2048,320,fp16,0,0,4:576:2048:64:192:16:16:24:16:3:2:0:4:4:1:2:1:4:1:1:1:0:2
two_stage_feedback_net_log14,Ascend910B3,20,external_v2_k_shallow,1792,2048,320,fp16,0,0,20:208:112:288:48:16:96:12:18:2:3:0:3:3:1:2:1:1:1:9:19:1:2
two_stage_feedback_net_log14,Ascend910B3,20,external_v2_k_shallow,1792,2048,320,fp16,0,0,4:576:2048:16:192:16:16:3:2:3:2:1:1:1:1:2:1:2:1:2:1:1:2
two_stage_feedback_net_log14,Ascend910B3,20,external_v2_k_shallow,1792,2048,320,fp16,0,0,4:576:2048:304:192:16:16:57:38:3:2:1:19:19:1:2:1:2:1:2:1:1:2
two_stage_feedback_net_log14,Ascend910B3,20,external_v2_k_shallow,1792,2048,320,fp16,0,0,12:160:2048:160:16:16:80:8:8:4:4:1:2:2:2:1:1:3:1:5:1:1:2
two_stage_feedback_net_log14,Ascend910B3,20,external_v2_k_shallow,1792,2048,320,fp16,0,0,11:1792:192:192:16:64:96:4:6:2:3:1:2:2:2:1:1:1:6:1:2:0:2
two_stage_feedback_net_log14,Ascend910B3,20,external_v2_k_shallow,1792,2048,320,fp16,0,0,20:256:96:48:112:32:16:12:18:2:3:0:3:3:1:1:1:1:11:7:2:1:2
two_stage_feedback_net_log14,Ascend910B3,20,external_v2_k_shallow,1792,2048,320,fp16,0,0,20:192:144:80:32:64:80:3:4:3:2:1:1:1:2:1:1:1:2:10:8:2:2
two_stage_feedback_net_log14,Ascend910B3,20,external_v2_k_deep,1024,1536,32768,fp16,0,0,20:1024:384:384:128:128:128:6:9:1:3:0:3:3:2:2:2:1:2:1:2:2:3
two_stage_feedback_net_log14,Ascend910B3,20,external_v2_k_deep,1024,1536,32768,fp16,0,0,20:1024:384:384:128:128:128:6:9:1:3:0:3:3:2:2:1:1:2:1:2:1:3
two_stage_feedback_net_log14,Ascend910B3,20,external_v2_k_deep,1024,1536,32768,fp16,0,0,20:1024:384:384:128:128:128:6:9:1:3:0:3:3:2:2:2:1:1:1:4:0:3
two_stage_feedback_net_log14,Ascend910B3,20,external_v2_k_deep,1024,1536,32768,fp16,0,0,20:1024:384:384:128:128:128:6:9:1:3:0:3:3:2:2:1:1:1:1:4:2:3
two_stage_feedback_net_log14,Ascend910B3,20,external_v2_k_deep,1024,1536,32768,fp16,0,0,16:1024:384:384:128:128:128:6:9:1:3:0:3:3:2:2:2:1:2:1:2:1:3
two_stage_feedback_net_log14,Ascend910B3,20,external_v2_k_deep,1024,1536,32768,fp16,0,0,17:384:1536:384:128:128:128:9:6:3:1:1:3:3:2:2:2:1:1:3:1:0:3
two_stage_feedback_net_log14,Ascend910B3,20,external_v2_k_deep,1024,1536,32768,fp16,0,0,16:384:1536:384:128:128:128:9:6:3:1:1:3:3:2:2:2:1:1:3:1:1:3
two_stage_feedback_net_log14,Ascend910B3,20,external_v2_k_deep,1024,1536,32768,fp16,0,0,16:384:1536:384:128:128:128:9:6:3:1:1:3:3:2:2:2:3:1:1:1:0:3
two_stage_feedback_net_log14,Ascend910B3,20,external_v2_k_deep,1024,1536,32768,fp16,0,0,16:384:1536:384:128:128:128:9:6:3:1:1:3:3:2:2:1:1:1:3:1:0:3
two_stage_feedback_net_log14,Ascend910B3,20,external_v2_k_deep,1024,1536,32768,fp16,0,0,15:1024:384:384:128:128:128:6:9:1:3:0:3:3:2:2:2:1:1:1:4:1:3
two_stage_feedback_net_log14,Ascend910B3,20,external_v2_k_deep,1024,1536,32768,fp16,0,0,3:1024:512:32768:32:512:64:8:2:4:1:0:1:1:1:1:1:1:3:1:1:0:0
two_stage_feedback_net_log14,Ascend910B3,20,external_v2_k_deep,1024,1536,32768,fp16,0,0,3:1024:640:32768:16:640:16:8:4:1:1:0:4:4:1:2:1:1:3:1:1:1:0
two_stage_feedback_net_log14,Ascend910B3,20,external_v2_k_deep,1024,1536,32768,fp16,0,0,20:160:256:32768:112:64:128:4:16:1:4:1:4:4:2:2:2:7:2:1:4:0:0
two_stage_feedback_net_log14,Ascend910B3,20,external_v2_k_deep,1024,1536,32768,fp16,0,0,20:96:320:32768:48:224:64:8:16:1:1:1:8:8:2:2:2:11:3:1:2:0:0
two_stage_feedback_net_log14,Ascend910B3,20,external_v2_k_deep,1024,1536,32768,fp16,0,0,20:176:128:32768:16:16:2048:4:4:1:1:1:4:4:1:1:1:6:2:1:6:1:0
two_stage_feedback_net_log14,Ascend910B3,20,external_v2_k_deep,1024,1536,32768,fp16,0,0,6:1024:288:32768:32:288:32:2:2:1:1:0:1:1:2:1:1:1:3:1:2:0:0
two_stage_feedback_net_log14,Ascend910B3,20,external_v2_k_deep,1024,1536,32768,fp16,0,0,20:96:96:32768:32:64:256:12:2:3:1:1:2:2:2:2:2:11:2:1:15:1:0
two_stage_feedback_net_log14,Ascend910B3,20,external_v2_k_deep,1024,1536,32768,fp16,0,0,3:1024:512:32768:64:512:16:16:16:1:1:0:8:8:1:1:1:1:3:1:1:0:0
two_stage_feedback_net_log14,Ascend910B3,20,external_v2_k_deep,1024,1536,32768,fp16,0,0,20:208:48:32768:128:16:128:1:2:1:1:1:1:1:2:2:2:3:8:2:4:1:0
two_stage_feedback_net_log14,Ascend910B3,20,external_v2_k_deep,1024,1536,32768,fp16,0,0,8:1024:384:384:128:128:128:6:9:1:3:0:3:3:2:2:2:1:1:1:4:1:3
two_stage_feedback_net_log14,Ascend910B3,20,external_v2_k_deep,1024,1536,32768,fp16,0,0,20:320:320:64:80:64:16:16:16:4:4:1:4:4:1:1:1:4:5:1:1:0:2
two_stage_feedback_net_log14,Ascend910B3,20,external_v2_k_deep,1024,1536,32768,fp16,0,0,20:160:80:1920:16:16:320:24:24:4:4:1:6:6:1:1:1:7:2:1:12:1:2
two_stage_feedback_net_log14,Ascend910B3,20,external_v2_k_deep,1024,1536,32768,fp16,0,0,20:160:80:960:16:16:320:12:24:4:4:0:3:3:1:1:1:7:2:1:12:2:2
two_stage_feedback_net_log14,Ascend910B3,20,external_v2_k_deep,1024,1536,32768,fp16,0,0,1:384:1536:384:128:128:128:9:6:3:1:1:3:3:2:2:2:1:1:3:1:0:3
two_stage_feedback_net_log14,Ascend910B3,20,external_v2_k_low_output_deep_aligned,192,128,24576,fp16,0,0,20:192:384:384:128:128:128:6:9:1:3:0:3:3:2:2:2:1:1:1:1:2:3
two_stage_feedback_net_log14,Ascend910B3,20,external_v2_k_low_output_deep_aligned,192,128,24576,fp16,0,0,20:192:384:384:128:128:128:6:9:1:3:0:3:3:2:2:1:1:1:1:1:1:3
two_stage_feedback_net_log14,Ascend910B3,20,external_v2_k_low_output_deep_aligned,192,128,24576,fp16,0,0,20:384:128:384:128:128:128:9:6:3:1:1:3:3:2:2:1:1:1:1:1:1:3
two_stage_feedback_net_log14,Ascend910B3,20,external_v2_k_low_output_deep_aligned,192,128,24576,fp16,0,0,17:192:384:384:128:128:128:6:9:1:3:0:3:3:2:2:2:1:1:1:1:1:3
two_stage_feedback_net_log14,Ascend910B3,20,external_v2_k_low_output_deep_aligned,192,128,24576,fp16,0,0,16:384:128:384:128:128:128:9:6:3:1:1:3:3:2:2:1:1:1:1:1:0:3
two_stage_feedback_net_log14,Ascend910B3,20,external_v2_k_low_output_deep_aligned,192,128,24576,fp16,0,0,15:384:128:384:128:128:128:9:6:3:1:1:3:3:2:2:2:1:1:1:1:0:3
two_stage_feedback_net_log14,Ascend910B3,20,external_v2_k_low_output_deep_aligned,192,128,24576,fp16,0,0,16:192:384:384:128:128:128:6:9:1:3:0:3:3:2:2:2:1:1:1:1:2:3
two_stage_feedback_net_log14,Ascend910B3,20,external_v2_k_low_output_deep_aligned,192,128,24576,fp16,0,0,15:192:384:384:128:128:128:6:9:1:3:0:3:3:2:2:2:1:1:1:1:1:3
two_stage_feedback_net_log14,Ascend910B3,20,external_v2_k_low_output_deep_aligned,192,128,24576,fp16,0,0,16:192:384:384:128:128:128:6:9:1:3:0:3:3:2:2:1:1:1:1:1:1:3
two_stage_feedback_net_log14,Ascend910B3,20,external_v2_k_low_output_deep_aligned,192,128,24576,fp16,0,0,9:192:384:384:128:128:128:6:9:1:3:0:3:3:2:2:2:1:1:1:1:1:3
two_stage_feedback_net_log14,Ascend910B3,20,external_v2_k_low_output_deep_aligned,192,128,24576,fp16,0,0,8:192:384:384:128:128:128:6:9:1:3:0:3:3:2:2:2:1:1:1:1:2:3
two_stage_feedback_net_log14,Ascend910B3,20,external_v2_k_low_output_deep_aligned,192,128,24576,fp16,0,0,8:192:384:384:128:128:128:6:9:1:3:0:3:3:2:2:1:1:1:1:1:1:3
two_stage_feedback_net_log14,Ascend910B3,20,external_v2_k_low_output_deep_aligned,192,128,24576,fp16,0,0,9:384:128:384:128:128:128:9:6:3:1:1:3:3:2:2:2:1:1:1:1:0:3
two_stage_feedback_net_log14,Ascend910B3,20,external_v2_k_low_output_deep_aligned,192,128,24576,fp16,0,0,8:384:128:384:128:128:128:9:6:3:1:1:3:3:2:2:2:1:1:1:1:1:3
two_stage_feedback_net_log14,Ascend910B3,20,external_v2_k_low_output_deep_aligned,192,128,24576,fp16,0,0,8:384:128:384:128:128:128:9:6:3:1:1:3:3:2:2:1:1:1:1:1:0:3
two_stage_feedback_net_log14,Ascend910B3,20,external_v2_k_low_output_deep_aligned,192,128,24576,fp16,0,0,5:384:128:384:128:128:128:9:6:3:1:1:3:3:2:2:2:1:1:1:1:0:3
two_stage_feedback_net_log14,Ascend910B3,20,external_v2_k_low_output_deep_aligned,192,128,24576,fp16,0,0,20:16:32:24576:16:32:640:8:8:1:1:0:8:8:1:1:1:12:2:1:3:0:0
two_stage_feedback_net_log14,Ascend910B3,20,external_v2_k_low_output_deep_aligned,192,128,24576,fp16,0,0,20:32:32:24576:32:16:640:8:8:1:2:0:4:4:1:2:1:6:4:1:1:0:0
two_stage_feedback_net_log14,Ascend910B3,20,external_v2_k_low_output_deep_aligned,192,128,24576,fp16,0,0,18:32:48:24576:32:48:256:8:16:1:1:0:8:8:2:2:1:1:2:6:2:0:0
two_stage_feedback_net_log14,Ascend910B3,20,external_v2_k_low_output_deep_aligned,192,128,24576,fp16,0,0,20:16:32:24576:16:32:640:8:8:1:1:1:8:8:1:1:1:12:2:1:3:1:0
two_stage_feedback_net_log14,Ascend910B3,20,external_v2_k_low_output_deep_aligned,192,128,24576,fp16,0,0,20:48:16:24576:48:16:256:16:16:1:1:1:8:8:2:2:2:4:4:1:2:0:0
two_stage_feedback_net_log14,Ascend910B3,20,external_v2_k_low_output_deep_aligned,192,128,24576,fp16,0,0,20:32:32:24576:32:16:256:16:16:1:2:0:8:8:2:2:1:6:4:1:1:0:0
two_stage_feedback_net_log14,Ascend910B3,20,external_v2_k_low_output_deep_aligned,192,128,24576,fp16,0,0,20:16:48:24576:16:48:384:16:8:1:1:0:8:8:2:1:1:12:2:1:2:0:0
two_stage_feedback_net_log14,Ascend910B3,20,external_v2_k_low_output_deep_aligned,192,128,24576,fp16,0,0,20:32:32:24576:32:32:256:8:8:1:1:0:4:4:2:1:1:6:4:1:1:0:0
two_stage_feedback_net_log14,Ascend910B3,20,external_v2_k_low_output_deep_odd,512,384,12289,fp16,0,0,20:512:384:384:128:128:128:6:9:1:3:0:3:3:2:2:2:1:1:1:1:1:3
two_stage_feedback_net_log14,Ascend910B3,20,external_v2_k_low_output_deep_odd,512,384,12289,fp16,0,0,16:512:384:384:128:128:128:6:9:1:3:0:3:3:2:2:2:1:1:1:1:1:3
two_stage_feedback_net_log14,Ascend910B3,20,external_v2_k_low_output_deep_odd,512,384,12289,fp16,0,0,20:128:80:12289:48:80:320:4:2:2:1:0:1:1:1:1:1:1:3:4:2:0:0
two_stage_feedback_net_log14,Ascend910B3,20,external_v2_k_low_output_deep_odd,512,384,12289,fp16,0,0,20:144:80:12289:144:16:192:4:32:1:4:0:4:4:1:1:1:4:1:1:5:0:0
two_stage_feedback_net_log14,Ascend910B3,20,external_v2_k_low_output_deep_odd,512,384,12289,fp16,0,0,18:96:128:12289:32:32:448:8:4:2:1:0:2:2:2:1:1:1:1:6:3:0:0
two_stage_feedback_net_log14,Ascend910B3,20,external_v2_k_low_output_deep_odd,512,384,12289,fp16,0,0,18:96:128:12289:96:128:256:4:2:1:1:1:2:2:1:1:1:6:1:1:3:0:0
two_stage_feedback_net_log14,Ascend910B3,20,external_v2_k_low_output_deep_odd,512,384,12289,fp16,0,0,20:128:80:12289:128:64:112:8:16:1:1:0:8:8:2:2:2:4:1:1:5:0:0
two_stage_feedback_net_log14,Ascend910B3,20,external_v2_k_low_output_deep_odd,512,384,12289,fp16,0,0,16:144:96:12289:144:96:224:4:4:1:1:0:4:4:1:1:1:1:1:4:4:0:0
two_stage_feedback_net_log14,Ascend910B3,20,external_v2_k_low_output_deep_odd,512,384,12289,fp16,0,0,16:64:192:12289:32:32:512:8:8:1:1:0:8:8:1:1:1:2:1:4:2:0:0
two_stage_feedback_net_log14,Ascend910B3,20,external_v2_k_low_output_deep_odd,512,384,12289,fp16,0,0,18:208:64:12289:208:32:128:8:8:1:2:0:4:4:1:2:1:2:3:2:2:0:0
two_stage_feedback_net_log14,Ascend910B3,20,external_v2_k_low_output_deep_odd,512,384,12289,fp16,0,0,16:64:192:12289:64:64:80:2:3:1:3:1:1:1:1:1:1:2:1:5:2:0:0
two_stage_feedback_net_log14,Ascend910B3,20,external_v2_k_low_output_deep_odd,512,384,12289,fp16,0,0,18:176:64:12289:176:64:80:8:8:1:1:1:8:8:2:1:1:3:1:1:6:0:0
two_stage_feedback_net_log14,Ascend910B3,20,external_v2_k_low_output_deep_odd,512,384,12289,fp16,0,0,20:352:32:12289:352:32:80:8:8:1:1:1:8:8:1:2:1:2:4:1:3:1:0
two_stage_feedback_net_log14,Ascend910B3,20,external_v2_k_low_output_deep_odd,512,384,12289,fp16,0,0,20:256:16:12289:160:16:192:4:2:1:1:1:2:2:1:1:1:1:2:2:14:1:0
two_stage_feedback_net_log14,Ascend910B3,20,external_v2_k_low_output_deep_odd,512,384,12289,fp16,0,0,3:512:128:12289:48:128:48:8:16:1:1:1:8:8:1:1:1:1:3:1:1:0:0
two_stage_feedback_net_log14,Ascend910B3,20,external_v2_k_low_output_deep_odd,512,384,12289,fp16,0,0,4:128:384:12289:128:16:32:4:8:1:1:0:4:4:2:2:2:2:1:3:1:0:0
two_stage_feedback_net_log14,Ascend910B3,20,external_v2_k_low_output_deep_odd,512,384,12289,fp16,0,0,20:16:192:12289:16:16:512:8:8:1:1:1:4:4:2:1:1:7:1:5:2:0:0
two_stage_feedback_net_log14,Ascend910B3,20,external_v2_k_low_output_deep_odd,512,384,12289,fp16,0,0,3:512:160:12289:16:160:32:8:4:1:1:0:4:4:2:2:1:1:1:1:3:0:0
two_stage_feedback_net_log14,Ascend910B3,20,external_v2_k_low_output_deep_odd,512,384,12289,fp16,0,0,2:256:384:12289:256:32:32:16:64:1:4:1:8:8:2:2:1:2:1:1:1:0:0
two_stage_feedback_net_log14,Ascend910B3,20,external_v2_k_low_output_deep_odd,512,384,12289,fp16,0,0,2:256:640:12289:32:640:16:1:1:1:1:1:1:1:2:1:1:2:1:1:1:0:0
two_stage_feedback_net_log14,Ascend910B3,20,external_v2_k_low_output_deep_odd,512,384,12289,fp16,0,0,20:160:16:12289:160:16:16:4:4:1:1:1:2:2:1:2:1:4:1:1:24:1:0
two_stage_feedback_net_log14,Ascend910B3,20,external_v2_k_low_output_deep_odd,512,384,12289,fp16,0,0,20:80:16:128:48:16:64:2:2:1:1:0:2:2:1:2:1:1:5:7:5:2:2
two_stage_feedback_net_log14,Ascend910B3,20,external_v2_k_low_output_deep_odd,512,384,12289,fp16,0,0,3:512:128:16:64:32:16:4:8:4:4:0:1:1:2:2:2:1:3:1:1:1:2
two_stage_feedback_net_log14,Ascend910B3,20,external_v2_k_low_output_deep_odd,512,384,12289,fp16,0,0,3:512:128:64:64:32:16:16:16:4:4:1:4:4:2:2:2:1:3:1:1:0:2
two_stage_feedback_net_log14,Ascend910B3,20,external_v2_skinny_m,47,3584,12288,fp16,0,0,19:48:192:12288:16:48:320:2:8:1:4:0:2:2:2:2:2:1:1:1:19:0:0
two_stage_feedback_net_log14,Ascend910B3,20,external_v2_skinny_m,47,3584,12288,fp16,0,0,14:48:256:2560:16:16:160:48:32:3:2:0:16:16:2:2:2:1:2:1:12:0:2
two_stage_feedback_net_log14,Ascend910B3,20,external_v2_skinny_m,47,3584,12288,fp16,0,0,20:48:176:12288:16:16:160:8:64:1:4:0:8:8:1:2:1:1:1:1:21:0:0
two_stage_feedback_net_log14,Ascend910B3,20,external_v2_skinny_m,47,3584,12288,fp16,0,0,20:32:368:12288:32:48:48:1:2:1:2:1:1:1:2:2:2:1:1:2:10:0:0
two_stage_feedback_net_log14,Ascend910B3,20,external_v2_skinny_m,47,3584,12288,fp16,0,0,20:32:256:12288:32:32:256:16:16:1:1:0:8:8:2:1:1:2:1:1:14:0:0
two_stage_feedback_net_log14,Ascend910B3,20,external_v2_skinny_m,47,3584,12288,fp16,0,0,19:64:192:1920:16:16:320:24:24:4:4:1:6:6:1:1:1:1:2:1:14:1:2
two_stage_feedback_net_log14,Ascend910B3,20,external_v2_skinny_m,47,3584,12288,fp16,0,0,20:16:192:12288:16:16:1024:2:8:1:2:0:2:2:2:2:2:1:2:3:13:2:0
two_stage_feedback_net_log14,Ascend910B3,20,external_v2_skinny_m,47,3584,12288,fp16,0,0,20:16:208:12288:16:16:1024:2:4:1:4:1:1:1:2:2:1:1:1:3:18:1:0
two_stage_feedback_net_log14,Ascend910B3,20,external_v2_skinny_m,47,3584,12288,fp16,0,0,20:64:80:12288:64:16:448:4:16:1:4:0:2:2:1:1:1:1:2:1:36:0:0
two_stage_feedback_net_log14,Ascend910B3,20,external_v2_skinny_m,47,3584,12288,fp16,0,0,20:16:256:12288:16:112:224:2:8:1:2:0:2:2:2:1:1:3:4:1:4:2:0
two_stage_feedback_net_log14,Ascend910B3,20,external_v2_skinny_m,47,3584,12288,fp16,0,0,20:48:80:12288:32:80:128:4:8:1:1:0:4:4:2:2:1:1:2:1:41:0:0
two_stage_feedback_net_log14,Ascend910B3,20,external_v2_skinny_m,47,3584,12288,fp16,0,0,20:16:224:12288:16:16:896:8:4:1:1:1:4:4:2:1:1:2:6:2:3:2:0
two_stage_feedback_net_log14,Ascend910B3,20,external_v2_skinny_m,47,3584,12288,fp16,0,0,20:32:160:12288:32:48:48:16:32:1:2:0:8:8:1:1:1:1:23:2:1:2:0
two_stage_feedback_net_log14,Ascend910B3,20,external_v2_skinny_m,47,3584,12288,fp16,0,0,20:112:80:12288:112:64:96:8:8:1:1:0:4:4:1:2:1:1:8:1:6:1:0
two_stage_feedback_net_log14,Ascend910B3,20,external_v2_skinny_m,47,3584,12288,fp16,0,0,20:80:64:12288:80:64:16:2:1:1:1:1:1:1:1:2:1:1:3:1:19:2:0
two_stage_feedback_net_log14,Ascend910B3,20,external_v2_skinny_m,47,3584,12288,fp16,0,0,20:32:80:12288:32:80:16:2:2:1:1:0:2:2:2:1:1:2:45:1:1:0:0
two_stage_feedback_net_log14,Ascend910B3,20,external_v2_skinny_m,47,3584,12288,fp16,0,0,20:192:48:12288:192:32:160:2:2:1:1:1:2:2:1:1:1:1:15:1:5:1:0
two_stage_feedback_net_log14,Ascend910B3,20,external_v2_skinny_m,47,3584,12288,fp16,0,0,2:64:1792:12288:64:16:16:8:32:1:2:1:8:8:1:2:1:1:2:1:1:0:0
two_stage_feedback_net_log14,Ascend910B3,20,external_v2_skinny_m,47,3584,12288,fp16,0,0,3:256:1200:12288:256:48:16:4:32:1:4:0:4:4:2:2:2:1:1:1:3:0:0
two_stage_feedback_net_log14,Ascend910B3,20,external_v2_skinny_m,47,3584,12288,fp16,0,0,2:368:1792:12288:368:48:32:16:16:1:1:1:8:8:1:2:1:1:2:1:1:0:0
two_stage_feedback_net_log14,Ascend910B3,20,external_v2_skinny_m,47,3584,12288,fp16,0,0,20:256:32:12288:256:32:16:8:8:1:1:1:4:4:2:2:2:1:5:1:26:2:0
two_stage_feedback_net_log14,Ascend910B3,20,external_v2_skinny_m,47,3584,12288,fp16,0,0,1:352:3584:12288:352:32:48:4:2:1:1:0:2:2:1:1:1:1:1:1:1:0:0
two_stage_feedback_net_log14,Ascend910B3,20,external_v2_skinny_m,47,3584,12288,fp16,0,0,1:48:3584:16:48:48:16:1:1:1:1:1:1:1:1:1:1:1:1:1:1:2:2
two_stage_feedback_net_log14,Ascend910B3,20,external_v2_skinny_m,47,3584,12288,fp16,0,0,20:432:48:12288:432:16:16:2:3:1:3:1:1:1:1:1:1:1:5:1:16:0:0
two_stage_feedback_net_log14,Ascend910B3,20,external_v2_skinny_n,3584,73,12288,fp16,0,0,20:288:32:12288:48:32:128:32:16:4:1:0:8:8:2:2:2:1:1:13:3:1:0
two_stage_feedback_net_log14,Ascend910B3,20,external_v2_skinny_n,3584,73,12288,fp16,0,0,14:256:96:64:48:32:64:2:6:2:3:0:1:1:2:2:1:3:1:6:1:1:2
two_stage_feedback_net_log14,Ascend910B3,20,external_v2_skinny_n,3584,73,12288,fp16,0,0,15:240:80:160:16:16:160:4:6:2:3:0:1:1:2:2:2:1:1:15:1:1:2
two_stage_feedback_net_log14,Ascend910B3,20,external_v2_skinny_n,3584,73,12288,fp16,0,0,2:1792:96:256:96:48:32:48:16:3:2:0:8:8:1:2:1:2:1:1:1:1:2
two_stage_feedback_net_log14,Ascend910B3,20,external_v2_skinny_n,3584,73,12288,fp16,0,0,20:128:384:512:48:128:32:32:48:2:3:0:16:16:2:1:1:28:1:1:1:2:2
two_stage_feedback_net_log14,Ascend910B3,20,external_v2_skinny_n,3584,73,12288,fp16,0,0,19:128:384:512:48:128:32:32:48:2:3:1:16:16:2:1:1:28:1:1:1:2:2
two_stage_feedback_net_log14,Ascend910B3,20,external_v2_skinny_n,3584,73,12288,fp16,0,0,20:128:384:512:48:128:32:32:48:2:3:1:16:16:2:1:2:28:1:1:1:2:2
two_stage_feedback_net_log14,Ascend910B3,20,external_v2_skinny_n,3584,73,12288,fp16,0,0,20:128:384:512:48:128:32:32:48:2:3:1:16:16:2:1:1:28:1:1:1:0:2
two_stage_feedback_net_log14,Ascend910B3,20,external_v2_skinny_n,3584,73,12288,fp16,0,0,3:1792:96:256:96:48:32:48:16:3:2:0:8:8:1:2:1:1:1:2:1:1:2
two_stage_feedback_net_log14,Ascend910B3,20,external_v2_skinny_n,3584,73,12288,fp16,0,0,20:1792:96:256:96:48:32:48:16:3:2:0:8:8:1:2:1:1:1:2:1:1:2
two_stage_feedback_net_log14,Ascend910B3,20,external_v2_skinny_n,3584,73,12288,fp16,0,0,20:96:1536:12288:16:1536:16:16:8:4:1:0:4:4:1:1:1:38:1:1:1:0:0
two_stage_feedback_net_log14,Ascend910B3,20,external_v2_skinny_n,3584,73,12288,fp16,0,0,2:3584:48:16:48:16:16:2:6:2:3:1:1:1:2:1:1:1:1:1:2:2:2
two_stage_feedback_net_log14,Ascend910B3,20,external_v2_skinny_n,3584,73,12288,fp16,0,0,20:240:32:12288:16:32:16:1:2:1:1:0:1:1:2:2:2:4:1:4:3:2:0
two_stage_feedback_net_log14,Ascend910B3,20,external_v2_skinny_n,3584,73,12288,fp16,0,0,5:720:80:1232:32:80:16:77:77:1:1:1:77:77:2:1:1:3:1:2:1:0:2
two_stage_feedback_net_log14,Ascend910B3,20,external_v2_skinny_n,3584,73,12288,fp16,0,0,15:240:336:12288:96:336:64:8:8:1:1:0:4:4:2:1:1:8:1:2:1:0:0
two_stage_feedback_net_log14,Ascend910B3,20,external_v2_skinny_n,3584,73,12288,fp16,0,0,4:896:96:12288:16:96:16:4:4:1:1:1:4:4:2:2:1:1:1:4:1:0:0
two_stage_feedback_net_log14,Ascend910B3,20,external_v2_skinny_n,3584,73,12288,fp16,0,0,3:3584:32:12288:48:32:16:16:2:4:1:0:2:2:1:2:1:1:3:1:1:1:0
two_stage_feedback_net_log14,Ascend910B3,20,external_v2_skinny_n,3584,73,12288,fp16,0,0,20:128:656:12288:48:656:16:16:16:1:1:1:8:8:1:2:1:10:1:3:1:0:0
two_stage_feedback_net_log14,Ascend910B3,20,external_v2_skinny_n,3584,73,12288,fp16,0,0,4:896:176:12288:48:176:32:8:4:2:1:1:2:2:1:2:1:1:1:4:1:0:0
two_stage_feedback_net_log14,Ascend910B3,20,external_v2_skinny_n,3584,73,12288,fp16,0,0,8:448:256:32:48:64:16:8:8:4:4:1:2:2:2:2:2:8:1:1:1:0:2
two_stage_feedback_net_log14,Ascend910B3,20,external_v2_skinny_n,3584,73,12288,fp16,0,0,3:1200:272:12288:96:272:48:8:2:4:1:0:1:1:2:2:1:3:1:1:1:0:0
two_stage_feedback_net_log14,Ascend910B3,20,external_v2_skinny_n,3584,73,12288,fp16,0,0,1:3584:192:12288:16:192:32:4:4:2:1:0:2:2:2:2:2:1:1:1:1:0:0
two_stage_feedback_net_log14,Ascend910B3,20,external_v2_skinny_n,3584,73,12288,fp16,0,0,4:896:608:12288:16:608:16:4:2:2:1:1:2:2:2:1:1:1:1:4:1:0:0
two_stage_feedback_net_log14,Ascend910B3,20,external_v2_skinny_n,3584,73,12288,fp16,0,0,1:3584:384:384:128:128:128:6:9:1:3:0:3:3:2:2:2:1:1:1:1:1:3
two_stage_feedback_net_log14,Ascend910B3,20,external_v2_layout_tn,1792,2560,3584,fp16,1,0,15:368:864:3584:64:16:32:2:2:1:1:0:1:1:1:2:1:2:1:4:3:0:0
two_stage_feedback_net_log14,Ascend910B3,20,external_v2_layout_tn,1792,2560,3584,fp16,1,0,10:192:2560:3584:192:16:128:8:8:1:1:1:8:8:1:2:1:4:1:3:1:0:0
two_stage_feedback_net_log14,Ascend910B3,20,external_v2_layout_tn,1792,2560,3584,fp16,1,0,9:1792:384:384:128:128:128:6:9:1:3:0:3:3:2:2:2:1:1:1:7:2:3
two_stage_feedback_net_log14,Ascend910B3,20,external_v2_layout_tn,1792,2560,3584,fp16,1,0,9:1792:384:384:128:128:128:6:9:1:3:0:3:3:2:2:1:1:1:1:7:1:3
two_stage_feedback_net_log14,Ascend910B3,20,external_v2_layout_tn,1792,2560,3584,fp16,1,0,10:1792:384:384:128:128:128:6:9:1:3:0:3:3:2:2:2:1:1:1:7:0:3
two_stage_feedback_net_log14,Ascend910B3,20,external_v2_layout_tn,1792,2560,3584,fp16,1,0,10:1792:384:384:128:128:128:6:9:1:3:0:3:3:2:2:1:1:1:1:7:2:3
two_stage_feedback_net_log14,Ascend910B3,20,external_v2_layout_tn,1792,2560,3584,fp16,1,0,20:224:144:16:80:48:16:2:3:2:3:0:1:1:2:1:1:3:6:3:3:2:2
two_stage_feedback_net_log14,Ascend910B3,20,external_v2_layout_tn,1792,2560,3584,fp16,1,0,20:192:160:48:64:64:48:3:2:3:2:1:1:1:1:2:1:2:2:7:8:2:2
two_stage_feedback_net_log14,Ascend910B3,20,external_v2_layout_tn,1792,2560,3584,fp16,1,0,10:1792:384:384:128:128:128:6:9:1:3:0:3:3:2:2:2:1:3:1:3:1:3
two_stage_feedback_net_log14,Ascend910B3,20,external_v2_layout_tn,1792,2560,3584,fp16,1,0,8:1792:384:384:128:128:128:6:9:1:3:0:3:3:2:2:2:1:1:1:7:1:3
two_stage_feedback_net_log14,Ascend910B3,20,external_v2_layout_tn,1792,2560,3584,fp16,1,0,20:1792:128:96:48:32:16:12:12:1:1:0:6:6:2:2:2:1:2:1:13:2:2
two_stage_feedback_net_log14,Ascend910B3,20,external_v2_layout_tn,1792,2560,3584,fp16,1,0,20:176:240:64:48:80:64:2:3:2:3:0:1:1:1:1:1:6:4:2:3:1:2
two_stage_feedback_net_log14,Ascend910B3,20,external_v2_layout_tn,1792,2560,3584,fp16,1,0,20:192:864:16:96:48:16:2:3:2:3:0:1:1:1:2:1:1:3:10:1:1:2
two_stage_feedback_net_log14,Ascend910B3,20,external_v2_layout_tn,1792,2560,3584,fp16,1,0,20:448:64:16:128:16:16:2:3:2:3:0:1:1:1:1:1:1:8:4:5:1:2
two_stage_feedback_net_log14,Ascend910B3,20,external_v2_layout_tn,1792,2560,3584,fp16,1,0,20:224:144:48:80:48:16:12:18:2:3:0:3:3:2:1:1:4:5:2:4:1:2
two_stage_feedback_net_log14,Ascend910B3,20,external_v2_layout_tn,1792,2560,3584,fp16,1,0,20:224:144:96:80:48:16:24:18:2:3:1:6:6:2:1:1:4:5:2:4:0:2
two_stage_feedback_net_log14,Ascend910B3,20,external_v2_layout_tn,1792,2560,3584,fp16,1,0,20:224:144:128:80:48:16:16:24:2:3:1:8:8:2:1:1:3:6:3:3:2:2
two_stage_feedback_net_log14,Ascend910B3,20,external_v2_layout_tn,1792,2560,3584,fp16,1,0,20:896:240:16:80:48:16:4:8:4:4:0:1:1:2:2:1:2:2:1:10:0:2
two_stage_feedback_net_log14,Ascend910B3,20,external_v2_layout_tn,1792,2560,3584,fp16,1,0,20:192:160:96:64:64:48:12:8:3:2:0:2:2:1:2:1:2:2:8:10:1:2
two_stage_feedback_net_log14,Ascend910B3,20,external_v2_layout_tn,1792,2560,3584,fp16,1,0,20:192:160:96:64:64:48:12:4:3:2:0:2:2:1:2:1:2:2:8:10:0:2
two_stage_feedback_net_log14,Ascend910B3,20,external_v2_layout_tn,1792,2560,3584,fp16,1,0,20:176:240:128:48:80:64:8:6:2:3:1:2:2:1:1:1:6:4:2:3:2:2
two_stage_feedback_net_log14,Ascend910B3,20,external_v2_layout_tn,1792,2560,3584,fp16,1,0,20:368:368:16:48:64:16:8:4:4:4:0:1:1:2:2:2:3:3:2:3:1:2
two_stage_feedback_net_log14,Ascend910B3,20,external_v2_layout_tn,1792,2560,3584,fp16,1,0,20:224:144:128:80:48:16:16:48:2:3:1:8:8:2:1:1:4:5:2:4:0:2
two_stage_feedback_net_log14,Ascend910B3,20,external_v2_layout_tn,1792,2560,3584,fp16,1,0,20:224:144:128:80:48:16:32:24:2:3:1:8:8:2:1:1:4:5:2:4:0:2
two_stage_feedback_net_log14,Ascend910B3,20,external_v2_layout_nt,1664,2432,3328,fp16,0,1,16:1664:160:3328:16:160:16:8:8:1:1:0:4:4:2:2:1:1:2:1:15:2:0
two_stage_feedback_net_log14,Ascend910B3,20,external_v2_layout_nt,1664,2432,3328,fp16,0,1,19:1664:128:3328:16:16:448:4:8:1:2:0:4:4:2:2:1:1:19:1:1:1:0
two_stage_feedback_net_log14,Ascend910B3,20,external_v2_layout_nt,1664,2432,3328,fp16,0,1,8:1664:384:384:128:128:128:6:9:1:3:0:3:3:2:2:2:1:1:1:7:1:3
two_stage_feedback_net_log14,Ascend910B3,20,external_v2_layout_nt,1664,2432,3328,fp16,0,1,1:1664:384:384:128:128:128:6:9:1:3:0:3:3:2:2:2:1:1:1:7:1:3
two_stage_feedback_net_log14,Ascend910B3,20,external_v2_layout_nt,1664,2432,3328,fp16,0,1,9:1664:384:384:128:128:128:6:9:1:3:0:3:3:2:2:2:1:1:1:7:0:3
two_stage_feedback_net_log14,Ascend910B3,20,external_v2_layout_nt,1664,2432,3328,fp16,0,1,9:1664:384:384:128:128:128:6:9:1:3:0:3:3:2:2:1:1:1:1:7:2:3
two_stage_feedback_net_log14,Ascend910B3,20,external_v2_layout_nt,1664,2432,3328,fp16,0,1,2:1664:384:384:128:128:128:6:9:1:3:0:3:3:2:2:2:1:1:1:7:1:3
two_stage_feedback_net_log14,Ascend910B3,20,external_v2_layout_nt,1664,2432,3328,fp16,0,1,4:1664:384:384:128:128:128:6:9:1:3:0:3:3:2:2:2:1:1:1:7:1:3
two_stage_feedback_net_log14,Ascend910B3,20,external_v2_layout_nt,1664,2432,3328,fp16,0,1,2:384:2432:384:128:128:128:9:6:3:1:1:3:3:2:2:2:1:1:5:1:0:3
two_stage_feedback_net_log14,Ascend910B3,20,external_v2_layout_nt,1664,2432,3328,fp16,0,1,20:320:272:128:80:48:16:64:64:4:4:1:8:8:2:2:1:6:9:1:1:0:2
two_stage_feedback_net_log14,Ascend910B3,20,external_v2_layout_nt,1664,2432,3328,fp16,0,1,20:112:240:64:48:80:64:4:6:2:3:0:1:1:1:1:1:15:11:1:1:0:2
two_stage_feedback_net_log14,Ascend910B3,20,external_v2_layout_nt,1664,2432,3328,fp16,0,1,20:320:272:128:80:48:16:64:32:4:4:1:8:8:2:2:1:6:2:1:8:2:2
two_stage_feedback_net_log14,Ascend910B3,20,external_v2_layout_nt,1664,2432,3328,fp16,0,1,20:176:192:32:80:64:16:8:12:2:3:1:2:2:1:2:1:2:2:7:8:2:2
two_stage_feedback_net_log14,Ascend910B3,20,external_v2_layout_nt,1664,2432,3328,fp16,0,1,20:176:192:96:80:64:16:24:36:2:3:1:6:6:1:2:1:2:2:7:8:2:2
two_stage_feedback_net_log14,Ascend910B3,20,external_v2_layout_nt,1664,2432,3328,fp16,0,1,20:256:112:96:64:16:16:48:48:4:4:1:6:6:1:2:1:1:1:7:22:0:2
two_stage_feedback_net_log14,Ascend910B3,20,external_v2_layout_nt,1664,2432,3328,fp16,0,1,20:256:112:96:64:16:16:24:48:4:4:1:6:6:1:2:1:7:22:1:1:2:2
two_stage_feedback_net_log14,Ascend910B3,20,external_v2_layout_nt,1664,2432,3328,fp16,0,1,20:192:608:64:48:32:32:8:8:4:4:1:2:2:1:2:1:5:2:2:3:1:2
two_stage_feedback_net_log14,Ascend910B3,20,external_v2_layout_nt,1664,2432,3328,fp16,0,1,20:256:112:96:64:16:16:48:24:4:4:1:6:6:1:2:1:7:22:1:1:2:2
two_stage_feedback_net_log14,Ascend910B3,20,external_v2_layout_nt,1664,2432,3328,fp16,0,1,20:176:192:128:80:64:16:16:24:2:3:1:8:8:1:2:1:2:2:7:8:0:2
two_stage_feedback_net_log14,Ascend910B3,20,external_v2_layout_nt,1664,2432,3328,fp16,0,1,20:176:192:96:80:64:16:12:36:2:3:1:6:6:1:2:1:2:2:7:8:1:2
two_stage_feedback_net_log14,Ascend910B3,20,external_v2_layout_nt,1664,2432,3328,fp16,0,1,20:192:608:96:48:32:32:24:12:4:4:0:3:3:1:2:1:5:2:2:3:2:2
two_stage_feedback_net_log14,Ascend910B3,20,external_v2_layout_nt,1664,2432,3328,fp16,0,1,20:240:112:32:192:16:16:2:4:1:1:0:2:2:1:1:1:1:5:7:5:2:2
two_stage_feedback_net_log14,Ascend910B3,20,external_v2_layout_nt,1664,2432,3328,fp16,0,1,4:384:2432:384:128:128:128:9:6:3:1:1:3:3:2:2:2:1:1:5:1:0:3
two_stage_feedback_net_log14,Ascend910B3,20,external_v2_layout_nt,1664,2432,3328,fp16,0,1,20:112:240:128:48:80:64:4:6:2:3:1:2:2:1:1:1:15:2:1:10:1:2
two_stage_feedback_net_log14,Ascend910B3,20,external_v2_layout_tt,1280,1920,2560,fp16,1,1,20:640:192:1280:16:32:160:32:32:4:4:1:8:8:2:1:1:1:10:2:1:0:2
two_stage_feedback_net_log14,Ascend910B3,20,external_v2_layout_tt,1280,1920,2560,fp16,1,1,20:256:480:2560:48:80:256:4:8:1:2:1:2:2:2:1:1:5:1:1:4:0:0
two_stage_feedback_net_log14,Ascend910B3,20,external_v2_layout_tt,1280,1920,2560,fp16,1,1,14:192:960:2560:48:48:48:16:64:2:4:1:8:8:1:1:1:4:1:2:2:0:0
two_stage_feedback_net_log14,Ascend910B3,20,external_v2_layout_tt,1280,1920,2560,fp16,1,1,18:432:320:2560:80:48:48:16:8:4:2:1:4:4:1:2:1:1:2:3:3:0:0
two_stage_feedback_net_log14,Ascend910B3,20,external_v2_layout_tt,1280,1920,2560,fp16,1,1,20:256:480:2560:16:16:256:8:16:2:2:1:4:4:1:1:1:2:1:4:4:0:0
two_stage_feedback_net_log14,Ascend910B3,20,external_v2_layout_tt,1280,1920,2560,fp16,1,1,18:432:320:2560:16:16:80:16:8:4:2:0:4:4:2:2:2:1:6:3:1:0:0
two_stage_feedback_net_log14,Ascend910B3,20,external_v2_layout_tt,1280,1920,2560,fp16,1,1,20:320:384:2560:48:48:16:8:32:1:4:0:8:8:1:2:1:1:5:4:1:0:0
two_stage_feedback_net_log14,Ascend910B3,20,external_v2_layout_tt,1280,1920,2560,fp16,1,1,10:1280:192:2560:16:192:80:32:8:2:1:1:8:8:2:1:1:1:2:1:8:0:0
two_stage_feedback_net_log14,Ascend910B3,20,external_v2_layout_tt,1280,1920,2560,fp16,1,1,16:320:480:2560:16:16:128:8:8:1:2:0:4:4:2:2:2:4:1:1:4:0:0
two_stage_feedback_net_log14,Ascend910B3,20,external_v2_layout_tt,1280,1920,2560,fp16,1,1,14:192:960:2560:16:128:32:8:32:2:4:1:4:4:2:2:2:4:1:2:2:0:0
two_stage_feedback_net_log14,Ascend910B3,20,external_v2_layout_tt,1280,1920,2560,fp16,1,1,20:256:480:2560:48:48:16:8:32:1:4:1:4:4:2:1:1:1:2:5:2:0:0
two_stage_feedback_net_log14,Ascend910B3,20,external_v2_layout_tt,1280,1920,2560,fp16,1,1,14:192:960:2560:80:160:96:4:8:1:2:1:2:2:2:1:1:4:1:2:2:0:0
two_stage_feedback_net_log14,Ascend910B3,20,external_v2_layout_tt,1280,1920,2560,fp16,1,1,4:1280:576:2560:32:576:16:4:4:1:1:0:4:4:1:2:1:1:1:1:4:0:0
two_stage_feedback_net_log14,Ascend910B3,20,external_v2_layout_tt,1280,1920,2560,fp16,1,1,20:640:64:2560:576:48:16:16:16:1:1:1:8:8:1:1:1:1:1:2:30:1:0
two_stage_feedback_net_log14,Ascend910B3,20,external_v2_layout_tt,1280,1920,2560,fp16,1,1,20:432:64:2560:16:16:16:4:4:2:2:1:1:1:2:2:2:3:1:1:30:2:0
two_stage_feedback_net_log14,Ascend910B3,20,external_v2_layout_tt,1280,1920,2560,fp16,1,1,20:256:64:2560:80:48:160:16:4:2:1:0:4:4:1:2:1:1:2:5:23:1:0
two_stage_feedback_net_log14,Ascend910B3,20,external_v2_layout_tt,1280,1920,2560,fp16,1,1,20:80:192:2560:16:32:448:12:6:2:1:1:6:6:2:2:2:16:5:1:2:2:0
two_stage_feedback_net_log14,Ascend910B3,20,external_v2_layout_tt,1280,1920,2560,fp16,1,1,20:32:960:2560:16:16:1024:6:6:1:2:1:3:3:1:2:1:1:1:40:2:1:0
two_stage_feedback_net_log14,Ascend910B3,20,external_v2_layout_tt,1280,1920,2560,fp16,1,1,20:96:160:2560:16:160:32:2:2:1:1:0:1:1:2:1:1:1:2:14:7:1:0
two_stage_feedback_net_log14,Ascend910B3,20,external_v2_layout_tt,1280,1920,2560,fp16,1,1,20:96:176:2560:48:128:256:4:2:2:1:0:1:1:2:1:1:2:1:9:11:2:0
two_stage_feedback_net_log14,Ascend910B3,20,external_v2_layout_tt,1280,1920,2560,fp16,1,1,20:640:32:1024:48:32:64:32:32:1:1:0:16:16:2:2:1:1:4:2:19:2:2
two_stage_feedback_net_log14,Ascend910B3,20,external_v2_layout_tt,1280,1920,2560,fp16,1,1,20:320:48:2560:32:16:1024:1:1:1:1:1:1:1:1:2:1:4:20:1:2:2:0
two_stage_feedback_net_log14,Ascend910B3,20,external_v2_layout_tt,1280,1920,2560,fp16,1,1,14:192:960:16:192:16:16:1:1:1:1:1:1:1:1:1:1:1:1:7:2:2:2
two_stage_feedback_net_log14,Ascend910B3,20,external_v2_layout_tt,1280,1920,2560,fp16,1,1,2:1280:384:384:128:128:128:6:9:1:3:0:3:3:2:2:2:1:1:1:5:1:3
two_stage_feedback_net_log14,Ascend910B3,20,external_v2_bf16_aligned,2560,3584,5120,bf16,0,0,14:368:1792:5120:16:272:16:8:32:1:4:0:4:4:2:2:2:1:1:7:2:0:0
two_stage_feedback_net_log14,Ascend910B3,20,external_v2_bf16_aligned,2560,3584,5120,bf16,0,0,11:2560:336:5120:32:336:32:4:4:1:1:1:4:4:2:2:2:1:11:1:1:0:0
two_stage_feedback_net_log14,Ascend910B3,20,external_v2_bf16_aligned,2560,3584,5120,bf16,0,0,11:240:3584:5120:48:192:48:4:4:2:2:0:1:1:2:2:2:6:1:2:1:0:0
two_stage_feedback_net_log14,Ascend910B3,20,external_v2_bf16_aligned,2560,3584,5120,bf16,0,0,11:240:3584:5120:16:48:32:32:64:4:4:0:8:8:2:2:2:11:1:1:1:0:0
two_stage_feedback_net_log14,Ascend910B3,20,external_v2_bf16_aligned,2560,3584,5120,bf16,0,0,10:2560:384:5120:32:384:16:4:1:4:1:0:1:1:2:2:2:1:5:1:2:0:0
two_stage_feedback_net_log14,Ascend910B3,20,external_v2_bf16_aligned,2560,3584,5120,bf16,0,0,12:224:3584:5120:16:384:16:1:4:1:2:0:1:1:2:2:1:6:1:2:1:0:0
two_stage_feedback_net_log14,Ascend910B3,20,external_v2_bf16_aligned,2560,3584,5120,bf16,0,0,10:256:3584:5120:48:16:112:1:2:1:1:1:1:1:2:2:2:1:1:10:1:0:0
two_stage_feedback_net_log14,Ascend910B3,20,external_v2_bf16_aligned,2560,3584,5120,bf16,0,0,12:224:3584:5120:32:384:16:8:16:4:4:0:2:2:2:2:1:1:1:12:1:0:0
two_stage_feedback_net_log14,Ascend910B3,20,external_v2_bf16_aligned,2560,3584,5120,bf16,0,0,20:1280:368:5120:32:96:16:4:1:4:1:0:1:1:2:2:1:1:5:2:2:0:0
two_stage_feedback_net_log14,Ascend910B3,20,external_v2_bf16_aligned,2560,3584,5120,bf16,0,0,10:256:3584:5120:16:48:96:2:2:1:1:0:1:1:2:2:1:1:1:10:1:0:0
two_stage_feedback_net_log14,Ascend910B3,20,external_v2_bf16_aligned,2560,3584,5120,bf16,0,0,11:240:3584:5120:16:48:96:2:2:1:1:1:2:2:2:2:2:6:1:2:1:0:0
two_stage_feedback_net_log14,Ascend910B3,20,external_v2_bf16_aligned,2560,3584,5120,bf16,0,0,14:192:3584:5120:16:48:112:4:1:2:1:1:1:1:2:2:2:1:1:14:1:0:0
two_stage_feedback_net_log14,Ascend910B3,20,external_v2_bf16_aligned,2560,3584,5120,bf16,0,0,8:640:1792:5120:640:16:16:4:8:1:2:0:4:4:1:1:1:4:1:1:2:0:0
two_stage_feedback_net_log14,Ascend910B3,20,external_v2_bf16_aligned,2560,3584,5120,bf16,0,0,11:240:3584:5120:16:64:320:1:2:1:2:0:1:1:2:1:1:6:1:2:1:0:0
two_stage_feedback_net_log14,Ascend910B3,20,external_v2_bf16_aligned,2560,3584,5120,bf16,0,0,18:432:1200:5120:32:32:16:64:32:4:4:0:8:8:2:2:2:3:1:2:3:1:0
two_stage_feedback_net_log14,Ascend910B3,20,external_v2_bf16_aligned,2560,3584,5120,bf16,0,0,11:2560:352:5120:48:352:16:16:8:2:1:1:4:4:2:1:1:1:3:1:4:2:0
two_stage_feedback_net_log14,Ascend910B3,20,external_v2_bf16_aligned,2560,3584,5120,bf16,0,0,13:208:3584:5120:208:32:48:8:32:1:4:1:4:4:2:2:2:1:1:13:1:0:0
two_stage_feedback_net_log14,Ascend910B3,20,external_v2_bf16_aligned,2560,3584,5120,bf16,0,0,13:208:3584:5120:80:272:16:2:2:1:2:0:1:1:1:2:1:13:1:1:1:0:0
two_stage_feedback_net_log14,Ascend910B3,20,external_v2_bf16_aligned,2560,3584,5120,bf16,0,0,14:368:1792:5120:32:16:64:8:1:4:1:1:1:1:1:2:1:1:1:7:2:0:0
two_stage_feedback_net_log14,Ascend910B3,20,external_v2_bf16_aligned,2560,3584,5120,bf16,0,0,20:1280:336:5120:16:64:48:16:8:1:1:1:8:8:2:1:1:2:3:1:4:1:0
two_stage_feedback_net_log14,Ascend910B3,20,external_v2_bf16_aligned,2560,3584,5120,bf16,0,0,16:160:3584:5120:160:16:16:4:4:1:2:0:2:2:2:1:1:8:1:2:1:0:0
two_stage_feedback_net_log14,Ascend910B3,20,external_v2_bf16_aligned,2560,3584,5120,bf16,0,0,20:640:608:5120:16:80:128:2:1:2:1:0:1:1:1:1:1:1:2:4:3:0:0
two_stage_feedback_net_log14,Ascend910B3,20,external_v2_bf16_aligned,2560,3584,5120,bf16,0,0,20:2560:112:5120:16:112:16:8:8:1:1:0:4:4:2:1:1:1:6:1:6:2:0
two_stage_feedback_net_log14,Ascend910B3,20,external_v2_bf16_aligned,2560,3584,5120,bf16,0,0,11:240:3584:5120:208:80:48:8:32:1:2:0:8:8:2:1:1:6:1:2:1:0:0
two_stage_feedback_net_log14,Ascend910B3,20,external_v2_bf16_odd,1023,1537,3073,bf16,0,0,14:512:224:3073:128:224:112:8:2:4:1:1:1:1:1:1:1:2:1:1:7:0:0
two_stage_feedback_net_log14,Ascend910B3,20,external_v2_bf16_odd,1023,1537,3073,bf16,0,0,20:256:320:3073:48:48:16:16:64:2:4:1:8:8:2:1:1:1:3:4:2:0:0
two_stage_feedback_net_log14,Ascend910B3,20,external_v2_bf16_odd,1023,1537,3073,bf16,0,0,12:256:528:3073:256:80:96:4:16:1:4:0:4:4:1:1:1:1:3:4:1:0:0
two_stage_feedback_net_log14,Ascend910B3,20,external_v2_bf16_odd,1023,1537,3073,bf16,0,0,14:160:784:3073:16:320:64:4:8:1:1:1:4:4:2:1:1:7:2:1:1:0:0
two_stage_feedback_net_log14,Ascend910B3,20,external_v2_bf16_odd,1023,1537,3073,bf16,0,0,14:512:224:3073:128:224:96:2:1:2:1:1:1:1:2:1:1:2:1:1:7:0:0
two_stage_feedback_net_log14,Ascend910B3,20,external_v2_bf16_odd,1023,1537,3073,bf16,0,0,12:288:528:3073:288:48:80:8:8:1:1:0:8:8:1:1:1:4:3:1:1:0:0
two_stage_feedback_net_log14,Ascend910B3,20,external_v2_bf16_odd,1023,1537,3073,bf16,0,0,16:128:784:3073:32:32:48:32:8:4:1:0:8:8:2:1:1:8:1:1:2:0:0
two_stage_feedback_net_log14,Ascend910B3,20,external_v2_bf16_odd,1023,1537,3073,bf16,0,0,14:160:784:3073:64:96:256:1:4:1:2:1:1:1:1:1:1:7:2:1:1:0:0
two_stage_feedback_net_log14,Ascend910B3,20,external_v2_bf16_odd,1023,1537,3073,bf16,0,0,14:160:784:3073:64:32:224:4:2:2:1:1:2:2:2:2:1:7:2:1:1:0:0
two_stage_feedback_net_log14,Ascend910B3,20,external_v2_bf16_odd,1023,1537,3073,bf16,0,0,14:160:784:3073:112:112:80:4:16:1:4:1:2:2:1:2:1:4:1:2:2:0:0
two_stage_feedback_net_log14,Ascend910B3,20,external_v2_bf16_odd,1023,1537,3073,bf16,0,0,12:256:528:3073:256:48:112:4:4:1:1:0:2:2:1:1:1:2:1:2:3:0:0
two_stage_feedback_net_log14,Ascend910B3,20,external_v2_bf16_odd,1023,1537,3073,bf16,0,0,14:160:784:3073:16:48:448:4:2:2:1:0:2:2:1:1:1:7:1:1:2:0:0
two_stage_feedback_net_log14,Ascend910B3,20,external_v2_bf16_odd,1023,1537,3073,bf16,0,0,20:864:64:3073:864:32:16:8:16:1:1:0:8:8:1:2:1:2:2:1:22:0:0
two_stage_feedback_net_log14,Ascend910B3,20,external_v2_bf16_odd,1023,1537,3073,bf16,0,0,20:1024:16:3073:16:16:768:1:1:1:1:1:1:1:2:1:1:1:5:1:20:2:0
two_stage_feedback_net_log14,Ascend910B3,20,external_v2_bf16_odd,1023,1537,3073,bf16,0,0,20:1024:16:3073:16:16:1024:8:4:2:1:1:4:4:2:2:1:1:4:1:29:0:0
two_stage_feedback_net_log14,Ascend910B3,20,external_v2_bf16_odd,1023,1537,3073,bf16,0,0,20:32:320:3073:32:16:16:2:4:1:2:0:1:1:1:2:1:32:1:1:5:2:0
two_stage_feedback_net_log14,Ascend910B3,20,external_v2_bf16_odd,1023,1537,3073,bf16,0,0,20:352:32:3073:192:32:80:4:8:1:1:0:4:4:2:2:2:1:5:3:10:1:0
two_stage_feedback_net_log14,Ascend910B3,20,external_v2_bf16_odd,1023,1537,3073,bf16,0,0,20:32:400:3073:32:32:1024:4:4:1:1:0:2:2:1:1:1:32:1:1:4:2:0
two_stage_feedback_net_log14,Ascend910B3,20,external_v2_bf16_odd,1023,1537,3073,bf16,0,0,1:1024:384:384:128:128:128:6:9:1:3:0:3:3:2:2:2:1:1:1:5:1:3
two_stage_feedback_net_log14,Ascend910B3,20,external_v2_bf16_odd,1023,1537,3073,bf16,0,0,20:64:176:3073:64:176:16:4:4:1:1:1:2:2:1:2:1:1:1:16:9:1:0
two_stage_feedback_net_log14,Ascend910B3,20,external_v2_bf16_odd,1023,1537,3073,bf16,0,0,20:352:32:3073:32:32:224:2:2:1:1:1:2:2:2:2:2:3:49:1:1:2:0
two_stage_feedback_net_log14,Ascend910B3,20,external_v2_bf16_odd,1023,1537,3073,bf16,0,0,5:1024:384:32:64:96:32:8:4:4:4:0:1:1:2:2:1:1:5:1:1:1:2
two_stage_feedback_net_log14,Ascend910B3,20,external_v2_bf16_odd,1023,1537,3073,bf16,0,0,20:208:48:16:80:48:16:1:1:1:1:1:1:1:1:1:1:1:2:5:17:2:2
two_stage_feedback_net_log14,Ascend910B3,20,external_v2_bf16_odd,1023,1537,3073,bf16,0,0,18:176:528:16:32:32:16:1:1:1:1:1:1:1:2:2:2:2:1:3:3:0:2
two_stage_feedback_net_log14,Ascend910B3,20,external_v2_fp32_nn,768,1280,1536,fp32,0,0,18:384:144:1536:96:48:16:16:4:4:1:1:2:2:2:2:1:1:9:2:1:1:0
two_stage_feedback_net_log14,Ascend910B3,20,external_v2_fp32_nn,768,1280,1536,fp32,0,0,3:336:1280:1536:336:16:16:16:8:1:1:0:8:8:1:1:1:2:1:2:1:1:0
two_stage_feedback_net_log14,Ascend910B3,20,external_v2_fp32_nn,768,1280,1536,fp32,0,0,3:336:1280:1536:336:16:16:16:8:1:1:0:8:8:1:1:2:2:1:2:1:0:0
two_stage_feedback_net_log14,Ascend910B3,20,external_v2_fp32_nn,768,1280,1536,fp32,0,0,3:336:1280:1536:336:16:16:16:8:1:1:0:8:8:1:1:1:1:1:3:1:0:0
two_stage_feedback_net_log14,Ascend910B3,20,external_v2_fp32_nn,768,1280,1536,fp32,0,0,20:32:192:512:32:96:32:32:32:1:1:0:16:16:2:1:2:1:1:24:7:0:2
two_stage_feedback_net_log14,Ascend910B3,20,external_v2_fp32_nn,768,1280,1536,fp32,0,0,20:32:192:512:32:96:32:32:32:1:1:1:16:16:2:1:1:1:1:24:7:0:2
two_stage_feedback_net_log14,Ascend910B3,20,external_v2_fp32_nn,768,1280,1536,fp32,0,0,4:384:1280:192:128:128:64:9:6:3:1:1:3:3:2:2:2:2:1:1:1:0:3
two_stage_feedback_net_log14,Ascend910B3,20,external_v2_fp32_nn,768,1280,1536,fp32,0,0,4:384:1280:192:128:128:64:9:6:3:1:1:3:3:2:2:1:1:1:2:1:0:3
two_stage_feedback_net_log14,Ascend910B3,20,external_v2_fp32_nn,768,1280,1536,fp32,0,0,4:384:1280:192:128:128:64:9:6:3:1:1:3:3:2:2:2:1:1:2:1:1:3
two_stage_feedback_net_log14,Ascend910B3,20,external_v2_fp32_nn,768,1280,1536,fp32,0,0,20:768:64:1536:16:16:128:1:2:1:2:1:1:1:2:1:1:1:20:1:1:0:0
two_stage_feedback_net_log14,Ascend910B3,20,external_v2_fp32_nn,768,1280,1536,fp32,0,0,20:256:112:1536:16:16:768:4:1:4:1:1:1:1:1:1:1:3:2:1:6:0:0
two_stage_feedback_net_log14,Ascend910B3,20,external_v2_fp32_nn,768,1280,1536,fp32,0,0,20:192:256:1536:32:32:256:8:8:2:2:0:2:2:1:1:1:1:1:4:5:0:0
two_stage_feedback_net_log14,Ascend910B3,20,external_v2_fp32_nn,768,1280,1536,fp32,0,0,8:384:336:1536:16:336:16:8:16:1:1:1:8:8:1:2:1:1:2:2:2:0:0
two_stage_feedback_net_log14,Ascend910B3,20,external_v2_fp32_nn,768,1280,1536,fp32,0,0,20:160:64:1536:32:64:128:16:8:1:1:1:8:8:2:2:2:5:3:1:7:0:0
two_stage_feedback_net_log14,Ascend910B3,20,external_v2_fp32_nn,768,1280,1536,fp32,0,0,4:768:320:1536:16:320:32:1:2:1:1:0:1:1:1:1:1:1:1:1:4:0:0
two_stage_feedback_net_log14,Ascend910B3,20,external_v2_fp32_nn,768,1280,1536,fp32,0,0,20:384:16:1536:16:16:512:4:4:2:1:1:2:2:2:1:1:1:14:2:6:2:0
two_stage_feedback_net_log14,Ascend910B3,20,external_v2_fp32_nn,768,1280,1536,fp32,0,0,12:64:1280:1536:16:16:160:8:1:4:1:0:1:1:2:2:2:6:1:2:1:0:0
two_stage_feedback_net_log14,Ascend910B3,20,external_v2_fp32_nn,768,1280,1536,fp32,0,0,3:768:448:1536:64:448:32:8:8:1:1:0:4:4:2:1:1:1:1:1:3:0:0
two_stage_feedback_net_log14,Ascend910B3,20,external_v2_fp32_nn,768,1280,1536,fp32,0,0,6:144:1280:1536:144:16:48:16:16:1:1:0:8:8:2:2:2:3:1:2:1:0:0
two_stage_feedback_net_log14,Ascend910B3,20,external_v2_fp32_nn,768,1280,1536,fp32,0,0,20:768:16:1536:496:16:16:8:16:1:1:0:8:8:2:2:2:1:27:1:3:0:0
two_stage_feedback_net_log14,Ascend910B3,20,external_v2_fp32_nn,768,1280,1536,fp32,0,0,4:512:640:1536:512:16:32:2:2:1:1:1:2:2:1:2:1:1:2:2:1:0:0
two_stage_feedback_net_log14,Ascend910B3,20,external_v2_fp32_nn,768,1280,1536,fp32,0,0,20:32:192:1536:16:48:48:16:32:1:2:1:8:8:2:1:1:24:2:1:5:1:0
two_stage_feedback_net_log14,Ascend910B3,20,external_v2_fp32_nn,768,1280,1536,fp32,0,0,20:384:16:1536:384:16:16:1:1:1:1:1:1:1:1:1:1:1:40:2:2:0:0
two_stage_feedback_net_log14,Ascend910B3,20,external_v2_fp32_nn,768,1280,1536,fp32,0,0,4:192:1280:128:192:16:16:8:8:1:1:0:8:8:1:2:1:2:1:3:1:0:2
two_stage_feedback_net_log14,Ascend910B3,20,external_v2_fp32_nt,32,352,5120,fp32,0,1,16:16:48:5120:16:16:96:8:12:1:3:0:4:4:2:1:1:1:1:2:8:1:0
two_stage_feedback_net_log14,Ascend910B3,20,external_v2_fp32_nt,32,352,5120,fp32,0,1,16:16:48:5120:16:16:256:8:8:1:2:0:4:4:1:2:1:1:4:2:2:1:0
two_stage_feedback_net_log14,Ascend910B3,20,external_v2_fp32_nt,32,352,5120,fp32,0,1,16:16:48:5120:16:16:256:8:8:1:2:0:4:4:1:2:2:1:4:2:2:0:0
two_stage_feedback_net_log14,Ascend910B3,20,external_v2_fp32_nt,32,352,5120,fp32,0,1,16:16:48:5120:16:16:256:8:8:1:2:0:4:4:1:2:1:1:2:2:4:0:0
two_stage_feedback_net_log14,Ascend910B3,20,external_v2_fp32_nt,32,352,5120,fp32,0,1,6:112:64:5120:112:64:128:4:8:1:1:0:4:4:1:1:1:1:6:1:1:0:0
two_stage_feedback_net_log14,Ascend910B3,20,external_v2_fp32_nt,32,352,5120,fp32,0,1,6:112:64:5120:112:64:128:4:8:1:1:1:4:4:1:1:1:1:6:1:1:1:0
two_stage_feedback_net_log14,Ascend910B3,20,external_v2_fp32_nt,32,352,5120,fp32,0,1,10:16:80:240:16:16:80:6:6:1:1:1:3:3:1:2:2:1:5:2:1:0:2
two_stage_feedback_net_log14,Ascend910B3,20,external_v2_fp32_nt,32,352,5120,fp32,0,1,6:64:64:480:16:16:160:24:24:4:4:0:3:3:1:1:2:1:1:1:6:0:2
two_stage_feedback_net_log14,Ascend910B3,20,external_v2_fp32_nt,32,352,5120,fp32,0,1,20:48:16:1536:48:16:8:192:384:1:1:1:192:192:2:2:2:1:1:1:22:2:2
two_stage_feedback_net_log14,Ascend910B3,20,external_v2_fp32_nt,32,352,5120,fp32,0,1,20:48:16:1536:48:16:8:192:384:1:1:0:192:192:2:2:1:1:1:1:22:2:2
two_stage_feedback_net_log14,Ascend910B3,20,external_v2_fp32_nt,32,352,5120,fp32,0,1,20:48:16:1536:48:16:8:192:384:1:1:0:192:192:2:2:2:1:1:1:22:0:2
two_stage_feedback_net_log14,Ascend910B3,20,external_v2_fp32_nt,32,352,5120,fp32,0,1,9:16:80:240:16:16:80:6:6:1:1:1:3:3:1:2:1:1:5:2:1:0:2
two_stage_feedback_net_log14,Ascend910B3,20,external_v2_fp32_nt,32,352,5120,fp32,0,1,2:32:176:5120:32:32:40:16:64:1:4:1:8:8:2:2:2:1:2:1:1:0:0
two_stage_feedback_net_log14,Ascend910B3,20,external_v2_fp32_nt,32,352,5120,fp32,0,1,11:128:32:5120:128:16:64:2:2:1:2:1:1:1:2:1:1:1:2:1:9:0:0
two_stage_feedback_net_log14,Ascend910B3,20,external_v2_fp32_nt,32,352,5120,fp32,0,1,1:32:352:1024:32:32:16:128:128:1:1:0:64:64:2:2:1:1:1:1:1:0:2
two_stage_feedback_net_log14,Ascend910B3,20,external_v2_fp32_nt,32,352,5120,fp32,0,1,1:32:352:5120:32:16:56:1:1:1:1:1:1:1:2:2:1:1:1:1:1:0:0
two_stage_feedback_net_log14,Ascend910B3,20,external_v2_fp32_nt,32,352,5120,fp32,0,1,8:96:48:256:48:16:8:64:96:2:3:1:32:32:2:1:1:1:8:1:1:1:2
two_stage_feedback_net_log14,Ascend910B3,20,external_v2_fp32_nt,32,352,5120,fp32,0,1,11:656:32:5120:656:16:24:8:4:1:1:1:4:4:1:2:1:1:11:1:1:0:0
two_stage_feedback_net_log14,Ascend910B3,20,external_v2_fp32_nt,32,352,5120,fp32,0,1,1:128:352:5120:128:16:40:4:4:1:1:1:2:2:1:1:1:1:1:1:1:0:0
two_stage_feedback_net_log14,Ascend910B3,20,external_v2_fp32_nt,32,352,5120,fp32,0,1,20:240:16:5120:240:16:24:16:16:1:1:0:8:8:2:1:1:1:5:1:5:0:0
two_stage_feedback_net_log14,Ascend910B3,20,external_v2_fp32_nt,32,352,5120,fp32,0,1,20:48:16:256:48:16:8:32:32:1:1:0:32:32:2:2:2:1:1:1:22:1:2
two_stage_feedback_net_log14,Ascend910B3,20,external_v2_fp32_nt,32,352,5120,fp32,0,1,2:96:176:128:96:16:8:16:16:1:1:0:16:16:2:2:1:1:1:1:2:0:2
two_stage_feedback_net_log14,Ascend910B3,20,external_v2_fp32_nt,32,352,5120,fp32,0,1,1:96:352:8:32:80:8:3:2:3:2:1:1:1:2:2:1:1:1:1:1:2:2
two_stage_feedback_net_log14,Ascend910B3,20,external_v2_fp32_nt,32,352,5120,fp32,0,1,6:640:64:96:160:16:8:96:48:4:4:1:12:12:1:2:1:1:1:1:6:2:2
two_stage_feedback_net_log14,Ascend910B3,20,external_v2_fp32_tn,640,960,1280,fp32,1,0,20:160:192:1280:48:48:16:4:16:1:4:0:4:4:1:2:2:1:5:4:1:0:0
two_stage_feedback_net_log14,Ascend910B3,20,external_v2_fp32_tn,640,960,1280,fp32,1,0,15:128:320:1280:32:32:16:32:32:4:4:0:4:4:2:2:1:5:1:1:3:0:0
two_stage_feedback_net_log14,Ascend910B3,20,external_v2_fp32_tn,640,960,1280,fp32,1,0,20:320:96:768:16:16:128:24:24:4:4:0:6:6:2:2:1:1:5:2:2:1:2
two_stage_feedback_net_log14,Ascend910B3,20,external_v2_fp32_tn,640,960,1280,fp32,1,0,2:464:960:1280:464:32:16:16:8:1:1:0:8:8:2:2:2:1:1:2:1:1:0
two_stage_feedback_net_log14,Ascend910B3,20,external_v2_fp32_tn,640,960,1280,fp32,1,0,20:320:16:1280:96:16:64:8:8:2:1:1:4:4:2:2:2:1:30:2:2:2:0
two_stage_feedback_net_log14,Ascend910B3,20,external_v2_fp32_tn,640,960,1280,fp32,1,0,19:320:16:1280:96:16:64:8:8:2:1:0:4:4:2:2:2:1:30:2:2:2:0
two_stage_feedback_net_log14,Ascend910B3,20,external_v2_fp32_tn,640,960,1280,fp32,1,0,3:288:960:32:96:32:16:6:4:3:2:0:2:2:2:2:1:2:1:2:1:0:2
two_stage_feedback_net_log14,Ascend910B3,20,external_v2_fp32_tn,640,960,1280,fp32,1,0,20:128:240:1280:16:48:256:4:2:1:1:1:2:2:1:1:1:1:2:5:3:0:0
two_stage_feedback_net_log14,Ascend910B3,20,external_v2_fp32_tn,640,960,1280,fp32,1,0,20:64:512:1280:32:512:32:2:1:2:1:1:1:1:2:1:1:10:2:1:1:0:0
two_stage_feedback_net_log14,Ascend910B3,20,external_v2_fp32_tn,640,960,1280,fp32,1,0,15:640:64:1280:16:16:384:2:4:1:2:1:1:1:1:2:1:1:2:1:8:0:0
two_stage_feedback_net_log14,Ascend910B3,20,external_v2_fp32_tn,640,960,1280,fp32,1,0,20:112:128:1280:48:128:128:1:1:1:1:0:1:1:2:1:1:6:2:1:5:0:0
two_stage_feedback_net_log14,Ascend910B3,20,external_v2_fp32_tn,640,960,1280,fp32,1,0,20:112:144:1280:96:64:112:2:4:1:2:0:1:1:1:2:1:1:1:6:7:0:0
two_stage_feedback_net_log14,Ascend910B3,20,external_v2_fp32_tn,640,960,1280,fp32,1,0,8:192:480:1280:192:128:64:2:1:1:1:1:1:1:1:2:1:1:1:4:2:0:0
two_stage_feedback_net_log14,Ascend910B3,20,external_v2_fp32_tn,640,960,1280,fp32,1,0,6:512:320:1280:512:16:16:4:4:1:1:1:2:2:2:2:2:2:1:1:3:0:0
two_stage_feedback_net_log14,Ascend910B3,20,external_v2_fp32_tn,640,960,1280,fp32,1,0,15:128:320:1280:48:16:64:32:32:2:4:0:8:8:1:2:1:5:3:1:1:0:0
two_stage_feedback_net_log14,Ascend910B3,20,external_v2_fp32_tn,640,960,1280,fp32,1,0,2:384:960:1280:384:16:16:2:2:1:1:0:2:2:1:2:1:1:1:2:1:0:0
two_stage_feedback_net_log14,Ascend910B3,20,external_v2_fp32_tn,640,960,1280,fp32,1,0,2:640:496:1280:32:496:16:16:8:1:1:0:8:8:2:2:2:1:1:1:2:0:0
two_stage_feedback_net_log14,Ascend910B3,20,external_v2_fp32_tn,640,960,1280,fp32,1,0,20:640:16:1280:416:16:16:16:8:1:1:0:8:8:2:1:1:1:3:1:20:1:0
two_stage_feedback_net_log14,Ascend910B3,20,external_v2_fp32_tn,640,960,1280,fp32,1,0,3:640:448:1280:64:448:16:64:8:4:1:0:8:8:1:2:1:1:1:1:3:0:0
two_stage_feedback_net_log14,Ascend910B3,20,external_v2_fp32_tn,640,960,1280,fp32,1,0,8:80:960:1280:80:96:16:8:64:1:4:1:8:8:2:2:2:8:1:1:1:0:0
two_stage_feedback_net_log14,Ascend910B3,20,external_v2_fp32_tn,640,960,1280,fp32,1,0,2:640:672:1280:16:672:16:64:8:4:1:1:8:8:2:1:1:1:2:1:1:0:0
two_stage_feedback_net_log14,Ascend910B3,20,external_v2_fp32_tn,640,960,1280,fp32,1,0,20:16:240:1280:16:48:64:8:16:1:2:1:8:8:2:1:1:40:1:1:4:0:0
two_stage_feedback_net_log14,Ascend910B3,20,external_v2_fp32_tn,640,960,1280,fp32,1,0,20:224:128:32:48:16:16:8:12:2:3:1:2:2:1:1:1:3:4:1:2:2:2
two_stage_feedback_net_log14,Ascend910B3,20,external_v2_fp32_tn,640,960,1280,fp32,1,0,1:640:384:192:128:128:64:6:9:1:3:0:3:3:2:2:2:1:1:1:3:1:3
two_stage_feedback_net_log14,Ascend910B3,20,external_v2_fp32_tt,384,640,768,fp32,1,1,20:80:160:384:32:48:64:12:18:2:3:1:6:6:2:1:2:1:2:5:2:0:2
two_stage_feedback_net_log14,Ascend910B3,20,external_v2_fp32_tt,384,640,768,fp32,1,1,20:80:160:512:32:48:64:16:24:2:3:1:8:8:2:1:2:1:2:5:2:0:2
two_stage_feedback_net_log14,Ascend910B3,20,external_v2_fp32_tt,384,640,768,fp32,1,1,20:80:160:384:32:48:64:12:18:2:3:1:6:6:2:1:1:1:2:5:2:1:2
two_stage_feedback_net_log14,Ascend910B3,20,external_v2_fp32_tt,384,640,768,fp32,1,1,20:80:160:512:32:48:64:16:24:2:3:1:8:8:2:1:1:1:2:5:2:1:2
two_stage_feedback_net_log14,Ascend910B3,20,external_v2_fp32_tt,384,640,768,fp32,1,1,20:80:160:384:32:48:64:12:18:2:3:0:6:6:2:1:1:1:2:5:2:0:2
two_stage_feedback_net_log14,Ascend910B3,20,external_v2_fp32_tt,384,640,768,fp32,1,1,20:80:160:512:32:48:64:16:24:2:3:0:8:8:2:1:1:1:2:5:2:0:2
two_stage_feedback_net_log14,Ascend910B3,20,external_v2_fp32_tt,384,640,768,fp32,1,1,20:144:16:768:144:16:16:2:2:1:1:1:1:1:1:2:1:1:14:3:3:1:0
two_stage_feedback_net_log14,Ascend910B3,20,external_v2_fp32_tt,384,640,768,fp32,1,1,3:128:640:768:128:64:48:2:4:1:1:1:2:2:2:2:2:3:1:1:1:1:0
two_stage_feedback_net_log14,Ascend910B3,20,external_v2_fp32_tt,384,640,768,fp32,1,1,3:128:640:768:128:64:48:2:4:1:1:1:2:2:2:2:1:3:1:1:1:0:0
two_stage_feedback_net_log14,Ascend910B3,20,external_v2_fp32_tt,384,640,768,fp32,1,1,3:128:640:768:128:64:48:2:4:1:1:0:2:2:2:2:2:3:1:1:1:0:0
two_stage_feedback_net_log14,Ascend910B3,20,external_v2_fp32_tt,384,640,768,fp32,1,1,19:144:16:768:144:16:16:2:2:1:1:1:1:1:1:2:1:1:14:3:3:0:0
two_stage_feedback_net_log14,Ascend910B3,20,external_v2_fp32_tt,384,640,768,fp32,1,1,20:112:128:768:112:48:16:8:8:1:2:0:4:4:1:1:1:1:1:4:5:1:0
two_stage_feedback_net_log14,Ascend910B3,20,external_v2_fp32_tt,384,640,768,fp32,1,1,20:96:32:768:32:32:48:48:16:3:1:1:8:8:2:2:1:4:2:1:10:0:0
two_stage_feedback_net_log14,Ascend910B3,20,external_v2_fp32_tt,384,640,768,fp32,1,1,20:16:320:768:16:16:112:4:8:1:1:0:4:4:2:2:1:3:1:11:2:0:0
two_stage_feedback_net_log14,Ascend910B3,20,external_v2_fp32_tt,384,640,768,fp32,1,1,3:384:256:192:48:64:16:96:48:4:4:1:12:12:2:2:2:1:1:1:3:1:2
two_stage_feedback_net_log14,Ascend910B3,20,external_v2_fp32_tt,384,640,768,fp32,1,1,20:80:32:768:16:16:512:2:2:1:1:1:1:1:2:2:2:5:2:1:11:0:0
two_stage_feedback_net_log14,Ascend910B3,20,external_v2_fp32_tt,384,640,768,fp32,1,1,20:16:160:768:16:16:512:2:8:1:2:1:2:2:1:2:1:1:2:24:3:0:0
two_stage_feedback_net_log14,Ascend910B3,20,external_v2_fp32_tt,384,640,768,fp32,1,1,2:384:384:768:16:384:32:2:1:1:1:0:1:1:2:1:1:1:1:1:2:0:0
two_stage_feedback_net_log14,Ascend910B3,20,external_v2_fp32_tt,384,640,768,fp32,1,1,3:128:640:48:64:64:16:6:9:2:3:0:3:3:2:2:2:3:1:1:1:2:2
two_stage_feedback_net_log14,Ascend910B3,20,external_v2_fp32_tt,384,640,768,fp32,1,1,1:384:384:192:128:128:64:6:9:1:3:0:3:3:2:2:2:1:1:1:2:1:3
two_stage_feedback_net_log14,Ascend910B3,20,external_v2_fp32_tt,384,640,768,fp32,1,1,2:320:640:48:80:48:16:24:12:4:4:0:3:3:1:1:1:2:1:1:1:1:2
two_stage_feedback_net_log14,Ascend910B3,20,external_v2_fp32_tt,384,640,768,fp32,1,1,12:320:112:16:80:16:16:8:8:4:4:0:1:1:1:2:1:2:2:1:4:0:2
two_stage_feedback_net_log14,Ascend910B3,20,external_v2_fp32_tt,384,640,768,fp32,1,1,20:128:32:16:64:32:16:2:1:1:1:1:1:1:2:2:1:3:1:1:20:2:2
two_stage_feedback_net_log14,Ascend910B3,20,external_v2_fp32_tt,384,640,768,fp32,1,1,1:576:640:16:192:16:16:6:4:3:2:1:1:1:1:1:1:1:1:1:1:0:2
two_stage_feedback_net_log14,Ascend910B3,20,external_v2_template_al1,16,304,5120,fp32,0,1,19:16:16:5120:16:16:160:1:1:1:1:1:1:1:1:1:2:1:4:1:6:0:0
two_stage_feedback_net_log14,Ascend910B3,20,external_v2_template_al1,16,304,5120,fp32,0,1,19:16:16:5120:16:16:160:1:1:1:1:0:1:1:1:1:1:1:4:1:6:0:0
two_stage_feedback_net_log14,Ascend910B3,20,external_v2_template_al1,16,304,5120,fp32,0,1,19:16:16:5120:16:16:160:1:1:1:1:1:1:1:1:1:1:1:4:1:6:1:0
two_stage_feedback_net_log14,Ascend910B3,20,external_v2_template_al1,16,304,5120,fp32,0,1,19:128:16:5120:128:16:56:16:16:1:1:0:8:8:2:2:2:1:19:1:1:0:0
two_stage_feedback_net_log14,Ascend910B3,20,external_v2_template_al1,16,304,5120,fp32,0,1,19:16:16:5120:16:16:160:1:1:1:1:1:1:1:2:2:2:1:4:1:6:1:0
two_stage_feedback_net_log14,Ascend910B3,20,external_v2_template_al1,16,304,5120,fp32,0,1,19:16:16:5120:16:16:160:1:1:1:1:0:1:1:2:2:2:1:4:1:6:0:0
two_stage_feedback_net_log14,Ascend910B3,20,external_v2_template_al1,16,304,5120,fp32,0,1,19:128:16:5120:128:16:56:16:16:1:1:1:8:8:2:2:1:1:19:1:1:0:0
two_stage_feedback_net_log14,Ascend910B3,20,external_v2_template_al1,16,304,5120,fp32,0,1,10:128:32:5120:128:16:8:4:8:1:2:0:2:2:2:2:2:1:10:1:1:0:0
two_stage_feedback_net_log14,Ascend910B3,20,external_v2_template_al1,16,304,5120,fp32,0,1,9:128:32:5120:128:16:8:4:8:1:2:0:2:2:2:2:1:1:5:1:2:0:0
two_stage_feedback_net_log14,Ascend910B3,20,external_v2_template_al1,16,304,5120,fp32,0,1,1:48:304:1536:48:16:8:192:384:1:1:1:192:192:1:1:1:1:1:1:1:1:2
two_stage_feedback_net_log14,Ascend910B3,20,external_v2_template_al1,16,304,5120,fp32,0,1,1:48:304:1536:48:16:8:192:384:1:1:0:192:192:1:1:1:1:1:1:1:2:2
two_stage_feedback_net_log14,Ascend910B3,20,external_v2_template_al1,16,304,5120,fp32,0,1,1:48:304:1536:48:16:8:192:384:1:1:0:192:192:1:1:2:1:1:1:1:1:2
two_stage_feedback_net_log14,Ascend910B3,20,external_v2_template_al1,16,304,5120,fp32,0,1,19:16:16:5120:16:16:40:128:1:1:1:0:128:1:2:2:2:1:1:1:19:0:10
two_stage_feedback_net_log14,Ascend910B3,20,external_v2_template_al1,16,304,5120,fp32,0,1,5:64:64:384:64:16:24:16:16:1:1:0:16:16:1:2:1:1:5:1:1:2:2
two_stage_feedback_net_log14,Ascend910B3,20,external_v2_template_al1,16,304,5120,fp32,0,1,7:96:48:512:48:16:8:256:192:2:3:1:64:64:2:1:1:1:7:1:1:2:2
two_stage_feedback_net_log14,Ascend910B3,20,external_v2_template_al1,16,304,5120,fp32,0,1,2:16:160:5120:16:16:128:40:1:1:1:1:40:1:2:2:2:1:1:1:2:2:10
two_stage_feedback_net_log14,Ascend910B3,20,external_v2_template_al1,16,304,5120,fp32,0,1,10:48:32:16:48:32:8:4:2:1:1:0:2:2:2:2:2:1:5:1:2:2:2
two_stage_feedback_net_log14,Ascend910B3,20,external_v2_template_al1,16,304,5120,fp32,0,1,19:16:16:5120:16:16:640:8:1:1:1:1:8:1:1:1:1:1:1:1:19:0:10
two_stage_feedback_net_log14,Ascend910B3,20,external_v2_template_al1,16,304,5120,fp32,0,1,1:32:304:5120:32:32:48:8:64:1:4:1:8:8:2:2:1:1:1:1:1:0:0
two_stage_feedback_net_log14,Ascend910B3,20,external_v2_template_al1,16,304,5120,fp32,0,1,7:608:48:5120:608:48:8:2:2:1:1:1:1:1:2:1:1:1:7:1:1:0:0
two_stage_feedback_net_log14,Ascend910B3,20,external_v2_template_al1,16,304,5120,fp32,0,1,2:128:160:256:32:16:8:128:128:4:4:1:32:32:2:2:2:1:2:1:1:0:2
two_stage_feedback_net_log14,Ascend910B3,20,external_v2_template_al1,16,304,5120,fp32,0,1,1:48:304:5120:48:16:8:2:2:1:1:0:2:2:1:1:1:1:1:1:1:0:0
two_stage_feedback_net_log14,Ascend910B3,20,external_v2_template_al1,16,304,5120,fp32,0,1,1:16:304:5120:16:16:1024:1:4:1:4:0:1:1:1:1:1:1:1:1:1:0:0
two_stage_feedback_net_log14,Ascend910B3,20,external_v2_template_al1,16,304,5120,fp32,0,1,1:240:304:8:80:64:8:6:4:3:2:1:1:1:2:2:1:1:1:1:1:1:2
two_stage_feedback_net_log14,Ascend910B3,20,external_v2_template_bl1,49152,160,128,fp16,0,0,13:3792:192:128:64:192:32:8:4:2:1:0:4:4:1:2:1:1:1:13:1:1:0
two_stage_feedback_net_log14,Ascend910B3,20,external_v2_template_bl1,49152,160,128,fp16,0,0,20:2464:160:128:208:64:32:4:12:1:3:0:4:4:1:1:1:20:1:1:1:0:20
two_stage_feedback_net_log14,Ascend910B3,20,external_v2_template_bl1,49152,160,128,fp16,0,0,20:2464:160:128:208:64:32:4:12:1:3:1:4:4:1:1:2:20:1:1:1:0:20
two_stage_feedback_net_log14,Ascend910B3,20,external_v2_template_bl1,49152,160,128,fp16,0,0,20:1648:912:128:32:912:32:16:4:2:1:0:4:4:2:1:1:8:1:4:1:0:0
two_stage_feedback_net_log14,Ascend910B3,20,external_v2_template_bl1,49152,160,128,fp16,0,0,2:24576:240:128:32:240:32:1:2:1:1:1:1:1:2:1:1:2:1:1:1:1:0
two_stage_feedback_net_log14,Ascend910B3,20,external_v2_template_bl1,49152,160,128,fp16,0,0,2:24576:240:128:32:240:32:1:2:1:1:0:1:1:2:1:1:2:1:1:1:0:0
two_stage_feedback_net_log14,Ascend910B3,20,external_v2_template_bl1,49152,160,128,fp16,0,0,1:49152:448:128:64:448:48:6:3:1:1:0:3:3:2:1:1:1:1:1:1:1:0
two_stage_feedback_net_log14,Ascend910B3,20,external_v2_template_bl1,49152,160,128,fp16,0,0,1:49152:448:128:64:448:48:6:3:1:1:1:3:3:2:1:1:1:1:1:1:0:0
two_stage_feedback_net_log14,Ascend910B3,20,external_v2_template_bl1,49152,160,128,fp16,0,0,20:2464:160:128:192:48:16:8:32:1:4:0:8:8:2:1:1:4:1:6:1:0:20
two_stage_feedback_net_log14,Ascend910B3,20,external_v2_template_bl1,49152,160,128,fp16,0,0,20:2464:160:128:160:64:128:4:2:4:2:0:1:1:1:1:1:3:1:8:1:0:0
two_stage_feedback_net_log14,Ascend910B3,20,external_v2_template_bl1,49152,160,128,fp16,0,0,20:2464:160:128:192:48:16:8:32:1:4:1:8:8:2:1:2:4:1:6:1:0:20
two_stage_feedback_net_log14,Ascend910B3,20,external_v2_template_bl1,49152,160,128,fp16,0,0,18:5472:80:64:32:32:32:2:2:1:1:0:2:2:2:2:2:2:1:6:2:1:2
two_stage_feedback_net_log14,Ascend910B3,20,external_v2_template_bl1,49152,160,128,fp16,0,0,20:1824:128:128:80:128:128:2:1:1:1:0:1:1:2:2:2:1:1:27:2:0:0
two_stage_feedback_net_log14,Ascend910B3,20,external_v2_template_bl1,49152,160,128,fp16,0,0,20:1376:80:96:32:32:96:3:2:3:2:1:1:1:2:1:1:4:1:10:2:1:2
two_stage_feedback_net_log14,Ascend910B3,20,external_v2_template_bl1,49152,160,128,fp16,0,0,12:16384:48:16:48:48:16:1:2:1:1:1:1:1:1:1:1:1:2:3:2:0:2
two_stage_feedback_net_log14,Ascend910B3,20,external_v2_template_bl1,49152,160,128,fp16,0,0,6:8192:160:128:144:64:48:3:9:1:3:1:3:3:2:2:1:2:1:5:1:1:20
two_stage_feedback_net_log14,Ascend910B3,20,external_v2_template_bl1,49152,160,128,fp16,0,0,13:3792:160:128:96:64:16:16:24:1:3:0:8:8:2:2:2:3:1:5:1:2:20
two_stage_feedback_net_log14,Ascend910B3,20,external_v2_template_bl1,49152,160,128,fp16,0,0,6:8192:160:128:48:16:32:4:40:1:10:1:4:4:1:1:1:1:1:6:1:2:20
two_stage_feedback_net_log14,Ascend910B3,20,external_v2_template_bl1,49152,160,128,fp16,0,0,15:3280:160:128:16:112:112:4:8:1:2:0:2:2:2:1:1:15:1:1:1:1:20
two_stage_feedback_net_log14,Ascend910B3,20,external_v2_template_bl1,49152,160,128,fp16,0,0,13:3792:160:128:16:160:16:8:8:1:1:0:8:8:1:2:1:5:1:3:1:0:20
two_stage_feedback_net_log14,Ascend910B3,20,external_v2_template_bl1,49152,160,128,fp16,0,0,2:24576:240:128:32:240:32:8:8:1:1:1:4:4:2:1:1:2:1:1:1:0:20
two_stage_feedback_net_log14,Ascend910B3,20,external_v2_template_bl1,49152,160,128,fp16,0,0,1:49152:160:128:48:64:64:4:6:1:3:0:2:2:2:2:2:1:1:1:1:2:20
two_stage_feedback_net_log14,Ascend910B3,20,external_v2_template_bl1,49152,160,128,fp16,0,0,1:49152:160:128:128:144:16:8:16:1:2:0:8:8:1:1:1:1:1:1:1:1:20
two_stage_feedback_net_log14,Ascend910B3,20,external_v2_template_bl1,49152,160,128,fp16,0,0,1:49152:160:128:176:160:128:8:2:4:1:0:1:1:1:1:1:1:1:1:1:0:0
