campaign,soc,aic,workload_id,m,n,k,dtype,trans_a,trans_b,tiling_signature,candidate_source,median_ms,ratio_vs_official,ratio_vs_bank,status_vs_official,status_vs_bank,model_ratio,verified,structured_verified
strict_paired_net_log17,Ascend910B3,20,external_v2_bf16_aligned,2560,3584,5120,bf16,0,0,14:384:3584:384:128:128:128:9:6:3:1:1:3:3:2:2:2:1:1:7:1:1:3,feedback_regression_counterfactual,0.641941604614,1.85690250942,1.85653744873,regressed,regressed,2.257066846283463,1,0
strict_paired_net_log17,Ascend910B3,20,external_v2_bf16_aligned,2560,3584,5120,bf16,0,0,14:384:3584:384:128:128:128:9:6:3:1:1:3:3:2:2:2:1:1:7:1:2:3,feedback_regression_counterfactual,0.665471572876,1.92716707643,1.9240311071,regressed,regressed,2.064891870024627,1,0
strict_paired_net_log17,Ascend910B3,20,external_v2_bf16_aligned,2560,3584,5120,bf16,0,0,20:1280:368:5120:32:16:96:16:16:2:2:0:4:4:1:2:1:1:1:2:10:0:0,runtime_rejected,0,3,3,runtime_rejected,runtime_rejected,3,0,0
strict_paired_net_log17,Ascend910B3,20,external_v2_bf16_aligned,2560,3584,5120,bf16,0,0,20:640:720:5120:16:96:128:4:16:1:4:1:2:2:2:2:1:2:2:2:4:2:0,runtime_rejected,0,3,3,runtime_rejected,runtime_rejected,3,0,0
strict_paired_net_log17,Ascend910B3,20,external_v2_bf16_aligned,2560,3584,5120,bf16,0,0,20:640:720:5120:48:160:160:16:4:4:2:1:2:2:2:1:1:1:3:4:2:0:0,runtime_rejected,0,3,3,runtime_rejected,runtime_rejected,3,0,0
strict_paired_net_log17,Ascend910B3,20,external_v2_bf16_odd,1023,1537,3073,bf16,0,0,12:192:784:32:64:16:32:3:4:3:2:1:1:1:1:1:1:6:1:1:2:1:2,contract_global,0.155375204086,1.00175112924,1.0024879649,within_noise,within_noise,1.0008383676135653,1,0
strict_paired_net_log17,Ascend910B3,20,external_v2_bf16_odd,1023,1537,3073,bf16,0,0,14:160:1280:3073:16:1280:16:4:2:1:1:0:2:2:1:1:1:4:1:2:2:0:0,contract_global,0.154831199646,1.00002580874,1.00107585625,within_noise,within_noise,0.9994664568391657,1,0
strict_paired_net_log17,Ascend910B3,20,external_v2_bf16_odd,1023,1537,3073,bf16,0,0,14:512:224:3073:32:224:96:16:8:2:1:1:4:4:1:1:1:1:3:2:3:0:0,contract_global,0.155019598007,0.999458428848,1.00019357812,within_noise,within_noise,1.0001818177872948,1,0
strict_paired_net_log17,Ascend910B3,20,external_v2_bf16_odd,1023,1537,3073,bf16,0,0,14:512:224:3073:64:224:64:16:4:4:1:1:2:2:2:2:1:2:1:1:7:0:0,contract_global,0.155020399094,0.999463593696,1.00019874677,within_noise,within_noise,1.0002674337750905,1,0
strict_paired_net_log17,Ascend910B3,20,external_v2_bf16_odd,1023,1537,3073,bf16,0,0,16:144:784:128:48:16:128:6:2:3:2:1:1:1:1:2:1:1:1:8:2:2:2,contract_global,0.154703598022,0.999201653676,1.00025083581,within_noise,within_noise,1.0005288267633137,1,0
strict_paired_net_log17,Ascend910B3,20,external_v2_bf16_odd,1023,1537,3073,bf16,0,0,16:256:400:3073:48:32:48:4:2:2:1:0:1:1:1:2:1:1:1:4:4:0:0,contract_global,0.155273199081,1.00109347199,1.00182982391,within_noise,within_noise,1.0002449117532073,1,0
strict_paired_net_log17,Ascend910B3,20,external_v2_bf16_odd,1023,1537,3073,bf16,0,0,18:176:528:3073:80:48:32:4:2:1:1:1:2:2:2:1:1:1:1:6:3:0:0,contract_global,0.154991998672,0.999280487551,1.00001550594,within_noise,within_noise,1.0001732734703848,1,0
strict_paired_net_log17,Ascend910B3,20,external_v2_bf16_odd,1023,1537,3073,bf16,0,0,18:352:272:3073:16:16:80:16:8:4:1:0:4:4:1:2:1:1:1:3:6:0:0,contract_global,0.15508600235,0.999886557811,1.00062202199,within_noise,within_noise,1.0004277656075864,1,0
strict_paired_net_log17,Ascend910B3,20,external_v2_bf16_odd,1023,1537,3073,bf16,0,0,18:352:272:3073:48:16:80:8:2:2:1:1:2:2:1:1:1:1:2:3:3:0:0,contract_global,0.154954395294,0.999038047154,0.999772887212,within_noise,within_noise,1.0005397848280335,1,0
strict_paired_net_log17,Ascend910B3,20,external_v2_bf16_odd,1023,1537,3073,bf16,0,0,18:352:272:3073:48:16:96:2:8:1:2:1:2:2:1:1:1:3:6:1:1:0:0,contract_global,0.155122003555,1.00011866852,1.00085430342,within_noise,within_noise,1.0007754635114032,1,0
strict_paired_net_log17,Ascend910B3,20,external_v2_bf16_odd,1023,1537,3073,bf16,0,0,18:512:176:3073:16:32:96:4:8:1:2:1:4:4:1:1:1:2:1:1:9:0:0,contract_global,0.154993600845,1.00107472776,1.00212587666,within_noise,within_noise,1.0000550707671962,1,0
strict_paired_net_log17,Ascend910B3,20,external_v2_bf16_odd,1023,1537,3073,bf16,0,0,18:512:176:3073:80:48:64:2:4:1:2:0:2:2:1:2:1:1:2:2:8:0:0,contract_global,0.154695196152,0.999147387568,1.00019651272,within_noise,within_noise,1.0000214889977008,1,0
strict_paired_net_log17,Ascend910B3,20,external_v2_bf16_odd,1023,1537,3073,bf16,0,0,20:1024:32:3073:448:16:64:4:2:2:1:1:2:2:1:2:1:1:3:1:19:2:0,contract_global,0.155105600357,1.00001291212,1.00074846924,within_noise,within_noise,1.0000500089808946,1,0
strict_paired_net_log17,Ascend910B3,20,external_v2_bf16_odd,1023,1537,3073,bf16,0,0,20:1024:32:3073:448:32:64:8:16:1:1:1:8:8:1:2:1:1:1:1:49:1:0,contract_global,0.154566802979,0.998318120036,0.999366374436,within_noise,within_noise,0.9998638283908593,1,0
strict_paired_net_log17,Ascend910B3,20,external_v2_bf16_odd,1023,1537,3073,bf16,0,0,20:1024:80:3073:48:16:64:64:64:4:4:1:8:8:2:2:2:1:5:1:4:0:0,contract_global,0.155068397522,0.999773054146,1.00050843483,within_noise,within_noise,1.0007334388842597,1,0
strict_paired_net_log17,Ascend910B3,20,external_v2_bf16_odd,1023,1537,3073,bf16,0,0,20:208:400:3073:16:32:160:2:2:2:1:1:1:1:2:1:1:2:1:4:4:0:0,contract_global,0.15467880249,0.999041503966,1.00009051794,within_noise,within_noise,1.00047487033107,1,0
strict_paired_net_log17,Ascend910B3,20,external_v2_bf16_odd,1023,1537,3073,bf16,0,0,20:208:400:3073:16:32:160:4:8:2:4:0:2:2:1:1:1:2:1:4:4:0:0,contract_global,0.154893598557,1.00042883165,1.00147930235,within_noise,within_noise,1.0004255413935272,1,0
strict_paired_net_log17,Ascend910B3,20,external_v2_bf16_odd,1023,1537,3073,bf16,0,0,20:208:400:3073:32:16:160:2:2:1:2:0:1:1:1:2:1:3:1:2:4:0:0,contract_global,0.154706401825,0.999219762915,1.00026896407,within_noise,within_noise,1.000567852511609,1,0
strict_paired_net_log17,Ascend910B3,20,external_v2_bf16_odd,1023,1537,3073,bf16,0,0,20:208:48:3073:16:32:384:2:1:2:1:0:1:1:1:2:1:5:1:1:33:2:0,contract_global,0.154691200256,0.999121578822,1.00017067687,within_noise,within_noise,1.0005009387534674,1,0
strict_paired_net_log17,Ascend910B3,20,external_v2_bf16_odd,1023,1537,3073,bf16,0,0,20:208:64:3073:96:32:128:16:16:2:2:1:8:8:1:2:1:1:25:5:1:2:0,contract_global,0.155004796982,0.999363002145,1.00009808122,within_noise,within_noise,1.0006410716592904,1,0
strict_paired_net_log17,Ascend910B3,20,external_v2_bf16_odd,1023,1537,3073,bf16,0,0,20:256:320:3073:32:16:128:4:4:2:1:1:2:2:1:2:1:4:5:1:1:0:0,contract_global,0.155018796921,0.999453264004,1.00018840947,within_noise,within_noise,1.0009051848841248,1,0
strict_paired_net_log17,Ascend910B3,20,external_v2_bf16_odd,1023,1537,3073,bf16,0,0,20:256:320:3073:32:64:80:4:2:4:1:0:1:1:2:1:1:2:2:2:4:0:0,contract_global,0.154711198807,0.999250745723,1.00029997941,within_noise,within_noise,1.0007024516180183,1,0
strict_paired_net_log17,Ascend910B3,20,external_v2_bf16_odd,1023,1537,3073,bf16,0,0,20:256:320:3073:64:16:224:1:2:1:2:0:1:1:2:2:2:2:2:2:4:0:0,contract_global,0.154618797302,0.998653941655,0.999702548684,within_noise,within_noise,1.0012176439903773,1,0
strict_paired_net_log17,Ascend910B3,20,external_v2_bf16_odd,1023,1537,3073,bf16,0,0,20:256:320:3073:96:48:320:1:8:1:4:0:1:1:1:2:1:4:1:1:5:0:0,contract_global,0.155004796982,0.999363002145,1.00009808122,within_noise,within_noise,1.000618340478321,1,0
strict_paired_net_log17,Ascend910B3,20,external_v2_bf16_odd,1023,1537,3073,bf16,0,0,20:256:48:3073:112:48:16:4:2:2:1:1:1:1:2:1:1:1:2:4:18:2:0,contract_global,0.15501159668,0.999406841865,1.00014195319,within_noise,within_noise,1.0001967198508035,1,0
strict_paired_net_log17,Ascend910B3,20,external_v2_bf16_odd,1023,1537,3073,bf16,0,0,20:256:64:3073:256:32:64:4:4:1:2:1:2:2:2:2:2:4:2:1:15:0:0,contract_global,0.155065603256,0.999755038661,1.0004904061,within_noise,within_noise,1.0006144025750412,1,0
strict_paired_net_log17,Ascend910B3,20,external_v2_bf16_odd,1023,1537,3073,bf16,0,0,20:32:1552:3073:16:16:96:4:2:1:1:1:2:2:1:2:1:8:1:4:1:0:0,contract_global,0.154982004166,0.99921604994,0.999951020929,within_noise,within_noise,1.0002959002417064,1,0
strict_paired_net_log17,Ascend910B3,20,external_v2_bf16_odd,1023,1537,3073,bf16,0,0,20:32:400:3073:32:32:256:16:8:1:1:1:8:8:2:2:2:32:4:1:1:0:0,contract_global,0.155067996979,0.999770471715,1.00050585051,within_noise,within_noise,1.0007458130517595,1,0
strict_paired_net_log17,Ascend910B3,20,external_v2_bf16_odd,1023,1537,3073,bf16,0,0,20:352:224:256:48:32:64:8:12:2:3:1:4:4:2:2:2:1:3:3:3:0:2,contract_global,0.155016403198,0.999437830942,1.00017296506,within_noise,within_noise,1.0006698807821641,1,0
strict_paired_net_log17,Ascend910B3,20,external_v2_bf16_odd,1023,1537,3073,bf16,0,0,20:352:32:3073:16:16:1024:8:8:2:1:1:4:4:1:2:1:3:1:1:49:2:0,contract_global,0.154982404709,0.999218632363,0.999953605243,within_noise,within_noise,1.0004279544487586,1,0
strict_paired_net_log17,Ascend910B3,20,external_v2_bf16_odd,1023,1537,3073,bf16,0,0,20:352:32:3073:48:32:128:16:16:1:1:0:8:8:1:2:1:1:1:3:49:0:0,contract_global,0.154759197235,0.999560758608,1.00061031781,within_noise,within_noise,0.9995154459214933,1,0
strict_paired_net_log17,Ascend910B3,20,external_v2_bf16_odd,1023,1537,3073,bf16,0,0,20:352:32:768:48:16:48:96:32:3:2:0:16:16:2:2:2:1:2:3:27:1:2,contract_global,0.1550963974,0.999953577855,1.00068909133,within_noise,within_noise,1.000464049410798,1,0
strict_paired_net_log17,Ascend910B3,20,external_v2_bf16_odd,1023,1537,3073,bf16,0,0,20:512:160:3073:16:16:80:16:8:4:2:0:4:4:2:2:2:1:1:2:10:0:0,contract_global,0.155161600113,1.00037395955,1.00110978224,within_noise,within_noise,1.000588469850816,1,0
strict_paired_net_log17,Ascend910B3,20,external_v2_bf16_odd,1023,1537,3073,bf16,0,0,20:512:160:3073:16:32:96:4:8:1:4:0:2:2:2:1:1:2:2:1:7:0:0,contract_global,0.154703197479,0.999199066638,1.00024824606,within_noise,within_noise,1.000145055987306,1,0
strict_paired_net_log17,Ascend910B3,20,external_v2_bf16_odd,1023,1537,3073,bf16,0,0,20:512:160:3073:48:16:80:8:4:4:4:1:1:1:1:2:1:1:3:2:4:0:0,contract_global,0.155327196121,1.00144160731,1.0021782153,within_noise,within_noise,1.000830988686891,1,0
strict_paired_net_log17,Ascend910B3,20,external_v2_bf16_odd,1023,1537,3073,bf16,0,0,20:512:160:3073:48:16:96:4:8:1:2:1:4:4:1:2:1:1:2:2:8:0:0,contract_global,0.155145196915,1.00026820315,1.00100394805,within_noise,within_noise,1.0003958970379883,1,0
strict_paired_net_log17,Ascend910B3,20,external_v2_bf16_odd,1023,1537,3073,bf16,0,0,20:80:112:3073:32:16:128:16:16:2:1:1:8:8:1:2:1:2:1:12:14:0:0,contract_global,0.154844799042,1.0001136447,1.00116378444,within_noise,within_noise,1.0003188043452833,1,0
strict_paired_net_log17,Ascend910B3,20,external_v2_bf16_odd,1023,1537,3073,bf16,0,0,20:80:128:3073:16:16:1024:8:8:1:2:0:4:4:2:2:1:1:7:13:2:0:0,contract_global,0.155151596069,1.00030946044,1.00104523569,within_noise,within_noise,1.0009356174394666,1,0
strict_paired_net_log17,Ascend910B3,20,external_v2_bf16_odd,1023,1537,3073,bf16,0,0,20:96:400:3073:64:96:256:2:4:1:1:0:2:2:2:1:1:2:1:7:4:0:0,contract_global,0.154756402969,0.999542710969,1.00059225122,within_noise,within_noise,1.0004052030702892,1,0
strict_paired_net_log17,Ascend910B3,20,external_v2_bf16_odd,1023,1537,3073,bf16,0,0,5:1024:384:256:64:96:32:64:32:4:4:1:8:8:2:2:1:1:2:1:3:1:2,contract_global,0.154814796448,0.999919863542,1.00096979982,within_noise,within_noise,0.9996077816247627,1,0
strict_paired_net_log17,Ascend910B3,20,external_v2_dense_balanced_aligned,1792,2816,3584,fp16,0,0,10:1792:384:384:128:128:128:6:9:1:3:0:3:3:2:2:2:1:4:1:2:1:3,feedback_regression_counterfactual,0.334641990662,2.31669515625,2.33502653325,regressed,regressed,2.629297961929563,1,0
strict_paired_net_log17,Ascend910B3,20,external_v2_dense_balanced_aligned,1792,2816,3584,fp16,0,0,10:1792:384:384:128:128:128:6:9:1:3:0:3:3:2:2:2:1:8:1:1:1:3,feedback_regression_counterfactual,0.333940811157,2.32875596866,2.3283273563,regressed,regressed,2.459222370837924,1,0
strict_paired_net_log17,Ascend910B3,20,external_v2_dense_balanced_aligned,1792,2816,3584,fp16,0,0,14:256:1408:3584:16:384:64:8:2:4:1:1:2:2:1:1:1:7:1:1:2:0:0,runtime_rejected,0,3,3,runtime_rejected,runtime_rejected,3,0,0
strict_paired_net_log17,Ascend910B3,20,external_v2_dense_balanced_aligned,1792,2816,3584,fp16,0,0,18:1792:160:3584:16:16:896:2:2:1:2:1:1:1:2:2:1:1:5:1:4:1:0,runtime_rejected,0,3,3,runtime_rejected,runtime_rejected,3,0,0
strict_paired_net_log17,Ascend910B3,20,external_v2_dense_balanced_aligned,1792,2816,3584,fp16,0,0,20:448:576:3584:80:96:256:4:4:4:4:1:1:1:1:1:1:4:5:1:1:0:0,runtime_rejected,0,3,3,runtime_rejected,runtime_rejected,3,0,0
strict_paired_net_log17,Ascend910B3,20,external_v2_dense_balanced_odd,1663,2591,3587,fp16,0,0,10:1664:384:384:128:128:128:6:9:1:3:0:3:3:2:2:2:1:1:1:7:2:3,feedback_regression_counterfactual,0.37027759552,1.82946012427,1.85907336351,regressed,regressed,2.104681175627592,1,0
strict_paired_net_log17,Ascend910B3,20,external_v2_dense_balanced_odd,1663,2591,3587,fp16,0,0,10:384:2592:384:128:128:128:9:6:3:1:1:3:3:2:2:2:1:1:5:1:1:3,runtime_rejected,0,3,3,runtime_rejected,runtime_rejected,3,0,0
strict_paired_net_log17,Ascend910B3,20,external_v2_dense_balanced_odd,1663,2591,3587,fp16,0,0,18:832:288:3587:48:160:48:4:4:1:1:0:2:2:2:1:1:2:3:1:3:0:0,runtime_rejected,0,3,3,runtime_rejected,runtime_rejected,3,0,0
strict_paired_net_log17,Ascend910B3,20,external_v2_dense_balanced_odd,1663,2591,3587,fp16,0,0,20:416:528:3587:128:80:160:4:4:1:2:0:2:2:1:2:1:1:1:4:5:0:0,runtime_rejected,0,3,3,runtime_rejected,runtime_rejected,3,0,0
strict_paired_net_log17,Ascend910B3,20,external_v2_dense_balanced_odd,1663,2591,3587,fp16,0,0,20:416:528:3587:16:96:128:4:8:1:2:1:2:2:1:2:1:4:5:1:1:0:0,runtime_rejected,0,3,3,runtime_rejected,runtime_rejected,3,0,0
strict_paired_net_log17,Ascend910B3,20,external_v2_dense_large,4608,5120,6144,fp16,0,0,16:4608:384:384:128:128:128:6:9:1:3:0:3:3:2:2:2:1:14:1:1:1:3,feedback_regression_counterfactual,2.39475479126,2.29059503601,2.29218413315,regressed,regressed,2.413912709530309,1,0
strict_paired_net_log17,Ascend910B3,20,external_v2_dense_large,4608,5120,6144,fp16,0,0,16:4608:384:384:128:128:128:6:9:1:3:0:3:3:2:2:2:1:5:1:3:1:3,feedback_regression_counterfactual,2.2654359436,2.16835351961,2.16875546825,regressed,regressed,2.488106402910297,1,0
strict_paired_net_log17,Ascend910B3,20,external_v2_dense_large,4608,5120,6144,fp16,0,0,20:1152:1024:6144:112:64:128:4:16:1:2:0:4:4:2:1:1:4:1:1:5:2:0,runtime_rejected,0,3,3,runtime_rejected,runtime_rejected,3,0,0
strict_paired_net_log17,Ascend910B3,20,external_v2_dense_large,4608,5120,6144,fp16,0,0,20:928:1280:6144:48:16:512:8:8:4:2:1:2:2:1:1:1:3:2:2:2:1:0,runtime_rejected,0,3,3,runtime_rejected,runtime_rejected,3,0,0
strict_paired_net_log17,Ascend910B3,20,external_v2_dense_large,4608,5120,6144,fp16,0,0,20:928:1280:6144:96:32:96:2:8:1:2:0:2:2:1:2:1:5:1:1:4:2:0,runtime_rejected,0,3,3,runtime_rejected,runtime_rejected,3,0,0
strict_paired_net_log17,Ascend910B3,20,external_v2_dense_tall,3584,896,5120,fp16,0,0,10:3584:96:5120:320:96:32:16:16:1:1:1:8:8:1:1:1:1:3:1:4:2:0,contract_global,0.169873199463,1.00209064989,1.00188492211,within_noise,within_noise,0.9934928263022855,1,0
strict_paired_net_log17,Ascend910B3,20,external_v2_dense_tall,3584,896,5120,fp16,0,0,12:1792:176:5120:16:176:160:4:8:1:1:0:4:4:2:1:1:1:1:2:6:0:0,contract_global,0.169900798798,1.00225345977,1.00204769857,within_noise,within_noise,0.9521513058940492,1,0
strict_paired_net_log17,Ascend910B3,20,external_v2_dense_tall,3584,896,5120,fp16,0,0,12:304:896:160:16:16:80:2:2:1:1:0:2:2:1:2:1:1:1:12:1:2:2,contract_global,0.170305194855,1.00463901269,1.00443276174,within_noise,within_noise,0.9961152098293621,1,0
strict_paired_net_log17,Ascend910B3,20,external_v2_dense_tall,3584,896,5120,fp16,0,0,12:304:896:64:96:32:16:16:24:2:3:1:4:4:2:2:2:4:1:3:1:2:2,contract_global,0.170153999329,1.00133234558,1.00108963267,within_noise,within_noise,0.9820680981943376,1,0
strict_paired_net_log17,Ascend910B3,20,external_v2_dense_tall,3584,896,5120,fp16,0,0,13:256:896:5120:16:32:384:4:16:1:2:0:4:4:1:2:1:7:1:2:1:0:0,feedback_winner_mutation,0.169832801819,0.999442143428,0.999199888681,within_noise,within_noise,0.8683476167601769,1,0
strict_paired_net_log17,Ascend910B3,20,external_v2_dense_tall,3584,896,5120,fp16,0,0,13:512:448:5120:16:96:96:16:16:1:1:0:8:8:1:2:1:1:1:7:2:0:0,feedback_winner_mutation,0.169987602234,1.00035312209,1.00011064653,within_noise,within_noise,0.8878813628790818,1,0
strict_paired_net_log17,Ascend910B3,20,external_v2_dense_tall,3584,896,5120,fp16,0,0,13:512:448:5120:80:16:256:8:16:1:2:1:8:8:1:1:1:7:1:1:2:0:0,feedback_winner_mutation,0.170074005127,1.00086159096,1.00061899215,within_noise,within_noise,0.8670793282354918,1,0
strict_paired_net_log17,Ascend910B3,20,external_v2_dense_tall,3584,896,5120,fp16,0,0,14:1792:128:5120:224:128:16:4:2:2:1:1:2:2:2:2:1:1:7:2:1:2:0,contract_global,0.170151996613,1.00132055988,1.00107784983,within_noise,within_noise,0.9782128602836494,1,0
strict_paired_net_log17,Ascend910B3,20,external_v2_dense_tall,3584,896,5120,fp16,0,0,14:256:896:5120:16:32:384:4:16:1:2:0:4:4:1:2:1:14:1:1:1:0:0,feedback_winner_mutation,0.170034809113,1.00063092793,1.00038838504,within_noise,within_noise,0.8886200259664094,1,0
strict_paired_net_log17,Ascend910B3,20,external_v2_dense_tall,3584,896,5120,fp16,0,0,14:256:896:5120:16:32:384:4:16:1:2:1:4:4:1:2:1:7:1:2:1:0:0,feedback_winner_mutation,0.169902801514,1.00226527389,1.00205951026,within_noise,within_noise,0.9306264063638707,1,0
strict_paired_net_log17,Ascend910B3,20,external_v2_dense_tall,3584,896,5120,fp16,0,0,14:3584:64:5120:208:64:16:32:8:4:1:0:8:8:2:1:1:1:3:1:5:2:0,contract_global,0.170379199982,1.00507557271,1.00486923212,within_noise,within_noise,1.0346955356095247,1,0
strict_paired_net_log17,Ascend910B3,20,external_v2_dense_tall,3584,896,5120,fp16,0,0,14:3584:64:5120:336:64:16:4:8:1:1:0:4:4:1:2:1:1:14:1:1:0:0,contract_global,0.170328807831,1.00477830684,1.00457202729,within_noise,within_noise,0.9950189468670094,1,0
strict_paired_net_log17,Ascend910B3,20,external_v2_dense_tall,3584,896,5120,fp16,0,0,14:512:448:5120:112:16:112:16:8:4:2:1:2:2:2:2:2:4:1:2:2:0:0,feedback_winner_mutation,0.169883995056,0.999743408426,0.999501080655,within_noise,within_noise,0.9034973662633037,1,0
strict_paired_net_log17,Ascend910B3,20,external_v2_dense_tall,3584,896,5120,fp16,0,0,14:512:448:5120:112:16:112:16:8:4:2:1:2:2:2:2:2:7:1:1:2:0:0,feedback_incumbent_revalidation,0.169967193604,1.00023302017,0.999990573729,within_noise,within_noise,0.9043415090975078,1,0
strict_paired_net_log17,Ascend910B3,20,external_v2_dense_tall,3584,896,5120,fp16,0,0,14:512:448:5120:16:96:96:16:16:1:1:0:8:8:1:2:1:1:2:7:1:0:0,feedback_winner_mutation,0.170260391235,1.00437471386,1.00416851716,within_noise,within_noise,0.9183901095571072,1,0
strict_paired_net_log17,Ascend910B3,20,external_v2_dense_tall,3584,896,5120,fp16,0,0,14:512:448:5120:16:96:96:16:16:1:1:0:8:8:1:2:1:3:1:3:2:0:0,feedback_winner_mutation,0.169867191315,1.00205520752,1.00184948701,within_noise,within_noise,0.9250825677045194,1,0
strict_paired_net_log17,Ascend910B3,20,external_v2_dense_tall,3584,896,5120,fp16,0,0,14:512:448:5120:32:160:160:2:2:2:1:0:1:1:2:1:1:1:1:7:2:1:0,feedback_winner_mutation,0.169960002899,1.00260270778,1.00239687487,within_noise,within_noise,0.9151419669267339,1,0
strict_paired_net_log17,Ascend910B3,20,external_v2_dense_tall,3584,896,5120,fp16,0,0,14:512:448:5120:32:160:160:2:2:2:1:0:1:1:2:1:2:1:1:7:2:0:0,feedback_winner_mutation,0.169941596985,1.00249413035,1.00228831974,within_noise,within_noise,0.9159929380116275,1,0
strict_paired_net_log17,Ascend910B3,20,external_v2_dense_tall,3584,896,5120,fp16,0,0,14:512:448:5120:32:160:160:2:2:2:1:1:1:1:2:1:1:1:1:7:2:0:0,feedback_winner_mutation,0.169883995056,1.00215433364,1.00194859279,within_noise,within_noise,0.9205982137078589,1,0
strict_paired_net_log17,Ascend910B3,20,external_v2_dense_tall,3584,896,5120,fp16,0,0,14:512:448:5120:80:16:256:8:16:1:2:1:8:8:1:1:1:4:1:2:2:0:0,feedback_winner_mutation,0.169791603088,0.999199694692,0.998957498713,within_noise,within_noise,0.901254023625391,1,0
strict_paired_net_log17,Ascend910B3,20,external_v2_dense_tall,3584,896,5120,fp16,0,0,14:512:448:5120:80:16:256:8:16:1:2:1:8:8:1:1:1:7:2:1:1:0:0,feedback_winner_mutation,0.170006809235,1.00046615259,1.00022364963,within_noise,within_noise,0.8873813720728747,1,0
strict_paired_net_log17,Ascend910B3,20,external_v2_dense_tall,3584,896,5120,fp16,0,0,15:512:448:5120:16:96:96:16:16:1:1:0:8:8:1:2:1:1:1:7:2:0:0,feedback_winner_mutation,0.170056400299,1.00317136095,1.0029654113,within_noise,within_noise,0.9153017315227668,1,0
strict_paired_net_log17,Ascend910B3,20,external_v2_dense_tall,3584,896,5120,fp16,0,0,15:512:448:5120:80:16:256:8:16:1:2:1:8:8:1:1:1:7:1:1:2:0:0,feedback_winner_mutation,0.16954000473,1.0001251172,0.999919792944,within_noise,within_noise,0.9286634212721037,1,0
strict_paired_net_log17,Ascend910B3,20,external_v2_dense_tall,3584,896,5120,fp16,0,0,19:3584:48:5120:16:32:320:4:4:1:1:1:2:2:2:2:2:1:7:1:3:2:0,contract_global,0.169893608093,1.00221104144,1.00200528894,within_noise,within_noise,1.0068434059391194,1,0
strict_paired_net_log17,Ascend910B3,20,external_v2_dense_tall,3584,896,5120,fp16,0,0,20:144:112:5120:112:16:48:2:4:1:1:1:2:2:1:2:1:25:1:1:8:0:0,contract_global,0.170208396912,1.0040679967,1.00386186297,within_noise,within_noise,0.9454863497262108,1,0
strict_paired_net_log17,Ascend910B3,20,external_v2_dense_tall,3584,896,5120,fp16,0,0,20:160:112:5120:16:16:1024:8:4:2:1:0:2:2:2:2:1:23:8:1:1:1:0,contract_global,0.170503196716,1.00580703575,1.005600545,within_noise,within_noise,0.9223134689780359,1,0
strict_paired_net_log17,Ascend910B3,20,external_v2_dense_tall,3584,896,5120,fp16,0,0,20:160:160:5120:16:80:96:8:16:1:2:0:8:8:2:2:2:8:2:3:3:0:0,contract_global,0.169699993134,1.00106889694,1.00086337892,within_noise,within_noise,0.9838250640377592,1,0
strict_paired_net_log17,Ascend910B3,20,external_v2_dense_tall,3584,896,5120,fp16,0,0,20:176:176:5120:176:176:16:16:8:1:1:0:8:8:2:1:1:7:2:3:5:2:0,contract_global,0.169875602722,0.999694020722,0.999451704922,within_noise,within_noise,0.9483724545046647,1,0
strict_paired_net_log17,Ascend910B3,20,external_v2_dense_tall,3584,896,5120,fp16,0,0,20:208:112:5120:16:112:160:1:1:1:1:1:1:1:1:1:1:5:2:4:6:1:0,contract_global,0.170068798065,1.00083094813,1.00058835675,within_noise,within_noise,0.939251632561438,1,0
strict_paired_net_log17,Ascend910B3,20,external_v2_dense_tall,3584,896,5120,fp16,0,0,20:256:96:224:16:48:112:2:2:1:1:0:2:2:2:1:1:2:2:7:8:0:2,contract_global,0.169563598633,1.00026429883,1.000058946,within_noise,within_noise,1.0162369498081414,1,0
strict_paired_net_log17,Ascend910B3,20,external_v2_dense_tall,3584,896,5120,fp16,0,0,20:304:128:768:64:64:48:48:32:3:2:0:16:16:1:2:1:4:2:3:5:0:2,contract_global,0.169919204712,1.00236203719,1.0021562537,within_noise,within_noise,1.0116388183713338,1,0
strict_paired_net_log17,Ascend910B3,20,external_v2_dense_tall,3584,896,5120,fp16,0,0,20:3584:32:5120:32:32:16:1:2:1:1:0:1:1:1:2:1:1:10:1:3:1:0,contract_global,0.170110797882,1.00107811114,1.00083545986,within_noise,within_noise,1.0289700181887311,1,0
strict_paired_net_log17,Ascend910B3,20,external_v2_dense_tall,3584,896,5120,fp16,0,0,20:512:448:5120:80:16:256:8:16:1:2:1:8:8:1:1:1:7:1:1:2:0:0,feedback_winner_mutation,0.170360393524,1.00496463245,1.00475831465,within_noise,within_noise,0.9286634212721037,1,0
strict_paired_net_log17,Ascend910B3,20,external_v2_dense_tall,3584,896,5120,fp16,0,0,20:512:96:960:16:16:160:12:36:2:3:1:6:6:2:2:1:1:1:7:10:0:2,contract_global,0.170219993591,1.00172071253,1.00147790548,within_noise,within_noise,1.018834267497685,1,0
strict_paired_net_log17,Ascend910B3,20,external_v2_dense_tall,3584,896,5120,fp16,0,0,20:608:32:5120:192:32:96:2:2:1:1:0:1:1:1:1:1:1:7:6:4:1:0,contract_global,0.16986240387,1.00202696614,1.00182125143,within_noise,within_noise,0.9881103205458781,1,0
strict_paired_net_log17,Ascend910B3,20,external_v2_dense_tall,3584,896,5120,fp16,0,0,20:608:80:5120:32:64:256:16:4:2:1:0:4:4:2:2:2:1:4:6:3:1:0,contract_global,0.170070400238,1.00084037669,1.00059778303,within_noise,within_noise,0.9527284819704841,1,0
strict_paired_net_log17,Ascend910B3,20,external_v2_dense_tall,3584,896,5120,fp16,0,0,5:3584:192:5120:160:192:64:2:2:2:1:0:1:1:2:1:1:1:2:1:3:2:0,contract_global,0.170312404633,1.00226453851,1.00202159964,within_noise,within_noise,0.9165248784569913,1,0
strict_paired_net_log17,Ascend910B3,20,external_v2_dense_tall,3584,896,5120,fp16,0,0,5:3584:192:5120:32:192:80:2:1:1:1:0:1:1:1:2:1:1:1:1:5:2:0,feedback_winner_mutation,0.169945602417,1.0025177586,1.00231194314,within_noise,within_noise,0.9130469512741481,1,0
strict_paired_net_log17,Ascend910B3,20,external_v2_dense_tall,3584,896,5120,fp16,0,0,5:3584:192:5120:32:192:80:2:1:1:1:0:1:1:1:2:2:1:2:1:3:2:0,feedback_winner_mutation,0.16984960556,1.00195146825,1.00174576905,within_noise,within_noise,0.9177126049406267,1,0
strict_paired_net_log17,Ascend910B3,20,external_v2_dense_wide,896,3584,5120,fp16,0,0,10:96:3584:512:32:32:32:16:32:1:1:0:16:16:2:2:1:1:1:10:1:2:2,contract_global,0.142659597397,1.00207637393,1.00172736519,within_noise,within_noise,1.0649826357175887,1,0
strict_paired_net_log17,Ascend910B3,20,external_v2_dense_wide,896,3584,5120,fp16,0,0,12:80:3584:128:64:32:32:8:8:1:1:0:4:4:2:2:2:12:1:1:1:1:2,contract_global,0.143229198456,1.00352842977,1.0035649758,within_noise,within_noise,1.0997488029005698,1,0
strict_paired_net_log17,Ascend910B3,20,external_v2_dense_wide,896,3584,5120,fp16,0,0,12:80:3584:5120:80:112:16:2:8:1:4:1:2:2:2:2:2:1:1:12:1:0:0,contract_global,0.142703199387,0.999843042809,0.999879454633,within_noise,within_noise,0.9582593884248581,1,0
strict_paired_net_log17,Ascend910B3,20,external_v2_dense_wide,896,3584,5120,fp16,0,0,13:1792:288:5120:1792:16:16:8:32:1:4:1:4:4:1:1:1:1:2:1:10:2:0,feedback_winner_mutation,0.142976799011,1.0017600053,1.00179648693,within_noise,within_noise,0.8691796836219958,1,0
strict_paired_net_log17,Ascend910B3,20,external_v2_dense_wide,896,3584,5120,fp16,0,0,13:1792:288:5120:1792:16:16:8:32:1:4:1:4:4:1:1:1:1:7:1:2:2:0,feedback_winner_mutation,0.143011198044,1.00200102046,1.00203751086,within_noise,within_noise,0.8995992559413774,1,0
strict_paired_net_log17,Ascend910B3,20,external_v2_dense_wide,896,3584,5120,fp16,0,0,14:1792:288:5120:1792:16:16:8:32:1:4:1:4:4:1:1:1:1:3:1:5:2:0,feedback_winner_mutation,0.142975997925,1.00175439253,1.00179087396,within_noise,within_noise,0.8879061055047169,1,0
strict_paired_net_log17,Ascend910B3,20,external_v2_dense_wide,896,3584,5120,fp16,0,0,14:64:3584:5120:32:16:320:2:4:1:2:0:2:2:2:1:1:7:1:2:1:0:0,contract_global,0.142729196548,1.00002519066,1.00006160911,within_noise,within_noise,0.9541456994545668,1,0
strict_paired_net_log17,Ascend910B3,20,external_v2_dense_wide,896,3584,5120,fp16,0,0,14:736:512:5120:736:32:16:1:4:1:4:0:1:1:2:2:1:1:7:2:1:0:0,contract_global,0.143002796173,1.00194215316,1.00197864142,within_noise,within_noise,0.9763880934369958,1,0
strict_paired_net_log17,Ascend910B3,20,external_v2_dense_wide,896,3584,5120,fp16,0,0,18:304:608:5120:80:16:64:4:2:2:1:0:1:1:1:2:1:1:1:3:6:0:0,feedback_winner_mutation,0.142384004593,1.00014054176,0.999792207247,within_noise,within_noise,0.8805810041668067,1,0
strict_paired_net_log17,Ascend910B3,20,external_v2_dense_wide,896,3584,5120,fp16,0,0,18:304:608:5120:80:16:64:4:2:2:1:0:1:1:1:2:1:1:2:3:5:1:0,feedback_winner_mutation,0.142413597107,1.00034840692,1,within_noise,within_noise,0.8860992541467698,1,0
strict_paired_net_log17,Ascend910B3,20,external_v2_dense_wide,896,3584,5120,fp16,0,0,18:304:608:5120:80:16:64:4:2:2:1:0:1:1:1:2:2:1:2:3:5:0:0,feedback_winner_mutation,0.142449598312,1.0006012883,1.00025279331,within_noise,within_noise,0.8860992541467698,1,0
strict_paired_net_log17,Ascend910B3,20,external_v2_dense_wide,896,3584,5120,fp16,0,0,18:304:608:5120:80:16:64:4:2:2:1:1:1:1:1:2:1:1:2:3:5:0:0,feedback_winner_mutation,0.143013601303,1.00201785878,1.00205434979,within_noise,within_noise,0.9299795329432007,1,0
strict_paired_net_log17,Ascend910B3,20,external_v2_dense_wide,896,3584,5120,fp16,0,0,19:896:192:5120:48:80:64:4:2:4:1:1:1:1:2:1:1:1:2:1:16:1:0,feedback_winner_mutation,0.142728004456,1.00001683832,1.00005325647,within_noise,within_noise,0.9330595752966957,1,0
strict_paired_net_log17,Ascend910B3,20,external_v2_dense_wide,896,3584,5120,fp16,0,0,19:96:1792:5120:32:16:48:8:2:2:1:1:2:2:2:2:2:1:2:10:1:1:0,feedback_winner_mutation,0.142374401093,1.0000730844,0.999724773371,within_noise,within_noise,0.8503423885650936,1,0
strict_paired_net_log17,Ascend910B3,20,external_v2_dense_wide,896,3584,5120,fp16,0,0,19:96:1792:5120:96:32:16:2:1:1:1:0:1:1:2:1:1:1:1:10:2:1:0,feedback_winner_mutation,0.142995996475,1.0018945114,1.00193099793,within_noise,within_noise,0.8769375006295873,1,0
strict_paired_net_log17,Ascend910B3,20,external_v2_dense_wide,896,3584,5120,fp16,0,0,20:128:176:5120:64:48:64:32:32:2:2:0:8:8:2:2:1:3:5:3:5:2:0,contract_global,0.142689199448,1.00228430607,1.00193522491,within_noise,within_noise,0.9899715834588605,1,0
strict_paired_net_log17,Ascend910B3,20,external_v2_dense_wide,896,3584,5120,fp16,0,0,20:160:720:5120:16:48:112:8:32:2:4:0:4:4:1:1:1:6:1:1:5:1:0,contract_global,0.143021602631,1.00207391969,1.00211041275,within_noise,within_noise,0.954098034782584,1,0
strict_paired_net_log17,Ascend910B3,20,external_v2_dense_wide,896,3584,5120,fp16,0,0,20:192:128:5120:128:128:16:8:4:1:1:1:4:4:1:1:1:5:3:1:13:2:0,contract_global,0.142685203552,1.00225623791,1.00190716652,within_noise,within_noise,0.9470457459913257,1,0
strict_paired_net_log17,Ascend910B3,20,external_v2_dense_wide,896,3584,5120,fp16,0,0,20:192:144:5120:32:16:16:8:4:2:1:1:4:4:2:1:1:3:7:2:4:2:0,contract_global,0.142801198959,1.0030710184,1.00272166324,within_noise,within_noise,0.891980845069644,1,0
strict_paired_net_log17,Ascend910B3,20,external_v2_dense_wide,896,3584,5120,fp16,0,0,20:192:896:5120:48:16:64:64:8:4:1:0:8:8:2:2:1:5:2:1:3:0:0,contract_global,0.142668800354,1.00214101778,1.00179198653,within_noise,within_noise,0.8656556358582597,1,0
strict_paired_net_log17,Ascend910B3,20,external_v2_dense_wide,896,3584,5120,fp16,0,0,20:256:720:128:64:32:32:16:16:4:4:1:4:4:2:2:1:1:1:4:5:1:2,contract_global,0.142731599808,1.00004202898,1.00007844805,within_noise,within_noise,0.9936260472731246,1,0
strict_paired_net_log17,Ascend910B3,20,external_v2_dense_wide,896,3584,5120,fp16,0,0,20:32:3584:5120:16:16:640:8:4:2:1:1:4:4:2:2:1:14:1:2:1:0:0,feedback_winner_mutation,0.142913198471,1.00385773074,1.00350810157,within_noise,within_noise,0.8617349836064345,1,0
strict_paired_net_log17,Ascend910B3,20,external_v2_dense_wide,896,3584,5120,fp16,0,0,20:32:3584:5120:16:16:640:8:4:2:1:1:4:4:2:2:1:28:1:1:1:1:0,feedback_winner_mutation,0.142803602219,1.00054651038,1.00058294782,within_noise,within_noise,0.896812293987346,1,0
strict_paired_net_log17,Ascend910B3,20,external_v2_dense_wide,896,3584,5120,fp16,0,0,20:32:608:5120:16:16:896:4:2:2:1:1:1:1:2:2:1:28:2:1:4:2:0,contract_global,0.142712402344,1.00244728897,1.00209815104,within_noise,within_noise,0.9276322552679053,1,0
strict_paired_net_log17,Ascend910B3,20,external_v2_dense_wide,896,3584,5120,fp16,0,0,20:32:720:5120:32:16:640:8:8:1:2:0:4:4:1:1:1:7:1:4:5:1:0,contract_global,0.142879199982,1.00107618244,1.00111263917,within_noise,within_noise,0.9539384296448482,1,0
strict_paired_net_log17,Ascend910B3,20,external_v2_dense_wide,896,3584,5120,fp16,0,0,20:32:720:5120:32:48:16:16:16:1:1:0:8:8:2:2:2:7:1:4:5:0:0,feedback_winner_mutation,0.14300359726,1.00194776593,1.0019842544,within_noise,within_noise,0.8887581751928353,1,0
strict_paired_net_log17,Ascend910B3,20,external_v2_dense_wide,896,3584,5120,fp16,0,0,20:32:720:5120:32:48:16:16:16:1:1:1:8:8:2:2:2:7:2:4:4:0:0,feedback_winner_mutation,0.142709197998,0.99988507179,0.999921485135,within_noise,within_noise,0.8975225547514184,1,0
strict_paired_net_log17,Ascend910B3,20,external_v2_dense_wide,896,3584,5120,fp16,0,0,20:48:512:5120:32:16:320:8:16:1:1:1:8:8:2:2:2:19:7:1:1:2:0,contract_global,0.142720403671,0.999963583796,1,within_noise,within_noise,0.9496067759478218,1,0
strict_paired_net_log17,Ascend910B3,20,external_v2_dense_wide,896,3584,5120,fp16,0,0,20:48:608:2560:16:16:160:32:48:2:3:1:16:16:2:2:1:10:3:2:2:0:2,contract_global,0.142475996017,1.00078671233,1.00043815276,within_noise,within_noise,1.0661415144547852,1,0
strict_paired_net_log17,Ascend910B3,20,external_v2_dense_wide,896,3584,5120,fp16,0,0,20:80:1200:5120:16:16:256:8:16:1:1:1:8:8:1:1:1:4:1:3:3:0:0,contract_global,0.142971200943,1.00172078271,1.00175726291,within_noise,within_noise,0.9354331264009788,1,0
strict_paired_net_log17,Ascend910B3,20,external_v2_dense_wide,896,3584,5120,fp16,0,0,20:896:96:5120:16:32:896:8:4:1:1:0:4:4:2:1:1:1:3:1:18:0:0,feedback_winner_mutation,0.142735595703,1.00007002603,1.00010644611,within_noise,within_noise,0.8656736930480272,1,0
strict_paired_net_log17,Ascend910B3,20,external_v2_dense_wide,896,3584,5120,fp16,0,0,20:96:1792:5120:32:16:48:8:2:2:1:1:2:2:2:2:2:1:1:10:2:1:0,feedback_winner_mutation,0.14245639801,1.00064905107,1.00030053944,within_noise,within_noise,0.825918623048259,1,0
strict_paired_net_log17,Ascend910B3,20,external_v2_dense_wide,896,3584,5120,fp16,0,0,20:96:1792:5120:32:16:48:8:2:2:1:1:2:2:2:2:2:1:2:10:1:1:0,feedback_incumbent_revalidation,0.14243519783,1.00050013575,1.00015167599,within_noise,within_noise,0.8436197045717801,1,0
strict_paired_net_log17,Ascend910B3,20,external_v2_dense_wide,896,3584,5120,fp16,0,0,20:96:1792:5120:32:16:48:8:2:2:1:1:2:2:2:2:2:2:2:5:1:1:0,feedback_winner_mutation,0.142706804276,0.999868300287,0.99990471303,within_noise,within_noise,0.9249963650765474,1,0
strict_paired_net_log17,Ascend910B3,20,external_v2_dense_wide,896,3584,5120,fp16,0,0,20:96:1792:5120:96:32:16:2:1:1:1:1:1:1:2:1:1:1:1:10:2:1:0,feedback_winner_mutation,0.142374801636,1.00007589791,0.99972758591,within_noise,within_noise,0.8042374734540286,1,0
strict_paired_net_log17,Ascend910B3,20,external_v2_dense_wide,896,3584,5120,fp16,0,0,20:96:240:5120:96:16:48:4:8:1:1:0:4:4:2:1:1:1:4:10:4:0:0,contract_global,0.142986001968,1.00182448537,1.00186096935,within_noise,within_noise,0.9711571935783556,1,0
strict_paired_net_log17,Ascend910B3,20,external_v2_dense_wide,896,3584,5120,fp16,0,0,3:320:3584:5120:320:16:16:2:4:1:1:1:2:2:2:1:1:1:1:3:1:0:0,contract_global,0.142699604034,1.00235739047,1.00200828385,within_noise,within_noise,0.9689450952519362,1,0
strict_paired_net_log17,Ascend910B3,20,external_v2_dense_wide,896,3584,5120,fp16,0,0,3:320:3584:5120:320:16:80:4:4:1:1:1:2:2:1:2:1:1:1:3:1:0:0,contract_global,0.142742395401,1.00011766778,1.0001540896,within_noise,within_noise,1.0169956579453499,1,0
strict_paired_net_log17,Ascend910B3,20,external_v2_dense_wide,896,3584,5120,fp16,0,0,5:192:3584:512:64:16:32:48:64:3:2:0:16:16:1:1:1:5:1:1:1:1:2,contract_global,0.142956800461,1.00161988643,1.00165636296,within_noise,within_noise,1.167596695108174,1,0
strict_paired_net_log17,Ascend910B3,20,external_v2_fp32_nn,768,1280,1536,fp32,0,0,10:80:1280:1536:16:16:48:32:16:4:1:0:8:8:1:2:1:2:1:6:1:1:0,feedback_regression_counterfactual,0.0512860012054,0.999797260272,0.982633474456,within_noise,improved,1.0097401149374918,1,0
strict_paired_net_log17,Ascend910B3,20,external_v2_fp32_nn,768,1280,1536,fp32,0,0,10:80:1280:1536:16:16:48:32:16:4:1:0:8:8:1:2:1:4:1:3:1:1:0,contract_global,0.0522431993484,1.01847330789,1.01622273251,regressed,regressed,1.0069621605368002,1,0
strict_paired_net_log17,Ascend910B3,20,external_v2_fp32_nn,768,1280,1536,fp32,0,0,10:80:1280:1536:16:16:48:32:16:4:1:0:8:8:1:2:1:4:1:3:1:2:0,feedback_regression_counterfactual,0.0512839984894,0.999758218233,0.982595102667,within_noise,improved,1.0106475039775147,1,0
strict_paired_net_log17,Ascend910B3,20,external_v2_fp32_nn,768,1280,1536,fp32,0,0,12:224:432:1536:224:48:32:2:4:1:2:0:1:1:1:2:1:2:1:3:3:0:0,contract_global,0.0523615980148,1.02076553071,1.00324177702,regressed,within_noise,1.0027817892812099,1,0
strict_paired_net_log17,Ascend910B3,20,external_v2_fp32_nn,768,1280,1536,fp32,0,0,12:64:1280:1536:16:16:256:4:2:2:1:1:1:1:1:1:1:6:1:2:1:0:0,contract_global,0.0522319984436,1.01823904603,1.00075866517,regressed,within_noise,1.0111076898592037,1,0
strict_paired_net_log17,Ascend910B3,20,external_v2_fp32_nn,768,1280,1536,fp32,0,0,12:768:112:1536:16:112:32:4:4:2:1:0:2:2:2:2:2:1:1:1:12:0:0,contract_global,0.0514483976364,1.00297876814,1.00076243188,within_noise,within_noise,1.0027437913355226,1,0
strict_paired_net_log17,Ascend910B3,20,external_v2_fp32_nn,768,1280,1536,fp32,0,0,18:384:144:1536:96:48:16:16:4:4:1:1:2:2:2:2:1:1:9:2:1:2:0,feedback_winner_mutation,0.0522204017639,1.01801297404,1.00053647422,regressed,within_noise,1.0022827060344657,1,0
strict_paired_net_log17,Ascend910B3,20,external_v2_fp32_nn,768,1280,1536,fp32,0,0,18:384:144:1536:96:48:16:16:4:4:1:1:2:2:2:2:1:2:9:1:1:1:0,feedback_winner_mutation,0.051383600235,1.00171555256,0.99950200769,within_noise,within_noise,1.00253306842914,1,0
strict_paired_net_log17,Ascend910B3,20,external_v2_fp32_nn,768,1280,1536,fp32,0,0,20:128:160:1536:128:64:128:4:8:1:1:1:4:4:1:2:1:3:4:2:2:0:0,contract_global,0.0522264003754,1.01812991424,1.00065140687,regressed,within_noise,1.0064352318143592,1,0
strict_paired_net_log17,Ascend910B3,20,external_v2_fp32_nn,768,1280,1536,fp32,0,0,20:192:64:1536:64:32:128:1:2:1:2:0:1:1:2:2:1:1:2:4:11:0:0,feedback_regression_counterfactual,0.0515895986557,1.00571575444,0.988450364261,within_noise,improved,1.0036163984477595,1,0
strict_paired_net_log17,Ascend910B3,20,external_v2_fp32_nn,768,1280,1536,fp32,0,0,20:192:64:1536:64:32:128:1:2:1:2:1:1:1:2:2:1:1:2:4:11:0:0,contract_global,0.0522444009781,1.01849673348,1.01624610633,regressed,regressed,1.0035526706858258,1,0
strict_paired_net_log17,Ascend910B3,20,external_v2_fp32_nn,768,1280,1536,fp32,0,0,20:224:32:1536:224:16:32:16:8:1:1:0:8:8:1:2:1:4:7:1:6:2:0,contract_global,0.0518911981583,1.01159529952,0.994228973624,regressed,within_noise,1.0048800443258874,1,0
strict_paired_net_log17,Ascend910B3,20,external_v2_fp32_nn,768,1280,1536,fp32,0,0,20:32:128:1536:16:16:16:32:32:2:2:1:8:8:2:2:1:8:3:3:4:2:0,contract_global,0.051930398941,1.01235950095,0.9949800558,regressed,within_noise,1.0029869705385728,1,0
strict_paired_net_log17,Ascend910B3,20,external_v2_fp32_nn,768,1280,1536,fp32,0,0,20:32:640:1536:32:16:224:7:7:1:1:1:7:7:2:2:1:5:1:5:2:0:0,contract_global,0.0512871980667,0.999820592533,0.982656406172,within_noise,improved,1.0087804254660204,1,0
strict_paired_net_log17,Ascend910B3,20,external_v2_fp32_nn,768,1280,1536,fp32,0,0,20:384:16:1536:48:16:96:4:4:1:1:1:4:4:2:2:2:1:40:2:2:2:0,contract_global,0.0522495985031,1.01859805845,1.0163472074,regressed,regressed,1.0054050059681576,1,0
strict_paired_net_log17,Ascend910B3,20,external_v2_fp32_nn,768,1280,1536,fp32,0,0,20:384:16:1536:64:16:160:4:2:4:1:0:1:1:1:2:1:2:20:1:4:0:0,contract_global,0.0514883995056,1.00375859856,1.00154053907,within_noise,within_noise,1.00543033799738,1,0
strict_paired_net_log17,Ascend910B3,20,external_v2_fp32_nn,768,1280,1536,fp32,0,0,20:480:48:1536:480:32:16:16:8:1:1:0:8:8:2:1:1:1:3:2:11:0:0,contract_global,0.0522387981415,1.01837160305,1.00088894655,regressed,within_noise,1.001155583102861,1,0
strict_paired_net_log17,Ascend910B3,20,external_v2_fp32_nn,768,1280,1536,fp32,0,0,20:48:128:1536:16:16:192:24:4:3:1:1:4:4:1:2:1:3:2:7:9:0:0,contract_global,0.0522264003754,1.01812991424,1.00065140687,regressed,within_noise,1.003125426459862,1,0
strict_paired_net_log17,Ascend910B3,20,external_v2_fp32_nn,768,1280,1536,fp32,0,0,20:64:112:1536:16:32:64:64:16:4:2:0:8:8:2:2:2:6:6:2:2:0:0,contract_global,0.0513015985489,1.00010132339,0.982932317638,within_noise,improved,1.0048170277209096,1,0
strict_paired_net_log17,Ascend910B3,20,external_v2_fp32_nn,768,1280,1536,fp32,0,0,20:768:64:1536:16:16:128:32:32:2:4:0:8:8:2:1:1:1:10:1:2:0:0,feedback_regression_counterfactual,0.0524196004868,1.02189626252,1.00435309724,regressed,within_noise,1.0071693437553124,1,0
strict_paired_net_log17,Ascend910B3,20,external_v2_fp32_nn,768,1280,1536,fp32,0,0,20:768:64:1536:16:16:128:32:32:2:4:1:8:8:2:1:1:1:10:1:2:0:0,feedback_regression_counterfactual,0.0522255992889,1.01813019738,1.01588038019,regressed,regressed,1.005576939853177,1,0
strict_paired_net_log17,Ascend910B3,20,external_v2_fp32_nn,768,1280,1536,fp32,0,0,2:512:1280:1536:512:64:16:1:4:1:4:0:1:1:2:2:1:1:1:2:1:0:0,contract_global,0.0513208007813,1.00049128666,0.998280447115,within_noise,within_noise,1.0012918134538233,1,0
strict_paired_net_log17,Ascend910B3,20,external_v2_fp32_nn,768,1280,1536,fp32,0,0,3:256:1280:1536:256:80:32:1:2:1:2:1:1:1:1:1:1:2:1:2:1:0:0,contract_global,0.0523292016983,1.02013397926,1.00262106758,regressed,within_noise,1.006074199823291,1,0
strict_paired_net_log17,Ascend910B3,20,external_v2_fp32_nn,768,1280,1536,fp32,0,0,3:336:1280:1536:336:16:16:16:8:1:1:0:8:8:1:1:1:3:1:1:1:1:0,feedback_regression_counterfactual,0.0522544002533,1.01869166784,1.01644060994,regressed,regressed,1.0056076253987405,1,0
strict_paired_net_log17,Ascend910B3,20,external_v2_fp32_nn,768,1280,1536,fp32,0,0,3:336:1280:1536:336:16:16:16:8:1:1:0:8:8:1:1:1:3:1:1:1:2:0,feedback_regression_counterfactual,0.0512892007828,0.999859634575,0.982694777969,within_noise,improved,1.008312985471592,1,0
strict_paired_net_log17,Ascend910B3,20,external_v2_fp32_nn,768,1280,1536,fp32,0,0,3:336:1280:1536:336:16:16:16:8:1:1:0:8:8:1:1:2:3:1:1:1:0:0,feedback_regression_counterfactual,0.0519227981567,1.01222713488,1.00999036201,regressed,within_noise,1.0056076253987405,1,0
strict_paired_net_log17,Ascend910B3,20,external_v2_fp32_nn,768,1280,1536,fp32,0,0,3:336:1280:1536:336:16:16:16:8:1:1:1:8:8:1:1:1:3:1:1:1:0:0,feedback_regression_counterfactual,0.0522811985016,1.01921409566,1.01696188332,regressed,within_noise,1.0054972274191687,1,0
strict_paired_net_log17,Ascend910B3,20,external_v2_fp32_nn,768,1280,1536,fp32,0,0,3:336:1280:1536:336:16:16:16:8:1:1:1:8:8:1:1:2:3:1:1:1:0:0,feedback_regression_counterfactual,0.0522308015823,1.01821571377,1.00073573346,regressed,within_noise,1.0087173853388758,1,0
strict_paired_net_log17,Ascend910B3,20,external_v2_fp32_nn,768,1280,1536,fp32,0,0,4:192:1280:128:192:16:16:8:8:1:1:0:8:8:1:2:1:4:1:1:1:0:2,feedback_winner_mutation,0.0522580003738,1.01876185165,1.01651063866,regressed,regressed,1.006397278818315,1,0
strict_paired_net_log17,Ascend910B3,20,external_v2_fp32_nn,768,1280,1536,fp32,0,0,4:384:1280:192:128:128:64:9:6:3:1:1:3:3:2:2:2:2:1:1:1:0:3,feedback_incumbent_revalidation,0.052267999649,1.01895678602,1.01670514227,regressed,regressed,1.0007734653702909,1,0
strict_paired_net_log17,Ascend910B3,20,external_v2_fp32_nn,768,1280,1536,fp32,0,0,5:160:1280:1536:160:32:16:1:2:1:2:0:1:1:2:1:1:5:1:1:1:0:0,contract_global,0.0512883996964,0.999859632386,0.997650188649,within_noise,within_noise,1.0050198150937184,1,0
strict_paired_net_log17,Ascend910B3,20,external_v2_fp32_nn,768,1280,1536,fp32,0,0,5:160:1280:1536:160:48:32:16:32:1:2:1:8:8:1:2:1:2:1:3:1:0:0,contract_global,0.0512792015076,0.999664703252,0.982503193084,within_noise,improved,1.0076285572884416,1,0
strict_paired_net_log17,Ascend910B3,20,external_v2_fp32_nn,768,1280,1536,fp32,0,0,6:256:768:1536:32:768:16:64:8:4:1:1:8:8:1:1:1:3:1:1:2:0:0,contract_global,0.0514111995697,1.00225359743,1.00003886362,within_noise,within_noise,1.0020387241490998,1,0
strict_paired_net_log17,Ascend910B3,20,external_v2_fp32_nn,768,1280,1536,fp32,0,0,6:384:512:1536:48:512:16:2:1:2:1:1:1:1:1:2:1:1:2:2:2:0:0,contract_global,0.0512748003006,0.999578903727,0.982418866498,within_noise,improved,1.0009995651966932,1,0
strict_paired_net_log17,Ascend910B3,20,external_v2_fp32_nn,768,1280,1536,fp32,0,0,8:192:640:192:48:64:64:12:12:4:4:0:3:3:1:1:1:1:2:4:1:2:2,feedback_regression_counterfactual,0.0517108011246,1.00809428465,1.00586664436,within_noise,within_noise,1.0075063559111122,1,0
strict_paired_net_log17,Ascend910B3,20,external_v2_fp32_nn,768,1280,1536,fp32,0,0,8:192:640:192:48:64:64:12:12:4:4:0:3:3:1:1:1:2:1:2:2:2:2,feedback_regression_counterfactual,0.0515944004059,1.00580936237,0.988542365197,within_noise,improved,1.0071978533006862,1,0
strict_paired_net_log17,Ascend910B3,20,external_v2_fp32_nn,768,1280,1536,fp32,0,0,8:192:640:192:48:64:64:12:12:4:4:0:3:3:1:1:2:4:2:1:1:0:2,feedback_regression_counterfactual,0.0512811994553,0.999703652338,0.982541473512,within_noise,improved,1.0089680014842737,1,0
strict_paired_net_log17,Ascend910B3,20,external_v2_fp32_nn,768,1280,1536,fp32,0,0,8:192:640:192:48:64:64:12:12:4:4:1:3:3:1:1:2:4:2:1:1:2:2,feedback_regression_counterfactual,0.0512695980072,0.999477487382,0.9823191912,within_noise,improved,1.0091561926241395,1,0
strict_paired_net_log17,Ascend910B3,20,external_v2_fp32_nn,768,1280,1536,fp32,0,0,9:80:1280:1536:16:16:48:32:16:4:1:0:8:8:1:2:1:4:1:3:1:1:0,feedback_regression_counterfactual,0.0512767982483,0.999617852812,0.982457146929,within_noise,improved,1.0101902773121334,1,0
strict_paired_net_log17,Ascend910B3,20,external_v2_fp32_nt,32,352,5120,fp32,0,1,10:16:80:5120:16:32:96:8:32:1:2:0:8:8:2:2:1:1:3:2:2:0:0,contract_global,0.0408423995972,1.00061740748,0.980176796991,within_noise,improved,1.0064795610476587,1,0
strict_paired_net_log17,Ascend910B3,20,external_v2_fp32_nt,32,352,5120,fp32,0,1,10:16:80:5120:16:48:8:4:8:1:1:0:4:4:1:2:1:1:1:2:5:0:0,contract_global,0.0414476013184,0.997122724374,1.01633097423,within_noise,regressed,1.0036336985471161,1,0
strict_paired_net_log17,Ascend910B3,20,external_v2_fp32_nt,32,352,5120,fp32,0,1,11:224:32:5120:224:32:24:16:16:1:1:1:8:8:2:1:1:1:1:1:11:0:0,contract_global,0.0416996002197,1.02161837395,1.00074875576,regressed,within_noise,1.0026598806934963,1,0
strict_paired_net_log17,Ascend910B3,20,external_v2_fp32_nt,32,352,5120,fp32,0,1,11:336:32:5120:336:32:48:2:2:1:1:1:2:2:1:2:1:1:11:1:1:0:0,contract_global,0.0416520023346,1.02045225069,0.999606454059,regressed,within_noise,1.009718559464875,1,0
strict_paired_net_log17,Ascend910B3,20,external_v2_fp32_nt,32,352,5120,fp32,0,1,11:48:32:5120:48:32:80:1:2:1:1:1:1:1:2:2:1:1:6:1:2:0:0,contract_global,0.0407944011688,0.999441471109,0.979024882655,within_noise,improved,1.0085921405052038,1,0
strict_paired_net_log17,Ascend910B3,20,external_v2_fp32_nt,32,352,5120,fp32,0,1,11:80:32:5120:80:32:128:4:4:1:1:1:2:2:1:1:1:1:11:1:1:0:0,contract_global,0.0418243980408,1.02467585523,1.00374377882,regressed,within_noise,1.0073840188061198,1,0
strict_paired_net_log17,Ascend910B3,20,external_v2_fp32_nt,32,352,5120,fp32,0,1,12:16:64:5120:16:64:256:1:1:1:1:0:1:1:1:1:1:2:2:1:4:0:0,contract_global,0.0418344020844,1.00642815633,1.02581566301,within_noise,regressed,1.000891810034163,1,0
strict_paired_net_log17,Ascend910B3,20,external_v2_fp32_nt,32,352,5120,fp32,0,1,15:16:48:5120:16:16:256:8:8:1:2:0:4:4:1:2:1:1:4:2:2:0:0,feedback_winner_mutation,0.0418204021454,1.00609135379,1.02547237242,within_noise,regressed,1.003557185618563,1,0
strict_paired_net_log17,Ascend910B3,20,external_v2_fp32_nt,32,352,5120,fp32,0,1,15:16:48:5120:16:16:96:8:12:1:3:0:4:4:2:1:1:1:2:2:7:0:0,feedback_winner_mutation,0.0414260005951,1.01491532639,0.994182638042,regressed,within_noise,0.9993095101022683,1,0
strict_paired_net_log17,Ascend910B3,20,external_v2_fp32_nt,32,352,5120,fp32,0,1,16:16:48:5120:16:16:256:8:8:1:2:0:4:4:1:2:1:1:1:2:8:1:0,feedback_regression_counterfactual,0.0414039993286,0.996073772604,1.01526181579,within_noise,regressed,0.9955339460639736,1,0
strict_paired_net_log17,Ascend910B3,20,external_v2_fp32_nt,32,352,5120,fp32,0,1,16:16:48:5120:16:16:256:8:8:1:2:0:4:4:1:2:1:1:1:2:8:2:0,feedback_regression_counterfactual,0.0416147994995,1.0195408007,0.998713623177,regressed,within_noise,1.0011471502555593,1,0
strict_paired_net_log17,Ascend910B3,20,external_v2_fp32_nt,32,352,5120,fp32,0,1,16:16:48:5120:16:16:256:8:8:1:2:1:4:4:1:2:1:1:2:2:4:0:0,feedback_regression_counterfactual,0.040788397789,0.999294391455,0.978880807535,within_noise,improved,1.0045118018060364,1,0
strict_paired_net_log17,Ascend910B3,20,external_v2_fp32_nt,32,352,5120,fp32,0,1,16:16:48:5120:16:16:96:8:12:1:3:0:4:4:2:1:1:1:1:2:8:2:0,feedback_regression_counterfactual,0.0407796001434,0.981052333563,0.9999510086,improved,within_noise,0.9957727573358869,1,0
strict_paired_net_log17,Ascend910B3,20,external_v2_fp32_nt,32,352,5120,fp32,0,1,16:16:48:5120:16:16:96:8:12:1:3:0:4:4:2:1:1:1:2:2:4:1:0,feedback_regression_counterfactual,0.0410035991669,1.00456671254,0.98404542566,within_noise,improved,1.0015774811741311,1,0
strict_paired_net_log17,Ascend910B3,20,external_v2_fp32_nt,32,352,5120,fp32,0,1,16:16:48:5120:16:16:96:8:12:1:3:0:4:4:2:1:2:1:2:2:7:1:0,feedback_winner_mutation,0.0408432006836,0.982582399037,1.00151054876,improved,within_noise,0.9962641901253282,1,0
strict_paired_net_log17,Ascend910B3,20,external_v2_fp32_nt,32,352,5120,fp32,0,1,16:16:48:5120:16:16:96:8:12:1:3:1:4:4:2:1:1:1:1:2:8:1:0,feedback_regression_counterfactual,0.0417816019058,1.02362737233,1.00271671433,regressed,within_noise,0.999344545805231,1,0
strict_paired_net_log17,Ascend910B3,20,external_v2_fp32_nt,32,352,5120,fp32,0,1,16:16:48:5120:16:16:96:8:12:1:3:1:4:4:2:1:1:1:2:2:7:0:0,feedback_winner_mutation,0.0409783983231,0.985834906643,1.00482571162,improved,within_noise,0.9952609293628083,1,0
strict_paired_net_log17,Ascend910B3,20,external_v2_fp32_nt,32,352,5120,fp32,0,1,1:192:352:24:192:16:8:3:3:1:1:1:3:3:1:1:1:1:1:1:1:0:2,feedback_winner_mutation,0.0416336011887,1.02000143225,0.999164844937,regressed,within_noise,0.9969749957810888,1,0
strict_paired_net_log17,Ascend910B3,20,external_v2_fp32_nt,32,352,5120,fp32,0,1,1:224:352:5120:224:16:16:8:64:1:4:0:8:8:1:2:1:1:1:1:1:0:0,contract_global,0.0415952014923,1.00067360507,1.01995025794,within_noise,regressed,1.0040100573080666,1,0
strict_paired_net_log17,Ascend910B3,20,external_v2_fp32_nt,32,352,5120,fp32,0,1,1:32:352:16:32:16:16:2:2:1:1:1:1:1:2:2:2:1:1:1:1:1:2,feedback_incumbent_revalidation,0.0415888023376,1.00051965786,1.01979334514,within_noise,regressed,0.9938859828880262,1,0
strict_paired_net_log17,Ascend910B3,20,external_v2_fp32_nt,32,352,5120,fp32,0,1,1:32:352:5120:32:16:16:2:4:1:2:0:1:1:2:2:2:1:1:1:1:0:0,contract_global,0.0415840005875,1.01878624348,0.997974480048,regressed,within_noise,1.0043197158674613,1,0
strict_paired_net_log17,Ascend910B3,20,external_v2_fp32_nt,32,352,5120,fp32,0,1,1:32:352:5120:32:48:80:8:8:1:2:1:4:4:2:1:1:1:1:1:1:0:0,contract_global,0.0408292007446,1.0002940425,0.979860037712,within_noise,improved,1.0035899065675329,1,0
strict_paired_net_log17,Ascend910B3,20,external_v2_fp32_nt,32,352,5120,fp32,0,1,1:32:608:5120:16:608:8:2:1:1:1:0:1:1:2:1:1:1:1:1:1:0:0,contract_global,0.0417036008835,1.00328141573,1.02260830462,within_noise,regressed,1.0088381985601425,1,0
strict_paired_net_log17,Ascend910B3,20,external_v2_fp32_nt,32,352,5120,fp32,0,1,1:48:352:5120:48:64:24:8:32:1:4:0:4:4:2:2:2:1:1:1:1:0:0,contract_global,0.0416516017914,1.02044243759,0.999596841422,regressed,within_noise,1.0069352205303346,1,0
strict_paired_net_log17,Ascend910B3,20,external_v2_fp32_nt,32,352,5120,fp32,0,1,20:16:32:5120:16:16:256:16:16:1:1:0:8:8:2:2:2:2:2:1:7:0:0,contract_global,0.0408355998993,0.982399543712,1.00132417097,improved,within_noise,0.998546794101165,1,0
strict_paired_net_log17,Ascend910B3,20,external_v2_fp32_nt,32,352,5120,fp32,0,1,20:192:16:5120:192:16:64:4:4:1:1:1:2:2:1:1:1:1:22:1:1:0:0,contract_global,0.0407976007462,0.999519859086,0.979101669311,within_noise,improved,1.006762477733447,1,0
strict_paired_net_log17,Ascend910B3,20,external_v2_fp32_nt,32,352,5120,fp32,0,1,20:192:352:24:192:16:8:3:3:1:1:1:3:3:1:1:1:1:1:1:1:2:2,feedback_winner_mutation,0.0416800022125,1.02113823304,1.00027842316,regressed,within_noise,0.9968640882739784,1,0
strict_paired_net_log17,Ascend910B3,20,external_v2_fp32_nt,32,352,5120,fp32,0,1,20:416:16:5120:416:16:16:4:4:1:1:1:2:2:1:2:1:1:2:1:18:2:0,feedback_winner_mutation,0.0416548013687,1.02052082556,0.999673628083,regressed,within_noise,0.9971012264430236,1,0
strict_paired_net_log17,Ascend910B3,20,external_v2_fp32_nt,32,352,5120,fp32,0,1,20:416:16:5120:416:16:16:4:4:1:1:1:2:2:1:2:1:1:6:1:4:2:0,feedback_winner_mutation,0.0417435979843,1.00424364314,1.02358906807,within_noise,within_noise,1.0003013364247453,1,0
strict_paired_net_log17,Ascend910B3,20,external_v2_fp32_nt,32,352,5120,fp32,0,1,20:48:16:5120:48:16:256:8:4:1:1:0:4:4:1:1:1:1:1:1:22:0:0,contract_global,0.0417939996719,1.00545617816,1.02482496097,within_noise,regressed,0.9951846632660529,1,0
strict_paired_net_log17,Ascend910B3,20,external_v2_fp32_nt,32,352,5120,fp32,0,1,20:48:16:5120:48:16:256:8:4:1:1:0:4:4:1:1:1:1:1:1:22:1:0,feedback_regression_counterfactual,0.0414116001129,1.01456252211,0.993837040849,regressed,within_noise,1.002266356045442,1,0
strict_paired_net_log17,Ascend910B3,20,external_v2_fp32_nt,32,352,5120,fp32,0,1,20:48:16:5120:48:16:256:8:4:1:1:0:4:4:1:1:2:1:1:1:22:0:0,feedback_regression_counterfactual,0.0416504001617,1.02041299829,0.999568003512,regressed,within_noise,1.0010731814689635,1,0
strict_paired_net_log17,Ascend910B3,20,external_v2_fp32_nt,32,352,5120,fp32,0,1,20:48:16:5120:48:16:256:8:4:1:1:1:4:4:1:1:1:1:1:1:22:0:0,feedback_regression_counterfactual,0.0414319992065,1.01506228923,0.994326598726,regressed,within_noise,1.0017680940203793,1,0
strict_paired_net_log17,Ascend910B3,20,external_v2_fp32_nt,32,352,5120,fp32,0,1,20:512:16:5120:512:16:8:16:16:1:1:0:8:8:2:2:2:1:1:1:22:0:0,contract_global,0.0408099985123,0.981783640163,1.00069640285,improved,within_noise,0.9969791086577362,1,0
strict_paired_net_log17,Ascend910B3,20,external_v2_fp32_nt,32,352,5120,fp32,0,1,20:656:16:5120:656:16:24:8:4:1:1:0:4:4:1:2:1:1:3:1:9:2:0,contract_global,0.0416459989548,1.02030517102,0.999462378942,regressed,within_noise,1.0035552759552027,1,0
strict_paired_net_log17,Ascend910B3,20,external_v2_fp32_nt,32,352,5120,fp32,0,1,2:192:352:24:192:16:8:3:3:1:1:1:3:3:1:1:1:1:1:1:1:2:2,feedback_winner_mutation,0.0408012008667,0.981571991423,1.00048067698,improved,within_noise,0.9957916942064085,1,0
strict_paired_net_log17,Ascend910B3,20,external_v2_fp32_nt,32,352,5120,fp32,0,1,4:16:176:5120:16:16:48:4:4:1:1:0:2:2:1:1:1:2:1:1:2:0:0,contract_global,0.0414595985413,1.01573845848,0.994988955194,regressed,within_noise,1.0024014671211285,1,0
strict_paired_net_log17,Ascend910B3,20,external_v2_fp32_nt,32,352,5120,fp32,0,1,4:80:96:5120:80:16:8:2:8:1:4:1:2:2:1:2:1:1:1:1:4:0:0,contract_global,0.0407819986343,0.981110035085,1.00000982167,improved,within_noise,1.00814458904892,1,0
strict_paired_net_log17,Ascend910B3,20,external_v2_fp32_nt,32,352,5120,fp32,0,1,8:128:384:192:128:128:64:6:9:1:3:0:3:3:2:2:2:1:1:1:1:1:3,contract_global,0.0416404008865,1.02016802128,0.999328030896,regressed,within_noise,1.0021700668874582,1,0
strict_paired_net_log17,Ascend910B3,20,external_v2_fp32_tn,640,960,1280,fp32,1,0,14:592:144:1280:592:48:16:8:16:1:2:1:4:4:1:1:1:2:1:1:7:0:0,contract_global,0.0342723989487,1.02481877674,1.02549336074,regressed,regressed,1.0065428092519515,1,0
strict_paired_net_log17,Ascend910B3,20,external_v2_fp32_tn,640,960,1280,fp32,1,0,19:32:160:1280:32:32:256:5:10:1:1:1:5:5:2:2:1:20:2:1:5:0:0,feedback_winner_mutation,0.0334507989883,1.00025116279,1.00090957524,within_noise,within_noise,0.9976983695133945,1,0
strict_paired_net_log17,Ascend910B3,20,external_v2_fp32_tn,640,960,1280,fp32,1,0,19:32:320:1280:32:16:160:4:4:1:1:1:4:4:2:2:1:1:1:20:3:0:0,feedback_winner_mutation,0.0334096002579,0.999019231741,0.99967683327,within_noise,within_noise,1.0005986449655768,1,0
strict_paired_net_log17,Ascend910B3,20,external_v2_fp32_tn,640,960,1280,fp32,1,0,1:640:496:1280:32:496:16:16:8:1:1:0:8:8:2:2:1:1:1:1:2:0:0,feedback_winner_mutation,0.0336324000359,1.0094969544,1.00499625187,within_noise,within_noise,1.003624913811044,1,0
strict_paired_net_log17,Ascend910B3,20,external_v2_fp32_tn,640,960,1280,fp32,1,0,20:112:240:16:32:16:16:1:1:1:1:1:1:1:2:2:1:6:2:1:2:1:2,contract_global,0.0340659999847,1.01864700178,1.01931752323,regressed,regressed,1.0027694839948433,1,0
strict_paired_net_log17,Ascend910B3,20,external_v2_fp32_tn,640,960,1280,fp32,1,0,20:128:240:1280:16:48:256:4:2:1:1:0:2:2:1:1:1:1:2:5:3:0:0,feedback_regression_counterfactual,0.0342339992523,1.02755432099,1.02297311219,regressed,regressed,1.0054430040302027,1,0
strict_paired_net_log17,Ascend910B3,20,external_v2_fp32_tn,640,960,1280,fp32,1,0,20:128:32:1280:32:16:96:1:2:1:2:1:1:1:1:2:1:1:15:5:2:0:0,contract_global,0.0343436002731,1.02694785018,1.02762383564,regressed,regressed,1.0116456186362723,1,0
strict_paired_net_log17,Ascend910B3,20,external_v2_fp32_tn,640,960,1280,fp32,1,0,20:160:192:1280:48:48:16:4:16:1:4:0:4:4:1:2:1:1:3:4:2:0:0,feedback_regression_counterfactual,0.0333328008652,1.00050430296,0.996043692927,within_noise,within_noise,1.0107133232219938,1,0
strict_paired_net_log17,Ascend910B3,20,external_v2_fp32_tn,640,960,1280,fp32,1,0,20:160:64:1280:96:48:64:8:16:1:1:0:8:8:2:2:2:1:1:4:15:0:0,contract_global,0.0342560005188,1.02821470239,1.02363054937,regressed,regressed,1.0012363532325854,1,0
strict_paired_net_log17,Ascend910B3,20,external_v2_fp32_tn,640,960,1280,fp32,1,0,20:16:208:1280:16:208:64:1:1:1:1:0:1:1:2:1:1:20:3:2:2:0:0,contract_global,0.0342883992195,1.02918716911,1.02459868048,regressed,regressed,1.0106880136054965,1,0
strict_paired_net_log17,Ascend910B3,20,external_v2_fp32_tn,640,960,1280,fp32,1,0,20:16:240:1280:16:16:768:1:1:1:1:1:1:1:1:1:1:20:2:2:3:0:0,contract_global,0.0335511994362,1.00705966898,1.00256983275,within_noise,within_noise,1.011894269875862,1,0
strict_paired_net_log17,Ascend910B3,20,external_v2_fp32_tn,640,960,1280,fp32,1,0,20:16:240:1280:16:224:64:4:8:1:1:1:4:4:1:1:1:40:1:1:4:0:0,contract_global,0.0342443990707,1.02786647786,1.02328387736,regressed,regressed,1.0066961528349094,1,0
strict_paired_net_log17,Ascend910B3,20,external_v2_fp32_tn,640,960,1280,fp32,1,0,20:16:240:1280:16:64:16:8:4:1:1:0:4:4:1:1:1:1:4:40:1:0:0,contract_global,0.0344671988487,1.03064371463,1.03132213288,regressed,regressed,1.0083214934719482,1,0
strict_paired_net_log17,Ascend910B3,20,external_v2_fp32_tn,640,960,1280,fp32,1,0,20:224:16:1280:112:16:16:16:16:1:1:1:8:8:2:2:2:3:15:1:4:1:0,contract_global,0.0342596006393,1.0283227622,1.02373812741,regressed,regressed,1.0156058293583687,1,0
strict_paired_net_log17,Ascend910B3,20,external_v2_fp32_tn,640,960,1280,fp32,1,0,20:304:32:1280:304:16:48:2:1:1:1:1:1:1:1:2:1:3:8:1:4:0:0,contract_global,0.03392359972,1.01823749013,1.01369781913,regressed,regressed,1.0106261899095763,1,0
strict_paired_net_log17,Ascend910B3,20,external_v2_fp32_tn,640,960,1280,fp32,1,0,20:320:16:1280:32:16:256:4:4:1:1:1:2:2:2:2:1:2:4:1:17:0:0,contract_global,0.0336260008812,1.00930487987,1.00480503368,within_noise,within_noise,1.0069163018493852,1,0
strict_paired_net_log17,Ascend910B3,20,external_v2_fp32_tn,640,960,1280,fp32,1,0,20:32:160:1280:32:32:256:5:10:1:1:1:5:5:2:2:1:10:2:2:5:0:0,feedback_winner_mutation,0.034354801178,1.02728278143,1.02795898736,regressed,regressed,0.9972619856878722,1,0
strict_paired_net_log17,Ascend910B3,20,external_v2_fp32_tn,640,960,1280,fp32,1,0,20:32:160:1280:32:32:256:5:10:1:1:1:5:5:2:2:2:20:2:1:5:0:0,feedback_winner_mutation,0.0344235992432,1.02933999223,1.03001755231,regressed,regressed,0.9973633000669111,1,0
strict_paired_net_log17,Ascend910B3,20,external_v2_fp32_tn,640,960,1280,fp32,1,0,20:32:320:1280:32:16:160:4:4:1:1:1:4:4:2:2:1:1:3:20:1:0:0,feedback_winner_mutation,0.0333299994469,1.00042021669,0.995959981537,within_noise,within_noise,1.004334022576501,1,0
strict_paired_net_log17,Ascend910B3,20,external_v2_fp32_tn,640,960,1280,fp32,1,0,20:48:96:1280:16:32:256:10:10:1:1:1:5:5:2:1:1:14:2:1:8:0:0,contract_global,0.0333064007759,0.999711888222,0.995254811054,within_noise,within_noise,1.0124945714910862,1,0
strict_paired_net_log17,Ascend910B3,20,external_v2_fp32_tn,640,960,1280,fp32,1,0,20:640:16:1280:96:16:128:4:4:1:1:0:2:2:1:1:1:1:8:1:8:0:0,contract_global,0.0343747997284,1.0278807813,1.02855738086,regressed,regressed,1.000747390322566,1,0
strict_paired_net_log17,Ascend910B3,20,external_v2_fp32_tn,640,960,1280,fp32,1,0,20:80:64:1280:16:16:1024:2:4:1:2:0:1:1:1:1:1:1:3:8:5:0:0,contract_global,0.0333796000481,1.00190900892,0.997442136195,within_noise,within_noise,1.0174681190743131,1,0
strict_paired_net_log17,Ascend910B3,20,external_v2_fp32_tn,640,960,1280,fp32,1,0,20:96:48:96:80:48:16:6:6:1:1:0:6:6:2:1:1:1:2:7:12:1:2,feedback_winner_mutation,0.0342768001556,1.02883901615,1.02425207971,regressed,regressed,1.0037645374989492,1,0
strict_paired_net_log17,Ascend910B3,20,external_v2_fp32_tn,640,960,1280,fp32,1,0,2:320:960:128:80:48:16:64:64:4:4:0:8:8:1:1:1:2:1:1:1:2:2,feedback_winner_mutation,0.0342160010338,1.0270140935,1.02243529324,regressed,regressed,0.9965114287012161,1,0
strict_paired_net_log17,Ascend910B3,20,external_v2_fp32_tn,640,960,1280,fp32,1,0,2:320:960:128:80:48:16:64:64:4:4:1:8:8:1:1:2:2:1:1:1:2:2,feedback_winner_mutation,0.0342551994324,1.02819065729,1.02360661148,regressed,regressed,0.9961321107518321,1,0
strict_paired_net_log17,Ascend910B3,20,external_v2_fp32_tn,640,960,1280,fp32,1,0,2:640:496:1280:32:496:16:16:8:1:1:0:8:8:2:2:1:1:1:1:2:1:0,feedback_winner_mutation,0.0342828011513,1.02901913968,1.02443140019,regressed,regressed,1.001511540925785,1,0
strict_paired_net_log17,Ascend910B3,20,external_v2_fp32_tn,640,960,1280,fp32,1,0,3:256:960:1280:256:16:32:2:4:1:1:0:2:2:2:2:1:3:1:1:1:0:0,contract_global,0.0335251998901,1.00627927678,1.00179291983,within_noise,within_noise,1.0038781775061616,1,0
strict_paired_net_log17,Ascend910B3,20,external_v2_fp32_tn,640,960,1280,fp32,1,0,4:160:960:1280:160:16:80:8:16:1:1:0:8:8:1:2:1:2:1:3:1:0:0,contract_global,0.0337520003319,1.00925773374,1.00992207473,within_noise,within_noise,0.9993634367822489,1,0
strict_paired_net_log17,Ascend910B3,20,external_v2_fp32_tn,640,960,1280,fp32,1,0,4:160:960:1280:160:192:48:4:8:1:2:0:4:4:2:1:1:1:1:4:1:0:0,contract_global,0.0334152007103,0.99918669737,0.999844409132,within_noise,within_noise,0.997974545019647,1,0
strict_paired_net_log17,Ascend910B3,20,external_v2_fp32_tn,640,960,1280,fp32,1,0,5:640:192:1280:48:192:16:32:4:4:1:0:4:4:1:2:1:1:5:1:1:0:0,contract_global,0.0336895990372,1.0073918002,1.00805491295,within_noise,within_noise,1.0098419863058954,1,0
strict_paired_net_log17,Ascend910B3,20,external_v2_fp32_tn,640,960,1280,fp32,1,0,7:640:144:1280:144:144:80:4:2:1:1:1:2:2:1:1:1:1:7:1:1:0:0,contract_global,0.0335899996758,1.00822428178,1.00372925329,within_noise,within_noise,1.0050702817181916,1,0
strict_paired_net_log17,Ascend910B3,20,external_v2_fp32_tn,640,960,1280,fp32,1,0,7:80:960:1280:80:96:16:8:64:1:4:0:8:8:2:2:2:8:1:1:1:0:0,feedback_winner_mutation,0.0339287996292,1.01839356857,1.01385320171,regressed,regressed,1.0040909875971682,1,0
strict_paired_net_log17,Ascend910B3,20,external_v2_fp32_tn,640,960,1280,fp32,1,0,8:592:240:1280:592:32:16:1:1:1:1:0:1:1:1:1:1:1:1:2:4:0:0,feedback_incumbent_revalidation,0.0341332006454,1.02065644672,1.02132829089,regressed,regressed,1.0071833880633438,1,0
strict_paired_net_log17,Ascend910B3,20,external_v2_fp32_tn,640,960,1280,fp32,1,0,8:80:960:1280:80:96:16:8:64:1:4:0:8:8:2:2:1:4:1:2:1:0:0,feedback_winner_mutation,0.0334412002563,0.999964139966,1.00062236348,within_noise,within_noise,1.006099888022368,1,0
strict_paired_net_log17,Ascend910B3,20,external_v2_fp32_tn,640,960,1280,fp32,1,0,8:80:960:1280:80:96:16:8:64:1:4:0:8:8:2:2:2:2:1:4:1:0:0,feedback_winner_mutation,0.0333784008026,0.998086300617,0.998743288052,within_noise,within_noise,1.0025831844352135,1,0
strict_paired_net_log17,Ascend910B3,20,external_v2_fp32_tn,640,960,1280,fp32,1,0,8:80:960:1280:80:96:16:8:64:1:4:0:8:8:2:2:2:4:1:2:1:1:0,feedback_winner_mutation,0.0337244009972,1.008432454,1.00909625175,within_noise,within_noise,1.0025789148228377,1,0
strict_paired_net_log17,Ascend910B3,20,external_v2_fp32_tn,640,960,1280,fp32,1,0,8:80:960:1280:80:96:16:8:64:1:4:1:8:8:2:2:2:4:1:2:1:0:0,feedback_regression_counterfactual,0.0342271995544,1.02735022391,1.02276992505,regressed,regressed,1.0034352394390469,1,0
strict_paired_net_log17,Ascend910B3,20,external_v2_fp32_tn,640,960,1280,fp32,1,0,9:640:112:1280:48:112:64:4:4:1:1:0:2:2:2:1:1:1:5:1:2:0:0,contract_global,0.0344052004814,1.03269303006,1.02808891104,regressed,regressed,1.0065735834407687,1,0
strict_paired_net_log17,Ascend910B3,20,external_v2_fp32_tn,640,960,1280,fp32,1,0,9:80:960:1280:80:96:16:8:64:1:4:0:8:8:2:2:2:4:1:2:1:0:0,feedback_winner_mutation,0.0336075997353,1.00875255828,1.00425517454,within_noise,within_noise,1.0031093934770383,1,0
strict_paired_net_log17,Ascend910B3,20,external_v2_fp32_tt,384,640,768,fp32,1,1,16:96:160:768:48:80:16:4:2:2:1:1:2:2:2:1:1:1:2:4:2:1:0,feedback_winner_mutation,0.0191403996944,1.05398677617,1.05053897915,regressed,regressed,1.0021753805398768,1,0
strict_paired_net_log17,Ascend910B3,20,external_v2_fp32_tt,384,640,768,fp32,1,1,19:144:16:768:144:16:16:2:2:1:1:0:1:1:1:2:1:1:7:3:6:0:0,feedback_winner_mutation,0.018283200264,1.00678416397,1.00349077593,within_noise,within_noise,1.0088626188655385,1,0
strict_paired_net_log17,Ascend910B3,20,external_v2_fp32_tt,384,640,768,fp32,1,1,20:128:32:768:16:16:112:2:2:1:1:1:1:1:2:2:1:3:1:1:20:0:0,contract_global,0.0191144001484,1.0525550831,1.04911196943,regressed,regressed,1.0025449506778474,1,0
strict_paired_net_log17,Ascend910B3,20,external_v2_fp32_tt,384,640,768,fp32,1,1,20:16:112:768:16:80:192:2:1:1:1:0:1:1:1:1:1:1:2:24:4:0:0,feedback_winner_mutation,0.0188139998913,1.03601321858,1.03262421659,regressed,regressed,1.0076365535639105,1,0
strict_paired_net_log17,Ascend910B3,20,external_v2_fp32_tt,384,640,768,fp32,1,1,20:16:112:768:16:80:192:2:1:1:1:0:1:1:1:1:1:1:3:24:2:1:0,feedback_winner_mutation,0.0190699994564,1.05011011105,1.04667499536,regressed,regressed,1.0099979354892368,1,0
strict_paired_net_log17,Ascend910B3,20,external_v2_fp32_tt,384,640,768,fp32,1,1,20:16:112:768:16:80:192:2:1:1:1:0:1:1:1:1:2:1:3:24:2:0:0,feedback_winner_mutation,0.0185591995716,1.02198236385,1.01863925953,regressed,regressed,1.0092898953822713,1,0
strict_paired_net_log17,Ascend910B3,20,external_v2_fp32_tt,384,640,768,fp32,1,1,20:16:160:768:16:32:256:3:12:1:4:1:3:3:2:2:2:1:1:24:4:0:0,contract_global,0.0183759999275,1.01189427764,1.00858417342,within_noise,within_noise,1.0051498658413835,1,0
strict_paired_net_log17,Ascend910B3,20,external_v2_fp32_tt,384,640,768,fp32,1,1,20:16:80:768:16:16:160:4:4:1:1:1:2:2:2:2:2:2:1:15:8:0:0,contract_global,0.0183428001404,1.01006609551,1.00676197164,within_noise,within_noise,1.008693673723208,1,0
strict_paired_net_log17,Ascend910B3,20,external_v2_fp32_tt,384,640,768,fp32,1,1,20:64:96:768:48:16:112:7:14:1:1:1:7:7:2:1:1:6:1:1:7:0:0,contract_global,0.0185407996178,1.02096915053,1.01762936063,regressed,regressed,1.0061280956051242,1,0
strict_paired_net_log17,Ascend910B3,20,external_v2_fp32_tt,384,640,768,fp32,1,1,20:80:160:512:32:48:64:16:24:2:3:0:8:8:2:1:1:1:1:5:4:0:2,feedback_winner_mutation,0.0190564000607,1.04936124564,1.04592857964,regressed,regressed,1.0063924856122621,1,0
strict_paired_net_log17,Ascend910B3,20,external_v2_fp32_tt,384,640,768,fp32,1,1,20:80:160:512:32:48:64:16:24:2:3:1:8:8:2:1:1:1:2:5:2:0:2,feedback_incumbent_revalidation,0.0191359996796,1.0537444846,1.05029748017,regressed,regressed,1.0097784054402992,1,0
strict_paired_net_log17,Ascend910B3,20,external_v2_fp32_tt,384,640,768,fp32,1,1,2:128:640:768:128:64:48:2:4:1:1:1:2:2:2:2:2:2:1:2:1:1:0,feedback_winner_mutation,0.0185868000984,1.02350221666,1.0201541406,regressed,regressed,1.0155446256792426,1,0
strict_paired_net_log17,Ascend910B3,20,external_v2_fp32_tt,384,640,768,fp32,1,1,2:256:640:768:256:16:64:2:2:1:1:0:1:1:1:2:1:1:1:2:1:0:0,contract_global,0.0192736005783,1.06132162667,1.05784983592,regressed,regressed,1.0060268053435164,1,0
strict_paired_net_log17,Ascend910B3,20,external_v2_fp32_tt,384,640,768,fp32,1,1,2:304:640:768:304:32:16:4:4:1:2:1:2:2:1:2:1:2:1:1:1:0:0,contract_global,0.0191960000992,1.0570484725,1.05359066007,regressed,regressed,1.01288641510503,1,0
strict_paired_net_log17,Ascend910B3,20,external_v2_fp32_tt,384,640,768,fp32,1,1,4:320:320:768:320:64:16:8:16:1:4:1:4:4:2:1:1:2:2:1:1:0:0,contract_global,0.0193488001823,1.06546257406,1.06197723746,regressed,regressed,1.016672242057808,1,0
strict_paired_net_log17,Ascend910B3,20,external_v2_fp32_tt,384,640,768,fp32,1,1,4:384:160:768:32:160:80:8:8:1:1:1:8:8:2:1:1:1:2:1:2:0:0,contract_global,0.0188663995266,1.03889866108,1.03550022024,regressed,regressed,1.0147153347620572,1,0
strict_paired_net_log17,Ascend910B3,20,external_v2_k_deep,1024,1536,32768,fp16,0,0,15:1024:384:384:128:128:128:6:9:1:3:0:3:3:2:2:2:1:4:1:1:2:3,feedback_regression_counterfactual,0.646873626709,1.06466881784,1.05298786649,regressed,regressed,1.247256680921594,1,0
strict_paired_net_log17,Ascend910B3,20,external_v2_k_deep,1024,1536,32768,fp16,0,0,18:176:512:16:32:32:16:1:1:1:1:1:1:1:2:2:2:3:2:2:2:1:2,runtime_rejected,0,3,3,runtime_rejected,runtime_rejected,3,0,0
strict_paired_net_log17,Ascend910B3,20,external_v2_k_deep,1024,1536,32768,fp16,0,0,19:1024:384:384:128:128:128:6:9:1:3:0:3:3:2:2:1:1:1:1:4:1:3,feedback_regression_counterfactual,0.849035186768,1.39740012776,1.3820686344,regressed,regressed,1.2383605068501775,1,0
strict_paired_net_log17,Ascend910B3,20,external_v2_k_deep,1024,1536,32768,fp16,0,0,19:1024:384:384:128:128:128:6:9:1:3:0:3:3:2:2:2:1:1:1:4:2:3,feedback_winner_mutation,0.551700782776,0.908026847826,0.89806448464,improved,improved,1.1829928143190696,1,0
strict_paired_net_log17,Ascend910B3,20,external_v2_k_deep,1024,1536,32768,fp16,0,0,19:384:1536:384:128:128:128:9:6:3:1:1:3:3:2:2:2:1:1:3:1:0:3,feedback_regression_counterfactual,0.626759185791,1.0315630965,1.02024536262,regressed,regressed,1.246747365032329,1,0
strict_paired_net_log17,Ascend910B3,20,external_v2_k_deep,1024,1536,32768,fp16,0,0,20:1024:384:384:128:128:128:6:9:1:3:0:3:3:2:2:1:1:4:1:1:0:3,feedback_regression_counterfactual,0.838207168579,1.37957863551,1.3644426696,regressed,regressed,1.1474285862559213,1,0
strict_paired_net_log17,Ascend910B3,20,external_v2_k_deep,1024,1536,32768,fp16,0,0,20:1024:384:384:128:128:128:6:9:1:3:0:3:3:2:2:2:1:2:1:2:1:3,feedback_incumbent_revalidation,0.535654792786,0.881617261023,0.871944649068,improved,improved,1.0964805568175997,1,0
strict_paired_net_log17,Ascend910B3,20,external_v2_k_deep,1024,1536,32768,fp16,0,0,20:320:320:64:80:64:16:16:16:4:4:0:4:4:1:1:2:2:5:2:1:0:2,feedback_regression_counterfactual,5.87422180176,9.66819564632,9.56212160608,regressed,regressed,9.926446438408997,1,0
strict_paired_net_log17,Ascend910B3,20,external_v2_k_deep,1024,1536,32768,fp16,0,0,20:384:1536:384:128:128:128:9:6:3:1:1:3:3:2:2:2:3:1:1:1:1:3,feedback_regression_counterfactual,0.600905990601,0.989012141217,0.97816125265,improved,improved,1.2432941902152426,1,0
strict_paired_net_log17,Ascend910B3,20,external_v2_k_low_output_deep_odd,512,384,12289,fp16,0,0,12:512:32:12289:16:16:16:2:2:2:2:0:1:1:2:2:2:1:1:1:12:0:0,contract_global,0.0642356014252,1.00401383972,1.00261602513,within_noise,within_noise,0.9770040339889434,1,0
strict_paired_net_log17,Ascend910B3,20,external_v2_k_low_output_deep_odd,512,384,12289,fp16,0,0,17:96:128:12289:48:16:320:8:8:2:2:1:4:4:2:2:1:2:1:3:3:0:0,feedback_winner_mutation,0.0640759992599,1.00041214472,1.00080592006,within_noise,within_noise,0.9494853872508696,1,0
strict_paired_net_log17,Ascend910B3,20,external_v2_k_low_output_deep_odd,512,384,12289,fp16,0,0,18:96:128:12289:48:16:320:8:8:2:2:0:4:4:2:2:1:2:1:3:3:0:0,feedback_winner_mutation,0.064176402092,1.00197972406,1.00237411642,within_noise,within_noise,0.9507473793815292,1,0
strict_paired_net_log17,Ascend910B3,20,external_v2_k_low_output_deep_odd,512,384,12289,fp16,0,0,18:96:128:12289:48:16:320:8:8:2:2:1:4:4:2:2:1:1:1:6:3:0:0,feedback_winner_mutation,0.0640632009506,1.00131918973,0.999925126706,within_noise,within_noise,0.955569831272488,1,0
strict_paired_net_log17,Ascend910B3,20,external_v2_k_low_output_deep_odd,512,384,12289,fp16,0,0,18:96:128:12289:48:16:320:8:8:2:2:1:4:4:2:2:1:2:3:3:1:0:0,feedback_winner_mutation,0.0639599990845,0.999706126267,0.998314308992,within_noise,within_noise,0.9651414465556457,1,0
strict_paired_net_log17,Ascend910B3,20,external_v2_k_low_output_deep_odd,512,384,12289,fp16,0,0,19:16:128:12289:16:32:32:4:8:1:1:0:4:4:2:2:1:6:1:6:3:1:0,feedback_winner_mutation,0.0639099979401,0.998924599511,0.997533870301,within_noise,within_noise,0.8979335567321927,1,0
strict_paired_net_log17,Ascend910B3,20,external_v2_k_low_output_deep_odd,512,384,12289,fp16,0,0,19:512:16:12289:32:16:1024:4:2:2:1:1:2:2:1:2:1:1:12:1:2:0:0,feedback_winner_mutation,0.0640672016144,1.00027478796,1.00066850924,within_noise,within_noise,0.9027247710464563,1,0
strict_paired_net_log17,Ascend910B3,20,external_v2_k_low_output_deep_odd,512,384,12289,fp16,0,0,19:96:128:12289:48:16:320:8:8:2:2:1:4:4:2:2:1:2:1:3:3:0:0,feedback_winner_mutation,0.0639815998077,1.0000437494,0.99865146208,within_noise,within_noise,0.9599995691275088,1,0
strict_paired_net_log17,Ascend910B3,20,external_v2_k_low_output_deep_odd,512,384,12289,fp16,0,0,1:384:384:96:96:16:16:24:24:4:4:1:6:6:1:2:1:2:1:1:1:2:2,feedback_winner_mutation,0.0640520000458,1.0011441176,0.999750298326,within_noise,within_noise,0.9684569593994643,1,0
strict_paired_net_log17,Ascend910B3,20,external_v2_k_low_output_deep_odd,512,384,12289,fp16,0,0,1:640:384:12289:640:16:16:16:32:1:2:0:8:8:2:2:1:1:1:1:1:0:0,contract_global,0.0640371990204,1.00091277495,0.999519277755,within_noise,within_noise,0.9574006161437816,1,0
strict_paired_net_log17,Ascend910B3,20,external_v2_k_low_output_deep_odd,512,384,12289,fp16,0,0,1:672:384:12289:672:32:16:8:8:1:2:0:4:4:1:1:1:1:1:1:1:0:0,contract_global,0.0640683984756,1.00029347444,1.00068720307,within_noise,within_noise,0.9796527854599477,1,0
strict_paired_net_log17,Ascend910B3,20,external_v2_k_low_output_deep_odd,512,384,12289,fp16,0,0,20:128:32:12289:16:16:64:4:4:1:2:1:2:2:2:2:2:4:2:1:7:0:0,contract_global,0.0640659999847,1.00025602704,1.00064974093,within_noise,within_noise,0.9541092830671378,1,0
strict_paired_net_log17,Ascend910B3,20,external_v2_k_low_output_deep_odd,512,384,12289,fp16,0,0,20:16:128:12289:16:32:32:4:8:1:1:0:4:4:2:2:2:6:1:6:3:1:0,feedback_winner_mutation,0.064141201973,1.00143014813,1.00182432417,within_noise,within_noise,0.8556744880978816,1,0
strict_paired_net_log17,Ascend910B3,20,external_v2_k_low_output_deep_odd,512,384,12289,fp16,0,0,20:16:192:12289:16:16:1024:4:8:1:2:1:2:2:1:1:1:7:1:5:2:0:0,contract_global,0.0640216016769,1.00066898571,0.999275827915,within_noise,within_noise,0.8927332154134018,1,0
strict_paired_net_log17,Ascend910B3,20,external_v2_k_low_output_deep_odd,512,384,12289,fp16,0,0,20:16:256:12289:16:256:128:8:4:1:1:1:4:4:2:1:1:8:1:4:2:2:0,contract_global,0.064008398056,0.999356693909,0.999750053809,within_noise,within_noise,0.91223340495431,1,0
strict_paired_net_log17,Ascend910B3,20,external_v2_k_low_output_deep_odd,512,384,12289,fp16,0,0,20:16:336:12289:16:336:32:16:16:1:1:0:8:8:2:1:1:16:1:2:2:1:0,contract_global,0.0641832017899,1.00319482413,1.0017981498,within_noise,within_noise,0.8761862166943437,1,0
strict_paired_net_log17,Ascend910B3,20,external_v2_k_low_output_deep_odd,512,384,12289,fp16,0,0,20:16:384:12289:16:16:1024:2:8:1:4:1:2:2:1:2:1:32:1:1:1:0:0,contract_global,0.0639200019836,0.999080964483,0.997690017583,within_noise,within_noise,0.9041416654254044,1,0
strict_paired_net_log17,Ascend910B3,20,external_v2_k_low_output_deep_odd,512,384,12289,fp16,0,0,20:176:16:12289:144:16:64:8:8:1:1:0:8:8:1:1:1:3:2:1:14:2:0,contract_global,0.0640259981155,1.00073770282,0.999344449359,within_noise,within_noise,0.9490268092592639,1,0
strict_paired_net_log17,Ascend910B3,20,external_v2_k_low_output_deep_odd,512,384,12289,fp16,0,0,20:256:16:12289:128:16:16:32:16:2:1:1:8:8:1:1:1:2:1:1:24:0:0,contract_global,0.0640967988968,1.00073688736,1.00113079052,within_noise,within_noise,0.904006406847882,1,0
strict_paired_net_log17,Ascend910B3,20,external_v2_k_low_output_deep_odd,512,384,12289,fp16,0,0,20:320:16:12289:320:16:16:1:1:1:1:1:1:1:2:2:1:2:2:1:15:1:0,contract_global,0.0639588022232,0.999687419107,0.998295627884,within_noise,within_noise,0.8830799862865881,1,0
strict_paired_net_log17,Ascend910B3,20,external_v2_k_low_output_deep_odd,512,384,12289,fp16,0,0,20:32:176:12289:16:176:32:16:16:1:1:1:8:8:2:1:1:16:3:1:1:0:0,contract_global,0.0640187978745,1.00062516178,0.999232064997,within_noise,within_noise,0.9314556666399344,1,0
strict_paired_net_log17,Ascend910B3,20,external_v2_k_low_output_deep_odd,512,384,12289,fp16,0,0,20:512:16:12289:16:16:896:2:2:1:1:0:1:1:1:1:1:1:5:1:5:1:0,contract_global,0.0639900016785,1.00017507213,0.998782601974,within_noise,within_noise,0.956482676571927,1,0
strict_paired_net_log17,Ascend910B3,20,external_v2_k_low_output_deep_odd,512,384,12289,fp16,0,0,20:512:16:12289:32:16:1024:4:2:2:1:1:2:2:1:2:1:1:24:1:1:0:0,feedback_winner_mutation,0.0639739990234,0.998819625261,0.999212773773,within_noise,within_noise,0.9038652371401487,1,0
strict_paired_net_log17,Ascend910B3,20,external_v2_k_low_output_deep_odd,512,384,12289,fp16,0,0,20:512:16:12289:32:16:1024:4:2:2:1:1:2:2:1:2:1:1:6:1:4:0:0,feedback_winner_mutation,0.0640520000458,1.0000374474,1.00043107525,within_noise,within_noise,0.9032925947041299,1,0
strict_paired_net_log17,Ascend910B3,20,external_v2_k_low_output_deep_odd,512,384,12289,fp16,0,0,20:512:16:12289:64:16:256:8:8:2:1:0:4:4:2:2:1:1:1:1:24:1:0,contract_global,0.064122800827,1.00114285289,1.00153691584,within_noise,within_noise,0.9133074181574609,1,0
strict_paired_net_log17,Ascend910B3,20,external_v2_k_low_output_deep_odd,512,384,12289,fp16,0,0,20:96:16:12289:16:16:320:4:2:4:1:1:1:1:2:1:1:6:3:1:8:0:0,contract_global,0.0641156005859,1.00213820532,1.00074300205,within_noise,within_noise,0.9216215010753891,1,0
strict_paired_net_log17,Ascend910B3,20,external_v2_k_low_output_deep_odd,512,384,12289,fp16,0,0,20:96:32:12289:80:16:96:8:32:1:2:1:8:8:2:2:2:1:1:6:12:1:0,feedback_winner_mutation,0.0640819978714,1.00050580044,1.00089961264,within_noise,within_noise,0.9253755561784759,1,0
strict_paired_net_log17,Ascend910B3,20,external_v2_k_low_output_deep_odd,512,384,12289,fp16,0,0,2:256:512:12289:32:512:48:32:8:4:1:1:8:8:2:1:1:2:1:1:1:0:0,contract_global,0.0639896011353,1.00016881157,0.998776350133,within_noise,within_noise,0.9956319351697769,1,0
strict_paired_net_log17,Ascend910B3,20,external_v2_k_low_output_deep_odd,512,384,12289,fp16,0,0,2:384:384:96:96:16:16:24:24:4:4:1:6:6:1:2:1:1:1:2:1:2:2,feedback_winner_mutation,0.0640416002274,1.0009815666,0.999587973626,within_noise,within_noise,0.9660918008323703,1,0
strict_paired_net_log17,Ascend910B3,20,external_v2_k_low_output_deep_odd,512,384,12289,fp16,0,0,2:384:384:96:96:16:16:24:24:4:4:1:6:6:1:2:1:2:1:1:1:2:2,feedback_incumbent_revalidation,0.0639024019241,0.99770178694,0.99809449545,within_noise,within_noise,0.9240151979928557,1,0
strict_paired_net_log17,Ascend910B3,20,external_v2_k_low_output_deep_odd,512,384,12289,fp16,0,0,2:448:384:12289:448:32:16:4:2:1:1:1:2:2:2:2:2:2:1:1:1:0:0,contract_global,0.063954000473,0.999612366908,0.998220680162,within_noise,within_noise,0.9673980842492891,1,0
strict_paired_net_log17,Ascend910B3,20,external_v2_k_low_output_deep_odd,512,384,12289,fp16,0,0,2:512:256:12289:48:256:48:16:8:4:1:0:4:4:2:1:1:1:1:1:2:0:0,contract_global,0.0641028022766,1.00083061753,1.00122455759,within_noise,within_noise,1.0067993560742592,1,0
strict_paired_net_log17,Ascend910B3,20,external_v2_k_low_output_deep_odd,512,384,12289,fp16,0,0,3:176:672:12289:48:672:16:2:1:1:1:1:1:1:2:2:1:3:1:1:1:0:0,contract_global,0.0640271997452,1.00075648451,0.999363204896,within_noise,within_noise,1.0015547476947806,1,0
strict_paired_net_log17,Ascend910B3,20,external_v2_k_low_output_deep_odd,512,384,12289,fp16,0,0,3:192:384:12289:192:32:32:1:4:1:4:1:1:1:2:2:1:2:1:2:1:0:0,contract_global,0.0640768003464,1.000424652,1.00081843227,within_noise,within_noise,1.0158249905624226,1,0
strict_paired_net_log17,Ascend910B3,20,external_v2_k_low_output_deep_odd,512,384,12289,fp16,0,0,3:512:128:48:112:32:16:24:24:4:4:0:3:3:1:2:1:1:3:1:1:0:2,contract_global,0.0640547990799,1.00008114844,1.00047479349,within_noise,within_noise,1.0228002355579668,1,0
strict_paired_net_log17,Ascend910B3,20,external_v2_k_low_output_deep_odd,512,384,12289,fp16,0,0,4:1536:96:12289:1536:16:16:8:32:1:4:1:4:4:1:1:1:1:1:1:4:0:0,contract_global,0.0639215993881,0.999105932203,0.99771495054,within_noise,within_noise,0.8872652102762404,1,0
strict_paired_net_log17,Ascend910B3,20,external_v2_k_low_output_deep_odd,512,384,12289,fp16,0,0,4:512:112:12289:144:112:160:8:4:1:1:0:4:4:1:1:1:1:1:1:4:0:0,contract_global,0.063959197998,0.999693605147,0.998301805301,within_noise,within_noise,1.0151625980444468,1,0
strict_paired_net_log17,Ascend910B3,20,external_v2_k_low_output_deep_odd,512,384,12289,fp16,0,0,4:512:96:12289:192:96:112:2:2:1:1:1:1:1:1:2:1:1:4:1:1:0:0,contract_global,0.0639200019836,0.999080964483,0.997690017583,within_noise,within_noise,1.066628848080554,1,0
strict_paired_net_log17,Ascend910B3,20,external_v2_k_low_output_deep_odd,512,384,12289,fp16,0,0,4:512:96:12289:80:96:48:16:4:4:1:0:2:2:2:2:2:1:4:1:1:0:0,contract_global,0.064008398056,1.00046261077,0.999069740299,within_noise,within_noise,1.0473186405464687,1,0
strict_paired_net_log17,Ascend910B3,20,external_v2_k_shallow,1792,2048,320,fp16,0,0,10:1792:224:320:112:224:80:1:2:1:1:0:1:1:2:1:1:1:1:1:10:1:0,feedback_winner_mutation,0.0196355998516,1.01195656254,1.00026489064,within_noise,within_noise,0.9829602844490377,1,0
strict_paired_net_log17,Ascend910B3,20,external_v2_k_shallow,1792,2048,320,fp16,0,0,10:1792:224:320:112:224:80:1:2:1:1:0:1:1:2:1:1:1:2:1:5:0:0,feedback_winner_mutation,0.0196443998814,1.01241008817,1.00071317645,regressed,within_noise,0.9743405692097945,1,0
strict_paired_net_log17,Ascend910B3,20,external_v2_k_shallow,1792,2048,320,fp16,0,0,10:1792:224:320:112:224:80:1:2:1:1:0:1:1:2:1:1:1:2:1:5:1:0,feedback_regression_counterfactual,0.0194532001019,0.999814968523,0.990226636732,within_noise,within_noise,0.990501245909485,1,0
strict_paired_net_log17,Ascend910B3,20,external_v2_k_shallow,1792,2048,320,fp16,0,0,10:1792:224:320:112:224:80:1:2:1:1:1:1:1:2:1:1:1:1:1:10:0:0,feedback_winner_mutation,0.0194120001793,1.00043294434,0.988874410927,within_noise,within_noise,0.998699101920414,1,0
strict_paired_net_log17,Ascend910B3,20,external_v2_k_shallow,1792,2048,320,fp16,0,0,10:1792:224:320:112:224:80:1:2:1:1:1:1:1:2:1:1:1:2:1:5:0:0,feedback_regression_counterfactual,0.0194407999516,0.999177651484,0.989595431632,within_noise,within_noise,0.9903159432276188,1,0
strict_paired_net_log17,Ascend910B3,20,external_v2_k_shallow,1792,2048,320,fp16,0,0,10:192:2048:320:16:32:192:2:2:1:1:1:2:2:2:2:2:2:1:9:1:0:0,contract_global,0.0196863996983,1.01180047455,1.00209720049,regressed,within_noise,1.0204328005399053,1,0
strict_paired_net_log17,Ascend910B3,20,external_v2_k_shallow,1792,2048,320,fp16,0,0,11:1792:224:320:112:224:80:1:2:1:1:0:1:1:2:1:1:1:1:1:10:0:0,feedback_winner_mutation,0.019587199688,1.00670199951,0.997047620366,within_noise,within_noise,0.9991656210702464,1,0
strict_paired_net_log17,Ascend910B3,20,external_v2_k_shallow,1792,2048,320,fp16,0,0,13:144:2048:160:16:16:80:4:4:1:1:0:2:2:1:2:1:13:1:1:1:1:2,feedback_winner_mutation,0.0194247996807,0.998355302965,0.988780969519,within_noise,improved,0.9972770492793468,1,0
strict_paired_net_log17,Ascend910B3,20,external_v2_k_shallow,1792,2048,320,fp16,0,0,13:144:2048:160:16:16:80:4:4:1:1:0:2:2:1:2:1:5:1:3:1:1:2,feedback_incumbent_revalidation,0.0196296000481,1.01164735169,0.99995925227,within_noise,within_noise,0.9980596535739191,1,0
strict_paired_net_log17,Ascend910B3,20,external_v2_k_shallow,1792,2048,320,fp16,0,0,13:144:2048:320:96:112:128:1:2:1:1:0:1:1:2:2:2:7:1:2:1:0:0,contract_global,0.0194223999977,1.00096891801,0.989404192206,within_noise,within_noise,0.987630532600281,1,0
strict_paired_net_log17,Ascend910B3,20,external_v2_k_shallow,1792,2048,320,fp16,0,0,14:256:1024:320:32:48:256:8:4:2:1:1:2:2:1:1:1:7:1:1:2:0:0,contract_global,0.0194472002983,0.999506603141,0.989921228615,within_noise,within_noise,0.9996138693762834,1,0
strict_paired_net_log17,Ascend910B3,20,external_v2_k_shallow,1792,2048,320,fp16,0,0,14:256:1024:320:48:16:320:2:4:1:2:1:1:1:2:2:1:1:2:7:1:0:0,contract_global,0.0194420003891,0.99923934906,0.98965653753,within_noise,within_noise,1.0275274503134115,1,0
strict_paired_net_log17,Ascend910B3,20,external_v2_k_shallow,1792,2048,320,fp16,0,0,15:368:688:320:48:128:16:8:32:2:4:0:4:4:2:2:2:1:1:5:3:0:0,contract_global,0.0194296002388,0.99860203203,0.989025332431,within_noise,improved,1.0569027475275032,1,0
strict_paired_net_log17,Ascend910B3,20,external_v2_k_shallow,1792,2048,320,fp16,0,0,16:1792:128:320:16:128:256:2:2:1:1:1:1:1:2:1:1:1:4:1:5:0:0,contract_global,0.0196000003815,1.01012187872,0.998451403899,within_noise,within_noise,0.9508353907915523,1,0
strict_paired_net_log17,Ascend910B3,20,external_v2_k_shallow,1792,2048,320,fp16,0,0,16:448:512:32:48:48:16:2:2:1:1:0:2:2:1:1:2:1:1:4:4:2:2,feedback_winner_mutation,0.0196464002132,1.01251317893,1.00081507615,regressed,within_noise,0.932786734251393,1,0
strict_paired_net_log17,Ascend910B3,20,external_v2_k_shallow,1792,2048,320,fp16,0,0,18:304:688:16:32:32:16:1:1:1:1:1:1:1:2:2:1:2:1:5:3:0:2,feedback_winner_mutation,0.0196352005005,1.00916904507,0.999491006696,within_noise,within_noise,0.9397481752934248,1,0
strict_paired_net_log17,Ascend910B3,20,external_v2_k_shallow,1792,2048,320,fp16,0,0,18:608:352:320:16:16:256:2:2:2:1:1:1:1:1:2:1:1:2:3:3:0:0,contract_global,0.0196099996567,1.01063720966,0.99896078094,within_noise,within_noise,0.9941830480829738,1,0
strict_paired_net_log17,Ascend910B3,20,external_v2_k_shallow,1792,2048,320,fp16,0,0,19:96:2048:320:16:16:160:8:2:4:1:1:1:1:1:1:1:2:1:10:1:0:0,contract_global,0.0197031998634,1.01266393437,1.00295237963,regressed,within_noise,1.0446668285676803,1,0
strict_paired_net_log17,Ascend910B3,20,external_v2_k_shallow,1792,2048,320,fp16,0,0,20:128:1024:320:16:16:224:4:4:1:1:1:2:2:2:1:1:2:1:8:2:0:0,contract_global,0.0194236004353,0.99829366665,0.98871992431,within_noise,improved,1.007008345843418,1,0
strict_paired_net_log17,Ascend910B3,20,external_v2_k_shallow,1792,2048,320,fp16,0,0,20:160:176:320:96:16:32:16:8:1:1:0:8:8:2:2:2:1:1:12:12:0:0,contract_global,0.0194447994232,0.999383207977,0.989799016823,within_noise,within_noise,1.007017159713457,1,0
strict_paired_net_log17,Ascend910B3,20,external_v2_k_shallow,1792,2048,320,fp16,0,0,20:160:192:320:112:64:256:2:2:1:1:0:1:1:1:2:1:1:1:12:11:1:0,feedback_winner_mutation,0.019397200346,0.999670207859,0.988120486741,within_noise,improved,0.9696185180578948,1,0
strict_paired_net_log17,Ascend910B3,20,external_v2_k_shallow,1792,2048,320,fp16,0,0,20:160:192:320:112:64:256:2:2:1:1:0:1:1:1:2:2:1:1:12:11:0:0,feedback_winner_mutation,0.0194003999233,0.99710125517,0.987538948183,within_noise,improved,0.9814287560455491,1,0
strict_paired_net_log17,Ascend910B3,20,external_v2_k_shallow,1792,2048,320,fp16,0,0,20:176:192:320:128:64:256:2:2:1:1:0:1:1:1:2:1:1:1:11:11:0:0,feedback_winner_mutation,0.0196616005898,1.01329655815,1.00158940457,regressed,within_noise,0.9671883517739625,1,0
strict_paired_net_log17,Ascend910B3,20,external_v2_k_shallow,1792,2048,320,fp16,0,0,20:176:192:320:128:64:256:2:2:1:1:0:1:1:1:2:1:1:1:11:11:1:0,feedback_regression_counterfactual,0.0196187996864,1.00832611026,0.998656155718,within_noise,within_noise,0.9793280078453921,1,0
strict_paired_net_log17,Ascend910B3,20,external_v2_k_shallow,1792,2048,320,fp16,0,0,20:176:192:320:128:64:256:2:2:1:1:1:1:1:1:2:1:1:2:11:9:0:0,feedback_winner_mutation,0.0195096004009,1.00271371335,0.99309758229,within_noise,within_noise,0.976611494324197,1,0
strict_paired_net_log17,Ascend910B3,20,external_v2_k_shallow,1792,2048,320,fp16,0,0,20:1792:16:320:112:16:160:2:1:1:1:0:1:1:1:2:1:1:32:1:4:0:0,contract_global,0.0194739997387,1.00088398483,0.991285401066,within_noise,within_noise,0.9904144277147224,1,0
strict_paired_net_log17,Ascend910B3,20,external_v2_k_shallow,1792,2048,320,fp16,0,0,20:208:128:320:48:32:128:24:6:4:1:0:3:3:2:1:1:1:4:9:4:0:0,contract_global,0.0194288003445,1.00129877159,0.989730234818,within_noise,within_noise,0.9802264678626939,1,0
strict_paired_net_log17,Ascend910B3,20,external_v2_k_shallow,1792,2048,320,fp16,0,0,20:208:688:320:32:16:32:64:64:4:4:1:8:8:2:2:1:2:1:5:3:0:0,contract_global,0.0194796001911,1.00117182519,0.991570481007,within_noise,within_noise,1.0422135907320176,1,0
strict_paired_net_log17,Ascend910B3,20,external_v2_k_shallow,1792,2048,320,fp16,0,0,20:304:80:320:64:48:160:16:4:4:1:1:2:2:2:2:2:1:9:6:3:0:0,contract_global,0.019678800106,1.01140988657,1.00171035829,regressed,within_noise,0.9885741175484206,1,0
strict_paired_net_log17,Ascend910B3,20,external_v2_k_shallow,1792,2048,320,fp16,0,0,20:48:352:320:32:64:48:14:28:1:4:1:7:7:2:1:1:3:1:15:6:0:0,contract_global,0.0196399998665,1.01218332536,1.00048903355,within_noise,within_noise,1.0057491055563512,1,0
strict_paired_net_log17,Ascend910B3,20,external_v2_k_shallow,1792,2048,320,fp16,0,0,20:48:512:320:48:32:192:2:16:1:4:1:2:2:1:2:1:2:1:21:4:0:0,contract_global,0.0196415996552,1.01226577339,1.00057052902,regressed,within_noise,1.0039951001214253,1,0
strict_paired_net_log17,Ascend910B3,20,external_v2_k_shallow,1792,2048,320,fp16,0,0,20:896:32:320:176:32:80:8:8:1:1:0:4:4:1:2:1:2:1:1:64:0:0,contract_global,0.0196203994751,1.01117318333,0.999490562219,regressed,within_noise,0.9830000424830754,1,0
strict_paired_net_log17,Ascend910B3,20,external_v2_k_shallow,1792,2048,320,fp16,0,0,20:96:240:320:96:16:160:4:4:1:2:1:2:2:2:2:2:1:9:19:1:0:0,contract_global,0.0195392000675,1.00423501522,0.994604294716,within_noise,within_noise,1.0032835027288152,1,0
strict_paired_net_log17,Ascend910B3,20,external_v2_k_shallow,1792,2048,320,fp16,0,0,20:96:256:320:96:16:160:2:2:1:1:1:1:1:1:1:1:4:2:5:7:0:0,contract_global,0.0196440005302,1.00962133062,0.999938954787,within_noise,within_noise,1.0214650783682309,1,0
strict_paired_net_log17,Ascend910B3,20,external_v2_k_shallow,1792,2048,320,fp16,0,0,3:640:2048:320:640:48:16:2:8:1:4:0:1:1:2:2:1:3:1:1:1:0:0,contract_global,0.0196220004559,1.0112556928,0.999572118421,regressed,within_noise,1.0273626448943778,1,0
strict_paired_net_log17,Ascend910B3,20,external_v2_k_shallow,1792,2048,320,fp16,0,0,8:1792:224:320:112:224:80:1:2:1:1:0:1:1:2:1:1:1:1:1:10:0:0,feedback_regression_counterfactual,0.0194539999962,0.999856079816,0.990267353773,within_noise,within_noise,0.9917858723155236,1,0
strict_paired_net_log17,Ascend910B3,20,external_v2_k_shallow,1792,2048,320,fp16,0,0,9:1792:224:320:112:224:80:1:2:1:1:0:1:1:2:1:1:1:1:1:10:0:0,feedback_winner_mutation,0.0196340000629,1.0118741145,1.00018339517,regressed,within_noise,0.974353384301279,1,0
strict_paired_net_log17,Ascend910B3,20,external_v2_k_shallow,1792,2048,320,fp16,0,0,9:1792:224:320:112:224:80:1:2:1:1:0:1:1:2:1:1:1:1:1:10:1:0,feedback_regression_counterfactual,0.0196604001522,1.01046420416,1.00077374507,regressed,within_noise,0.991693127314502,1,0
strict_paired_net_log17,Ascend910B3,20,external_v2_k_shallow,1792,2048,320,fp16,0,0,9:1792:224:320:112:224:80:1:2:1:1:1:1:1:2:1:1:1:1:1:10:0:0,feedback_regression_counterfactual,0.0196296000481,1.00888120471,0.999205926753,within_noise,within_noise,0.9915164173555715,1,0
strict_paired_net_log17,Ascend910B3,20,external_v2_layout_nt,1664,2432,3328,fp16,0,1,20:416:496:3328:32:80:64:8:8:2:2:0:4:4:1:1:1:1:5:4:1:0:0,runtime_rejected,0,3,3,runtime_rejected,runtime_rejected,3,0,0
strict_paired_net_log17,Ascend910B3,20,external_v2_layout_nt,1664,2432,3328,fp16,0,1,20:416:496:3328:80:48:256:4:8:2:4:1:1:1:1:2:1:2:2:3:4:0:0,runtime_rejected,0,3,3,runtime_rejected,runtime_rejected,3,0,0
strict_paired_net_log17,Ascend910B3,20,external_v2_layout_nt,1664,2432,3328,fp16,0,1,20:416:496:3328:80:64:256:1:2:1:2:0:1:1:1:1:1:1:1:4:5:0:0,runtime_rejected,0,3,3,runtime_rejected,runtime_rejected,3,0,0
strict_paired_net_log17,Ascend910B3,20,external_v2_layout_nt,1664,2432,3328,fp16,0,1,9:1664:384:384:128:128:128:6:9:1:3:0:3:3:2:2:1:1:2:1:6:0:3,feedback_regression_counterfactual,0.390845985413,3.2431798587,3.22941678001,regressed,regressed,2.767789134230084,1,0
strict_paired_net_log17,Ascend910B3,20,external_v2_layout_nt,1664,2432,3328,fp16,0,1,9:1664:384:384:128:128:128:6:9:1:3:0:3:3:2:2:2:1:3:1:3:0:3,feedback_regression_counterfactual,0.273236408234,2.26147892846,2.26431264694,regressed,regressed,2.784755988024516,1,0
strict_paired_net_log17,Ascend910B3,20,external_v2_layout_tn,1792,2560,3584,fp16,1,0,10:384:2560:384:128:128:128:9:6:3:1:1:3:3:2:2:1:5:1:1:1:0:3,feedback_regression_counterfactual,0.448412399292,3.53329906698,3.51680558412,regressed,regressed,2.7602640478531164,1,0
strict_paired_net_log17,Ascend910B3,20,external_v2_layout_tn,1792,2560,3584,fp16,1,0,10:384:2560:384:128:128:128:9:6:3:1:1:3:3:2:2:2:5:1:1:1:0:3,feedback_regression_counterfactual,0.301081600189,2.38247236182,2.36675552986,regressed,regressed,2.8327245216824566,1,0
strict_paired_net_log17,Ascend910B3,20,external_v2_layout_tn,1792,2560,3584,fp16,1,0,20:448:512:3584:16:96:128:4:2:4:2:0:1:1:2:2:2:4:2:1:4:0:0,runtime_rejected,0,3,3,runtime_rejected,runtime_rejected,3,0,0
strict_paired_net_log17,Ascend910B3,20,external_v2_layout_tn,1792,2560,3584,fp16,1,0,20:448:512:3584:224:64:112:4:2:2:1:1:2:2:1:1:1:4:5:1:1:0:0,runtime_rejected,0,3,3,runtime_rejected,runtime_rejected,3,0,0
strict_paired_net_log17,Ascend910B3,20,external_v2_layout_tn,1792,2560,3584,fp16,1,0,20:896:256:3584:32:96:64:4:2:2:2:1:1:1:2:1:1:1:1:2:10:0:0,runtime_rejected,0,3,3,runtime_rejected,runtime_rejected,3,0,0
strict_paired_net_log17,Ascend910B3,20,external_v2_layout_tt,1280,1920,2560,fp16,1,1,14:192:960:2560:128:80:224:2:8:1:4:1:2:2:1:1:1:7:2:1:1:0:0,contract_global,0.063611998558,0.998812916013,0.998580845402,within_noise,within_noise,1.0020686917073627,1,0
strict_paired_net_log17,Ascend910B3,20,external_v2_layout_tt,1280,1920,2560,fp16,1,1,16:320:480:2560:48:16:128:2:8:1:2:0:2:2:1:2:1:1:4:4:1:0:0,contract_global,0.063937997818,1.00393164013,1.00369838021,within_noise,within_noise,1.0037024887794468,1,0
strict_paired_net_log17,Ascend910B3,20,external_v2_layout_tt,1280,1920,2560,fp16,1,1,16:320:480:2560:48:80:80:4:8:1:2:0:2:2:1:1:1:2:2:2:3:0:0,contract_global,0.0645851993561,1.0061692458,1.00864570612,within_noise,within_noise,1.0033246184654299,1,0
strict_paired_net_log17,Ascend910B3,20,external_v2_layout_tt,1280,1920,2560,fp16,1,1,18:144:960:2560:32:32:48:16:4:4:2:1:2:2:1:2:1:9:2:1:1:0:0,contract_global,0.0636344003677,0.999164661234,0.998932508905,within_noise,within_noise,1.002940502841589,1,0
strict_paired_net_log17,Ascend910B3,20,external_v2_layout_tt,1280,1920,2560,fp16,1,1,18:224:640:2560:64:64:64:4:4:2:2:0:1:1:1:1:1:3:1:2:3:0:0,contract_global,0.0639663982391,1.00437757342,1.00414420988,within_noise,within_noise,1.0035071058370628,1,0
strict_paired_net_log17,Ascend910B3,20,external_v2_layout_tt,1280,1920,2560,fp16,1,1,18:432:320:2560:32:32:64:8:4:4:1:1:2:2:2:2:2:3:1:1:6:0:0,contract_global,0.064474401474,1.00444313172,1.0069153436,within_noise,within_noise,1.0034081764145806,1,0
strict_paired_net_log17,Ascend910B3,20,external_v2_layout_tt,1280,1920,2560,fp16,1,1,18:432:320:2560:48:48:128:4:8:1:2:0:4:4:1:1:1:3:1:1:6:0:0,contract_global,0.0638543987274,1.00261899703,1.00238604209,within_noise,within_noise,1.0035130849786023,1,0
strict_paired_net_log17,Ascend910B3,20,external_v2_layout_tt,1280,1920,2560,fp16,1,1,18:432:320:640:16:16:80:24:16:3:2:0:8:8:2:2:2:1:2:3:3:1:2,contract_global,0.0640515995026,0.997856323212,1.00031232314,within_noise,within_noise,1.0032562827785385,1,0
strict_paired_net_log17,Ascend910B3,20,external_v2_layout_tt,1280,1920,2560,fp16,1,1,18:640:224:2560:32:32:128:16:8:4:2:0:4:4:1:1:1:1:2:2:7:0:0,contract_global,0.0640543985367,0.997899929209,1.00035603646,within_noise,within_noise,1.0037272561831698,1,0
strict_paired_net_log17,Ascend910B3,20,external_v2_layout_tt,1280,1920,2560,fp16,1,1,20:1280:48:2560:176:16:16:8:16:2:2:1:4:4:2:1:1:1:40:1:1:2:0,contract_global,0.0640208005905,1.00523177974,1.00499821773,within_noise,within_noise,1.002040155986807,1,0
strict_paired_net_log17,Ascend910B3,20,external_v2_layout_tt,1280,1920,2560,fp16,1,1,20:128:960:2560:16:32:96:4:2:4:1:1:1:1:2:1:1:5:1:2:2:0:0,contract_global,0.0641115999222,0.998791066429,1.00124936701,within_noise,within_noise,1.0036080834238095,1,0
strict_paired_net_log17,Ascend910B3,20,external_v2_layout_tt,1280,1920,2560,fp16,1,1,20:144:112:1024:32:16:64:64:96:2:3:1:16:16:2:2:2:2:3:7:8:0:2,contract_global,0.0638464021683,1.00249343791,1.00226051214,within_noise,within_noise,1.0022116428975387,1,0
strict_paired_net_log17,Ascend910B3,20,external_v2_layout_tt,1280,1920,2560,fp16,1,1,20:160:96:320:32:16:160:2:2:1:1:0:2:2:1:2:1:2:3:7:8:1:2,contract_global,0.0638044023514,1.00183397176,1.00160119922,within_noise,within_noise,1.0023782089752011,1,0
strict_paired_net_log17,Ascend910B3,20,external_v2_layout_tt,1280,1920,2560,fp16,1,1,20:176:96:2560:176:48:48:4:16:1:2:1:4:4:2:2:2:1:3:8:7:0:0,contract_global,0.0636955976486,1.00012555912,0.999893183521,within_noise,within_noise,1.003019042210674,1,0
strict_paired_net_log17,Ascend910B3,20,external_v2_layout_tt,1280,1920,2560,fp16,1,1,20:1792:32:2560:1792:16:16:4:4:1:1:0:2:2:1:2:1:1:9:1:7:0:0,contract_global,0.0642736005783,1.00131486569,1.00377937804,within_noise,within_noise,1.0009636126814858,1,0
strict_paired_net_log17,Ascend910B3,20,external_v2_layout_tt,1280,1920,2560,fp16,1,1,20:192:96:2560:48:16:320:4:2:4:1:1:1:1:1:1:1:7:1:1:20:2:0,contract_global,0.063944401741,1.00403219225,1.00379890896,within_noise,within_noise,1.0032972402240066,1,0
strict_paired_net_log17,Ascend910B3,20,external_v2_layout_tt,1280,1920,2560,fp16,1,1,20:224:96:2560:16:16:896:6:12:2:4:0:3:3:2:1:1:1:1:6:20:1:0,contract_global,0.0637311983109,1.00068454802,1.00045204255,within_noise,within_noise,1.0042129635660968,1,0
strict_paired_net_log17,Ascend910B3,20,external_v2_layout_tt,1280,1920,2560,fp16,1,1,20:256:288:96:48:32:32:6:6:1:1:1:3:3:2:2:1:2:2:3:4:1:2,contract_global,0.0646220016479,1.00674258666,1.00922045813,within_noise,within_noise,1.0024075925078697,1,0
strict_paired_net_log17,Ascend910B3,20,external_v2_layout_tt,1280,1920,2560,fp16,1,1,20:256:480:2560:16:64:48:2:8:1:4:1:2:2:2:2:1:1:2:5:2:0:0,contract_global,0.0639243984222,1.00371810727,1.00348489696,within_noise,within_noise,1.004076577005425,1,0
strict_paired_net_log17,Ascend910B3,20,external_v2_layout_tt,1280,1920,2560,fp16,1,1,20:256:480:2560:16:80:16:4:1:4:1:0:1:1:1:2:1:5:4:1:1:0:0,contract_global,0.0639020013809,1.00336643692,1.00313330831,within_noise,within_noise,1.0035527668493214,1,0
strict_paired_net_log17,Ascend910B3,20,external_v2_layout_tt,1280,1920,2560,fp16,1,1,20:256:480:2560:48:16:48:1:4:1:4:0:1:1:2:2:2:3:1:2:4:0:0,contract_global,0.0643484020233,1.00248019326,1.0049475738,within_noise,within_noise,1.0036680176215735,1,0
strict_paired_net_log17,Ascend910B3,20,external_v2_layout_tt,1280,1920,2560,fp16,1,1,20:256:480:2560:64:64:32:4:16:1:4:1:2:2:1:2:1:1:2:5:2:0:0,contract_global,0.0640212011337,1.00523806893,1.00500450545,within_noise,within_noise,1.003988550758068,1,0
strict_paired_net_log17,Ascend910B3,20,external_v2_layout_tt,1280,1920,2560,fp16,1,1,20:256:480:2560:96:32:32:8:4:2:1:1:2:2:2:1:1:1:2:5:2:0:0,contract_global,0.0637271976471,1.00062173103,1.00038924014,within_noise,within_noise,1.0040631184005584,1,0
strict_paired_net_log17,Ascend910B3,20,external_v2_layout_tt,1280,1920,2560,fp16,1,1,20:256:480:2560:96:48:32:16:16:2:1:0:8:8:1:2:1:5:4:1:1:0:0,contract_global,0.0637803983688,1.00145706979,1.00122438482,within_noise,within_noise,1.0028826901079533,1,0
strict_paired_net_log17,Ascend910B3,20,external_v2_layout_tt,1280,1920,2560,fp16,1,1,20:256:80:2560:16:16:896:12:6:2:1:1:3:3:1:2:1:1:2:5:15:2:0,contract_global,0.063803601265,1.00182139339,1.00158862377,within_noise,within_noise,1.0036829957664257,1,0
strict_paired_net_log17,Ascend910B3,20,external_v2_layout_tt,1280,1920,2560,fp16,1,1,20:320:176:2560:16:16:2048:4:4:1:1:1:2:2:1:1:1:1:4:4:3:0:0,contract_global,0.0641268014908,0.999027890826,1.0014867743,within_noise,within_noise,1.0028231320365515,1,0
strict_paired_net_log17,Ascend910B3,20,external_v2_layout_tt,1280,1920,2560,fp16,1,1,20:320:384:2560:112:32:256:1:4:1:4:0:1:1:1:1:1:2:2:2:4:0:0,contract_global,0.0644787979126,1.0045116236,1.00698400405,within_noise,within_noise,1.0034660811862737,1,0
strict_paired_net_log17,Ascend910B3,20,external_v2_layout_tt,1280,1920,2560,fp16,1,1,20:320:384:2560:16:64:48:2:8:2:4:0:1:1:2:2:2:1:1:4:5:0:0,contract_global,0.0637167978287,1.00045843679,1.00022598385,within_noise,within_noise,1.004493788626857,1,0
strict_paired_net_log17,Ascend910B3,20,external_v2_layout_tt,1280,1920,2560,fp16,1,1,20:320:384:2560:48:16:96:4:1:4:1:0:1:1:1:1:1:1:1:4:5:0:0,contract_global,0.0645788002014,1.00606955372,1.00854576867,within_noise,within_noise,1.0042365708607084,1,0
strict_paired_net_log17,Ascend910B3,20,external_v2_layout_tt,1280,1920,2560,fp16,1,1,20:320:384:2560:64:64:160:8:8:4:4:0:1:1:2:2:2:1:5:4:1:0:0,contract_global,0.0637847995758,1.00152617597,1.00129347494,within_noise,within_noise,1.0029979943534744,1,0
strict_paired_net_log17,Ascend910B3,20,external_v2_layout_tt,1280,1920,2560,fp16,1,1,20:32:1920:2560:32:16:112:8:8:1:1:0:4:4:2:2:2:10:1:4:1:0:0,contract_global,0.0640808010101,0.998311251884,1.00076837151,within_noise,within_noise,1.0018376112887524,1,0
strict_paired_net_log17,Ascend910B3,20,external_v2_layout_tt,1280,1920,2560,fp16,1,1,20:32:480:2560:16:16:1024:8:8:2:4:1:2:2:2:1:1:40:4:1:1:2:0,contract_global,0.0641096019745,1.0066261074,1.00639222142,within_noise,within_noise,1.001588211974179,1,0
strict_paired_net_log17,Ascend910B3,20,external_v2_layout_tt,1280,1920,2560,fp16,1,1,20:32:480:2560:16:16:768:4:4:2:2:0:2:2:2:2:1:6:1:7:4:2:0,contract_global,0.0640380001068,0.997644458984,1.00009993745,within_noise,within_noise,1.002710648976437,1,0
strict_paired_net_log17,Ascend910B3,20,external_v2_layout_tt,1280,1920,2560,fp16,1,1,20:640:192:2560:64:80:32:8:4:2:1:0:2:2:1:2:1:2:1:1:10:0:0,contract_global,0.0641056013107,0.99869761439,1.00115568497,within_noise,within_noise,1.0036844131530775,1,0
strict_paired_net_log17,Ascend910B3,20,external_v2_layout_tt,1280,1920,2560,fp16,1,1,20:640:32:2560:16:16:1792:4:2:1:1:0:2:2:1:1:1:1:3:2:27:0:0,contract_global,0.0640776014328,1.00612364631,1.00588987708,within_noise,within_noise,1.0025445733719158,1,0
strict_paired_net_log17,Ascend910B3,20,external_v2_layout_tt,1280,1920,2560,fp16,1,1,20:640:32:2560:80:32:192:16:2:4:1:0:2:2:2:2:1:2:2:1:54:2:0,contract_global,0.0639451980591,1.00404469575,1.00381140956,within_noise,within_noise,1.0022664218797463,1,0
strict_paired_net_log17,Ascend910B3,20,external_v2_layout_tt,1280,1920,2560,fp16,1,1,20:896:48:2560:896:16:16:16:16:1:1:1:8:8:2:2:1:2:2:1:38:0:0,contract_global,0.064310798645,1.00189437231,1.00436031098,within_noise,within_noise,1.0016724685147156,1,0
strict_paired_net_log17,Ascend910B3,20,external_v2_layout_tt,1280,1920,2560,fp16,1,1,2:896:1920:2560:896:16:16:16:8:1:1:0:8:8:2:2:2:1:1:2:1:0:0,contract_global,0.0638331985474,1.00228611936,1.00205324176,within_noise,within_noise,1.0046521394951704,1,0
strict_paired_net_log17,Ascend910B3,20,external_v2_layout_tt,1280,1920,2560,fp16,1,1,3:512:1920:2560:512:32:16:16:32:1:4:0:8:8:1:2:1:3:1:1:1:0:0,contract_global,0.0641991996765,1.00015577816,1.00261743767,within_noise,within_noise,1.0040062619118915,1,0
strict_paired_net_log17,Ascend910B3,20,external_v2_layout_tt,1280,1920,2560,fp16,1,1,6:240:1920:96:80:48:16:36:12:3:2:0:6:6:1:2:1:2:1:3:1:2:2,contract_global,0.063951997757,1.00415146218,1.00391815118,within_noise,within_noise,1.0031134854666552,1,0
strict_paired_net_log17,Ascend910B3,20,external_v2_skinny_m,47,3584,12288,fp16,0,0,15:64:240:96:32:80:16:24:36:2:3:1:6:6:1:2:1:1:4:1:4:0:2,contract_global,0.0546335983276,0.9998315797,1.00032958721,within_noise,within_noise,1.0012269383149897,1,0
strict_paired_net_log17,Ascend910B3,20,external_v2_skinny_m,47,3584,12288,fp16,0,0,16:32:448:12288:32:224:64:8:16:1:2:1:8:8:2:2:1:1:2:2:6:0:0,contract_global,0.05479159832,1.0013524051,1.00279650536,within_noise,within_noise,1.0007662707445606,1,0
strict_paired_net_log17,Ascend910B3,20,external_v2_skinny_m,47,3584,12288,fp16,0,0,18:32:400:12288:32:224:64:16:16:1:1:0:8:8:2:2:2:1:3:2:3:0:0,contract_global,0.0550184011459,1.00549737554,1.00694745347,within_noise,within_noise,1.0011488084174638,1,0
strict_paired_net_log17,Ascend910B3,20,external_v2_skinny_m,47,3584,12288,fp16,0,0,19:48:192:12288:16:16:768:2:16:1:4:0:2:2:2:1:1:1:2:1:11:0:0,contract_global,0.0546939992905,0.999568718804,1.00101024673,within_noise,within_noise,1.0009443618287241,1,0
strict_paired_net_log17,Ascend910B3,20,external_v2_skinny_m,47,3584,12288,fp16,0,0,19:48:192:12288:32:48:512:1:1:1:1:1:1:1:1:1:1:1:2:1:11:0:0,contract_global,0.0547735977173,1.00239366265,1.00289294632,within_noise,within_noise,1.002010699656407,1,0
strict_paired_net_log17,Ascend910B3,20,external_v2_skinny_m,47,3584,12288,fp16,0,0,1:144:3584:128:48:32:64:12:4:3:2:0:2:2:1:1:1:1:1:1:1:2:2,contract_global,0.0546420001984,0.998618401286,1.0000585587,within_noise,within_noise,1.0012052283853594,1,0
strict_paired_net_log17,Ascend910B3,20,external_v2_skinny_m,47,3584,12288,fp16,0,0,1:64:3584:12288:64:16:256:2:2:1:1:1:1:1:1:1:1:1:1:1:1:0:0,contract_global,0.0549079990387,1.0034797046,1.00492687275,within_noise,within_noise,1.0018124875069423,1,0
strict_paired_net_log17,Ascend910B3,20,external_v2_skinny_m,47,3584,12288,fp16,0,0,20:1024:32:12288:1024:16:16:2:4:1:2:0:1:1:1:2:1:1:112:1:1:1:0,contract_global,0.0547359991074,1.00033629301,1.00177892789,within_noise,within_noise,1.0007468011947431,1,0
strict_paired_net_log17,Ascend910B3,20,external_v2_skinny_m,47,3584,12288,fp16,0,0,20:128:64:12288:128:32:80:16:16:1:1:1:8:8:2:2:1:1:4:1:14:2:0,contract_global,0.0547279977798,1.00155915314,1.00205802114,within_noise,within_noise,1.0018642445901544,1,0
strict_paired_net_log17,Ascend910B3,20,external_v2_skinny_m,47,3584,12288,fp16,0,0,20:128:80:12288:128:32:32:16:16:1:2:0:8:8:2:2:1:1:45:1:1:2:0,contract_global,0.0547359991074,1.00170558281,1.00220452375,within_noise,within_noise,1.0023090220832314,1,0
strict_paired_net_log17,Ascend910B3,20,external_v2_skinny_m,47,3584,12288,fp16,0,0,20:16:192:12288:16:16:768:1:8:1:4:0:1:1:2:2:1:1:4:3:5:2:0,contract_global,0.0547976016998,1.00283295167,1.00333245414,within_noise,within_noise,1.0020248099860363,1,0
strict_paired_net_log17,Ascend910B3,20,external_v2_skinny_m,47,3584,12288,fp16,0,0,20:16:240:12288:16:16:1792:2:4:1:1:1:2:2:1:1:1:3:4:1:4:1:0,contract_global,0.0547567987442,1.00208623015,1.00258536069,within_noise,within_noise,1.0020091887486382,1,0
strict_paired_net_log17,Ascend910B3,20,external_v2_skinny_m,47,3584,12288,fp16,0,0,20:16:256:12288:16:16:896:2:8:1:4:0:2:2:2:2:2:3:2:1:10:1:0,contract_global,0.0547552013397,1.00205699657,1.00255611255,within_noise,within_noise,1.0016849969469277,1,0
strict_paired_net_log17,Ascend910B3,20,external_v2_skinny_m,47,3584,12288,fp16,0,0,20:16:256:12288:16:32:384:4:16:1:4:0:2:2:2:1:1:1:1:3:14:0:0,contract_global,0.0546803998947,0.999320180928,1.00076135042,within_noise,within_noise,1.0011314754144502,1,0
strict_paired_net_log17,Ascend910B3,20,external_v2_skinny_m,47,3584,12288,fp16,0,0,20:16:288:12288:16:224:64:8:16:1:1:1:8:8:2:2:1:1:3:3:6:0:0,contract_global,0.0546019983292,0.997887340878,0.999326444003,within_noise,within_noise,1.0012984853498732,1,0
strict_paired_net_log17,Ascend910B3,20,external_v2_skinny_m,47,3584,12288,fp16,0,0,20:16:368:80:16:16:80:2:2:1:1:1:1:1:1:2:1:2:3:2:4:2:2,contract_global,0.054767999649,1.00229121424,1.00279044688,within_noise,within_noise,1.0023491131076285,1,0
strict_paired_net_log17,Ascend910B3,20,external_v2_skinny_m,47,3584,12288,fp16,0,0,20:1792:160:12288:1792:16:16:4:4:1:1:1:2:2:1:2:1:1:8:1:3:1:0,contract_global,0.0547951984406,1.00278897041,1.00328845098,within_noise,within_noise,1.001718851715836,1,0
strict_paired_net_log17,Ascend910B3,20,external_v2_skinny_m,47,3584,12288,fp16,0,0,20:256:80:12288:256:32:16:4:8:1:2:0:4:4:1:2:1:1:15:1:3:0:0,contract_global,0.0547376012802,1.00173490365,1.0022338592,within_noise,within_noise,1.0016325525561294,1,0
strict_paired_net_log17,Ascend910B3,20,external_v2_skinny_m,47,3584,12288,fp16,0,0,20:32:144:12288:32:48:256:2:2:1:1:1:1:1:1:2:1:1:2:2:15:2:0,contract_global,0.0546504020691,0.998771950989,1.00021232985,within_noise,within_noise,1.0021941624872353,1,0
strict_paired_net_log17,Ascend910B3,20,external_v2_skinny_m,47,3584,12288,fp16,0,0,20:32:304:12288:32:48:128:16:32:1:4:1:8:8:2:1:1:1:12:2:1:0:0,contract_global,0.0547143983841,1.00131027505,1.0018090191,within_noise,within_noise,1.0021127714267508,1,0
strict_paired_net_log17,Ascend910B3,20,external_v2_skinny_m,47,3584,12288,fp16,0,0,20:32:336:12288:16:16:2048:2:1:2:1:1:1:1:1:1:1:1:3:2:4:0:0,contract_global,0.0546403980255,0.998589120523,1.00002923572,within_noise,within_noise,1.0025381660342763,1,0
strict_paired_net_log17,Ascend910B3,20,external_v2_skinny_m,47,3584,12288,fp16,0,0,20:448:64:12288:448:64:64:8:8:1:1:1:8:8:1:1:1:1:1:1:56:1:0,contract_global,0.0547624015808,1.00218876582,1.00268794744,within_noise,within_noise,1.001318328536695,1,0
strict_paired_net_log17,Ascend910B3,20,external_v2_skinny_m,47,3584,12288,fp16,0,0,20:48:128:12288:48:32:64:2:16:1:4:1:2:2:2:1:1:1:2:1:16:0:0,contract_global,0.0546439981461,1.00002190337,1.00052000568,within_noise,within_noise,1.002133144696902,1,0
strict_paired_net_log17,Ascend910B3,20,external_v2_skinny_m,47,3584,12288,fp16,0,0,20:48:64:12288:16:64:128:24:8:3:1:0:4:4:1:2:1:1:3:1:25:0:0,contract_global,0.0546428012848,1,1.00049809141,within_noise,within_noise,1.0017906441772952,1,0
strict_paired_net_log17,Ascend910B3,20,external_v2_skinny_m,47,3584,12288,fp16,0,0,20:48:64:12288:32:64:192:8:8:1:1:1:8:8:2:1:1:1:1:1:56:0:0,contract_global,0.0547976016998,1.00283295167,1.00333245414,within_noise,within_noise,1.0017604843470713,1,0
strict_paired_net_log17,Ascend910B3,20,external_v2_skinny_m,47,3584,12288,fp16,0,0,20:48:64:12288:48:16:160:8:32:1:4:1:8:8:2:2:1:1:3:1:25:0:0,contract_global,0.0546848011017,1.00076862489,1.00126709914,within_noise,within_noise,1.001718129418744,1,0
strict_paired_net_log17,Ascend910B3,20,external_v2_skinny_m,47,3584,12288,fp16,0,0,20:48:64:12288:48:32:640:4:4:1:1:1:4:4:1:1:1:1:2:1:47:0:0,contract_global,0.0546632003784,1.00037331713,1.00087159448,within_noise,within_noise,1.0019802307257917,1,0
strict_paired_net_log17,Ascend910B3,20,external_v2_skinny_m,47,3584,12288,fp16,0,0,20:48:80:12288:16:80:192:2:1:1:1:0:1:1:1:1:1:1:3:1:22:0:0,contract_global,0.0547368001938,1.0003509334,1.00179358939,within_noise,within_noise,1.0022149453711013,1,0
strict_paired_net_log17,Ascend910B3,20,external_v2_skinny_m,47,3584,12288,fp16,0,0,20:48:80:12288:48:16:320:4:16:1:4:0:4:4:2:1:1:1:2:1:41:0:0,contract_global,0.0547179985046,1.00137615968,1.00187493654,within_noise,within_noise,1.0015315945330405,1,0
strict_paired_net_log17,Ascend910B3,20,external_v2_skinny_m,47,3584,12288,fp16,0,0,20:48:80:12288:48:32:256:16:8:1:1:0:8:8:2:2:1:1:1:1:45:0:0,contract_global,0.0547408008575,1.00042404815,1.00186680958,within_noise,within_noise,1.0014353899256707,1,0
strict_paired_net_log17,Ascend910B3,20,external_v2_skinny_m,47,3584,12288,fp16,0,0,20:48:80:12288:48:32:320:4:2:1:1:0:2:2:2:2:2:1:1:1:45:0:0,contract_global,0.0547359991074,1.00170558281,1.00220452375,within_noise,within_noise,1.0023094802493837,1,0
strict_paired_net_log17,Ascend910B3,20,external_v2_skinny_m,47,3584,12288,fp16,0,0,20:512:32:12288:512:16:32:8:32:1:2:1:8:8:2:2:1:1:112:1:1:2:0,contract_global,0.0547900009155,1.0026938522,1.0031932854,within_noise,within_noise,1.0016726356967403,1,0
strict_paired_net_log17,Ascend910B3,20,external_v2_skinny_m,47,3584,12288,fp16,0,0,20:512:48:12288:512:32:16:16:16:1:1:1:8:8:2:1:1:1:15:1:5:1:0,contract_global,0.0548579978943,1.00256590088,1.00401175119,within_noise,within_noise,1.000647684350916,1,0
strict_paired_net_log17,Ascend910B3,20,external_v2_skinny_m,47,3584,12288,fp16,0,0,20:640:160:16:160:16:16:8:8:4:4:0:1:1:1:2:1:1:4:1:6:0:2,contract_global,0.0547399997711,1.00040940777,1.00185214809,within_noise,within_noise,1.0001842642237078,1,0
strict_paired_net_log17,Ascend910B3,20,external_v2_skinny_m,47,3584,12288,fp16,0,0,20:640:80:12288:640:32:48:2:2:1:1:0:2:2:1:1:1:1:5:1:10:0:0,contract_global,0.0547399997711,1.00177879765,1.00227777506,within_noise,within_noise,1.0017591761230544,1,0
strict_paired_net_log17,Ascend910B3,20,external_v2_skinny_m,47,3584,12288,fp16,0,0,20:80:80:16:80:64:16:2:1:1:1:1:1:1:2:1:1:1:3:1:17:1:2,contract_global,0.0546040010452,0.999289929528,0.999787667255,within_noise,within_noise,1.0010544624317748,1,0
strict_paired_net_log17,Ascend910B3,20,external_v2_skinny_m,47,3584,12288,fp16,0,0,20:896:80:12288:896:16:16:16:32:1:2:1:8:8:1:2:1:1:1:1:45:1:0,contract_global,0.054760799408,1.00078953478,1.0022328233,within_noise,within_noise,0.999674308360814,1,0
strict_paired_net_log17,Ascend910B3,20,external_v2_skinny_m,47,3584,12288,fp16,0,0,3:64:1200:12288:64:16:112:16:16:1:1:0:8:8:1:1:1:1:1:1:3:0:0,contract_global,0.0547448015213,1.0018666729,1.00236569408,within_noise,within_noise,1.0015390308946222,1,0
strict_paired_net_log17,Ascend910B3,20,external_v2_skinny_m,47,3584,12288,fp16,0,0,4:128:896:12288:128:16:64:1:8:1:4:1:1:1:1:1:1:1:4:1:1:0:0,contract_global,0.0547883987427,1.00266453137,1.00316394995,within_noise,within_noise,1.001203052888893,1,0
strict_paired_net_log17,Ascend910B3,20,external_v2_skinny_m,47,3584,12288,fp16,0,0,4:512:896:12288:512:16:32:1:8:1:4:0:1:1:1:2:1:1:1:1:4:0:0,contract_global,0.0547100019455,0.999861177824,1.00130312752,within_noise,within_noise,1.000244920874306,1,0
strict_paired_net_log17,Ascend910B3,20,external_v2_skinny_n,3584,73,12288,fp16,0,0,18:608:32:12288:16:32:448:16:8:1:1:0:8:8:2:2:2:3:2:2:2:1:0,feedback_regression_counterfactual,0.139964799881,1.14793364681,1.14813705104,regressed,regressed,1.016233559523499,1,0
strict_paired_net_log17,Ascend910B3,20,external_v2_skinny_n,3584,73,12288,fp16,0,0,18:608:32:12288:16:32:448:16:8:1:1:1:8:8:2:2:1:3:2:2:2:1:0,feedback_regression_counterfactual,0.134552402496,1.10354339245,1.10373893109,regressed,regressed,1.0165904385970246,1,0
strict_paired_net_log17,Ascend910B3,20,external_v2_skinny_n,3584,73,12288,fp16,0,0,18:608:32:12288:16:32:448:16:8:1:1:1:8:8:2:2:2:3:2:2:2:2:0,feedback_regression_counterfactual,0.12168680191,0.998025034896,0.998201876572,within_noise,within_noise,1.0172415243781576,1,0
strict_paired_net_log17,Ascend910B3,20,external_v2_skinny_n,3584,73,12288,fp16,0,0,19:336:16:12288:48:16:48:64:16:4:1:1:8:8:1:2:1:11:2:1:3:2:0,feedback_regression_counterfactual,0.124096803665,1.01779087677,1.01797122079,regressed,regressed,1.0104956668964697,1,0
strict_paired_net_log17,Ascend910B3,20,external_v2_skinny_n,3584,73,12288,fp16,0,0,1:3584:96:12288:64:96:48:64:8:4:1:0:8:8:2:2:1:1:1:1:1:0:0,contract_global,0.124573602676,1.0217013859,1.02188242283,regressed,regressed,1.0106254207292507,1,0
strict_paired_net_log17,Ascend910B3,20,external_v2_skinny_n,3584,73,12288,fp16,0,0,20:128:16:12288:16:16:192:4:2:2:1:0:1:1:1:2:1:4:1:7:5:1:0,feedback_regression_counterfactual,0.122712802887,1.00643987237,1.00661820508,within_noise,within_noise,1.0065931397628947,1,0
strict_paired_net_log17,Ascend910B3,20,external_v2_skinny_n,3584,73,12288,fp16,0,0,20:128:384:512:48:128:32:32:48:2:3:1:16:16:2:1:1:28:1:1:1:2:2,feedback_incumbent_revalidation,0.122861604691,1.00766028348,1.00783883244,within_noise,within_noise,1.0021092014195163,1,0
strict_paired_net_log17,Ascend910B3,20,external_v2_skinny_n,3584,73,12288,fp16,0,0,20:144:64:12288:16:64:256:4:1:4:1:1:1:1:1:2:1:9:1:3:2:0:0,contract_global,0.121748399734,0.998530234879,0.998707166073,within_noise,within_noise,1.0200156602874193,1,0
strict_paired_net_log17,Ascend910B3,20,external_v2_skinny_n,3584,73,12288,fp16,0,0,20:192:32:12288:48:32:384:4:4:2:1:1:2:2:1:2:1:19:3:1:1:2:0,contract_global,0.121828804016,0.999189677685,0.99936672573,within_noise,within_noise,1.0140554118959337,1,0
strict_paired_net_log17,Ascend910B3,20,external_v2_skinny_n,3584,73,12288,fp16,0,0,20:336:16:12288:48:16:48:64:16:4:1:0:8:8:1:2:2:11:2:1:3:2:0,feedback_regression_counterfactual,0.125240001678,1.02716691607,1.02734892145,regressed,regressed,1.009690509600891,1,0
strict_paired_net_log17,Ascend910B3,20,external_v2_skinny_n,3584,73,12288,fp16,0,0,20:336:16:12288:48:16:48:64:16:4:1:1:8:8:1:2:1:11:2:1:3:0:0,feedback_regression_counterfactual,0.122409601212,1.0039531371,1.00413102918,within_noise,within_noise,1.010178349654905,1,0
strict_paired_net_log17,Ascend910B3,20,external_v2_skinny_n,3584,73,12288,fp16,0,0,20:368:16:12288:32:16:512:1:1:1:1:0:1:1:2:1:1:5:2:2:4:1:0,contract_global,0.121696796417,0.998107005724,0.998283861923,within_noise,within_noise,1.0301797508747081,1,0
strict_paired_net_log17,Ascend910B3,20,external_v2_skinny_n,3584,73,12288,fp16,0,0,2:1792:320:12288:32:320:80:4:2:2:1:1:1:1:1:1:1:2:1:1:1:0:0,contract_global,0.124004402161,1.01703303769,1.01721324743,regressed,regressed,1.0183753609701611,1,0
strict_paired_net_log17,Ascend910B3,20,external_v2_skinny_n,3584,73,12288,fp16,0,0,2:3584:48:12288:16:48:256:2:4:1:1:1:2:2:2:2:1:1:2:1:1:0:0,contract_global,0.134343204498,1.10182763662,1.10202287125,regressed,regressed,1.0162620152251414,1,0
strict_paired_net_log17,Ascend910B3,20,external_v2_skinny_n,3584,73,12288,fp16,0,0,3:3584:32:12288:80:32:96:4:8:1:1:1:4:4:2:1:1:1:1:1:3:1:0,contract_global,0.139440803528,1.14363604452,1.14383868725,regressed,regressed,1.0162984115702403,1,0
strict_paired_net_log17,Ascend910B3,20,external_v2_skinny_n,3584,73,12288,fp16,0,0,4:896:224:12288:32:224:32:64:16:4:1:1:8:8:1:1:1:1:1:4:1:0:0,contract_global,0.124573202133,1.02169810081,1.02187913716,regressed,regressed,1.007380556000252,1,0
strict_paired_net_log17,Ascend910B3,20,external_v2_template_al1,16,304,5120,fp32,0,1,10:192:32:5120:192:32:24:4:8:1:1:0:4:4:2:1:1:1:2:1:6:0:0,contract_global,0.013245600462,0.958298396499,1.02355343314,improved,regressed,1.015222793238824,1,0
strict_paired_net_log17,Ascend910B3,20,external_v2_template_al1,16,304,5120,fp32,0,1,10:512:32:5120:512:16:8:2:4:1:1:0:2:2:2:2:2:1:5:1:2:0:0,contract_global,0.0139100003242,1.00636668336,1.0748949153,within_noise,regressed,1.0350022407578938,1,0
strict_paired_net_log17,Ascend910B3,20,external_v2_template_al1,16,304,5120,fp32,0,1,18:16:16:5120:16:16:160:1:1:1:1:0:1:1:2:2:2:1:4:1:6:1:0,feedback_regression_counterfactual,0.0139092004299,1.00630881226,1.07483310349,within_noise,regressed,1.0217063647856712,1,0
strict_paired_net_log17,Ascend910B3,20,external_v2_template_al1,16,304,5120,fp32,0,1,18:16:16:5120:16:16:160:1:1:1:1:1:1:1:1:1:2:1:4:1:6:1:0,feedback_regression_counterfactual,0.0138075995445,0.998958147718,1.0669818977,within_noise,regressed,1.0132885803961622,1,0
strict_paired_net_log17,Ascend910B3,20,external_v2_template_al1,16,304,5120,fp32,0,1,18:16:16:5120:16:16:160:1:1:1:1:1:1:1:2:2:1:1:4:1:6:2:0,feedback_regression_counterfactual,0.0138896000385,1.00489075471,1.07331848375,within_noise,regressed,1.0141605927815063,1,0
strict_paired_net_log17,Ascend910B3,20,external_v2_template_al1,16,304,5120,fp32,0,1,19:144:16:5120:144:16:24:8:8:1:1:1:8:8:2:1:1:1:19:1:1:0:0,contract_global,0.0138712000847,1.00355954695,1.0718966278,within_noise,regressed,1.0271249577545951,1,0
strict_paired_net_log17,Ascend910B3,20,external_v2_template_al1,16,304,5120,fp32,0,1,19:16:16:5120:16:16:160:1:1:1:1:0:1:1:1:1:1:1:2:1:12:0:0,feedback_regression_counterfactual,0.013850799799,1.00208361831,1.07032019625,within_noise,regressed,1.020709363780015,1,0
strict_paired_net_log17,Ascend910B3,20,external_v2_template_al1,16,304,5120,fp32,0,1,19:16:16:5120:16:16:160:1:1:1:1:1:1:1:1:1:1:1:4:1:6:0:0,feedback_incumbent_revalidation,0.0132907998562,0.961568501706,1.02704621515,improved,regressed,1.0225123729030987,1,0
strict_paired_net_log17,Ascend910B3,20,external_v2_template_al1,16,304,5120,fp32,0,1,19:16:16:5120:16:16:448:12:1:1:1:0:12:1:2:2:2:1:1:1:19:2:10,feedback_regression_counterfactual,0.0136031997204,0.984170141382,1.05118690658,improved,regressed,1.036092050670942,1,0
strict_paired_net_log17,Ascend910B3,20,external_v2_template_al1,16,304,5120,fp32,0,1,19:16:16:5120:16:16:448:12:1:1:1:1:12:1:2:2:2:1:1:1:19:0:10,feedback_regression_counterfactual,0.0137943994999,0.998003145217,1.0659618646,within_noise,regressed,1.0355399406248644,1,0
strict_paired_net_log17,Ascend910B3,20,external_v2_template_al1,16,304,5120,fp32,0,1,19:224:16:5120:224:16:8:1:1:1:1:1:1:1:2:2:2:1:19:1:1:0:0,contract_global,0.0139248001575,1.00743742806,1.07603857204,within_noise,regressed,1.0248804607125968,1,0
strict_paired_net_log17,Ascend910B3,20,external_v2_template_al1,16,304,5120,fp32,0,1,19:80:16:5120:80:16:8:1:1:1:1:0:1:1:1:1:2:1:10:1:2:0:0,feedback_regression_counterfactual,0.0140952003002,1.01976561084,1.08920623866,regressed,regressed,1.0168076677280276,1,0
strict_paired_net_log17,Ascend910B3,20,external_v2_template_al1,16,304,5120,fp32,0,1,1:16:304:5120:16:304:8:8:4:1:1:0:4:4:2:2:1:1:1:1:1:0:0,contract_global,0.0129848003387,0.939429917057,1.00340011035,improved,within_noise,1.0169159248287631,1,0
strict_paired_net_log17,Ascend910B3,20,external_v2_template_al1,16,304,5120,fp32,0,1,1:96:304:1024:96:16:8:128:128:1:1:0:128:128:2:2:1:1:1:1:1:0:2,contract_global,0.0137259995937,0.993054519402,1.06067626361,within_noise,regressed,1.031497264804081,1,0
strict_paired_net_log17,Ascend910B3,20,external_v2_template_al1,16,304,5120,fp32,0,1,2:32:160:1712:32:32:16:107:107:1:1:1:107:107:2:2:1:1:2:1:1:1:2,contract_global,0.0140799999237,1.01866588746,1.08803162996,regressed,regressed,1.03169521814198,1,0
strict_paired_net_log17,Ascend910B3,20,external_v2_template_al1,16,304,5120,fp32,0,1,3:80:112:5120:80:80:32:8:8:1:1:0:8:8:1:2:1:1:1:1:3:0:0,contract_global,0.013649200201,0.98749820392,1.05474159253,within_noise,regressed,1.0196788003323132,1,0
strict_paired_net_log17,Ascend910B3,20,external_v2_template_bl1,49152,160,128,fp16,0,0,10:24576:32:128:96:16:112:4:2:2:2:1:1:1:1:1:1:2:2:1:3:0:0,contract_global,0.0508612012863,0.99500750288,0.997153358799,within_noise,within_noise,0.999952153358711,1,0
strict_paired_net_log17,Ascend910B3,20,external_v2_template_bl1,49152,160,128,fp16,0,0,10:4928:160:16:64:32:16:3:2:3:2:1:1:1:2:2:2:3:1:4:1:2:2,contract_global,0.0498403978348,0.991659268007,0.997015332259,within_noise,within_noise,1.0127087303135673,1,0
strict_paired_net_log17,Ascend910B3,20,external_v2_template_bl1,49152,160,128,fp16,0,0,12:4096:160:128:16:48:64:4:16:1:4:1:2:2:2:1:1:4:1:3:1:1:20,contract_global,0.0501683998108,0.998185423773,1.00357673653,within_noise,within_noise,1.0057234057788935,1,0
strict_paired_net_log17,Ascend910B3,20,external_v2_template_bl1,49152,160,128,fp16,0,0,12:4096:160:80:16:16:80:1:1:1:1:0:1:1:1:2:1:3:1:5:1:2:2,feedback_regression_counterfactual,0.0509127998352,0.996016935258,0.998164968142,within_noise,within_noise,1.0095436475445476,1,0
strict_paired_net_log17,Ascend910B3,20,external_v2_template_bl1,49152,160,128,fp16,0,0,13:3792:160:128:16:160:16:4:4:2:1:0:2:2:1:2:1:3:1:6:1:1:0,feedback_regression_counterfactual,0.0508092021942,0.993990234599,0.996133896655,within_noise,within_noise,1.008346655176282,1,0
strict_paired_net_log17,Ascend910B3,20,external_v2_template_bl1,49152,160,128,fp16,0,0,13:3792:160:128:16:160:16:4:4:2:1:0:2:2:1:2:1:5:1:3:1:2:0,feedback_regression_counterfactual,0.0503900003433,1.0025945423,1.00800966922,within_noise,within_noise,1.003732032556563,1,0
strict_paired_net_log17,Ascend910B3,20,external_v2_template_bl1,49152,160,128,fp16,0,0,13:3792:160:128:16:160:16:4:4:2:1:0:2:2:1:2:2:5:1:3:1:1:0,feedback_regression_counterfactual,0.0507403993607,1.0095663252,1.0150191075,within_noise,regressed,1.0037529491123591,1,0
strict_paired_net_log17,Ascend910B3,20,external_v2_template_bl1,49152,160,128,fp16,0,0,13:3792:160:128:16:160:16:4:4:2:1:1:2:2:1:2:1:5:1:3:1:0:0,feedback_regression_counterfactual,0.0507999992371,0.993810195373,0.995953469151,within_noise,within_noise,1.007307220706018,1,0
strict_paired_net_log17,Ascend910B3,20,external_v2_template_bl1,49152,160,128,fp16,0,0,16:6144:128:96:32:32:48:8:8:4:4:1:2:2:1:2:1:2:1:6:2:0:2,contract_global,0.0512175989151,1.00197977852,1.004140671,within_noise,within_noise,1.0014214845241869,1,0
strict_paired_net_log17,Ascend910B3,20,external_v2_template_bl1,49152,160,128,fp16,0,0,19:1648:912:128:32:912:32:16:4:2:1:1:4:4:2:1:1:8:1:4:1:0:0,feedback_winner_mutation,0.0500604009628,0.996036603469,1.00141631021,within_noise,within_noise,1.0020214596715311,1,0
strict_paired_net_log17,Ascend910B3,20,external_v2_template_bl1,49152,160,128,fp16,0,0,1:49152:160:128:64:16:112:2:40:1:10:0:2:2:2:2:2:1:1:1:1:1:20,contract_global,0.0509011983871,1.01276569462,1.01823575708,regressed,regressed,1.0080651110137424,1,0
strict_paired_net_log17,Ascend910B3,20,external_v2_template_bl1,49152,160,128,fp16,0,0,1:49152:192:128:32:192:16:16:16:1:1:0:8:8:1:2:1:1:1:1:1:0:0,contract_global,0.0510052013397,0.997824603736,0.999976535071,within_noise,within_noise,1.008079252076053,1,0
strict_paired_net_log17,Ascend910B3,20,external_v2_template_bl1,49152,160,128,fp16,0,0,1:49152:448:128:64:448:48:6:3:1:1:0:3:3:2:1:1:1:1:1:1:0:0,feedback_incumbent_revalidation,0.0507916021347,0.993645921239,0.995788840738,within_noise,within_noise,1.0041629446869156,1,0
strict_paired_net_log17,Ascend910B3,20,external_v2_template_bl1,49152,160,128,fp16,0,0,20:1264:48:128:16:48:112:4:1:4:1:0:1:1:2:1:1:8:1:5:4:0:0,feedback_winner_mutation,0.0506364011765,1.00749710489,1.0129387111,within_noise,regressed,0.9957254064333013,1,0
strict_paired_net_log17,Ascend910B3,20,external_v2_template_bl1,49152,160,128,fp16,0,0,20:1264:48:128:16:48:112:4:1:4:1:1:1:1:2:1:1:8:1:5:4:0:0,contract_global,0.0502519989014,0.983089558978,0.985209712383,improved,improved,1.0076097601521525,1,0
strict_paired_net_log17,Ascend910B3,20,external_v2_template_bl1,49152,160,128,fp16,0,0,20:1264:48:128:16:48:112:4:1:4:1:1:1:1:2:1:1:8:1:5:4:1:0,feedback_winner_mutation,0.0502264022827,0.999339481353,1.00473702731,within_noise,within_noise,0.9959512183201453,1,0
strict_paired_net_log17,Ascend910B3,20,external_v2_template_bl1,49152,160,128,fp16,0,0,20:1264:48:128:16:48:112:4:1:4:1:1:1:1:2:1:2:8:1:5:4:0:0,feedback_winner_mutation,0.0502095985413,0.999005142407,1.00440088256,within_noise,within_noise,0.9960003195582424,1,0
strict_paired_net_log17,Ascend910B3,20,external_v2_template_bl1,49152,160,128,fp16,0,0,20:1648:912:128:32:912:32:16:4:2:1:1:4:4:2:1:1:15:1:2:1:0:0,feedback_winner_mutation,0.0513628005981,1.00482038708,1.00698740569,within_noise,within_noise,1.0023263537691882,1,0
strict_paired_net_log17,Ascend910B3,20,external_v2_template_bl1,49152,160,128,fp16,0,0,20:1760:32:128:112:32:128:1:1:1:1:1:1:1:1:2:1:6:1:5:5:0:0,contract_global,0.0508116006851,0.994037156733,0.996180919988,within_noise,within_noise,1.0124950688323364,1,0
strict_paired_net_log17,Ascend910B3,20,external_v2_template_bl1,49152,160,128,fp16,0,0,20:1968:32:128:96:16:128:1:1:1:1:1:1:1:2:1:1:1:1:25:5:0:0,contract_global,0.0511995983124,1.00162762925,1.00378776228,within_noise,within_noise,1.0173946852740805,1,0
strict_paired_net_log17,Ascend910B3,20,external_v2_template_bl1,49152,160,128,fp16,0,0,20:2464:1216:16:16:304:16:8:8:4:4:0:1:1:2:1:1:4:1:5:1:0:2,contract_global,0.0500275993347,0.995383959434,1.00076014117,within_noise,within_noise,1.0121353195226934,1,0
strict_paired_net_log17,Ascend910B3,20,external_v2_template_bl1,49152,160,128,fp16,0,0,20:2464:160:128:160:64:128:4:2:4:2:0:1:1:1:1:2:5:1:4:1:0:0,feedback_regression_counterfactual,0.0510080003738,0.997879361773,1.00003141121,within_noise,within_noise,1.0017132624465195,1,0
strict_paired_net_log17,Ascend910B3,20,external_v2_template_bl1,49152,160,128,fp16,0,0,20:2464:160:128:160:64:128:4:2:4:2:1:1:1:1:1:1:5:1:4:1:0:0,feedback_regression_counterfactual,0.0503815984726,1.00242737283,1.00784159684,within_noise,within_noise,1.000896351279619,1,0
strict_paired_net_log17,Ascend910B3,20,external_v2_template_bl1,49152,160,128,fp16,0,0,20:2464:160:128:192:48:16:8:32:1:4:0:8:8:2:1:1:7:1:3:1:0:20,feedback_regression_counterfactual,0.0504419994354,0.98680657611,0.988934745729,improved,improved,1.0093748810080427,1,0
strict_paired_net_log17,Ascend910B3,20,external_v2_template_bl1,49152,160,128,fp16,0,0,20:2464:160:128:192:48:16:8:32:1:4:0:8:8:2:1:1:7:1:3:1:1:20,feedback_winner_mutation,0.050074801445,0.996323125499,1.00170437977,within_noise,within_noise,1.0064181446419127,1,0
strict_paired_net_log17,Ascend910B3,20,external_v2_template_bl1,49152,160,128,fp16,0,0,20:2464:160:128:208:64:32:4:12:1:3:0:4:4:1:1:1:10:1:2:1:1:20,feedback_regression_counterfactual,0.0498328018188,0.991508132384,0.996863380339,within_noise,within_noise,1.0050832026021825,1,0
strict_paired_net_log17,Ascend910B3,20,external_v2_template_bl1,49152,160,128,fp16,0,0,20:2464:160:128:208:64:32:4:12:1:3:0:4:4:1:1:1:5:1:4:1:0:20,feedback_regression_counterfactual,0.0506264019012,0.990414077162,0.992550026794,within_noise,within_noise,1.006860786563195,1,0
strict_paired_net_log17,Ascend910B3,20,external_v2_template_bl1,49152,160,128,fp16,0,0,20:2464:160:128:208:64:32:4:12:1:3:0:4:4:1:1:2:10:1:2:1:0:20,feedback_regression_counterfactual,0.0500759983063,0.996346939082,1.00172832198,within_noise,within_noise,1.0089840849557008,1,0
strict_paired_net_log17,Ascend910B3,20,external_v2_template_bl1,49152,160,128,fp16,0,0,20:2464:160:128:208:64:32:4:12:1:3:1:4:4:1:1:2:20:1:1:1:2:20,feedback_regression_counterfactual,0.0509291982651,1.0133227997,1.01879587114,regressed,regressed,1.0088916072407743,1,0
strict_paired_net_log17,Ascend910B3,20,external_v2_template_bl1,49152,160,128,fp16,0,0,20:2464:160:128:64:48:128:2:8:1:4:1:1:1:2:2:2:3:1:9:1:1:20,contract_global,0.0500443983078,0.9957182035,1.00109619053,within_noise,within_noise,1.0094023867167454,1,0
strict_paired_net_log17,Ascend910B3,20,external_v2_template_bl1,49152,160,128,fp16,0,0,2:24576:160:128:192:96:32:4:8:1:2:1:4:4:1:1:1:2:1:1:1:0:20,contract_global,0.0500472021103,0.995773989915,1.00115227824,within_noise,within_noise,1.0059170070885997,1,0
strict_paired_net_log17,Ascend910B3,20,external_v2_template_bl1,49152,160,128,fp16,0,0,3:16384:160:128:112:16:16:16:160:1:10:0:8:8:2:2:2:2:1:2:1:1:20,contract_global,0.050893201828,1.01260658951,1.01807579263,regressed,regressed,1.0064118820529493,1,0
strict_paired_net_log17,Ascend910B3,20,external_v2_template_bl1,49152,160,128,fp16,0,0,4:12288:160:128:192:160:16:64:16:4:1:1:8:8:1:2:1:4:1:1:1:0:0,contract_global,0.0505904006958,0.989709778632,0.99184420936,improved,within_noise,1.0076844844240342,1,0
strict_paired_net_log17,Ascend910B3,20,external_v2_template_bl1,49152,160,128,fp16,0,0,4:12288:192:128:96:192:48:3:3:1:1:1:3:3:1:2:1:1:1:4:1:2:20,contract_global,0.050025601387,0.995344206873,1.0007201739,within_noise,within_noise,1.0065407128734878,1,0
strict_paired_net_log17,Ascend910B3,20,external_v2_template_bl1,49152,160,128,fp16,0,0,4:12288:256:32:64:64:32:4:4:4:4:0:1:1:2:2:1:1:1:4:1:1:2,contract_global,0.0501624011993,0.998066071218,1.00345673934,within_noise,within_noise,1.0048129002712565,1,0
strict_paired_net_log17,Ascend910B3,20,external_v2_template_bl1,49152,160,128,fp16,0,0,5:9840:160:128:272:48:16:16:64:1:4:0:8:8:2:1:1:2:1:3:1:0:20,contract_global,0.0508455991745,1.01165945396,1.01712354149,regressed,regressed,1.0050701981053953,1,0
strict_paired_net_log17,Ascend910B3,20,external_v2_template_bl1,49152,160,128,fp16,0,0,5:9840:192:128:16:192:64:2:2:1:1:0:2:2:2:1:1:3:1:2:1:2:20,contract_global,0.0509407997131,1.01355363019,1.01902794837,regressed,regressed,1.0075758229698593,1,0
strict_paired_net_log17,Ascend910B3,20,external_v2_template_bl1,49152,160,128,fp16,0,0,8:12288:144:128:16:144:128:1:1:1:1:0:1:1:1:1:1:1:1:4:2:0:0,contract_global,0.0498668003082,0.992184590014,0.997543491584,within_noise,within_noise,1.0052316368636203,1,0
strict_paired_net_log17,Ascend910B3,20,external_v2_template_bl1,49152,160,128,fp16,0,0,8:6144:256:128:128:256:48:4:2:1:1:1:2:2:2:1:1:2:1:5:1:0:0,contract_global,0.0509223985672,0.996204717098,0.998353154962,within_noise,within_noise,1.0018049103358977,1,0
