campaign,soc,aic,workload_id,m,n,k,dtype,trans_a,trans_b,tiling_signature,candidate_source,median_ms,ratio_vs_official,ratio_vs_bank,status_vs_official,status_vs_bank,model_ratio
two_stage_feedback_net_log15,Ascend910B3,20,external_v2_dense_balanced_aligned,1792,2816,3584,fp16,0,0,20:368:704:3584:48:48:16:16:64:2:4:1:8:8:2:1:1:1:2:5:2:0:0,runtime_rejected,0,3,3,runtime_rejected,runtime_rejected,3
two_stage_feedback_net_log15,Ascend910B3,20,external_v2_dense_balanced_aligned,1792,2816,3584,fp16,0,0,20:368:704:3584:32:96:16:2:8:1:4:1:2:2:1:2:1:1:2:5:2:0:0,runtime_rejected,0,3,3,runtime_rejected,runtime_rejected,3
two_stage_feedback_net_log15,Ascend910B3,20,external_v2_dense_balanced_aligned,1792,2816,3584,fp16,0,0,18:608:480:3584:48:32:16:32:16:2:1:0:8:8:1:1:1:1:2:3:5:0:0,runtime_rejected,0,3,3,runtime_rejected,runtime_rejected,3
two_stage_feedback_net_log15,Ascend910B3,20,external_v2_dense_balanced_aligned,1792,2816,3584,fp16,0,0,18:896:320:3584:48:32:16:32:16:2:2:1:8:8:2:1:1:1:5:2:2:0:0,runtime_rejected,0,3,3,runtime_rejected,runtime_rejected,3
two_stage_feedback_net_log15,Ascend910B3,20,external_v2_dense_balanced_aligned,1792,2816,3584,fp16,0,0,18:304:944:3584:64:32:16:2:8:2:4:1:1:1:1:1:1:1:2:6:2:0:0,runtime_rejected,0,3,3,runtime_rejected,runtime_rejected,3
two_stage_feedback_net_log15,Ascend910B3,20,external_v2_dense_balanced_aligned,1792,2816,3584,fp16,0,0,20:608:416:3584:16:48:64:8:8:4:4:1:2:2:2:1:1:1:3:3:3:0:0,runtime_rejected,0,3,3,runtime_rejected,runtime_rejected,3
two_stage_feedback_net_log15,Ascend910B3,20,external_v2_dense_balanced_aligned,1792,2816,3584,fp16,0,0,20:368:576:3584:48:32:32:32:32:4:4:1:4:4:1:1:1:1:5:5:1:0:0,runtime_rejected,0,3,3,runtime_rejected,runtime_rejected,3
two_stage_feedback_net_log15,Ascend910B3,20,external_v2_dense_balanced_aligned,1792,2816,3584,fp16,0,0,18:608:480:3584:32:32:192:2:2:2:2:1:1:1:1:1:1:3:1:1:6:0:0,runtime_rejected,0,3,3,runtime_rejected,runtime_rejected,3
two_stage_feedback_net_log15,Ascend910B3,20,external_v2_dense_balanced_aligned,1792,2816,3584,fp16,0,0,16:224:1408:3584:64:32:16:4:4:1:1:1:4:4:1:2:1:1:1:8:2:0:0,runtime_rejected,0,3,3,runtime_rejected,runtime_rejected,3
two_stage_feedback_net_log15,Ascend910B3,20,external_v2_dense_balanced_aligned,1792,2816,3584,fp16,0,0,20:896:144:3584:32:32:16:4:8:2:4:1:2:2:1:1:1:2:7:1:3:2:0,runtime_rejected,0,3,3,runtime_rejected,runtime_rejected,3
two_stage_feedback_net_log15,Ascend910B3,20,external_v2_dense_balanced_aligned,1792,2816,3584,fp16,0,0,20:48:2816:3584:48:16:32:8:64:1:4:1:8:8:2:2:2:13:1:3:1:0:0,runtime_rejected,0,3,3,runtime_rejected,runtime_rejected,3
two_stage_feedback_net_log15,Ascend910B3,20,external_v2_dense_balanced_aligned,1792,2816,3584,fp16,0,0,20:64:2816:3584:16:80:32:16:8:4:4:0:2:2:1:2:1:14:1:2:1:0:0,runtime_rejected,0,3,3,runtime_rejected,runtime_rejected,3
two_stage_feedback_net_log15,Ascend910B3,20,external_v2_dense_balanced_aligned,1792,2816,3584,fp16,0,0,20:64:576:3584:64:48:192:2:4:1:1:0:2:2:1:2:1:1:3:28:2:2:0,runtime_rejected,0,3,3,runtime_rejected,runtime_rejected,3
two_stage_feedback_net_log15,Ascend910B3,20,external_v2_dense_balanced_aligned,1792,2816,3584,fp16,0,0,20:48:944:3584:16:48:16:2:1:1:1:1:1:1:2:2:1:1:3:38:1:1:0,runtime_rejected,0,3,3,runtime_rejected,runtime_rejected,3
two_stage_feedback_net_log15,Ascend910B3,20,external_v2_dense_balanced_aligned,1792,2816,3584,fp16,0,0,20:1536:288:3584:1536:16:16:8:8:1:1:0:8:8:1:1:1:2:5:1:2:1:0,runtime_rejected,0,3,3,runtime_rejected,runtime_rejected,3
two_stage_feedback_net_log15,Ascend910B3,20,external_v2_dense_balanced_aligned,1792,2816,3584,fp16,0,0,20:1792:32:3584:16:16:224:8:8:1:2:0:4:4:2:2:2:1:10:1:9:1:0,runtime_rejected,0,3,3,runtime_rejected,runtime_rejected,3
two_stage_feedback_net_log15,Ascend910B3,20,external_v2_dense_balanced_odd,1663,2591,3587,fp16,0,0,20:336:656:3587:64:32:64:1:2:1:2:1:1:1:1:1:1:1:2:5:2:0:0,runtime_rejected,0,3,3,runtime_rejected,runtime_rejected,3
two_stage_feedback_net_log15,Ascend910B3,20,external_v2_dense_balanced_odd,1663,2591,3587,fp16,0,0,15:336:864:3587:16:112:48:4:8:1:4:1:2:2:2:1:1:2:1:4:3:0:0,runtime_rejected,0,3,3,runtime_rejected,runtime_rejected,3
two_stage_feedback_net_log15,Ascend910B3,20,external_v2_dense_balanced_odd,1663,2591,3587,fp16,0,0,20:336:656:3587:48:48:16:16:64:2:4:1:8:8:2:1:1:1:2:5:2:0:0,runtime_rejected,0,3,3,runtime_rejected,runtime_rejected,3
two_stage_feedback_net_log15,Ascend910B3,20,external_v2_dense_balanced_odd,1663,2591,3587,fp16,0,0,20:832:272:3587:48:32:16:32:16:2:2:1:8:8:2:1:1:1:5:2:2:0:0,runtime_rejected,0,3,3,runtime_rejected,runtime_rejected,3
two_stage_feedback_net_log15,Ascend910B3,20,external_v2_dense_balanced_odd,1663,2591,3587,fp16,0,0,18:288:864:3587:16:64:16:32:16:4:1:0:8:8:1:1:1:1:1:6:3:0:0,runtime_rejected,0,3,3,runtime_rejected,runtime_rejected,3
two_stage_feedback_net_log15,Ascend910B3,20,external_v2_dense_balanced_odd,1663,2591,3587,fp16,0,0,20:208:864:3587:32:16:48:8:32:1:4:1:8:8:2:1:1:2:1:4:3:0:0,runtime_rejected,0,3,3,runtime_rejected,runtime_rejected,3
two_stage_feedback_net_log15,Ascend910B3,20,external_v2_dense_balanced_odd,1663,2591,3587,fp16,0,0,20:416:432:3587:32:80:16:32:16:4:1:1:8:8:1:1:1:1:6:4:1:0:0,runtime_rejected,0,3,3,runtime_rejected,runtime_rejected,3
two_stage_feedback_net_log15,Ascend910B3,20,external_v2_dense_balanced_odd,1663,2591,3587,fp16,0,0,20:1664:128:3587:64:16:16:16:4:4:2:1:2:2:1:1:1:1:3:1:9:0:0,runtime_rejected,0,3,3,runtime_rejected,runtime_rejected,3
two_stage_feedback_net_log15,Ascend910B3,20,external_v2_dense_balanced_odd,1663,2591,3587,fp16,0,0,20:176:1296:3587:32:32:32:16:32:1:2:0:8:8:2:2:1:3:1:4:2:0:0,runtime_rejected,0,3,3,runtime_rejected,runtime_rejected,3
two_stage_feedback_net_log15,Ascend910B3,20,external_v2_dense_balanced_odd,1663,2591,3587,fp16,0,0,20:288:528:3587:16:160:16:8:16:1:2:1:4:4:1:2:1:1:5:6:1:0:0,runtime_rejected,0,3,3,runtime_rejected,runtime_rejected,3
two_stage_feedback_net_log15,Ascend910B3,20,external_v2_dense_balanced_odd,1663,2591,3587,fp16,0,0,20:96:1296:3587:16:16:128:4:2:2:1:1:2:2:2:2:1:6:1:3:2:2:0,runtime_rejected,0,3,3,runtime_rejected,runtime_rejected,3
two_stage_feedback_net_log15,Ascend910B3,20,external_v2_dense_balanced_odd,1663,2591,3587,fp16,0,0,20:112:1296:3587:16:16:128:4:2:2:1:0:1:1:1:2:1:1:1:15:2:0:0,runtime_rejected,0,3,3,runtime_rejected,runtime_rejected,3
two_stage_feedback_net_log15,Ascend910B3,20,external_v2_dense_balanced_odd,1663,2591,3587,fp16,0,0,20:64:432:3587:16:16:448:4:2:1:1:1:2:2:1:2:1:1:6:26:1:2:0,runtime_rejected,0,3,3,runtime_rejected,runtime_rejected,3
two_stage_feedback_net_log15,Ascend910B3,20,external_v2_dense_balanced_odd,1663,2591,3587,fp16,0,0,20:48:656:3587:32:32:512:2:2:1:1:1:2:2:2:2:2:1:4:35:1:0:0,runtime_rejected,0,3,3,runtime_rejected,runtime_rejected,3
two_stage_feedback_net_log15,Ascend910B3,20,external_v2_dense_balanced_odd,1663,2591,3587,fp16,0,0,20:96:272:3587:96:16:64:8:8:1:2:1:4:4:2:2:1:3:2:8:9:1:0,runtime_rejected,0,3,3,runtime_rejected,runtime_rejected,3
two_stage_feedback_net_log15,Ascend910B3,20,external_v2_dense_balanced_odd,1663,2591,3587,fp16,0,0,20:208:144:144:64:64:48:18:12:3:2:1:3:3:1:2:1:2:3:5:6:1:2,contract_global,2.73254150391,13.5394717480572,13.7693932134854,regressed,regressed,3.239056359114024
two_stage_feedback_net_log15,Ascend910B3,20,external_v2_dense_tall,3584,896,5120,fp16,0,0,20:368:448:5120:16:16:1024:4:4:4:4:0:1:1:2:2:2:3:1:4:2:0:0,contract_global,0.375219612122,1.03935495507969,1.15408299033951,within_noise,within_noise,1.0023930345855614
two_stage_feedback_net_log15,Ascend910B3,20,external_v2_dense_tall,3584,896,5120,fp16,0,0,14:512:448:5120:16:16:1024:4:4:2:2:1:2:2:2:1:1:7:1:1:2:0:0,contract_global,0.365825614929,1.01333366723877,1.12518937171798,within_noise,within_noise,1.0015962828284035
two_stage_feedback_net_log15,Ascend910B3,20,external_v2_dense_tall,3584,896,5120,fp16,0,0,20:720:224:5120:16:16:96:8:16:1:4:0:4:4:2:2:2:2:1:4:4:0:0,contract_global,0.369285583496,1.02291774908927,1.13583138173434,within_noise,within_noise,1.0021733159010588
two_stage_feedback_net_log15,Ascend910B3,20,external_v2_dense_tall,3584,896,5120,fp16,0,0,14:512:448:5120:80:16:256:8:16:1:2:1:8:8:1:1:1:7:1:1:2:0:0,contract_global,0.170355606079,0.471883498578573,0.523971831250941,improved,improved,1.0016574254320385
two_stage_feedback_net_log15,Ascend910B3,20,external_v2_dense_tall,3584,896,5120,fp16,0,0,14:512:448:5120:16:96:96:16:16:1:1:0:8:8:1:2:1:1:1:7:2:0:0,contract_global,0.170589599609,0.47253165855619,0.524691537642475,improved,improved,1.001174594845949
two_stage_feedback_net_log15,Ascend910B3,20,external_v2_dense_tall,3584,896,5120,fp16,0,0,14:512:448:5120:32:160:160:2:2:2:1:0:1:1:2:1:1:1:1:7:2:0:0,contract_global,0.170522403717,0.472345526538366,0.524484859648586,improved,improved,1.0017178882715303
two_stage_feedback_net_log15,Ascend910B3,20,external_v2_dense_tall,3584,896,5120,fp16,0,0,14:512:448:5120:112:16:112:16:8:4:2:1:2:2:2:2:2:7:1:1:2:0:0,contract_global,0.170053195953,0.471045825246487,0.523041692283421,improved,improved,1.0015651610266378
two_stage_feedback_net_log15,Ascend910B3,20,external_v2_dense_tall,3584,896,5120,fp16,0,0,14:256:896:5120:16:32:384:4:16:1:2:0:4:4:1:2:1:7:1:2:1:0:0,contract_global,0.170133590698,0.471268517968734,0.523288966692319,improved,improved,1.0014146623136329
two_stage_feedback_net_log15,Ascend910B3,20,external_v2_dense_tall,3584,896,5120,fp16,0,0,14:3584:64:5120:48:64:512:4:2:1:1:0:2:2:1:1:1:1:5:1:3:2:0,contract_global,0.316027202606,0.875392512432897,0.972021736680096,within_noise,within_noise,1.0013327358823765
two_stage_feedback_net_log15,Ascend910B3,20,external_v2_dense_tall,3584,896,5120,fp16,0,0,5:3584:192:5120:32:192:80:2:1:1:1:0:1:1:1:2:1:1:2:1:3:2:0,contract_global,0.170571193695,0.472480674339055,0.52463492558812,improved,improved,1.0004454817818313
two_stage_feedback_net_log15,Ascend910B3,20,external_v2_dense_tall,3584,896,5120,fp16,0,0,10:3584:96:5120:96:96:16:8:8:1:1:1:4:4:1:1:1:1:3:1:4:1:0,contract_global,0.432916412354,1.19917457344754,1.33154411868545,within_noise,within_noise,1.0012826483361161
two_stage_feedback_net_log15,Ascend910B3,20,external_v2_dense_tall,3584,896,5120,fp16,0,0,20:3584:32:5120:32:32:320:8:8:1:1:0:4:4:2:2:1:1:10:1:3:2:0,contract_global,0.425874404907,1.17966827607583,1.30988464047696,within_noise,within_noise,1.0017931857852111
two_stage_feedback_net_log15,Ascend910B3,20,external_v2_dense_tall,3584,896,5120,fp16,0,0,20:448:96:5120:16:32:896:8:4:1:1:0:4:4:2:1:1:1:2:8:5:2:0,contract_global,0.204887199402,0.567535701896166,0.63018249613907,within_noise,within_noise,1.0015099779255436
two_stage_feedback_net_log15,Ascend910B3,20,external_v2_dense_tall,3584,896,5120,fp16,0,0,20:448:48:5120:32:16:320:4:8:1:2:1:4:4:1:2:1:8:1:1:19:2:0,contract_global,0.170359191895,0.471893431256551,0.523982860336406,improved,improved,1.0007947641218993
two_stage_feedback_net_log15,Ascend910B3,20,external_v2_dense_tall,3584,896,5120,fp16,0,0,10:3584:96:256:48:32:32:16:48:2:3:1:8:8:1:1:1:1:5:1:2:2:2,contract_global,0.694517593384,1.92380749500725,2.13616483553133,within_noise,within_noise,0.9995163464416184
two_stage_feedback_net_log15,Ascend910B3,20,external_v2_dense_tall,3584,896,5120,fp16,0,0,14:1792:128:128:48:32:16:32:64:4:4:1:8:8:2:2:1:2:2:1:6:2:2,contract_global,0.300152397156,0.831419443935546,0.92319475015871,within_noise,within_noise,1.000001985419651
two_stage_feedback_net_log15,Ascend910B3,20,external_v2_dense_wide,896,3584,5120,fp16,0,0,20:448:368:5120:160:16:160:1:4:1:4:1:1:1:1:1:1:1:3:2:4:0:0,contract_global,0.288153190613,0.94956906012868,0.984663778068475,within_noise,within_noise,0.9999922554165604
two_stage_feedback_net_log15,Ascend910B3,20,external_v2_dense_wide,896,3584,5120,fp16,0,0,18:304:608:5120:16:96:64:4:2:1:1:1:2:2:1:1:1:3:2:1:3:0:0,contract_global,0.305024394989,1.00516578507619,1.04231527866496,within_noise,within_noise,0.999272645824045
two_stage_feedback_net_log15,Ascend910B3,20,external_v2_dense_wide,896,3584,5120,fp16,0,0,18:448:400:5120:64:32:80:2:4:2:4:1:1:1:1:2:1:2:1:1:9:0:0,contract_global,0.306032791138,1.00848881537651,1.04576112342513,within_noise,within_noise,0.9998948518457139
two_stage_feedback_net_log15,Ascend910B3,20,external_v2_dense_wide,896,3584,5120,fp16,0,0,20:224:720:5120:16:48:64:16:4:2:1:0:4:4:1:1:1:4:1:1:5:0:0,contract_global,0.314975605011,1.03795862393987,1.07632009407498,within_noise,within_noise,0.9999267708446885
two_stage_feedback_net_log15,Ascend910B3,20,external_v2_dense_wide,896,3584,5120,fp16,0,0,16:224:896:5120:32:16:160:2:2:1:2:0:1:1:1:2:1:1:1:4:4:0:0,contract_global,0.307337207794,1.01278734039151,1.05021851579314,within_noise,within_noise,0.9995473016840765
two_stage_feedback_net_log15,Ascend910B3,20,external_v2_dense_wide,896,3584,5120,fp16,0,0,20:224:720:5120:64:32:64:2:2:1:1:0:1:1:1:1:1:1:1:4:5:0:0,contract_global,0.29772480011,0.981110977862636,1.017371440089,within_noise,within_noise,1.000558642336853
two_stage_feedback_net_log15,Ascend910B3,20,external_v2_dense_wide,896,3584,5120,fp16,0,0,18:304:608:5120:80:16:64:4:2:2:1:0:1:1:1:2:1:1:2:3:5:0:0,contract_global,0.14225399971,0.468778417883125,0.486103799514827,improved,improved,1.0000951038351888
two_stage_feedback_net_log15,Ascend910B3,20,external_v2_dense_wide,896,3584,5120,fp16,0,0,19:896:192:5120:48:80:64:4:2:4:1:1:1:1:2:1:1:1:2:1:16:0:0,contract_global,0.142045202255,0.468090354694101,0.48539030649316,improved,improved,1.0001165891315096
two_stage_feedback_net_log15,Ascend910B3,20,external_v2_dense_wide,896,3584,5120,fp16,0,0,20:96:1792:5120:32:16:48:8:2:2:1:1:2:2:2:2:2:1:2:10:1:1:0,contract_global,0.141971197128,0.467846481015181,0.485137419589237,improved,improved,0.9997066209566807
two_stage_feedback_net_log15,Ascend910B3,20,external_v2_dense_wide,896,3584,5120,fp16,0,0,20:96:1792:5120:96:32:16:2:1:1:1:0:1:1:2:1:1:1:1:10:2:1:0,contract_global,0.142045202255,0.468090354694101,0.48539030649316,improved,improved,1.0004251852011792
two_stage_feedback_net_log15,Ascend910B3,20,external_v2_dense_wide,896,3584,5120,fp16,0,0,20:896:96:5120:16:32:896:8:4:1:1:0:4:4:2:1:1:1:3:1:18:2:0,contract_global,0.142006397247,0.467962478148377,0.4852577038112,improved,improved,0.9998856283794884
two_stage_feedback_net_log15,Ascend910B3,20,external_v2_dense_wide,896,3584,5120,fp16,0,0,20:32:3584:5120:16:16:640:8:4:2:1:1:4:4:2:2:1:28:1:1:1:0:0,contract_global,0.142091999054,0.468244567085044,0.485550218352661,improved,improved,0.9990994590527891
two_stage_feedback_net_log15,Ascend910B3,20,external_v2_dense_wide,896,3584,5120,fp16,0,0,13:1792:288:5120:1792:16:16:8:32:1:4:1:4:4:1:1:1:1:3:1:5:2:0,contract_global,0.14224439621,0.468746770875272,0.486070982878763,improved,improved,1.0001911939024986
two_stage_feedback_net_log15,Ascend910B3,20,external_v2_dense_wide,896,3584,5120,fp16,0,0,20:32:720:5120:32:48:16:16:16:1:1:0:8:8:2:2:2:7:2:4:4:0:0,contract_global,0.142005195618,0.467958518346103,0.48525359766047,improved,improved,0.9993300286601792
two_stage_feedback_net_log15,Ascend910B3,20,external_v2_dense_wide,896,3584,5120,fp16,0,0,12:256:1200:128:64:96:32:32:32:4:4:1:4:4:2:2:1:2:1:2:3:2:2,contract_global,0.402649993896,1.32687746906292,1.37591696758402,within_noise,within_noise,1.089636598744008
two_stage_feedback_net_log15,Ascend910B3,20,external_v2_dense_wide,896,3584,5120,fp16,0,0,8:288:1792:144:96:32:48:18:12:3:2:1:3:3:1:1:1:1:2:4:1:0:2,contract_global,0.40960521698,1.34979744656761,1.39968403476332,within_noise,within_noise,1.188287935550624
two_stage_feedback_net_log15,Ascend910B3,20,external_v2_dense_large,4608,5120,6144,fp16,0,0,19:4608:272:6144:32:48:48:64:8:4:1:0:8:8:2:1:1:1:1:1:19:0:0,runtime_rejected,0,3,3,runtime_rejected,runtime_rejected,3
two_stage_feedback_net_log15,Ascend910B3,20,external_v2_dense_large,4608,5120,6144,fp16,0,0,20:576:1712:6144:16:32:80:4:16:2:4:0:2:2:2:1:1:8:2:1:2:0:0,runtime_rejected,0,3,3,runtime_rejected,runtime_rejected,3
two_stage_feedback_net_log15,Ascend910B3,20,external_v2_dense_large,4608,5120,6144,fp16,0,0,16:576:2560:6144:48:128:16:4:16:1:2:1:4:4:2:1:1:8:2:1:1:0:0,runtime_rejected,0,3,3,runtime_rejected,runtime_rejected,3
two_stage_feedback_net_log15,Ascend910B3,20,external_v2_dense_large,4608,5120,6144,fp16,0,0,20:768:864:6144:64:64:16:16:16:2:4:1:4:4:2:1:1:1:1:6:6:0:0,runtime_rejected,0,3,3,runtime_rejected,runtime_rejected,3
two_stage_feedback_net_log15,Ascend910B3,20,external_v2_dense_large,4608,5120,6144,fp16,0,0,20:4608:176:6144:32:176:16:2:2:1:1:1:1:1:2:1:1:1:30:1:1:0:0,runtime_rejected,0,3,3,runtime_rejected,runtime_rejected,3
two_stage_feedback_net_log15,Ascend910B3,20,external_v2_dense_large,4608,5120,6144,fp16,0,0,18:1536:864:6144:16:64:48:2:16:1:4:1:2:2:1:1:1:1:1:3:6:1:0,runtime_rejected,0,3,3,runtime_rejected,runtime_rejected,3
two_stage_feedback_net_log15,Ascend910B3,20,external_v2_dense_large,4608,5120,6144,fp16,0,0,19:4608:272:6144:64:32:32:4:16:2:4:0:2:2:2:1:1:1:19:1:1:0:0,runtime_rejected,0,3,3,runtime_rejected,runtime_rejected,3
two_stage_feedback_net_log15,Ascend910B3,20,external_v2_dense_large,4608,5120,6144,fp16,0,0,20:2304:256:6144:16:96:32:8:8:1:2:1:4:4:2:1:1:2:10:1:2:0:0,runtime_rejected,0,3,3,runtime_rejected,runtime_rejected,3
two_stage_feedback_net_log15,Ascend910B3,20,external_v2_dense_large,4608,5120,6144,fp16,0,0,20:2304:128:6144:112:32:16:2:4:1:4:1:1:1:1:1:1:2:20:1:2:2:0,runtime_rejected,0,3,3,runtime_rejected,runtime_rejected,3
two_stage_feedback_net_log15,Ascend910B3,20,external_v2_dense_large,4608,5120,6144,fp16,0,0,20:4608:128:6144:128:16:16:8:8:1:2:1:4:4:1:1:1:1:40:1:1:1:0,runtime_rejected,0,3,3,runtime_rejected,runtime_rejected,3
two_stage_feedback_net_log15,Ascend910B3,20,external_v2_dense_large,4608,5120,6144,fp16,0,0,20:2304:64:6144:32:16:16:32:32:2:4:1:8:8:1:1:1:1:80:2:1:0:0,runtime_rejected,0,3,3,runtime_rejected,runtime_rejected,3
two_stage_feedback_net_log15,Ascend910B3,20,external_v2_dense_large,4608,5120,6144,fp16,0,0,20:128:864:6144:112:32:32:4:16:1:2:1:4:4:2:2:2:36:2:1:5:2:0,runtime_rejected,0,3,3,runtime_rejected,runtime_rejected,3
two_stage_feedback_net_log15,Ascend910B3,20,external_v2_dense_large,4608,5120,6144,fp16,0,0,16:384:5120:384:128:128:128:9:6:3:1:1:3:3:2:2:2:12:1:1:1:0:3,feedback_regression_counterfactual,2.64026519775,2.52710351077669,2.52787678192013,regressed,regressed,2.4751088828970955
two_stage_feedback_net_log15,Ascend910B3,20,external_v2_dense_large,4608,5120,6144,fp16,0,0,16:4608:384:384:128:128:128:6:9:1:3:0:3:3:2:2:1:1:1:1:14:2:3,feedback_regression_counterfactual,2.39060440063,2.28814316791372,2.28884331932386,regressed,regressed,2.6069254020444284
two_stage_feedback_net_log15,Ascend910B3,20,external_v2_dense_large,4608,5120,6144,fp16,0,0,16:384:5120:384:128:128:128:9:6:3:1:1:3:3:2:2:1:1:1:12:1:2:3,feedback_regression_counterfactual,2.6015045166,2.49000411125473,2.49076603031451,regressed,regressed,2.6146348078534776
two_stage_feedback_net_log15,Ascend910B3,20,external_v2_dense_large,4608,5120,6144,fp16,0,0,16:576:2560:768:32:32:48:48:64:3:2:0:16:16:2:1:1:2:1:4:2:2:2,feedback_regression_counterfactual,25.2143212891,24.133636236953,24.1410209144994,regressed,regressed,20.564679369898098
two_stage_feedback_net_log15,Ascend910B3,20,external_v2_k_shallow,1792,2048,320,fp16,0,0,12:144:2048:160:16:16:80:4:4:1:1:0:2:2:1:2:1:5:1:3:1:1:2,feedback_winner_mutation,0.0178416001797,0.579958140582599,0.773622847014495,within_noise,within_noise,1.002179936054492
two_stage_feedback_net_log15,Ascend910B3,20,external_v2_k_shallow,1792,2048,320,fp16,0,0,14:256:1024:320:32:16:320:8:4:4:4:1:1:1:2:2:2:1:1:7:2:0:0,contract_global,0.0316300010681,1.0281631928346,1.3714964594475,within_noise,within_noise,0.990656385896658
two_stage_feedback_net_log15,Ascend910B3,20,external_v2_k_shallow,1792,2048,320,fp16,0,0,14:256:1024:320:128:256:64:10:10:1:2:0:5:5:2:2:1:1:1:7:2:0:0,contract_global,0.0179604005814,0.583819860348108,0.778774106096708,within_noise,within_noise,0.9919049929000289
two_stage_feedback_net_log15,Ascend910B3,20,external_v2_k_shallow,1792,2048,320,fp16,0,0,14:256:1024:320:48:512:32:4:2:2:2:0:1:1:2:1:1:1:2:7:1:0:0,contract_global,0.0203496003151,0.661483064381501,0.882371288044976,within_noise,within_noise,0.9922911137471799
two_stage_feedback_net_log15,Ascend910B3,20,external_v2_k_shallow,1792,2048,320,fp16,0,0,13:144:2048:320:64:448:64:4:4:2:2:1:2:2:2:1:1:1:1:13:1:0:0,contract_global,0.0273079991341,0.887672419583061,1.18409177560082,within_noise,within_noise,0.9901420409913212
two_stage_feedback_net_log15,Ascend910B3,20,external_v2_k_shallow,1792,2048,320,fp16,0,0,12:160:2048:320:80:192:160:2:2:1:1:0:2:2:2:1:1:2:1:7:1:0:0,contract_global,0.0187083995342,0.608134275952191,0.811207804511773,within_noise,within_noise,0.9890526064999557
two_stage_feedback_net_log15,Ascend910B3,20,external_v2_k_shallow,1792,2048,320,fp16,0,0,14:128:2048:320:128:96:160:1:4:1:4:1:1:1:1:1:1:14:1:1:1:0:0,contract_global,0.0286691999435,0.931919543300105,1.24311428674991,within_noise,within_noise,0.99224392214599
two_stage_feedback_net_log15,Ascend910B3,20,external_v2_k_shallow,1792,2048,320,fp16,0,0,14:256:1024:320:32:144:64:2:4:2:4:1:1:1:2:1:1:1:1:7:2:0:0,contract_global,0.0267551994324,0.869703140829358,1.16012203775583,within_noise,within_noise,0.9930606111397116
two_stage_feedback_net_log15,Ascend910B3,20,external_v2_k_shallow,1792,2048,320,fp16,0,0,7:288:2048:288:96:16:32:27:18:3:2:1:9:9:1:1:1:2:1:6:1:2:2,contract_global,0.0268499994278,0.87278470461918,1.16423262433956,within_noise,within_noise,0.9973901844405365
two_stage_feedback_net_log15,Ascend910B3,20,external_v2_k_shallow,1792,2048,320,fp16,0,0,8:1792:256:64:80:64:16:32:16:4:4:1:4:4:1:1:1:1:1:1:8:0:2,contract_global,0.0280496001244,0.911778863351661,1.21624805439286,within_noise,within_noise,0.9960047754024217
two_stage_feedback_net_log15,Ascend910B3,20,external_v2_k_shallow,1792,2048,320,fp16,0,0,20:608:256:128:48:16:64:4:4:1:1:0:2:2:1:2:1:3:1:1:8:2:2,contract_global,0.0286199998856,0.930320248741519,1.24098094173163,within_noise,within_noise,1.0059274172858805
two_stage_feedback_net_log15,Ascend910B3,20,external_v2_k_shallow,1792,2048,320,fp16,0,0,20:176:512:304:96:16:16:38:38:1:1:1:19:19:2:2:1:6:2:2:3:2:2,contract_global,0.0277959990501,0.90353531983428,1.20525175455771,within_noise,within_noise,1.010304908037563
two_stage_feedback_net_log15,Ascend910B3,20,external_v2_k_shallow,1792,2048,320,fp16,0,0,6:336:2048:48:112:16:16:9:6:3:2:1:3:3:2:2:1:1:1:6:1:2:2,contract_global,0.0279724001884,0.909269406189216,1.21290061729744,within_noise,within_noise,0.9994461241402308
two_stage_feedback_net_log15,Ascend910B3,20,external_v2_k_shallow,1792,2048,320,fp16,0,0,10:192:2048:32:32:32:32:2:3:2:3:0:1:1:2:2:2:2:1:7:1:2:2,contract_global,0.017739200592,0.576629544833152,0.769182737395811,within_noise,within_noise,1.0007384132280213
two_stage_feedback_net_log15,Ascend910B3,20,external_v2_k_shallow,1792,2048,320,fp16,0,0,20:128:192:320:32:32:256:1:2:1:2:1:1:1:2:2:2:1:2:14:8:0:0,contract_global,0.0179335999489,0.582948680360952,0.777612014054531,within_noise,within_noise,1.0009818357336278
two_stage_feedback_net_log15,Ascend910B3,20,external_v2_k_shallow,1792,2048,320,fp16,0,0,16:448:512:16:48:48:16:1:1:1:1:1:1:1:1:1:1:1:1:4:4:2:2,contract_global,0.0179271996021,0.582740631017832,0.777334491046508,within_noise,within_noise,1.0082158060852189
two_stage_feedback_net_log15,Ascend910B3,20,external_v2_k_deep,1024,1536,32768,fp16,0,0,20:1024:384:384:128:128:128:6:9:1:3:0:3:3:2:2:2:1:2:1:2:0:3,feedback_winner_mutation,0.555640411377,0.889526211125434,0.891896429705688,improved,improved,0.9790607872026386
two_stage_feedback_net_log15,Ascend910B3,20,external_v2_k_deep,1024,1536,32768,fp16,0,0,19:1024:384:384:128:128:128:6:9:1:3:0:3:3:2:2:2:1:1:1:4:1:3,feedback_winner_mutation,0.949238815308,1.51963894192634,1.52368814969985,regressed,regressed,1.0317827492225329
two_stage_feedback_net_log15,Ascend910B3,20,external_v2_k_deep,1024,1536,32768,fp16,0,0,20:1024:384:384:128:128:128:6:9:1:3:0:3:3:2:2:1:1:2:1:2:2:3,feedback_winner_mutation,0.858768386841,1.37480459257989,1.37846787685588,regressed,regressed,1.0327980387056672
two_stage_feedback_net_log15,Ascend910B3,20,external_v2_k_deep,1024,1536,32768,fp16,0,0,20:1024:384:384:128:128:128:6:9:1:3:0:3:3:2:2:1:1:1:1:4:0:3,feedback_winner_mutation,1.24375038147,1.99112329082863,1.99642880892543,regressed,regressed,1.0475133827101786
two_stage_feedback_net_log15,Ascend910B3,20,external_v2_k_deep,1024,1536,32768,fp16,0,0,20:384:1536:384:128:128:128:9:6:3:1:1:3:3:2:2:2:3:1:1:1:0:3,feedback_regression_counterfactual,1.10663200378,1.77161011560896,1.77633072209634,regressed,regressed,1.0580460609434703
two_stage_feedback_net_log15,Ascend910B3,20,external_v2_k_deep,1024,1536,32768,fp16,0,0,20:384:1536:384:128:128:128:9:6:3:1:1:3:3:2:2:1:1:1:3:1:0:3,feedback_regression_counterfactual,1.4208380127,2.27462335025604,2.28068427847663,regressed,regressed,1.0908714583965549
two_stage_feedback_net_log15,Ascend910B3,20,external_v2_k_deep,1024,1536,32768,fp16,0,0,18:384:1536:384:128:128:128:9:6:3:1:1:3:3:2:2:2:1:1:3:1:0:3,feedback_regression_counterfactual,0.652893600464,1.04521909997747,1.04800417555476,regressed,regressed,1.1184434388477769
two_stage_feedback_net_log15,Ascend910B3,20,external_v2_k_deep,1024,1536,32768,fp16,0,0,15:1024:384:384:128:128:128:6:9:1:3:0:3:3:2:2:2:1:2:1:2:1:3,feedback_regression_counterfactual,1.13356201172,1.8147224368834,1.81955791983373,within_noise,within_noise,1.1393010293278343
two_stage_feedback_net_log15,Ascend910B3,20,external_v2_k_deep,1024,1536,32768,fp16,0,0,15:1024:384:384:128:128:128:6:9:1:3:0:3:3:2:2:2:1:1:1:4:2:3,feedback_regression_counterfactual,1.09138717651,1.74720463112064,1.75186020711073,regressed,regressed,1.1527429507179099
two_stage_feedback_net_log15,Ascend910B3,20,external_v2_k_deep,1024,1536,32768,fp16,0,0,16:384:1536:384:128:128:128:9:6:3:1:1:3:3:2:2:2:3:1:1:1:1:3,feedback_regression_counterfactual,1.25137641907,2.0033318346898,2.00866988349308,regressed,regressed,1.1822693495688164
two_stage_feedback_net_log15,Ascend910B3,20,external_v2_k_deep,1024,1536,32768,fp16,0,0,20:1024:80:32768:16:16:1792:1:2:1:1:0:1:1:1:1:1:1:1:1:20:0:0,runtime_rejected,0,3,3,runtime_rejected,runtime_rejected,3
two_stage_feedback_net_log15,Ascend910B3,20,external_v2_k_deep,1024,1536,32768,fp16,0,0,20:32:256:32768:16:16:512:16:4:2:1:1:4:4:2:1:1:32:6:1:1:0:0,runtime_rejected,0,3,3,runtime_rejected,runtime_rejected,3
two_stage_feedback_net_log15,Ascend910B3,20,external_v2_k_deep,1024,1536,32768,fp16,0,0,20:32:256:32768:32:48:512:4:8:1:1:0:4:4:2:1:1:1:6:32:1:0:0,runtime_rejected,0,3,3,runtime_rejected,runtime_rejected,3
two_stage_feedback_net_log15,Ascend910B3,20,external_v2_k_deep,1024,1536,32768,fp16,0,0,20:32:384:32768:16:16:64:2:16:1:4:1:2:2:1:2:1:1:4:32:1:1:0,runtime_rejected,0,3,3,runtime_rejected,runtime_rejected,3
two_stage_feedback_net_log15,Ascend910B3,20,external_v2_k_deep,1024,1536,32768,fp16,0,0,20:352:32:32768:32:16:48:8:2:2:1:0:2:2:2:2:2:3:10:1:5:1:0,runtime_rejected,0,3,3,runtime_rejected,runtime_rejected,3
two_stage_feedback_net_log15,Ascend910B3,20,external_v2_k_deep,1024,1536,32768,fp16,0,0,20:320:320:64:80:64:16:16:16:4:4:0:4:4:1:1:1:4:5:1:1:0:2,feedback_regression_counterfactual,8.84950744629,14.1671999873778,14.20494970195,regressed,regressed,10.628125883639145
two_stage_feedback_net_log15,Ascend910B3,20,external_v2_k_low_output_deep_aligned,192,128,24576,fp16,0,0,20:192:384:384:128:128:128:6:9:1:3:0:3:3:2:2:1:1:1:1:1:2:3,feedback_winner_mutation,0.0832380008698,1.1741588746003,1.23180513848597,within_noise,within_noise,0.8142685175462053
two_stage_feedback_net_log15,Ascend910B3,20,external_v2_k_low_output_deep_aligned,192,128,24576,fp16,0,0,20:192:384:384:128:128:128:6:9:1:3:0:3:3:2:2:2:1:1:1:1:0:3,feedback_winner_mutation,0.0852939987183,1.20316087002098,1.26223100993943,within_noise,within_noise,0.8155311892406397
two_stage_feedback_net_log15,Ascend910B3,20,external_v2_k_low_output_deep_aligned,192,128,24576,fp16,0,0,19:384:128:384:128:128:128:9:6:3:1:1:3:3:2:2:2:1:1:1:1:0:3,feedback_winner_mutation,0.0807468032837,1.13901793268053,1.19493892407198,within_noise,within_noise,0.8506243850968405
two_stage_feedback_net_log15,Ascend910B3,20,external_v2_k_low_output_deep_aligned,192,128,24576,fp16,0,0,18:192:384:384:128:128:128:6:9:1:3:0:3:3:2:2:2:1:1:1:1:1:3,feedback_winner_mutation,0.0292944002151,0.413228088483877,0.433515850173441,improved,improved,0.8739782833022528
two_stage_feedback_net_log15,Ascend910B3,20,external_v2_k_low_output_deep_aligned,192,128,24576,fp16,0,0,20:384:128:384:128:128:128:9:6:3:1:1:3:3:2:2:1:1:1:1:1:2:3,feedback_regression_counterfactual,0.0368648004532,0.520016484781744,0.545547107726078,improved,improved,0.8290167191445643
two_stage_feedback_net_log15,Ascend910B3,20,external_v2_k_low_output_deep_aligned,192,128,24576,fp16,0,0,16:192:384:384:128:128:128:6:9:1:3:0:3:3:2:2:2:1:1:1:1:0:3,feedback_winner_mutation,0.0296896004677,0.418802800502687,0.439364257112106,within_noise,within_noise,0.9393931925075933
two_stage_feedback_net_log15,Ascend910B3,20,external_v2_k_low_output_deep_aligned,192,128,24576,fp16,0,0,15:192:384:384:128:128:128:6:9:1:3:0:3:3:2:2:1:1:1:1:1:1:3,feedback_winner_mutation,0.0328336000443,0.463152195802352,0.485891021250749,improved,improved,0.9401441102087646
two_stage_feedback_net_log15,Ascend910B3,20,external_v2_k_low_output_deep_aligned,192,128,24576,fp16,0,0,15:384:128:384:128:128:128:9:6:3:1:1:3:3:2:2:2:1:1:1:1:1:3,feedback_winner_mutation,0.0646916007996,0.912542545438016,0.957344547550899,within_noise,within_noise,0.944434740469081
two_stage_feedback_net_log15,Ascend910B3,20,external_v2_k_low_output_deep_aligned,192,128,24576,fp16,0,0,16:192:384:384:128:128:128:6:9:1:3:0:3:3:2:2:1:1:1:1:1:2:3,feedback_winner_mutation,0.113919200897,1.60694922178381,1.68584367201093,within_noise,within_noise,0.946733771847926
two_stage_feedback_net_log15,Ascend910B3,20,external_v2_k_low_output_deep_aligned,192,128,24576,fp16,0,0,14:192:384:384:128:128:128:6:9:1:3:0:3:3:2:2:2:1:1:1:1:1:3,feedback_winner_mutation,0.100938796997,1.42384707762264,1.49375198243961,within_noise,within_noise,0.9747400410240701
two_stage_feedback_net_log15,Ascend910B3,20,external_v2_k_low_output_deep_aligned,192,128,24576,fp16,0,0,14:384:128:384:128:128:128:9:6:3:1:1:3:3:2:2:2:1:1:1:1:0:3,feedback_winner_mutation,0.0321287989616,0.453210240956925,0.475460958225324,improved,improved,0.982764544039735
two_stage_feedback_net_log15,Ascend910B3,20,external_v2_k_low_output_deep_aligned,192,128,24576,fp16,0,0,10:192:384:384:128:128:128:6:9:1:3:0:3:3:2:2:2:1:1:1:1:1:3,feedback_winner_mutation,0.234657592773,3.31009024926285,3.47260176292076,regressed,regressed,1.0742999100287647
two_stage_feedback_net_log15,Ascend910B3,20,external_v2_k_low_output_deep_aligned,192,128,24576,fp16,0,0,9:192:384:384:128:128:128:6:9:1:3:0:3:3:2:2:1:1:1:1:1:1:3,feedback_winner_mutation,0.0466379976273,0.657877630833464,0.690176656401226,improved,within_noise,1.0889075126970087
two_stage_feedback_net_log15,Ascend910B3,20,external_v2_k_low_output_deep_aligned,192,128,24576,fp16,0,0,8:192:384:384:128:128:128:6:9:1:3:0:3:3:2:2:2:1:1:1:1:0:3,feedback_winner_mutation,0.0397144007683,0.560213071245908,0.587717177574999,improved,within_noise,1.1367881362346741
two_stage_feedback_net_log15,Ascend910B3,20,external_v2_k_low_output_deep_aligned,192,128,24576,fp16,0,0,18:32:48:24576:32:48:256:8:16:1:1:0:8:8:2:2:1:1:1:6:3:0:0,feedback_regression_counterfactual,0.356588401794,5.03005156504441,5.27700594758603,regressed,regressed,7.721822870729032
two_stage_feedback_net_log15,Ascend910B3,20,external_v2_k_low_output_deep_aligned,192,128,24576,fp16,0,0,20:32:32:24576:32:32:448:8:4:1:1:0:4:4:2:2:2:6:4:1:1:0:0,contract_global,0.359032783508,5.06453212021417,5.31317935304607,regressed,regressed,3.9845026179456755
two_stage_feedback_net_log15,Ascend910B3,20,external_v2_k_low_output_deep_odd,512,384,12289,fp16,0,0,20:128:80:12289:32:64:384:8:2:4:1:1:1:1:2:1:1:2:1:3:5:0:0,contract_global,0.136658802032,1.10036200558552,1.02228001386228,within_noise,within_noise,1.001440631827923
two_stage_feedback_net_log15,Ascend910B3,20,external_v2_k_low_output_deep_odd,512,384,12289,fp16,0,0,18:96:128:12289:16:64:512:8:4:4:2:0:1:1:2:1:1:1:3:6:1:0:0,contract_global,0.130337600708,1.04946437101609,0.974994089497349,within_noise,within_noise,1.0002490627885685
two_stage_feedback_net_log15,Ascend910B3,20,external_v2_k_low_output_deep_odd,512,384,12289,fp16,0,0,20:128:80:12289:48:16:320:8:16:1:2:1:4:4:2:1:1:4:1:1:5:0:0,contract_global,0.1326060009,1.06772928588105,0.991962920958024,within_noise,within_noise,1.001495909800457
two_stage_feedback_net_log15,Ascend910B3,20,external_v2_k_low_output_deep_odd,512,384,12289,fp16,0,0,18:176:64:12289:16:48:640:8:4:2:1:0:2:2:2:1:1:3:1:1:6:0:0,contract_global,0.135316801071,1.08955635789291,1.01224113791261,within_noise,within_noise,1.0008766185010678
two_stage_feedback_net_log15,Ascend910B3,20,external_v2_k_low_output_deep_odd,512,384,12289,fp16,0,0,16:128:96:12289:64:32:512:4:6:2:3:0:2:2:1:1:1:1:2:4:3:0:0,contract_global,0.137154798508,1.10435571597281,1.0259903294575,within_noise,within_noise,1.0007216155834195
two_stage_feedback_net_log15,Ascend910B3,20,external_v2_k_low_output_deep_odd,512,384,12289,fp16,0,0,18:96:128:12289:16:112:128:16:8:2:1:0:8:8:1:2:1:1:1:6:3:0:0,contract_global,0.13542840004,1.09045494081199,1.01307595714047,within_noise,within_noise,0.9999767073495098
two_stage_feedback_net_log15,Ascend910B3,20,external_v2_k_low_output_deep_odd,512,384,12289,fp16,0,0,16:256:48:12289:64:32:448:4:8:1:1:1:4:4:1:2:1:1:1:2:8:0:0,contract_global,0.129419603348,1.04207275480666,0.968126984410221,within_noise,within_noise,1.0004299825672172
two_stage_feedback_net_log15,Ascend910B3,20,external_v2_k_low_output_deep_odd,512,384,12289,fp16,0,0,18:96:128:12289:48:16:320:8:8:2:2:1:4:4:2:2:1:2:1:3:3:0:0,contract_global,0.0640059995651,0.515369438366558,0.478798680726676,improved,improved,1.0010607284649704
two_stage_feedback_net_log15,Ascend910B3,20,external_v2_k_low_output_deep_odd,512,384,12289,fp16,0,0,20:512:16:12289:32:16:1024:4:2:2:1:1:2:2:1:2:1:1:12:1:2:0:0,contract_global,0.0640055990219,0.515366213235509,0.478795684453418,improved,improved,1.0002792528984599
two_stage_feedback_net_log15,Ascend910B3,20,external_v2_k_low_output_deep_odd,512,384,12289,fp16,0,0,20:96:32:12289:80:16:96:8:32:1:2:1:8:8:2:2:1:1:1:6:12:1:0,contract_global,0.0638763999939,0.514325916529834,0.477829207487587,improved,improved,0.9990302456171468
two_stage_feedback_net_log15,Ascend910B3,20,external_v2_k_low_output_deep_odd,512,384,12289,fp16,0,0,4:256:224:12289:32:224:16:32:4:4:1:0:4:4:1:2:1:1:1:2:2:0:0,contract_global,0.158210401535,1.27389317152597,1.18349736035586,within_noise,within_noise,0.9987516620174909
two_stage_feedback_net_log15,Ascend910B3,20,external_v2_k_low_output_deep_odd,512,384,12289,fp16,0,0,16:32:896:12289:32:896:16:16:8:1:1:1:8:8:1:2:1:8:1:2:1:0:0,contract_global,0.123765602112,0.996547343726489,0.92583206907413,within_noise,within_noise,0.997731032372735
two_stage_feedback_net_log15,Ascend910B3,20,external_v2_k_low_output_deep_odd,512,384,12289,fp16,0,0,20:16:128:12289:16:32:32:4:8:1:1:0:4:4:2:2:1:6:1:6:3:1:0,contract_global,0.0640659999847,0.515852555304832,0.479247515553506,improved,improved,0.9999479354669715
two_stage_feedback_net_log15,Ascend910B3,20,external_v2_k_low_output_deep_odd,512,384,12289,fp16,0,0,8:1792:48:12289:1792:16:16:8:4:1:1:0:4:4:1:1:1:1:2:1:4:1:0,contract_global,0.0641900014877,0.516851002095999,0.480175112286672,within_noise,within_noise,0.99624154906314
two_stage_feedback_net_log15,Ascend910B3,20,external_v2_k_low_output_deep_odd,512,384,12289,fp16,0,0,3:192:384:64:64:16:32:12:4:3:2:0:2:2:1:1:1:3:1:1:1:1:2,contract_global,0.163436794281,1.31597552493947,1.22259353835139,within_noise,within_noise,1.001279128989342
two_stage_feedback_net_log15,Ascend910B3,20,external_v2_k_low_output_deep_odd,512,384,12289,fp16,0,0,2:384:384:96:96:16:16:24:24:4:4:1:6:6:1:2:1:2:1:1:1:2:2,contract_global,0.063794798851,0.513668872884023,0.477218787843544,improved,improved,1.1551254797745718
two_stage_feedback_net_log15,Ascend910B3,20,external_v2_skinny_m,47,3584,12288,fp16,0,0,16:128:384:384:128:128:128:6:9:1:3:0:3:3:2:2:2:1:1:1:10:1:3,contract_global,0.0548636007309,1.0004376256124,1.00010934877285,within_noise,within_noise,0.9732784001776301
two_stage_feedback_net_log15,Ascend910B3,20,external_v2_skinny_m,47,3584,12288,fp16,0,0,20:32:368:12288:32:16:512:8:16:1:2:0:8:8:2:2:1:2:1:1:10:0:0,contract_global,0.0548252010345,0.999737407243068,0.999409360171577,within_noise,within_noise,1.0008110415222167
two_stage_feedback_net_log15,Ascend910B3,20,external_v2_skinny_m,47,3584,12288,fp16,0,0,18:64:208:12288:64:16:448:4:16:1:4:0:4:4:1:2:1:1:2:1:10:0:0,contract_global,0.054812002182,0.999496726202051,0.999168758097935,within_noise,within_noise,1.0012880818266636
two_stage_feedback_net_log15,Ascend910B3,20,external_v2_skinny_m,47,3584,12288,fp16,0,0,20:32:368:12288:32:32:1024:4:4:1:2:0:2:2:1:1:1:2:2:1:7:0:0,contract_global,0.0548587989807,1.00035006570912,1.000021817601,within_noise,within_noise,1.0020019667497737
two_stage_feedback_net_log15,Ascend910B3,20,external_v2_skinny_m,47,3584,12288,fp16,0,0,19:48:192:12288:32:16:512:2:4:1:2:0:2:2:1:2:1:1:4:1:5:0:0,contract_global,0.0547883987427,0.999066317537651,0.998738490675884,within_noise,within_noise,1.003652798869218
two_stage_feedback_net_log15,Ascend910B3,20,external_v2_skinny_m,47,3584,12288,fp16,0,0,19:64:192:12288:64:64:256:4:12:1:3:1:2:2:1:2:1:1:5:1:4:0:0,contract_global,0.0550263977051,1.00340622804024,1.0030769771043,within_noise,within_noise,1.002144736750539
two_stage_feedback_net_log15,Ascend910B3,20,external_v2_skinny_m,47,3584,12288,fp16,0,0,19:64:192:12288:64:32:256:8:8:1:2:0:4:4:2:1:1:1:5:1:4:0:0,contract_global,0.0549331998825,1.00170676597266,1.00137807268585,within_noise,within_noise,1.002236022940408
two_stage_feedback_net_log15,Ascend910B3,20,external_v2_skinny_m,47,3584,12288,fp16,0,0,15:16:720:12288:16:128:224:2:8:1:4:0:1:1:2:1:1:3:5:1:1:1:0,contract_global,0.0548456001282,1.0001093846657,0.999781215537116,within_noise,within_noise,1.0015551006194494
two_stage_feedback_net_log15,Ascend910B3,20,external_v2_skinny_m,47,3584,12288,fp16,0,0,20:208:80:12288:208:16:128:1:4:1:2:0:1:1:1:2:1:1:5:1:9:2:0,contract_global,0.0547923994064,0.999139269634989,0.998811418826343,within_noise,within_noise,1.0026274660020638
two_stage_feedback_net_log15,Ascend910B3,20,external_v2_skinny_m,47,3584,12288,fp16,0,0,20:144:48:12288:144:48:48:16:16:1:1:1:8:8:2:1:1:1:13:1:6:0:0,contract_global,0.0548736000061,1.0006199623712,1.00029162570176,within_noise,within_noise,1.0022634129257144
two_stage_feedback_net_log15,Ascend910B3,20,external_v2_skinny_m,47,3584,12288,fp16,0,0,1:48:3584:12288:48:16:112:8:4:1:1:1:4:4:2:2:2:1:1:1:1:0:0,contract_global,0.0548543977737,1.00026980971064,0.999941587942168,within_noise,within_noise,1.0029835263232638
two_stage_feedback_net_log15,Ascend910B3,20,external_v2_skinny_m,47,3584,12288,fp16,0,0,2:160:1792:12288:160:160:192:1:2:1:1:1:1:1:1:1:1:1:2:1:1:0:0,contract_global,0.0548112010956,0.99948211839033,0.999154155089288,within_noise,within_noise,1.004205148788892
two_stage_feedback_net_log15,Ascend910B3,20,external_v2_skinny_m,47,3584,12288,fp16,0,0,20:176:32:12288:176:32:112:8:16:1:1:0:8:8:1:1:1:1:9:1:13:2:0,contract_global,0.0547408008575,0.998198370218281,0.997870828155668,within_noise,within_noise,1.0025289853951451
two_stage_feedback_net_log15,Ascend910B3,20,external_v2_skinny_m,47,3584,12288,fp16,0,0,3:256:1200:12288:256:32:32:16:32:1:4:0:8:8:2:1:1:1:1:1:3:0:0,contract_global,0.0548600006104,1.00037197742375,1.00004372212654,within_noise,within_noise,1.0004451612040937
two_stage_feedback_net_log15,Ascend910B3,20,external_v2_skinny_m,47,3584,12288,fp16,0,0,4:256:896:256:64:16:16:64:64:4:4:1:16:16:1:2:1:1:2:1:2:0:2,contract_global,0.0548303985596,0.999832184096904,0.999504105922942,within_noise,within_noise,1.0006063584713678
two_stage_feedback_net_log15,Ascend910B3,20,external_v2_skinny_m,47,3584,12288,fp16,0,0,1:336:3584:256:112:32:16:96:32:3:2:0:16:16:2:1:1:1:1:1:1:1:2,contract_global,0.054707198143,0.997585624805536,0.997258283803863,within_noise,within_noise,1.0003042045121302
two_stage_feedback_net_log15,Ascend910B3,20,external_v2_skinny_n,3584,73,12288,fp16,0,0,15:240:80:160:16:16:160:4:6:2:3:1:1:1:2:2:1:1:1:15:1:1:2,feedback_winner_mutation,0.121093597412,1.0080313308119,1.00501622262577,within_noise,within_noise,0.9844891099962941
two_stage_feedback_net_log15,Ascend910B3,20,external_v2_skinny_n,3584,73,12288,fp16,0,0,20:288:32:12288:48:32:128:32:16:4:1:1:8:8:2:2:2:3:1:6:3:1:0,feedback_winner_mutation,0.121224803925,1.00912354607947,1.00610517098387,within_noise,within_noise,1.004540166308276
two_stage_feedback_net_log15,Ascend910B3,20,external_v2_skinny_n,3584,73,12288,fp16,0,0,20:288:32:12288:48:32:128:32:16:4:1:1:8:8:2:2:1:1:1:13:3:1:0,feedback_winner_mutation,0.120683603287,1.00461837643454,1.00161347668641,within_noise,within_noise,1.0048064405726045
two_stage_feedback_net_log15,Ascend910B3,20,external_v2_skinny_n,3584,73,12288,fp16,0,0,14:256:96:64:48:32:64:2:6:2:3:0:1:1:2:2:1:5:1:3:1:2:2,feedback_winner_mutation,0.120936803818,1.0067261184919,1.00371491430706,within_noise,within_noise,1.0002961199392426
two_stage_feedback_net_log15,Ascend910B3,20,external_v2_skinny_n,3584,73,12288,fp16,0,0,2:3584:48:16:48:16:16:2:6:2:3:0:1:1:2:1:2:1:1:1:2:2:2,feedback_winner_mutation,0.120153999329,1.00020974217055,0.997218029023262,within_noise,within_noise,0.9890339440803085
two_stage_feedback_net_log15,Ascend910B3,20,external_v2_skinny_n,3584,73,12288,fp16,0,0,1:3584:48:16:48:16:16:2:6:2:3:0:1:1:2:1:1:1:1:1:2:2:2,feedback_winner_mutation,0.156056804657,1.29907899214128,1.29519333543051,regressed,regressed,0.983970731346613
two_stage_feedback_net_log15,Ascend910B3,20,external_v2_skinny_n,3584,73,12288,fp16,0,0,20:96:1536:12288:16:1536:16:16:8:4:1:1:4:4:1:1:1:19:1:2:1:0:0,feedback_winner_mutation,0.150411596298,1.25208602953584,1.24834093280934,regressed,regressed,0.9957433384335099
two_stage_feedback_net_log15,Ascend910B3,20,external_v2_skinny_n,3584,73,12288,fp16,0,0,20:128:384:512:48:128:32:32:48:2:3:1:16:16:2:1:1:14:1:2:1:2:2,feedback_winner_mutation,0.121059999466,1.00775164812911,1.00473737649769,within_noise,within_noise,1.0008619088790354
two_stage_feedback_net_log15,Ascend910B3,20,external_v2_skinny_n,3584,73,12288,fp16,0,0,20:112:16:12288:16:16:320:4:2:2:1:0:1:1:2:2:1:5:1:7:5:2:0,contract_global,0.122325601578,1.01828702414031,1.01524124029469,regressed,regressed,0.967971289524681
two_stage_feedback_net_log15,Ascend910B3,20,external_v2_skinny_n,3584,73,12288,fp16,0,0,20:128:16:12288:16:16:192:4:2:2:1:1:1:1:1:2:1:4:1:7:5:1:0,contract_global,0.121492395401,1.011351084095,1.00832604624214,regressed,within_noise,0.9703028968131374
two_stage_feedback_net_log15,Ascend910B3,20,external_v2_skinny_n,3584,73,12288,fp16,0,0,20:336:16:12288:48:16:48:64:16:4:1:1:8:8:1:2:1:11:2:1:3:2:0,contract_global,0.121661596298,1.01275957974715,1.00973032896174,regressed,within_noise,0.9864497509472759
two_stage_feedback_net_log15,Ascend910B3,20,external_v2_skinny_n,3584,73,12288,fp16,0,0,4:896:192:192:16:48:64:24:12:4:4:0:3:3:2:1:1:1:1:4:1:0:2,contract_global,0.120969200134,1.00699579832812,1.00398378750783,within_noise,within_noise,0.9798702963262268
two_stage_feedback_net_log15,Ascend910B3,20,external_v2_skinny_n,3584,73,12288,fp16,0,0,2:3584:64:192:32:16:32:48:24:4:4:1:6:6:2:2:1:1:1:1:2:2:2,contract_global,0.123922395706,1.03157937439068,1.02849383198477,regressed,regressed,0.9772259788428318
two_stage_feedback_net_log15,Ascend910B3,20,external_v2_skinny_n,3584,73,12288,fp16,0,0,2:1792:192:256:96:48:16:128:64:4:4:1:16:16:1:1:1:1:1:2:1:0:2,contract_global,0.122073602676,1.01618928492019,1.01314977559275,regressed,regressed,0.991295689948172
two_stage_feedback_net_log15,Ascend910B3,20,external_v2_skinny_n,3584,73,12288,fp16,0,0,3:3584:32:12288:416:32:16:16:2:4:1:1:2:2:2:1:1:1:1:1:3:1:0,contract_global,0.124030799866,1.03248177379099,1.02939353223115,regressed,regressed,1.0145617444248038
two_stage_feedback_net_log15,Ascend910B3,20,external_v2_skinny_n,3584,73,12288,fp16,0,0,4:896:144:12288:144:144:96:4:2:4:1:1:1:1:1:1:1:1:1:4:1:0:0,contract_global,0.121064796448,1.00779158011793,1.00477718904574,within_noise,within_noise,1.0430395268098176
two_stage_feedback_net_log15,Ascend910B3,20,external_v2_layout_tn,1792,2560,3584,fp16,1,0,15:368:864:3584:64:16:32:2:2:1:1:0:1:1:1:2:1:1:3:5:1:0:0,runtime_rejected,0,3,3,runtime_rejected,runtime_rejected,3
two_stage_feedback_net_log15,Ascend910B3,20,external_v2_layout_tn,1792,2560,3584,fp16,1,0,10:1792:384:384:128:128:128:6:9:1:3:0:3:3:2:2:1:1:1:1:7:0:3,feedback_regression_counterfactual,0.445866012573,3.52191507451004,3.51936888023354,regressed,regressed,3.191351145544147
two_stage_feedback_net_log15,Ascend910B3,20,external_v2_layout_tn,1792,2560,3584,fp16,1,0,10:1792:384:384:128:128:128:6:9:1:3:0:3:3:2:2:2:1:7:1:1:1:3,feedback_regression_counterfactual,0.300777206421,2.37585226837746,2.37413462859412,regressed,regressed,3.2569535779597727
two_stage_feedback_net_log15,Ascend910B3,20,external_v2_layout_tn,1792,2560,3584,fp16,1,0,10:1792:384:384:128:128:128:6:9:1:3:0:3:3:2:2:1:1:3:1:3:2:3,feedback_regression_counterfactual,0.445171585083,3.51642976148485,3.51388753286114,regressed,regressed,3.427695351699158
two_stage_feedback_net_log15,Ascend910B3,20,external_v2_layout_tn,1792,2560,3584,fp16,1,0,9:1792:384:384:128:128:128:6:9:1:3:0:3:3:2:2:2:1:1:1:7:0:3,feedback_regression_counterfactual,0.547397613525,4.32391761753072,4.32079160965976,regressed,regressed,3.5344721176316454
two_stage_feedback_net_log15,Ascend910B3,20,external_v2_layout_tn,1792,2560,3584,fp16,1,0,9:1792:384:384:128:128:128:6:9:1:3:0:3:3:2:2:1:1:1:1:7:2:3,feedback_regression_counterfactual,0.869759216309,6.87026597394402,6.86529906486348,regressed,regressed,3.7216292566651084
two_stage_feedback_net_log15,Ascend910B3,20,external_v2_layout_tn,1792,2560,3584,fp16,1,0,13:144:2560:3520:16:16:80:44:88:1:1:0:44:44:1:2:1:3:1:6:1:0:2,feedback_regression_counterfactual,19.8018945312,156.416028328505,156.302946216304,regressed,regressed,59.01254270379013
two_stage_feedback_net_log15,Ascend910B3,20,external_v2_layout_tn,1792,2560,3584,fp16,1,0,10:384:2560:384:128:128:128:9:6:3:1:1:3:3:2:2:2:1:1:5:1:0:3,contract_global,0.30044839859,2.37325500098154,2.37153923891294,regressed,regressed,3.8580180969968145
two_stage_feedback_net_log15,Ascend910B3,20,external_v2_layout_nt,1664,2432,3328,fp16,0,1,19:1664:128:3328:16:48:640:6:6:1:1:1:6:6:2:1:1:1:2:1:15:2:0,runtime_rejected,0,3,3,runtime_rejected,runtime_rejected,3
two_stage_feedback_net_log15,Ascend910B3,20,external_v2_layout_nt,1664,2432,3328,fp16,0,1,9:1664:384:384:128:128:128:6:9:1:3:0:3:3:2:2:1:1:1:1:7:0:3,feedback_regression_counterfactual,0.391629219055,3.23228817016415,3.22634475681761,regressed,regressed,2.656069801941807
two_stage_feedback_net_log15,Ascend910B3,20,external_v2_layout_nt,1664,2432,3328,fp16,0,1,9:1664:384:384:128:128:128:6:9:1:3:0:3:3:2:2:2:1:3:1:3:2:3,feedback_regression_counterfactual,0.273667201996,2.25869576766937,2.25454256044426,regressed,regressed,2.774542800045312
two_stage_feedback_net_log15,Ascend910B3,20,external_v2_layout_nt,1664,2432,3328,fp16,0,1,9:384:2432:384:128:128:128:9:6:3:1:1:3:3:2:2:2:1:1:5:1:0:3,contract_global,0.29283159256,2.41686791084428,2.41242386246543,regressed,regressed,2.999558777375369
two_stage_feedback_net_log15,Ascend910B3,20,external_v2_layout_nt,1664,2432,3328,fp16,0,1,7:1664:384:384:128:128:128:6:9:1:3:0:3:3:2:2:2:1:1:1:7:1:3,feedback_regression_counterfactual,0.487018814087,4.01958044709363,4.01218938947721,regressed,regressed,3.803498657473012
two_stage_feedback_net_log15,Ascend910B3,20,external_v2_layout_nt,1664,2432,3328,fp16,0,1,18:560:416:1280:16:16:160:32:32:4:4:0:8:8:1:1:1:3:1:1:6:2:2,feedback_regression_counterfactual,3.28518310547,27.1140608820192,27.0642045379464,regressed,regressed,24.359244091826625
two_stage_feedback_net_log15,Ascend910B3,20,external_v2_layout_nt,1664,2432,3328,fp16,0,1,8:384:2432:384:128:128:128:9:6:3:1:1:3:3:2:2:2:1:1:5:1:0:3,contract_global,0.490638008118,4.04945124702335,4.04200526408245,regressed,regressed,3.8207135009205033
two_stage_feedback_net_log15,Ascend910B3,20,external_v2_layout_tt,1280,1920,2560,fp16,1,1,20:256:480:2560:48:80:256:2:4:1:2:1:2:2:2:1:1:5:1:1:4:0:0,contract_global,0.0640520000458,0.998989310636446,1.00120045567493,within_noise,within_noise,1.0037009050859034
two_stage_feedback_net_log15,Ascend910B3,20,external_v2_layout_tt,1280,1920,2560,fp16,1,1,18:432:320:2560:32:32:64:8:32:1:2:1:8:8:2:2:2:3:6:1:1:0:0,contract_global,0.0643851995468,1.00418606857974,1.00640871602575,within_noise,within_noise,1.002580939845525
two_stage_feedback_net_log15,Ascend910B3,20,external_v2_layout_tt,1280,1920,2560,fp16,1,1,20:256:480:2560:16:16:256:16:8:4:4:1:2:2:1:1:1:2:1:4:4:0:0,contract_global,0.064172000885,1.0008609080221,1.00307619561778,within_noise,within_noise,1.0050346666617986
two_stage_feedback_net_log15,Ascend910B3,20,external_v2_layout_tt,1280,1920,2560,fp16,1,1,18:640:224:2560:32:32:128:16:8:2:1:0:8:8:1:1:1:2:2:1:6:0:0,contract_global,0.064008398056,0.998309270646991,1.00051891049245,within_noise,within_noise,1.0034458879427286
two_stage_feedback_net_log15,Ascend910B3,20,external_v2_layout_tt,1280,1920,2560,fp16,1,1,20:320:384:2560:32:80:32:4:4:2:1:1:2:2:2:2:2:1:3:4:2:0:0,contract_global,0.0639120006561,0.996805805145192,0.999012117257353,within_noise,within_noise,1.0041740888424435
two_stage_feedback_net_log15,Ascend910B3,20,external_v2_layout_tt,1280,1920,2560,fp16,1,1,20:640:192:1280:16:32:160:32:32:4:4:1:8:8:2:1:1:1:2:2:8:0:2,contract_global,0.0644224023819,1.00476630392854,1.00699023565797,within_noise,within_noise,1.002425584760251
two_stage_feedback_net_log15,Ascend910B3,20,external_v2_layout_tt,1280,1920,2560,fp16,1,1,18:432:320:2560:80:48:48:4:8:1:1:1:4:4:1:2:1:1:2:3:3:0:0,contract_global,0.0643540000916,1.00369946516005,1.00592103556748,within_noise,within_noise,1.0040290473803455
two_stage_feedback_net_log15,Ascend910B3,20,external_v2_layout_tt,1280,1920,2560,fp16,1,1,12:640:352:2560:64:352:48:32:8:2:1:1:8:8:1:1:1:2:6:1:1:0:0,contract_global,0.0644687986374,1.00548992478825,1.00771545816613,within_noise,within_noise,1.00058414998786
two_stage_feedback_net_log15,Ascend910B3,20,external_v2_layout_tt,1280,1920,2560,fp16,1,1,20:64:1920:2560:16:16:80:16:8:4:2:1:2:2:2:2:1:10:1:2:1:0:0,contract_global,0.0642795991898,1.00253906883295,1.00475807084013,within_noise,within_noise,1.0039217885500233
two_stage_feedback_net_log15,Ascend910B3,20,external_v2_layout_tt,1280,1920,2560,fp16,1,1,8:1280:240:2560:32:240:16:2:2:2:1:0:1:1:2:1:1:1:3:1:3:0:0,contract_global,0.0643347978592,1.0033999768556,1.00562088438071,within_noise,within_noise,1.003148145736616
two_stage_feedback_net_log15,Ascend910B3,20,external_v2_layout_tt,1280,1920,2560,fp16,1,1,5:256:1920:2560:256:32:48:16:32:1:4:1:8:8:2:2:2:5:1:1:1:0:0,contract_global,0.0644080018997,1.00454170629239,1.00676514090087,within_noise,within_noise,1.0021941797581515
two_stage_feedback_net_log15,Ascend910B3,20,external_v2_layout_tt,1280,1920,2560,fp16,1,1,5:256:1920:2560:256:16:128:4:2:1:1:1:2:2:1:2:1:2:1:3:1:0:0,contract_global,0.0642944002151,1.00276991355386,1.00498942650787,within_noise,within_noise,1.0044501837281294
two_stage_feedback_net_log15,Ascend910B3,20,external_v2_layout_tt,1280,1920,2560,fp16,1,1,20:224:160:2560:16:16:1024:8:2:2:1:0:2:2:2:2:1:2:3:3:5:0:0,contract_global,0.0641635990143,1.0007298679457,1.00294486549924,within_noise,within_noise,1.0024988752491537
two_stage_feedback_net_log15,Ascend910B3,20,external_v2_layout_tt,1280,1920,2560,fp16,1,1,20:1280:32:2560:96:16:16:4:4:1:2:0:2:2:2:2:1:1:4:1:19:0:0,contract_global,0.0643275976181,1.00328767803738,1.00550833700238,within_noise,within_noise,1.0016180686541019
two_stage_feedback_net_log15,Ascend910B3,20,external_v2_layout_tt,1280,1920,2560,fp16,1,1,14:1280:144:96:64:48:96:2:6:2:3:0:1:1:1:1:1:1:2:1:9:1:2,contract_global,0.0641319990158,1.00023701743795,1.00245092412529,within_noise,within_noise,1.0024633117790451
two_stage_feedback_net_log15,Ascend910B3,20,external_v2_layout_tt,1280,1920,2560,fp16,1,1,7:384:1920:384:128:128:128:9:6:3:1:1:3:3:2:2:2:1:1:4:1:0:3,contract_global,0.0640059995651,0.998271862499168,1.00048141954526,within_noise,within_noise,1.058930734433173
two_stage_feedback_net_log15,Ascend910B3,20,external_v2_bf16_aligned,2560,3584,5120,bf16,0,0,20:864:80:5120:128:80:96:4:2:1:1:1:2:2:2:2:1:1:15:3:3:1:0,runtime_rejected,0,3,3,runtime_rejected,runtime_rejected,3
two_stage_feedback_net_log15,Ascend910B3,20,external_v2_bf16_aligned,2560,3584,5120,bf16,0,0,14:368:1792:5120:160:80:192:2:8:1:4:1:1:1:1:2:1:7:1:1:2:0:0,runtime_rejected,0,3,3,runtime_rejected,runtime_rejected,3
two_stage_feedback_net_log15,Ascend910B3,20,external_v2_bf16_aligned,2560,3584,5120,bf16,0,0,20:208:288:5120:80:96:256:2:8:1:2:0:2:2:1:1:1:1:5:13:3:0:0,runtime_rejected,0,3,3,runtime_rejected,runtime_rejected,3
two_stage_feedback_net_log15,Ascend910B3,20,external_v2_bf16_aligned,2560,3584,5120,bf16,0,0,12:224:3584:5120:48:64:512:2:4:2:4:1:1:1:1:1:1:1:1:12:1:0:0,runtime_rejected,0,3,3,runtime_rejected,runtime_rejected,3
two_stage_feedback_net_log15,Ascend910B3,20,external_v2_bf16_aligned,2560,3584,5120,bf16,0,0,10:256:3584:5120:128:48:224:1:8:1:4:1:1:1:1:1:1:5:1:2:1:0:0,runtime_rejected,0,3,3,runtime_rejected,runtime_rejected,3
two_stage_feedback_net_log15,Ascend910B3,20,external_v2_bf16_aligned,2560,3584,5120,bf16,0,0,12:224:3584:5120:80:64:320:1:2:1:2:1:1:1:1:1:1:12:1:1:1:0:0,runtime_rejected,0,3,3,runtime_rejected,runtime_rejected,3
two_stage_feedback_net_log15,Ascend910B3,20,external_v2_bf16_aligned,2560,3584,5120,bf16,0,0,12:224:3584:5120:32:208:128:8:8:4:2:1:2:2:1:1:1:12:1:1:1:0:0,runtime_rejected,0,3,3,runtime_rejected,runtime_rejected,3
two_stage_feedback_net_log15,Ascend910B3,20,external_v2_bf16_aligned,2560,3584,5120,bf16,0,0,20:864:80:5120:32:80:128:4:2:1:1:1:2:2:2:2:1:1:45:3:1:2:0,runtime_rejected,0,3,3,runtime_rejected,runtime_rejected,3
two_stage_feedback_net_log15,Ascend910B3,20,external_v2_bf16_aligned,2560,3584,5120,bf16,0,0,7:2560:512:5120:64:512:16:32:16:2:1:0:8:8:1:1:1:1:3:1:3:1:0,runtime_rejected,0,3,3,runtime_rejected,runtime_rejected,3
two_stage_feedback_net_log15,Ascend910B3,20,external_v2_bf16_aligned,2560,3584,5120,bf16,0,0,20:864:80:5120:320:80:48:8:2:2:1:0:2:2:2:2:1:1:7:3:7:0:0,runtime_rejected,0,3,3,runtime_rejected,runtime_rejected,3
two_stage_feedback_net_log15,Ascend910B3,20,external_v2_bf16_aligned,2560,3584,5120,bf16,0,0,20:640:96:5120:320:96:48:8:8:1:1:0:4:4:1:1:1:4:2:1:24:1:0,runtime_rejected,0,3,3,runtime_rejected,runtime_rejected,3
two_stage_feedback_net_log15,Ascend910B3,20,external_v2_bf16_aligned,2560,3584,5120,bf16,0,0,14:368:1792:5120:16:240:64:4:16:1:4:1:2:2:1:1:1:1:1:7:2:0:0,runtime_rejected,0,3,3,runtime_rejected,runtime_rejected,3
two_stage_feedback_net_log15,Ascend910B3,20,external_v2_bf16_aligned,2560,3584,5120,bf16,0,0,20:240:256:5120:32:32:512:8:8:2:2:0:4:4:2:1:1:1:4:11:4:2:0,runtime_rejected,0,3,3,runtime_rejected,runtime_rejected,3
two_stage_feedback_net_log15,Ascend910B3,20,external_v2_bf16_aligned,2560,3584,5120,bf16,0,0,20:80:896:5120:80:32:192:4:2:1:1:1:2:2:1:2:1:16:2:2:3:1:0,runtime_rejected,0,3,3,runtime_rejected,runtime_rejected,3
two_stage_feedback_net_log15,Ascend910B3,20,external_v2_bf16_aligned,2560,3584,5120,bf16,0,0,20:128:448:5120:112:48:256:4:8:1:2:0:2:2:1:2:1:20:1:1:8:2:0,runtime_rejected,0,3,3,runtime_rejected,runtime_rejected,3
two_stage_feedback_net_log15,Ascend910B3,20,external_v2_bf16_aligned,2560,3584,5120,bf16,0,0,20:432:128:5120:80:64:128:16:8:4:1:0:4:4:2:2:2:6:2:1:22:1:0,runtime_rejected,0,3,3,runtime_rejected,runtime_rejected,3
two_stage_feedback_net_log15,Ascend910B3,20,external_v2_bf16_odd,1023,1537,3073,bf16,0,0,20:256:320:3073:16:48:224:8:4:4:2:0:2:2:2:2:2:4:1:1:5:0:0,contract_global,0.155344800949,1.00065448576345,1.00221416276476,within_noise,within_noise,1.0001700570001522
two_stage_feedback_net_log15,Ascend910B3,20,external_v2_bf16_odd,1023,1537,3073,bf16,0,0,20:256:320:3073:16:48:48:16:16:1:1:0:8:8:2:2:1:4:1:1:5:0:0,contract_global,0.155070800781,0.998889512004546,1.00044643801797,within_noise,within_noise,0.9998379020332471
two_stage_feedback_net_log15,Ascend910B3,20,external_v2_bf16_odd,1023,1537,3073,bf16,0,0,20:256:320:3073:32:64:80:4:2:4:1:0:1:1:2:1:1:1:5:4:1:0:0,contract_global,0.155212001801,0.999799059235306,1.00135740292402,within_noise,within_noise,1.00023065201574
two_stage_feedback_net_log15,Ascend910B3,20,external_v2_bf16_odd,1023,1537,3073,bf16,0,0,20:512:160:3073:32:16:192:2:4:1:1:0:2:2:1:2:1:1:1:2:10:0:0,contract_global,0.155111999512,0.999154893878446,1.00071223353457,within_noise,within_noise,0.9998792454952953
two_stage_feedback_net_log15,Ascend910B3,20,external_v2_bf16_odd,1023,1537,3073,bf16,0,0,20:208:400:3073:16:32:160:2:2:2:1:1:1:1:2:1:1:1:2:5:2:0:0,contract_global,0.15513879776,0.999327514960455,1.00088512367008,within_noise,within_noise,1.0001848570969172
two_stage_feedback_net_log15,Ascend910B3,20,external_v2_bf16_odd,1023,1537,3073,bf16,0,0,20:208:400:3073:32:16:160:2:2:1:2:0:1:1:1:2:1:1:4:5:1:0:0,contract_global,0.15517080307,0.999533677358259,1.00109160740638,within_noise,within_noise,1.0002913777583782
two_stage_feedback_net_log15,Ascend910B3,20,external_v2_bf16_odd,1023,1537,3073,bf16,0,0,20:512:160:3073:48:96:64:8:4:2:1:1:2:2:1:1:1:1:3:2:4:0:0,contract_global,0.155061197281,0.998827651005336,1.00038448059351,within_noise,within_noise,0.9999715263088307
two_stage_feedback_net_log15,Ascend910B3,20,external_v2_bf16_odd,1023,1537,3073,bf16,0,0,20:208:400:3073:32:64:48:2:2:2:1:1:1:1:2:1:1:5:1:1:4:0:0,contract_global,0.155204401016,0.999750098736252,1.00130836610811,within_noise,within_noise,1.0001228243041285
two_stage_feedback_net_log15,Ascend910B3,20,external_v2_bf16_odd,1023,1537,3073,bf16,0,0,20:32:1552:3073:16:16:1792:2:1:1:1:0:1:1:1:1:1:11:1:3:1:0:0,contract_global,0.155237197876,0.999961359913114,1.00151995656578,within_noise,within_noise,1.0005439170744743
two_stage_feedback_net_log15,Ascend910B3,20,external_v2_bf16_odd,1023,1537,3073,bf16,0,0,20:288:96:3073:288:32:48:16:24:1:3:1:8:8:2:2:2:1:1:4:17:0:0,contract_global,0.15512960434,0.99926829549352,1.00082581189658,within_noise,within_noise,0.9995230102249908
two_stage_feedback_net_log15,Ascend910B3,20,external_v2_bf16_odd,1023,1537,3073,bf16,0,0,2:640:1552:3073:640:16:48:8:16:1:4:1:4:4:1:2:1:2:1:1:1:0:0,contract_global,0.155443601608,1.00129091081326,1.00285157978255,within_noise,within_noise,0.9993771400586072
two_stage_feedback_net_log15,Ascend910B3,20,external_v2_bf16_odd,1023,1537,3073,bf16,0,0,20:176:64:3073:16:16:448:16:8:2:2:0:4:4:2:2:1:1:4:6:8:2:0,contract_global,0.155029602051,0.998624130136017,1.00018064250682,within_noise,within_noise,0.9999933896638068
two_stage_feedback_net_log15,Ascend910B3,20,external_v2_bf16_odd,1023,1537,3073,bf16,0,0,20:64:144:3073:64:80:224:8:8:1:1:1:4:4:2:1:1:8:6:2:2:2:0,contract_global,0.155237197876,0.999961359913114,1.00151995656578,within_noise,within_noise,1.0003165074641418
two_stage_feedback_net_log15,Ascend910B3,20,external_v2_bf16_odd,1023,1537,3073,bf16,0,0,20:48:176:3073:16:32:32:4:4:2:4:0:1:1:2:2:2:6:2:4:6:1:0,contract_global,0.155055198669,0.998789010902656,1.00034578027067,within_noise,within_noise,1.0000451266544481
two_stage_feedback_net_log15,Ascend910B3,20,external_v2_bf16_odd,1023,1537,3073,bf16,0,0,20:208:64:768:48:16:48:64:128:4:4:1:16:16:1:2:1:1:1:5:25:0:2,contract_global,0.155174398422,0.999556836840659,1.00111480298678,within_noise,within_noise,0.9991388572041222
two_stage_feedback_net_log15,Ascend910B3,20,external_v2_bf16_odd,1023,1537,3073,bf16,0,0,20:80:144:192:48:32:48:8:4:1:1:0:4:4:2:2:2:1:3:13:5:2:2,contract_global,0.155155200958,0.999433176261368,1.0009909496601,within_noise,within_noise,1.0002485184766365
two_stage_feedback_net_log15,Ascend910B3,20,external_v2_fp32_nn,768,1280,1536,fp32,0,0,5:384:1280:192:128:128:64:9:6:3:1:1:3:3:2:2:2:2:1:1:1:0:3,feedback_winner_mutation,0.0512379980087,0.987001261976359,0.99606528984163,improved,within_noise,0.9976279053299059
two_stage_feedback_net_log15,Ascend910B3,20,external_v2_fp32_nn,768,1280,1536,fp32,0,0,4:384:1280:192:128:128:64:9:6:3:1:1:3:3:2:2:2:2:1:1:1:1:3,feedback_winner_mutation,0.0515723991394,0.993442855141541,1.00256603874285,within_noise,within_noise,0.9972066607728128
two_stage_feedback_net_log15,Ascend910B3,20,external_v2_fp32_nn,768,1280,1536,fp32,0,0,4:384:1280:192:128:128:64:9:6:3:1:1:3:3:2:2:1:2:1:1:1:0:3,feedback_winner_mutation,0.0512824010849,0.987856601647245,0.996928484434464,improved,within_noise,0.9973811131195913
two_stage_feedback_net_log15,Ascend910B3,20,external_v2_fp32_nn,768,1280,1536,fp32,0,0,4:192:1280:128:192:16:16:8:8:1:1:0:8:8:1:2:2:2:1:3:1:0:2,feedback_winner_mutation,0.0521795988083,1.00513938628942,1.01436998381616,within_noise,regressed,0.9988758005855002
two_stage_feedback_net_log15,Ascend910B3,20,external_v2_fp32_nn,768,1280,1536,fp32,0,0,4:192:1280:128:192:16:16:8:8:1:1:1:8:8:1:2:1:2:1:3:1:0:2,feedback_winner_mutation,0.0513923978806,0.98997547787915,0.999066819159878,improved,within_noise,0.9990699827212752
two_stage_feedback_net_log15,Ascend910B3,20,external_v2_fp32_nn,768,1280,1536,fp32,0,0,20:32:192:1536:16:48:48:16:32:1:2:1:8:8:2:1:2:24:2:1:5:1:0,feedback_winner_mutation,0.051477599144,0.991616715974608,1.00072312940628,within_noise,within_noise,0.9974372775333918
two_stage_feedback_net_log15,Ascend910B3,20,external_v2_fp32_nn,768,1280,1536,fp32,0,0,20:32:192:1536:16:48:48:16:32:1:2:0:8:8:2:1:1:24:2:1:5:1:0,feedback_winner_mutation,0.0522011995316,1.00555548258402,1.01478990129109,within_noise,regressed,0.9977066549346126
two_stage_feedback_net_log15,Ascend910B3,20,external_v2_fp32_nn,768,1280,1536,fp32,0,0,20:32:192:1536:16:48:48:16:32:1:2:1:8:8:2:1:1:24:2:1:5:2:0,feedback_winner_mutation,0.0512695980072,0.987609975036807,0.996679592952747,improved,within_noise,0.9983004400555869
two_stage_feedback_net_log15,Ascend910B3,20,external_v2_fp32_nn,768,1280,1536,fp32,0,0,20:768:64:1536:16:16:128:32:32:2:4:1:8:8:2:1:1:1:20:1:1:0:0,contract_global,0.0522200012207,1.00591766088155,1.01515540561626,within_noise,regressed,1.002607293215931
two_stage_feedback_net_log15,Ascend910B3,20,external_v2_fp32_nn,768,1280,1536,fp32,0,0,8:192:640:192:48:64:64:12:12:4:4:0:3:3:1:1:1:4:2:1:1:2:2,contract_global,0.0522539997101,1.00657257624227,1.0158163353276,within_noise,regressed,0.9959137397268427
two_stage_feedback_net_log15,Ascend910B3,20,external_v2_fp32_nn,768,1280,1536,fp32,0,0,8:192:640:128:48:64:16:64:64:4:4:1:8:8:2:2:2:2:1:3:2:2:2,contract_global,0.0519144010544,1.00003086277248,1.00921454668255,within_noise,within_noise,0.9968232512179771
two_stage_feedback_net_log15,Ascend910B3,20,external_v2_fp32_nn,768,1280,1536,fp32,0,0,12:288:320:32:96:32:16:6:4:3:2:0:2:2:2:2:2:1:2:3:2:0:2,contract_global,0.0512323999405,0.986893425980775,0.99595646354803,improved,within_noise,0.9912885536662546
two_stage_feedback_net_log15,Ascend910B3,20,external_v2_fp32_nn,768,1280,1536,fp32,0,0,4:768:384:64:64:96:32:16:16:4:4:1:2:2:1:1:1:1:2:1:2:0:2,contract_global,0.0513884019852,0.989898504655342,0.998989139063816,improved,within_noise,0.9934291439467549
two_stage_feedback_net_log15,Ascend910B3,20,external_v2_fp32_nn,768,1280,1536,fp32,0,0,20:128:320:16:32:16:16:1:1:1:1:1:1:1:2:2:1:6:1:1:4:1:2,contract_global,0.0518779993057,0.999329653256189,1.00850689767665,within_noise,within_noise,0.9896162870494201
two_stage_feedback_net_log15,Ascend910B3,20,external_v2_fp32_nn,768,1280,1536,fp32,0,0,20:160:48:80:32:16:80:4:6:2:3:0:1:1:1:2:1:5:2:1:23:0:2,contract_global,0.0512612009048,0.987448221038773,0.99651635351742,improved,within_noise,0.9911770314797451
two_stage_feedback_net_log15,Ascend910B3,20,external_v2_fp32_nn,768,1280,1536,fp32,0,0,1:768:384:192:128:128:64:6:9:1:3:0:3:3:2:2:2:1:1:1:4:1:3,contract_global,0.0512495994568,0.987224741505442,0.996290821674726,improved,within_noise,0.9886897291650967
two_stage_feedback_net_log15,Ascend910B3,20,external_v2_fp32_nt,32,352,5120,fp32,0,1,16:16:48:5120:16:16:96:8:12:1:3:0:4:4:2:1:2:1:2:2:7:0:0,feedback_winner_mutation,0.0407643985748,0.979932221341821,0.998755311011417,improved,within_noise,0.99315736744487
two_stage_feedback_net_log15,Ascend910B3,20,external_v2_fp32_nt,32,352,5120,fp32,0,1,16:16:48:5120:16:16:256:8:8:1:2:1:4:4:1:2:1:1:4:2:2:0:0,feedback_winner_mutation,0.0409899997711,0.985355431032433,1.00428269277051,improved,within_noise,0.9961718043163162
two_stage_feedback_net_log15,Ascend910B3,20,external_v2_fp32_nt,32,352,5120,fp32,0,1,10:16:80:240:16:16:80:6:6:1:1:1:3:3:1:2:1:2:5:1:1:0:2,feedback_winner_mutation,0.0416007995605,1.00003839988049,1.01924770034887,within_noise,regressed,0.9980408135872364
two_stage_feedback_net_log15,Ascend910B3,20,external_v2_fp32_nt,32,352,5120,fp32,0,1,19:48:16:1536:48:16:8:192:384:1:1:0:192:192:2:2:2:1:1:1:22:2:2,feedback_winner_mutation,0.0416359996796,1.00088457281853,1.02011012705264,within_noise,regressed,0.9961823318416851
two_stage_feedback_net_log15,Ascend910B3,20,external_v2_fp32_nt,32,352,5120,fp32,0,1,20:48:16:1536:48:16:8:192:384:1:1:0:192:192:2:2:2:1:2:1:11:2:2,feedback_winner_mutation,0.0415939998627,0.999874942471342,1.01908110315793,within_noise,regressed,0.9994553806992607
two_stage_feedback_net_log15,Ascend910B3,20,external_v2_fp32_nt,32,352,5120,fp32,0,1,1:32:352:16:32:16:16:2:2:1:1:1:1:1:2:2:1:1:1:1:1:1:2,feedback_winner_mutation,0.0414404010773,0.996182593157698,1.01531782912403,within_noise,regressed,0.9888854212653304
two_stage_feedback_net_log15,Ascend910B3,20,external_v2_fp32_nt,32,352,5120,fp32,0,1,5:64:64:480:16:16:160:24:24:4:4:0:3:3:1:1:1:1:1:1:6:0:2,feedback_winner_mutation,0.0407624006271,0.979884192832322,0.998706359942316,improved,within_noise,0.9982005860951885
two_stage_feedback_net_log15,Ascend910B3,20,external_v2_fp32_nt,32,352,5120,fp32,0,1,20:416:16:5120:416:16:16:4:4:1:1:0:2:2:1:2:1:1:2:1:18:2:0,feedback_winner_mutation,0.0407719993591,0.980114936003838,0.998941535364489,improved,within_noise,0.9889524128931807
two_stage_feedback_net_log15,Ascend910B3,20,external_v2_fp32_nt,32,352,5120,fp32,0,1,10:16:80:2560:16:16:80:32:32:1:1:0:32:32:1:2:1:2:1:1:5:1:2,contract_global,0.0410211992264,0.986105432319478,1.00504710050724,improved,within_noise,0.9937385877162566
two_stage_feedback_net_log15,Ascend910B3,20,external_v2_fp32_nt,32,352,5120,fp32,0,1,10:16:80:5120:16:64:128:4:4:1:1:1:2:2:2:2:2:2:2:1:3:0:0,contract_global,0.0417636013031,1.00395197836645,1.02323645305365,within_noise,regressed,0.9957357043127615
two_stage_feedback_net_log15,Ascend910B3,20,external_v2_fp32_nt,32,352,5120,fp32,0,1,20:112:16:5120:112:16:48:1:2:1:1:1:1:1:2:2:2:1:2:1:11:0:0,contract_global,0.0408247995377,0.981384195407563,1.00023517542047,improved,within_noise,0.993247896624695
two_stage_feedback_net_log15,Ascend910B3,20,external_v2_fp32_nt,32,352,5120,fp32,0,1,8:32:48:640:16:16:40:64:96:2:3:1:16:16:2:2:1:1:2:1:4:2:2,contract_global,0.0410031986237,0.985672717226458,1.0046060735778,improved,within_noise,0.9997384024152041
two_stage_feedback_net_log15,Ascend910B3,20,external_v2_fp32_nt,32,352,5120,fp32,0,1,4:16:192:5120:16:192:8:8:8:1:1:1:4:4:1:1:1:1:2:2:1:0:0,contract_global,0.0416079998016,1.00021148591884,1.01942411112159,within_noise,regressed,1.0023016475085171
two_stage_feedback_net_log15,Ascend910B3,20,external_v2_fp32_nt,32,352,5120,fp32,0,1,20:144:16:5120:144:16:48:16:16:1:1:1:8:8:1:1:1:1:22:1:1:0:0,contract_global,0.0417407989502,1.00340383437108,1.02267777999903,within_noise,regressed,0.9994192276230953
two_stage_feedback_net_log15,Ascend910B3,20,external_v2_fp32_nt,32,352,5120,fp32,0,1,5:48:80:8:48:16:8:1:2:1:1:1:1:1:1:1:1:1:5:1:1:1:2,contract_global,0.0417239999771,1.00300000515756,1.022266193807,within_noise,regressed,0.9960901019019861
two_stage_feedback_net_log15,Ascend910B3,20,external_v2_fp32_nt,32,352,5120,fp32,0,1,2:32:288:5120:16:288:8:8:4:2:1:1:2:2:2:2:2:1:2:1:1:0:0,contract_global,0.0417475986481,1.0035672917822,1.02284437719251,within_noise,regressed,1.006084205511645
two_stage_feedback_net_log15,Ascend910B3,20,external_v2_fp32_tn,640,960,1280,fp32,1,0,20:112:128:1280:48:128:128:1:1:1:1:0:1:1:2:1:1:6:2:1:5:1:0,feedback_regression_counterfactual,0.0333096003532,0.973657419826371,0.979786372267937,improved,improved,1.0015687591891838
two_stage_feedback_net_log15,Ascend910B3,20,external_v2_fp32_tn,640,960,1280,fp32,1,0,20:112:128:1280:48:128:128:1:1:1:1:0:1:1:2:1:2:6:2:1:5:0:0,feedback_regression_counterfactual,0.0342391991615,1.00083008979557,1.00713008802291,within_noise,within_noise,1.0015687591891838
two_stage_feedback_net_log15,Ascend910B3,20,external_v2_fp32_tn,640,960,1280,fp32,1,0,20:320:96:768:16:16:128:24:24:4:4:0:6:6:2:2:1:1:3:2:4:1:2,feedback_regression_counterfactual,0.0342172002792,1.00018705070842,1.00648300115098,within_noise,within_noise,1.0158383909970508
two_stage_feedback_net_log15,Ascend910B3,20,external_v2_fp32_tn,640,960,1280,fp32,1,0,15:128:320:1280:32:32:16:32:32:4:4:0:4:4:2:2:1:3:1:2:3:0:0,feedback_regression_counterfactual,0.0342919993401,1.00237346723381,1.00868318067122,within_noise,within_noise,1.0167941199287647
two_stage_feedback_net_log15,Ascend910B3,20,external_v2_fp32_tn,640,960,1280,fp32,1,0,8:80:960:1280:80:96:16:8:64:1:4:1:8:8:2:2:2:8:1:1:1:1:0,feedback_regression_counterfactual,0.0341915988922,0.999438708485098,1.00572994828272,within_noise,within_noise,1.0151381240023334
two_stage_feedback_net_log15,Ascend910B3,20,external_v2_fp32_tn,640,960,1280,fp32,1,0,8:80:960:1280:80:96:16:8:64:1:4:0:8:8:2:2:2:8:1:1:1:0:0,feedback_regression_counterfactual,0.0333256006241,0.974125116299164,0.980257012778252,improved,improved,1.0162612140707834
two_stage_feedback_net_log15,Ascend910B3,20,external_v2_fp32_tn,640,960,1280,fp32,1,0,8:80:960:1280:80:96:16:8:64:1:4:1:8:8:2:2:1:8:1:1:1:0:0,feedback_regression_counterfactual,0.0343020009995,1.00266582108248,1.00897737482229,within_noise,within_noise,1.0179068820687676
two_stage_feedback_net_log15,Ascend910B3,20,external_v2_fp32_tn,640,960,1280,fp32,1,0,2:640:496:1280:32:496:16:16:8:1:1:0:8:8:2:2:1:1:1:1:2:0:0,feedback_regression_counterfactual,0.0335743999481,0.981397653505356,0.987575328958084,improved,improved,1.0101263916126946
two_stage_feedback_net_log15,Ascend910B3,20,external_v2_fp32_tn,640,960,1280,fp32,1,0,20:32:320:1280:32:16:160:4:4:1:1:1:4:4:2:2:1:1:1:20:3:0:0,contract_global,0.0335743999481,0.981397653505356,0.987575328958084,improved,improved,1.0076406696765483
two_stage_feedback_net_log15,Ascend910B3,20,external_v2_fp32_tn,640,960,1280,fp32,1,0,8:592:240:1280:592:32:16:1:1:1:1:0:1:1:1:1:1:1:1:2:4:0:0,contract_global,0.0332791996002,0.972768789573843,0.978892148283528,improved,improved,1.0086539231912681
two_stage_feedback_net_log15,Ascend910B3,20,external_v2_fp32_tn,640,960,1280,fp32,1,0,20:32:160:1280:32:32:256:5:10:1:1:1:5:5:2:2:1:20:2:1:5:0:0,contract_global,0.0332863998413,0.972979256462493,0.979103940017824,improved,improved,1.0040485763355012
two_stage_feedback_net_log15,Ascend910B3,20,external_v2_fp32_tn,640,960,1280,fp32,1,0,5:640:208:1280:32:208:16:1:1:1:1:1:1:1:1:1:1:1:5:1:1:0:0,contract_global,0.0342711997032,1.00176548273109,1.00807136904494,within_noise,within_noise,1.0143945963804244
two_stage_feedback_net_log15,Ascend910B3,20,external_v2_fp32_tn,640,960,1280,fp32,1,0,4:160:960:1280:160:128:16:2:1:1:1:1:1:1:2:1:1:2:1:2:1:0:0,contract_global,0.0341827988625,0.999181478915605,1.00547109950991,within_noise,within_noise,1.0145758847011064
two_stage_feedback_net_log15,Ascend910B3,20,external_v2_fp32_tn,640,960,1280,fp32,1,0,2:640:512:1280:64:512:16:2:1:1:1:0:1:1:1:1:1:1:1:1:2:0:0,contract_global,0.0341980004311,0.999625828886427,1.00591824656661,within_noise,within_noise,1.011433264803823
two_stage_feedback_net_log15,Ascend910B3,20,external_v2_fp32_tn,640,960,1280,fp32,1,0,20:96:48:1280:64:16:64:1:1:1:1:0:1:1:2:2:2:3:4:3:5:0:0,contract_global,0.0339136004448,0.991312665301049,0.997552753497995,within_noise,within_noise,1.010826015590423
two_stage_feedback_net_log15,Ascend910B3,20,external_v2_fp32_tn,640,960,1280,fp32,1,0,2:320:960:128:80:48:16:64:64:4:4:1:8:8:1:1:1:2:1:1:1:2:2,contract_global,0.0333055996895,0.973540478287233,0.979668694611616,improved,improved,1.0220527878449788
two_stage_feedback_net_log15,Ascend910B3,20,external_v2_fp32_tt,384,640,768,fp32,1,1,19:80:160:512:32:48:64:16:24:2:3:1:8:8:2:1:1:1:2:5:2:0:2,feedback_winner_mutation,0.0183943998814,0.998783685712079,0.993840642880039,within_noise,within_noise,1.008602786877539
two_stage_feedback_net_log15,Ascend910B3,20,external_v2_fp32_tt,384,640,768,fp32,1,1,3:128:640:768:128:64:48:2:4:1:1:1:2:2:2:2:2:2:1:2:1:0:0,feedback_winner_mutation,0.0191015994549,1.03718338350535,1.03205029817355,regressed,regressed,1.0130081242554678
two_stage_feedback_net_log15,Ascend910B3,20,external_v2_fp32_tt,384,640,768,fp32,1,1,20:112:128:768:112:48:16:8:8:1:2:0:4:4:1:1:2:1:1:4:5:0:0,feedback_regression_counterfactual,0.0183980000019,0.998979165947064,0.994035155676679,within_noise,within_noise,0.9994916317143945
two_stage_feedback_net_log15,Ascend910B3,20,external_v2_fp32_tt,384,640,768,fp32,1,1,20:80:160:384:32:48:64:12:18:2:3:1:6:6:2:1:1:1:2:5:2:2:2,feedback_regression_counterfactual,0.0192244005203,1.04385126620318,1.03868518110346,regressed,regressed,1.007001630290954
two_stage_feedback_net_log15,Ascend910B3,20,external_v2_fp32_tt,384,640,768,fp32,1,1,20:80:160:384:32:48:64:12:18:2:3:0:6:6:2:1:1:1:2:5:2:1:2,feedback_regression_counterfactual,0.0190556001663,1.03468570272715,1.02956497857317,within_noise,within_noise,1.0070443777581979
two_stage_feedback_net_log15,Ascend910B3,20,external_v2_fp32_tt,384,640,768,fp32,1,1,20:80:160:512:32:48:64:16:24:2:3:0:8:8:2:1:2:1:2:5:2:0:2,feedback_regression_counterfactual,0.0188652002811,1.02434732255069,1.01927776368589,regressed,regressed,1.0073701764321075
two_stage_feedback_net_log15,Ascend910B3,20,external_v2_fp32_tt,384,640,768,fp32,1,1,20:80:160:512:32:48:64:16:24:2:3:1:8:8:2:1:2:1:2:5:2:1:2,feedback_regression_counterfactual,0.01883679986,1.02280522944345,1.0177433024937,regressed,regressed,1.008950827307352
two_stage_feedback_net_log15,Ascend910B3,20,external_v2_fp32_tt,384,640,768,fp32,1,1,19:80:160:384:32:48:64:12:18:2:3:1:6:6:2:1:2:1:2:5:2:0:2,feedback_regression_counterfactual,0.0191952002048,1.04226574023181,1.03710750199935,regressed,regressed,1.0131427507131359
two_stage_feedback_net_log15,Ascend910B3,20,external_v2_fp32_tt,384,640,768,fp32,1,1,20:384:16:768:16:16:320:6:6:1:1:0:3:3:2:1:1:1:7:1:6:0:0,contract_global,0.0184207999706,1.00021716430109,0.995267027100143,within_noise,within_noise,0.9934226168635317
two_stage_feedback_net_log15,Ascend910B3,20,external_v2_fp32_tt,384,640,768,fp32,1,1,15:160:144:768:160:144:96:2:2:1:1:1:2:2:1:1:1:3:1:1:5:0:0,contract_global,0.0190268003941,1.03312192555541,1.0280089406325,regressed,regressed,1.0110455139538785
two_stage_feedback_net_log15,Ascend910B3,20,external_v2_fp32_tt,384,640,768,fp32,1,1,3:176:640:768:176:16:16:2:2:1:1:0:1:1:2:1:1:1:1:3:1:0:0,contract_global,0.0183135998249,0.994396384207887,0.989475054406626,within_noise,within_noise,1.0007858411141597
two_stage_feedback_net_log15,Ascend910B3,20,external_v2_fp32_tt,384,640,768,fp32,1,1,20:16:320:768:16:64:256:6:6:1:1:0:3:3:1:1:1:2:1:13:2:0:0,contract_global,0.0185863995552,1.00920893160638,1.00421429358352,within_noise,within_noise,1.0101941952208378
two_stage_feedback_net_log15,Ascend910B3,20,external_v2_fp32_tt,384,640,768,fp32,1,1,20:192:16:640:16:16:80:16:16:1:1:0:8:8:2:2:1:1:1:2:40:2:2,contract_global,0.0183220005035,0.994852526340728,0.989928939060523,within_noise,within_noise,1.0059635228086883
two_stage_feedback_net_log15,Ascend910B3,20,external_v2_fp32_tt,384,640,768,fp32,1,1,20:16:224:768:16:112:64:16:16:1:2:1:8:8:1:1:1:8:1:3:3:0:0,contract_global,0.0191128003597,1.03779157301214,1.03265547771126,regressed,regressed,1.0115563196258972
two_stage_feedback_net_log15,Ascend910B3,20,external_v2_fp32_tt,384,640,768,fp32,1,1,2:224:640:768:224:112:48:8:8:1:1:0:4:4:1:1:1:1:1:2:1:0:0,contract_global,0.0184964001179,1.0043221198441,0.999351666958427,within_noise,within_noise,1.0121002682078364
two_stage_feedback_net_log15,Ascend910B3,20,external_v2_fp32_tt,384,640,768,fp32,1,1,2:192:640:16:64:80:16:6:4:3:2:1:1:1:2:2:1:2:1:1:1:1:2,contract_global,0.0190887999535,1.0364883930045,1.0313587472241,regressed,regressed,1.0327637517474895
two_stage_feedback_net_log15,Ascend910B3,20,external_v2_template_al1,16,304,5120,fp32,0,1,19:16:16:5120:16:16:160:1:1:1:1:1:1:1:2:2:2:1:2:1:12:0:0,feedback_winner_mutation,0.0137391996384,1.05540017710239,0.982690984302964,regressed,improved,1.0063777725152068
two_stage_feedback_net_log15,Ascend910B3,20,external_v2_template_al1,16,304,5120,fp32,0,1,18:16:16:5120:16:16:160:1:1:1:1:1:1:1:1:1:1:1:4:1:6:0:0,feedback_winner_mutation,0.0129779994488,0.996927279402723,0.928246432706675,within_noise,improved,1.00415314602576
two_stage_feedback_net_log15,Ascend910B3,20,external_v2_template_al1,16,304,5120,fp32,0,1,19:128:16:5120:128:16:56:16:16:1:1:1:8:8:2:2:2:1:19:1:1:1:0,feedback_winner_mutation,0.0138331997395,1.06262095603957,0.989414305479984,regressed,within_noise,0.9993667920189062
two_stage_feedback_net_log15,Ascend910B3,20,external_v2_template_al1,16,304,5120,fp32,0,1,19:16:16:5120:16:16:160:1:1:1:1:0:1:1:2:2:1:1:4:1:6:0:0,feedback_regression_counterfactual,0.01302760005,1.0007374346291,0.931794096686626,within_noise,improved,1.0063638754647533
two_stage_feedback_net_log15,Ascend910B3,20,external_v2_template_al1,16,304,5120,fp32,0,1,18:16:16:5120:16:16:160:1:1:1:1:1:1:1:2:2:2:1:4:1:6:1:0,feedback_regression_counterfactual,0.0135987997055,1.04461511553105,0.97264893295049,regressed,improved,1.0059727887431495
two_stage_feedback_net_log15,Ascend910B3,20,external_v2_template_al1,16,304,5120,fp32,0,1,19:16:16:5120:16:16:160:1:1:1:1:0:1:1:1:1:2:1:4:1:6:0:0,feedback_regression_counterfactual,0.0129703998566,0.996343503701819,0.927702874786828,within_noise,improved,1.0101883097478783
two_stage_feedback_net_log15,Ascend910B3,20,external_v2_template_al1,16,304,5120,fp32,0,1,19:16:16:5120:16:16:640:8:1:1:1:0:8:1:1:1:1:1:1:1:19:0:10,feedback_regression_counterfactual,0.0138671994209,1.06523269986018,0.991846119648455,regressed,within_noise,1.0127569703474575
two_stage_feedback_net_log15,Ascend910B3,20,external_v2_template_al1,16,304,5120,fp32,0,1,19:128:16:5120:128:16:56:16:16:1:1:0:8:8:2:2:1:1:19:1:1:0:0,feedback_regression_counterfactual,0.0138943994045,1.06732211323735,0.993791588043357,regressed,within_noise,0.9989397159612371
two_stage_feedback_net_log15,Ascend910B3,20,external_v2_template_al1,16,304,5120,fp32,0,1,19:80:16:5120:80:16:8:1:1:1:1:1:1:1:1:1:1:1:10:1:2:0:0,contract_global,0.0139056003094,1.06818252995148,0.994592728465956,regressed,within_noise,0.9900613243222535
two_stage_feedback_net_log15,Ascend910B3,20,external_v2_template_al1,16,304,5120,fp32,0,1,5:32:64:5120:32:32:256:4:4:1:2:0:2:2:2:2:2:1:1:1:5:0:0,contract_global,0.0130991995335,1.00623747171731,0.936915222279378,within_noise,improved,0.996326927529682
two_stage_feedback_net_log15,Ascend910B3,20,external_v2_template_al1,16,304,5120,fp32,0,1,10:432:32:5120:432:32:8:1:1:1:1:0:1:1:1:1:1:1:4:1:3:0:0,contract_global,0.0139623999596,1.07254569246898,0.998655301658406,regressed,within_noise,1.0021240333404144
two_stage_feedback_net_log15,Ascend910B3,20,external_v2_template_al1,16,304,5120,fp32,0,1,5:16:64:1280:16:16:40:64:64:1:1:0:32:32:1:2:1:1:2:1:3:1:2,contract_global,0.0136215996742,1.04636653421934,0.97427969197032,regressed,improved,1.038631815430502
two_stage_feedback_net_log15,Ascend910B3,20,external_v2_template_al1,16,304,5120,fp32,0,1,5:48:64:384:48:64:24:32:32:1:1:0:16:16:2:2:2:1:2:1:3:1:2,contract_global,0.0135531997681,1.04111227815475,0.969387414915311,regressed,improved,1.0270237617687772
two_stage_feedback_net_log15,Ascend910B3,20,external_v2_template_al1,16,304,5120,fp32,0,1,2:128:160:192:64:48:48:8:12:2:3:1:4:4:1:1:1:1:2:1:1:0:2,contract_global,0.0138808000088,1.06627745233995,0.992818896483163,regressed,within_noise,1.0152709016534165
two_stage_feedback_net_log15,Ascend910B3,20,external_v2_template_al1,16,304,5120,fp32,0,1,1:16:304:5120:16:304:8:640:1:1:1:0:640:1:1:2:1:1:1:1:1:2:10,contract_global,0.0138303995132,1.06240585185447,0.989214020361086,regressed,within_noise,1.0319366745229857
two_stage_feedback_net_log15,Ascend910B3,20,external_v2_template_al1,16,304,5120,fp32,0,1,1:16:304:5120:16:112:64:16:16:1:2:1:8:8:1:1:1:1:1:1:1:0:0,contract_global,0.0132791996002,1.02006448546419,0.949789658009486,regressed,improved,1.0375093229970513
two_stage_feedback_net_log15,Ascend910B3,20,external_v2_template_bl1,49152,160,128,fp16,0,0,20:2464:160:128:208:64:32:4:12:1:3:1:4:4:1:1:1:10:1:2:1:0:20,feedback_winner_mutation,0.0509064006805,1.00044025253901,1.01615264363394,within_noise,regressed,1.0070952091203447
two_stage_feedback_net_log15,Ascend910B3,20,external_v2_template_bl1,49152,160,128,fp16,0,0,20:1648:912:128:32:912:32:16:4:2:1:1:4:4:2:1:1:4:1:8:1:0:0,feedback_winner_mutation,0.0497868013382,0.97843727779162,0.993804101674286,improved,within_noise,1.0020314355392077
two_stage_feedback_net_log15,Ascend910B3,20,external_v2_template_bl1,49152,160,128,fp16,0,0,1:24576:240:128:32:240:32:1:2:1:1:1:1:1:2:1:1:2:1:1:1:0:0,feedback_winner_mutation,0.0511687994003,1.00559705478816,1.02139043592021,within_noise,regressed,1.0060704246735461
two_stage_feedback_net_log15,Ascend910B3,20,external_v2_template_bl1,49152,160,128,fp16,0,0,20:2464:160:128:160:64:128:4:2:4:2:0:1:1:1:1:1:5:1:4:1:1:0,feedback_regression_counterfactual,0.0497944021225,0.978586652534711,0.993955822421701,improved,within_noise,1.0041987662613978
two_stage_feedback_net_log15,Ascend910B3,20,external_v2_template_bl1,49152,160,128,fp16,0,0,20:2464:160:128:192:48:16:8:32:1:4:0:8:8:2:1:1:2:1:12:1:0:20,feedback_regression_counterfactual,0.0505668020248,0.993766275192829,1.00937384829311,within_noise,within_noise,1.0094079097186577
two_stage_feedback_net_log15,Ascend910B3,20,external_v2_template_bl1,49152,160,128,fp16,0,0,13:3792:192:128:64:192:32:8:4:2:1:1:4:4:1:2:1:1:1:13:1:1:0,feedback_regression_counterfactual,0.0502992010117,0.988507234650757,1.00403221201032,improved,within_noise,1.0047690678274501
two_stage_feedback_net_log15,Ascend910B3,20,external_v2_template_bl1,49152,160,128,fp16,0,0,15:3280:160:128:16:112:112:4:8:1:2:0:2:2:2:1:2:15:1:1:1:1:20,feedback_regression_counterfactual,0.0506763982773,0.995920120307812,1.01156152057401,within_noise,regressed,1.0034285492293087
two_stage_feedback_net_log15,Ascend910B3,20,external_v2_template_bl1,49152,160,128,fp16,0,0,20:2464:160:128:208:64:32:4:12:1:3:0:4:4:1:1:2:20:1:1:1:0:20,feedback_regression_counterfactual,0.0500547981262,0.98370409631805,0.999153638095261,improved,within_noise,1.013578383632337
two_stage_feedback_net_log15,Ascend910B3,20,external_v2_template_bl1,49152,160,128,fp16,0,0,12:4096:160:80:16:16:80:1:1:1:1:1:1:1:1:2:1:3:1:5:1:2:2,contract_global,0.050898399353,1.00028300610279,1.0159929275668,within_noise,regressed,1.0013811058737048
two_stage_feedback_net_log15,Ascend910B3,20,external_v2_template_bl1,49152,160,128,fp16,0,0,10:4928:160:128:32:32:80:4:20:1:5:1:2:2:2:2:2:3:1:4:1:0:20,contract_global,0.0500731992722,0.984065725638813,0.999520946981786,improved,within_noise,1.002952846146181
two_stage_feedback_net_log15,Ascend910B3,20,external_v2_template_bl1,49152,160,128,fp16,0,0,20:1824:160:128:144:16:112:4:40:1:10:0:2:2:1:2:1:27:1:1:1:1:20,contract_global,0.0510648012161,1.00355322595155,1.01931450777797,within_noise,regressed,1.0030040649861418
two_stage_feedback_net_log15,Ascend910B3,20,external_v2_template_bl1,49152,160,128,fp16,0,0,7:7024:160:128:128:48:112:4:8:1:4:0:2:2:1:1:1:2:1:4:1:0:20,contract_global,0.0497459983826,0.977635395931136,0.992989625884808,improved,within_noise,1.0007610455144214
two_stage_feedback_net_log15,Ascend910B3,20,external_v2_template_bl1,49152,160,128,fp16,0,0,20:1536:160:128:416:16:16:16:80:1:10:1:8:8:2:2:2:1:1:32:1:2:20,contract_global,0.0512943983078,1.00806539277806,1.02389754033496,within_noise,regressed,1.0142885277932678
two_stage_feedback_net_log15,Ascend910B3,20,external_v2_template_bl1,49152,160,128,fp16,0,0,4:24576:96:128:48:96:128:8:2:4:1:0:1:1:2:2:1:2:1:1:2:0:0,contract_global,0.0497272014618,0.977265988624834,0.992614416856082,improved,within_noise,1.00407763598807
two_stage_feedback_net_log15,Ascend910B3,20,external_v2_template_bl1,49152,160,128,fp16,0,0,5:9840:544:128:48:544:16:2:1:1:1:0:1:1:1:2:1:1:1:5:1:0:0,contract_global,0.050529999733,0.993043016552963,1.00863923053181,within_noise,within_noise,1.0063295863378532
two_stage_feedback_net_log15,Ascend910B3,20,external_v2_template_bl1,49152,160,128,fp16,0,0,1:49152:192:64:32:192:16:4:4:1:1:0:4:4:1:2:1:1:1:1:1:0:2,contract_global,0.0503128004074,0.988774497365688,1.00430367221323,improved,within_noise,1.0112892985536726
two_stage_feedback_net_log15,Ascend910B3,20,external_v2_dense_balanced_aligned,1792,2816,3584,fp16,0,0,18:608:480:3584:32:32:96:1:1:1:1:0:1:1:2:2:2:2:3:2:2:0:0,runtime_rejected,0,3,3,runtime_rejected,runtime_rejected,3
two_stage_feedback_net_log15,Ascend910B3,20,external_v2_dense_balanced_aligned,1792,2816,3584,fp16,0,0,18:896:320:3584:48:48:64:8:16:1:2:0:4:4:2:1:1:1:3:2:4:0:0,runtime_rejected,0,3,3,runtime_rejected,runtime_rejected,3
two_stage_feedback_net_log15,Ascend910B3,20,external_v2_dense_balanced_aligned,1792,2816,3584,fp16,0,0,14:128:2816:3584:32:16:1024:4:2:4:1:1:1:1:1:1:1:14:1:1:1:0:0,runtime_rejected,0,3,3,runtime_rejected,runtime_rejected,3
two_stage_feedback_net_log15,Ascend910B3,20,external_v2_dense_balanced_aligned,1792,2816,3584,fp16,0,0,20:192:1408:3584:16:16:128:8:4:4:2:0:2:2:1:2:1:4:1:3:2:0:0,runtime_rejected,0,3,3,runtime_rejected,runtime_rejected,3
two_stage_feedback_net_log15,Ascend910B3,20,external_v2_dense_balanced_aligned,1792,2816,3584,fp16,0,0,18:304:944:3584:32:32:64:8:4:2:1:0:4:4:2:2:1:2:1:4:3:0:0,runtime_rejected,0,3,3,runtime_rejected,runtime_rejected,3
two_stage_feedback_net_log15,Ascend910B3,20,external_v2_dense_balanced_aligned,1792,2816,3584,fp16,0,0,20:1792:144:3584:16:80:16:2:4:1:1:0:2:2:2:2:2:1:7:1:3:1:0,runtime_rejected,0,3,3,runtime_rejected,runtime_rejected,3
two_stage_feedback_net_log15,Ascend910B3,20,external_v2_dense_balanced_aligned,1792,2816,3584,fp16,0,0,15:368:944:3584:16:48:112:2:4:1:2:0:2:2:1:1:1:2:1:4:3:0:0,runtime_rejected,0,3,3,runtime_rejected,runtime_rejected,3
two_stage_feedback_net_log15,Ascend910B3,20,external_v2_dense_balanced_aligned,1792,2816,3584,fp16,0,0,18:896:320:3584:112:16:32:4:2:4:1:0:1:1:1:1:1:1:1:2:9:0:0,runtime_rejected,0,3,3,runtime_rejected,runtime_rejected,3
two_stage_feedback_net_log15,Ascend910B3,20,external_v2_dense_balanced_aligned,1792,2816,3584,fp16,0,0,13:144:2816:3584:16:16:80:4:16:2:4:0:2:2:1:2:1:1:1:13:1:0:0,runtime_rejected,0,3,3,runtime_rejected,runtime_rejected,3
two_stage_feedback_net_log15,Ascend910B3,20,external_v2_dense_balanced_aligned,1792,2816,3584,fp16,0,0,20:304:480:3584:16:16:384:4:2:2:2:0:1:1:1:1:1:1:1:6:6:0:0,runtime_rejected,0,3,3,runtime_rejected,runtime_rejected,3
two_stage_feedback_net_log15,Ascend910B3,20,external_v2_dense_balanced_aligned,1792,2816,3584,fp16,0,0,20:448:320:3584:48:16:64:4:4:1:1:0:4:4:1:1:1:1:3:4:3:0:0,runtime_rejected,0,3,3,runtime_rejected,runtime_rejected,3
two_stage_feedback_net_log15,Ascend910B3,20,external_v2_dense_balanced_aligned,1792,2816,3584,fp16,0,0,20:896:288:3584:16:16:192:8:32:1:4:0:4:4:2:1:1:2:3:1:4:0:0,runtime_rejected,0,3,3,runtime_rejected,runtime_rejected,3
two_stage_feedback_net_log15,Ascend910B3,20,external_v2_dense_balanced_aligned,1792,2816,3584,fp16,0,0,13:144:2816:3584:16:16:640:12:12:1:2:0:6:6:2:2:2:7:1:2:1:0:0,runtime_rejected,0,3,3,runtime_rejected,runtime_rejected,3
two_stage_feedback_net_log15,Ascend910B3,20,external_v2_dense_balanced_aligned,1792,2816,3584,fp16,0,0,20:48:2816:3584:48:16:32:16:32:1:4:1:8:8:2:2:2:13:1:3:1:0:0,runtime_rejected,0,3,3,runtime_rejected,runtime_rejected,3
two_stage_feedback_net_log15,Ascend910B3,20,external_v2_dense_balanced_aligned,1792,2816,3584,fp16,0,0,20:432:112:3584:432:64:32:2:2:1:1:0:1:1:2:2:1:1:3:5:10:0:0,runtime_rejected,0,3,3,runtime_rejected,runtime_rejected,3
two_stage_feedback_net_log15,Ascend910B3,20,external_v2_dense_balanced_aligned,1792,2816,3584,fp16,0,0,20:608:64:3584:112:48:112:8:2:2:1:1:2:2:1:2:1:1:22:3:2:2:0,runtime_rejected,0,3,3,runtime_rejected,runtime_rejected,3
two_stage_feedback_net_log15,Ascend910B3,20,external_v2_dense_balanced_aligned,1792,2816,3584,fp16,0,0,20:48:480:3584:48:64:64:4:4:1:1:0:4:4:2:2:1:19:2:2:3:0:0,runtime_rejected,0,3,3,runtime_rejected,runtime_rejected,3
two_stage_feedback_net_log15,Ascend910B3,20,external_v2_dense_balanced_aligned,1792,2816,3584,fp16,0,0,10:1792:384:384:128:128:128:6:9:1:3:0:3:3:2:2:2:1:2:1:4:1:3,feedback_regression_counterfactual,0.333722381592,2.32653832451965,2.31414182468704,regressed,regressed,2.4763589352590536
two_stage_feedback_net_log15,Ascend910B3,20,external_v2_dense_balanced_aligned,1792,2816,3584,fp16,0,0,10:1792:384:384:128:128:128:6:9:1:3:0:3:3:2:2:1:1:1:1:8:1:3,feedback_regression_counterfactual,0.479225196838,3.34090803619999,3.32310666775154,regressed,regressed,2.4998137872003574
two_stage_feedback_net_log15,Ascend910B3,20,external_v2_dense_balanced_aligned,1792,2816,3584,fp16,0,0,10:1792:384:384:128:128:128:6:9:1:3:0:3:3:2:2:2:1:1:1:8:2:3,feedback_regression_counterfactual,0.33450958252,2.33202627867176,2.31960053735569,regressed,regressed,2.5080872720460077
two_stage_feedback_net_log15,Ascend910B3,20,external_v2_dense_balanced_aligned,1792,2816,3584,fp16,0,0,9:1792:384:384:128:128:128:6:9:1:3:0:3:3:2:2:2:1:1:1:8:1:3,feedback_regression_counterfactual,0.616147613525,4.29545968594937,4.27257217761186,regressed,regressed,2.717777824313523
two_stage_feedback_net_log15,Ascend910B3,20,external_v2_dense_balanced_aligned,1792,2816,3584,fp16,0,0,10:384:2816:384:128:128:128:9:6:3:1:1:3:3:2:2:2:1:1:5:1:0:3,contract_global,0.33308719635,2.32211014442573,2.30973723926925,regressed,regressed,2.51536108368104
two_stage_feedback_net_log15,Ascend910B3,20,external_v2_dense_balanced_aligned,1792,2816,3584,fp16,0,0,8:384:2816:384:128:128:128:9:6:3:1:1:3:3:2:2:2:1:1:5:1:0:3,contract_global,0.601670417786,4.19453223075609,4.17218249441421,regressed,regressed,2.8176140634447417
two_stage_feedback_net_log15,Ascend910B3,20,external_v2_dense_balanced_aligned,1792,2816,3584,fp16,0,0,12:160:2816:1280:16:16:80:64:128:4:4:0:16:16:2:1:1:6:1:2:1:2:2,feedback_regression_counterfactual,9.46030822754,65.9523330383141,65.6009190613503,regressed,regressed,44.00282286388711
two_stage_feedback_net_log15,Ascend910B3,20,external_v2_dense_balanced_odd,1663,2591,3587,fp16,0,0,14:240:1296:3587:32:32:128:8:4:1:1:0:4:4:1:2:1:1:2:7:1:0:0,runtime_rejected,0,3,3,runtime_rejected,runtime_rejected,3
two_stage_feedback_net_log15,Ascend910B3,20,external_v2_dense_balanced_odd,1663,2591,3587,fp16,0,0,20:416:528:3587:64:16:80:8:8:2:2:0:4:4:1:2:1:2:2:3:3:0:0,runtime_rejected,0,3,3,runtime_rejected,runtime_rejected,3
two_stage_feedback_net_log15,Ascend910B3,20,external_v2_dense_balanced_odd,1663,2591,3587,fp16,0,0,18:1664:144:3587:16:112:48:4:8:1:1:0:4:4:2:2:2:1:2:1:9:0:0,runtime_rejected,0,3,3,runtime_rejected,runtime_rejected,3
two_stage_feedback_net_log15,Ascend910B3,20,external_v2_dense_balanced_odd,1663,2591,3587,fp16,0,0,20:416:528:3587:96:32:64:4:8:1:2:0:2:2:1:2:1:1:3:4:2:0:0,runtime_rejected,0,3,3,runtime_rejected,runtime_rejected,3
two_stage_feedback_net_log15,Ascend910B3,20,external_v2_dense_balanced_odd,1663,2591,3587,fp16,0,0,18:192:1296:3587:48:16:160:4:4:1:1:0:4:4:1:2:1:9:2:1:1:0:0,runtime_rejected,0,3,3,runtime_rejected,runtime_rejected,3
two_stage_feedback_net_log15,Ascend910B3,20,external_v2_dense_balanced_odd,1663,2591,3587,fp16,0,0,18:288:864:3587:48:16:32:16:16:2:1:0:8:8:1:2:1:2:1:3:3:0:0,runtime_rejected,0,3,3,runtime_rejected,runtime_rejected,3
two_stage_feedback_net_log15,Ascend910B3,20,external_v2_dense_balanced_odd,1663,2591,3587,fp16,0,0,16:416:656:3587:64:16:80:8:8:2:1:0:4:4:1:1:1:4:2:1:3:0:0,runtime_rejected,0,3,3,runtime_rejected,runtime_rejected,3
two_stage_feedback_net_log15,Ascend910B3,20,external_v2_dense_balanced_odd,1663,2591,3587,fp16,0,0,10:176:2592:3587:32:32:64:4:8:4:4:0:1:1:1:2:1:1:1:10:1:0:0,runtime_rejected,0,3,3,runtime_rejected,runtime_rejected,3
two_stage_feedback_net_log15,Ascend910B3,20,external_v2_dense_balanced_odd,1663,2591,3587,fp16,0,0,13:128:2592:3587:16:16:80:4:16:2:4:0:2:2:1:2:1:1:1:13:1:0:0,runtime_rejected,0,3,3,runtime_rejected,runtime_rejected,3
two_stage_feedback_net_log15,Ascend910B3,20,external_v2_dense_balanced_odd,1663,2591,3587,fp16,0,0,20:176:1296:3587:16:112:48:4:1:4:1:0:1:1:1:1:1:10:1:1:2:0:0,runtime_rejected,0,3,3,runtime_rejected,runtime_rejected,3
two_stage_feedback_net_log15,Ascend910B3,20,external_v2_dense_balanced_odd,1663,2591,3587,fp16,0,0,20:128:864:3587:32:32:80:16:4:4:1:0:4:4:1:2:1:7:1:2:3:1:0,runtime_rejected,0,3,3,runtime_rejected,runtime_rejected,3
two_stage_feedback_net_log15,Ascend910B3,20,external_v2_dense_balanced_odd,1663,2591,3587,fp16,0,0,20:288:656:3587:16:48:192:4:2:4:1:0:1:1:1:1:1:1:2:6:3:0:0,runtime_rejected,0,3,3,runtime_rejected,runtime_rejected,3
two_stage_feedback_net_log15,Ascend910B3,20,external_v2_dense_balanced_odd,1663,2591,3587,fp16,0,0,20:64:2592:3587:16:16:192:16:4:4:1:1:2:2:2:2:2:9:1:3:1:0:0,runtime_rejected,0,3,3,runtime_rejected,runtime_rejected,3
two_stage_feedback_net_log15,Ascend910B3,20,external_v2_dense_balanced_odd,1663,2591,3587,fp16,0,0,10:176:2592:3587:32:16:32:4:2:4:1:0:1:1:1:2:1:5:1:2:1:0:0,runtime_rejected,0,3,3,runtime_rejected,runtime_rejected,3
two_stage_feedback_net_log15,Ascend910B3,20,external_v2_dense_balanced_odd,1663,2591,3587,fp16,0,0,20:80:2592:3587:48:16:16:4:16:1:2:0:4:4:2:2:2:1:1:21:1:0:0,runtime_rejected,0,3,3,runtime_rejected,runtime_rejected,3
two_stage_feedback_net_log15,Ascend910B3,20,external_v2_dense_balanced_odd,1663,2591,3587,fp16,0,0,20:176:208:3587:16:80:320:8:8:1:1:0:4:4:2:1:1:4:4:3:4:2:0,runtime_rejected,0,3,3,runtime_rejected,runtime_rejected,3
two_stage_feedback_net_log15,Ascend910B3,20,external_v2_dense_balanced_odd,1663,2591,3587,fp16,0,0,20:336:96:3587:16:32:320:16:16:1:1:0:8:8:2:2:1:3:7:2:4:2:0,runtime_rejected,0,3,3,runtime_rejected,runtime_rejected,3
two_stage_feedback_net_log15,Ascend910B3,20,external_v2_dense_balanced_odd,1663,2591,3587,fp16,0,0,20:832:144:3587:16:16:128:8:4:2:1:0:2:2:1:2:1:2:6:1:3:2:0,runtime_rejected,0,3,3,runtime_rejected,runtime_rejected,3
two_stage_feedback_net_log15,Ascend910B3,20,external_v2_dense_balanced_odd,1663,2591,3587,fp16,0,0,20:80:432:3587:16:176:64:4:2:2:2:0:1:1:2:2:1:21:2:1:4:0:0,runtime_rejected,0,3,3,runtime_rejected,runtime_rejected,3
two_stage_feedback_net_log15,Ascend910B3,20,external_v2_dense_balanced_odd,1663,2591,3587,fp16,0,0,20:48:2592:3587:48:16:64:8:16:1:2:1:4:4:2:1:1:12:1:3:1:0:0,runtime_rejected,0,3,3,runtime_rejected,runtime_rejected,3
two_stage_feedback_net_log15,Ascend910B3,20,external_v2_dense_balanced_odd,1663,2591,3587,fp16,0,0,20:64:336:3587:16:64:256:8:2:4:1:0:1:1:2:2:1:13:3:2:3:0:0,runtime_rejected,0,3,3,runtime_rejected,runtime_rejected,3
two_stage_feedback_net_log15,Ascend910B3,20,external_v2_dense_balanced_odd,1663,2591,3587,fp16,0,0,20:48:432:3587:48:32:320:1:2:1:2:0:1:1:2:2:1:35:1:1:6:2:0,runtime_rejected,0,3,3,runtime_rejected,runtime_rejected,3
two_stage_feedback_net_log15,Ascend910B3,20,external_v2_dense_balanced_odd,1663,2591,3587,fp16,0,0,20:560:48:3587:144:48:96:4:4:1:1:0:2:2:2:2:2:3:18:1:3:1:0,runtime_rejected,0,3,3,runtime_rejected,runtime_rejected,3
two_stage_feedback_net_log15,Ascend910B3,20,external_v2_dense_balanced_odd,1663,2591,3587,fp16,0,0,10:384:2592:384:128:128:128:9:6:3:1:1:3:3:2:2:2:1:1:5:1:0:3,contract_global,0.356888809204,1.78842861837381,1.78798428819442,regressed,regressed,3.0713084601653327
two_stage_feedback_net_log15,Ascend910B3,20,external_v2_dense_tall,3584,896,5120,fp16,0,0,14:256:896:5120:16:32:384:4:16:1:2:0:4:4:1:2:1:4:1:4:1:0:0,feedback_winner_mutation,0.169737606049,0.999778566943458,1.00221781854843,within_noise,within_noise,0.8047530655419718
two_stage_feedback_net_log15,Ascend910B3,20,external_v2_dense_tall,3584,896,5120,fp16,0,0,14:256:896:5120:16:32:384:4:16:1:2:0:4:4:1:2:1:7:1:2:1:1:0,feedback_winner_mutation,0.169700393677,0.99955938080086,1.00199809763286,within_noise,within_noise,0.8069216124158859
two_stage_feedback_net_log15,Ascend910B3,20,external_v2_dense_tall,3584,896,5120,fp16,0,0,14:256:896:5120:16:32:384:4:16:1:2:0:4:4:1:2:2:7:1:2:1:0:0,feedback_winner_mutation,0.169451198578,0.998091586336525,1.00052672205307,within_noise,within_noise,0.8093368735965036
two_stage_feedback_net_log15,Ascend910B3,20,external_v2_dense_tall,3584,896,5120,fp16,0,0,14:512:448:5120:80:16:256:8:16:1:2:1:8:8:1:1:2:7:1:1:2:0:0,feedback_winner_mutation,0.169228401184,0.996779278086302,0.999211212047595,within_noise,within_noise,0.811868473333557
two_stage_feedback_net_log15,Ascend910B3,20,external_v2_dense_tall,3584,896,5120,fp16,0,0,14:512:448:5120:80:16:256:8:16:1:2:1:8:8:1:1:1:7:1:1:2:1:0,feedback_winner_mutation,0.169726009369,0.999710260853104,1.00214934580639,within_noise,within_noise,0.8313135179672163
two_stage_feedback_net_log15,Ascend910B3,20,external_v2_dense_tall,3584,896,5120,fp16,0,0,14:512:448:5120:80:16:256:8:16:1:2:0:8:8:1:1:1:7:1:1:2:0:0,feedback_winner_mutation,0.16941160202,0.997858356988804,1.00029292368016,within_noise,within_noise,0.8333349788275543
two_stage_feedback_net_log15,Ascend910B3,20,external_v2_dense_tall,3584,896,5120,fp16,0,0,14:512:448:5120:112:16:112:16:8:4:2:1:2:2:2:2:1:7:1:1:2:0:0,feedback_winner_mutation,0.169819202423,1.00025918115847,1.0026996053597,within_noise,within_noise,0.8376114387015672
two_stage_feedback_net_log15,Ascend910B3,20,external_v2_dense_tall,3584,896,5120,fp16,0,0,14:512:448:5120:16:96:96:16:16:1:1:1:8:8:1:2:1:1:1:7:2:0:0,feedback_winner_mutation,0.169352798462,0.997511995694994,0.999945717336767,within_noise,within_noise,0.8388092545329708
two_stage_feedback_net_log15,Ascend910B3,20,external_v2_dense_tall,3584,896,5120,fp16,0,0,14:512:448:5120:16:96:96:16:16:1:1:0:8:8:1:2:2:1:1:7:2:0:0,feedback_winner_mutation,0.169673595428,0.999401535314454,1.00183986703599,within_noise,within_noise,0.8522727397702002
two_stage_feedback_net_log15,Ascend910B3,20,external_v2_dense_tall,3584,896,5120,fp16,0,0,14:512:448:5120:16:96:96:16:16:1:1:0:8:8:1:2:1:1:1:7:2:1:0,feedback_winner_mutation,0.169494800568,0.99834840823794,1.00078417054762,within_noise,within_noise,0.8558523391531322
two_stage_feedback_net_log15,Ascend910B3,20,external_v2_dense_tall,3584,896,5120,fp16,0,0,14:512:448:5120:112:16:112:16:8:4:2:0:2:2:2:2:2:7:1:1:2:0:0,feedback_winner_mutation,0.169545192719,0.998645225144855,1.00108171163372,within_noise,within_noise,0.8608372448987063
two_stage_feedback_net_log15,Ascend910B3,20,external_v2_dense_tall,3584,896,5120,fp16,0,0,4:3584:192:5120:32:192:80:2:1:1:1:0:1:1:1:2:1:1:2:1:3:2:0,feedback_winner_mutation,0.169724407196,0.999700823833165,1.0021398857562,within_noise,within_noise,0.8515008645654841
two_stage_feedback_net_log15,Ascend910B3,20,external_v2_dense_tall,3584,896,5120,fp16,0,0,20:144:304:5120:64:64:256:8:8:1:1:0:4:4:2:2:1:1:3:25:1:2:0,contract_global,0.16976480484,0.999938771679137,1.00237841415045,within_noise,within_noise,0.8055968048359116
two_stage_feedback_net_log15,Ascend910B3,20,external_v2_dense_tall,3584,896,5120,fp16,0,0,20:304:64:5120:16:64:256:8:8:1:1:1:8:8:2:2:2:12:4:1:4:0:0,contract_global,0.169451198578,0.998091586336525,1.00052672205307,within_noise,within_noise,0.8141339249209812
two_stage_feedback_net_log15,Ascend910B3,20,external_v2_dense_tall,3584,896,5120,fp16,0,0,20:160:160:5120:64:32:256:4:4:1:1:0:2:2:2:2:1:1:6:23:1:2:0,contract_global,0.169525604248,0.998529846274176,1.00096605126234,within_noise,within_noise,0.8435481156727335
two_stage_feedback_net_log15,Ascend910B3,20,external_v2_dense_tall,3584,896,5120,fp16,0,0,20:112:192:5120:16:16:640:16:8:4:4:1:2:2:2:2:1:6:1:6:5:2:0,contract_global,0.169631195068,0.999151791178973,1.0015895135798,within_noise,within_noise,0.8523210509807791
two_stage_feedback_net_log15,Ascend910B3,20,external_v2_dense_tall,3584,896,5120,fp16,0,0,20:176:112:5120:48:16:224:16:8:2:2:0:4:4:1:1:1:21:3:1:3:2:0,contract_global,0.169685192108,0.999469841397234,1.00190833977823,within_noise,within_noise,0.8626646177648654
two_stage_feedback_net_log15,Ascend910B3,20,external_v2_dense_tall,3584,896,5120,fp16,0,0,20:176:160:5120:80:48:128:1:1:1:1:1:1:1:2:2:2:21:1:1:6:2:0,contract_global,0.169590797424,0.998913843329086,1.00135098518553,within_noise,within_noise,0.8839976559699962
two_stage_feedback_net_log15,Ascend910B3,20,external_v2_dense_tall,3584,896,5120,fp16,0,0,20:720:32:5120:272:32:48:16:8:2:1:0:8:8:2:2:2:1:14:5:2:2:0,contract_global,0.169491996765,0.998331893438894,1.00076761545853,within_noise,within_noise,0.8981464443570498
two_stage_feedback_net_log15,Ascend910B3,20,external_v2_dense_tall,3584,896,5120,fp16,0,0,20:448:48:5120:112:16:128:16:12:2:3:1:4:4:1:2:1:1:10:8:2:2:0,contract_global,0.169516792297,0.998477942640069,1.00091402098746,within_noise,within_noise,0.9121196441419578
two_stage_feedback_net_log15,Ascend910B3,20,external_v2_dense_tall,3584,896,5120,fp16,0,0,20:1792:16:2048:48:16:128:32:16:1:1:0:16:16:1:1:1:2:8:1:7:0:2,contract_global,0.169950408936,1.00103200612365,1.00347431585686,within_noise,within_noise,0.9606225901135169
two_stage_feedback_net_log15,Ascend910B3,20,external_v2_dense_tall,3584,896,5120,fp16,0,0,10:3584:96:5120:224:96:16:8:4:4:1:1:2:2:1:1:1:1:4:1:3:2:0,contract_global,0.169620800018,0.999090562858772,1.0015281358772,within_noise,within_noise,1.0511159778013082
two_stage_feedback_net_log15,Ascend910B3,20,external_v2_dense_tall,3584,896,5120,fp16,0,0,16:896:224:128:48:48:16:16:16:1:1:0:8:8:1:1:1:1:2:4:2:1:2,contract_global,0.16955039978,0.998675895477355,1.00111245679091,within_noise,within_noise,1.0619777527621974
two_stage_feedback_net_log15,Ascend910B3,20,external_v2_dense_tall,3584,896,5120,fp16,0,0,10:3584:96:32:48:32:32:2:6:2:3:0:1:1:1:1:1:1:3:1:4:0:2,contract_global,0.169338798523,0.997429534072679,0.999863054516634,within_noise,within_noise,1.0843277260811353
two_stage_feedback_net_log15,Ascend910B3,20,external_v2_dense_wide,896,3584,5120,fp16,0,0,20:96:1792:5120:96:32:16:2:1:1:1:0:1:1:2:1:2:1:1:10:2:1:0,feedback_winner_mutation,0.142602796555,1.00207720270701,1.00231948715264,within_noise,within_noise,0.6744603617186351
two_stage_feedback_net_log15,Ascend910B3,20,external_v2_dense_wide,896,3584,5120,fp16,0,0,20:96:1792:5120:32:16:48:8:2:2:1:0:2:2:2:2:2:1:2:10:1:1:0,feedback_winner_mutation,0.14226360321,0.999693673584626,0.99993538173579,within_noise,within_noise,0.6953206566849789
two_stage_feedback_net_log15,Ascend910B3,20,external_v2_dense_wide,896,3584,5120,fp16,0,0,20:96:1792:5120:32:16:48:8:2:2:1:1:2:2:2:2:1:1:2:10:1:1:0,feedback_winner_mutation,0.142318000793,1.00007592820565,1.00031772877951,within_noise,within_noise,0.7138600766114412
two_stage_feedback_net_log15,Ascend910B3,20,external_v2_dense_wide,896,3584,5120,fp16,0,0,13:1792:288:5120:1792:16:16:8:32:1:4:0:4:4:1:1:1:1:3:1:5:2:0,feedback_winner_mutation,0.142299604416,0.999946655915743,1.00018842523438,within_noise,within_noise,0.7074178049753836
two_stage_feedback_net_log15,Ascend910B3,20,external_v2_dense_wide,896,3584,5120,fp16,0,0,20:96:1792:5120:32:16:48:8:2:2:1:1:2:2:2:2:2:1:2:10:1:2:0,feedback_winner_mutation,0.142301197052,0.999957847446913,1.00019961947498,within_noise,within_noise,0.7148972287502371
two_stage_feedback_net_log15,Ascend910B3,20,external_v2_dense_wide,896,3584,5120,fp16,0,0,13:1792:288:5120:1792:16:16:8:32:1:4:1:4:4:1:1:1:1:3:1:5:0:0,feedback_winner_mutation,0.142573204041,1.00186925458551,1.00211148875376,within_noise,within_noise,0.7108294749421054
two_stage_feedback_net_log15,Ascend910B3,20,external_v2_dense_wide,896,3584,5120,fp16,0,0,12:1792:288:5120:1792:16:16:8:32:1:4:1:4:4:1:1:1:1:3:1:5:2:0,feedback_winner_mutation,0.142336797714,1.0002080151383,1.00044984764892,within_noise,within_noise,0.7070721972217142
two_stage_feedback_net_log15,Ascend910B3,20,external_v2_dense_wide,896,3584,5120,fp16,0,0,20:32:720:5120:32:48:16:16:16:1:1:0:8:8:2:2:2:7:2:4:4:1:0,feedback_winner_mutation,0.142281599045,0.999820131248588,1.00006186997266,within_noise,within_noise,0.7460423504665831
two_stage_feedback_net_log15,Ascend910B3,20,external_v2_dense_wide,896,3584,5120,fp16,0,0,20:32:720:5120:32:48:16:16:16:1:1:0:8:8:2:2:2:4:2:8:4:0:0,feedback_winner_mutation,0.142281999588,0.999822945883711,1.00006468528892,within_noise,within_noise,0.7553949211285257
two_stage_feedback_net_log15,Ascend910B3,20,external_v2_dense_wide,896,3584,5120,fp16,0,0,20:32:720:5120:32:48:16:16:16:1:1:0:8:8:2:2:1:7:2:4:4:0:0,feedback_winner_mutation,0.142266397476,0.99971330903528,0.999955021933117,within_noise,within_noise,0.7706375423482488
two_stage_feedback_net_log15,Ascend910B3,20,external_v2_dense_wide,896,3584,5120,fp16,0,0,20:32:3584:5120:16:16:640:8:4:2:1:0:4:4:2:2:1:28:1:1:1:0:0,feedback_winner_mutation,0.14261639595,1.00217276635644,1.0024150739078,within_noise,within_noise,0.8143930040363894
two_stage_feedback_net_log15,Ascend910B3,20,external_v2_dense_wide,896,3584,5120,fp16,0,0,20:896:96:5120:16:32:896:8:4:1:1:0:4:4:2:1:1:1:2:1:36:2:0,feedback_winner_mutation,0.142241601944,0.999539069554848,0.999780740325348,within_noise,within_noise,0.8203983213782539
two_stage_feedback_net_log15,Ascend910B3,20,external_v2_dense_wide,896,3584,5120,fp16,0,0,12:432:896:5120:432:16:16:16:16:1:2:1:8:8:1:1:1:1:1:3:4:0:0,contract_global,0.14236000061,1.00037106308474,1.0006129350172,within_noise,within_noise,0.77808147033527
two_stage_feedback_net_log15,Ascend910B3,20,external_v2_dense_wide,896,3584,5120,fp16,0,0,20:80:336:5120:80:128:16:16:8:1:1:0:8:8:2:2:2:4:3:3:4:1:0,contract_global,0.142262802124,0.999688044316716,0.999929751105254,within_noise,within_noise,0.8124425237788552
two_stage_feedback_net_log15,Ascend910B3,20,external_v2_dense_wide,896,3584,5120,fp16,0,0,14:64:3584:5120:16:176:16:64:16:4:1:1:8:8:2:2:1:1:1:14:1:0:0,contract_global,0.142656002045,1.00245108042768,1.00269345527057,within_noise,within_noise,0.8276199151608545
two_stage_feedback_net_log15,Ascend910B3,20,external_v2_dense_wide,896,3584,5120,fp16,0,0,12:160:1792:5120:160:16:96:16:8:1:1:1:8:8:1:2:1:1:2:6:1:0:0,contract_global,0.142578802109,1.00190859249809,1.00215083617664,within_noise,within_noise,0.8628475725819176
two_stage_feedback_net_log15,Ascend910B3,20,external_v2_dense_wide,896,3584,5120,fp16,0,0,20:560:48:5120:560:16:16:2:12:1:3:1:2:2:2:1:1:2:38:1:2:1:0,contract_global,0.14237279892,1.00046099746874,1.00070289114594,within_noise,within_noise,0.84273694450634
two_stage_feedback_net_log15,Ascend910B3,20,external_v2_dense_wide,896,3584,5120,fp16,0,0,20:48:1792:5120:16:80:160:2:1:2:1:0:1:1:2:1:1:10:1:2:2:2:0,contract_global,0.142279195786,0.99980324342077,1.00004497806394,within_noise,within_noise,0.8865171964501732
two_stage_feedback_net_log15,Ascend910B3,20,external_v2_dense_wide,896,3584,5120,fp16,0,0,20:80:304:5120:16:48:192:8:16:1:1:1:8:8:2:2:1:4:3:3:4:2:0,contract_global,0.142302398682,0.99996629136631,1.00020806543322,within_noise,within_noise,0.8866917320141855
two_stage_feedback_net_log15,Ascend910B3,20,external_v2_dense_wide,896,3584,5120,fp16,0,0,20:48:368:5120:48:368:48:8:8:1:1:1:8:8:1:1:1:19:1:1:10:0:0,contract_global,0.14252240181,1.00151226468925,1.00175441254381,within_noise,within_noise,0.906489288541236
two_stage_feedback_net_log15,Ascend910B3,20,external_v2_dense_wide,896,3584,5120,fp16,0,0,20:448:48:5120:48:48:256:16:2:4:1:0:2:2:2:2:2:2:9:1:9:2:0,contract_global,0.142835597992,1.00371311040592,1.00395579038517,within_noise,within_noise,0.9890401391925825
two_stage_feedback_net_log15,Ascend910B3,20,external_v2_dense_wide,896,3584,5120,fp16,0,0,20:160:128:128:32:16:64:4:4:1:1:0:2:2:2:2:1:1:14:6:2:1:2,contract_global,0.142571601868,1.00185799603307,1.00210022747887,within_noise,within_noise,1.0862880632900422
two_stage_feedback_net_log15,Ascend910B3,20,external_v2_dense_wide,896,3584,5120,fp16,0,0,18:448:400:112:16:48:112:1:1:1:1:1:1:1:2:1:1:2:2:1:7:1:2,contract_global,0.142326803207,1.0001377832226,1.00037959875153,within_noise,within_noise,1.1275942393981186
two_stage_feedback_net_log15,Ascend910B3,20,external_v2_dense_wide,896,3584,5120,fp16,0,0,5:192:3584:64:64:16:32:12:8:3:2:0:2:2:1:1:1:5:1:1:1:2:2,contract_global,0.142560396194,1.00177925318424,1.00202146559144,within_noise,within_noise,1.3321118308872253
two_stage_feedback_net_log15,Ascend910B3,20,external_v2_dense_large,4608,5120,6144,fp16,0,0,14:672:2560:6144:112:16:96:2:1:2:1:1:1:1:2:2:2:7:1:1:2:1:0,runtime_rejected,0,3,3,runtime_rejected,runtime_rejected,3
two_stage_feedback_net_log15,Ascend910B3,20,external_v2_dense_large,4608,5120,6144,fp16,0,0,13:368:5120:6144:80:16:96:32:8:4:2:0:4:4:2:2:2:1:1:13:1:0:0,runtime_rejected,0,3,3,runtime_rejected,runtime_rejected,3
two_stage_feedback_net_log15,Ascend910B3,20,external_v2_dense_large,4608,5120,6144,fp16,0,0,20:672:272:6144:320:64:48:4:4:2:1:0:2:2:2:2:1:7:19:1:1:1:0,runtime_rejected,0,3,3,runtime_rejected,runtime_rejected,3
two_stage_feedback_net_log15,Ascend910B3,20,external_v2_dense_large,4608,5120,6144,fp16,0,0,16:4608:384:384:128:128:128:6:9:1:3:0:3:3:2:2:1:1:2:1:7:1:3,feedback_regression_counterfactual,2.53636764526,2.42857587426865,2.42575795364247,regressed,regressed,2.436387514119686
two_stage_feedback_net_log15,Ascend910B3,20,external_v2_dense_large,4608,5120,6144,fp16,0,0,16:4608:384:384:128:128:128:6:9:1:3:0:3:3:2:2:2:1:2:1:7:1:3,feedback_regression_counterfactual,2.37837158203,2.27729440365588,2.27465201766159,regressed,regressed,2.437630719996464
two_stage_feedback_net_log15,Ascend910B3,20,external_v2_dense_large,4608,5120,6144,fp16,0,0,16:4608:384:384:128:128:128:6:9:1:3:0:3:3:2:2:1:1:2:1:7:2:3,feedback_regression_counterfactual,2.56904846191,2.45986780586363,2.457013576643,regressed,regressed,2.4380134412119174
two_stage_feedback_net_log15,Ascend910B3,20,external_v2_dense_large,4608,5120,6144,fp16,0,0,16:384:5120:384:128:128:128:9:6:3:1:1:3:3:2:2:2:6:1:2:1:0:3,feedback_regression_counterfactual,2.78741912842,2.66895805085897,2.66586121043396,regressed,regressed,2.5060891623344363
two_stage_feedback_net_log15,Ascend910B3,20,external_v2_dense_large,4608,5120,6144,fp16,0,0,16:4608:384:384:128:128:128:6:9:1:3:0:3:3:2:2:2:1:1:1:14:2:3,feedback_regression_counterfactual,2.47365921021,2.36853245242114,2.36578420126755,regressed,regressed,2.5014401637230073
two_stage_feedback_net_log15,Ascend910B3,20,external_v2_dense_large,4608,5120,6144,fp16,0,0,16:4608:384:384:128:128:128:6:9:1:3:0:3:3:2:2:1:1:1:1:14:0:3,feedback_regression_counterfactual,2.51720474243,2.41022736568843,2.40743073517183,regressed,regressed,2.5049606708120606
two_stage_feedback_net_log15,Ascend910B3,20,external_v2_dense_large,4608,5120,6144,fp16,0,0,16:384:5120:384:128:128:128:9:6:3:1:1:3:3:2:2:1:2:1:6:1:1:3,feedback_regression_counterfactual,2.87648681641,2.75424049744256,2.75104470225247,regressed,regressed,2.521656723656709
two_stage_feedback_net_log15,Ascend910B3,20,external_v2_dense_large,4608,5120,6144,fp16,0,0,16:384:5120:384:128:128:128:9:6:3:1:1:3:3:2:2:2:2:1:6:1:2:3,feedback_regression_counterfactual,2.79242797852,2.67375403244051,2.67065162714734,regressed,regressed,2.524533783129932
two_stage_feedback_net_log15,Ascend910B3,20,external_v2_dense_large,4608,5120,6144,fp16,0,0,9:4608:384:384:128:128:128:6:9:1:3:0:3:3:2:2:2:1:1:1:14:1:3,feedback_regression_counterfactual,2.75043670654,2.633547325716,2.63049157299544,regressed,regressed,2.648949749171132
two_stage_feedback_net_log15,Ascend910B3,20,external_v2_dense_large,4608,5120,6144,fp16,0,0,8:4608:384:384:128:128:128:6:9:1:3:0:3:3:2:2:2:1:2:1:7:1:3,feedback_regression_counterfactual,2.74255371094,2.62599934544624,2.62295235078832,regressed,regressed,2.663342148714938
two_stage_feedback_net_log15,Ascend910B3,20,external_v2_dense_large,4608,5120,6144,fp16,0,0,8:4608:384:384:128:128:128:6:9:1:3:0:3:3:2:2:1:1:1:1:14:1:3,feedback_regression_counterfactual,4.46474273682,4.27499795453767,4.27003759689403,regressed,regressed,2.7227712038624037
two_stage_feedback_net_log15,Ascend910B3,20,external_v2_dense_large,4608,5120,6144,fp16,0,0,9:384:5120:384:128:128:128:9:6:3:1:1:3:3:2:2:2:1:1:12:1:0:3,feedback_regression_counterfactual,2.83968322754,2.71900100518022,2.71584609900888,regressed,regressed,2.7303797655401567
two_stage_feedback_net_log15,Ascend910B3,20,external_v2_dense_large,4608,5120,6144,fp16,0,0,8:4608:384:384:128:128:128:6:9:1:3:0:3:3:2:2:2:1:1:1:14:2:3,feedback_regression_counterfactual,2.74363952637,2.62703901536925,2.6239908143664,regressed,regressed,2.728171652564495
two_stage_feedback_net_log15,Ascend910B3,20,external_v2_dense_large,4608,5120,6144,fp16,0,0,8:384:5120:384:128:128:128:9:6:3:1:1:3:3:2:2:2:2:1:6:1:0:3,feedback_regression_counterfactual,2.72573028564,2.60989089016324,2.60686258643381,regressed,regressed,2.737120764065128
two_stage_feedback_net_log15,Ascend910B3,20,external_v2_dense_large,4608,5120,6144,fp16,0,0,15:384:5120:384:128:128:128:9:6:3:1:1:3:3:2:2:2:12:1:1:1:0:3,feedback_regression_counterfactual,3.84751403809,3.68400053764917,3.67972592502456,regressed,regressed,2.7619833201578046
two_stage_feedback_net_log15,Ascend910B3,20,external_v2_dense_large,4608,5120,6144,fp16,0,0,15:4608:384:384:128:128:128:6:9:1:3:0:3:3:2:2:1:1:1:1:14:2:3,feedback_regression_counterfactual,4.59879211426,4.40335043712914,4.3982411497575,regressed,regressed,2.769142339515727
two_stage_feedback_net_log15,Ascend910B3,20,external_v2_dense_large,4608,5120,6144,fp16,0,0,8:384:5120:384:128:128:128:9:6:3:1:1:3:3:2:2:1:1:1:12:1:0:3,feedback_regression_counterfactual,4.50247436523,4.31112604606805,4.30612376834173,regressed,regressed,2.805582859937281
two_stage_feedback_net_log15,Ascend910B3,20,external_v2_dense_large,4608,5120,6144,fp16,0,0,8:384:5120:384:128:128:128:9:6:3:1:1:3:3:2:2:2:1:1:12:1:1:3,feedback_regression_counterfactual,2.72797210693,2.61203743745077,2.60900664305013,regressed,regressed,2.8109494177998453
two_stage_feedback_net_log15,Ascend910B3,20,external_v2_dense_large,4608,5120,6144,fp16,0,0,15:384:5120:384:128:128:128:9:6:3:1:1:3:3:2:2:1:2:1:6:1:0:3,feedback_regression_counterfactual,4.90820892334,4.69961750195465,4.69416445056219,regressed,regressed,2.8225526564569168
two_stage_feedback_net_log15,Ascend910B3,20,external_v2_dense_large,4608,5120,6144,fp16,0,0,15:4608:384:384:128:128:128:6:9:1:3:0:3:3:2:2:1:1:1:1:14:1:3,feedback_regression_counterfactual,4.5447052002,4.35156213472257,4.34651293827259,regressed,regressed,2.816797996181709
two_stage_feedback_net_log15,Ascend910B3,20,external_v2_dense_large,4608,5120,6144,fp16,0,0,16:576:2560:768:32:32:48:48:64:3:2:0:16:16:2:1:1:2:1:4:2:0:2,feedback_regression_counterfactual,21.1057421875,20.2087802140221,20.1853315999212,regressed,regressed,20.495644318945104
two_stage_feedback_net_log15,Ascend910B3,20,external_v2_k_shallow,1792,2048,320,fp16,0,0,13:144:2048:160:16:16:80:4:4:1:1:0:2:2:1:2:1:3:1:6:1:1:2,feedback_winner_mutation,0.0196684002876,1.00126251301227,1.00093638440148,within_noise,within_noise,1.0073116329263574
two_stage_feedback_net_log15,Ascend910B3,20,external_v2_k_shallow,1792,2048,320,fp16,0,0,16:448:512:32:48:48:16:2:2:1:1:0:2:2:1:1:1:1:1:4:4:2:2,contract_global,0.0194228005409,0.988759726002231,0.988437669770536,improved,improved,0.8932980516802688
two_stage_feedback_net_log15,Ascend910B3,20,external_v2_k_shallow,1792,2048,320,fp16,0,0,20:1792:80:320:16:80:240:1:2:1:1:0:1:1:2:1:1:1:2:1:20:0:0,contract_global,0.0194775998592,0.991549403985032,0.991226439096682,within_noise,within_noise,0.9029447383542771
two_stage_feedback_net_log15,Ascend910B3,20,external_v2_k_shallow,1792,2048,320,fp16,0,0,10:1792:224:320:144:224:112:1:2:1:1:0:1:1:1:1:1:1:1:1:10:0:0,contract_global,0.0196852004528,1.00211776180716,1.00179135462631,within_noise,within_noise,0.9074416006125114
two_stage_feedback_net_log15,Ascend910B3,20,external_v2_k_shallow,1792,2048,320,fp16,0,0,18:304:688:16:32:32:16:1:1:1:1:1:1:1:2:2:2:2:1:5:3:0:2,contract_global,0.0194335997105,0.989309481125906,0.988987245822522,improved,improved,0.8861094928958088
two_stage_feedback_net_log15,Ascend910B3,20,external_v2_k_shallow,1792,2048,320,fp16,0,0,20:176:192:320:128:64:256:2:2:1:1:0:1:1:1:2:1:1:2:11:9:0:0,contract_global,0.0194436001778,0.989818576569715,0.989496175442762,improved,improved,0.8966031133955501
two_stage_feedback_net_log15,Ascend910B3,20,external_v2_k_shallow,1792,2048,320,fp16,0,0,20:208:112:320:48:48:256:4:2:1:1:0:2:2:2:2:1:1:2:9:17:0:0,contract_global,0.0194527995586,0.990286890973435,0.989964337308901,within_noise,improved,0.8957069832261214
two_stage_feedback_net_log15,Ascend910B3,20,external_v2_k_shallow,1792,2048,320,fp16,0,0,20:160:144:320:144:64:112:3:6:1:1:0:3:3:2:2:1:1:2:12:13:0:0,contract_global,0.019418400526,0.988535733717075,0.988213750441242,within_noise,within_noise,0.899443605863552
two_stage_feedback_net_log15,Ascend910B3,20,external_v2_k_shallow,1792,2048,320,fp16,0,0,10:1792:224:320:112:224:80:1:2:1:1:0:1:1:2:1:1:1:1:1:10:0:0,contract_global,0.0194291996956,0.989085488829921,0.988763326489279,improved,improved,0.9158072242845521
two_stage_feedback_net_log15,Ascend910B3,20,external_v2_k_shallow,1792,2048,320,fp16,0,0,20:160:192:320:144:80:96:2:4:1:1:0:2:2:2:2:1:2:1:10:11:0:0,contract_global,0.0196503996849,1.00034615334768,1.00002032321102,within_noise,within_noise,0.9027796809917285
two_stage_feedback_net_log15,Ascend910B3,20,external_v2_k_shallow,1792,2048,320,fp16,0,0,20:160:192:320:112:64:256:2:2:1:1:0:1:1:1:2:1:1:1:12:11:0:0,contract_global,0.0194439995289,0.989838906403416,0.989516498653929,improved,improved,0.900123712377386
two_stage_feedback_net_log15,Ascend910B3,20,external_v2_k_shallow,1792,2048,320,fp16,0,0,20:208:144:320:144:128:96:4:4:1:1:1:4:4:2:2:1:1:2:9:11:0:0,contract_global,0.0196340000629,0.999511295069285,0.99918573686477,within_noise,within_noise,0.9028972963950366
two_stage_feedback_net_log15,Ascend910B3,20,external_v2_k_shallow,1792,2048,320,fp16,0,0,20:368:576:48:32:192:16:12:9:2:3:0:3:3:1:2:1:5:1:1:4:2:2,contract_global,0.0196472001076,1.00018327193645,0.999857494850612,within_noise,within_noise,1.0097432407468057
two_stage_feedback_net_log15,Ascend910B3,20,external_v2_k_shallow,1792,2048,320,fp16,0,0,10:192:2048:320:96:16:80:2:2:1:1:1:2:2:2:1:1:4:1:3:1:0:0,contract_global,0.0198207998276,1.00902074165261,1.00869208605128,within_noise,within_noise,1.0288469539119605
two_stage_feedback_net_log15,Ascend910B3,20,external_v2_k_shallow,1792,2048,320,fp16,0,0,20:80:352:160:32:16:160:1:1:1:1:1:1:1:1:2:1:2:1:14:6:1:2,contract_global,0.0196396005154,0.999796398232122,0.999470747166888,within_noise,within_noise,1.01801829690518
two_stage_feedback_net_log15,Ascend910B3,20,external_v2_k_shallow,1792,2048,320,fp16,0,0,20:128:160:128:64:16:64:2:2:1:1:0:2:2:1:1:1:4:3:4:5:2:2,contract_global,0.0196640002728,1.0010385207304,1.00071246507709,within_noise,within_noise,1.0207248391031367
two_stage_feedback_net_log15,Ascend910B3,20,external_v2_k_shallow,1792,2048,320,fp16,0,0,9:768:688:48:192:16:16:24:24:4:4:0:3:3:2:2:2:3:1:1:3:1:2,contract_global,0.0196940004826,1.00256574638228,1.00223919328537,within_noise,within_noise,1.0379642590309226
two_stage_feedback_net_log15,Ascend910B3,20,external_v2_k_shallow,1792,2048,320,fp16,0,0,6:336:2048:256:112:16:16:96:32:3:2:0:16:16:2:2:1:6:1:1:1:0:2,contract_global,0.019453599453,0.990327611331903,0.990005044405373,within_noise,within_noise,1.064307447929873
two_stage_feedback_net_log15,Ascend910B3,20,external_v2_k_shallow,1792,2048,320,fp16,0,0,20:832:80:64:208:16:16:32:32:4:4:1:4:4:1:1:1:1:2:3:14:0:2,contract_global,0.019437199831,0.989492753050132,0.989170458061165,improved,improved,1.0656227057374554
two_stage_feedback_net_log15,Ascend910B3,20,external_v2_k_shallow,1792,2048,320,fp16,0,0,20:1792:16:320:512:16:16:8:16:1:1:1:8:8:2:2:2:1:11:1:12:0:0,contract_global,0.019587199688,0.997128820628197,0.996804038439059,within_noise,within_noise,1.0762658520001136
two_stage_feedback_net_log15,Ascend910B3,20,external_v2_k_shallow,1792,2048,320,fp16,0,0,14:128:2048:96:16:192:32:12:9:2:3:0:3:3:2:1:1:2:1:9:1:2:2,contract_global,0.0196860003471,1.00215848215842,1.00183206171415,within_noise,within_noise,1.094091101872046
two_stage_feedback_net_log15,Ascend910B3,20,external_v2_k_shallow,1792,2048,320,fp16,0,0,13:144:2048:320:16:16:240:8:8:4:4:1:2:2:2:2:1:5:1:3:1:0:0,contract_global,0.0195148003101,0.993443173505105,0.993119591782487,within_noise,within_noise,1.098055324596489
two_stage_feedback_net_log15,Ascend910B3,20,external_v2_k_shallow,1792,2048,320,fp16,0,0,18:208:1024:192:32:32:48:16:16:4:4:1:4:4:1:2:1:3:1:4:2:0:2,contract_global,0.019470000267,0.991162530279281,0.990839691412585,within_noise,within_noise,1.1100377807953752
two_stage_feedback_net_log15,Ascend910B3,20,external_v2_k_shallow,1792,2048,320,fp16,0,0,20:256:192:256:64:16:32:64:64:4:4:1:8:8:2:2:2:7:1:1:11:0:2,contract_global,0.0194187998772,0.988556063551523,0.988234073655542,improved,improved,1.0982533392360507
two_stage_feedback_net_log15,Ascend910B3,20,external_v2_k_deep,1024,1536,32768,fp16,0,0,20:1024:384:384:128:128:128:6:9:1:3:0:3:3:2:2:2:1:4:1:1:1:3,feedback_winner_mutation,0.564560813904,0.907677967528843,0.895783036309289,improved,improved,1.144885797345527
two_stage_feedback_net_log15,Ascend910B3,20,external_v2_k_deep,1024,1536,32768,fp16,0,0,20:1024:384:384:128:128:128:6:9:1:3:0:3:3:2:2:1:1:2:1:2:0:3,feedback_winner_mutation,0.853955993652,1.37295579428198,1.35496349379259,regressed,regressed,1.2022548430852675
two_stage_feedback_net_log15,Ascend910B3,20,external_v2_k_deep,1024,1536,32768,fp16,0,0,19:1024:384:384:128:128:128:6:9:1:3:0:3:3:2:2:1:1:1:1:4:0:3,feedback_regression_counterfactual,0.845051193237,1.35863901751876,1.34083433541533,regressed,regressed,1.21121497506596
two_stage_feedback_net_log15,Ascend910B3,20,external_v2_k_deep,1024,1536,32768,fp16,0,0,16:1024:384:384:128:128:128:6:9:1:3:0:3:3:2:2:2:1:1:1:4:2:3,feedback_regression_counterfactual,0.633751182556,1.01891943459798,1.00556670706006,regressed,within_noise,1.239021629077196
two_stage_feedback_net_log15,Ascend910B3,20,external_v2_k_deep,1024,1536,32768,fp16,0,0,15:1024:384:384:128:128:128:6:9:1:3:0:3:3:2:2:2:1:2:1:2:2:3,feedback_regression_counterfactual,0.641296768188,1.03105092098786,1.01753921284084,regressed,regressed,1.2972647888344395
two_stage_feedback_net_log15,Ascend910B3,20,external_v2_k_deep,1024,1536,32768,fp16,0,0,15:1024:384:384:128:128:128:6:9:1:3:0:3:3:2:2:1:1:1:1:4:1:3,feedback_regression_counterfactual,1.00914962769,1.62246982155351,1.60120769156646,regressed,regressed,1.2981938851521901
two_stage_feedback_net_log15,Ascend910B3,20,external_v2_k_deep,1024,1536,32768,fp16,0,0,18:384:1536:384:128:128:128:9:6:3:1:1:3:3:2:2:2:3:1:1:1:0:3,feedback_regression_counterfactual,0.616987609863,0.991967642668449,0.978968112760308,within_noise,improved,1.3060369605017625
two_stage_feedback_net_log15,Ascend910B3,20,external_v2_k_deep,1024,1536,32768,fp16,0,0,20:384:1536:384:128:128:128:9:6:3:1:1:3:3:2:2:1:1:1:3:1:1:3,feedback_regression_counterfactual,0.875631637573,1.40780501501239,1.38935602272292,regressed,regressed,1.3319381863620119
two_stage_feedback_net_log15,Ascend910B3,20,external_v2_k_deep,1024,1536,32768,fp16,0,0,20:384:1536:384:128:128:128:9:6:3:1:1:3:3:2:2:1:3:1:1:1:0:3,feedback_regression_counterfactual,0.88742401123,1.42676431485938,1.40806686488464,regressed,regressed,1.3354248429638387
two_stage_feedback_net_log15,Ascend910B3,20,external_v2_k_deep,1024,1536,32768,fp16,0,0,18:384:1536:384:128:128:128:9:6:3:1:1:3:3:2:2:1:1:1:3:1:0:3,feedback_regression_counterfactual,0.89618522644,1.44085024115601,1.42196819804354,regressed,regressed,1.3389844269645128
two_stage_feedback_net_log15,Ascend910B3,20,external_v2_k_deep,1024,1536,32768,fp16,0,0,14:1024:384:384:128:128:128:6:9:1:3:0:3:3:2:2:2:1:1:1:4:2:3,feedback_regression_counterfactual,0.689973220825,1.10931094631746,1.09477365679415,regressed,regressed,1.3400099298736248
two_stage_feedback_net_log15,Ascend910B3,20,external_v2_k_deep,1024,1536,32768,fp16,0,0,14:1024:384:384:128:128:128:6:9:1:3:0:3:3:2:2:2:1:1:1:4:1:3,feedback_regression_counterfactual,0.710926437378,1.14299867763889,1.12801991739582,regressed,regressed,1.3411926063211044
two_stage_feedback_net_log15,Ascend910B3,20,external_v2_k_deep,1024,1536,32768,fp16,0,0,15:384:1536:384:128:128:128:9:6:3:1:1:3:3:2:2:2:1:1:3:1:0:3,feedback_regression_counterfactual,0.65075920105,1.04626423657196,1.03255316108428,regressed,regressed,1.3651943552858323
two_stage_feedback_net_log15,Ascend910B3,20,external_v2_k_deep,1024,1536,32768,fp16,0,0,15:384:1536:384:128:128:128:9:6:3:1:1:3:3:2:2:2:3:1:1:1:1:3,feedback_regression_counterfactual,0.663562393188,1.06684868935621,1.05286785889083,regressed,regressed,1.4161654105060302
two_stage_feedback_net_log15,Ascend910B3,20,external_v2_k_deep,1024,1536,32768,fp16,0,0,20:512:144:32768:128:16:48:8:4:4:2:1:1:1:1:1:1:2:3:1:4:0:0,runtime_rejected,0,3,3,runtime_rejected,runtime_rejected,3
two_stage_feedback_net_log15,Ascend910B3,20,external_v2_k_deep,1024,1536,32768,fp16,0,0,10:112:1536:32768:16:16:96:2:2:2:1:0:1:1:2:2:2:1:1:10:1:0:0,runtime_rejected,0,3,3,runtime_rejected,runtime_rejected,3
two_stage_feedback_net_log15,Ascend910B3,20,external_v2_k_deep,1024,1536,32768,fp16,0,0,9:1024:384:384:128:128:128:6:9:1:3:0:3:3:2:2:2:1:1:1:4:1:3,feedback_regression_counterfactual,1.00507316589,1.61591585168818,1.59473961011486,regressed,regressed,1.5224330909164703
two_stage_feedback_net_log15,Ascend910B3,20,external_v2_k_deep,1024,1536,32768,fp16,0,0,8:1024:384:384:128:128:128:6:9:1:3:0:3:3:2:2:1:1:1:1:4:1:3,feedback_regression_counterfactual,1.79189315796,2.88093310690641,2.84317907698271,regressed,regressed,1.567689569596701
two_stage_feedback_net_log15,Ascend910B3,20,external_v2_k_deep,1024,1536,32768,fp16,0,0,8:1024:384:384:128:128:128:6:9:1:3:0:3:3:2:2:2:1:2:1:2:1:3,feedback_regression_counterfactual,1.08025398254,1.73678851796736,1.71402826520989,regressed,regressed,1.5798693456985355
two_stage_feedback_net_log15,Ascend910B3,20,external_v2_k_deep,1024,1536,32768,fp16,0,0,14:160:768:32768:16:16:96:2:2:1:1:1:1:1:2:1:1:1:1:7:2:1:0,runtime_rejected,0,3,3,runtime_rejected,runtime_rejected,3
two_stage_feedback_net_log15,Ascend910B3,20,external_v2_k_deep,1024,1536,32768,fp16,0,0,8:1024:384:384:128:128:128:6:9:1:3:0:3:3:2:2:2:1:1:1:4:2:3,feedback_regression_counterfactual,1.10148200989,1.77091807893692,1.74771056537312,regressed,regressed,1.5998860456246597
two_stage_feedback_net_log15,Ascend910B3,20,external_v2_k_deep,1024,1536,32768,fp16,0,0,20:416:32:32768:416:32:48:4:2:1:1:1:2:2:1:2:1:3:12:1:4:2:0,contract_global,5.08370910645,8.17338121174471,8.06627074874011,regressed,regressed,0.9838146485001344
two_stage_feedback_net_log15,Ascend910B3,20,external_v2_k_deep,1024,1536,32768,fp16,0,0,5:1024:384:384:128:128:128:6:9:1:3:0:3:3:2:2:2:1:1:1:4:1:3,feedback_regression_counterfactual,1.75980041504,2.82933569712231,2.79225784052582,regressed,regressed,2.7175347546804205
two_stage_feedback_net_log15,Ascend910B3,20,external_v2_k_deep,1024,1536,32768,fp16,0,0,20:320:320:64:80:64:16:16:16:4:4:0:4:4:1:1:2:4:5:1:1:0:2,feedback_regression_counterfactual,5.86957885742,9.43687070788117,9.31320247749958,regressed,regressed,10.57830310604773
two_stage_feedback_net_log15,Ascend910B3,20,external_v2_k_low_output_deep_aligned,192,128,24576,fp16,0,0,20:384:128:384:128:128:128:9:6:3:1:1:3:3:2:2:2:1:1:1:1:2:3,feedback_winner_mutation,0.0332283997536,0.960158555323693,0.99463594592877,improved,within_noise,0.7825538371889686
two_stage_feedback_net_log15,Ascend910B3,20,external_v2_k_low_output_deep_aligned,192,128,24576,fp16,0,0,19:192:384:384:128:128:128:6:9:1:3:0:3:3:2:2:1:1:1:1:1:1:3,feedback_winner_mutation,0.0332184004784,0.959869619057479,0.99433663453807,improved,within_noise,0.8031453201589706
two_stage_feedback_net_log15,Ascend910B3,20,external_v2_k_low_output_deep_aligned,192,128,24576,fp16,0,0,19:192:384:384:128:128:128:6:9:1:3:0:3:3:2:2:2:1:1:1:1:1:3,feedback_winner_mutation,0.0305579996109,0.882995418904192,0.914702034224109,improved,improved,0.8123106218353408
two_stage_feedback_net_log15,Ascend910B3,20,external_v2_k_low_output_deep_aligned,192,128,24576,fp16,0,0,20:384:128:384:128:128:128:9:6:3:1:1:3:3:2:2:1:1:1:6:1:0:3,feedback_regression_counterfactual,0.0356863999367,1.03118424185382,1.06821202408266,regressed,regressed,0.7895850410289957
two_stage_feedback_net_log15,Ascend910B3,20,external_v2_k_low_output_deep_aligned,192,128,24576,fp16,0,0,17:192:384:384:128:128:128:6:9:1:3:0:3:3:2:2:2:1:1:1:1:2:3,feedback_winner_mutation,0.0306180000305,0.884729174268767,0.916498045301552,improved,improved,0.8748840545005617
two_stage_feedback_net_log15,Ascend910B3,20,external_v2_k_low_output_deep_aligned,192,128,24576,fp16,0,0,16:384:128:384:128:128:128:9:6:3:1:1:3:3:2:2:2:1:1:1:1:1:3,feedback_winner_mutation,0.0305915999413,0.883966324668669,0.915707803288349,improved,improved,0.8959838989067529
two_stage_feedback_net_log15,Ascend910B3,20,external_v2_k_low_output_deep_aligned,192,128,24576,fp16,0,0,14:384:128:384:128:128:128:9:6:3:1:1:3:3:2:2:2:1:1:1:1:1:3,feedback_winner_mutation,0.0330315995216,0.954471870802552,0.988745063839965,improved,improved,0.9200332674115127
two_stage_feedback_net_log15,Ascend910B3,20,external_v2_k_low_output_deep_aligned,192,128,24576,fp16,0,0,14:384:128:384:128:128:128:9:6:3:1:1:3:3:2:2:1:1:1:1:1:0:3,feedback_winner_mutation,0.0361500000954,1.04458030251028,1.08208911072509,regressed,regressed,0.9291019262384782
two_stage_feedback_net_log15,Ascend910B3,20,external_v2_k_low_output_deep_aligned,192,128,24576,fp16,0,0,15:192:384:384:128:128:128:6:9:1:3:0:3:3:2:2:2:1:1:1:1:2:3,feedback_winner_mutation,0.0306699991226,0.886231725506793,0.918054550175644,improved,improved,0.9447455384532875
two_stage_feedback_net_log15,Ascend910B3,20,external_v2_k_low_output_deep_aligned,192,128,24576,fp16,0,0,15:192:384:384:128:128:128:6:9:1:3:0:3:3:2:2:1:1:1:1:1:2:3,feedback_winner_mutation,0.0316088008881,0.913359079019956,0.946155993192715,improved,improved,0.9459636428028517
two_stage_feedback_net_log15,Ascend910B3,20,external_v2_k_low_output_deep_aligned,192,128,24576,fp16,0,0,14:192:384:384:128:128:128:6:9:1:3:0:3:3:2:2:1:1:1:1:1:1:3,feedback_winner_mutation,0.032138800621,0.928673803219961,0.962020638779636,improved,improved,0.9496680473578789
two_stage_feedback_net_log15,Ascend910B3,20,external_v2_k_low_output_deep_aligned,192,128,24576,fp16,0,0,13:384:128:384:128:128:128:9:6:3:1:1:3:3:2:2:2:1:1:1:1:0:3,feedback_winner_mutation,0.0313547992706,0.906019519245491,0.938552884375783,improved,improved,0.9564328798618252
two_stage_feedback_net_log15,Ascend910B3,20,external_v2_k_low_output_deep_aligned,192,128,24576,fp16,0,0,8:192:384:384:128:128:128:6:9:1:3:0:3:3:2:2:1:1:1:1:1:2:3,feedback_winner_mutation,0.0364788007736,1.05408123504156,1.09193120291196,regressed,regressed,1.0770612948850289
two_stage_feedback_net_log15,Ascend910B3,20,external_v2_k_low_output_deep_aligned,192,128,24576,fp16,0,0,9:192:384:384:128:128:128:6:9:1:3:0:3:3:2:2:2:1:1:1:1:2:3,feedback_winner_mutation,0.0321304011345,0.928431094001241,0.961769214359385,improved,improved,1.0966471806987597
two_stage_feedback_net_log15,Ascend910B3,20,external_v2_k_low_output_deep_aligned,192,128,24576,fp16,0,0,10:384:128:384:128:128:128:9:6:3:1:1:3:3:2:2:2:1:1:1:1:0:3,feedback_regression_counterfactual,0.0346824002266,1.00217294674681,1.03815899087152,within_noise,regressed,1.0085520052867887
two_stage_feedback_net_log15,Ascend910B3,20,external_v2_k_low_output_deep_aligned,192,128,24576,fp16,0,0,9:384:128:384:128:128:128:9:6:3:1:1:3:3:2:2:1:1:1:1:1:0:3,feedback_regression_counterfactual,0.0414960002899,1.19905683046753,1.24211258461569,regressed,regressed,1.054529189566078
two_stage_feedback_net_log15,Ascend910B3,20,external_v2_k_low_output_deep_aligned,192,128,24576,fp16,0,0,10:192:384:384:128:128:128:6:9:1:3:0:3:3:2:2:1:1:1:1:1:1:3,feedback_regression_counterfactual,0.0342720007896,0.990314159279977,1.02587437785144,within_noise,regressed,1.072027889207194
two_stage_feedback_net_log15,Ascend910B3,20,external_v2_k_low_output_deep_aligned,192,128,24576,fp16,0,0,8:384:128:384:128:128:128:9:6:3:1:1:3:3:2:2:2:1:1:1:1:2:3,feedback_regression_counterfactual,0.0361872005463,1.04565523634562,1.08320264330411,regressed,regressed,1.0912899821967808
two_stage_feedback_net_log15,Ascend910B3,20,external_v2_k_low_output_deep_aligned,192,128,24576,fp16,0,0,10:192:384:384:128:128:128:6:9:1:3:0:3:3:2:2:2:1:1:1:1:2:3,feedback_regression_counterfactual,0.0309791994095,0.895166290602004,0.927309937802613,improved,improved,1.0931928556507955
two_stage_feedback_net_log15,Ascend910B3,20,external_v2_k_low_output_deep_aligned,192,128,24576,fp16,0,0,11:192:384:384:128:128:128:6:9:1:3:0:3:3:2:2:2:1:1:1:1:1:3,feedback_regression_counterfactual,0.0291659998894,0.84277258387481,0.873034876911339,improved,improved,1.1264324386059719
two_stage_feedback_net_log15,Ascend910B3,20,external_v2_k_low_output_deep_aligned,192,128,24576,fp16,0,0,7:384:128:384:128:128:128:9:6:3:1:1:3:3:2:2:2:1:1:1:1:1:3,feedback_regression_counterfactual,0.0398444008827,1.15133267545138,1.19267474978635,regressed,regressed,1.2580698252142042
two_stage_feedback_net_log15,Ascend910B3,20,external_v2_k_low_output_deep_aligned,192,128,24576,fp16,0,0,7:192:384:384:128:128:128:6:9:1:3:0:3:3:2:2:1:1:1:1:1:1:3,feedback_regression_counterfactual,0.0401412010193,1.15990892927286,1.20155895988392,regressed,regressed,1.3277823873397594
two_stage_feedback_net_log15,Ascend910B3,20,external_v2_k_low_output_deep_aligned,192,128,24576,fp16,0,0,5:384:128:384:128:128:128:9:6:3:1:1:3:3:2:2:2:1:1:1:1:1:3,feedback_regression_counterfactual,0.0483652019501,1.39754736239761,1.44773051812359,regressed,regressed,1.8354911904689373
two_stage_feedback_net_log15,Ascend910B3,20,external_v2_k_low_output_deep_aligned,192,128,24576,fp16,0,0,12:32:80:16:32:80:16:1:1:1:1:0:1:1:2:1:1:2:1:3:2:0:2,feedback_regression_counterfactual,1.2911239624,37.3079572797361,38.6476120781413,regressed,regressed,35.548521681866866
two_stage_feedback_net_log15,Ascend910B3,20,external_v2_k_low_output_deep_odd,512,384,12289,fp16,0,0,20:96:32:12289:80:16:96:8:32:1:2:0:8:8:2:2:1:1:1:6:12:1:0,feedback_winner_mutation,0.0640227985382,1.00273773597542,0.999437997504411,within_noise,within_noise,0.8541391519550533
two_stage_feedback_net_log15,Ascend910B3,20,external_v2_k_low_output_deep_odd,512,384,12289,fp16,0,0,20:96:32:12289:80:16:96:8:32:1:2:1:8:8:2:2:1:1:1:6:12:2:0,feedback_winner_mutation,0.0639147996902,1.00104623665311,0.997752064449133,within_noise,within_noise,0.8556119020869977
two_stage_feedback_net_log15,Ascend910B3,20,external_v2_k_low_output_deep_odd,512,384,12289,fp16,0,0,20:512:16:12289:32:16:1024:4:2:2:1:1:2:2:1:2:1:1:12:1:2:1:0,feedback_winner_mutation,0.0638664007187,1.00028820238768,0.996996524669624,within_noise,within_noise,0.8637763008647976
two_stage_feedback_net_log15,Ascend910B3,20,external_v2_k_low_output_deep_odd,512,384,12289,fp16,0,0,20:512:16:12289:32:16:1024:4:2:2:1:1:2:2:1:2:2:1:12:1:2:0:0,feedback_winner_mutation,0.0638155984879,0.99949252779879,0.996203468422449,within_noise,within_noise,0.8758905870227942
two_stage_feedback_net_log15,Ascend910B3,20,external_v2_k_low_output_deep_odd,512,384,12289,fp16,0,0,20:512:16:12289:32:16:1024:4:2:2:1:0:2:2:1:2:1:1:12:1:2:0:0,feedback_winner_mutation,0.0640723991394,1.00351459040331,1.00021229551182,within_noise,within_noise,0.8826321434868605
two_stage_feedback_net_log15,Ascend910B3,20,external_v2_k_low_output_deep_odd,512,384,12289,fp16,0,0,2:384:384:96:96:16:16:24:24:4:4:1:6:6:1:2:2:2:1:1:1:2:2,feedback_winner_mutation,0.063937997818,1.00140957031977,0.998114202481286,within_noise,within_noise,0.8791912173677142
two_stage_feedback_net_log15,Ascend910B3,20,external_v2_k_low_output_deep_odd,512,384,12289,fp16,0,0,2:384:384:96:96:16:16:24:24:4:4:0:6:6:1:2:1:2:1:1:1:2:2,feedback_winner_mutation,0.0639667987823,1.00186065672072,0.998563804474229,within_noise,within_noise,0.8829824281101298
two_stage_feedback_net_log15,Ascend910B3,20,external_v2_k_low_output_deep_odd,512,384,12289,fp16,0,0,18:96:128:12289:48:16:320:8:8:2:2:1:4:4:2:2:2:2:1:3:3:0:0,feedback_winner_mutation,0.064052400589,1.00320136915107,0.99990010499001,within_noise,within_noise,0.9341999679212243
two_stage_feedback_net_log15,Ascend910B3,20,external_v2_k_low_output_deep_odd,512,384,12289,fp16,0,0,18:96:128:12289:48:16:320:8:8:2:2:1:4:4:2:2:1:2:1:3:3:1:0,feedback_winner_mutation,0.0639099979401,1.00097103069391,0.997677105969815,within_noise,within_noise,0.9359881986302139
two_stage_feedback_net_log15,Ascend910B3,20,external_v2_k_low_output_deep_odd,512,384,12289,fp16,0,0,20:16:336:12289:16:336:32:8:8:1:1:0:8:8:2:2:1:1:2:32:1:0:0,contract_global,0.0639695978165,1.00190449574838,0.998607499242266,within_noise,within_noise,0.8027081693781114
two_stage_feedback_net_log15,Ascend910B3,20,external_v2_k_low_output_deep_odd,512,384,12289,fp16,0,0,20:160:16:12289:160:16:48:1:1:1:1:1:1:1:1:2:1:1:1:4:24:1:0,contract_global,0.0638823986053,1.00053876445183,0.997246262201317,within_noise,within_noise,0.8078704441397431
two_stage_feedback_net_log15,Ascend910B3,20,external_v2_k_low_output_deep_odd,512,384,12289,fp16,0,0,4:1536:96:12289:1536:16:16:8:16:1:1:1:8:8:1:2:1:1:1:1:4:0:0,contract_global,0.0640320014954,1.00288187451193,0.999581661720159,within_noise,within_noise,0.8047202593178239
two_stage_feedback_net_log15,Ascend910B3,20,external_v2_k_low_output_deep_odd,512,384,12289,fp16,0,0,2:416:384:12289:416:16:16:16:32:1:2:1:8:8:2:1:1:2:1:1:1:0:0,contract_global,0.0639147996902,1.00104623665311,0.997752064449133,within_noise,within_noise,0.8895913507580021
two_stage_feedback_net_log15,Ascend910B3,20,external_v2_k_low_output_deep_odd,512,384,12289,fp16,0,0,3:240:384:48:80:64:16:18:12:3:2:1:3:3:2:2:1:1:1:3:1:1:2,contract_global,0.0640464019775,1.00310741771142,0.999806462713932,within_noise,within_noise,0.9110950846381886
two_stage_feedback_net_log15,Ascend910B3,20,external_v2_k_low_output_deep_odd,512,384,12289,fp16,0,0,12:512:32:80:16:16:80:2:2:1:1:1:1:1:1:2:1:1:1:1:12:1:2,contract_global,0.0640303993225,1.00285678096313,0.999556650745744,within_noise,within_noise,0.927179242569436
two_stage_feedback_net_log15,Ascend910B3,20,external_v2_k_low_output_deep_odd,512,384,12289,fp16,0,0,4:320:256:96:80:64:16:48:48:4:4:1:6:6:1:1:1:2:1:1:2:1:2,contract_global,0.0640628004074,1.00336425316474,1.00006245299213,within_noise,within_noise,0.9331277024309478
two_stage_feedback_net_log15,Ascend910B3,20,external_v2_k_low_output_deep_odd,512,384,12289,fp16,0,0,3:192:384:32:64:16:32:6:2:3:2:1:1:1:1:1:1:3:1:1:1:1:2,contract_global,0.064007601738,1.00249972068469,0.999200765456795,within_noise,within_noise,0.9372891097805149
two_stage_feedback_net_log15,Ascend910B3,20,external_v2_k_low_output_deep_odd,512,384,12289,fp16,0,0,20:48:128:512:48:32:32:16:32:1:1:0:16:16:2:2:1:1:1:11:3:0:2,contract_global,0.0639735984802,1.00196715493418,0.998669952233086,within_noise,within_noise,0.9577187470250889
two_stage_feedback_net_log15,Ascend910B3,20,external_v2_k_low_output_deep_odd,512,384,12289,fp16,0,0,20:32:80:64:32:80:16:4:8:1:1:0:4:4:2:1:1:1:1:16:5:1:2,contract_global,0.0639067983627,1.00092091827917,0.997627158458749,within_noise,within_noise,0.9416296623295177
two_stage_feedback_net_log15,Ascend910B3,20,external_v2_k_low_output_deep_odd,512,384,12289,fp16,0,0,4:128:384:48:32:16:16:24:24:4:4:0:3:3:2:2:2:4:1:1:1:2:2,contract_global,0.0639752006531,1.0019922484834,0.998694963206572,within_noise,within_noise,0.9637055534140315
two_stage_feedback_net_log15,Ascend910B3,20,external_v2_k_low_output_deep_odd,512,384,12289,fp16,0,0,2:512:288:64:64:96:32:8:12:2:3:1:2:2:2:1:1:1:2:1:1:0:2,contract_global,0.0639171981812,1.00108380229373,0.997789506466684,within_noise,within_noise,0.9641783608146923
two_stage_feedback_net_log15,Ascend910B3,20,external_v2_k_low_output_deep_odd,512,384,12289,fp16,0,0,2:512:224:12289:32:224:32:8:16:1:1:1:8:8:2:2:2:1:2:1:1:0:0,contract_global,0.0639251995087,1.00120912066822,0.997914412455992,within_noise,within_noise,1.017157507840364
two_stage_feedback_net_log15,Ascend910B3,20,external_v2_k_low_output_deep_odd,512,384,12289,fp16,0,0,16:128:96:48:48:48:16:6:6:1:1:1:3:3:1:1:1:1:2:4:2:1:2,contract_global,0.063853597641,1.00008767805177,0.9967966602022,within_noise,within_noise,1.0145483504273993
two_stage_feedback_net_log15,Ascend910B3,20,external_v2_k_low_output_deep_odd,512,384,12289,fp16,0,0,2:512:288:32:64:96:32:4:6:2:3:0:1:1:2:1:1:1:2:1:1:0:2,contract_global,0.0639192008972,1.00111516922813,0.997820770184447,within_noise,within_noise,1.0431486644839063
two_stage_feedback_net_log15,Ascend910B3,20,external_v2_skinny_m,47,3584,12288,fp16,0,0,19:48:192:12288:16:32:1024:1:4:1:4:0:1:1:1:1:1:1:4:1:5:0:0,contract_global,0.0548984003067,1.00305489692756,1.00370042220194,within_noise,within_noise,1.0015150767730547
two_stage_feedback_net_log15,Ascend910B3,20,external_v2_skinny_m,47,3584,12288,fp16,0,0,19:48:192:12288:16:16:256:16:32:1:4:0:8:8:2:1:1:1:2:1:11:0:0,contract_global,0.0546888017654,0.999225298208174,0.999868358911658,within_noise,within_noise,1.0012414382654524
two_stage_feedback_net_log15,Ascend910B3,20,external_v2_skinny_m,47,3584,12288,fp16,0,0,19:48:192:12288:16:64:80:4:6:2:3:1:2:2:2:1:1:1:2:1:11:0:0,contract_global,0.0547720003128,1.00074542830646,1.00138946730157,within_noise,within_noise,1.0017655671016144
two_stage_feedback_net_log15,Ascend910B3,20,external_v2_skinny_m,47,3584,12288,fp16,0,0,14:48:256:2560:16:16:160:48:32:3:2:0:16:16:2:2:2:1:4:1:4:0:2,contract_global,0.0547359991074,1.00008764620018,1.00073126187318,within_noise,within_noise,1.0013549898902359
two_stage_feedback_net_log15,Ascend910B3,20,external_v2_skinny_m,47,3584,12288,fp16,0,0,20:16:368:12288:16:16:512:16:16:1:1:0:8:8:1:1:1:2:5:2:2:2:0,contract_global,0.0549739980698,1.00443615222915,1.00508256642308,within_noise,within_noise,1.0021634898801204
two_stage_feedback_net_log15,Ascend910B3,20,external_v2_skinny_m,47,3584,12288,fp16,0,0,20:32:368:12288:32:32:32:16:16:1:2:1:8:8:2:2:2:2:3:1:4:0:0,contract_global,0.0547160005569,0.999722250416264,1.00036563093612,within_noise,within_noise,1.0021951865206717
two_stage_feedback_net_log15,Ascend910B3,20,external_v2_skinny_m,47,3584,12288,fp16,0,0,20:48:64:12288:16:16:768:4:8:1:2:1:2:2:1:1:1:1:14:1:4:0:0,contract_global,0.0547187995911,0.999773391882878,1.00041680531929,within_noise,within_noise,1.0020529915376253
two_stage_feedback_net_log15,Ascend910B3,20,external_v2_skinny_m,47,3584,12288,fp16,0,0,20:48:64:12288:16:48:640:4:4:1:1:0:4:4:1:1:1:1:6:1:10:0:0,contract_global,0.0548131990433,1.00149817498261,1.00214269841507,within_noise,within_noise,1.0019195169702348
two_stage_feedback_net_log15,Ascend910B3,20,external_v2_skinny_m,47,3584,12288,fp16,0,0,16:48:224:12288:48:16:16:1:4:1:4:1:1:1:2:2:1:1:8:1:2:0:0,contract_global,0.0547792005539,1.00087698472831,1.00152110838758,within_noise,within_noise,1.0020774030589066
two_stage_feedback_net_log15,Ascend910B3,20,external_v2_skinny_m,47,3584,12288,fp16,0,0,20:48:64:12288:16:32:640:12:4:3:1:1:4:4:2:1:1:1:4:1:16:0:0,contract_global,0.0548040008545,1.00133011383269,1.00197452910714,within_noise,within_noise,1.0019894259814957
two_stage_feedback_net_log15,Ascend910B3,20,external_v2_skinny_m,47,3584,12288,fp16,0,0,20:48:64:12288:16:16:640:16:8:2:1:1:4:4:1:1:1:1:6:1:11:0:0,contract_global,0.0547671985626,1.00065769498439,1.00130167751771,within_noise,within_noise,1.0018620380175307
two_stage_feedback_net_log15,Ascend910B3,20,external_v2_skinny_m,47,3584,12288,fp16,0,0,20:48:80:12288:48:16:640:2:4:1:4:0:1:1:1:2:1:1:7:1:7:0:0,contract_global,0.0548820018768,1.00275527935492,1.00340061180873,within_noise,within_noise,1.0022376293291329
two_stage_feedback_net_log15,Ascend910B3,20,external_v2_skinny_m,47,3584,12288,fp16,0,0,3:16:3584:12288:16:16:1024:8:8:1:1:1:4:4:1:1:1:3:1:1:1:0:0,contract_global,0.0547204017639,0.999802665368643,1.00044609763937,within_noise,within_noise,1.001234818109813
two_stage_feedback_net_log15,Ascend910B3,20,external_v2_skinny_m,47,3584,12288,fp16,0,0,20:384:3584:384:128:128:128:9:6:3:1:1:3:3:2:2:2:1:1:1:1:0:3,contract_global,0.054781999588,1.00092812619747,1.00157228276941,within_noise,within_noise,0.9997449547259669
two_stage_feedback_net_log15,Ascend910B3,20,external_v2_skinny_m,47,3584,12288,fp16,0,0,4:128:896:12288:128:32:48:16:8:1:1:1:8:8:2:2:2:1:1:1:4:0:0,contract_global,0.0548795986176,1.00271136913379,1.00335667332786,within_noise,within_noise,1.0006624040012302
two_stage_feedback_net_log15,Ascend910B3,20,external_v2_skinny_m,47,3584,12288,fp16,0,0,20:128:80:12288:128:64:32:4:4:1:1:0:4:4:2:2:2:1:12:1:4:1:0,contract_global,0.0550284004211,1.00543014375827,1.0060771976449,within_noise,within_noise,1.0024240920358618
two_stage_feedback_net_log15,Ascend910B3,20,external_v2_skinny_m,47,3584,12288,fp16,0,0,20:32:48:12288:32:48:128:8:8:1:1:1:8:8:2:2:2:2:5:1:15:2:0,contract_global,0.0549032020569,1.00314263025011,1.00378821198629,within_noise,within_noise,1.0027624826560186
two_stage_feedback_net_log15,Ascend910B3,20,external_v2_skinny_m,47,3584,12288,fp16,0,0,20:144:32:12288:144:32:80:2:2:1:1:1:1:1:2:2:1:1:56:1:2:0:0,contract_global,0.0547179985046,0.999758755143125,1.00040215915797,within_noise,within_noise,1.0021565013345723
two_stage_feedback_net_log15,Ascend910B3,20,external_v2_skinny_m,47,3584,12288,fp16,0,0,1:128:3584:12288:128:80:96:2:4:1:1:0:2:2:2:2:1:1:1:1:1:0:0,contract_global,0.054807600975,1.00139589204247,1.00204034964896,within_noise,within_noise,1.0011759546698447
two_stage_feedback_net_log15,Ascend910B3,20,external_v2_skinny_m,47,3584,12288,fp16,0,0,12:768:304:12288:768:32:16:4:16:1:2:1:4:4:1:1:1:1:3:1:4:0:0,contract_global,0.054746799469,1.00028498083194,1.00092872350104,within_noise,within_noise,1.0001506116940153
two_stage_feedback_net_log15,Ascend910B3,20,external_v2_skinny_m,47,3584,12288,fp16,0,0,2:96:1792:512:48:32:32:64:48:2:3:1:16:16:2:2:2:1:2:1:1:1:2,contract_global,0.054795999527,1.00118392067065,1.00182824186061,within_noise,within_noise,1.000481913435724
two_stage_feedback_net_log15,Ascend910B3,20,external_v2_skinny_m,47,3584,12288,fp16,0,0,2:384:1792:12288:384:48:16:8:16:1:1:1:8:8:2:1:1:1:2:1:1:0:0,contract_global,0.0548108005524,1.00145435188371,1.00209884711281,within_noise,within_noise,1.0004113171801399
two_stage_feedback_net_log15,Ascend910B3,20,external_v2_skinny_m,47,3584,12288,fp16,0,0,20:640:160:96:160:16:16:24:24:4:4:1:6:6:1:2:1:1:3:1:9:1:2,contract_global,0.0548012018204,1.00127897236287,1.001923354725,within_noise,within_noise,1.000566700828326
two_stage_feedback_net_log15,Ascend910B3,20,external_v2_skinny_m,47,3584,12288,fp16,0,0,4:128:384:384:128:128:128:6:9:1:3:0:3:3:2:2:2:1:1:1:10:1:3,contract_global,0.054741601944,1.00019001626332,1.00083369781707,within_noise,within_noise,1.0321114681783872
two_stage_feedback_net_log15,Ascend910B3,20,external_v2_skinny_n,3584,73,12288,fp16,0,0,14:240:80:160:16:16:160:4:6:2:3:0:1:1:2:2:1:1:1:15:1:1:2,feedback_winner_mutation,0.14829199791,0.999037939950839,1.02561473889438,within_noise,regressed,0.9899323556009052
two_stage_feedback_net_log15,Ascend910B3,20,external_v2_skinny_n,3584,73,12288,fp16,0,0,20:288:32:12288:48:32:128:32:16:4:1:1:8:8:2:2:2:1:3:13:1:1:0,feedback_winner_mutation,0.144482402802,0.973372832578485,0.999266878271787,improved,within_noise,1.0066273883178531
two_stage_feedback_net_log15,Ascend910B3,20,external_v2_skinny_n,3584,73,12288,fp16,0,0,14:256:96:64:48:32:64:2:6:2:3:0:1:1:2:2:1:14:1:1:1:1:2,feedback_winner_mutation,0.148399200439,0.999760159597219,1.02635617130675,within_noise,regressed,0.9976327187829395
two_stage_feedback_net_log15,Ascend910B3,20,external_v2_skinny_n,3584,73,12288,fp16,0,0,20:128:16:12288:16:16:192:4:2:2:1:1:1:1:1:2:2:4:1:7:5:1:0,feedback_regression_counterfactual,0.145689601898,0.981505690146838,1.00761608931167,improved,within_noise,1.0019112599204012
two_stage_feedback_net_log15,Ascend910B3,20,external_v2_skinny_n,3584,73,12288,fp16,0,0,20:336:16:12288:48:16:48:64:16:4:1:1:8:8:1:2:2:11:2:1:3:2:0,feedback_regression_counterfactual,0.147500801086,0.993707674956272,1.02014267610236,within_noise,regressed,1.0066696352370403
two_stage_feedback_net_log15,Ascend910B3,20,external_v2_skinny_n,3584,73,12288,fp16,0,0,20:112:16:12288:16:16:320:4:2:2:1:0:1:1:2:2:2:5:1:7:5:2:0,feedback_regression_counterfactual,0.144472398758,0.973305435689605,0.999197688470656,improved,within_noise,1.0023151839395945
two_stage_feedback_net_log15,Ascend910B3,20,external_v2_skinny_n,3584,73,12288,fp16,0,0,20:112:16:12288:16:16:320:4:2:2:1:0:1:1:2:2:1:5:1:7:5:0:0,feedback_regression_counterfactual,0.147444400787,0.993327708140905,1.01975260125902,within_noise,regressed,1.003014001804679
two_stage_feedback_net_log15,Ascend910B3,20,external_v2_skinny_n,3584,73,12288,fp16,0,0,20:336:16:12288:48:16:48:64:16:4:1:0:8:8:1:2:1:11:2:1:3:2:0,feedback_regression_counterfactual,0.144875202179,0.976019108071712,1.0019835510289,improved,within_noise,1.0081221177980726
two_stage_feedback_net_log15,Ascend910B3,20,external_v2_skinny_n,3584,73,12288,fp16,0,0,4:896:96:12288:16:96:16:4:4:1:1:1:4:4:2:2:2:1:1:4:1:0:0,feedback_regression_counterfactual,0.14841799736,0.999886793787098,1.02648617427116,within_noise,regressed,1.0047213365266605
two_stage_feedback_net_log15,Ascend910B3,20,external_v2_skinny_n,3584,73,12288,fp16,0,0,4:896:96:12288:16:96:16:4:4:1:1:0:4:4:2:2:1:1:1:4:1:0:0,feedback_regression_counterfactual,0.144167995453,0.971254681404234,0.997092379212107,improved,within_noise,1.0057565374862303
two_stage_feedback_net_log15,Ascend910B3,20,external_v2_skinny_n,3584,73,12288,fp16,0,0,4:896:96:12288:16:96:16:4:4:1:1:1:4:4:2:2:1:1:1:4:1:1:0,feedback_regression_counterfactual,0.148391599655,0.999708953382795,1.0263036028871,within_noise,regressed,1.0069657069455893
two_stage_feedback_net_log15,Ascend910B3,20,external_v2_skinny_n,3584,73,12288,fp16,0,0,2:3584:64:192:32:16:32:48:24:4:4:1:6:6:2:2:2:1:1:1:2:2:2,feedback_regression_counterfactual,0.144281997681,0.97202271037177,0.997880839587875,improved,within_noise,0.996149998631348
two_stage_feedback_net_log15,Ascend910B3,20,external_v2_skinny_n,3584,73,12288,fp16,0,0,18:608:32:12288:16:32:448:16:8:1:1:1:8:8:2:2:2:3:2:2:2:1:0,contract_global,0.148467197418,1.00021825283391,1.02682645092318,within_noise,regressed,1.0062079125487953
two_stage_feedback_net_log15,Ascend910B3,20,external_v2_skinny_n,3584,73,12288,fp16,0,0,18:608:32:1232:32:32:16:154:154:1:1:1:77:77:2:2:2:2:1:3:3:0:2,contract_global,0.145736398697,0.981820958531384,1.00793974458284,improved,within_noise,0.9975316216964736
two_stage_feedback_net_log15,Ascend910B3,20,external_v2_skinny_n,3584,73,12288,fp16,0,0,20:176:48:768:32:16:48:32:48:2:3:1:16:16:2:1:1:6:1:4:2:2:2,contract_global,0.147557601929,0.994090340225021,1.02053552118312,within_noise,regressed,0.9919959774708601
two_stage_feedback_net_log15,Ascend910B3,20,external_v2_skinny_n,3584,73,12288,fp16,0,0,20:208:32:12288:48:32:224:2:1:1:1:1:1:1:2:2:2:18:1:1:3:2:0,contract_global,0.145366802216,0.979331000117215,1.00538354732519,improved,within_noise,1.011360182509167
two_stage_feedback_net_log15,Ascend910B3,20,external_v2_skinny_n,3584,73,12288,fp16,0,0,2:3584:48:1232:48:16:16:154:462:2:3:0:77:77:2:1:1:1:1:1:2:2:2,contract_global,0.147418003082,0.993149867736845,1.01957002987439,within_noise,regressed,0.9996981662761553
two_stage_feedback_net_log15,Ascend910B3,20,external_v2_skinny_n,3584,73,12288,fp16,0,0,1:3584:112:12288:16:112:80:32:16:2:1:0:8:8:1:1:1:1:1:1:1:0:0,contract_global,0.144824399948,0.975676855241543,1.0016321934533,improved,within_noise,1.0037082706697058
two_stage_feedback_net_log15,Ascend910B3,20,external_v2_skinny_n,3584,73,12288,fp16,0,0,2:1792:96:32:48:32:32:2:3:2:3:0:1:1:2:2:2:2:1:1:1:0:2,contract_global,0.147999601364,0.997068074773021,1.02359247059035,within_noise,regressed,1.0111198205631182
two_stage_feedback_net_log15,Ascend910B3,20,external_v2_skinny_n,3584,73,12288,fp16,0,0,4:1792:48:32:48:48:16:4:4:1:1:0:2:2:1:1:1:1:2:2:1:1:2,contract_global,0.144810400009,0.975582538153766,1.00153536729989,improved,within_noise,1.0261551456852045
two_stage_feedback_net_log15,Ascend910B3,20,external_v2_skinny_n,3584,73,12288,fp16,0,0,20:176:64:16:32:16:16:8:4:4:4:0:1:1:2:2:2:6:1:4:2:1:2,contract_global,0.148259601593,0.998819687114789,1.0253906800065,within_noise,regressed,1.0327060131650332
two_stage_feedback_net_log15,Ascend910B3,20,external_v2_skinny_n,3584,73,12288,fp16,0,0,20:176:48:16:48:16:16:3:2:3:2:1:1:1:1:2:1:21:1:1:2:2:2,contract_global,0.144405603409,0.972855437784019,0.998735719548451,improved,within_noise,1.0383599280886227
two_stage_feedback_net_log15,Ascend910B3,20,external_v2_skinny_n,3584,73,12288,fp16,0,0,8:448:256:16:48:64:16:8:8:4:4:0:1:1:2:2:2:8:1:1:1:2:2,contract_global,0.14836520195,0.999531112978175,1.02612103150214,within_noise,regressed,1.0391258196366742
two_stage_feedback_net_log15,Ascend910B3,20,external_v2_skinny_n,3584,73,12288,fp16,0,0,2:1792:576:16:16:192:16:2:3:2:3:0:1:1:2:1:1:2:1:1:1:0:2,contract_global,0.145867595673,0.982704827910256,1.00884712700468,improved,within_noise,1.0465429432812423
two_stage_feedback_net_log15,Ascend910B3,20,external_v2_layout_tn,1792,2560,3584,fp16,1,0,14:256:1280:3584:128:16:128:2:2:2:1:0:1:1:2:2:1:1:1:7:2:0:0,runtime_rejected,0,3,3,runtime_rejected,runtime_rejected,3
two_stage_feedback_net_log15,Ascend910B3,20,external_v2_layout_tn,1792,2560,3584,fp16,1,0,20:368:640:3584:16:16:512:1:2:1:1:0:1:1:1:1:1:1:4:5:1:0:0,runtime_rejected,0,3,3,runtime_rejected,runtime_rejected,3
two_stage_feedback_net_log15,Ascend910B3,20,external_v2_layout_tn,1792,2560,3584,fp16,1,0,10:384:2560:384:128:128:128:9:6:3:1:1:3:3:2:2:2:1:1:5:1:1:3,feedback_regression_counterfactual,0.29998960495,2.34815222229321,2.36338828913863,regressed,regressed,2.9239720836321985
two_stage_feedback_net_log15,Ascend910B3,20,external_v2_layout_tn,1792,2560,3584,fp16,1,0,10:384:2560:384:128:128:128:9:6:3:1:1:3:3:2:2:2:3:1:2:1:0:3,feedback_regression_counterfactual,0.299104804993,2.34122649903305,2.35641762808461,regressed,regressed,2.9374944114294697
two_stage_feedback_net_log15,Ascend910B3,20,external_v2_layout_tn,1792,2560,3584,fp16,1,0,10:384:2560:384:128:128:128:9:6:3:1:1:3:3:2:2:1:1:1:5:1:0:3,feedback_regression_counterfactual,0.444011993408,3.47547958943753,3.49803035886875,regressed,regressed,2.9778441129465776
two_stage_feedback_net_log15,Ascend910B3,20,external_v2_layout_tn,1792,2560,3584,fp16,1,0,10:1792:384:384:128:128:128:6:9:1:3:0:3:3:2:2:2:1:4:1:2:1:3,feedback_regression_counterfactual,0.299589195251,2.34501803727828,2.36023376785507,regressed,regressed,3.0549308796475216
two_stage_feedback_net_log15,Ascend910B3,20,external_v2_layout_tn,1792,2560,3584,fp16,1,0,10:1792:384:384:128:128:128:6:9:1:3:0:3:3:2:2:1:1:3:1:3:0:3,feedback_regression_counterfactual,0.441803207397,3.45819043775706,3.48062902593462,regressed,regressed,3.2070584482436604
two_stage_feedback_net_log15,Ascend910B3,20,external_v2_layout_tn,1792,2560,3584,fp16,1,0,10:1792:384:384:128:128:128:6:9:1:3:0:3:3:2:2:1:1:2:1:6:2:3,feedback_regression_counterfactual,0.442072792053,3.46030059691204,3.482752876921,regressed,regressed,3.2731606053478766
two_stage_feedback_net_log15,Ascend910B3,20,external_v2_layout_tn,1792,2560,3584,fp16,1,0,9:384:2560:384:128:128:128:9:6:3:1:1:3:3:2:2:2:1:1:5:1:0:3,feedback_regression_counterfactual,0.553092002869,4.32929739644354,4.35738819222037,regressed,regressed,3.680881936527425
two_stage_feedback_net_log15,Ascend910B3,20,external_v2_layout_tn,1792,2560,3584,fp16,1,0,16:448:640:2464:48:48:16:154:154:1:1:0:154:154:1:1:2:1:1:4:4:2:2,feedback_regression_counterfactual,5.73855651855,44.9182372304526,45.2096907650029,regressed,regressed,32.91287386956359
two_stage_feedback_net_log15,Ascend910B3,20,external_v2_layout_nt,1664,2432,3328,fp16,0,1,20:416:496:3328:96:64:256:4:8:2:2:0:2:2:1:1:1:2:2:3:4:0:0,runtime_rejected,0,3,3,runtime_rejected,runtime_rejected,3
two_stage_feedback_net_log15,Ascend910B3,20,external_v2_layout_nt,1664,2432,3328,fp16,0,1,12:144:2432:3328:144:16:224:4:8:1:1:1:4:4:1:1:1:12:1:1:1:0:0,runtime_rejected,0,3,3,runtime_rejected,runtime_rejected,3
two_stage_feedback_net_log15,Ascend910B3,20,external_v2_layout_nt,1664,2432,3328,fp16,0,1,9:1664:384:384:128:128:128:6:9:1:3:0:3:3:2:2:1:1:3:1:3:0:3,feedback_regression_counterfactual,0.390503997803,3.22497102650958,3.22654834844455,regressed,regressed,2.7674659524285707
two_stage_feedback_net_log15,Ascend910B3,20,external_v2_layout_nt,1664,2432,3328,fp16,0,1,9:384:2432:384:128:128:128:9:6:3:1:1:3:3:2:2:2:1:1:5:1:1:3,feedback_regression_counterfactual,0.291842803955,2.41017913349218,2.4113579435916,regressed,regressed,2.8970842336902916
two_stage_feedback_net_log15,Ascend910B3,20,external_v2_layout_nt,1664,2432,3328,fp16,0,1,9:384:2432:384:128:128:128:9:6:3:1:1:3:3:2:2:1:1:1:5:1:0:3,feedback_regression_counterfactual,0.405756416321,3.35093288114642,3.35257181057654,regressed,regressed,2.913210381982727
two_stage_feedback_net_log15,Ascend910B3,20,external_v2_layout_nt,1664,2432,3328,fp16,0,1,9:384:2432:384:128:128:128:9:6:3:1:1:3:3:2:2:2:3:1:2:1:0:3,feedback_regression_counterfactual,0.291556797028,2.4078171498579,2.40899480471732,regressed,regressed,3.033823154146246
two_stage_feedback_net_log15,Ascend910B3,20,external_v2_layout_nt,1664,2432,3328,fp16,0,1,8:1664:384:384:128:128:128:6:9:1:3:0:3:3:2:2:2:1:3:1:3:2:3,feedback_regression_counterfactual,0.495471191406,4.09184091775805,4.09384222268226,regressed,regressed,3.488531730499771
two_stage_feedback_net_log15,Ascend910B3,20,external_v2_layout_nt,1664,2432,3328,fp16,0,1,8:384:2432:384:128:128:128:9:6:3:1:1:3:3:2:2:2:1:1:5:1:1:3,feedback_regression_counterfactual,0.4988256073,4.11954330781811,4.12155816189285,regressed,regressed,3.6562782209288294
two_stage_feedback_net_log15,Ascend910B3,20,external_v2_layout_nt,1664,2432,3328,fp16,0,1,8:384:2432:384:128:128:128:9:6:3:1:1:3:3:2:2:1:1:1:5:1:0:3,feedback_regression_counterfactual,0.78003036499,6.44186830620347,6.44501900125023,regressed,regressed,3.7751895948078182
two_stage_feedback_net_log15,Ascend910B3,20,external_v2_layout_nt,1664,2432,3328,fp16,0,1,18:560:416:1280:16:16:160:32:32:4:4:0:8:8:1:1:1:2:1:2:6:2:2,feedback_regression_counterfactual,3.28311126709,27.1135219427726,27.1267830706014,regressed,regressed,23.09050501684354
two_stage_feedback_net_log15,Ascend910B3,20,external_v2_layout_tt,1280,1920,2560,fp16,1,1,20:320:384:2560:16:16:640:4:4:4:4:1:1:1:2:1:1:1:2:4:3:0:0,contract_global,0.0641431999207,1.0034416042118,1.00697029424324,within_noise,within_noise,1.0034372560926486
two_stage_feedback_net_log15,Ascend910B3,20,external_v2_layout_tt,1280,1920,2560,fp16,1,1,20:640:192:2560:64:32:64:4:4:2:2:0:2:2:1:2:1:1:2:2:6:0:0,contract_global,0.0642547988892,1.00518743304596,1.00872226243775,within_noise,within_noise,1.0031269036549924
two_stage_feedback_net_log15,Ascend910B3,20,external_v2_layout_tt,1280,1920,2560,fp16,1,1,16:320:480:2560:160:160:192:1:3:1:3:0:1:1:1:1:1:2:1:2:4:0:0,contract_global,0.0636651992798,0.995963871102823,0.999466265035141,within_noise,within_noise,1.002843760932209
two_stage_feedback_net_log15,Ascend910B3,20,external_v2_layout_tt,1280,1920,2560,fp16,1,1,20:320:384:2560:48:16:48:1:1:1:1:0:1:1:1:1:1:1:5:4:1:0:0,contract_global,0.0638876008987,0.999443071352357,1.0029577001928,within_noise,within_noise,1.0038829975019246
two_stage_feedback_net_log15,Ascend910B3,20,external_v2_layout_tt,1280,1920,2560,fp16,1,1,18:432:320:2560:16:16:80:16:4:4:1:0:2:2:2:2:2:2:2:2:3:0:0,contract_global,0.0638772010803,0.999280378957372,1.0027944356812,within_noise,within_noise,1.0036953860281301
two_stage_feedback_net_log15,Ascend910B3,20,external_v2_layout_tt,1280,1920,2560,fp16,1,1,18:432:320:2560:16:80:80:1:2:1:2:1:1:1:1:1:1:2:2:2:3:0:0,contract_global,0.0642267990112,1.00474940933454,1.00828269837741,within_noise,within_noise,1.0038684843407932
two_stage_feedback_net_log15,Ascend910B3,20,external_v2_layout_tt,1280,1920,2560,fp16,1,1,20:640:192:2560:48:16:32:16:16:2:2:0:4:4:1:2:1:2:2:1:7:0:0,contract_global,0.0636876010895,0.996314319910094,0.999817946219614,within_noise,within_noise,1.0034757160152208
two_stage_feedback_net_log15,Ascend910B3,20,external_v2_layout_tt,1280,1920,2560,fp16,1,1,18:224:640:2560:48:48:64:8:4:2:1:1:4:4:2:2:1:2:1:3:3:0:0,contract_global,0.0638851976395,0.999405475309873,1.00291997194326,within_noise,within_noise,1.0031928564987205
two_stage_feedback_net_log15,Ascend910B3,20,external_v2_layout_tt,1280,1920,2560,fp16,1,1,18:640:224:2560:16:80:64:4:4:1:2:0:2:2:2:1:1:1:5:2:2:0:0,contract_global,0.0637879991531,0.997884924337001,1.00139407381928,within_noise,within_noise,1.0033819696581252
two_stage_feedback_net_log15,Ascend910B3,20,external_v2_layout_tt,1280,1920,2560,fp16,1,1,18:640:224:2560:16:16:160:2:8:2:4:1:1:1:1:1:1:1:2:2:7:0:0,contract_global,0.0639671993256,1.00068829100466,1.00420729877004,within_noise,within_noise,1.003806990061758
two_stage_feedback_net_log15,Ascend910B3,20,external_v2_layout_tt,1280,1920,2560,fp16,1,1,20:320:384:2560:64:64:16:8:16:1:2:0:8:8:2:1:1:1:2:4:4:0:0,contract_global,0.064122800827,1.00312248543811,1.00665005326045,within_noise,within_noise,1.0034257457156608
two_stage_feedback_net_log15,Ascend910B3,20,external_v2_layout_tt,1280,1920,2560,fp16,1,1,18:224:640:2560:16:32:80:8:8:1:2:0:4:4:2:2:1:1:3:6:1:0:0,contract_global,0.0639300012589,1.000106372925,1.00362333432423,within_noise,within_noise,1.0036881305035494
two_stage_feedback_net_log15,Ascend910B3,20,external_v2_layout_tt,1280,1920,2560,fp16,1,1,14:96:1920:2560:96:80:160:2:2:1:2:0:1:1:2:2:2:14:1:1:1:0:0,contract_global,0.0636855983734,0.996282989870722,0.999786506009417,within_noise,within_noise,1.0026785430442127
two_stage_feedback_net_log15,Ascend910B3,20,external_v2_layout_tt,1280,1920,2560,fp16,1,1,5:256:1920:2560:256:64:32:4:4:1:1:1:2:2:1:1:1:2:1:3:1:0:0,contract_global,0.0640055990219,1.00128900710333,1.00481012733931,within_noise,within_noise,1.004640461963273
two_stage_feedback_net_log15,Ascend910B3,20,external_v2_layout_tt,1280,1920,2560,fp16,1,1,18:144:960:256:48:16:128:2:2:1:1:0:2:2:1:1:1:9:1:1:2:2:2,contract_global,0.0639472007751,1.00037543823697,1.00389334582873,within_noise,within_noise,1.0031044156039894
two_stage_feedback_net_log15,Ascend910B3,20,external_v2_layout_tt,1280,1920,2560,fp16,1,1,20:144:144:2560:16:48:192:32:16:2:2:0:8:8:2:2:2:1:1:9:14:0:0,contract_global,0.0641928005219,1.00421754471515,1.00774896340915,within_noise,within_noise,1.0028631421566512
two_stage_feedback_net_log15,Ascend910B3,20,external_v2_layout_tt,1280,1920,2560,fp16,1,1,10:128:1920:192:32:32:32:12:18:2:3:1:6:6:2:2:2:5:1:2:1:2:2,contract_global,0.0636691999435,0.996026456576095,0.999529070589,within_noise,within_noise,1.0031684169254478
two_stage_feedback_net_log15,Ascend910B3,20,external_v2_layout_tt,1280,1920,2560,fp16,1,1,20:192:80:2560:32:16:448:1:1:1:1:1:1:1:2:1:1:7:1:1:24:1:0,contract_global,0.0639024019241,0.999674615219717,1.00319005830569,within_noise,within_noise,1.0027106872050608
two_stage_feedback_net_log15,Ascend910B3,20,external_v2_layout_tt,1280,1920,2560,fp16,1,1,20:96:192:960:32:32:160:36:12:3:2:0:6:6:1:1:1:1:2:14:9:1:2,contract_global,0.0636647987366,0.995957605091308,0.999459976992418,within_noise,within_noise,1.0016678730115327
two_stage_feedback_net_log15,Ascend910B3,20,external_v2_layout_tt,1280,1920,2560,fp16,1,1,20:256:64:2560:192:64:16:4:4:1:1:0:4:4:1:2:1:1:2:5:16:2:0,contract_global,0.0641440010071,1.00345413622442,1.00698287032599,within_noise,within_noise,1.00304905593544
two_stage_feedback_net_log15,Ascend910B3,20,external_v2_layout_tt,1280,1920,2560,fp16,1,1,20:48:320:2560:16:16:1024:6:6:1:2:1:3:3:1:1:1:1:2:27:4:0:0,contract_global,0.0642399978638,1.00495588917701,1.00848990432465,within_noise,within_noise,1.0018133135809544
two_stage_feedback_net_log15,Ascend910B3,20,external_v2_layout_tt,1280,1920,2560,fp16,1,1,20:32:480:2560:16:256:64:4:4:1:1:0:4:4:2:2:2:1:2:40:2:0:0,contract_global,0.0637304019928,0.996983887485086,1.00048986839255,within_noise,within_noise,1.002904073165569
two_stage_feedback_net_log15,Ascend910B3,20,external_v2_layout_tt,1280,1920,2560,fp16,1,1,20:32:384:2560:32:16:192:16:32:1:2:1:8:8:2:2:1:5:1:9:5:1:0,contract_global,0.0638180017471,0.998354278085242,1.00186507808664,within_noise,within_noise,1.0018758506695615
two_stage_feedback_net_log15,Ascend910B3,20,external_v2_layout_tt,1280,1920,2560,fp16,1,1,20:32:400:2560:32:400:32:2:2:1:1:1:1:1:2:2:1:40:1:1:5:2:0,contract_global,0.0641904020309,1.00418002326769,1.00771131001441,within_noise,within_noise,1.002043616942356
two_stage_feedback_net_log15,Ascend910B3,20,external_v2_bf16_aligned,2560,3584,5120,bf16,0,0,20:640:368:5120:32:128:64:4:4:4:2:1:1:1:2:1:1:4:3:1:4:0:0,runtime_rejected,0,3,3,runtime_rejected,runtime_rejected,3
two_stage_feedback_net_log15,Ascend910B3,20,external_v2_bf16_aligned,2560,3584,5120,bf16,0,0,20:320:720:5120:32:80:16:32:8:4:2:1:4:4:1:1:1:1:3:8:2:0:0,runtime_rejected,0,3,3,runtime_rejected,runtime_rejected,3
two_stage_feedback_net_log15,Ascend910B3,20,external_v2_bf16_aligned,2560,3584,5120,bf16,0,0,18:432:1200:5120:48:32:64:4:1:4:1:1:1:1:2:1:1:1:2:6:2:0:0,runtime_rejected,0,3,3,runtime_rejected,runtime_rejected,3
two_stage_feedback_net_log15,Ascend910B3,20,external_v2_bf16_aligned,2560,3584,5120,bf16,0,0,20:864:448:5120:64:32:112:4:4:2:2:1:1:1:1:1:1:3:8:1:1:0:0,runtime_rejected,0,3,3,runtime_rejected,runtime_rejected,3
two_stage_feedback_net_log15,Ascend910B3,20,external_v2_bf16_aligned,2560,3584,5120,bf16,0,0,20:320:1200:5120:32:16:320:2:2:1:2:0:1:1:1:2:1:1:2:8:2:0:0,runtime_rejected,0,3,3,runtime_rejected,runtime_rejected,3
two_stage_feedback_net_log15,Ascend910B3,20,external_v2_bf16_aligned,2560,3584,5120,bf16,0,0,20:432:720:5120:32:240:16:2:3:2:3:1:1:1:1:1:1:2:1:3:5:0:0,runtime_rejected,0,3,3,runtime_rejected,runtime_rejected,3
two_stage_feedback_net_log15,Ascend910B3,20,external_v2_bf16_aligned,2560,3584,5120,bf16,0,0,20:432:608:5120:48:16:80:4:16:1:4:0:2:2:1:2:1:1:1:6:6:0:0,runtime_rejected,0,3,3,runtime_rejected,runtime_rejected,3
two_stage_feedback_net_log15,Ascend910B3,20,external_v2_bf16_aligned,2560,3584,5120,bf16,0,0,20:368:208:5120:128:80:112:8:16:1:2:1:4:4:2:2:2:1:18:7:1:2:0,runtime_rejected,0,3,3,runtime_rejected,runtime_rejected,3
two_stage_feedback_net_log15,Ascend910B3,20,external_v2_bf16_aligned,2560,3584,5120,bf16,0,0,20:256:1792:5120:112:64:96:1:4:1:4:1:1:1:1:1:1:10:2:1:1:0:0,runtime_rejected,0,3,3,runtime_rejected,runtime_rejected,3
two_stage_feedback_net_log15,Ascend910B3,20,external_v2_bf16_aligned,2560,3584,5120,bf16,0,0,18:1280:400:5120:32:80:64:4:16:2:4:1:2:2:1:1:1:2:5:1:2:1:0,runtime_rejected,0,3,3,runtime_rejected,runtime_rejected,3
two_stage_feedback_net_log15,Ascend910B3,20,external_v2_bf16_aligned,2560,3584,5120,bf16,0,0,20:64:720:5120:64:80:32:1:8:1:4:0:1:1:1:2:1:40:2:1:4:2:0,runtime_rejected,0,3,3,runtime_rejected,runtime_rejected,3
two_stage_feedback_net_log15,Ascend910B3,20,external_v2_bf16_aligned,2560,3584,5120,bf16,0,0,13:2560:384:384:128:128:128:6:9:1:3:0:3:3:2:2:2:1:1:1:10:2:3,feedback_regression_counterfactual,1.11431716919,3.22738651147216,3.21903291119164,regressed,regressed,1.859972626629228
two_stage_feedback_net_log15,Ascend910B3,20,external_v2_bf16_aligned,2560,3584,5120,bf16,0,0,13:2560:384:384:128:128:128:6:9:1:3:0:3:3:2:2:2:1:1:1:10:1:3,feedback_regression_counterfactual,1.1195375824,3.24250634597892,3.23411361029192,regressed,regressed,1.866614399783923
two_stage_feedback_net_log15,Ascend910B3,20,external_v2_bf16_aligned,2560,3584,5120,bf16,0,0,13:2560:384:384:128:128:128:6:9:1:3:0:3:3:2:2:1:1:1:1:10:1:3,feedback_regression_counterfactual,1.75261672974,5.07608762544035,5.06294894282726,regressed,regressed,1.881797350777167
two_stage_feedback_net_log15,Ascend910B3,20,external_v2_bf16_aligned,2560,3584,5120,bf16,0,0,14:2560:384:384:128:128:128:6:9:1:3:0:3:3:2:2:2:1:1:1:10:0:3,feedback_regression_counterfactual,0.609564399719,1.76547573341133,1.76090606735309,regressed,regressed,1.9497867351290776
two_stage_feedback_net_log15,Ascend910B3,20,external_v2_bf16_aligned,2560,3584,5120,bf16,0,0,14:2560:384:384:128:128:128:6:9:1:3:0:3:3:2:2:1:1:1:1:10:2:3,feedback_regression_counterfactual,0.882520370483,2.55603558712924,2.54941967684563,regressed,regressed,1.968812761139234
two_stage_feedback_net_log15,Ascend910B3,20,external_v2_bf16_aligned,2560,3584,5120,bf16,0,0,14:2560:384:384:128:128:128:6:9:1:3:0:3:3:2:2:2:1:2:1:5:1:3,feedback_regression_counterfactual,0.612075195312,1.77274772746734,1.76815923895642,regressed,regressed,2.3602779498504134
two_stage_feedback_net_log15,Ascend910B3,20,external_v2_bf16_aligned,2560,3584,5120,bf16,0,0,20:640:96:16:80:48:16:3:4:3:2:1:1:1:1:2:1:1:1:4:38:1:2,contract_global,36.9876098633,107.126872370921,106.849590716354,regressed,regressed,2.6379960557762363
two_stage_feedback_net_log15,Ascend910B3,20,external_v2_bf16_aligned,2560,3584,5120,bf16,0,0,14:384:3584:384:128:128:128:9:6:3:1:1:3:3:2:2:2:1:1:7:1:0:3,contract_global,0.664758834839,1.92533486539037,1.92035142822458,regressed,regressed,2.714921987720643
two_stage_feedback_net_log15,Ascend910B3,20,external_v2_bf16_aligned,2560,3584,5120,bf16,0,0,20:640:96:48:80:48:16:9:6:3:2:1:3:3:1:2:1:1:1:4:38:0:2,contract_global,15.2886364746,44.2803364260014,44.1657234937845,regressed,regressed,3.342006011295418
two_stage_feedback_net_log15,Ascend910B3,20,external_v2_bf16_aligned,2560,3584,5120,bf16,0,0,8:2560:384:384:128:128:128:6:9:1:3:0:3:3:2:2:2:1:1:1:10:1:3,contract_global,1.11625640869,3.23300311290249,3.22463497489865,regressed,regressed,2.931296163194892
two_stage_feedback_net_log15,Ascend910B3,20,external_v2_bf16_aligned,2560,3584,5120,bf16,0,0,20:368:896:16:80:64:16:4:8:4:4:0:1:1:1:1:1:1:1:7:4:0:2,contract_global,22.8010253906,66.0383989656031,65.8674685900831,regressed,regressed,3.9460406046116105
two_stage_feedback_net_log15,Ascend910B3,20,external_v2_bf16_aligned,2560,3584,5120,bf16,0,0,20:640:96:96:80:48:16:36:12:3:2:0:6:6:1:2:1:1:1:4:38:1:2,contract_global,9.36234069824,27.1160607776392,27.0458749687219,regressed,regressed,3.9594524287908923
two_stage_feedback_net_log15,Ascend910B3,20,external_v2_bf16_aligned,2560,3584,5120,bf16,0,0,20:1280:368:3072:48:32:16:192:192:1:1:0:192:192:2:2:2:1:2:2:5:2:2,feedback_regression_counterfactual,11.8801977539,34.4085068817437,34.3194456825603,regressed,regressed,24.59718152084214
two_stage_feedback_net_log15,Ascend910B3,20,external_v2_bf16_odd,1023,1537,3073,bf16,0,0,20:256:320:3073:96:16:320:4:4:2:2:1:2:2:1:1:1:1:2:4:3:0:0,contract_global,0.154743204117,0.998600937159162,1.00048106451179,within_noise,within_noise,1.0010122278870701
two_stage_feedback_net_log15,Ascend910B3,20,external_v2_bf16_odd,1023,1537,3073,bf16,0,0,20:208:400:3073:32:16:128:4:8:1:2:0:2:2:1:2:1:1:2:5:3:0:0,contract_global,0.154603204727,0.997697482153607,0.99957590851989,within_noise,within_noise,1.000620694476218
two_stage_feedback_net_log15,Ascend910B3,20,external_v2_bf16_odd,1023,1537,3073,bf16,0,0,18:512:176:3073:96:16:256:8:16:1:2:1:4:4:1:1:1:2:1:1:9:0:0,contract_global,0.154728002548,0.998502837207345,1.00038277986036,within_noise,within_noise,1.000452433212879
two_stage_feedback_net_log15,Ascend910B3,20,external_v2_bf16_odd,1023,1537,3073,bf16,0,0,20:256:320:3073:64:32:32:8:8:1:2:1:4:4:2:1:1:1:3:4:2:0:0,contract_global,0.154801197052,0.99897518169997,1.00085601366468,within_noise,within_noise,1.000389423519559
two_stage_feedback_net_log15,Ascend910B3,20,external_v2_bf16_odd,1023,1537,3073,bf16,0,0,20:256:320:3073:48:48:32:2:4:1:2:1:2:2:1:1:1:4:5:1:1:0:0,contract_global,0.154824399948,0.999124916441934,1.00100603032083,within_noise,within_noise,1.0003496511034522
two_stage_feedback_net_log15,Ascend910B3,20,external_v2_bf16_odd,1023,1537,3073,bf16,0,0,18:512:176:3073:48:16:128:4:4:1:1:0:2:2:1:2:1:1:2:2:6:0:0,contract_global,0.154808797836,0.999024231673786,1.00090515598743,within_noise,within_noise,1.0004501494543698
two_stage_feedback_net_log15,Ascend910B3,20,external_v2_bf16_odd,1023,1537,3073,bf16,0,0,20:208:400:3073:112:32:32:4:4:1:2:0:2:2:1:2:1:1:2:5:3:0:0,contract_global,0.15478679657,0.998882251380013,1.00076290838351,within_noise,within_noise,1.0004351577608623
two_stage_feedback_net_log15,Ascend910B3,20,external_v2_bf16_odd,1023,1537,3073,bf16,0,0,18:352:272:3073:16:16:80:4:16:2:4:0:2:2:1:2:1:1:3:3:2:0:0,contract_global,0.154799995422,0.998967427248561,1.00084824461211,within_noise,within_noise,1.0004627999809261
two_stage_feedback_net_log15,Ascend910B3,20,external_v2_bf16_odd,1023,1537,3073,bf16,0,0,18:352:272:3073:16:48:48:32:8:4:2:1:4:4:2:2:2:1:3:3:2:0:0,contract_global,0.154929199219,0.99980121528322,1.00168360247612,within_noise,within_noise,1.0004238299120543
two_stage_feedback_net_log15,Ascend910B3,20,external_v2_bf16_odd,1023,1537,3073,bf16,0,0,14:512:224:3073:96:224:48:32:8:2:1:1:8:8:1:1:1:1:2:2:4:0:0,contract_global,0.154670000076,0.998128531122673,1.00000776904636,within_noise,within_noise,0.9999298618828867
two_stage_feedback_net_log15,Ascend910B3,20,external_v2_bf16_odd,1023,1537,3073,bf16,0,0,20:256:320:3073:48:48:16:16:16:1:2:1:8:8:2:1:1:1:2:4:3:0:0,contract_global,0.154681196213,0.998200782907039,1.00008015686461,within_noise,within_noise,1.0001452021483908
two_stage_feedback_net_log15,Ascend910B3,20,external_v2_bf16_odd,1023,1537,3073,bf16,0,0,18:176:528:3073:80:32:48:2:1:2:1:0:1:1:1:1:1:2:1:5:3:0:0,contract_global,0.15458439827,0.997576118855192,0.999454316722816,within_noise,within_noise,1.0004367250267037
two_stage_feedback_net_log15,Ascend910B3,20,external_v2_bf16_odd,1023,1537,3073,bf16,0,0,16:896:208:3073:896:16:16:2:1:1:1:0:1:1:2:1:1:1:2:2:4:0:0,contract_global,0.154699602127,0.998319561387266,1.0001991589794,within_noise,within_noise,0.999987330286424
two_stage_feedback_net_log15,Ascend910B3,20,external_v2_bf16_odd,1023,1537,3073,bf16,0,0,4:256:1552:3073:256:64:16:8:64:1:4:1:8:8:2:1:1:2:1:2:1:0:0,contract_global,0.154884004593,0.999509561797653,1.0013913998696,within_noise,within_noise,0.9998810304702088
two_stage_feedback_net_log15,Ascend910B3,20,external_v2_bf16_odd,1023,1537,3073,bf16,0,0,20:112:128:3073:16:32:256:2:1:1:1:1:1:1:2:2:1:1:7:10:2:0:0,contract_global,0.154727602005,0.998500252391253,1.00038019017764,within_noise,within_noise,1.0006764638513301
two_stage_feedback_net_log15,Ascend910B3,20,external_v2_bf16_odd,1023,1537,3073,bf16,0,0,20:64:208:3073:16:32:512:8:2:4:2:1:1:1:1:1:1:6:2:3:5:2:0,contract_global,0.154666795731,0.998107852588975,0.999987051587664,within_noise,within_noise,1.001018650885708
two_stage_feedback_net_log15,Ascend910B3,20,external_v2_bf16_odd,1023,1537,3073,bf16,0,0,20:80:160:3073:16:16:1024:2:1:1:1:0:1:1:2:2:2:1:3:13:4:0:0,contract_global,0.154943599701,0.999894145596341,1.00177670775688,within_noise,within_noise,1.0011444822633266
two_stage_feedback_net_log15,Ascend910B3,20,external_v2_bf16_odd,1023,1537,3073,bf16,0,0,20:48:272:3073:16:32:384:8:4:2:1:0:2:2:2:1:1:8:2:3:5:1:0,contract_global,0.154663600922,0.998087235599234,0.999966395779281,within_noise,within_noise,1.0007634573163227
two_stage_feedback_net_log15,Ascend910B3,20,external_v2_bf16_odd,1023,1537,3073,bf16,0,0,20:80:128:3073:80:16:96:2:1:1:1:0:1:1:2:2:2:1:13:13:1:2:0,contract_global,0.154890403748,0.999550857319793,1.00143277314685,within_noise,within_noise,1.000801771703265
two_stage_feedback_net_log15,Ascend910B3,20,external_v2_bf16_odd,1023,1537,3073,bf16,0,0,20:32:320:3073:32:64:80:16:32:1:4:0:8:8:2:1:1:5:1:7:5:2:0,contract_global,0.154776000977,0.998812584421949,1.00069311025308,within_noise,within_noise,1.0002040985804332
two_stage_feedback_net_log15,Ascend910B3,20,external_v2_bf16_odd,1023,1537,3073,bf16,0,0,20:32:320:3073:16:32:224:2:4:1:2:0:1:1:1:1:1:11:1:3:5:0:0,contract_global,0.15465760231,0.998048524891346,0.999927612180376,within_noise,within_noise,1.000790303428785
two_stage_feedback_net_log15,Ascend910B3,20,external_v2_bf16_odd,1023,1537,3073,bf16,0,0,6:384:784:128:96:48:16:32:64:4:4:1:8:8:1:1:1:3:1:1:2:0:2,contract_global,0.154711999893,0.998399567619697,1.00027931584456,within_noise,within_noise,0.9999850146061902
two_stage_feedback_net_log15,Ascend910B3,20,external_v2_bf16_odd,1023,1537,3073,bf16,0,0,20:208:320:112:16:48:112:1:1:1:1:1:1:1:2:1:1:1:3:5:2:1:2,contract_global,0.154676399231,0.998169826645975,1.00004914232285,within_noise,within_noise,1.0006618624715304
two_stage_feedback_net_log15,Ascend910B3,20,external_v2_bf16_odd,1023,1537,3073,bf16,0,0,20:288:64:192:96:16:32:36:24:3:2:0:6:6:1:1:1:1:2:4:22:1:2,contract_global,0.154961996078,1.00001286253844,1.00189564821005,within_noise,within_noise,1.0001341667798558
two_stage_feedback_net_log15,Ascend910B3,20,external_v2_fp32_nn,768,1280,1536,fp32,0,0,17:384:144:1536:96:48:16:16:4:4:1:1:2:2:2:2:1:1:9:2:1:1:0,feedback_winner_mutation,0.0513736009598,0.983256891035981,0.999463060498913,improved,within_noise,0.9995686854892734
two_stage_feedback_net_log15,Ascend910B3,20,external_v2_fp32_nn,768,1280,1536,fp32,0,0,19:32:192:1536:16:48:48:16:32:1:2:1:8:8:2:1:1:24:2:1:5:1:0,feedback_winner_mutation,0.0519664001465,0.994602677087769,1.01099584929477,within_noise,regressed,1.0010899526318628
two_stage_feedback_net_log15,Ascend910B3,20,external_v2_fp32_nn,768,1280,1536,fp32,0,0,3:384:1280:192:128:128:64:9:6:3:1:1:3:3:2:2:2:2:1:1:1:0:3,feedback_winner_mutation,0.052221198082,0.999479341776202,1.01595289181552,within_noise,regressed,0.9989060812119898
two_stage_feedback_net_log15,Ascend910B3,20,external_v2_fp32_nn,768,1280,1536,fp32,0,0,3:192:1280:128:192:16:16:8:8:1:1:0:8:8:1:2:1:2:1:3:1:0:2,feedback_winner_mutation,0.0516279983521,0.988125889590587,1.00441231053562,improved,within_noise,1.0034764218157557
two_stage_feedback_net_log15,Ascend910B3,20,external_v2_fp32_nn,768,1280,1536,fp32,0,0,20:768:64:1536:16:16:128:32:32:2:4:0:8:8:2:1:1:1:20:1:1:0:0,feedback_regression_counterfactual,0.051454000473,0.984795684766726,1.00102721683966,improved,within_noise,1.0073857460342641
two_stage_feedback_net_log15,Ascend910B3,20,external_v2_fp32_nn,768,1280,1536,fp32,0,0,8:192:640:192:48:64:64:12:12:4:4:0:3:3:1:1:1:4:2:1:1:0:2,feedback_regression_counterfactual,0.0513884019852,0.98354017291064,0.999751011470728,improved,within_noise,1.0045586352386648
two_stage_feedback_net_log15,Ascend910B3,20,external_v2_fp32_nn,768,1280,1536,fp32,0,0,8:192:640:192:48:64:64:12:12:4:4:0:3:3:1:1:1:2:2:2:1:2:2,feedback_regression_counterfactual,0.052356801033,1.00207469296317,1.0185910199184,within_noise,regressed,1.0048135676482095
two_stage_feedback_net_log15,Ascend910B3,20,external_v2_fp32_nn,768,1280,1536,fp32,0,0,8:192:640:192:48:64:64:12:12:4:4:0:3:3:1:1:2:4:2:1:1:2:2,feedback_regression_counterfactual,0.0522580003738,1.00018371340942,1.01666887299091,within_noise,regressed,1.005322811913731
two_stage_feedback_net_log15,Ascend910B3,20,external_v2_fp32_nn,768,1280,1536,fp32,0,0,3:336:1280:1536:336:16:16:16:8:1:1:0:8:8:1:1:1:3:1:1:1:0:0,feedback_regression_counterfactual,0.052242398262,0.999885099263696,1.01636533704833,within_noise,regressed,1.003712407705153
two_stage_feedback_net_log15,Ascend910B3,20,external_v2_fp32_nn,768,1280,1536,fp32,0,0,3:336:1280:1536:336:16:16:16:8:1:1:1:8:8:1:1:1:2:1:2:1:0:0,feedback_regression_counterfactual,0.0516332006454,0.988225458058538,1.00451352010406,improved,within_noise,1.003756456068318
two_stage_feedback_net_log15,Ascend910B3,20,external_v2_fp32_nn,768,1280,1536,fp32,0,0,5:384:1280:192:128:128:64:9:6:3:1:1:3:3:2:2:2:1:1:2:1:0:3,feedback_regression_counterfactual,0.0513392019272,0.982598516199069,0.998793834252702,improved,within_noise,0.9974072239985314
two_stage_feedback_net_log15,Ascend910B3,20,external_v2_fp32_nn,768,1280,1536,fp32,0,0,20:32:192:1536:16:48:48:16:32:1:2:0:8:8:2:1:1:12:2:2:5:1:0,feedback_regression_counterfactual,0.0522711992264,1.00043633075649,1.01692565401073,within_noise,regressed,1.0009559112258726
two_stage_feedback_net_log15,Ascend910B3,20,external_v2_fp32_nn,768,1280,1536,fp32,0,0,9:256:432:1536:256:64:64:4:8:1:4:0:2:2:1:2:1:1:2:3:2:0:0,contract_global,0.0513384008408,0.982583183933901,0.998778249270752,improved,within_noise,1.0027478287224711
two_stage_feedback_net_log15,Ascend910B3,20,external_v2_fp32_nn,768,1280,1536,fp32,0,0,10:80:1280:1488:16:16:48:31:62:1:1:1:31:31:2:2:1:5:1:2:1:2:2,contract_global,0.0516871976852,0.989258925843904,1.00556402163906,improved,within_noise,1.0068783063238267
two_stage_feedback_net_log15,Ascend910B3,20,external_v2_fp32_nn,768,1280,1536,fp32,0,0,20:32:1280:1536:16:16:16:4:2:2:2:0:1:1:2:1:1:8:1:3:1:0:0,contract_global,0.0513280010223,0.982384138258588,0.998575922897734,improved,within_noise,1.0046759784479047
two_stage_feedback_net_log15,Ascend910B3,20,external_v2_fp32_nn,768,1280,1536,fp32,0,0,20:128:160:576:32:32:48:12:12:1:1:0:12:12:2:2:2:1:4:6:2:2:2,contract_global,0.0524327993393,1.00352925049771,1.02006955166164,within_noise,regressed,1.002123077084416
two_stage_feedback_net_log15,Ascend910B3,20,external_v2_fp32_nn,768,1280,1536,fp32,0,0,20:224:32:1536:224:16:32:2:1:1:1:0:1:1:2:1:1:1:4:4:11:1:0,contract_global,0.0522452020645,0.999938762200298,1.01641988446156,within_noise,regressed,0.9995363710065492
two_stage_feedback_net_log15,Ascend910B3,20,external_v2_fp32_nn,768,1280,1536,fp32,0,0,20:32:192:1536:16:16:384:2:1:2:1:1:1:1:1:2:1:1:1:24:7:1:0,contract_global,0.0514752006531,0.985201442255883,1.00143966207329,improved,within_noise,1.0020295560975259
two_stage_feedback_net_log15,Ascend910B3,20,external_v2_fp32_nn,768,1280,1536,fp32,0,0,20:96:224:128:64:80:16:16:8:1:1:0:8:8:2:1:1:1:2:8:5:1:2,contract_global,0.0522692012787,1.00039809135266,1.01688678433988,within_noise,regressed,1.0005140399710157
two_stage_feedback_net_log15,Ascend910B3,20,external_v2_fp32_nn,768,1280,1536,fp32,0,0,12:64:1280:80:16:16:80:6:4:3:2:1:1:1:1:1:1:12:1:1:1:2:2,contract_global,0.0517095994949,0.98968768172725,1.00599984433499,improved,within_noise,1.0049890987240688
two_stage_feedback_net_log15,Ascend910B3,20,external_v2_fp32_nn,768,1280,1536,fp32,0,0,2:384:1280:128:96:32:16:32:64:4:4:1:8:8:2:1:1:2:1:1:1:1:2,contract_global,0.051360001564,0.98299660755019,0.999198486998415,improved,within_noise,1.0043916720306378
two_stage_feedback_net_log15,Ascend910B3,20,external_v2_fp32_nn,768,1280,1536,fp32,0,0,4:384:640:48:96:80:16:24:12:4:4:0:3:3:1:2:1:2:2:1:1:1:2,contract_global,0.0522743988037,1.00049756855835,1.01698790114279,within_noise,regressed,0.9989204684591779
two_stage_feedback_net_log15,Ascend910B3,20,external_v2_fp32_nn,768,1280,1536,fp32,0,0,20:336:80:48:112:32:16:18:12:3:2:1:3:3:1:1:1:1:8:3:2:1:2,contract_global,0.0518255996704,0.991907848693401,1.00825660438808,within_noise,within_noise,0.9941097826798913
two_stage_feedback_net_log15,Ascend910B3,20,external_v2_fp32_nn,768,1280,1536,fp32,0,0,4:192:1280:16:192:16:16:1:2:1:1:1:1:1:1:2:1:2:1:3:1:1:2,contract_global,0.0523731994629,1.0023885481125,1.01891004806985,within_noise,regressed,1.0018785141644408
two_stage_feedback_net_log15,Ascend910B3,20,external_v2_fp32_nt,32,352,5120,fp32,0,1,16:16:48:5120:16:16:96:8:12:1:3:1:4:4:2:1:1:1:2:2:7:1:0,feedback_winner_mutation,0.0408092021942,0.979841055799005,0.991776020165951,improved,within_noise,0.9945842722065398
two_stage_feedback_net_log15,Ascend910B3,20,external_v2_fp32_nt,32,352,5120,fp32,0,1,7:64:64:480:16:16:160:24:24:4:4:0:3:3:1:1:1:1:1:1:6:0:2,feedback_winner_mutation,0.0416588020325,1.00024020005621,1.01242363641864,within_noise,regressed,0.9956582550620445
two_stage_feedback_net_log15,Ascend910B3,20,external_v2_fp32_nt,32,352,5120,fp32,0,1,20:416:16:5120:416:16:16:4:4:1:1:0:2:2:1:2:2:1:3:1:9:2:0,feedback_winner_mutation,0.041751999855,1.00247790743244,1.01468860021401,within_noise,regressed,0.9940294643771725
two_stage_feedback_net_log15,Ascend910B3,20,external_v2_fp32_nt,32,352,5120,fp32,0,1,20:416:16:5120:416:16:16:4:4:1:1:0:2:2:1:2:1:1:3:1:9:0:0,feedback_winner_mutation,0.0416535997391,1.00011529144759,1.01229720635898,within_noise,regressed,0.994113171053534
two_stage_feedback_net_log15,Ascend910B3,20,external_v2_fp32_nt,32,352,5120,fp32,0,1,19:416:16:5120:416:16:16:4:4:1:1:1:2:2:1:2:1:1:3:1:9:2:0,feedback_winner_mutation,0.0408368015289,0.980503724017298,0.992446760026902,improved,within_noise,0.9942739587543411
two_stage_feedback_net_log15,Ascend910B3,20,external_v2_fp32_nt,32,352,5120,fp32,0,1,1:192:352:24:192:16:8:3:3:1:1:0:3:3:1:1:1:1:1:1:1:2:2,feedback_winner_mutation,0.0407583999634,0.978621279160663,0.990541386027247,improved,within_noise,0.9961188250894872
two_stage_feedback_net_log15,Ascend910B3,20,external_v2_fp32_nt,32,352,5120,fp32,0,1,1:192:352:24:192:16:8:3:3:1:1:1:3:3:1:1:2:1:1:1:1:2:2,feedback_winner_mutation,0.0410200023651,0.984902430466103,0.996899044963435,improved,within_noise,0.9982541940041147
two_stage_feedback_net_log15,Ascend910B3,20,external_v2_fp32_nt,32,352,5120,fp32,0,1,6:640:64:8:160:16:8:8:8:4:4:0:1:1:1:2:2:1:2:1:4:0:2,feedback_winner_mutation,0.0416364002228,0.999702325956221,1.01187921073809,within_noise,regressed,0.9968769644618802
two_stage_feedback_net_log15,Ascend910B3,20,external_v2_fp32_nt,32,352,5120,fp32,0,1,16:16:48:5120:16:16:256:8:8:1:2:0:4:4:1:2:1:1:1:2:8:0:0,feedback_regression_counterfactual,0.0414139986038,0.994362397080032,1.006474238802,within_noise,within_noise,0.9928054461628791
two_stage_feedback_net_log15,Ascend910B3,20,external_v2_fp32_nt,32,352,5120,fp32,0,1,16:16:48:5120:16:16:96:8:12:1:3:0:4:4:2:1:2:1:1:2:8:1:0,feedback_regression_counterfactual,0.040886797905,0.981704151844267,0.993661809672705,improved,within_noise,0.9942193932370866
two_stage_feedback_net_log15,Ascend910B3,20,external_v2_fp32_nt,32,352,5120,fp32,0,1,16:16:48:5120:16:16:256:8:8:1:2:0:4:4:1:2:1:1:2:2:4:1:0,feedback_regression_counterfactual,0.0416724014282,1.00056672558297,1.01275413919306,within_noise,regressed,0.9982000986573619
two_stage_feedback_net_log15,Ascend910B3,20,external_v2_fp32_nt,32,352,5120,fp32,0,1,16:16:48:5120:16:16:256:8:8:1:2:0:4:4:1:2:2:1:2:2:4:0:0,feedback_regression_counterfactual,0.0407768011093,0.979063096131311,0.990988584560019,improved,within_noise,0.998231671908824
two_stage_feedback_net_log15,Ascend910B3,20,external_v2_fp32_nt,32,352,5120,fp32,0,1,20:96:16:5120:96:16:112:1:2:1:1:0:1:1:1:1:1:1:2:1:13:0:0,contract_global,0.0416864013672,1.00090286827279,1.01309437627245,within_noise,regressed,0.9950265066751236
two_stage_feedback_net_log15,Ascend910B3,20,external_v2_fp32_nt,32,352,5120,fp32,0,1,2:32:176:5120:32:16:64:16:32:1:2:0:8:8:1:2:1:1:1:1:2:0:0,contract_global,0.0408404016495,0.980590163983265,0.992534252871398,improved,within_noise,1.0016516552191082
two_stage_feedback_net_log15,Ascend910B3,20,external_v2_fp32_nt,32,352,5120,fp32,0,1,11:192:32:5120:192:32:32:8:16:1:1:1:8:8:1:2:1:1:2:1:6:0:0,contract_global,0.0416563987732,1.00018249708711,1.01236523059777,within_noise,regressed,1.0014439634900258
two_stage_feedback_net_log15,Ascend910B3,20,external_v2_fp32_nt,32,352,5120,fp32,0,1,3:64:128:5120:64:64:32:16:32:1:2:0:8:8:1:1:1:1:1:1:3:0:0,contract_global,0.041423997879,0.994602482643877,1.00671724873201,within_noise,within_noise,1.0050318114017507
two_stage_feedback_net_log15,Ascend910B3,20,external_v2_fp32_nt,32,352,5120,fp32,0,1,1:32:352:160:32:32:40:8:8:1:1:0:4:4:2:2:1:1:1:1:1:2:2,contract_global,0.0414120006561,0.994314425765779,1.00642568317051,within_noise,within_noise,0.9986865470998963
two_stage_feedback_net_log15,Ascend910B3,20,external_v2_fp32_nt,32,352,5120,fp32,0,1,1:48:352:72:48:64:24:3:3:1:1:1:3:3:2:2:2:1:1:1:1:2:2,contract_global,0.0407547998428,0.978534839198539,0.990453893178924,improved,within_noise,0.9957963277625611
two_stage_feedback_net_log15,Ascend910B3,20,external_v2_fp32_nt,32,352,5120,fp32,0,1,6:192:64:384:48:16:24:64:64:4:4:1:16:16:1:2:1:1:2:1:5:1:2,contract_global,0.0416735982895,1.00059546257767,1.01278322621847,within_noise,regressed,0.9991331445749394
two_stage_feedback_net_log15,Ascend910B3,20,external_v2_fp32_nt,32,352,5120,fp32,0,1,20:336:16:5120:336:16:24:4:2:1:1:1:2:2:2:2:1:1:22:1:1:0:0,contract_global,0.0416699981689,1.0005090226132,1.01269573337249,within_noise,regressed,1.000060966434288
two_stage_feedback_net_log15,Ascend910B3,20,external_v2_fp32_nt,32,352,5120,fp32,0,1,5:32:80:8:32:32:8:1:1:1:1:1:1:1:2:2:2:1:3:1:2:0:2,contract_global,0.0416476011276,0.999971263005839,1.01215142357691,within_noise,regressed,1.0049251690601089
two_stage_feedback_net_log15,Ascend910B3,20,external_v2_fp32_nt,32,352,5120,fp32,0,1,1:48:352:128:48:48:8:32:32:1:1:0:16:16:1:1:1:1:1:1:1:1:2,contract_global,0.0408008003235,0.979639324393475,0.991571831568541,improved,within_noise,1.0036307026081093
two_stage_feedback_net_log15,Ascend910B3,20,external_v2_fp32_nt,32,352,5120,fp32,0,1,1:48:352:16:16:160:8:12:8:3:2:0:2:2:2:1:1:1:1:1:1:2:2,contract_global,0.0410056018829,0.98455667061408,0.996549073572237,improved,within_noise,1.0034880193514917
two_stage_feedback_net_log15,Ascend910B3,20,external_v2_fp32_nt,32,352,5120,fp32,0,1,6:640:64:48:160:16:8:24:24:4:4:1:6:6:1:2:1:1:1:1:6:1:2,contract_global,0.0416415977478,0.999827120072637,1.0120055249113,within_noise,regressed,0.9943747479438311
two_stage_feedback_net_log15,Ascend910B3,20,external_v2_fp32_tn,640,960,1280,fp32,1,0,20:112:128:1280:48:128:128:1:1:1:1:1:1:1:2:1:1:6:2:1:5:1:0,feedback_winner_mutation,0.0341088008881,0.990866619427683,1.0096021200554,within_noise,within_noise,0.9982410302525201
two_stage_feedback_net_log15,Ascend910B3,20,external_v2_fp32_tn,640,960,1280,fp32,1,0,20:112:128:1280:48:128:128:1:1:1:1:0:1:1:2:1:2:6:2:1:5:1:0,feedback_winner_mutation,0.0344151997566,0.999767560040896,1.0186713613995,within_noise,regressed,0.9993029739308712
two_stage_feedback_net_log15,Ascend910B3,20,external_v2_fp32_tn,640,960,1280,fp32,1,0,8:80:960:1280:80:96:16:8:64:1:4:0:8:8:2:2:2:8:1:1:1:1:0,feedback_winner_mutation,0.0334868001938,0.972797390688564,0.99119123478929,improved,within_noise,1.0051410129114837
two_stage_feedback_net_log15,Ascend910B3,20,external_v2_fp32_tn,640,960,1280,fp32,1,0,8:80:960:1280:80:96:16:8:64:1:4:0:8:8:2:2:2:4:1:2:1:0:0,feedback_winner_mutation,0.0334459996223,0.971612126961939,0.989983559870781,improved,improved,1.005819256014875
two_stage_feedback_net_log15,Ascend910B3,20,external_v2_fp32_tn,640,960,1280,fp32,1,0,20:32:320:1280:32:16:160:4:4:1:1:1:4:4:2:2:2:1:1:20:3:0:0,feedback_winner_mutation,0.0334703993797,0.972320944174312,0.990705779534326,improved,within_noise,1.002080839043882
two_stage_feedback_net_log15,Ascend910B3,20,external_v2_fp32_tn,640,960,1280,fp32,1,0,20:32:320:1280:32:16:160:4:4:1:1:1:4:4:2:2:1:1:1:20:3:1:0,feedback_winner_mutation,0.0334552001953,0.971879405219861,0.990255891867171,improved,within_noise,1.0021894044219468
two_stage_feedback_net_log15,Ascend910B3,20,external_v2_fp32_tn,640,960,1280,fp32,1,0,8:80:960:1280:80:96:16:8:64:1:4:0:8:8:2:2:1:8:1:1:1:0:0,feedback_winner_mutation,0.0343788003922,0.998710152146187,1.01759395983465,within_noise,regressed,1.007075281326133
two_stage_feedback_net_log15,Ascend910B3,20,external_v2_fp32_tn,640,960,1280,fp32,1,0,20:32:320:1280:32:16:160:4:4:1:1:0:4:4:2:2:1:1:1:20:3:0:0,feedback_winner_mutation,0.0344156002998,0.999779195885225,1.01868321726172,within_noise,regressed,1.0025402957529068
two_stage_feedback_net_log15,Ascend910B3,20,external_v2_fp32_tn,640,960,1280,fp32,1,0,8:592:240:1280:592:32:16:1:1:1:1:1:1:1:1:1:1:1:1:2:4:0:0,feedback_winner_mutation,0.0345444011688,1.00352088361551,1.02249565355463,within_noise,regressed,1.0052092680655558
two_stage_feedback_net_log15,Ascend910B3,20,external_v2_fp32_tn,640,960,1280,fp32,1,0,8:592:240:1280:592:32:16:1:1:1:1:0:1:1:1:1:1:1:1:2:4:1:0,feedback_winner_mutation,0.0334852004051,0.972750916544406,0.991143881906713,improved,within_noise,1.0052154743335582
two_stage_feedback_net_log15,Ascend910B3,20,external_v2_fp32_tn,640,960,1280,fp32,1,0,20:32:160:1280:32:32:256:5:10:1:1:1:5:5:2:2:1:20:2:1:5:1:0,feedback_winner_mutation,0.0334836006165,0.97270444241252,0.991096529029913,improved,within_noise,0.9982857464381832
two_stage_feedback_net_log15,Ascend910B3,20,external_v2_fp32_tn,640,960,1280,fp32,1,0,20:32:160:1280:32:32:256:5:10:1:1:0:5:5:2:2:1:20:2:1:5:0:0,feedback_winner_mutation,0.0334915995598,0.972936813112613,0.99133329343573,improved,within_noise,0.9990067724271083
two_stage_feedback_net_log15,Ascend910B3,20,external_v2_fp32_tn,640,960,1280,fp32,1,0,14:96:480:256:48:16:64:4:4:1:1:0:4:4:1:1:1:7:1:1:2:0:2,contract_global,0.0334728002548,0.972390690016713,0.990776844140251,improved,within_noise,1.0018606031595718
two_stage_feedback_net_log15,Ascend910B3,20,external_v2_fp32_tn,640,960,1280,fp32,1,0,20:48:144:1216:48:32:64:19:19:1:1:1:19:19:1:1:1:3:2:5:6:0:2,contract_global,0.0344047999382,0.99946544350348,1.01836353238086,within_noise,regressed,1.002011329764406
two_stage_feedback_net_log15,Ascend910B3,20,external_v2_fp32_tn,640,960,1280,fp32,1,0,3:288:960:256:96:32:16:48:32:3:2:0:16:16:2:2:2:2:1:2:1:0:2,contract_global,0.034073600769,0.989844049820213,1.00856021550407,improved,within_noise,1.0053584325870877
two_stage_feedback_net_log15,Ascend910B3,20,external_v2_fp32_tn,640,960,1280,fp32,1,0,20:224:64:240:16:16:80:9:12:3:2:1:3:3:2:1:1:2:5:2:3:2:2,contract_global,0.0335843992233,0.975632659535884,0.994080113454936,improved,within_noise,1.007979510045659
two_stage_feedback_net_log15,Ascend910B3,20,external_v2_fp32_tn,640,960,1280,fp32,1,0,20:112:80:160:112:32:16:10:20:1:1:0:10:10:1:2:1:6:2:1:9:2:2,contract_global,0.0344011998177,0.999360859371999,1.018256970755,within_noise,regressed,1.0018512502760453
two_stage_feedback_net_log15,Ascend910B3,20,external_v2_fp32_tn,640,960,1280,fp32,1,0,4:640:256:96:32:64:48:8:8:4:4:1:2:2:2:1:1:1:1:1:4:1:2,contract_global,0.0338059997559,0.982070193686802,1.00063936976549,improved,within_noise,1.0081547678093585
two_stage_feedback_net_log15,Ascend910B3,20,external_v2_fp32_tn,640,960,1280,fp32,1,0,20:256:64:96:64:16:16:48:24:4:4:1:6:6:2:2:2:1:8:3:2:2:2,contract_global,0.0344232010841,1,1.01890819638054,within_noise,regressed,1.0073891997076216
two_stage_feedback_net_log15,Ascend910B3,20,external_v2_fp32_tn,640,960,1280,fp32,1,0,3:288:960:64:144:32:16:8:12:2:3:1:4:4:1:2:1:2:1:2:1:2:2,contract_global,0.0334999990463,0.973180819658322,0.991581913711873,improved,within_noise,1.0080670972911983
two_stage_feedback_net_log15,Ascend910B3,20,external_v2_fp32_tn,640,960,1280,fp32,1,0,20:96:48:96:80:48:16:6:6:1:1:0:6:6:2:1:1:1:4:7:6:1:2,contract_global,0.0334396004677,0.971426230412368,0.989794148344529,improved,improved,1.0035556159710375
two_stage_feedback_net_log15,Ascend910B3,20,external_v2_fp32_tn,640,960,1280,fp32,1,0,4:320:768:48:16:192:16:12:24:4:4:0:3:3:2:1:1:2:1:1:2:0:2,contract_global,0.0341039991379,0.990727127751238,1.00945999083723,within_noise,within_noise,1.0131980078220972
two_stage_feedback_net_log15,Ascend910B3,20,external_v2_fp32_tn,640,960,1280,fp32,1,0,4:640:256:16:80:64:16:8:8:4:4:0:1:1:1:1:1:1:4:1:1:1:2,contract_global,0.0335068011284,0.973378421333018,0.991783251672489,improved,within_noise,1.0120597486415226
two_stage_feedback_net_log15,Ascend910B3,20,external_v2_fp32_tn,640,960,1280,fp32,1,0,20:96:80:32:96:80:16:4:4:1:1:0:2:2:2:2:1:2:2:5:7:0:2,contract_global,0.0343472003937,0.997792166673955,1.01665861691234,within_noise,regressed,1.0099506916266354
two_stage_feedback_net_log15,Ascend910B3,20,external_v2_fp32_tt,384,640,768,fp32,1,1,20:80:160:512:32:48:64:16:24:2:3:0:8:8:2:1:2:1:1:5:4:0:2,feedback_regression_counterfactual,0.0182159996033,0.987038851405712,0.95819215842145,improved,improved,1.0117512857443256
two_stage_feedback_net_log15,Ascend910B3,20,external_v2_fp32_tt,384,640,768,fp32,1,1,20:80:160:384:32:48:64:12:18:2:3:0:6:6:2:1:1:1:2:5:2:2:2,feedback_regression_counterfactual,0.0190579998493,1.03266286182887,1.00248278482697,regressed,within_noise,1.0159307161394886
two_stage_feedback_net_log15,Ascend910B3,20,external_v2_fp32_tt,384,640,768,fp32,1,1,18:80:160:384:32:48:64:12:18:2:3:1:6:6:2:1:2:1:2:5:2:0:2,feedback_regression_counterfactual,0.0188608002663,1.02197754923891,0.992109755726021,regressed,within_noise,1.0199575105197787
two_stage_feedback_net_log15,Ascend910B3,20,external_v2_fp32_tt,384,640,768,fp32,1,1,3:1024:224:768:1024:32:16:1:4:1:2:0:1:1:1:1:1:1:3:1:1:0:0,feedback_regression_counterfactual,0.0192007994652,1.04040049752934,1.00999428434165,regressed,within_noise,1.0067759473924534
two_stage_feedback_net_log15,Ascend910B3,20,external_v2_fp32_tt,384,640,768,fp32,1,1,20:96:32:768:32:32:48:48:16:3:1:0:8:8:2:2:1:4:2:1:10:0:0,feedback_regression_counterfactual,0.0182783997059,0.990420017796351,0.961474508562297,within_noise,improved,1.019353042675112
two_stage_feedback_net_log15,Ascend910B3,20,external_v2_fp32_tt,384,640,768,fp32,1,1,20:96:32:768:32:32:48:48:16:3:1:1:8:8:2:2:2:4:2:1:10:0:0,feedback_regression_counterfactual,0.0190532004833,1.03240280688771,1.00223033011863,regressed,within_noise,1.0200818748355867
two_stage_feedback_net_log15,Ascend910B3,20,external_v2_fp32_tt,384,640,768,fp32,1,1,20:96:32:768:32:32:48:48:16:3:1:1:8:8:2:2:1:4:2:1:10:1:0,feedback_regression_counterfactual,0.0184355998039,0.998937947504724,0.96974349760914,within_noise,improved,1.0212216713401594
two_stage_feedback_net_log15,Ascend910B3,20,external_v2_fp32_tt,384,640,768,fp32,1,1,3:1024:224:768:1024:32:16:1:4:1:2:1:1:1:1:1:1:1:3:1:1:1:0,feedback_regression_counterfactual,0.0182895994186,0.991026877251842,0.962063632251246,within_noise,improved,1.0091325199362553
two_stage_feedback_net_log15,Ascend910B3,20,external_v2_fp32_tt,384,640,768,fp32,1,1,19:144:16:768:144:16:16:2:2:1:1:0:1:1:1:2:1:1:14:3:3:0:0,feedback_regression_counterfactual,0.0182280004025,0.987689117953249,0.958823420603975,improved,improved,1.0141335062357917
two_stage_feedback_net_log15,Ascend910B3,20,external_v2_fp32_tt,384,640,768,fp32,1,1,19:144:16:768:144:16:16:2:2:1:1:1:1:1:1:2:1:1:14:3:3:1:0,feedback_regression_counterfactual,0.019153200388,1.03782132869368,1.00749049297696,regressed,within_noise,1.014832095118113
two_stage_feedback_net_log15,Ascend910B3,20,external_v2_fp32_tt,384,640,768,fp32,1,1,2:128:640:768:128:64:48:2:4:1:1:1:2:2:2:2:2:3:1:1:1:1:0,feedback_regression_counterfactual,0.0182091999054,0.986670407945884,0.957834482897784,improved,improved,1.0212021137440273
two_stage_feedback_net_log15,Ascend910B3,20,external_v2_fp32_tt,384,640,768,fp32,1,1,3:128:640:48:64:64:16:6:9:2:3:1:3:3:2:2:2:3:1:1:1:2:2,feedback_regression_counterfactual,0.0191131997108,1.03565388121176,1.0053863902063,regressed,within_noise,1.035321938681319
two_stage_feedback_net_log15,Ascend910B3,20,external_v2_fp32_tt,384,640,768,fp32,1,1,16:192:80:576:64:16:48:36:24:3:2:0:12:12:1:2:1:2:1:1:8:1:2,contract_global,0.0184415996075,0.999263048478077,0.970059097353152,within_noise,improved,1.0108141036642895
two_stage_feedback_net_log15,Ascend910B3,20,external_v2_fp32_tt,384,640,768,fp32,1,1,14:192:96:768:80:96:32:32:16:2:1:1:8:8:1:2:1:1:2:2:4:0:0,contract_global,0.0189504003525,1.02683255407482,0.99682287066346,regressed,within_noise,1.0126939834787603
two_stage_feedback_net_log15,Ascend910B3,20,external_v2_fp32_tt,384,640,768,fp32,1,1,4:384:176:768:64:176:16:8:16:1:1:0:8:8:2:2:1:1:1:1:4:0:0,contract_global,0.0191224002838,1.03615241674092,1.00587035579096,regressed,within_noise,1.0033249196091583
two_stage_feedback_net_log15,Ascend910B3,20,external_v2_fp32_tt,384,640,768,fp32,1,1,4:368:320:768:368:64:16:16:32:1:2:1:8:8:1:2:1:1:2:2:1:0:0,contract_global,0.0190304005146,1.03116738443466,1.00103101349099,regressed,within_noise,1.0070697903094508
two_stage_feedback_net_log15,Ascend910B3,20,external_v2_fp32_tt,384,640,768,fp32,1,1,20:288:32:192:96:16:16:72:48:3:2:0:12:12:1:2:1:1:1:2:20:0:2,contract_global,0.018217600584,0.987125600984991,0.958276372694584,improved,improved,1.006699015255209
two_stage_feedback_net_log15,Ascend910B3,20,external_v2_fp32_tt,384,640,768,fp32,1,1,3:128:640:256:32:16:64:16:16:4:4:1:4:4:1:1:1:3:1:1:1:2:2,contract_global,0.0190199995041,1.03060380287482,1.00048390287874,regressed,within_noise,1.0229979154790316
two_stage_feedback_net_log15,Ascend910B3,20,external_v2_fp32_tt,384,640,768,fp32,1,1,20:16:112:768:16:80:192:2:1:1:1:0:1:1:1:1:1:1:3:24:2:0:0,contract_global,0.018231600523,0.987884191452822,0.959012792979704,improved,improved,1.022634191370412
two_stage_feedback_net_log15,Ascend910B3,20,external_v2_fp32_tt,384,640,768,fp32,1,1,2:192:640:128:64:80:16:24:32:3:2:0:8:8:2:2:1:2:1:1:1:0:2,contract_global,0.0181879997253,0.985521670469695,0.956719317831468,improved,improved,1.024485253689098
two_stage_feedback_net_log15,Ascend910B3,20,external_v2_fp32_tt,384,640,768,fp32,1,1,20:96:32:144:32:32:48:6:6:1:1:1:3:3:2:2:2:1:2:4:19:1:2,contract_global,0.0182115995884,0.986800435417194,0.957960710250336,within_noise,improved,1.0258487190264778
two_stage_feedback_net_log15,Ascend910B3,20,external_v2_fp32_tt,384,640,768,fp32,1,1,4:96:768:32:16:192:16:8:16:4:4:1:2:2:2:1:1:4:1:1:1:0:2,contract_global,0.01901720047,1.03045213645801,1.00033666898586,regressed,within_noise,1.0257909844326054
two_stage_feedback_net_log15,Ascend910B3,20,external_v2_fp32_tt,384,640,768,fp32,1,1,4:384:192:64:96:48:16:32:32:4:4:1:4:4:1:2:1:1:4:1:1:2:2,contract_global,0.0182172000408,0.987103897435416,0.958255303443645,improved,improved,1.0359041140600667
two_stage_feedback_net_log15,Ascend910B3,20,external_v2_fp32_tt,384,640,768,fp32,1,1,20:96:32:48:64:32:48:1:2:1:1:1:1:1:1:2:1:1:2:4:19:0:2,contract_global,0.0190436005592,1.031882632411,1.00172535799591,regressed,within_noise,1.0321571843982162
two_stage_feedback_net_log15,Ascend910B3,20,external_v2_template_al1,16,304,5120,fp32,0,1,19:16:16:5120:16:16:160:1:1:1:1:1:1:1:1:1:1:1:2:1:12:0:0,feedback_winner_mutation,0.0139639997482,1.0676167001597,1.05226671390129,regressed,regressed,1.012402253745861
two_stage_feedback_net_log15,Ascend910B3,20,external_v2_template_al1,16,304,5120,fp32,0,1,18:16:16:5120:16:16:160:1:1:1:1:1:1:1:2:2:1:1:4:1:6:1:0,feedback_regression_counterfactual,0.0139395999908,1.06575121828131,1.05042805356001,regressed,regressed,1.006091465557884
two_stage_feedback_net_log15,Ascend910B3,20,external_v2_template_al1,16,304,5120,fp32,0,1,19:16:16:5120:16:16:160:1:1:1:1:1:1:1:1:1:2:1:4:1:6:1:0,feedback_regression_counterfactual,0.0134200000763,1.02602524032884,1.01127324802859,regressed,within_noise,1.0122154558524012
two_stage_feedback_net_log15,Ascend910B3,20,external_v2_template_al1,16,304,5120,fp32,0,1,19:16:16:5120:16:16:160:1:1:1:1:0:1:1:2:2:2:1:2:1:12:0:0,feedback_regression_counterfactual,0.0139216005802,1.06437507450411,1.04907169571191,regressed,regressed,1.0147080875751258
two_stage_feedback_net_log15,Ascend910B3,20,external_v2_template_al1,16,304,5120,fp32,0,1,19:16:16:5120:16:16:160:1:1:1:1:1:1:1:2:2:2:1:4:1:6:2:0,feedback_regression_counterfactual,0.0131296002865,1.00382274312862,0.98938997403816,within_noise,within_noise,1.0156112810267264
two_stage_feedback_net_log15,Ascend910B3,20,external_v2_template_al1,16,304,5120,fp32,0,1,19:80:16:5120:80:16:8:1:1:1:1:0:1:1:1:1:1:1:10:1:2:0:0,feedback_regression_counterfactual,0.0138279998302,1.05721883519992,1.04201834743126,regressed,regressed,1.0111352358437136
two_stage_feedback_net_log15,Ascend910B3,20,external_v2_template_al1,16,304,5120,fp32,0,1,19:80:16:5120:80:16:8:1:1:1:1:1:1:1:1:1:2:1:10:1:2:0:0,feedback_regression_counterfactual,0.0130048000813,0.994281151490307,0.979985569554515,within_noise,improved,1.0124430287333712
two_stage_feedback_net_log15,Ascend910B3,20,external_v2_template_al1,16,304,5120,fp32,0,1,9:128:32:5120:128:16:8:4:8:1:2:0:2:2:2:2:1:1:3:1:4:0:0,feedback_regression_counterfactual,0.0129491996765,0.990030226129699,0.975795763171293,within_noise,improved,1.0010355375546514
two_stage_feedback_net_log15,Ascend910B3,20,external_v2_template_al1,16,304,5120,fp32,0,1,19:16:16:5120:16:16:640:8:1:1:1:0:8:1:1:1:1:1:1:1:19:1:10,feedback_regression_counterfactual,0.0140491998196,1.07413066612368,1.05868702332269,regressed,regressed,1.0325833889316545
two_stage_feedback_net_log15,Ascend910B3,20,external_v2_template_al1,16,304,5120,fp32,0,1,10:128:32:5120:128:16:8:4:8:1:2:0:2:2:2:2:2:1:10:1:1:1:0,feedback_regression_counterfactual,0.0135371994972,1.03498571449508,1.0201048902316,regressed,regressed,1.007651285857612
two_stage_feedback_net_log15,Ascend910B3,20,external_v2_template_al1,16,304,5120,fp32,0,1,18:128:16:5120:128:16:56:16:16:1:1:1:8:8:2:2:2:1:19:1:1:1:0,feedback_regression_counterfactual,0.013252799511,1.01324193189226,0.998673735523429,within_noise,within_noise,1.0168348829700604
two_stage_feedback_net_log15,Ascend910B3,20,external_v2_template_al1,16,304,5120,fp32,0,1,1:16:304:5120:16:16:1024:1:4:1:4:0:1:1:1:1:1:1:1:1:1:1:0,feedback_regression_counterfactual,0.0139260005951,1.06471147735922,1.04940326183273,regressed,regressed,1.0254083120697783
two_stage_feedback_net_log15,Ascend910B3,20,external_v2_template_al1,16,304,5120,fp32,0,1,10:112:32:5120:112:16:128:1:1:1:1:0:1:1:1:2:1:1:1:1:10:0:0,contract_global,0.0130071997643,0.994464619102261,0.980166399296898,within_noise,improved,0.9982427102223531
two_stage_feedback_net_log15,Ascend910B3,20,external_v2_template_al1,16,304,5120,fp32,0,1,4:48:96:5120:48:96:48:4:4:1:1:1:4:4:2:1:1:1:2:1:2:0:0,contract_global,0.0140015995502,1.0704913905957,1.05510007259519,regressed,regressed,1.0014998190930902
two_stage_feedback_net_log15,Ascend910B3,20,external_v2_template_al1,16,304,5120,fp32,0,1,1:64:304:5120:64:16:48:2:2:1:1:0:1:1:2:2:2:1:1:1:1:0:0,contract_global,0.0139839994907,1.06914577918222,1.05377380812181,regressed,regressed,0.9922112554562583
two_stage_feedback_net_log15,Ascend910B3,20,external_v2_template_al1,16,304,5120,fp32,0,1,19:16:16:5120:16:16:448:12:1:1:1:1:12:1:2:2:2:1:1:1:19:2:10,contract_global,0.0138284003735,1.05724945871189,1.04204853064455,regressed,regressed,1.0268236149112822
two_stage_feedback_net_log15,Ascend910B3,20,external_v2_template_al1,16,304,5120,fp32,0,1,7:224:48:5120:224:16:32:8:8:1:1:1:4:4:2:2:2:1:7:1:1:0:0,contract_global,0.0132327997684,1.01171285286152,0.997166641302123,within_noise,within_noise,1.0057078364678478
two_stage_feedback_net_log15,Ascend910B3,20,external_v2_template_al1,16,304,5120,fp32,0,1,1:16:304:5120:16:16:192:8:8:1:1:0:4:4:1:2:1:1:1:1:1:0:0,contract_global,0.0138427996635,1.05835035550046,1.04313359895128,regressed,regressed,1.0179802163033664
two_stage_feedback_net_log15,Ascend910B3,20,external_v2_template_al1,16,304,5120,fp32,0,1,10:208:32:5120:208:16:32:16:32:1:2:0:8:8:1:2:1:1:10:1:1:0:0,contract_global,0.0130788004398,0.99993884412027,0.985561916980117,within_noise,within_noise,1.031044923704421
two_stage_feedback_net_log15,Ascend910B3,20,external_v2_template_al1,16,304,5120,fp32,0,1,1:48:304:256:48:16:8:32:64:1:1:0:32:32:1:1:1:1:1:1:1:1:2,contract_global,0.0140792000294,1.07642433022881,1.06094770956994,regressed,regressed,1.028050166695499
two_stage_feedback_net_log15,Ascend910B3,20,external_v2_template_al1,16,304,5120,fp32,0,1,3:736:112:5120:736:16:8:16:32:1:4:0:8:8:2:1:1:1:1:1:3:0:0,contract_global,0.0129952001572,0.993547189910101,0.979262160737051,within_noise,improved,1.0331702701553036
two_stage_feedback_net_log15,Ascend910B3,20,external_v2_template_al1,16,304,5120,fp32,0,1,10:96:32:24:32:16:24:3:2:3:2:1:1:1:1:2:1:1:1:1:10:0:2,contract_global,0.013562400341,1.03691244338216,1.02200391698492,regressed,regressed,1.0465969147640544
two_stage_feedback_net_log15,Ascend910B3,20,external_v2_template_al1,16,304,5120,fp32,0,1,5:128:64:320:32:16:40:64:64:4:4:1:8:8:1:2:1:1:1:1:5:1:2,contract_global,0.0133791995049,1.02290583527382,1.00819869317596,within_noise,within_noise,1.0561570357019818
two_stage_feedback_net_log15,Ascend910B3,20,external_v2_template_al1,16,304,5120,fp32,0,1,5:576:64:128:192:16:8:48:32:3:2:0:16:16:1:2:1:1:3:1:2:1:2,contract_global,0.01383679986,1.05789164091,1.04268147967181,regressed,regressed,1.0668918701192183
two_stage_feedback_net_log15,Ascend910B3,20,external_v2_template_bl1,49152,160,128,fp16,0,0,20:1648:912:128:32:912:32:16:4:2:1:1:4:4:2:1:1:8:1:4:1:1:0,feedback_winner_mutation,0.0493440008163,0.992413753480809,0.987235432985994,within_noise,improved,1.00253069902716
two_stage_feedback_net_log15,Ascend910B3,20,external_v2_template_bl1,49152,160,128,fp16,0,0,2:49152:448:128:64:448:48:6:3:1:1:0:3:3:2:1:1:1:1:1:1:0:0,feedback_winner_mutation,0.0503047990799,1.0117374685329,1.0064583187246,regressed,within_noise,1.0021696144484793
two_stage_feedback_net_log15,Ascend910B3,20,external_v2_template_bl1,49152,160,128,fp16,0,0,20:2464:160:128:160:64:128:4:2:4:2:0:1:1:1:1:1:10:1:2:1:0:0,feedback_regression_counterfactual,0.0498027992249,1.00164117410827,0.996414705806851,within_noise,within_noise,1.000729285801749
two_stage_feedback_net_log15,Ascend910B3,20,external_v2_template_bl1,49152,160,128,fp16,0,0,20:2464:160:128:208:64:32:4:12:1:3:0:4:4:1:1:1:10:1:2:1:0:20,feedback_regression_counterfactual,0.0505643987656,1.0169585753389,1.0116521822924,regressed,regressed,1.0064343097457535
two_stage_feedback_net_log15,Ascend910B3,20,external_v2_template_bl1,49152,160,128,fp16,0,0,20:2464:160:128:208:64:32:4:12:1:3:1:4:4:1:1:2:10:1:2:1:0:20,feedback_regression_counterfactual,0.0495455980301,0.996468306098269,0.991268829330288,within_noise,within_noise,1.0100947604396777
two_stage_feedback_net_log15,Ascend910B3,20,external_v2_template_bl1,49152,160,128,fp16,0,0,20:2464:160:128:208:64:32:4:12:1:3:1:4:4:1:1:2:20:1:1:1:1:20,feedback_regression_counterfactual,0.050426402092,1.01418316607843,1.00889125485244,regressed,within_noise,1.0101031983194197
two_stage_feedback_net_log15,Ascend910B3,20,external_v2_template_bl1,49152,160,128,fp16,0,0,20:2464:160:128:192:48:16:8:32:1:4:0:8:8:2:1:1:4:1:6:1:1:20,feedback_regression_counterfactual,0.0493771982193,0.993081424503372,0.987899620161256,within_noise,improved,1.0106775660181384
two_stage_feedback_net_log15,Ascend910B3,20,external_v2_template_bl1,49152,160,128,fp16,0,0,20:2464:160:128:192:48:16:8:32:1:4:0:8:8:2:1:2:4:1:6:1:0:20,feedback_regression_counterfactual,0.05082280159,1.02215561069526,1.01682210001226,regressed,regressed,1.0126285914150226
two_stage_feedback_net_log15,Ascend910B3,20,external_v2_template_bl1,49152,160,128,fp16,0,0,15:3280:160:128:16:112:112:4:8:1:2:1:2:2:2:1:2:15:1:1:1:1:20,feedback_regression_counterfactual,0.0497268009186,1.00011268506849,0.99489419227036,within_noise,within_noise,1.005113484051437
two_stage_feedback_net_log15,Ascend910B3,20,external_v2_template_bl1,49152,160,128,fp16,0,0,13:3792:160:128:16:160:16:4:4:2:1:0:2:2:1:2:2:5:1:3:1:0:0,feedback_regression_counterfactual,0.0501851987839,1.00933204990581,1.00406545134334,within_noise,within_noise,1.0104131394230744
two_stage_feedback_net_log15,Ascend910B3,20,external_v2_template_bl1,49152,160,128,fp16,0,0,13:3792:160:128:16:160:16:4:4:2:1:0:2:2:1:2:1:3:1:6:1:0:0,feedback_regression_counterfactual,0.0493879985809,0.993298642952421,0.988115705186633,within_noise,improved,1.01047966399261
two_stage_feedback_net_log15,Ascend910B3,20,external_v2_template_bl1,49152,160,128,fp16,0,0,13:3792:160:128:16:160:16:4:4:2:1:0:2:2:1:2:1:5:1:3:1:1:0,feedback_regression_counterfactual,0.0503391981125,1.01242930690184,1.00714654714751,regressed,within_noise,1.0106947685149386
two_stage_feedback_net_log15,Ascend910B3,20,external_v2_template_bl1,49152,160,128,fp16,0,0,14:3520:160:96:64:48:96:4:6:2:3:0:1:1:1:1:1:5:1:3:1:2:2,contract_global,0.0500907993317,1.00743347433233,1.0021767823554,within_noise,within_noise,0.9980282359428021
two_stage_feedback_net_log15,Ascend910B3,20,external_v2_template_bl1,49152,160,128,fp16,0,0,20:2464:160:128:48:16:112:4:40:1:10:1:2:2:2:2:2:20:1:1:1:2:20,contract_global,0.050551199913,1.01669311808651,1.01138811017091,regressed,regressed,1.0039664754703514
two_stage_feedback_net_log15,Ascend910B3,20,external_v2_template_bl1,49152,160,128,fp16,0,0,14:3520:160:128:96:16:112:2:20:1:10:1:2:2:1:1:1:7:1:2:1:1:20,contract_global,0.0496640014648,0.998849653281577,0.993637750865509,within_noise,within_noise,1.0014519277856884
two_stage_feedback_net_log15,Ascend910B3,20,external_v2_template_bl1,49152,160,128,fp16,0,0,8:12288:128:128:160:128:112:4:2:2:1:1:2:2:1:2:1:1:2:4:1:0:0,contract_global,0.0501976013184,1.00958149149175,1.00431359136692,within_noise,within_noise,0.9958359656846864
two_stage_feedback_net_log15,Ascend910B3,20,external_v2_template_bl1,49152,160,128,fp16,0,0,9:5472:160:128:256:32:16:16:80:1:5:0:8:8:1:1:1:9:1:1:1:1:20,contract_global,0.0493007993698,0.99154487968245,0.986371092878148,within_noise,improved,1.0123737700951243
two_stage_feedback_net_log15,Ascend910B3,20,external_v2_template_bl1,49152,160,128,fp16,0,0,20:1456:496:128:16:496:32:8:8:1:1:1:4:4:2:1:1:6:1:6:1:2:20,contract_global,0.0505087995529,1.0158403558494,1.01053979756643,regressed,regressed,1.0099814411876822
two_stage_feedback_net_log15,Ascend910B3,20,external_v2_template_bl1,49152,160,128,fp16,0,0,20:1232:144:128:144:144:96:8:2:4:1:1:1:1:1:1:1:5:1:9:2:0:0,contract_global,0.0496640014648,0.998849653281577,0.993637750865509,within_noise,within_noise,1.0043708471665203
two_stage_feedback_net_log15,Ascend910B3,20,external_v2_template_bl1,49152,160,128,fp16,0,0,2:24576:160:128:80:160:16:16:2:4:1:1:2:2:1:2:1:2:1:1:1:0:0,contract_global,0.0499872016907,1.00534990344057,1.00010408333921,within_noise,within_noise,1.0095791233862708
two_stage_feedback_net_log15,Ascend910B3,20,external_v2_template_bl1,49152,160,128,fp16,0,0,1:49152:160:128:128:48:96:4:8:1:4:0:2:2:1:2:1:1:1:1:1:0:20,contract_global,0.0495567989349,0.996693580338034,0.991492928103751,within_noise,within_noise,1.0048650026804962
two_stage_feedback_net_log15,Ascend910B3,20,external_v2_template_bl1,49152,160,128,fp16,0,0,1:49152:160:128:48:16:16:8:80:1:10:0:8:8:1:1:1:1:1:1:1:0:20,contract_global,0.050204000473,1.00971019222476,1.00444162055134,within_noise,within_noise,1.0158918373656376
two_stage_feedback_net_log15,Ascend910B3,20,external_v2_template_bl1,49152,160,128,fp16,0,0,4:24576:144:16:48:48:16:4:6:2:3:0:1:1:2:1:1:1:2:2:1:2:2,contract_global,0.0497508001328,1.00059536077054,0.995374349416659,within_noise,within_noise,1.01819688928077
two_stage_feedback_net_log15,Ascend910B3,20,external_v2_template_bl1,49152,160,128,fp16,0,0,20:1648:128:16:112:32:16:4:4:4:4:0:1:1:2:2:1:1:1:30:2:1:2,contract_global,0.0508268022537,1.02223607262803,1.01690214210292,regressed,regressed,1.0193956181215003
