campaign,soc,aic,workload_id,m,n,k,dtype,trans_a,trans_b,tiling_signature
contract_behavior_v1_round1,Ascend910B3,20,external_v2_dense_balanced_aligned,1792,2816,3584,fp16,0,0,19:96:2816:960:16:16:160:24:48:4:4:1:6:6:1:1:1:1:1:19:1:0:2
contract_behavior_v1_round1,Ascend910B3,20,external_v2_dense_balanced_aligned,1792,2816,3584,fp16,0,0,19:96:2816:960:16:16:160:48:24:4:4:1:6:6:1:1:1:1:1:19:1:0:2
contract_behavior_v1_round1,Ascend910B3,20,external_v2_dense_balanced_aligned,1792,2816,3584,fp16,0,0,19:96:2816:640:16:16:160:16:32:4:4:1:4:4:1:1:1:1:1:19:1:0:2
contract_behavior_v1_round1,Ascend910B3,20,external_v2_dense_balanced_aligned,1792,2816,3584,fp16,0,0,19:96:2816:640:16:16:160:32:16:4:4:1:4:4:1:1:1:1:1:19:1:0:2
contract_behavior_v1_round1,Ascend910B3,20,external_v2_dense_balanced_aligned,1792,2816,3584,fp16,0,0,19:96:2816:1280:16:16:160:32:64:4:4:1:8:8:1:1:1:1:1:19:1:0:2
contract_behavior_v1_round1,Ascend910B3,20,external_v2_dense_balanced_aligned,1792,2816,3584,fp16,0,0,19:96:2816:1280:16:16:160:64:32:4:4:1:8:8:1:1:1:1:1:19:1:0:2
contract_behavior_v1_round1,Ascend910B3,20,external_v2_dense_balanced_aligned,1792,2816,3584,fp16,0,0,19:96:2816:480:16:16:160:12:24:4:4:0:3:3:1:1:1:1:1:19:1:0:2
contract_behavior_v1_round1,Ascend910B3,20,external_v2_dense_balanced_aligned,1792,2816,3584,fp16,0,0,19:96:2816:480:16:16:160:24:12:4:4:0:3:3:1:1:1:1:1:19:1:0:2
contract_behavior_v1_round1,Ascend910B3,20,external_v2_dense_balanced_aligned,1792,2816,3584,fp16,0,0,19:96:2816:320:16:16:160:8:16:4:4:1:2:2:1:1:1:1:1:19:1:0:2
contract_behavior_v1_round1,Ascend910B3,20,external_v2_dense_balanced_aligned,1792,2816,3584,fp16,0,0,19:96:2816:320:16:16:160:16:8:4:4:1:2:2:1:1:1:1:1:19:1:0:2
contract_behavior_v1_round1,Ascend910B3,20,external_v2_dense_balanced_aligned,1792,2816,3584,fp16,0,0,19:96:2816:160:16:16:160:4:8:4:4:0:1:1:1:1:1:1:1:19:1:0:2
contract_behavior_v1_round1,Ascend910B3,20,external_v2_dense_balanced_aligned,1792,2816,3584,fp16,0,0,19:96:2816:160:16:16:160:8:4:4:4:0:1:1:1:1:1:1:1:19:1:0:2
contract_behavior_v1_round1,Ascend910B3,20,external_v2_dense_balanced_aligned,1792,2816,3584,fp16,0,0,20:192:1408:512:32:32:32:32:32:1:1:0:16:16:2:2:1:10:1:1:2:0:2
contract_behavior_v1_round1,Ascend910B3,20,external_v2_dense_balanced_aligned,1792,2816,3584,fp16,0,0,20:192:1408:256:32:32:32:16:16:1:1:0:8:8:2:2:1:10:1:1:2:0:2
contract_behavior_v1_round1,Ascend910B3,20,external_v2_dense_balanced_aligned,1792,2816,3584,fp16,0,0,20:896:288:3584:16:16:384:1:2:1:1:1:1:1:2:1:1:1:3:2:4:0:0
contract_behavior_v1_round1,Ascend910B3,20,external_v2_dense_balanced_aligned,1792,2816,3584,fp16,0,0,14:256:1408:3584:48:48:48:64:32:4:4:1:8:8:1:1:1:7:2:1:1:0:0
contract_behavior_v1_round1,Ascend910B3,20,external_v2_dense_balanced_aligned,1792,2816,3584,fp16,0,0,20:304:576:256:48:64:16:128:64:4:4:1:16:16:2:2:2:3:3:2:2:1:2
contract_behavior_v1_round1,Ascend910B3,20,external_v2_dense_balanced_aligned,1792,2816,3584,fp16,0,0,10:192:2816:3584:32:32:32:16:32:1:4:1:8:8:2:2:2:1:1:10:1:0:0
contract_behavior_v1_round1,Ascend910B3,20,external_v2_dense_balanced_aligned,1792,2816,3584,fp16,0,0,10:192:2816:3584:96:336:96:4:2:2:2:1:1:1:1:1:1:5:1:2:1:0:0
contract_behavior_v1_round1,Ascend910B3,20,external_v2_dense_balanced_aligned,1792,2816,3584,fp16,0,0,20:608:224:3584:368:32:16:2:2:1:1:0:2:2:2:2:2:1:3:3:5:2:0
contract_behavior_v1_round1,Ascend910B3,20,external_v2_dense_balanced_aligned,1792,2816,3584,fp16,0,0,10:1792:384:384:128:128:128:6:9:1:3:0:3:3:2:2:2:1:1:1:8:1:3
contract_behavior_v1_round1,Ascend910B3,20,external_v2_dense_balanced_aligned,1792,2816,3584,fp16,0,0,20:192:480:3584:16:16:1024:8:4:4:4:1:1:1:2:2:2:1:6:10:1:2:0
contract_behavior_v1_round1,Ascend910B3,20,external_v2_dense_balanced_aligned,1792,2816,3584,fp16,0,0,20:160:704:3584:32:32:16:8:4:2:1:0:2:2:1:2:1:4:1:3:4:2:0
contract_behavior_v1_round1,Ascend910B3,20,external_v2_dense_balanced_aligned,1792,2816,3584,fp16,0,0,6:352:2816:3584:352:48:16:4:8:1:2:0:4:4:2:1:1:1:1:6:1:0:0
contract_behavior_v1_round1,Ascend910B3,20,external_v2_dense_balanced_aligned,1792,2816,3584,fp16,0,0,20:304:128:768:64:64:48:48:32:3:2:0:16:16:1:2:1:1:4:6:7:1:2
contract_behavior_v1_round1,Ascend910B3,20,external_v2_dense_balanced_aligned,1792,2816,3584,fp16,0,0,20:256:304:3584:96:304:16:1:1:1:1:1:1:1:1:2:1:7:4:1:3:1:0
contract_behavior_v1_round1,Ascend910B3,20,external_v2_dense_balanced_aligned,1792,2816,3584,fp16,0,0,3:640:2816:16:160:16:16:4:4:4:4:0:1:1:1:2:1:1:1:3:1:1:2
contract_behavior_v1_round1,Ascend910B3,20,external_v2_dense_balanced_aligned,1792,2816,3584,fp16,0,0,20:192:192:32:80:48:16:4:6:2:3:1:2:2:2:1:1:1:3:10:5:1:2
contract_behavior_v1_round1,Ascend910B3,20,external_v2_dense_balanced_aligned,1792,2816,3584,fp16,0,0,20:208:32:3584:208:32:32:2:2:1:1:1:1:1:2:2:2:3:18:4:5:2:0
contract_behavior_v1_round1,Ascend910B3,20,external_v2_dense_balanced_aligned,1792,2816,3584,fp16,0,0,20:64:96:3584:16:48:512:2:2:1:2:1:1:1:1:1:1:28:3:1:14:0:0
contract_behavior_v1_round1,Ascend910B3,20,external_v2_dense_balanced_aligned,1792,2816,3584,fp16,0,0,20:80:80:3584:80:16:16:2:8:1:2:1:2:2:1:1:1:23:2:1:21:1:0
contract_behavior_v1_round1,Ascend910B3,20,external_v2_dense_balanced_aligned,1792,2816,3584,fp16,0,0,1:384:2816:384:128:128:128:9:6:3:1:1:3:3:2:2:2:1:1:5:1:0:3
contract_behavior_v1_round1,Ascend910B3,20,external_v2_dense_balanced_odd,1663,2591,3587,fp16,0,0,18:560:432:960:16:16:160:24:48:4:4:1:6:6:1:1:1:1:2:3:3:0:2
contract_behavior_v1_round1,Ascend910B3,20,external_v2_dense_balanced_odd,1663,2591,3587,fp16,0,0,18:560:432:960:16:16:160:48:24:4:4:1:6:6:1:1:1:1:2:3:3:0:2
contract_behavior_v1_round1,Ascend910B3,20,external_v2_dense_balanced_odd,1663,2591,3587,fp16,0,0,18:560:432:640:16:16:160:16:32:4:4:1:4:4:1:1:1:1:2:3:3:0:2
contract_behavior_v1_round1,Ascend910B3,20,external_v2_dense_balanced_odd,1663,2591,3587,fp16,0,0,18:560:432:640:16:16:160:32:16:4:4:1:4:4:1:1:1:1:2:3:3:0:2
contract_behavior_v1_round1,Ascend910B3,20,external_v2_dense_balanced_odd,1663,2591,3587,fp16,0,0,18:560:432:1280:16:16:160:32:64:4:4:1:8:8:1:1:1:1:2:3:3:0:2
contract_behavior_v1_round1,Ascend910B3,20,external_v2_dense_balanced_odd,1663,2591,3587,fp16,0,0,18:560:432:1280:16:16:160:64:32:4:4:1:8:8:1:1:1:1:2:3:3:0:2
contract_behavior_v1_round1,Ascend910B3,20,external_v2_dense_balanced_odd,1663,2591,3587,fp16,0,0,18:560:432:480:16:16:160:12:24:4:4:0:3:3:1:1:1:1:2:3:3:0:2
contract_behavior_v1_round1,Ascend910B3,20,external_v2_dense_balanced_odd,1663,2591,3587,fp16,0,0,18:560:432:480:16:16:160:24:12:4:4:0:3:3:1:1:1:1:2:3:3:0:2
contract_behavior_v1_round1,Ascend910B3,20,external_v2_dense_balanced_odd,1663,2591,3587,fp16,0,0,18:560:432:320:16:16:160:8:16:4:4:1:2:2:1:1:1:1:2:3:3:0:2
contract_behavior_v1_round1,Ascend910B3,20,external_v2_dense_balanced_odd,1663,2591,3587,fp16,0,0,18:560:432:320:16:16:160:16:8:4:4:1:2:2:1:1:1:1:2:3:3:0:2
contract_behavior_v1_round1,Ascend910B3,20,external_v2_dense_balanced_odd,1663,2591,3587,fp16,0,0,18:560:432:160:16:16:160:4:8:4:4:0:1:1:1:1:1:1:2:3:3:0:2
contract_behavior_v1_round1,Ascend910B3,20,external_v2_dense_balanced_odd,1663,2591,3587,fp16,0,0,18:560:432:160:16:16:160:8:4:4:4:0:1:1:1:1:1:1:2:3:3:0:2
contract_behavior_v1_round1,Ascend910B3,20,external_v2_dense_balanced_odd,1663,2591,3587,fp16,0,0,18:96:2592:1280:16:16:80:96:64:3:2:0:16:16:2:2:2:9:1:2:1:0:2
contract_behavior_v1_round1,Ascend910B3,20,external_v2_dense_balanced_odd,1663,2591,3587,fp16,0,0,18:96:2592:640:16:16:80:48:32:3:2:0:8:8:2:2:2:9:1:2:1:0:2
contract_behavior_v1_round1,Ascend910B3,20,external_v2_dense_balanced_odd,1663,2591,3587,fp16,0,0,20:832:272:3587:128:32:160:2:1:1:1:1:1:1:1:2:1:2:3:1:4:0:0
contract_behavior_v1_round1,Ascend910B3,20,external_v2_dense_balanced_odd,1663,2591,3587,fp16,0,0,20:832:272:3587:48:32:16:32:16:2:2:1:8:8:2:1:1:1:2:2:8:0:0
contract_behavior_v1_round1,Ascend910B3,20,external_v2_dense_balanced_odd,1663,2591,3587,fp16,0,0,14:256:1296:512:64:64:32:64:64:4:4:1:16:16:2:2:1:4:1:2:2:1:2
contract_behavior_v1_round1,Ascend910B3,20,external_v2_dense_balanced_odd,1663,2591,3587,fp16,0,0,14:240:1296:3587:48:48:48:64:32:4:4:1:8:8:1:1:1:7:1:1:2:0:0
contract_behavior_v1_round1,Ascend910B3,20,external_v2_dense_balanced_odd,1663,2591,3587,fp16,0,0,18:1664:144:3587:64:80:16:4:1:2:1:0:1:1:1:2:1:1:18:1:1:1:0
contract_behavior_v1_round1,Ascend910B3,20,external_v2_dense_balanced_odd,1663,2591,3587,fp16,0,0,20:160:1296:3587:16:16:384:2:1:2:1:0:1:1:2:2:2:4:1:3:2:0:0
contract_behavior_v1_round1,Ascend910B3,20,external_v2_dense_balanced_odd,1663,2591,3587,fp16,0,0,20:832:144:3587:144:112:16:2:1:2:1:0:1:1:2:2:2:2:9:1:2:2:0
contract_behavior_v1_round1,Ascend910B3,20,external_v2_dense_balanced_odd,1663,2591,3587,fp16,0,0,10:1664:384:384:128:128:128:6:9:1:3:0:3:3:2:2:2:1:1:1:7:1:3
contract_behavior_v1_round1,Ascend910B3,20,external_v2_dense_balanced_odd,1663,2591,3587,fp16,0,0,20:176:528:3587:16:16:768:16:4:2:1:1:4:4:1:2:1:10:2:1:4:2:0
contract_behavior_v1_round1,Ascend910B3,20,external_v2_dense_balanced_odd,1663,2591,3587,fp16,0,0,7:272:2592:3587:272:96:16:2:4:1:4:0:1:1:2:1:1:7:1:1:1:0:0
contract_behavior_v1_round1,Ascend910B3,20,external_v2_dense_balanced_odd,1663,2591,3587,fp16,0,0,20:240:224:3587:16:32:512:4:2:2:1:1:1:1:2:2:2:1:2:7:6:1:0
contract_behavior_v1_round1,Ascend910B3,20,external_v2_dense_balanced_odd,1663,2591,3587,fp16,0,0,20:576:48:16:192:16:16:3:4:3:2:1:1:1:1:2:1:3:2:1:28:2:2
contract_behavior_v1_round1,Ascend910B3,20,external_v2_dense_balanced_odd,1663,2591,3587,fp16,0,0,20:128:144:3587:80:144:160:1:2:1:1:1:1:1:2:1:1:13:2:1:14:2:0
contract_behavior_v1_round1,Ascend910B3,20,external_v2_dense_balanced_odd,1663,2591,3587,fp16,0,0,20:128:224:3587:112:16:16:2:16:1:4:1:2:2:2:2:2:13:2:1:11:1:0
contract_behavior_v1_round1,Ascend910B3,20,external_v2_dense_balanced_odd,1663,2591,3587,fp16,0,0,20:336:64:3587:32:16:224:8:16:4:4:1:2:2:1:1:1:5:6:1:8:1:0
contract_behavior_v1_round1,Ascend910B3,20,external_v2_dense_balanced_odd,1663,2591,3587,fp16,0,0,20:48:128:3587:32:96:32:1:2:1:1:0:1:1:1:1:1:5:3:7:8:2:0
contract_behavior_v1_round1,Ascend910B3,20,external_v2_dense_balanced_odd,1663,2591,3587,fp16,0,0,20:336:16:3587:256:16:128:2:4:1:1:1:2:2:1:2:1:5:11:1:15:1:0
contract_behavior_v1_round1,Ascend910B3,20,external_v2_dense_balanced_odd,1663,2591,3587,fp16,0,0,1:384:2592:384:128:128:128:9:6:3:1:1:3:3:2:2:2:1:1:5:1:0:3
contract_behavior_v1_round1,Ascend910B3,20,external_v2_dense_tall,3584,896,5120,fp16,0,0,18:400:448:96:32:32:48:16:16:4:4:1:2:2:1:2:1:3:1:4:2:2:2
contract_behavior_v1_round1,Ascend910B3,20,external_v2_dense_tall,3584,896,5120,fp16,0,0,18:400:448:48:32:32:48:8:8:4:4:0:1:1:1:2:1:3:1:4:2:2:2
contract_behavior_v1_round1,Ascend910B3,20,external_v2_dense_tall,3584,896,5120,fp16,0,0,20:368:448:128:64:64:32:16:32:4:4:1:4:4:2:2:1:5:1:2:2:2:2
contract_behavior_v1_round1,Ascend910B3,20,external_v2_dense_tall,3584,896,5120,fp16,0,0,20:368:448:128:64:64:32:32:16:4:4:1:4:4:2:2:1:5:1:2:2:2:2
contract_behavior_v1_round1,Ascend910B3,20,external_v2_dense_tall,3584,896,5120,fp16,0,0,18:400:448:384:32:32:48:32:64:4:4:1:8:8:1:2:1:3:1:4:2:1:2
contract_behavior_v1_round1,Ascend910B3,20,external_v2_dense_tall,3584,896,5120,fp16,0,0,18:400:448:384:32:32:48:64:32:4:4:1:8:8:1:2:1:3:1:4:2:1:2
contract_behavior_v1_round1,Ascend910B3,20,external_v2_dense_tall,3584,896,5120,fp16,0,0,20:368:448:96:64:64:32:12:24:4:4:0:3:3:2:2:1:5:1:2:2:2:2
contract_behavior_v1_round1,Ascend910B3,20,external_v2_dense_tall,3584,896,5120,fp16,0,0,20:368:448:96:64:64:32:24:12:4:4:0:3:3:2:2:1:5:1:2:2:2:2
contract_behavior_v1_round1,Ascend910B3,20,external_v2_dense_tall,3584,896,5120,fp16,0,0,20:368:448:512:64:64:32:64:64:4:4:1:16:16:2:2:1:5:1:2:2:1:2
contract_behavior_v1_round1,Ascend910B3,20,external_v2_dense_tall,3584,896,5120,fp16,0,0,18:400:448:288:32:32:48:24:24:4:4:1:6:6:1:2:1:3:1:4:2:0:2
contract_behavior_v1_round1,Ascend910B3,20,external_v2_dense_tall,3584,896,5120,fp16,0,0,18:400:448:288:32:32:48:24:48:4:4:1:6:6:1:2:1:3:1:4:2:1:2
contract_behavior_v1_round1,Ascend910B3,20,external_v2_dense_tall,3584,896,5120,fp16,0,0,18:400:448:288:32:32:48:48:24:4:4:1:6:6:1:2:1:3:1:4:2:1:2
contract_behavior_v1_round1,Ascend910B3,20,external_v2_dense_tall,3584,896,5120,fp16,0,0,18:400:448:192:32:32:48:16:32:4:4:1:4:4:1:2:1:3:1:4:2:1:2
contract_behavior_v1_round1,Ascend910B3,20,external_v2_dense_tall,3584,896,5120,fp16,0,0,18:400:448:192:32:32:48:32:16:4:4:1:4:4:1:2:1:3:1:4:2:1:2
contract_behavior_v1_round1,Ascend910B3,20,external_v2_dense_tall,3584,896,5120,fp16,0,0,14:384:896:384:128:128:128:9:6:3:1:1:3:3:2:2:2:1:1:10:1:0:3
contract_behavior_v1_round1,Ascend910B3,20,external_v2_dense_tall,3584,896,5120,fp16,0,0,20:896:192:5120:48:32:224:2:1:1:1:1:1:1:2:2:2:4:5:1:1:2:0
contract_behavior_v1_round1,Ascend910B3,20,external_v2_dense_tall,3584,896,5120,fp16,0,0,20:1792:96:5120:16:16:1024:2:8:1:4:1:1:1:1:2:1:2:10:1:1:2:0
contract_behavior_v1_round1,Ascend910B3,20,external_v2_dense_tall,3584,896,5120,fp16,0,0,19:3584:48:5120:16:16:192:8:24:1:3:1:8:8:1:2:1:1:7:1:3:0:0
contract_behavior_v1_round1,Ascend910B3,20,external_v2_dense_tall,3584,896,5120,fp16,0,0,20:448:96:1280:32:32:160:24:16:3:2:0:8:8:1:1:1:8:1:1:10:2:2
contract_behavior_v1_round1,Ascend910B3,20,external_v2_dense_tall,3584,896,5120,fp16,0,0,20:896:192:5120:48:48:16:16:64:2:4:1:8:8:2:1:1:1:2:4:3:1:0
contract_behavior_v1_round1,Ascend910B3,20,external_v2_dense_tall,3584,896,5120,fp16,0,0,10:368:896:5120:32:32:64:32:32:2:4:0:8:8:1:1:1:5:1:2:1:0:0
contract_behavior_v1_round1,Ascend910B3,20,external_v2_dense_tall,3584,896,5120,fp16,0,0,10:368:896:5120:16:128:128:4:2:2:2:0:1:1:2:2:2:5:1:2:1:0:0
contract_behavior_v1_round1,Ascend910B3,20,external_v2_dense_tall,3584,896,5120,fp16,0,0,11:336:896:5120:272:96:16:2:2:1:1:1:2:2:1:1:1:4:1:3:1:0:0
contract_behavior_v1_round1,Ascend910B3,20,external_v2_dense_tall,3584,896,5120,fp16,0,0,20:400:224:5120:16:32:16:1:2:1:2:0:1:1:2:2:2:9:2:1:3:0:0
contract_behavior_v1_round1,Ascend910B3,20,external_v2_dense_tall,3584,896,5120,fp16,0,0,7:3584:144:5120:144:144:80:4:1:4:1:0:1:1:1:2:1:1:2:1:4:2:0
contract_behavior_v1_round1,Ascend910B3,20,external_v2_dense_tall,3584,896,5120,fp16,0,0,20:304:224:5120:16:16:768:16:4:4:2:1:2:2:1:1:1:3:1:5:4:2:0
contract_behavior_v1_round1,Ascend910B3,20,external_v2_dense_tall,3584,896,5120,fp16,0,0,20:256:192:5120:64:96:256:2:1:2:1:0:1:1:2:1:1:7:2:2:4:2:0
contract_behavior_v1_round1,Ascend910B3,20,external_v2_dense_tall,3584,896,5120,fp16,0,0,3:3584:304:5120:16:304:16:32:4:4:1:0:4:4:2:2:1:1:1:1:3:0:0
contract_behavior_v1_round1,Ascend910B3,20,external_v2_dense_tall,3584,896,5120,fp16,0,0,20:224:96:5120:16:80:16:4:4:2:1:0:2:2:1:1:1:16:2:1:8:2:0
contract_behavior_v1_round1,Ascend910B3,20,external_v2_dense_tall,3584,896,5120,fp16,0,0,20:256:48:5120:256:16:80:1:1:1:1:1:1:1:1:2:1:1:1:14:19:1:0
contract_behavior_v1_round1,Ascend910B3,20,external_v2_dense_tall,3584,896,5120,fp16,0,0,20:304:16:5120:208:16:48:2:1:1:1:0:1:1:2:2:2:1:56:12:1:2:0
contract_behavior_v1_round1,Ascend910B3,20,external_v2_dense_tall,3584,896,5120,fp16,0,0,20:288:16:5120:96:16:16:8:2:2:1:1:2:2:2:1:1:13:7:1:8:0:0
contract_behavior_v1_round1,Ascend910B3,20,external_v2_dense_wide,896,3584,5120,fp16,0,0,20:448:368:320:16:16:80:24:8:3:2:0:4:4:2:2:2:2:2:1:8:2:2
contract_behavior_v1_round1,Ascend910B3,20,external_v2_dense_wide,896,3584,5120,fp16,0,0,20:448:368:320:16:16:80:12:16:3:2:0:4:4:2:2:2:2:2:1:8:2:2
contract_behavior_v1_round1,Ascend910B3,20,external_v2_dense_wide,896,3584,5120,fp16,0,0,20:448:368:240:16:16:80:18:6:3:2:1:3:3:2:2:2:2:2:1:8:2:2
contract_behavior_v1_round1,Ascend910B3,20,external_v2_dense_wide,896,3584,5120,fp16,0,0,20:448:368:240:16:16:80:9:12:3:2:1:3:3:2:2:2:2:2:1:8:2:2
contract_behavior_v1_round1,Ascend910B3,20,external_v2_dense_wide,896,3584,5120,fp16,0,0,20:448:368:160:16:16:80:12:4:3:2:0:2:2:2:2:2:2:2:1:8:2:2
contract_behavior_v1_round1,Ascend910B3,20,external_v2_dense_wide,896,3584,5120,fp16,0,0,20:448:368:160:16:16:80:6:8:3:2:0:2:2:2:2:2:2:2:1:8:2:2
contract_behavior_v1_round1,Ascend910B3,20,external_v2_dense_wide,896,3584,5120,fp16,0,0,20:448:368:80:16:16:80:6:2:3:2:1:1:1:2:2:2:2:2:1:8:2:2
contract_behavior_v1_round1,Ascend910B3,20,external_v2_dense_wide,896,3584,5120,fp16,0,0,20:448:368:80:16:16:80:3:4:3:2:1:1:1:2:2:2:2:2:1:8:2:2
contract_behavior_v1_round1,Ascend910B3,20,external_v2_dense_wide,896,3584,5120,fp16,0,0,20:448:368:1280:16:16:80:96:32:3:2:0:16:16:2:2:2:2:2:1:8:2:2
contract_behavior_v1_round1,Ascend910B3,20,external_v2_dense_wide,896,3584,5120,fp16,0,0,20:448:368:1280:16:16:80:96:64:3:2:0:16:16:2:2:2:2:4:1:3:0:2
contract_behavior_v1_round1,Ascend910B3,20,external_v2_dense_wide,896,3584,5120,fp16,0,0,20:448:368:1280:16:16:80:48:64:3:2:0:16:16:2:2:2:2:2:1:8:2:2
contract_behavior_v1_round1,Ascend910B3,20,external_v2_dense_wide,896,3584,5120,fp16,0,0,20:448:368:640:16:16:80:48:32:3:2:0:8:8:2:2:2:2:4:1:3:0:2
contract_behavior_v1_round1,Ascend910B3,20,external_v2_dense_wide,896,3584,5120,fp16,0,0,20:448:368:480:16:16:80:36:24:3:2:0:6:6:2:2:2:2:4:1:3:0:2
contract_behavior_v1_round1,Ascend910B3,20,external_v2_dense_wide,896,3584,5120,fp16,0,0,20:448:368:640:16:16:80:48:16:3:2:0:8:8:2:2:2:2:2:1:8:2:2
contract_behavior_v1_round1,Ascend910B3,20,external_v2_dense_wide,896,3584,5120,fp16,0,0,19:896:192:5120:16:16:160:8:16:1:2:1:8:8:1:1:1:1:7:1:3:2:0
contract_behavior_v1_round1,Ascend910B3,20,external_v2_dense_wide,896,3584,5120,fp16,0,0,19:896:192:5120:160:80:192:2:2:1:1:1:1:1:1:2:1:1:2:1:16:2:0
contract_behavior_v1_round1,Ascend910B3,20,external_v2_dense_wide,896,3584,5120,fp16,0,0,14:64:3584:5120:32:32:64:32:64:2:4:0:8:8:1:1:1:7:1:2:1:0:0
contract_behavior_v1_round1,Ascend910B3,20,external_v2_dense_wide,896,3584,5120,fp16,0,0,14:896:384:384:128:128:128:6:9:1:3:0:3:3:2:2:2:1:1:1:10:1:3
contract_behavior_v1_round1,Ascend910B3,20,external_v2_dense_wide,896,3584,5120,fp16,0,0,20:896:176:5120:48:16:80:2:2:1:2:0:1:1:2:2:2:1:21:1:1:1:0
contract_behavior_v1_round1,Ascend910B3,20,external_v2_dense_wide,896,3584,5120,fp16,0,0,12:464:608:5120:464:32:16:1:1:1:1:1:1:1:2:2:2:2:1:1:6:0:0
contract_behavior_v1_round1,Ascend910B3,20,external_v2_dense_wide,896,3584,5120,fp16,0,0,20:464:208:5120:464:64:16:1:1:1:1:1:1:1:2:1:1:1:3:2:6:1:0
contract_behavior_v1_round1,Ascend910B3,20,external_v2_dense_wide,896,3584,5120,fp16,0,0,5:192:3584:512:64:16:32:96:32:3:2:0:16:16:1:1:1:5:1:1:1:1:2
contract_behavior_v1_round1,Ascend910B3,20,external_v2_dense_wide,896,3584,5120,fp16,0,0,8:592:896:5120:592:48:16:8:16:1:1:1:8:8:1:1:1:1:4:2:1:0:0
contract_behavior_v1_round1,Ascend910B3,20,external_v2_dense_wide,896,3584,5120,fp16,0,0,20:96:240:1280:16:16:320:16:32:4:4:1:4:4:1:1:1:1:3:10:6:0:2
contract_behavior_v1_round1,Ascend910B3,20,external_v2_dense_wide,896,3584,5120,fp16,0,0,20:160:256:32:64:16:16:4:12:2:3:1:2:2:1:1:1:6:3:1:6:1:2
contract_behavior_v1_round1,Ascend910B3,20,external_v2_dense_wide,896,3584,5120,fp16,0,0,5:208:3584:5120:208:16:16:4:2:1:1:1:2:2:2:2:1:5:1:1:1:0:0
contract_behavior_v1_round1,Ascend910B3,20,external_v2_dense_wide,896,3584,5120,fp16,0,0,20:160:176:5120:144:32:112:2:2:1:1:0:1:1:2:2:2:1:11:6:2:2:0
contract_behavior_v1_round1,Ascend910B3,20,external_v2_dense_wide,896,3584,5120,fp16,0,0,20:112:176:5120:32:48:16:4:2:1:1:0:2:2:2:1:1:8:1:1:21:0:0
contract_behavior_v1_round1,Ascend910B3,20,external_v2_dense_wide,896,3584,5120,fp16,0,0,2:384:3584:384:128:128:128:9:6:3:1:1:3:3:2:2:2:1:1:3:1:0:3
contract_behavior_v1_round1,Ascend910B3,20,external_v2_dense_wide,896,3584,5120,fp16,0,0,20:32:176:5120:16:64:64:2:2:1:1:1:1:1:2:2:2:14:7:2:3:2:0
contract_behavior_v1_round1,Ascend910B3,20,external_v2_dense_wide,896,3584,5120,fp16,0,0,20:160:32:5120:48:32:384:1:1:1:1:0:1:1:1:1:1:6:7:1:16:2:0
contract_behavior_v1_round1,Ascend910B3,20,external_v2_dense_wide,896,3584,5120,fp16,0,0,20:32:128:5120:32:16:1024:2:2:1:2:1:1:1:1:2:1:14:7:2:4:0:0
contract_behavior_v1_round1,Ascend910B3,20,external_v2_dense_large,4608,5120,6144,fp16,0,0,16:288:5120:1280:16:16:160:32:32:4:4:1:8:8:1:1:1:16:1:1:1:2:2
contract_behavior_v1_round1,Ascend910B3,20,external_v2_dense_large,4608,5120,6144,fp16,0,0,20:2304:512:512:48:32:32:32:96:2:3:1:16:16:1:1:1:1:4:2:3:2:2
contract_behavior_v1_round1,Ascend910B3,20,external_v2_dense_large,4608,5120,6144,fp16,0,0,20:2304:512:512:48:32:32:64:48:2:3:1:16:16:1:1:1:1:4:2:3:2:2
contract_behavior_v1_round1,Ascend910B3,20,external_v2_dense_large,4608,5120,6144,fp16,0,0,20:464:2560:512:32:32:32:16:32:1:1:0:16:16:2:2:1:10:2:1:1:0:2
contract_behavior_v1_round1,Ascend910B3,20,external_v2_dense_large,4608,5120,6144,fp16,0,0,20:464:2560:512:32:32:32:32:16:1:1:0:16:16:2:2:1:10:2:1:1:0:2
contract_behavior_v1_round1,Ascend910B3,20,external_v2_dense_large,4608,5120,6144,fp16,0,0,20:464:2560:256:32:32:32:8:16:1:1:0:8:8:2:2:1:10:2:1:1:0:2
contract_behavior_v1_round1,Ascend910B3,20,external_v2_dense_large,4608,5120,6144,fp16,0,0,20:464:2560:256:32:32:32:16:8:1:1:0:8:8:2:2:1:10:2:1:1:0:2
contract_behavior_v1_round1,Ascend910B3,20,external_v2_dense_large,4608,5120,6144,fp16,0,0,20:464:2560:192:32:32:32:6:12:1:1:0:6:6:2:2:1:10:2:1:1:0:2
contract_behavior_v1_round1,Ascend910B3,20,external_v2_dense_large,4608,5120,6144,fp16,0,0,20:464:2560:192:32:32:32:12:6:1:1:0:6:6:2:2:1:10:2:1:1:0:2
contract_behavior_v1_round1,Ascend910B3,20,external_v2_dense_large,4608,5120,6144,fp16,0,0,20:464:2560:128:32:32:32:4:8:1:1:0:4:4:2:2:1:10:2:1:1:0:2
contract_behavior_v1_round1,Ascend910B3,20,external_v2_dense_large,4608,5120,6144,fp16,0,0,20:464:2560:128:32:32:32:8:4:1:1:0:4:4:2:2:1:10:2:1:1:0:2
contract_behavior_v1_round1,Ascend910B3,20,external_v2_dense_large,4608,5120,6144,fp16,0,0,20:464:2560:96:32:32:32:3:6:1:1:1:3:3:2:2:1:10:2:1:1:0:2
contract_behavior_v1_round1,Ascend910B3,20,external_v2_dense_large,4608,5120,6144,fp16,0,0,20:464:2560:96:32:32:32:6:3:1:1:1:3:3:2:2:1:10:2:1:1:0:2
contract_behavior_v1_round1,Ascend910B3,20,external_v2_dense_large,4608,5120,6144,fp16,0,0,20:464:2560:64:32:32:32:2:4:1:1:0:2:2:2:2:1:10:2:1:1:0:2
contract_behavior_v1_round1,Ascend910B3,20,external_v2_dense_large,4608,5120,6144,fp16,0,0,20:1152:1024:6144:32:48:512:2:2:1:1:1:1:1:1:1:1:4:5:1:1:2:0
contract_behavior_v1_round1,Ascend910B3,20,external_v2_dense_large,4608,5120,6144,fp16,0,0,20:1152:1024:6144:80:80:96:2:4:1:2:1:1:1:2:2:2:2:3:2:2:0:0
contract_behavior_v1_round1,Ascend910B3,20,external_v2_dense_large,4608,5120,6144,fp16,0,0,16:384:5120:384:128:128:128:9:6:3:1:1:3:3:2:2:2:1:1:12:1:0:3
contract_behavior_v1_round1,Ascend910B3,20,external_v2_dense_large,4608,5120,6144,fp16,0,0,20:160:5120:6144:16:16:96:2:4:1:2:0:2:2:2:1:1:1:1:29:1:0:0
contract_behavior_v1_round1,Ascend910B3,20,external_v2_dense_large,4608,5120,6144,fp16,0,0,14:672:2560:6144:48:48:48:64:32:4:4:1:8:8:1:1:1:1:1:7:2:1:0
contract_behavior_v1_round1,Ascend910B3,20,external_v2_dense_large,4608,5120,6144,fp16,0,0,18:768:1712:6144:32:32:16:64:32:4:4:0:8:8:2:2:2:6:2:1:2:1:0
contract_behavior_v1_round1,Ascend910B3,20,external_v2_dense_large,4608,5120,6144,fp16,0,0,10:464:5120:6144:48:256:16:8:16:1:2:1:4:4:1:2:1:10:1:1:1:0:0
contract_behavior_v1_round1,Ascend910B3,20,external_v2_dense_large,4608,5120,6144,fp16,0,0,16:576:2560:6144:80:368:16:4:2:4:2:0:1:1:1:1:1:8:2:1:1:1:0
contract_behavior_v1_round1,Ascend910B3,20,external_v2_dense_large,4608,5120,6144,fp16,0,0,20:336:1712:256:48:64:16:128:128:4:4:1:16:16:2:2:2:1:3:14:1:1:2
contract_behavior_v1_round1,Ascend910B3,20,external_v2_dense_large,4608,5120,6144,fp16,0,0,20:368:736:6144:32:48:128:4:1:4:1:1:1:1:1:1:1:13:2:1:5:1:0
contract_behavior_v1_round1,Ascend910B3,20,external_v2_dense_large,4608,5120,6144,fp16,0,0,20:576:256:6144:96:80:32:32:16:4:2:1:4:4:2:1:1:8:7:1:3:2:0
contract_behavior_v1_round1,Ascend910B3,20,external_v2_dense_large,4608,5120,6144,fp16,0,0,20:288:368:6144:16:144:16:4:2:2:2:0:1:1:1:2:1:16:2:1:10:2:0
contract_behavior_v1_round1,Ascend910B3,20,external_v2_dense_large,4608,5120,6144,fp16,0,0,20:224:128:6144:32:96:160:2:1:1:1:0:1:1:2:2:2:21:3:1:18:2:0
contract_behavior_v1_round1,Ascend910B3,20,external_v2_dense_large,4608,5120,6144,fp16,0,0,20:192:272:6144:192:160:16:2:2:1:1:1:1:1:2:1:1:6:4:4:6:0:0
contract_behavior_v1_round1,Ascend910B3,20,external_v2_dense_large,4608,5120,6144,fp16,0,0,20:432:64:6144:16:16:448:4:8:1:2:1:2:2:2:2:2:1:1:11:80:1:0
contract_behavior_v1_round1,Ascend910B3,20,external_v2_dense_large,4608,5120,6144,fp16,0,0,20:176:176:6144:16:16:768:8:8:4:2:1:2:2:1:2:1:27:2:1:18:2:0
contract_behavior_v1_round1,Ascend910B3,20,external_v2_dense_large,4608,5120,6144,fp16,0,0,20:128:208:6144:16:16:896:4:2:1:1:0:2:2:1:1:1:36:4:1:7:1:0
contract_behavior_v1_round1,Ascend910B3,20,external_v2_dense_large,4608,5120,6144,fp16,0,0,1:384:5120:384:128:128:128:9:6:3:1:1:3:3:2:2:2:1:1:12:1:0:3
contract_behavior_v1_round1,Ascend910B3,20,external_v2_k_shallow,1792,2048,320,fp16,0,0,20:448:416:256:96:48:16:96:32:3:2:0:16:16:2:2:1:4:1:1:5:0:2
contract_behavior_v1_round1,Ascend910B3,20,external_v2_k_shallow,1792,2048,320,fp16,0,0,20:448:416:256:112:32:16:64:128:4:4:1:16:16:1:2:1:1:1:4:5:2:2
contract_behavior_v1_round1,Ascend910B3,20,external_v2_k_shallow,1792,2048,320,fp16,0,0,20:448:416:256:96:48:16:48:64:3:2:0:16:16:2:2:1:4:1:1:5:0:2
contract_behavior_v1_round1,Ascend910B3,20,external_v2_k_shallow,1792,2048,320,fp16,0,0,20:448:416:128:112:32:16:64:64:4:4:1:8:8:1:2:1:4:1:1:5:0:2
contract_behavior_v1_round1,Ascend910B3,20,external_v2_k_shallow,1792,2048,320,fp16,0,0,20:448:416:128:112:32:16:64:32:4:4:1:8:8:1:2:1:1:1:4:5:2:2
contract_behavior_v1_round1,Ascend910B3,20,external_v2_k_shallow,1792,2048,320,fp16,0,0,20:448:416:256:96:48:16:48:32:3:2:0:16:16:2:2:1:1:1:4:5:2:2
contract_behavior_v1_round1,Ascend910B3,20,external_v2_k_shallow,1792,2048,320,fp16,0,0,20:448:416:128:96:48:16:48:16:3:2:0:8:8:2:2:1:4:1:1:5:0:2
contract_behavior_v1_round1,Ascend910B3,20,external_v2_k_shallow,1792,2048,320,fp16,0,0,20:448:416:96:112:32:16:48:48:4:4:1:6:6:1:2:1:4:1:1:5:0:2
contract_behavior_v1_round1,Ascend910B3,20,external_v2_k_shallow,1792,2048,320,fp16,0,0,20:448:416:96:112:32:16:48:24:4:4:1:6:6:1:2:1:1:1:4:5:2:2
contract_behavior_v1_round1,Ascend910B3,20,external_v2_k_shallow,1792,2048,320,fp16,0,0,20:448:416:96:96:48:16:36:12:3:2:0:6:6:2:2:1:4:1:1:5:0:2
contract_behavior_v1_round1,Ascend910B3,20,external_v2_k_shallow,1792,2048,320,fp16,0,0,20:448:416:128:96:48:16:24:32:3:2:0:8:8:2:2:1:4:1:1:5:0:2
contract_behavior_v1_round1,Ascend910B3,20,external_v2_k_shallow,1792,2048,320,fp16,0,0,20:448:416:128:112:32:16:32:64:4:4:1:8:8:1:2:1:1:1:4:5:2:2
contract_behavior_v1_round1,Ascend910B3,20,external_v2_k_shallow,1792,2048,320,fp16,0,0,20:448:416:256:48:48:16:96:64:3:2:0:16:16:1:2:1:1:1:4:5:0:2
contract_behavior_v1_round1,Ascend910B3,20,external_v2_k_shallow,1792,2048,320,fp16,0,0,20:448:416:256:112:32:16:128:64:4:4:1:16:16:1:2:1:1:1:4:5:2:2
contract_behavior_v1_round1,Ascend910B3,20,external_v2_k_shallow,1792,2048,320,fp16,0,0,20:448:416:64:112:32:16:32:32:4:4:1:4:4:1:2:1:4:1:1:5:0:2
contract_behavior_v1_round1,Ascend910B3,20,external_v2_k_shallow,1792,2048,320,fp16,0,0,20:368:512:320:16:16:112:8:4:4:2:1:2:2:1:1:1:3:2:2:3:0:0
contract_behavior_v1_round1,Ascend910B3,20,external_v2_k_shallow,1792,2048,320,fp16,0,0,10:192:2048:192:32:32:32:12:18:2:3:1:6:6:2:2:2:2:1:9:1:2:2
contract_behavior_v1_round1,Ascend910B3,20,external_v2_k_shallow,1792,2048,320,fp16,0,0,8:1792:256:256:80:64:16:128:64:4:4:1:16:16:1:1:1:1:1:1:8:0:2
contract_behavior_v1_round1,Ascend910B3,20,external_v2_k_shallow,1792,2048,320,fp16,0,0,18:304:688:320:32:96:320:2:4:2:2:1:1:1:2:1:1:6:1:1:3:0:0
contract_behavior_v1_round1,Ascend910B3,20,external_v2_k_shallow,1792,2048,320,fp16,0,0,16:224:1024:320:32:80:16:2:4:1:4:0:1:1:2:2:2:2:1:5:2:0:0
contract_behavior_v1_round1,Ascend910B3,20,external_v2_k_shallow,1792,2048,320,fp16,0,0,7:288:2048:128:96:16:32:12:16:3:2:0:4:4:1:1:1:3:1:3:1:0:2
contract_behavior_v1_round1,Ascend910B3,20,external_v2_k_shallow,1792,2048,320,fp16,0,0,20:896:208:320:96:32:256:1:2:1:1:0:1:1:1:1:1:2:1:1:10:0:0
contract_behavior_v1_round1,Ascend910B3,20,external_v2_k_shallow,1792,2048,320,fp16,0,0,10:192:2048:320:48:672:16:4:1:2:1:1:1:1:1:2:1:2:1:9:1:0:0
contract_behavior_v1_round1,Ascend910B3,20,external_v2_k_shallow,1792,2048,320,fp16,0,0,10:192:2048:320:32:192:32:16:16:2:4:1:4:4:2:2:1:2:1:7:1:0:0
contract_behavior_v1_round1,Ascend910B3,20,external_v2_k_shallow,1792,2048,320,fp16,0,0,6:320:2048:320:320:64:16:1:4:1:4:0:1:1:2:1:1:2:1:4:1:0:0
contract_behavior_v1_round1,Ascend910B3,20,external_v2_k_shallow,1792,2048,320,fp16,0,0,4:576:2048:256:192:16:16:48:32:3:2:0:16:16:1:2:1:2:1:2:1:1:2
contract_behavior_v1_round1,Ascend910B3,20,external_v2_k_shallow,1792,2048,320,fp16,0,0,5:1792:448:320:64:448:48:28:7:2:1:0:7:7:2:1:1:1:2:1:4:0:0
contract_behavior_v1_round1,Ascend910B3,20,external_v2_k_shallow,1792,2048,320,fp16,0,0,20:256:352:320:16:64:256:1:1:1:1:1:1:1:2:2:2:7:1:1:6:0:0
contract_behavior_v1_round1,Ascend910B3,20,external_v2_k_shallow,1792,2048,320,fp16,0,0,20:224:304:320:48:48:256:8:8:4:2:1:2:2:1:1:1:8:1:1:7:0:0
contract_behavior_v1_round1,Ascend910B3,20,external_v2_k_shallow,1792,2048,320,fp16,0,0,20:256:64:320:64:64:32:4:2:4:1:0:1:1:2:1:1:1:2:7:24:0:0
contract_behavior_v1_round1,Ascend910B3,20,external_v2_k_shallow,1792,2048,320,fp16,0,0,20:304:16:320:16:16:16:16:4:2:1:1:4:4:2:2:2:1:3:6:43:0:0
contract_behavior_v1_round1,Ascend910B3,20,external_v2_k_shallow,1792,2048,320,fp16,0,0,20:304:16:320:176:16:128:1:1:1:1:1:1:1:1:2:1:6:5:1:29:0:0
contract_behavior_v1_round1,Ascend910B3,20,external_v2_k_deep,1024,1536,32768,fp16,0,0,20:256:320:80:48:32:80:8:4:4:4:0:1:1:1:2:1:2:2:2:3:2:2
contract_behavior_v1_round1,Ascend910B3,20,external_v2_k_deep,1024,1536,32768,fp16,0,0,20:256:320:80:48:32:80:4:8:4:4:0:1:1:1:2:1:2:2:2:3:2:2
contract_behavior_v1_round1,Ascend910B3,20,external_v2_k_deep,1024,1536,32768,fp16,0,0,20:256:320:320:48:32:80:16:16:4:4:1:4:4:1:2:1:2:2:2:3:1:2
contract_behavior_v1_round1,Ascend910B3,20,external_v2_k_deep,1024,1536,32768,fp16,0,0,20:256:320:240:48:32:80:12:12:4:4:0:3:3:1:2:1:2:2:2:3:1:2
contract_behavior_v1_round1,Ascend910B3,20,external_v2_k_deep,1024,1536,32768,fp16,0,0,20:256:320:320:48:32:80:32:16:4:4:1:4:4:1:2:1:2:2:2:3:2:2
contract_behavior_v1_round1,Ascend910B3,20,external_v2_k_deep,1024,1536,32768,fp16,0,0,20:256:320:160:48:32:80:8:8:4:4:1:2:2:1:2:1:2:2:2:3:1:2
contract_behavior_v1_round1,Ascend910B3,20,external_v2_k_deep,1024,1536,32768,fp16,0,0,20:256:320:320:48:32:80:16:32:4:4:1:4:4:1:2:1:2:2:2:3:2:2
contract_behavior_v1_round1,Ascend910B3,20,external_v2_k_deep,1024,1536,32768,fp16,0,0,20:256:320:80:48:32:80:4:4:4:4:0:1:1:1:2:1:2:2:2:3:1:2
contract_behavior_v1_round1,Ascend910B3,20,external_v2_k_deep,1024,1536,32768,fp16,0,0,20:256:320:480:48:32:80:24:48:4:4:1:6:6:1:2:1:2:2:2:3:2:2
contract_behavior_v1_round1,Ascend910B3,20,external_v2_k_deep,1024,1536,32768,fp16,0,0,20:512:160:480:16:16:80:36:24:3:2:0:6:6:2:2:2:1:1:2:10:1:2
contract_behavior_v1_round1,Ascend910B3,20,external_v2_k_deep,1024,1536,32768,fp16,0,0,20:256:320:480:48:32:80:48:24:4:4:1:6:6:1:2:1:2:2:2:3:2:2
contract_behavior_v1_round1,Ascend910B3,20,external_v2_k_deep,1024,1536,32768,fp16,0,0,20:512:160:320:16:16:80:24:16:3:2:0:4:4:2:2:2:1:1:2:10:1:2
contract_behavior_v1_round1,Ascend910B3,20,external_v2_k_deep,1024,1536,32768,fp16,0,0,20:512:160:240:16:16:80:18:12:3:2:1:3:3:2:2:2:1:1:2:10:1:2
contract_behavior_v1_round1,Ascend910B3,20,external_v2_k_deep,1024,1536,32768,fp16,0,0,20:512:160:160:16:16:80:12:8:3:2:0:2:2:2:2:2:1:1:2:10:1:2
contract_behavior_v1_round1,Ascend910B3,20,external_v2_k_deep,1024,1536,32768,fp16,0,0,20:512:160:32768:16:16:256:8:2:4:1:1:2:2:2:2:2:1:5:2:2:2:0
contract_behavior_v1_round1,Ascend910B3,20,external_v2_k_deep,1024,1536,32768,fp16,0,0,14:160:768:32768:16:32:512:1:1:1:1:1:1:1:1:2:1:7:1:1:2:2:0
contract_behavior_v1_round1,Ascend910B3,20,external_v2_k_deep,1024,1536,32768,fp16,0,0,20:32:1536:32768:32:192:128:2:1:1:1:0:1:1:1:1:1:1:1:32:1:0:0
contract_behavior_v1_round1,Ascend910B3,20,external_v2_k_deep,1024,1536,32768,fp16,0,0,11:96:1536:32768:48:32:64:4:2:2:2:0:1:1:1:2:1:1:1:11:1:0:0
contract_behavior_v1_round1,Ascend910B3,20,external_v2_k_deep,1024,1536,32768,fp16,0,0,20:112:256:32768:32:16:256:16:8:1:1:1:8:8:1:1:1:10:6:1:1:2:0
contract_behavior_v1_round1,Ascend910B3,20,external_v2_k_deep,1024,1536,32768,fp16,0,0,16:64:1536:32768:16:80:16:8:32:1:4:1:4:4:2:1:1:16:1:1:1:0:0
contract_behavior_v1_round1,Ascend910B3,20,external_v2_k_deep,1024,1536,32768,fp16,0,0,20:1024:384:384:128:128:128:6:9:1:3:0:3:3:2:2:2:1:1:1:4:1:3
contract_behavior_v1_round1,Ascend910B3,20,external_v2_k_deep,1024,1536,32768,fp16,0,0,8:1024:192:32768:80:192:32:4:4:1:1:1:2:2:2:2:1:1:1:1:8:1:0
contract_behavior_v1_round1,Ascend910B3,20,external_v2_k_deep,1024,1536,32768,fp16,0,0,8:384:1536:384:128:128:128:9:6:3:1:1:3:3:2:2:2:1:1:3:1:0:3
contract_behavior_v1_round1,Ascend910B3,20,external_v2_k_deep,1024,1536,32768,fp16,0,0,20:160:64:768:32:32:96:48:16:3:2:0:8:8:2:1:1:1:12:7:2:0:2
contract_behavior_v1_round1,Ascend910B3,20,external_v2_k_deep,1024,1536,32768,fp16,0,0,4:288:1536:32768:288:16:80:8:16:1:1:0:8:8:1:2:1:1:1:4:1:0:0
contract_behavior_v1_round1,Ascend910B3,20,external_v2_k_deep,1024,1536,32768,fp16,0,0,4:288:1536:32768:288:16:48:4:8:1:1:0:4:4:2:2:2:1:1:4:1:0:0
contract_behavior_v1_round1,Ascend910B3,20,external_v2_k_deep,1024,1536,32768,fp16,0,0,20:464:176:32768:464:64:16:1:1:1:1:1:1:1:2:1:1:1:1:3:9:1:0
contract_behavior_v1_round1,Ascend910B3,20,external_v2_k_deep,1024,1536,32768,fp16,0,0,20:160:144:32768:144:112:16:8:4:1:1:0:4:4:2:2:2:3:4:3:3:2:0
contract_behavior_v1_round1,Ascend910B3,20,external_v2_k_deep,1024,1536,32768,fp16,0,0,20:32:96:32768:16:48:384:4:2:2:1:0:2:2:2:1:1:1:16:32:1:2:0
contract_behavior_v1_round1,Ascend910B3,20,external_v2_k_deep,1024,1536,32768,fp16,0,0,20:144:112:32768:144:16:16:1:8:1:4:0:1:1:1:1:1:8:4:1:4:1:0
contract_behavior_v1_round1,Ascend910B3,20,external_v2_k_deep,1024,1536,32768,fp16,0,0,2:624:1536:32768:624:32:16:2:4:1:2:1:1:1:1:1:1:2:1:1:1:0:0
contract_behavior_v1_round1,Ascend910B3,20,external_v2_k_deep,1024,1536,32768,fp16,0,0,20:128:32:32768:128:16:32:2:4:1:1:1:2:2:2:2:1:8:3:1:18:0:0
contract_behavior_v1_round1,Ascend910B3,20,external_v2_k_low_output_deep_aligned,192,128,24576,fp16,0,0,16:96:16:1280:16:16:160:16:16:1:1:0:8:8:1:2:1:1:3:2:3:0:2
contract_behavior_v1_round1,Ascend910B3,20,external_v2_k_low_output_deep_aligned,192,128,24576,fp16,0,0,16:96:16:2560:16:16:160:32:32:1:1:0:16:16:1:2:1:1:3:2:3:0:2
contract_behavior_v1_round1,Ascend910B3,20,external_v2_k_low_output_deep_aligned,192,128,24576,fp16,0,0,16:96:16:960:16:16:160:12:12:1:1:0:6:6:1:2:1:1:3:2:3:0:2
contract_behavior_v1_round1,Ascend910B3,20,external_v2_k_low_output_deep_aligned,192,128,24576,fp16,0,0,16:96:16:640:16:16:160:8:8:1:1:0:4:4:1:2:1:1:3:2:3:0:2
contract_behavior_v1_round1,Ascend910B3,20,external_v2_k_low_output_deep_aligned,192,128,24576,fp16,0,0,16:96:16:480:16:16:160:6:6:1:1:1:3:3:1:2:1:1:3:2:3:0:2
contract_behavior_v1_round1,Ascend910B3,20,external_v2_k_low_output_deep_aligned,192,128,24576,fp16,0,0,16:96:16:320:16:16:160:4:4:1:1:0:2:2:1:2:1:1:3:2:3:0:2
contract_behavior_v1_round1,Ascend910B3,20,external_v2_k_low_output_deep_aligned,192,128,24576,fp16,0,0,16:96:16:160:16:16:160:2:2:1:1:1:1:1:1:2:1:1:3:2:3:0:2
contract_behavior_v1_round1,Ascend910B3,20,external_v2_k_low_output_deep_aligned,192,128,24576,fp16,0,0,16:96:16:2560:16:16:160:16:32:1:1:0:16:16:1:2:1:1:2:2:6:2:2
contract_behavior_v1_round1,Ascend910B3,20,external_v2_k_low_output_deep_aligned,192,128,24576,fp16,0,0,16:96:16:2560:16:16:160:32:16:1:1:0:16:16:1:2:1:1:2:2:6:2:2
contract_behavior_v1_round1,Ascend910B3,20,external_v2_k_low_output_deep_aligned,192,128,24576,fp16,0,0,16:96:16:1280:16:16:160:8:16:1:1:0:8:8:1:2:1:1:2:2:6:2:2
contract_behavior_v1_round1,Ascend910B3,20,external_v2_k_low_output_deep_aligned,192,128,24576,fp16,0,0,16:96:16:1280:16:16:160:16:8:1:1:0:8:8:1:2:1:1:2:2:6:2:2
contract_behavior_v1_round1,Ascend910B3,20,external_v2_k_low_output_deep_aligned,192,128,24576,fp16,0,0,16:96:16:960:16:16:160:6:12:1:1:0:6:6:1:2:1:1:2:2:6:2:2
contract_behavior_v1_round1,Ascend910B3,20,external_v2_k_low_output_deep_aligned,192,128,24576,fp16,0,0,16:96:16:960:16:16:160:12:6:1:1:0:6:6:1:2:1:1:2:2:6:2:2
contract_behavior_v1_round1,Ascend910B3,20,external_v2_k_low_output_deep_aligned,192,128,24576,fp16,0,0,16:96:16:2560:16:16:160:16:16:1:1:0:16:16:1:2:1:1:2:2:6:1:2
contract_behavior_v1_round1,Ascend910B3,20,external_v2_k_low_output_deep_aligned,192,128,24576,fp16,0,0,18:32:48:24576:16:48:384:1:1:1:1:1:1:1:1:1:1:2:1:3:3:0:0
contract_behavior_v1_round1,Ascend910B3,20,external_v2_k_low_output_deep_aligned,192,128,24576,fp16,0,0,6:32:128:24576:16:32:448:1:2:1:1:1:1:1:2:2:2:3:1:2:1:0:0
contract_behavior_v1_round1,Ascend910B3,20,external_v2_k_low_output_deep_aligned,192,128,24576,fp16,0,0,20:16:64:24576:16:16:48:4:8:1:1:0:4:4:2:2:2:1:2:12:1:0:0
contract_behavior_v1_round1,Ascend910B3,20,external_v2_k_low_output_deep_aligned,192,128,24576,fp16,0,0,4:48:128:24576:48:32:160:8:32:1:2:0:8:8:1:1:1:1:1:4:1:0:0
contract_behavior_v1_round1,Ascend910B3,20,external_v2_k_low_output_deep_aligned,192,128,24576,fp16,0,0,8:48:64:24576:48:32:16:4:4:1:1:1:2:2:2:1:1:4:2:1:1:0:0
contract_behavior_v1_round1,Ascend910B3,20,external_v2_k_low_output_deep_aligned,192,128,24576,fp16,0,0,2:192:64:768:32:32:96:48:32:3:2:0:8:8:2:1:1:1:1:1:2:0:2
contract_behavior_v1_round1,Ascend910B3,20,external_v2_k_low_output_deep_aligned,192,128,24576,fp16,0,0,2:192:64:48:48:64:48:1:1:1:1:1:1:1:2:2:2:1:1:1:2:2:2
contract_behavior_v1_round1,Ascend910B3,20,external_v2_k_low_output_deep_aligned,192,128,24576,fp16,0,0,2:128:144:288:64:48:96:12:9:2:3:0:3:3:1:1:1:2:1:1:1:1:2
contract_behavior_v1_round1,Ascend910B3,20,external_v2_k_low_output_deep_aligned,192,128,24576,fp16,0,0,2:192:80:24576:64:80:128:8:16:1:1:0:8:8:2:2:2:1:1:1:2:0:0
contract_behavior_v1_round1,Ascend910B3,20,external_v2_k_low_output_deep_aligned,192,128,24576,fp16,0,0,1:192:128:512:48:32:32:128:64:4:4:1:16:16:1:2:1:1:1:1:1:2:2
contract_behavior_v1_round1,Ascend910B3,20,external_v2_k_low_output_deep_aligned,192,128,24576,fp16,0,0,2:96:384:24576:48:384:64:16:8:2:1:1:4:4:1:1:1:2:1:1:1:0:0
contract_behavior_v1_round1,Ascend910B3,20,external_v2_k_low_output_deep_aligned,192,128,24576,fp16,0,0,20:384:128:384:128:128:128:9:6:3:1:1:3:3:2:2:1:1:1:12:1:0:3
contract_behavior_v1_round1,Ascend910B3,20,external_v2_k_low_output_deep_aligned,192,128,24576,fp16,0,0,4:48:576:16:16:192:16:2:3:2:3:0:1:1:2:1:1:2:1:2:1:0:2
contract_behavior_v1_round1,Ascend910B3,20,external_v2_k_low_output_deep_aligned,192,128,24576,fp16,0,0,2:640:64:96:160:16:16:48:48:4:4:1:6:6:1:2:1:1:2:1:1:0:2
contract_behavior_v1_round1,Ascend910B3,20,external_v2_k_low_output_deep_aligned,192,128,24576,fp16,0,0,1:256:128:24576:256:128:16:16:16:1:1:0:8:8:2:1:1:1:1:1:1:0:0
contract_behavior_v1_round1,Ascend910B3,20,external_v2_k_low_output_deep_aligned,192,128,24576,fp16,0,0,1:192:192:24576:16:192:16:8:1:4:1:0:1:1:2:2:2:1:1:1:1:0:0
contract_behavior_v1_round1,Ascend910B3,20,external_v2_k_low_output_deep_aligned,192,128,24576,fp16,0,0,2:96:672:24576:48:672:16:2:1:1:1:1:1:1:1:2:1:2:1:1:1:0:0
contract_behavior_v1_round1,Ascend910B3,20,external_v2_k_low_output_deep_aligned,192,128,24576,fp16,0,0,2:96:384:512:16:96:32:128:64:4:4:1:16:16:2:1:1:2:1:1:1:1:2
contract_behavior_v1_round1,Ascend910B3,20,external_v2_k_low_output_deep_odd,512,384,12289,fp16,0,0,20:128:80:1280:16:16:160:48:16:3:2:0:8:8:2:2:2:1:3:4:2:1:2
contract_behavior_v1_round1,Ascend910B3,20,external_v2_k_low_output_deep_odd,512,384,12289,fp16,0,0,20:128:80:960:16:16:160:36:24:3:2:0:6:6:2:2:2:1:3:4:2:2:2
contract_behavior_v1_round1,Ascend910B3,20,external_v2_k_low_output_deep_odd,512,384,12289,fp16,0,0,20:128:80:1280:16:16:160:48:32:3:2:0:8:8:2:2:2:1:3:4:2:2:2
contract_behavior_v1_round1,Ascend910B3,20,external_v2_k_low_output_deep_odd,512,384,12289,fp16,0,0,20:128:80:1280:16:16:160:24:32:3:2:0:8:8:2:2:2:1:3:4:2:1:2
contract_behavior_v1_round1,Ascend910B3,20,external_v2_k_low_output_deep_odd,512,384,12289,fp16,0,0,20:128:80:2560:16:16:160:48:32:3:2:0:16:16:2:2:2:1:3:4:2:0:2
contract_behavior_v1_round1,Ascend910B3,20,external_v2_k_low_output_deep_odd,512,384,12289,fp16,0,0,20:128:80:160:16:16:160:6:2:3:2:1:1:1:2:2:2:1:3:4:2:1:2
contract_behavior_v1_round1,Ascend910B3,20,external_v2_k_low_output_deep_odd,512,384,12289,fp16,0,0,20:128:80:160:16:16:160:3:4:3:2:1:1:1:2:2:2:1:3:4:2:1:2
contract_behavior_v1_round1,Ascend910B3,20,external_v2_k_low_output_deep_odd,512,384,12289,fp16,0,0,20:128:80:960:16:16:160:36:12:3:2:0:6:6:2:2:2:1:3:4:2:1:2
contract_behavior_v1_round1,Ascend910B3,20,external_v2_k_low_output_deep_odd,512,384,12289,fp16,0,0,20:128:80:1280:16:16:160:24:16:3:2:0:8:8:2:2:2:1:3:4:2:0:2
contract_behavior_v1_round1,Ascend910B3,20,external_v2_k_low_output_deep_odd,512,384,12289,fp16,0,0,20:128:80:960:16:16:160:18:24:3:2:0:6:6:2:2:2:1:3:4:2:1:2
contract_behavior_v1_round1,Ascend910B3,20,external_v2_k_low_output_deep_odd,512,384,12289,fp16,0,0,20:128:80:640:16:16:160:24:16:3:2:0:4:4:2:2:2:1:3:4:2:2:2
contract_behavior_v1_round1,Ascend910B3,20,external_v2_k_low_output_deep_odd,512,384,12289,fp16,0,0,20:128:80:960:16:16:160:18:12:3:2:0:6:6:2:2:2:1:3:4:2:0:2
contract_behavior_v1_round1,Ascend910B3,20,external_v2_k_low_output_deep_odd,512,384,12289,fp16,0,0,20:128:80:640:16:16:160:24:8:3:2:0:4:4:2:2:2:1:3:4:2:1:2
contract_behavior_v1_round1,Ascend910B3,20,external_v2_k_low_output_deep_odd,512,384,12289,fp16,0,0,20:128:80:480:16:16:160:18:12:3:2:1:3:3:2:2:2:1:3:4:2:2:2
contract_behavior_v1_round1,Ascend910B3,20,external_v2_k_low_output_deep_odd,512,384,12289,fp16,0,0,20:128:80:12289:128:16:128:2:8:1:4:1:1:1:1:1:1:4:1:1:5:0:0
contract_behavior_v1_round1,Ascend910B3,20,external_v2_k_low_output_deep_odd,512,384,12289,fp16,0,0,6:176:192:48:64:64:48:2:3:2:3:0:1:1:2:1:1:3:1:1:2:2:2
contract_behavior_v1_round1,Ascend910B3,20,external_v2_k_low_output_deep_odd,512,384,12289,fp16,0,0,16:128:96:12289:96:64:16:4:8:1:1:0:4:4:2:2:2:2:1:3:4:0:0
contract_behavior_v1_round1,Ascend910B3,20,external_v2_k_low_output_deep_odd,512,384,12289,fp16,0,0,8:144:192:12289:144:48:96:16:8:1:1:1:8:8:1:1:1:1:2:4:1:0:0
contract_behavior_v1_round1,Ascend910B3,20,external_v2_k_low_output_deep_odd,512,384,12289,fp16,0,0,20:176:16:12289:16:16:1024:2:2:2:1:1:1:1:1:2:1:1:6:3:4:1:0
contract_behavior_v1_round1,Ascend910B3,20,external_v2_k_low_output_deep_odd,512,384,12289,fp16,0,0,6:240:192:32:80:48:32:3:4:3:2:1:1:1:1:2:1:3:1:1:2:0:2
contract_behavior_v1_round1,Ascend910B3,20,external_v2_k_low_output_deep_odd,512,384,12289,fp16,0,0,6:208:192:12289:208:48:48:8:16:1:2:0:4:4:1:2:1:3:2:1:1:0:0
contract_behavior_v1_round1,Ascend910B3,20,external_v2_k_low_output_deep_odd,512,384,12289,fp16,0,0,12:96:336:12289:96:336:16:1:2:1:1:1:1:1:1:2:1:6:1:1:2:0:0
contract_behavior_v1_round1,Ascend910B3,20,external_v2_k_low_output_deep_odd,512,384,12289,fp16,0,0,20:416:32:12289:416:16:16:1:4:1:2:0:1:1:1:2:1:2:2:1:6:1:0
contract_behavior_v1_round1,Ascend910B3,20,external_v2_k_low_output_deep_odd,512,384,12289,fp16,0,0,3:192:384:512:64:16:32:96:64:3:2:0:16:16:1:1:1:3:1:1:1:2:2
contract_behavior_v1_round1,Ascend910B3,20,external_v2_k_low_output_deep_odd,512,384,12289,fp16,0,0,20:16:80:12289:16:16:896:4:4:1:2:0:2:2:1:1:1:1:2:32:3:2:0
contract_behavior_v1_round1,Ascend910B3,20,external_v2_k_low_output_deep_odd,512,384,12289,fp16,0,0,20:64:16:12289:32:16:64:2:1:2:1:1:1:1:2:2:2:3:5:3:5:2:0
contract_behavior_v1_round1,Ascend910B3,20,external_v2_k_low_output_deep_odd,512,384,12289,fp16,0,0,20:384:384:384:128:128:128:9:6:3:1:1:3:3:2:2:2:1:1:2:1:0:3
contract_behavior_v1_round1,Ascend910B3,20,external_v2_k_low_output_deep_odd,512,384,12289,fp16,0,0,3:512:128:12289:128:128:16:2:2:1:1:1:1:1:2:2:2:1:3:1:1:0:0
contract_behavior_v1_round1,Ascend910B3,20,external_v2_k_low_output_deep_odd,512,384,12289,fp16,0,0,2:512:256:12289:64:256:128:4:1:2:1:0:1:1:1:1:1:1:1:1:2:0:0
contract_behavior_v1_round1,Ascend910B3,20,external_v2_k_low_output_deep_odd,512,384,12289,fp16,0,0,2:288:384:12289:288:32:48:16:16:1:1:0:8:8:2:2:2:1:1:2:1:0:0
contract_behavior_v1_round1,Ascend910B3,20,external_v2_k_low_output_deep_odd,512,384,12289,fp16,0,0,4:384:384:384:128:128:128:9:6:3:1:1:3:3:2:2:2:1:1:2:1:0:3
contract_behavior_v1_round1,Ascend910B3,20,external_v2_k_low_output_deep_odd,512,384,12289,fp16,0,0,2:512:304:12289:16:304:16:4:2:2:1:0:2:2:2:1:1:1:1:1:2:0:0
contract_behavior_v1_round1,Ascend910B3,20,external_v2_skinny_m,47,3584,12288,fp16,0,0,19:64:192:640:16:16:320:16:16:4:4:1:2:2:1:1:1:1:1:1:19:0:2
contract_behavior_v1_round1,Ascend910B3,20,external_v2_skinny_m,47,3584,12288,fp16,0,0,19:64:192:1280:16:16:320:16:16:4:4:1:4:4:1:1:1:1:5:1:4:1:2
contract_behavior_v1_round1,Ascend910B3,20,external_v2_skinny_m,47,3584,12288,fp16,0,0,19:64:192:960:16:16:320:12:24:4:4:0:3:3:1:1:1:1:5:1:4:2:2
contract_behavior_v1_round1,Ascend910B3,20,external_v2_skinny_m,47,3584,12288,fp16,0,0,19:64:192:960:16:16:320:24:12:4:4:0:3:3:1:1:1:1:5:1:4:2:2
contract_behavior_v1_round1,Ascend910B3,20,external_v2_skinny_m,47,3584,12288,fp16,0,0,19:64:192:640:16:16:320:8:16:4:4:1:2:2:1:1:1:1:5:1:4:2:2
contract_behavior_v1_round1,Ascend910B3,20,external_v2_skinny_m,47,3584,12288,fp16,0,0,19:64:192:640:16:16:320:16:8:4:4:1:2:2:1:1:1:1:5:1:4:2:2
contract_behavior_v1_round1,Ascend910B3,20,external_v2_skinny_m,47,3584,12288,fp16,0,0,19:64:192:960:16:16:320:12:12:4:4:0:3:3:1:1:1:1:5:1:4:1:2
contract_behavior_v1_round1,Ascend910B3,20,external_v2_skinny_m,47,3584,12288,fp16,0,0,19:64:192:960:16:16:320:24:24:4:4:0:3:3:1:1:1:1:1:1:19:0:2
contract_behavior_v1_round1,Ascend910B3,20,external_v2_skinny_m,47,3584,12288,fp16,0,0,19:64:192:1280:16:16:320:16:32:4:4:1:4:4:1:1:1:1:5:1:4:2:2
contract_behavior_v1_round1,Ascend910B3,20,external_v2_skinny_m,47,3584,12288,fp16,0,0,19:64:192:1280:16:16:320:32:16:4:4:1:4:4:1:1:1:1:5:1:4:2:2
contract_behavior_v1_round1,Ascend910B3,20,external_v2_skinny_m,47,3584,12288,fp16,0,0,19:64:192:1920:16:16:320:24:24:4:4:1:6:6:1:1:1:1:5:1:4:1:2
contract_behavior_v1_round1,Ascend910B3,20,external_v2_skinny_m,47,3584,12288,fp16,0,0,19:64:192:320:16:16:320:8:8:4:4:0:1:1:1:1:1:1:1:1:19:0:2
contract_behavior_v1_round1,Ascend910B3,20,external_v2_skinny_m,47,3584,12288,fp16,0,0,19:64:192:640:16:16:320:8:8:4:4:1:2:2:1:1:1:1:5:1:4:1:2
contract_behavior_v1_round1,Ascend910B3,20,external_v2_skinny_m,47,3584,12288,fp16,0,0,19:64:192:320:16:16:320:4:8:4:4:0:1:1:1:1:1:1:5:1:4:2:2
contract_behavior_v1_round1,Ascend910B3,20,external_v2_skinny_m,47,3584,12288,fp16,0,0,14:48:256:160:16:16:160:3:2:3:2:1:1:1:2:2:2:1:4:1:4:0:2
contract_behavior_v1_round1,Ascend910B3,20,external_v2_skinny_m,47,3584,12288,fp16,0,0,19:48:192:12288:16:16:112:2:4:1:2:1:1:1:1:1:1:1:5:1:4:0:0
contract_behavior_v1_round1,Ascend910B3,20,external_v2_skinny_m,47,3584,12288,fp16,0,0,12:16:896:12288:16:16:768:1:1:1:1:1:1:1:2:2:2:1:4:3:1:1:0
contract_behavior_v1_round1,Ascend910B3,20,external_v2_skinny_m,47,3584,12288,fp16,0,0,20:128:384:384:128:128:128:6:9:1:3:0:3:3:2:2:2:1:1:1:10:1:3
contract_behavior_v1_round1,Ascend910B3,20,external_v2_skinny_m,47,3584,12288,fp16,0,0,6:48:608:12288:48:16:256:16:16:1:2:1:8:8:1:1:1:1:2:1:5:0:0
contract_behavior_v1_round1,Ascend910B3,20,external_v2_skinny_m,47,3584,12288,fp16,0,0,20:32:64:12288:32:64:448:1:1:1:1:1:1:1:2:1:1:1:2:2:40:2:0
contract_behavior_v1_round1,Ascend910B3,20,external_v2_skinny_m,47,3584,12288,fp16,0,0,2:96:1792:512:48:32:32:32:96:2:3:1:16:16:2:2:2:1:2:1:1:1:2
contract_behavior_v1_round1,Ascend910B3,20,external_v2_skinny_m,47,3584,12288,fp16,0,0,2:32:3584:12288:32:32:96:16:64:1:4:0:8:8:2:2:2:1:1:2:1:0:0
contract_behavior_v1_round1,Ascend910B3,20,external_v2_skinny_m,47,3584,12288,fp16,0,0,16:288:224:12288:288:48:16:2:4:1:2:0:2:2:2:2:2:1:2:1:10:2:0
contract_behavior_v1_round1,Ascend910B3,20,external_v2_skinny_m,47,3584,12288,fp16,0,0,20:16:48:12288:16:48:32:2:1:1:1:0:1:1:2:2:2:1:5:3:15:2:0
contract_behavior_v1_round1,Ascend910B3,20,external_v2_skinny_m,47,3584,12288,fp16,0,0,20:576:144:16:192:16:16:6:4:3:2:1:1:1:1:2:1:1:9:1:3:0:2
contract_behavior_v1_round1,Ascend910B3,20,external_v2_skinny_m,47,3584,12288,fp16,0,0,1:48:3584:12288:48:336:64:2:1:1:1:0:1:1:2:1:1:1:1:1:1:0:0
contract_behavior_v1_round1,Ascend910B3,20,external_v2_skinny_m,47,3584,12288,fp16,0,0,20:256:112:12288:256:32:16:8:8:1:1:0:8:8:1:1:1:1:4:1:8:2:0
contract_behavior_v1_round1,Ascend910B3,20,external_v2_skinny_m,47,3584,12288,fp16,0,0,2:128:1792:12288:128:16:16:2:8:1:2:1:2:2:2:2:2:1:2:1:1:0:0
contract_behavior_v1_round1,Ascend910B3,20,external_v2_skinny_m,47,3584,12288,fp16,0,0,20:256:16:12288:256:16:80:1:1:1:1:1:1:1:1:2:1:1:19:1:12:1:0
contract_behavior_v1_round1,Ascend910B3,20,external_v2_skinny_m,47,3584,12288,fp16,0,0,1:192:3584:16:64:16:16:3:4:3:2:1:1:1:2:1:1:1:1:1:1:0:2
contract_behavior_v1_round1,Ascend910B3,20,external_v2_skinny_m,47,3584,12288,fp16,0,0,8:384:3584:384:128:128:128:9:6:3:1:1:3:3:2:2:2:1:1:1:1:0:3
contract_behavior_v1_round1,Ascend910B3,20,external_v2_skinny_m,47,3584,12288,fp16,0,0,2:512:1792:12288:512:64:16:4:8:1:2:1:4:4:1:1:1:1:2:1:1:0:0
contract_behavior_v1_round1,Ascend910B3,20,external_v2_skinny_n,3584,73,12288,fp16,0,0,18:208:80:640:16:16:320:16:16:4:4:1:2:2:1:1:1:6:1:3:1:0:2
contract_behavior_v1_round1,Ascend910B3,20,external_v2_skinny_n,3584,73,12288,fp16,0,0,18:208:80:320:16:16:320:8:8:4:4:0:1:1:1:1:1:6:1:3:1:0:2
contract_behavior_v1_round1,Ascend910B3,20,external_v2_skinny_n,3584,73,12288,fp16,0,0,18:208:80:960:16:16:320:12:12:4:4:0:3:3:1:1:1:5:1:4:1:1:2
contract_behavior_v1_round1,Ascend910B3,20,external_v2_skinny_n,3584,73,12288,fp16,0,0,18:208:80:640:16:16:320:8:16:4:4:1:2:2:1:1:1:5:1:4:1:2:2
contract_behavior_v1_round1,Ascend910B3,20,external_v2_skinny_n,3584,73,12288,fp16,0,0,18:208:80:640:16:16:320:16:8:4:4:1:2:2:1:1:1:5:1:4:1:2:2
contract_behavior_v1_round1,Ascend910B3,20,external_v2_skinny_n,3584,73,12288,fp16,0,0,18:208:80:1280:16:16:320:16:16:4:4:1:4:4:1:1:1:5:1:4:1:1:2
contract_behavior_v1_round1,Ascend910B3,20,external_v2_skinny_n,3584,73,12288,fp16,0,0,18:208:80:960:16:16:320:12:24:4:4:0:3:3:1:1:1:5:1:4:1:2:2
contract_behavior_v1_round1,Ascend910B3,20,external_v2_skinny_n,3584,73,12288,fp16,0,0,18:208:80:960:16:16:320:24:12:4:4:0:3:3:1:1:1:5:1:4:1:2:2
contract_behavior_v1_round1,Ascend910B3,20,external_v2_skinny_n,3584,73,12288,fp16,0,0,18:208:80:640:16:16:320:8:8:4:4:1:2:2:1:1:1:5:1:4:1:1:2
contract_behavior_v1_round1,Ascend910B3,20,external_v2_skinny_n,3584,73,12288,fp16,0,0,18:208:80:320:16:16:320:4:8:4:4:0:1:1:1:1:1:5:1:4:1:2:2
contract_behavior_v1_round1,Ascend910B3,20,external_v2_skinny_n,3584,73,12288,fp16,0,0,18:208:80:320:16:16:320:8:4:4:4:0:1:1:1:1:1:5:1:4:1:2:2
contract_behavior_v1_round1,Ascend910B3,20,external_v2_skinny_n,3584,73,12288,fp16,0,0,18:208:80:960:16:16:320:24:24:4:4:0:3:3:1:1:1:6:1:3:1:0:2
contract_behavior_v1_round1,Ascend910B3,20,external_v2_skinny_n,3584,73,12288,fp16,0,0,18:208:80:1280:16:16:320:16:32:4:4:1:4:4:1:1:1:5:1:4:1:2:2
contract_behavior_v1_round1,Ascend910B3,20,external_v2_skinny_n,3584,73,12288,fp16,0,0,18:208:80:1280:16:16:320:32:16:4:4:1:4:4:1:1:1:5:1:4:1:2:2
contract_behavior_v1_round1,Ascend910B3,20,external_v2_skinny_n,3584,73,12288,fp16,0,0,18:208:80:12288:16:32:192:4:4:2:2:1:1:1:1:1:1:4:1:5:1:0:0
contract_behavior_v1_round1,Ascend910B3,20,external_v2_skinny_n,3584,73,12288,fp16,0,0,20:384:128:384:128:128:128:9:6:3:1:1:3:3:2:2:2:1:1:10:1:0:3
contract_behavior_v1_round1,Ascend910B3,20,external_v2_skinny_n,3584,73,12288,fp16,0,0,20:336:16:12288:48:16:320:2:2:2:1:1:1:1:2:1:1:1:5:11:1:2:0
contract_behavior_v1_round1,Ascend910B3,20,external_v2_skinny_n,3584,73,12288,fp16,0,0,19:192:256:12288:128:256:48:4:4:1:1:1:2:2:1:1:1:10:1:2:1:0:0
contract_behavior_v1_round1,Ascend910B3,20,external_v2_skinny_n,3584,73,12288,fp16,0,0,6:1792:32:12288:48:32:160:8:8:1:1:0:8:8:1:1:1:1:2:2:2:2:0
contract_behavior_v1_round1,Ascend910B3,20,external_v2_skinny_n,3584,73,12288,fp16,0,0,5:3584:16:12288:192:16:128:2:2:1:1:1:1:1:1:2:1:1:3:1:2:1:0
contract_behavior_v1_round1,Ascend910B3,20,external_v2_skinny_n,3584,73,12288,fp16,0,0,20:192:32:12288:16:16:256:32:32:2:2:1:8:8:1:2:1:10:1:2:3:2:0
contract_behavior_v1_round1,Ascend910B3,20,external_v2_skinny_n,3584,73,12288,fp16,0,0,20:176:64:16:32:16:16:4:8:4:4:0:1:1:2:2:2:7:1:3:2:1:2
contract_behavior_v1_round1,Ascend910B3,20,external_v2_skinny_n,3584,73,12288,fp16,0,0,10:1792:16:12288:208:16:16:8:1:4:1:1:1:1:2:2:1:2:5:1:1:2:0
contract_behavior_v1_round1,Ascend910B3,20,external_v2_skinny_n,3584,73,12288,fp16,0,0,4:896:192:1024:16:48:64:64:64:4:4:1:16:16:2:1:1:4:1:1:1:2:2
contract_behavior_v1_round1,Ascend910B3,20,external_v2_skinny_n,3584,73,12288,fp16,0,0,2:1792:96:64:48:32:32:4:6:2:3:1:2:2:2:2:2:2:1:1:1:0:2
contract_behavior_v1_round1,Ascend910B3,20,external_v2_skinny_n,3584,73,12288,fp16,0,0,13:288:304:12288:16:304:16:4:2:2:1:0:2:2:2:1:1:1:1:13:1:0:0
contract_behavior_v1_round1,Ascend910B3,20,external_v2_skinny_n,3584,73,12288,fp16,0,0,20:176:16:12288:16:16:16:16:4:4:1:1:4:4:2:2:2:21:3:1:2:1:0
contract_behavior_v1_round1,Ascend910B3,20,external_v2_skinny_n,3584,73,12288,fp16,0,0,8:448:448:12288:32:448:32:8:1:4:1:1:1:1:2:2:2:4:1:2:1:0:0
contract_behavior_v1_round1,Ascend910B3,20,external_v2_skinny_n,3584,73,12288,fp16,0,0,2:1792:80:12288:96:80:32:64:8:4:1:1:8:8:2:1:1:2:1:1:1:0:0
contract_behavior_v1_round1,Ascend910B3,20,external_v2_skinny_n,3584,73,12288,fp16,0,0,1:3584:112:12288:16:112:16:8:4:2:1:0:4:4:2:2:2:1:1:1:1:0:0
contract_behavior_v1_round1,Ascend910B3,20,external_v2_skinny_n,3584,73,12288,fp16,0,0,1:3584:272:12288:32:272:48:32:16:4:1:0:8:8:2:2:2:1:1:1:1:0:0
contract_behavior_v1_round1,Ascend910B3,20,external_v2_skinny_n,3584,73,12288,fp16,0,0,1:3584:384:12288:64:384:48:16:2:4:1:0:2:2:1:1:1:1:1:1:1:0:0
contract_behavior_v1_round1,Ascend910B3,20,external_v2_layout_tn,1792,2560,3584,fp16,1,0,18:208:1280:192:32:32:48:32:32:4:4:1:4:4:1:2:1:3:1:4:2:2:2
contract_behavior_v1_round1,Ascend910B3,20,external_v2_layout_tn,1792,2560,3584,fp16,1,0,18:208:1280:768:32:32:48:64:64:4:4:1:16:16:1:2:1:3:1:4:2:0:2
contract_behavior_v1_round1,Ascend910B3,20,external_v2_layout_tn,1792,2560,3584,fp16,1,0,18:208:1280:384:32:32:48:64:64:4:4:1:8:8:1:2:1:3:1:4:2:2:2
contract_behavior_v1_round1,Ascend910B3,20,external_v2_layout_tn,1792,2560,3584,fp16,1,0,18:896:288:192:64:96:32:24:36:2:3:1:6:6:2:1:1:1:1:2:9:0:2
contract_behavior_v1_round1,Ascend910B3,20,external_v2_layout_tn,1792,2560,3584,fp16,1,0,19:96:2560:960:16:16:160:24:48:4:4:1:6:6:1:1:1:10:1:2:1:0:2
contract_behavior_v1_round1,Ascend910B3,20,external_v2_layout_tn,1792,2560,3584,fp16,1,0,19:96:2560:960:16:16:160:48:24:4:4:1:6:6:1:1:1:10:1:2:1:0:2
contract_behavior_v1_round1,Ascend910B3,20,external_v2_layout_tn,1792,2560,3584,fp16,1,0,19:96:2560:640:16:16:160:16:32:4:4:1:4:4:1:1:1:10:1:2:1:0:2
contract_behavior_v1_round1,Ascend910B3,20,external_v2_layout_tn,1792,2560,3584,fp16,1,0,19:96:2560:640:16:16:160:32:16:4:4:1:4:4:1:1:1:10:1:2:1:0:2
contract_behavior_v1_round1,Ascend910B3,20,external_v2_layout_tn,1792,2560,3584,fp16,1,0,19:96:2560:1280:16:16:160:32:64:4:4:1:8:8:1:1:1:10:1:2:1:0:2
contract_behavior_v1_round1,Ascend910B3,20,external_v2_layout_tn,1792,2560,3584,fp16,1,0,19:96:2560:1280:16:16:160:64:32:4:4:1:8:8:1:1:1:10:1:2:1:0:2
contract_behavior_v1_round1,Ascend910B3,20,external_v2_layout_tn,1792,2560,3584,fp16,1,0,19:96:2560:480:16:16:160:12:24:4:4:0:3:3:1:1:1:10:1:2:1:0:2
contract_behavior_v1_round1,Ascend910B3,20,external_v2_layout_tn,1792,2560,3584,fp16,1,0,19:96:2560:480:16:16:160:24:12:4:4:0:3:3:1:1:1:10:1:2:1:0:2
contract_behavior_v1_round1,Ascend910B3,20,external_v2_layout_tn,1792,2560,3584,fp16,1,0,16:112:2560:1280:16:16:80:96:32:3:2:0:16:16:2:2:2:6:1:3:1:2:2
contract_behavior_v1_round1,Ascend910B3,20,external_v2_layout_tn,1792,2560,3584,fp16,1,0,16:112:2560:1280:16:16:80:96:64:3:2:0:16:16:2:2:2:8:1:2:1:0:2
contract_behavior_v1_round1,Ascend910B3,20,external_v2_layout_tn,1792,2560,3584,fp16,1,0,16:112:2560:80:16:16:80:6:4:3:2:1:1:1:2:2:2:8:1:2:1:0:2
contract_behavior_v1_round1,Ascend910B3,20,external_v2_layout_tn,1792,2560,3584,fp16,1,0,20:448:512:3584:16:16:192:4:4:2:2:1:1:1:2:2:2:4:5:1:1:0:0
contract_behavior_v1_round1,Ascend910B3,20,external_v2_layout_tn,1792,2560,3584,fp16,1,0,20:192:1280:3584:64:320:64:12:4:3:2:1:2:2:2:1:1:1:2:10:1:0:0
contract_behavior_v1_round1,Ascend910B3,20,external_v2_layout_tn,1792,2560,3584,fp16,1,0,16:224:1280:3584:16:16:768:16:4:2:1:1:4:4:1:2:1:1:1:8:2:0:0
contract_behavior_v1_round1,Ascend910B3,20,external_v2_layout_tn,1792,2560,3584,fp16,1,0,10:1792:384:384:128:128:128:6:9:1:3:0:3:3:2:2:2:1:1:1:7:1:3
contract_behavior_v1_round1,Ascend910B3,20,external_v2_layout_tn,1792,2560,3584,fp16,1,0,10:1792:256:3584:32:256:64:16:8:4:1:1:4:4:2:2:2:1:5:1:2:0:0
contract_behavior_v1_round1,Ascend910B3,20,external_v2_layout_tn,1792,2560,3584,fp16,1,0,20:1792:64:3584:64:16:32:32:64:4:4:0:8:8:1:1:1:1:14:1:3:1:0
contract_behavior_v1_round1,Ascend910B3,20,external_v2_layout_tn,1792,2560,3584,fp16,1,0,20:256:368:3584:96:336:16:4:2:1:1:1:2:2:1:2:1:2:2:5:6:2:0
contract_behavior_v1_round1,Ascend910B3,20,external_v2_layout_tn,1792,2560,3584,fp16,1,0,7:272:2560:3584:272:96:16:2:4:1:4:0:1:1:2:1:1:7:1:1:1:0:0
contract_behavior_v1_round1,Ascend910B3,20,external_v2_layout_tn,1792,2560,3584,fp16,1,0,20:208:288:3584:128:144:16:2:4:1:1:0:2:2:2:2:1:3:2:3:5:1:0
contract_behavior_v1_round1,Ascend910B3,20,external_v2_layout_tn,1792,2560,3584,fp16,1,0,20:160:208:3584:112:16:96:16:16:1:1:0:8:8:1:2:1:6:5:2:3:2:0
contract_behavior_v1_round1,Ascend910B3,20,external_v2_layout_tn,1792,2560,3584,fp16,1,0,20:96:320:3584:16:16:1792:1:2:1:1:0:1:1:1:1:1:5:2:4:5:1:0
contract_behavior_v1_round1,Ascend910B3,20,external_v2_layout_tn,1792,2560,3584,fp16,1,0,20:64:128:3584:16:32:320:32:8:4:1:1:8:8:2:1:1:6:4:5:6:1:0
contract_behavior_v1_round1,Ascend910B3,20,external_v2_layout_tn,1792,2560,3584,fp16,1,0,20:64:128:3584:32:48:320:4:4:2:1:0:2:2:2:2:2:10:7:3:3:2:0
contract_behavior_v1_round1,Ascend910B3,20,external_v2_layout_tn,1792,2560,3584,fp16,1,0,20:96:64:3584:32:32:256:8:4:1:1:1:4:4:1:2:1:1:10:19:4:0:0
contract_behavior_v1_round1,Ascend910B3,20,external_v2_layout_tn,1792,2560,3584,fp16,1,0,20:64:80:3584:16:16:192:4:4:1:1:0:4:4:2:1:1:3:3:13:15:2:0
contract_behavior_v1_round1,Ascend910B3,20,external_v2_layout_tn,1792,2560,3584,fp16,1,0,20:160:48:3584:32:48:16:8:1:4:1:1:1:1:2:2:2:2:6:9:10:1:0
contract_behavior_v1_round1,Ascend910B3,20,external_v2_layout_tn,1792,2560,3584,fp16,1,0,1:384:2560:384:128:128:128:9:6:3:1:1:3:3:2:2:2:1:1:5:1:0:3
contract_behavior_v1_round1,Ascend910B3,20,external_v2_layout_nt,1664,2432,3328,fp16,0,1,18:96:2432:1280:16:16:80:96:64:3:2:0:16:16:2:2:2:9:1:2:1:0:2
contract_behavior_v1_round1,Ascend910B3,20,external_v2_layout_nt,1664,2432,3328,fp16,0,1,18:192:1216:384:32:32:48:32:32:4:4:1:8:8:1:2:1:3:1:4:2:0:2
contract_behavior_v1_round1,Ascend910B3,20,external_v2_layout_nt,1664,2432,3328,fp16,0,1,18:192:1216:288:32:32:48:24:24:4:4:1:6:6:1:2:1:3:1:4:2:0:2
contract_behavior_v1_round1,Ascend910B3,20,external_v2_layout_nt,1664,2432,3328,fp16,0,1,18:560:416:768:64:64:48:48:32:3:2:0:16:16:1:2:1:3:1:1:6:0:2
contract_behavior_v1_round1,Ascend910B3,20,external_v2_layout_nt,1664,2432,3328,fp16,0,1,18:192:1216:768:32:32:48:64:64:4:4:1:16:16:1:2:1:3:1:4:2:0:2
contract_behavior_v1_round1,Ascend910B3,20,external_v2_layout_nt,1664,2432,3328,fp16,0,1,18:192:1216:384:32:32:48:64:64:4:4:1:8:8:1:2:1:3:1:4:2:2:2
contract_behavior_v1_round1,Ascend910B3,20,external_v2_layout_nt,1664,2432,3328,fp16,0,1,18:96:2432:240:16:16:80:18:12:3:2:1:3:3:2:2:2:9:1:2:1:0:2
contract_behavior_v1_round1,Ascend910B3,20,external_v2_layout_nt,1664,2432,3328,fp16,0,1,18:96:2432:320:16:16:80:24:16:3:2:0:4:4:2:2:2:9:1:2:1:0:2
contract_behavior_v1_round1,Ascend910B3,20,external_v2_layout_nt,1664,2432,3328,fp16,0,1,18:96:2432:80:16:16:80:6:4:3:2:1:1:1:2:2:2:9:1:2:1:0:2
contract_behavior_v1_round1,Ascend910B3,20,external_v2_layout_nt,1664,2432,3328,fp16,0,1,18:96:2432:160:16:16:80:12:8:3:2:0:2:2:2:2:2:9:1:2:1:0:2
contract_behavior_v1_round1,Ascend910B3,20,external_v2_layout_nt,1664,2432,3328,fp16,0,1,18:96:2432:640:16:16:80:48:32:3:2:0:8:8:2:2:2:9:1:2:1:0:2
contract_behavior_v1_round1,Ascend910B3,20,external_v2_layout_nt,1664,2432,3328,fp16,0,1,18:560:416:192:64:96:32:24:24:4:4:1:6:6:2:2:1:3:2:1:4:0:2
contract_behavior_v1_round1,Ascend910B3,20,external_v2_layout_nt,1664,2432,3328,fp16,0,1,18:96:2432:480:16:16:80:36:24:3:2:0:6:6:2:2:2:9:1:2:1:0:2
contract_behavior_v1_round1,Ascend910B3,20,external_v2_layout_nt,1664,2432,3328,fp16,0,1,20:176:1216:256:32:32:32:16:16:1:1:0:8:8:2:2:1:5:1:2:2:0:2
contract_behavior_v1_round1,Ascend910B3,20,external_v2_layout_nt,1664,2432,3328,fp16,0,1,20:832:256:3328:16:16:224:4:2:4:1:1:1:1:2:1:1:2:2:1:9:0:0
contract_behavior_v1_round1,Ascend910B3,20,external_v2_layout_nt,1664,2432,3328,fp16,0,1,20:176:1216:3328:160:96:32:2:4:1:2:0:1:1:2:2:2:10:2:1:1:0:0
contract_behavior_v1_round1,Ascend910B3,20,external_v2_layout_nt,1664,2432,3328,fp16,0,1,14:240:1216:3328:32:112:48:32:32:2:4:1:8:8:2:2:2:1:1:7:2:0:0
contract_behavior_v1_round1,Ascend910B3,20,external_v2_layout_nt,1664,2432,3328,fp16,0,1,11:160:2432:3328:32:32:64:32:32:2:4:0:8:8:1:1:1:6:1:2:1:0:0
contract_behavior_v1_round1,Ascend910B3,20,external_v2_layout_nt,1664,2432,3328,fp16,0,1,9:1664:384:384:128:128:128:6:9:1:3:0:3:3:2:2:2:1:1:1:7:1:3
contract_behavior_v1_round1,Ascend910B3,20,external_v2_layout_nt,1664,2432,3328,fp16,0,1,8:1664:336:3328:96:336:80:16:4:2:1:1:4:4:2:1:1:1:2:1:4:0:0
contract_behavior_v1_round1,Ascend910B3,20,external_v2_layout_nt,1664,2432,3328,fp16,0,1,20:288:256:3328:16:16:512:4:4:4:4:0:1:1:1:2:1:1:5:6:2:1:0
contract_behavior_v1_round1,Ascend910B3,20,external_v2_layout_nt,1664,2432,3328,fp16,0,1,20:560:64:3328:32:16:96:64:16:4:2:0:8:8:1:2:1:3:8:1:5:2:0
contract_behavior_v1_round1,Ascend910B3,20,external_v2_layout_nt,1664,2432,3328,fp16,0,1,20:80:672:3328:48:672:16:2:1:1:1:1:1:1:1:2:1:1:4:21:1:2:0
contract_behavior_v1_round1,Ascend910B3,20,external_v2_layout_nt,1664,2432,3328,fp16,0,1,4:464:2432:3328:464:64:16:1:2:1:2:0:1:1:1:1:1:2:1:2:1:0:0
contract_behavior_v1_round1,Ascend910B3,20,external_v2_layout_nt,1664,2432,3328,fp16,0,1,20:112:304:3328:96:32:16:8:8:1:1:1:4:4:2:2:2:8:4:2:2:1:0
contract_behavior_v1_round1,Ascend910B3,20,external_v2_layout_nt,1664,2432,3328,fp16,0,1,20:144:240:3328:64:240:128:1:1:1:1:0:1:1:2:1:1:12:1:1:11:1:0
contract_behavior_v1_round1,Ascend910B3,20,external_v2_layout_nt,1664,2432,3328,fp16,0,1,20:64:352:3328:16:32:320:32:8:4:1:1:8:8:2:1:1:9:3:3:3:1:0
contract_behavior_v1_round1,Ascend910B3,20,external_v2_layout_nt,1664,2432,3328,fp16,0,1,20:128:160:3328:16:16:1024:8:4:4:4:1:1:1:2:2:2:3:3:5:7:2:0
contract_behavior_v1_round1,Ascend910B3,20,external_v2_layout_nt,1664,2432,3328,fp16,0,1,20:48:128:3328:48:16:160:1:2:1:2:0:1:1:2:2:2:35:2:1:14:2:0
contract_behavior_v1_round1,Ascend910B3,20,external_v2_layout_nt,1664,2432,3328,fp16,0,1,20:80:80:3328:80:48:320:4:2:1:1:1:2:2:1:1:1:2:3:13:14:0:0
contract_behavior_v1_round1,Ascend910B3,20,external_v2_layout_nt,1664,2432,3328,fp16,0,1,20:64:112:3328:64:32:16:8:16:1:2:0:4:4:1:1:1:3:2:10:11:1:0
contract_behavior_v1_round1,Ascend910B3,20,external_v2_layout_nt,1664,2432,3328,fp16,0,1,1:384:2432:384:128:128:128:9:6:3:1:1:3:3:2:2:2:1:1:5:1:0:3
contract_behavior_v1_round1,Ascend910B3,20,external_v2_layout_tt,1280,1920,2560,fp16,1,1,20:640:192:576:32:32:96:24:24:4:4:1:6:6:1:2:1:2:2:1:6:2:2
contract_behavior_v1_round1,Ascend910B3,20,external_v2_layout_tt,1280,1920,2560,fp16,1,1,20:640:192:768:32:32:96:32:32:4:4:1:8:8:1:2:1:2:2:1:6:2:2
contract_behavior_v1_round1,Ascend910B3,20,external_v2_layout_tt,1280,1920,2560,fp16,1,1,20:640:192:384:32:32:96:16:16:4:4:1:4:4:1:2:1:2:2:1:6:2:2
contract_behavior_v1_round1,Ascend910B3,20,external_v2_layout_tt,1280,1920,2560,fp16,1,1,20:640:192:288:32:32:96:12:12:4:4:0:3:3:1:2:1:2:2:1:6:2:2
contract_behavior_v1_round1,Ascend910B3,20,external_v2_layout_tt,1280,1920,2560,fp16,1,1,20:640:192:192:32:32:96:8:8:4:4:1:2:2:1:2:1:2:2:1:6:2:2
contract_behavior_v1_round1,Ascend910B3,20,external_v2_layout_tt,1280,1920,2560,fp16,1,1,20:640:192:96:32:32:96:4:4:4:4:0:1:1:1:2:1:2:2:1:6:2:2
contract_behavior_v1_round1,Ascend910B3,20,external_v2_layout_tt,1280,1920,2560,fp16,1,1,20:640:192:384:32:32:96:16:32:4:4:1:4:4:1:2:1:1:1:2:10:0:2
contract_behavior_v1_round1,Ascend910B3,20,external_v2_layout_tt,1280,1920,2560,fp16,1,1,20:640:192:384:32:32:96:32:16:4:4:1:4:4:1:2:1:1:1:2:10:0:2
contract_behavior_v1_round1,Ascend910B3,20,external_v2_layout_tt,1280,1920,2560,fp16,1,1,20:640:192:576:32:32:96:24:48:4:4:1:6:6:1:2:1:1:1:2:10:0:2
contract_behavior_v1_round1,Ascend910B3,20,external_v2_layout_tt,1280,1920,2560,fp16,1,1,20:640:192:576:32:32:96:48:24:4:4:1:6:6:1:2:1:1:1:2:10:0:2
contract_behavior_v1_round1,Ascend910B3,20,external_v2_layout_tt,1280,1920,2560,fp16,1,1,20:640:192:288:32:32:96:12:24:4:4:0:3:3:1:2:1:1:1:2:10:0:2
contract_behavior_v1_round1,Ascend910B3,20,external_v2_layout_tt,1280,1920,2560,fp16,1,1,20:640:192:288:32:32:96:24:12:4:4:0:3:3:1:2:1:1:1:2:10:0:2
contract_behavior_v1_round1,Ascend910B3,20,external_v2_layout_tt,1280,1920,2560,fp16,1,1,20:640:192:192:32:32:96:8:16:4:4:1:2:2:1:2:1:1:1:2:10:0:2
contract_behavior_v1_round1,Ascend910B3,20,external_v2_layout_tt,1280,1920,2560,fp16,1,1,20:640:192:192:32:32:96:16:8:4:4:1:2:2:1:2:1:1:1:2:10:0:2
contract_behavior_v1_round1,Ascend910B3,20,external_v2_layout_tt,1280,1920,2560,fp16,1,1,12:112:1920:1024:32:32:64:96:32:3:2:0:16:16:1:1:1:12:1:1:1:1:2
contract_behavior_v1_round1,Ascend910B3,20,external_v2_layout_tt,1280,1920,2560,fp16,1,1,20:64:1920:2560:32:16:256:2:2:1:2:1:1:1:1:2:1:10:1:2:1:0:0
contract_behavior_v1_round1,Ascend910B3,20,external_v2_layout_tt,1280,1920,2560,fp16,1,1,7:1280:384:384:128:128:128:6:9:1:3:0:3:3:2:2:2:1:1:1:5:1:3
contract_behavior_v1_round1,Ascend910B3,20,external_v2_layout_tt,1280,1920,2560,fp16,1,1,18:464:320:2560:464:32:16:1:1:1:1:1:1:1:2:2:2:1:2:3:3:0:0
contract_behavior_v1_round1,Ascend910B3,20,external_v2_layout_tt,1280,1920,2560,fp16,1,1,14:192:960:2560:48:48:48:64:32:4:4:1:8:8:1:1:1:4:1:2:2:0:0
contract_behavior_v1_round1,Ascend910B3,20,external_v2_layout_tt,1280,1920,2560,fp16,1,1,10:128:1920:2560:32:32:32:16:32:1:4:1:8:8:2:2:2:10:1:1:1:0:0
contract_behavior_v1_round1,Ascend910B3,20,external_v2_layout_tt,1280,1920,2560,fp16,1,1,6:240:1920:16:80:48:16:3:2:3:2:1:1:1:1:2:1:2:1:3:1:1:2
contract_behavior_v1_round1,Ascend910B3,20,external_v2_layout_tt,1280,1920,2560,fp16,1,1,20:1280:48:2560:544:48:16:2:4:1:1:0:2:2:1:1:1:1:4:1:11:2:0
contract_behavior_v1_round1,Ascend910B3,20,external_v2_layout_tt,1280,1920,2560,fp16,1,1,8:176:1920:2560:176:80:160:1:8:1:4:1:1:1:1:2:1:1:1:8:1:0:0
contract_behavior_v1_round1,Ascend910B3,20,external_v2_layout_tt,1280,1920,2560,fp16,1,1,20:112:480:2560:16:112:16:16:8:2:2:0:4:4:2:1:1:1:2:12:3:0:0
contract_behavior_v1_round1,Ascend910B3,20,external_v2_layout_tt,1280,1920,2560,fp16,1,1,4:368:1920:2560:368:32:16:2:8:1:4:0:1:1:1:2:1:1:1:4:1:0:0
contract_behavior_v1_round1,Ascend910B3,20,external_v2_layout_tt,1280,1920,2560,fp16,1,1,3:464:1920:2560:464:64:16:1:1:1:1:1:1:1:2:1:1:3:1:1:1:0:0
contract_behavior_v1_round1,Ascend910B3,20,external_v2_layout_tt,1280,1920,2560,fp16,1,1,20:144:96:2560:16:32:96:32:48:4:3:1:8:8:2:1:1:9:1:1:20:2:0
contract_behavior_v1_round1,Ascend910B3,20,external_v2_layout_tt,1280,1920,2560,fp16,1,1,20:160:80:2560:80:80:96:16:8:1:1:1:8:8:2:2:2:1:12:8:2:1:0
contract_behavior_v1_round1,Ascend910B3,20,external_v2_layout_tt,1280,1920,2560,fp16,1,1,20:192:64:2560:192:16:128:4:16:1:4:1:4:4:1:2:1:1:8:7:4:2:0
contract_behavior_v1_round1,Ascend910B3,20,external_v2_layout_tt,1280,1920,2560,fp16,1,1,20:32:240:2560:32:48:32:1:4:1:2:0:1:1:2:2:2:6:1:7:8:2:0
contract_behavior_v1_round1,Ascend910B3,20,external_v2_layout_tt,1280,1920,2560,fp16,1,1,20:192:32:2560:96:16:128:1:1:1:1:1:1:1:2:1:1:1:6:7:10:1:0
contract_behavior_v1_round1,Ascend910B3,20,external_v2_layout_tt,1280,1920,2560,fp16,1,1,20:64:48:2560:32:16:320:8:8:1:1:0:4:4:1:2:1:1:14:20:3:1:0
contract_behavior_v1_round1,Ascend910B3,20,external_v2_bf16_aligned,2560,3584,5120,bf16,0,0,20:256:1792:96:32:32:32:3:3:1:1:1:3:3:2:2:1:10:1:1:2:2:2
contract_behavior_v1_round1,Ascend910B3,20,external_v2_bf16_aligned,2560,3584,5120,bf16,0,0,20:256:1792:32:32:32:32:1:1:1:1:1:1:1:2:2:1:10:1:1:2:2:2
contract_behavior_v1_round1,Ascend910B3,20,external_v2_bf16_aligned,2560,3584,5120,bf16,0,0,20:256:1792:512:32:32:32:16:16:1:1:0:16:16:2:2:1:10:1:1:2:2:2
contract_behavior_v1_round1,Ascend910B3,20,external_v2_bf16_aligned,2560,3584,5120,bf16,0,0,20:256:1792:96:32:32:32:3:6:1:1:1:3:3:2:2:1:10:2:1:1:0:2
contract_behavior_v1_round1,Ascend910B3,20,external_v2_bf16_aligned,2560,3584,5120,bf16,0,0,20:256:1792:96:32:32:32:6:3:1:1:1:3:3:2:2:1:10:2:1:1:0:2
contract_behavior_v1_round1,Ascend910B3,20,external_v2_bf16_aligned,2560,3584,5120,bf16,0,0,20:256:1792:256:32:32:32:8:8:1:1:0:8:8:2:2:1:10:1:1:2:2:2
contract_behavior_v1_round1,Ascend910B3,20,external_v2_bf16_aligned,2560,3584,5120,bf16,0,0,20:256:1792:32:32:32:32:1:2:1:1:1:1:1:2:2:1:10:2:1:1:0:2
contract_behavior_v1_round1,Ascend910B3,20,external_v2_bf16_aligned,2560,3584,5120,bf16,0,0,20:256:1792:32:32:32:32:2:1:1:1:1:1:1:2:2:1:10:2:1:1:0:2
contract_behavior_v1_round1,Ascend910B3,20,external_v2_bf16_aligned,2560,3584,5120,bf16,0,0,20:256:1792:192:32:32:32:6:6:1:1:0:6:6:2:2:1:10:1:1:2:2:2
contract_behavior_v1_round1,Ascend910B3,20,external_v2_bf16_aligned,2560,3584,5120,bf16,0,0,20:256:1792:128:32:32:32:4:4:1:1:0:4:4:2:2:1:10:1:1:2:2:2
contract_behavior_v1_round1,Ascend910B3,20,external_v2_bf16_aligned,2560,3584,5120,bf16,0,0,20:256:1792:64:32:32:32:2:2:1:1:0:2:2:2:2:1:10:1:1:2:2:2
contract_behavior_v1_round1,Ascend910B3,20,external_v2_bf16_aligned,2560,3584,5120,bf16,0,0,20:256:1792:256:32:32:32:8:16:1:1:0:8:8:2:2:1:10:2:1:1:0:2
contract_behavior_v1_round1,Ascend910B3,20,external_v2_bf16_aligned,2560,3584,5120,bf16,0,0,20:256:1792:256:32:32:32:16:8:1:1:0:8:8:2:2:1:10:2:1:1:0:2
contract_behavior_v1_round1,Ascend910B3,20,external_v2_bf16_aligned,2560,3584,5120,bf16,0,0,20:256:1792:192:32:32:32:6:12:1:1:0:6:6:2:2:1:10:2:1:1:0:2
contract_behavior_v1_round1,Ascend910B3,20,external_v2_bf16_aligned,2560,3584,5120,bf16,0,0,18:288:1792:768:32:32:48:64:64:4:4:1:16:16:1:2:1:9:1:1:2:1:2
contract_behavior_v1_round1,Ascend910B3,20,external_v2_bf16_aligned,2560,3584,5120,bf16,0,0,15:176:3584:1280:16:16:80:96:64:3:2:0:16:16:2:2:2:1:1:15:1:0:2
contract_behavior_v1_round1,Ascend910B3,20,external_v2_bf16_aligned,2560,3584,5120,bf16,0,0,20:128:3584:5120:16:32:48:16:32:1:4:1:8:8:2:2:2:10:1:2:1:0:0
contract_behavior_v1_round1,Ascend910B3,20,external_v2_bf16_aligned,2560,3584,5120,bf16,0,0,14:2560:384:384:128:128:128:6:9:1:3:0:3:3:2:2:2:1:1:1:10:1:3
contract_behavior_v1_round1,Ascend910B3,20,external_v2_bf16_aligned,2560,3584,5120,bf16,0,0,18:864:608:5120:240:112:32:16:8:2:1:1:4:4:1:2:1:3:3:1:2:2:0
contract_behavior_v1_round1,Ascend910B3,20,external_v2_bf16_aligned,2560,3584,5120,bf16,0,0,13:208:3584:5120:32:16:96:64:16:4:2:0:8:8:1:2:1:7:1:2:1:0:0
contract_behavior_v1_round1,Ascend910B3,20,external_v2_bf16_aligned,2560,3584,5120,bf16,0,0,11:240:3584:5120:48:368:80:2:8:2:4:1:1:1:2:1:1:6:1:2:1:0:0
contract_behavior_v1_round1,Ascend910B3,20,external_v2_bf16_aligned,2560,3584,5120,bf16,0,0,10:256:3584:5120:240:112:32:2:1:1:1:1:1:1:1:1:1:5:1:2:1:0:0
contract_behavior_v1_round1,Ascend910B3,20,external_v2_bf16_aligned,2560,3584,5120,bf16,0,0,20:1280:192:5120:208:32:16:64:32:4:4:1:8:8:2:1:1:2:19:1:1:2:0
contract_behavior_v1_round1,Ascend910B3,20,external_v2_bf16_aligned,2560,3584,5120,bf16,0,0,20:432:896:5120:320:48:16:4:16:1:4:0:2:2:2:2:2:6:1:1:4:2:0
contract_behavior_v1_round1,Ascend910B3,20,external_v2_bf16_aligned,2560,3584,5120,bf16,0,0,20:240:1200:5120:16:176:16:8:16:4:4:0:2:2:1:1:1:1:3:11:1:1:0
contract_behavior_v1_round1,Ascend910B3,20,external_v2_bf16_aligned,2560,3584,5120,bf16,0,0,20:176:368:5120:16:112:256:4:1:4:1:1:1:1:2:1:1:15:2:1:6:1:0
contract_behavior_v1_round1,Ascend910B3,20,external_v2_bf16_aligned,2560,3584,5120,bf16,0,0,20:288:192:5120:16:16:1024:8:8:2:2:1:4:4:1:1:1:2:4:5:6:0:0
contract_behavior_v1_round1,Ascend910B3,20,external_v2_bf16_aligned,2560,3584,5120,bf16,0,0,20:112:112:5120:16:16:112:2:4:1:2:1:1:1:1:1:1:8:8:3:4:2:0
contract_behavior_v1_round1,Ascend910B3,20,external_v2_bf16_aligned,2560,3584,5120,bf16,0,0,20:80:144:5120:16:48:128:32:32:4:2:1:8:8:2:2:2:11:7:3:4:1:0
contract_behavior_v1_round1,Ascend910B3,20,external_v2_bf16_aligned,2560,3584,5120,bf16,0,0,20:64:160:5120:16:16:896:4:8:1:1:1:4:4:1:2:1:40:4:1:7:2:0
contract_behavior_v1_round1,Ascend910B3,20,external_v2_bf16_aligned,2560,3584,5120,bf16,0,0,20:96:112:5120:48:80:80:1:2:1:1:0:1:1:2:2:1:27:3:1:13:0:0
contract_behavior_v1_round1,Ascend910B3,20,external_v2_bf16_aligned,2560,3584,5120,bf16,0,0,1:384:3584:384:128:128:128:9:6:3:1:1:3:3:2:2:2:1:1:7:1:0:3
contract_behavior_v1_round1,Ascend910B3,20,external_v2_bf16_odd,1023,1537,3073,bf16,0,0,20:256:320:768:32:32:96:24:16:3:2:0:8:8:2:1:1:1:3:4:2:1:2
contract_behavior_v1_round1,Ascend910B3,20,external_v2_bf16_odd,1023,1537,3073,bf16,0,0,20:256:320:576:32:32:96:18:12:3:2:0:6:6:2:1:1:1:3:4:2:1:2
contract_behavior_v1_round1,Ascend910B3,20,external_v2_bf16_odd,1023,1537,3073,bf16,0,0,20:512:160:1280:16:16:80:48:32:3:2:0:16:16:2:2:2:1:1:2:10:1:2
contract_behavior_v1_round1,Ascend910B3,20,external_v2_bf16_odd,1023,1537,3073,bf16,0,0,20:256:320:768:32:32:96:24:32:3:2:0:8:8:2:1:1:1:3:4:2:2:2
contract_behavior_v1_round1,Ascend910B3,20,external_v2_bf16_odd,1023,1537,3073,bf16,0,0,20:512:160:240:16:16:80:9:6:3:2:1:3:3:2:2:2:1:1:2:10:1:2
contract_behavior_v1_round1,Ascend910B3,20,external_v2_bf16_odd,1023,1537,3073,bf16,0,0,20:512:160:640:16:16:80:24:16:3:2:0:8:8:2:2:2:1:1:2:10:1:2
contract_behavior_v1_round1,Ascend910B3,20,external_v2_bf16_odd,1023,1537,3073,bf16,0,0,20:256:320:576:32:32:96:36:12:3:2:0:6:6:2:1:1:1:3:4:2:2:2
contract_behavior_v1_round1,Ascend910B3,20,external_v2_bf16_odd,1023,1537,3073,bf16,0,0,20:512:160:80:16:16:80:3:2:3:2:1:1:1:2:2:2:1:1:2:10:1:2
contract_behavior_v1_round1,Ascend910B3,20,external_v2_bf16_odd,1023,1537,3073,bf16,0,0,20:512:160:480:16:16:80:18:12:3:2:0:6:6:2:2:2:1:1:2:10:1:2
contract_behavior_v1_round1,Ascend910B3,20,external_v2_bf16_odd,1023,1537,3073,bf16,0,0,20:256:320:768:32:32:96:48:16:3:2:0:8:8:2:1:1:1:3:4:2:2:2
contract_behavior_v1_round1,Ascend910B3,20,external_v2_bf16_odd,1023,1537,3073,bf16,0,0,20:208:400:320:48:32:80:16:16:4:4:1:4:4:1:2:1:1:2:5:2:1:2
contract_behavior_v1_round1,Ascend910B3,20,external_v2_bf16_odd,1023,1537,3073,bf16,0,0,20:512:160:320:16:16:80:12:8:3:2:0:4:4:2:2:2:1:1:2:10:1:2
contract_behavior_v1_round1,Ascend910B3,20,external_v2_bf16_odd,1023,1537,3073,bf16,0,0,20:256:320:576:32:32:96:18:24:3:2:0:6:6:2:1:1:1:3:4:2:2:2
contract_behavior_v1_round1,Ascend910B3,20,external_v2_bf16_odd,1023,1537,3073,bf16,0,0,20:256:320:1536:32:32:96:48:32:3:2:0:16:16:2:1:1:1:3:4:2:1:2
contract_behavior_v1_round1,Ascend910B3,20,external_v2_bf16_odd,1023,1537,3073,bf16,0,0,20:256:320:3073:96:32:48:2:4:1:1:1:2:2:2:2:2:2:2:3:3:0:0
contract_behavior_v1_round1,Ascend910B3,20,external_v2_bf16_odd,1023,1537,3073,bf16,0,0,17:1024:96:3073:16:32:320:32:8:4:2:1:4:4:2:1:1:1:9:1:2:0:0
contract_behavior_v1_round1,Ascend910B3,20,external_v2_bf16_odd,1023,1537,3073,bf16,0,0,13:80:1552:3073:16:80:16:8:32:1:2:0:8:8:1:1:1:1:1:13:1:0:0
contract_behavior_v1_round1,Ascend910B3,20,external_v2_bf16_odd,1023,1537,3073,bf16,0,0,20:256:160:3073:112:48:256:4:8:2:2:1:2:2:1:2:1:4:5:1:2:0:0
contract_behavior_v1_round1,Ascend910B3,20,external_v2_bf16_odd,1023,1537,3073,bf16,0,0,20:256:208:3073:256:128:16:2:4:1:1:1:2:2:1:1:1:2:3:2:3:0:0
contract_behavior_v1_round1,Ascend910B3,20,external_v2_bf16_odd,1023,1537,3073,bf16,0,0,7:1024:240:3073:32:240:64:4:8:1:1:1:4:4:2:2:2:1:3:1:3:0:0
contract_behavior_v1_round1,Ascend910B3,20,external_v2_bf16_odd,1023,1537,3073,bf16,0,0,6:384:784:16:96:48:16:8:8:4:4:0:1:1:1:1:1:3:1:1:2:1:2
contract_behavior_v1_round1,Ascend910B3,20,external_v2_bf16_odd,1023,1537,3073,bf16,0,0,5:1024:384:256:64:96:32:32:64:4:4:1:8:8:2:2:1:1:2:1:3:1:2
contract_behavior_v1_round1,Ascend910B3,20,external_v2_bf16_odd,1023,1537,3073,bf16,0,0,5:1024:384:64:64:96:32:8:8:4:4:1:2:2:2:2:1:1:2:1:3:0:2
contract_behavior_v1_round1,Ascend910B3,20,external_v2_bf16_odd,1023,1537,3073,bf16,0,0,9:1024:384:384:128:128:128:6:9:1:3:0:3:3:2:2:2:1:1:1:5:1:3
contract_behavior_v1_round1,Ascend910B3,20,external_v2_bf16_odd,1023,1537,3073,bf16,0,0,4:288:1552:3073:288:16:80:8:16:1:1:0:8:8:1:2:1:1:1:4:1:0:0
contract_behavior_v1_round1,Ascend910B3,20,external_v2_bf16_odd,1023,1537,3073,bf16,0,0,20:64:208:3073:16:48:128:16:32:1:4:1:8:8:2:2:2:4:2:5:6:1:0
contract_behavior_v1_round1,Ascend910B3,20,external_v2_bf16_odd,1023,1537,3073,bf16,0,0,3:464:1552:3073:464:48:32:2:8:1:4:0:1:1:2:1:1:3:1:1:1:0:0
contract_behavior_v1_round1,Ascend910B3,20,external_v2_bf16_odd,1023,1537,3073,bf16,0,0,20:208:48:3073:64:48:256:2:1:2:1:0:1:1:1:2:1:5:2:1:32:2:0
contract_behavior_v1_round1,Ascend910B3,20,external_v2_bf16_odd,1023,1537,3073,bf16,0,0,20:48:64:3073:16:16:48:2:4:1:1:0:2:2:2:2:2:5:4:5:7:1:0
contract_behavior_v1_round1,Ascend910B3,20,external_v2_bf16_odd,1023,1537,3073,bf16,0,0,20:80:32:3073:80:16:48:2:4:1:2:1:2:2:1:1:1:13:2:1:47:2:0
contract_behavior_v1_round1,Ascend910B3,20,external_v2_bf16_odd,1023,1537,3073,bf16,0,0,20:160:16:3073:16:16:1024:2:4:1:1:1:2:2:2:2:2:1:49:7:2:2:0
contract_behavior_v1_round1,Ascend910B3,20,external_v2_bf16_odd,1023,1537,3073,bf16,0,0,1:384:1552:384:128:128:128:9:6:3:1:1:3:3:2:2:2:1:1:3:1:0:3
contract_behavior_v1_round1,Ascend910B3,20,external_v2_fp32_nn,768,1280,1536,fp32,0,0,20:384:128:288:48:32:48:12:36:2:3:1:6:6:1:2:1:1:2:2:5:1:2
contract_behavior_v1_round1,Ascend910B3,20,external_v2_fp32_nn,768,1280,1536,fp32,0,0,20:384:128:288:48:32:48:24:18:2:3:1:6:6:1:2:1:1:2:2:5:1:2
contract_behavior_v1_round1,Ascend910B3,20,external_v2_fp32_nn,768,1280,1536,fp32,0,0,20:384:128:192:48:32:48:16:24:2:3:1:4:4:1:2:1:1:2:2:5:2:2
contract_behavior_v1_round1,Ascend910B3,20,external_v2_fp32_nn,768,1280,1536,fp32,0,0,20:384:128:384:48:32:48:16:24:2:3:1:8:8:1:2:1:1:2:2:5:0:2
contract_behavior_v1_round1,Ascend910B3,20,external_v2_fp32_nn,768,1280,1536,fp32,0,0,20:384:128:288:48:32:48:24:36:2:3:1:6:6:1:2:1:1:2:2:5:2:2
contract_behavior_v1_round1,Ascend910B3,20,external_v2_fp32_nn,768,1280,1536,fp32,0,0,20:384:128:384:48:32:48:16:48:2:3:1:8:8:1:2:1:1:2:2:5:1:2
contract_behavior_v1_round1,Ascend910B3,20,external_v2_fp32_nn,768,1280,1536,fp32,0,0,20:384:128:384:48:32:48:32:24:2:3:1:8:8:1:2:1:1:2:2:5:1:2
contract_behavior_v1_round1,Ascend910B3,20,external_v2_fp32_nn,768,1280,1536,fp32,0,0,20:384:128:144:48:32:48:12:18:2:3:0:3:3:1:2:1:1:2:2:5:2:2
contract_behavior_v1_round1,Ascend910B3,20,external_v2_fp32_nn,768,1280,1536,fp32,0,0,20:384:128:288:48:32:48:12:18:2:3:1:6:6:1:2:1:1:2:2:5:0:2
contract_behavior_v1_round1,Ascend910B3,20,external_v2_fp32_nn,768,1280,1536,fp32,0,0,20:384:128:192:48:32:48:8:24:2:3:1:4:4:1:2:1:1:2:2:5:1:2
contract_behavior_v1_round1,Ascend910B3,20,external_v2_fp32_nn,768,1280,1536,fp32,0,0,20:384:128:192:48:32:48:16:12:2:3:1:4:4:1:2:1:1:2:2:5:1:2
contract_behavior_v1_round1,Ascend910B3,20,external_v2_fp32_nn,768,1280,1536,fp32,0,0,20:384:128:96:48:32:48:8:12:2:3:1:2:2:1:2:1:1:2:2:5:2:2
contract_behavior_v1_round1,Ascend910B3,20,external_v2_fp32_nn,768,1280,1536,fp32,0,0,20:384:128:192:48:32:48:8:12:2:3:1:4:4:1:2:1:1:2:2:5:0:2
contract_behavior_v1_round1,Ascend910B3,20,external_v2_fp32_nn,768,1280,1536,fp32,0,0,20:384:128:144:48:32:48:6:9:2:3:0:3:3:1:2:1:1:2:2:5:0:2
contract_behavior_v1_round1,Ascend910B3,20,external_v2_fp32_nn,768,1280,1536,fp32,0,0,20:192:256:1536:16:32:112:2:1:1:1:1:1:1:1:1:1:2:2:3:4:0:0
contract_behavior_v1_round1,Ascend910B3,20,external_v2_fp32_nn,768,1280,1536,fp32,0,0,20:80:640:1536:64:256:64:2:2:1:2:1:1:1:2:1:1:2:1:6:2:0:0
contract_behavior_v1_round1,Ascend910B3,20,external_v2_fp32_nn,768,1280,1536,fp32,0,0,8:192:640:128:64:80:16:48:32:3:2:0:8:8:2:2:1:4:1:1:2:1:2
contract_behavior_v1_round1,Ascend910B3,20,external_v2_fp32_nn,768,1280,1536,fp32,0,0,20:768:64:1536:48:32:16:64:16:4:1:1:8:8:2:2:2:1:2:1:13:0:0
contract_behavior_v1_round1,Ascend910B3,20,external_v2_fp32_nn,768,1280,1536,fp32,0,0,12:272:320:1536:272:32:48:1:2:1:2:0:1:1:1:2:1:2:1:2:4:0:0
contract_behavior_v1_round1,Ascend910B3,20,external_v2_fp32_nn,768,1280,1536,fp32,0,0,8:768:384:192:128:128:64:6:9:1:3:0:3:3:2:2:2:1:1:1:4:1:3
contract_behavior_v1_round1,Ascend910B3,20,external_v2_fp32_nn,768,1280,1536,fp32,0,0,4:768:384:128:64:96:32:16:32:4:4:1:4:4:1:1:1:1:1:1:4:2:2
contract_behavior_v1_round1,Ascend910B3,20,external_v2_fp32_nn,768,1280,1536,fp32,0,0,20:384:32:1536:32:32:192:8:4:2:1:1:4:4:1:2:1:2:20:1:2:2:0
contract_behavior_v1_round1,Ascend910B3,20,external_v2_fp32_nn,768,1280,1536,fp32,0,0,5:768:256:1536:16:256:16:32:8:4:1:0:4:4:2:1:1:1:3:1:2:0:0
contract_behavior_v1_round1,Ascend910B3,20,external_v2_fp32_nn,768,1280,1536,fp32,0,0,20:32:192:512:32:96:32:32:32:1:1:0:16:16:2:1:1:1:1:24:7:1:2
contract_behavior_v1_round1,Ascend910B3,20,external_v2_fp32_nn,768,1280,1536,fp32,0,0,2:384:1280:32:96:32:16:16:8:4:4:1:2:2:2:1:1:2:1:1:1:1:2
contract_behavior_v1_round1,Ascend910B3,20,external_v2_fp32_nn,768,1280,1536,fp32,0,0,20:32:224:1536:16:128:64:2:1:1:1:1:1:1:2:2:2:8:2:3:5:2:0
contract_behavior_v1_round1,Ascend910B3,20,external_v2_fp32_nn,768,1280,1536,fp32,0,0,3:768:512:1536:32:512:16:4:2:1:1:1:2:2:2:2:2:1:1:1:3:0:0
contract_behavior_v1_round1,Ascend910B3,20,external_v2_fp32_nn,768,1280,1536,fp32,0,0,20:32:144:1536:16:48:16:4:8:2:2:0:2:2:2:2:2:3:2:8:8:2:0
contract_behavior_v1_round1,Ascend910B3,20,external_v2_fp32_nn,768,1280,1536,fp32,0,0,2:448:1280:1536:448:32:16:16:16:1:2:1:8:8:1:2:1:2:1:1:1:0:0
contract_behavior_v1_round1,Ascend910B3,20,external_v2_fp32_nn,768,1280,1536,fp32,0,0,1:384:1280:192:128:128:64:9:6:3:1:1:3:3:2:2:2:1:1:2:1:0:3
contract_behavior_v1_round1,Ascend910B3,20,external_v2_fp32_nn,768,1280,1536,fp32,0,0,20:96:16:1536:16:16:512:8:2:4:1:0:1:1:1:1:1:8:3:1:35:0:0
contract_behavior_v1_round1,Ascend910B3,20,external_v2_fp32_nn,768,1280,1536,fp32,0,0,20:32:48:1536:32:32:224:4:2:1:1:1:2:2:2:1:1:8:7:3:4:1:0
contract_behavior_v1_round1,Ascend910B3,20,external_v2_fp32_nt,32,352,5120,fp32,0,1,16:16:48:5120:16:16:320:2:3:1:3:0:1:1:2:2:2:2:1:1:8:0:0
contract_behavior_v1_round1,Ascend910B3,20,external_v2_fp32_nt,32,352,5120,fp32,0,1,16:16:48:5120:16:16:256:1:1:1:1:0:1:1:1:2:1:1:2:2:7:0:0
contract_behavior_v1_round1,Ascend910B3,20,external_v2_fp32_nt,32,352,5120,fp32,0,1,16:16:48:5120:16:48:192:8:4:1:1:0:4:4:2:1:1:2:1:1:8:0:0
contract_behavior_v1_round1,Ascend910B3,20,external_v2_fp32_nt,32,352,5120,fp32,0,1,16:16:48:5120:16:16:448:1:1:1:1:1:1:1:2:2:2:1:2:2:5:0:0
contract_behavior_v1_round1,Ascend910B3,20,external_v2_fp32_nt,32,352,5120,fp32,0,1,16:16:48:5120:16:16:384:1:4:1:2:1:1:1:1:1:1:2:2:1:4:0:0
contract_behavior_v1_round1,Ascend910B3,20,external_v2_fp32_nt,32,352,5120,fp32,0,1,16:16:48:5120:16:48:96:2:1:1:1:0:1:1:2:1:1:1:1:2:8:0:0
contract_behavior_v1_round1,Ascend910B3,20,external_v2_fp32_nt,32,352,5120,fp32,0,1,16:16:48:5120:16:16:96:8:12:1:3:0:4:4:2:1:1:1:2:2:7:0:0
contract_behavior_v1_round1,Ascend910B3,20,external_v2_fp32_nt,32,352,5120,fp32,0,1,16:16:48:5120:16:16:80:2:1:1:1:0:1:1:2:2:2:2:1:1:8:0:0
contract_behavior_v1_round1,Ascend910B3,20,external_v2_fp32_nt,32,352,5120,fp32,0,1,16:16:48:5120:16:48:64:2:1:1:1:0:1:1:2:2:1:1:2:2:7:0:0
contract_behavior_v1_round1,Ascend910B3,20,external_v2_fp32_nt,32,352,5120,fp32,0,1,11:32:32:5120:16:16:640:2:2:1:1:1:2:2:1:1:1:1:3:1:4:0:0
contract_behavior_v1_round1,Ascend910B3,20,external_v2_fp32_nt,32,352,5120,fp32,0,1,12:16:64:5120:16:16:320:2:16:1:4:1:2:2:2:2:1:1:3:2:2:0:0
contract_behavior_v1_round1,Ascend910B3,20,external_v2_fp32_nt,32,352,5120,fp32,0,1,11:32:32:5120:32:16:512:2:4:1:2:1:2:2:1:2:1:1:2:1:9:0:0
contract_behavior_v1_round1,Ascend910B3,20,external_v2_fp32_nt,32,352,5120,fp32,0,1,11:32:32:5120:16:32:320:16:4:2:1:1:4:4:2:1:1:1:2:1:9:0:0
contract_behavior_v1_round1,Ascend910B3,20,external_v2_fp32_nt,32,352,5120,fp32,0,1,11:32:32:5120:32:32:224:8:4:1:1:1:4:4:2:1:1:1:3:1:4:0:0
contract_behavior_v1_round1,Ascend910B3,20,external_v2_fp32_nt,32,352,5120,fp32,0,1,10:16:80:1280:16:16:80:32:32:1:1:0:16:16:1:2:1:1:1:2:5:0:2
contract_behavior_v1_round1,Ascend910B3,20,external_v2_fp32_nt,32,352,5120,fp32,0,1,20:48:16:8:48:16:8:1:2:1:1:1:1:1:2:2:2:1:1:1:22:2:2
contract_behavior_v1_round1,Ascend910B3,20,external_v2_fp32_nt,32,352,5120,fp32,0,1,2:16:352:5120:16:16:112:8:64:1:4:0:8:8:1:2:1:1:1:2:1:0:0
contract_behavior_v1_round1,Ascend910B3,20,external_v2_fp32_nt,32,352,5120,fp32,0,1,20:192:16:5120:192:16:64:8:16:1:1:1:8:8:1:1:1:1:22:1:1:0:0
contract_behavior_v1_round1,Ascend910B3,20,external_v2_fp32_nt,32,352,5120,fp32,0,1,3:48:128:240:16:32:40:18:12:3:2:0:6:6:2:1:1:1:1:1:3:1:2
contract_behavior_v1_round1,Ascend910B3,20,external_v2_fp32_nt,32,352,5120,fp32,0,1,2:16:352:5120:16:16:8:4:16:1:4:1:4:4:2:2:2:2:1:1:1:0:0
contract_behavior_v1_round1,Ascend910B3,20,external_v2_fp32_nt,32,352,5120,fp32,0,1,5:144:80:5120:144:48:40:16:16:1:1:1:8:8:1:2:1:1:5:1:1:0:0
contract_behavior_v1_round1,Ascend910B3,20,external_v2_fp32_nt,32,352,5120,fp32,0,1,1:32:352:16:32:16:16:2:2:1:1:1:1:1:2:2:2:1:1:1:1:1:2
contract_behavior_v1_round1,Ascend910B3,20,external_v2_fp32_nt,32,352,5120,fp32,0,1,11:256:32:5120:256:32:8:1:1:1:1:1:1:1:2:1:1:1:11:1:1:0:0
contract_behavior_v1_round1,Ascend910B3,20,external_v2_fp32_nt,32,352,5120,fp32,0,1,20:416:16:5120:416:16:16:4:4:1:1:1:2:2:1:2:1:1:3:1:9:2:0
contract_behavior_v1_round1,Ascend910B3,20,external_v2_fp32_nt,32,352,5120,fp32,0,1,2:128:192:192:64:64:24:32:48:2:3:1:8:8:2:1:1:1:1:1:2:1:2
contract_behavior_v1_round1,Ascend910B3,20,external_v2_fp32_nt,32,352,5120,fp32,0,1,20:512:16:5120:512:16:8:1:2:1:1:0:1:1:2:2:2:1:22:1:1:0:0
contract_behavior_v1_round1,Ascend910B3,20,external_v2_fp32_nt,32,352,5120,fp32,0,1,2:192:176:24:64:64:24:6:4:3:2:1:1:1:1:2:1:1:1:1:2:2:2
contract_behavior_v1_round1,Ascend910B3,20,external_v2_fp32_nt,32,352,5120,fp32,0,1,1:112:352:5120:112:224:24:16:16:1:1:0:8:8:2:1:1:1:1:1:1:0:0
contract_behavior_v1_round1,Ascend910B3,20,external_v2_fp32_nt,32,352,5120,fp32,0,1,3:192:128:5120:192:16:8:4:4:1:1:0:2:2:1:2:1:1:3:1:1:0:0
contract_behavior_v1_round1,Ascend910B3,20,external_v2_fp32_nt,32,352,5120,fp32,0,1,20:128:384:192:128:128:64:6:9:1:3:0:3:3:2:2:2:1:1:1:1:1:3
contract_behavior_v1_round1,Ascend910B3,20,external_v2_fp32_nt,32,352,5120,fp32,0,1,1:384:352:192:128:128:64:9:6:3:1:1:3:3:2:2:2:1:1:1:1:0:3
contract_behavior_v1_round1,Ascend910B3,20,external_v2_fp32_nt,32,352,5120,fp32,0,1,1:512:352:5120:512:64:8:4:4:1:1:0:4:4:2:2:1:1:1:1:1:0:0
contract_behavior_v1_round1,Ascend910B3,20,external_v2_fp32_tn,640,960,1280,fp32,1,0,20:640:48:1280:96:16:128:4:4:1:1:1:2:2:1:2:1:1:2:1:14:0:0
contract_behavior_v1_round1,Ascend910B3,20,external_v2_fp32_tn,640,960,1280,fp32,1,0,20:64:480:1280:16:32:256:4:8:1:2:0:4:4:2:2:2:10:1:1:2:0:0
contract_behavior_v1_round1,Ascend910B3,20,external_v2_fp32_tn,640,960,1280,fp32,1,0,20:64:480:1280:32:16:160:4:8:1:4:1:2:2:2:2:1:4:1:3:2:0:0
contract_behavior_v1_round1,Ascend910B3,20,external_v2_fp32_tn,640,960,1280,fp32,1,0,20:640:48:1280:80:48:80:4:4:2:1:0:2:2:2:2:1:1:2:1:10:0:0
contract_behavior_v1_round1,Ascend910B3,20,external_v2_fp32_tn,640,960,1280,fp32,1,0,20:128:240:1280:128:16:80:8:16:1:2:1:4:4:1:2:1:3:2:2:3:0:0
contract_behavior_v1_round1,Ascend910B3,20,external_v2_fp32_tn,640,960,1280,fp32,1,0,20:640:48:1280:64:48:80:16:4:4:1:1:4:4:2:2:2:1:2:1:14:0:0
contract_behavior_v1_round1,Ascend910B3,20,external_v2_fp32_tn,640,960,1280,fp32,1,0,20:320:96:1280:80:16:128:1:4:1:2:0:1:1:1:2:1:1:2:2:7:0:0
contract_behavior_v1_round1,Ascend910B3,20,external_v2_fp32_tn,640,960,1280,fp32,1,0,20:128:240:1280:64:48:128:4:8:2:4:1:2:2:2:2:1:2:1:4:4:0:0
contract_behavior_v1_round1,Ascend910B3,20,external_v2_fp32_tn,640,960,1280,fp32,1,0,20:160:192:1280:32:16:128:4:16:1:4:0:4:4:2:1:1:2:2:3:4:0:0
contract_behavior_v1_round1,Ascend910B3,20,external_v2_fp32_tn,640,960,1280,fp32,1,0,20:160:192:1280:32:96:64:2:2:2:1:1:1:1:2:2:1:2:2:3:3:0:0
contract_behavior_v1_round1,Ascend910B3,20,external_v2_fp32_tn,640,960,1280,fp32,1,0,20:160:192:1280:64:48:128:2:4:1:2:0:1:1:2:2:2:1:5:4:1:0:0
contract_behavior_v1_round1,Ascend910B3,20,external_v2_fp32_tn,640,960,1280,fp32,1,0,20:640:48:1280:96:16:80:2:4:1:2:1:2:2:2:1:1:1:7:1:3:0:0
contract_behavior_v1_round1,Ascend910B3,20,external_v2_fp32_tn,640,960,1280,fp32,1,0,20:128:240:1280:128:192:32:4:8:1:1:1:4:4:2:1:1:1:2:5:2:0:0
contract_behavior_v1_round1,Ascend910B3,20,external_v2_fp32_tn,640,960,1280,fp32,1,0,20:160:192:1280:128:32:48:2:4:1:2:0:2:2:2:2:1:2:2:3:4:0:0
contract_behavior_v1_round1,Ascend910B3,20,external_v2_fp32_tn,640,960,1280,fp32,1,0,20:128:240:768:64:32:48:16:16:1:1:0:16:16:1:2:1:1:1:5:4:2:2
contract_behavior_v1_round1,Ascend910B3,20,external_v2_fp32_tn,640,960,1280,fp32,1,0,14:48:960:96:16:16:48:8:6:2:3:1:2:2:2:2:2:7:1:2:1:0:2
contract_behavior_v1_round1,Ascend910B3,20,external_v2_fp32_tn,640,960,1280,fp32,1,0,10:320:192:96:160:16:16:24:18:2:3:1:6:6:1:2:1:2:1:1:5:1:2
contract_behavior_v1_round1,Ascend910B3,20,external_v2_fp32_tn,640,960,1280,fp32,1,0,8:192:480:256:48:32:16:128:64:4:4:1:16:16:2:2:2:1:1:4:2:0:2
contract_behavior_v1_round1,Ascend910B3,20,external_v2_fp32_tn,640,960,1280,fp32,1,0,20:48:320:288:16:64:48:24:36:2:3:1:6:6:2:1:1:5:1:3:3:2:2
contract_behavior_v1_round1,Ascend910B3,20,external_v2_fp32_tn,640,960,1280,fp32,1,0,8:512:240:32:128:16:16:8:16:4:4:1:2:2:1:1:1:1:1:2:4:2:2
contract_behavior_v1_round1,Ascend910B3,20,external_v2_fp32_tn,640,960,1280,fp32,1,0,4:160:960:1280:160:64:16:2:4:1:2:1:2:2:2:2:2:2:1:2:1:0:0
contract_behavior_v1_round1,Ascend910B3,20,external_v2_fp32_tn,640,960,1280,fp32,1,0,5:144:960:1280:144:16:16:4:4:1:2:0:2:2:1:1:1:5:1:1:1:0:0
contract_behavior_v1_round1,Ascend910B3,20,external_v2_fp32_tn,640,960,1280,fp32,1,0,4:640:256:288:32:64:48:24:24:4:4:1:6:6:2:1:1:1:1:1:4:1:2
contract_behavior_v1_round1,Ascend910B3,20,external_v2_fp32_tn,640,960,1280,fp32,1,0,4:208:960:1280:208:16:64:8:8:1:2:0:4:4:1:1:1:2:1:3:1:0:0
contract_behavior_v1_round1,Ascend910B3,20,external_v2_fp32_tn,640,960,1280,fp32,1,0,20:624:32:1280:624:32:16:4:8:1:1:0:4:4:1:1:1:2:3:1:11:2:0
contract_behavior_v1_round1,Ascend910B3,20,external_v2_fp32_tn,640,960,1280,fp32,1,0,7:640:384:192:128:128:64:6:9:1:3:0:3:3:2:2:2:1:1:1:3:1:3
contract_behavior_v1_round1,Ascend910B3,20,external_v2_fp32_tn,640,960,1280,fp32,1,0,20:96:48:32:80:48:16:2:2:1:1:0:2:2:2:1:1:7:1:1:20:1:2
contract_behavior_v1_round1,Ascend910B3,20,external_v2_fp32_tn,640,960,1280,fp32,1,0,3:288:960:32:96:32:16:6:8:3:2:0:2:2:2:2:2:2:1:2:1:1:2
contract_behavior_v1_round1,Ascend910B3,20,external_v2_fp32_tn,640,960,1280,fp32,1,0,20:16:160:1280:16:160:16:1:1:1:1:1:1:1:1:1:1:40:1:1:6:0:0
contract_behavior_v1_round1,Ascend910B3,20,external_v2_fp32_tn,640,960,1280,fp32,1,0,20:64:16:1280:64:16:16:1:1:1:1:1:1:1:2:2:2:1:12:10:5:1:0
contract_behavior_v1_round1,Ascend910B3,20,external_v2_fp32_tn,640,960,1280,fp32,1,0,20:48:16:1280:48:16:320:2:4:1:1:1:2:2:1:1:1:4:12:4:5:1:0
contract_behavior_v1_round1,Ascend910B3,20,external_v2_fp32_tn,640,960,1280,fp32,1,0,1:384:960:192:128:128:64:9:6:3:1:1:3:3:2:2:2:1:1:2:1:0:3
contract_behavior_v1_round1,Ascend910B3,20,external_v2_fp32_tt,384,640,768,fp32,1,1,20:192:64:768:64:16:192:8:8:1:1:1:4:4:1:2:1:1:2:2:8:0:0
contract_behavior_v1_round1,Ascend910B3,20,external_v2_fp32_tt,384,640,768,fp32,1,1,20:384:32:768:128:32:96:8:4:2:1:0:4:4:1:2:1:1:2:1:13:0:0
contract_behavior_v1_round1,Ascend910B3,20,external_v2_fp32_tt,384,640,768,fp32,1,1,20:384:32:768:192:16:64:4:4:1:1:0:4:4:1:1:1:1:1:1:20:0:0
contract_behavior_v1_round1,Ascend910B3,20,external_v2_fp32_tt,384,640,768,fp32,1,1,20:96:128:768:96:64:64:4:8:1:2:1:2:2:2:2:1:1:3:4:2:0:0
contract_behavior_v1_round1,Ascend910B3,20,external_v2_fp32_tt,384,640,768,fp32,1,1,20:192:64:768:80:32:128:8:8:2:1:0:4:4:1:1:1:2:1:1:10:0:0
contract_behavior_v1_round1,Ascend910B3,20,external_v2_fp32_tt,384,640,768,fp32,1,1,20:192:64:768:112:16:96:2:1:1:1:1:1:1:1:1:1:2:1:1:10:0:0
contract_behavior_v1_round1,Ascend910B3,20,external_v2_fp32_tt,384,640,768,fp32,1,1,20:96:128:768:96:32:64:2:2:1:1:1:1:1:2:2:2:4:1:1:5:0:0
contract_behavior_v1_round1,Ascend910B3,20,external_v2_fp32_tt,384,640,768,fp32,1,1,20:192:64:768:160:32:96:4:4:1:2:0:2:2:1:2:1:1:2:2:8:0:0
contract_behavior_v1_round1,Ascend910B3,20,external_v2_fp32_tt,384,640,768,fp32,1,1,20:96:128:768:96:32:96:2:8:1:4:1:2:2:1:1:1:4:1:1:5:0:0
contract_behavior_v1_round1,Ascend910B3,20,external_v2_fp32_tt,384,640,768,fp32,1,1,20:96:128:768:64:16:128:4:8:1:2:0:2:2:1:1:1:2:2:2:4:0:0
contract_behavior_v1_round1,Ascend910B3,20,external_v2_fp32_tt,384,640,768,fp32,1,1,20:96:128:768:64:112:64:16:8:1:1:0:8:8:2:2:1:2:2:2:4:0:0
contract_behavior_v1_round1,Ascend910B3,20,external_v2_fp32_tt,384,640,768,fp32,1,1,20:192:64:768:48:64:128:12:6:2:1:0:6:6:1:2:1:1:1:2:10:0:0
contract_behavior_v1_round1,Ascend910B3,20,external_v2_fp32_tt,384,640,768,fp32,1,1,20:96:128:768:96:16:96:2:8:1:2:1:2:2:1:1:1:1:3:4:2:0:0
contract_behavior_v1_round1,Ascend910B3,20,external_v2_fp32_tt,384,640,768,fp32,1,1,20:96:128:768:64:64:128:8:8:1:2:1:4:4:2:1:1:1:3:4:2:0:0
contract_behavior_v1_round1,Ascend910B3,20,external_v2_fp32_tt,384,640,768,fp32,1,1,20:192:64:720:16:32:80:18:18:1:1:1:9:9:2:1:1:1:1:2:10:2:2
contract_behavior_v1_round1,Ascend910B3,20,external_v2_fp32_tt,384,640,768,fp32,1,1,18:128:112:512:32:16:32:96:64:3:2:0:16:16:2:2:2:1:1:3:6:0:2
contract_behavior_v1_round1,Ascend910B3,20,external_v2_fp32_tt,384,640,768,fp32,1,1,16:192:80:256:48:16:16:128:128:4:4:1:16:16:1:2:1:1:1:2:8:1:2
contract_behavior_v1_round1,Ascend910B3,20,external_v2_fp32_tt,384,640,768,fp32,1,1,20:336:64:256:112:32:16:48:64:3:2:0:16:16:1:1:1:2:1:1:10:0:2
contract_behavior_v1_round1,Ascend910B3,20,external_v2_fp32_tt,384,640,768,fp32,1,1,20:128:80:128:32:16:16:32:24:2:3:1:8:8:2:2:2:1:1:3:8:0:2
contract_behavior_v1_round1,Ascend910B3,20,external_v2_fp32_tt,384,640,768,fp32,1,1,8:192:176:768:32:176:16:4:1:4:1:0:1:1:2:1:1:2:1:1:4:0:0
contract_behavior_v1_round1,Ascend910B3,20,external_v2_fp32_tt,384,640,768,fp32,1,1,9:128:288:32:16:96:32:4:3:2:3:0:1:1:2:1:1:1:1:3:3:0:2
contract_behavior_v1_round1,Ascend910B3,20,external_v2_fp32_tt,384,640,768,fp32,1,1,20:48:96:128:48:16:32:4:4:1:1:0:4:4:1:2:1:8:1:1:7:1:2
contract_behavior_v1_round1,Ascend910B3,20,external_v2_fp32_tt,384,640,768,fp32,1,1,6:192:256:768:48:256:64:4:1:4:1:1:1:1:2:1:1:1:2:2:2:0:0
contract_behavior_v1_round1,Ascend910B3,20,external_v2_fp32_tt,384,640,768,fp32,1,1,5:384:128:32:48:32:16:8:8:4:4:1:2:2:1:1:1:1:1:1:5:1:2
contract_behavior_v1_round1,Ascend910B3,20,external_v2_fp32_tt,384,640,768,fp32,1,1,4:192:320:512:64:32:32:48:32:3:2:0:16:16:1:1:1:1:1:2:2:0:2
contract_behavior_v1_round1,Ascend910B3,20,external_v2_fp32_tt,384,640,768,fp32,1,1,3:384:256:256:48:64:16:64:64:4:4:1:16:16:2:2:2:1:1:1:3:0:2
contract_behavior_v1_round1,Ascend910B3,20,external_v2_fp32_tt,384,640,768,fp32,1,1,3:384:256:16:48:64:16:8:4:4:4:0:1:1:2:2:2:1:1:1:3:1:2
contract_behavior_v1_round1,Ascend910B3,20,external_v2_fp32_tt,384,640,768,fp32,1,1,2:384:384:192:128:128:64:6:9:1:3:0:3:3:2:2:2:1:1:1:2:1:3
contract_behavior_v1_round1,Ascend910B3,20,external_v2_fp32_tt,384,640,768,fp32,1,1,2:384:384:768:64:384:32:16:8:2:1:0:8:8:2:1:1:1:1:1:2:0:0
contract_behavior_v1_round1,Ascend910B3,20,external_v2_fp32_tt,384,640,768,fp32,1,1,2:272:640:768:272:48:16:1:2:1:2:0:1:1:2:2:2:1:1:2:1:0:0
contract_behavior_v1_round1,Ascend910B3,20,external_v2_fp32_tt,384,640,768,fp32,1,1,2:880:320:768:880:16:16:2:4:1:2:1:2:2:1:2:1:1:2:1:1:0:0
contract_behavior_v1_round1,Ascend910B3,20,external_v2_fp32_tt,384,640,768,fp32,1,1,20:16:32:768:16:32:64:8:4:1:1:1:4:4:1:2:1:1:5:24:4:0:0
contract_behavior_v1_round1,Ascend910B3,20,external_v2_template_al1,16,304,5120,fp32,0,1,19:16:16:5120:16:16:512:4:4:1:1:1:2:2:2:2:2:1:3:1:9:0:0
contract_behavior_v1_round1,Ascend910B3,20,external_v2_template_al1,16,304,5120,fp32,0,1,19:16:16:5120:16:16:512:1:1:1:1:1:1:1:1:1:1:1:3:1:9:0:0
contract_behavior_v1_round1,Ascend910B3,20,external_v2_template_al1,16,304,5120,fp32,0,1,19:16:16:5120:16:16:448:8:8:1:1:1:4:4:2:2:2:1:3:1:9:0:0
contract_behavior_v1_round1,Ascend910B3,20,external_v2_template_al1,16,304,5120,fp32,0,1,19:16:16:5120:16:16:192:2:4:1:1:1:2:2:2:1:1:1:3:1:9:0:0
contract_behavior_v1_round1,Ascend910B3,20,external_v2_template_al1,16,304,5120,fp32,0,1,19:16:16:5120:16:16:224:1:1:1:1:1:1:1:1:1:1:1:3:1:9:0:0
contract_behavior_v1_round1,Ascend910B3,20,external_v2_template_al1,16,304,5120,fp32,0,1,19:16:16:5120:16:16:160:1:1:1:1:1:1:1:2:2:2:1:3:1:9:0:0
contract_behavior_v1_round1,Ascend910B3,20,external_v2_template_al1,16,304,5120,fp32,0,1,19:16:16:5120:16:16:160:1:1:1:1:1:1:1:1:1:1:1:3:1:9:0:0
contract_behavior_v1_round1,Ascend910B3,20,external_v2_template_al1,16,304,5120,fp32,0,1,19:16:16:5120:16:16:80:1:1:1:1:1:1:1:1:1:1:1:3:1:9:0:0
contract_behavior_v1_round1,Ascend910B3,20,external_v2_template_al1,16,304,5120,fp32,0,1,19:16:16:5120:16:16:56:4:4:1:1:1:2:2:1:1:1:1:3:1:9:0:0
contract_behavior_v1_round1,Ascend910B3,20,external_v2_template_al1,16,304,5120,fp32,0,1,10:16:32:5120:16:16:512:4:8:1:2:0:4:4:2:2:1:1:1:1:10:0:0
contract_behavior_v1_round1,Ascend910B3,20,external_v2_template_al1,16,304,5120,fp32,0,1,10:16:32:5120:16:16:768:2:2:1:1:0:2:2:1:1:1:1:1:1:10:0:0
contract_behavior_v1_round1,Ascend910B3,20,external_v2_template_al1,16,304,5120,fp32,0,1,10:16:32:5120:16:16:256:2:8:1:2:0:2:2:2:2:2:1:1:1:10:0:0
contract_behavior_v1_round1,Ascend910B3,20,external_v2_template_al1,16,304,5120,fp32,0,1,19:32:16:5120:32:16:224:1:1:1:1:1:1:1:2:2:1:1:4:1:6:0:0
contract_behavior_v1_round1,Ascend910B3,20,external_v2_template_al1,16,304,5120,fp32,0,1,19:16:16:5120:16:16:160:32:1:1:1:1:32:1:1:1:1:1:1:1:19:0:10
contract_behavior_v1_round1,Ascend910B3,20,external_v2_template_al1,16,304,5120,fp32,0,1,5:16:64:640:16:16:40:32:32:1:1:0:16:16:1:2:1:1:1:1:5:1:2
contract_behavior_v1_round1,Ascend910B3,20,external_v2_template_al1,16,304,5120,fp32,0,1,19:16:16:5120:16:16:224:23:1:1:1:1:23:1:2:2:2:1:1:1:19:2:10
contract_behavior_v1_round1,Ascend910B3,20,external_v2_template_al1,16,304,5120,fp32,0,1,7:64:48:5120:64:16:256:4:8:1:1:1:4:4:1:2:1:1:1:1:7:0:0
contract_behavior_v1_round1,Ascend910B3,20,external_v2_template_al1,16,304,5120,fp32,0,1,10:48:32:8:48:32:8:2:2:1:1:1:1:1:2:2:2:1:1:1:10:0:2
contract_behavior_v1_round1,Ascend910B3,20,external_v2_template_al1,16,304,5120,fp32,0,1,5:48:64:384:48:64:24:32:32:1:1:0:16:16:2:2:2:1:1:1:5:1:2
contract_behavior_v1_round1,Ascend910B3,20,external_v2_template_al1,16,304,5120,fp32,0,1,2:16:160:5120:16:16:224:23:2:1:1:1:23:1:2:2:2:1:2:1:1:0:10
contract_behavior_v1_round1,Ascend910B3,20,external_v2_template_al1,16,304,5120,fp32,0,1,10:128:32:5120:128:16:8:4:8:1:2:0:2:2:2:2:1:1:10:1:1:0:0
contract_behavior_v1_round1,Ascend910B3,20,external_v2_template_al1,16,304,5120,fp32,0,1,2:32:240:5120:32:240:32:8:16:1:1:1:8:8:2:1:1:1:2:1:1:0:0
contract_behavior_v1_round1,Ascend910B3,20,external_v2_template_al1,16,304,5120,fp32,0,1,19:624:16:5120:624:16:8:4:4:1:1:1:2:2:2:2:2:1:7:1:3:2:0
contract_behavior_v1_round1,Ascend910B3,20,external_v2_template_al1,16,304,5120,fp32,0,1,1:16:304:5120:16:16:256:20:1:1:1:0:20:1:1:1:1:1:1:1:1:0:10
contract_behavior_v1_round1,Ascend910B3,20,external_v2_template_al1,16,304,5120,fp32,0,1,2:16:192:5120:16:192:8:640:1:1:1:1:640:1:2:1:1:1:1:1:2:2:10
contract_behavior_v1_round1,Ascend910B3,20,external_v2_template_al1,16,304,5120,fp32,0,1,1:32:304:24:32:80:8:3:6:1:1:1:3:3:2:1:1:1:1:1:1:1:2
contract_behavior_v1_round1,Ascend910B3,20,external_v2_template_al1,16,304,5120,fp32,0,1,2:128:192:384:64:64:24:32:48:2:3:1:16:16:2:1:1:1:1:1:2:2:2
contract_behavior_v1_round1,Ascend910B3,20,external_v2_template_al1,16,304,5120,fp32,0,1,4:256:80:8:128:16:8:2:3:2:3:0:1:1:1:1:1:1:1:1:4:2:2
contract_behavior_v1_round1,Ascend910B3,20,external_v2_template_al1,16,304,5120,fp32,0,1,20:128:384:192:128:128:64:6:9:1:3:0:3:3:2:2:2:1:1:1:1:1:3
contract_behavior_v1_round1,Ascend910B3,20,external_v2_template_al1,16,304,5120,fp32,0,1,3:464:112:5120:464:32:8:1:1:1:1:1:1:1:2:2:2:1:3:1:1:0:0
contract_behavior_v1_round1,Ascend910B3,20,external_v2_template_al1,16,304,5120,fp32,0,1,2:640:160:48:160:16:8:48:48:4:4:1:6:6:1:2:1:1:2:1:1:0:2
contract_behavior_v1_round1,Ascend910B3,20,external_v2_template_al1,16,304,5120,fp32,0,1,1:384:304:192:128:128:64:9:6:3:1:1:3:3:2:2:2:1:1:1:1:0:3
contract_behavior_v1_round1,Ascend910B3,20,external_v2_template_bl1,49152,160,128,fp16,0,0,20:2464:160:128:16:96:128:1:4:1:2:1:1:1:2:1:1:3:1:9:1:2:20
contract_behavior_v1_round1,Ascend910B3,20,external_v2_template_bl1,49152,160,128,fp16,0,0,20:2464:160:128:16:96:128:2:4:1:2:1:1:1:2:1:1:4:1:6:1:0:20
contract_behavior_v1_round1,Ascend910B3,20,external_v2_template_bl1,49152,160,128,fp16,0,0,20:2464:160:128:16:96:128:1:2:1:2:1:1:1:2:1:1:3:1:9:1:1:20
contract_behavior_v1_round1,Ascend910B3,20,external_v2_template_bl1,49152,160,128,fp16,0,0,20:2464:160:128:16:96:128:2:2:1:2:1:1:1:2:1:1:3:1:9:1:2:20
contract_behavior_v1_round1,Ascend910B3,20,external_v2_template_bl1,49152,160,128,fp16,0,0,20:2464:160:128:80:48:64:4:16:1:4:1:2:2:2:1:1:1:1:20:1:1:20
contract_behavior_v1_round1,Ascend910B3,20,external_v2_template_bl1,49152,160,128,fp16,0,0,20:2464:160:128:80:48:64:2:16:1:4:1:2:2:2:1:1:1:1:20:1:0:20
contract_behavior_v1_round1,Ascend910B3,20,external_v2_template_bl1,49152,160,128,fp16,0,0,20:2464:160:128:144:16:64:4:40:1:10:1:2:2:1:2:1:20:1:1:1:0:20
contract_behavior_v1_round1,Ascend910B3,20,external_v2_template_bl1,49152,160,128,fp16,0,0,20:2464:160:128:80:48:64:4:8:1:4:1:2:2:2:1:1:1:1:20:1:0:20
contract_behavior_v1_round1,Ascend910B3,20,external_v2_template_bl1,49152,160,128,fp16,0,0,20:2464:160:128:80:48:64:2:8:1:4:1:2:2:2:1:1:20:1:1:1:2:20
contract_behavior_v1_round1,Ascend910B3,20,external_v2_template_bl1,49152,160,128,fp16,0,0,20:2464:160:128:144:16:64:2:40:1:10:1:2:2:1:2:1:5:1:4:1:2:20
contract_behavior_v1_round1,Ascend910B3,20,external_v2_template_bl1,49152,160,128,fp16,0,0,20:2464:160:128:144:16:64:4:20:1:10:1:2:2:1:2:1:5:1:4:1:2:20
contract_behavior_v1_round1,Ascend910B3,20,external_v2_template_bl1,49152,160,128,fp16,0,0,20:2464:160:128:144:16:64:2:20:1:10:1:2:2:1:2:1:5:1:4:1:1:20
contract_behavior_v1_round1,Ascend910B3,20,external_v2_template_bl1,49152,160,128,fp16,0,0,20:2464:160:128:192:48:16:16:64:1:4:1:8:8:2:1:1:4:1:6:1:2:20
contract_behavior_v1_round1,Ascend910B3,20,external_v2_template_bl1,49152,160,128,fp16,0,0,20:2464:160:112:48:32:16:7:7:1:1:1:7:7:2:2:2:2:1:11:1:1:2
contract_behavior_v1_round1,Ascend910B3,20,external_v2_template_bl1,49152,160,128,fp16,0,0,20:2464:160:128:64:144:64:4:1:2:1:1:1:1:1:1:1:3:1:9:1:0:0
contract_behavior_v1_round1,Ascend910B3,20,external_v2_template_bl1,49152,160,128,fp16,0,0,16:3072:192:112:80:48:16:56:56:4:4:0:7:7:1:1:1:4:1:5:1:0:2
contract_behavior_v1_round1,Ascend910B3,20,external_v2_template_bl1,49152,160,128,fp16,0,0,20:1376:160:128:128:48:128:1:1:1:1:1:1:1:2:2:2:36:1:1:1:0:0
contract_behavior_v1_round1,Ascend910B3,20,external_v2_template_bl1,49152,160,128,fp16,0,0,10:24576:32:128:96:16:96:8:2:2:1:0:2:2:1:2:1:1:1:2:5:0:0
contract_behavior_v1_round1,Ascend910B3,20,external_v2_template_bl1,49152,160,128,fp16,0,0,20:2240:96:128:320:96:16:2:4:1:1:0:2:2:1:1:1:1:1:22:2:0:0
contract_behavior_v1_round1,Ascend910B3,20,external_v2_template_bl1,49152,160,128,fp16,0,0,4:12288:160:128:48:48:16:16:32:1:4:1:8:8:2:2:1:2:1:3:1:0:20
contract_behavior_v1_round1,Ascend910B3,20,external_v2_template_bl1,49152,160,128,fp16,0,0,20:1968:48:16:112:32:16:1:2:1:1:1:1:1:1:1:1:1:2:25:2:2:2
contract_behavior_v1_round1,Ascend910B3,20,external_v2_template_bl1,49152,160,128,fp16,0,0,4:24576:80:128:16:80:32:4:4:1:1:0:4:4:2:2:2:1:1:2:2:0:0
contract_behavior_v1_round1,Ascend910B3,20,external_v2_template_bl1,49152,160,128,fp16,0,0,20:1456:576:112:16:192:16:28:42:2:3:0:7:7:2:1:1:4:1:9:1:2:2
contract_behavior_v1_round1,Ascend910B3,20,external_v2_template_bl1,49152,160,128,fp16,0,0,20:256:160:128:256:128:64:2:4:1:2:0:2:2:2:2:1:1:1:0:0:0:1020
contract_behavior_v1_round1,Ascend910B3,20,external_v2_template_bl1,49152,160,128,fp16,0,0,3:16384:160:128:64:64:96:2:12:1:3:0:2:2:2:2:2:1:1:3:1:1:20
contract_behavior_v1_round1,Ascend910B3,20,external_v2_template_bl1,49152,160,128,fp16,0,0,20:1904:672:128:48:672:16:4:4:2:1:1:2:2:1:2:1:4:1:7:1:0:0
contract_behavior_v1_round1,Ascend910B3,20,external_v2_template_bl1,49152,160,128,fp16,0,0,20:1296:144:128:16:144:16:32:16:4:1:0:8:8:2:1:1:6:1:7:2:0:0
contract_behavior_v1_round1,Ascend910B3,20,external_v2_template_bl1,49152,160,128,fp16,0,0,2:24576:192:96:64:64:48:4:12:2:3:1:2:2:2:1:1:1:1:2:1:0:2
contract_behavior_v1_round1,Ascend910B3,20,external_v2_template_bl1,49152,160,128,fp16,0,0,1:49152:160:128:48:16:16:8:160:1:10:0:8:8:1:1:1:1:1:1:1:1:20
contract_behavior_v1_round1,Ascend910B3,20,external_v2_template_bl1,49152,160,128,fp16,0,0,1:49152:160:128:176:160:128:1:2:1:1:0:1:1:1:1:1:1:1:1:1:0:0
contract_behavior_v1_round1,Ascend910B3,20,external_v2_template_bl1,49152,160,128,fp16,0,0,2:24576:384:128:32:384:16:32:8:4:1:1:4:4:2:1:1:2:1:1:1:0:0
contract_behavior_v1_round1,Ascend910B3,20,external_v2_template_bl1,49152,160,128,fp16,0,0,20:1456:16:128:16:16:96:1:1:1:1:1:1:1:2:2:2:5:1:8:10:0:0
