campaign,soc,aic,workload_id,m,n,k,dtype,trans_a,trans_b,tiling_signature,candidate_source,median_ms,ratio_vs_official,ratio_vs_bank,status_vs_official,status_vs_bank,model_ratio,verified,structured_verified
adaptive_racing_net_log19,Ascend910B3,20,external_v3_dense_balanced_aligned,2304,3328,4608,fp16,0,0,20:576:672:1024:48:16:128:24:16:3:2:0:8:8:1:2:1:1:2:4:3:1:2,contract_global,4.76591888428,17.7703267725,17.7919976455,regressed,regressed,1.3135232848947265,1,1
adaptive_racing_net_log19,Ascend910B3,20,external_v3_dense_balanced_aligned,2304,3328,4608,fp16,0,0,14:176:3328:1280:16:16:80:32:32:1:1:0:16:16:1:2:1:14:1:1:1:1:2,contract_global,34.2757446289,127.801416099,127.957269635,regressed,regressed,1.4125375446227544,1,1
adaptive_racing_net_log19,Ascend910B3,20,external_v3_dense_balanced_aligned,2304,3328,4608,fp16,0,0,14:176:3328:1280:16:16:80:16:16:1:1:0:16:16:1:2:1:7:1:2:1:2:2,contract_global,34.9101586914,130.166908562,130.325646811,regressed,regressed,1.4125375446227542,1,1
adaptive_racing_net_log19,Ascend910B3,20,external_v3_dense_balanced_aligned,2304,3328,4608,fp16,0,0,20:144:416:4608:96:16:160:8:32:1:2:1:8:8:2:2:2:16:3:1:3:2:0,runtime_rejected,,1,1,runtime_rejected,runtime_rejected,,0,0
adaptive_racing_net_log19,Ascend910B3,20,external_v3_dense_balanced_aligned,2304,3328,4608,fp16,0,0,20:256:192:4608:128:80:112:8:16:2:2:1:4:4:2:2:2:5:5:2:4:2:0,runtime_rejected,,1,1,runtime_rejected,runtime_rejected,,0,0
adaptive_racing_net_log19,Ascend910B3,20,external_v3_dense_balanced_aligned,2304,3328,4608,fp16,0,0,20:288:144:4608:32:16:512:8:8:4:4:0:1:1:2:2:2:1:1:8:24:1:0,runtime_rejected,,1,1,runtime_rejected,runtime_rejected,,0,0
adaptive_racing_net_log19,Ascend910B3,20,external_v3_dense_balanced_aligned,2304,3328,4608,fp16,0,0,12:192:3328:4608:16:16:80:16:8:2:1:1:8:8:2:1:1:12:1:1:1:0:0,runtime_rejected,,1,1,runtime_rejected,runtime_rejected,,0,0
adaptive_racing_net_log19,Ascend910B3,20,external_v3_dense_balanced_aligned,2304,3328,4608,fp16,0,0,7:2304:512:4608:32:512:32:8:2:4:1:1:1:1:2:2:2:1:2:1:6:2:0,runtime_rejected,,1,1,runtime_rejected,runtime_rejected,,0,0
adaptive_racing_net_log19,Ascend910B3,20,external_v3_dense_balanced_aligned,2304,3328,4608,fp16,0,0,20:464:128:4608:16:16:1024:2:8:1:4:0:2:2:2:2:1:1:6:5:5:1:0,runtime_rejected,,1,1,runtime_rejected,runtime_rejected,,0,0
adaptive_racing_net_log19,Ascend910B3,20,external_v3_dense_balanced_aligned,2304,3328,4608,fp16,0,0,20:288:1120:4608:16:16:1536:1:1:1:1:0:1:1:1:1:1:1:2:8:2:1:0,runtime_rejected,,1,1,runtime_rejected,runtime_rejected,,0,0
adaptive_racing_net_log19,Ascend910B3,20,external_v3_dense_balanced_aligned,2304,3328,4608,fp16,0,0,20:128:480:4608:32:32:512:4:4:2:2:1:2:2:2:1:1:5:2:4:6:2:0,runtime_rejected,,1,1,runtime_rejected,runtime_rejected,,0,0
adaptive_racing_net_log19,Ascend910B3,20,external_v3_dense_balanced_aligned,2304,3328,4608,fp16,0,0,20:368:144:4608:368:16:80:4:16:1:2:1:4:4:1:2:1:1:24:7:1:2:0,runtime_rejected,,1,1,runtime_rejected,runtime_rejected,,0,0
adaptive_racing_net_log19,Ascend910B3,20,external_v3_dense_balanced_aligned,2304,3328,4608,fp16,0,0,20:112:384:4608:16:32:512:16:4:4:2:1:2:2:1:2:1:7:2:3:5:1:0,runtime_rejected,,1,1,runtime_rejected,runtime_rejected,,0,0
adaptive_racing_net_log19,Ascend910B3,20,external_v3_dense_balanced_odd,1871,3007,4099,fp16,0,0,20:128:336:4099:64:112:128:16:8:2:1:1:4:4:2:2:2:1:3:15:4:2:0,runtime_rejected,,1,1,runtime_rejected,runtime_rejected,,0,0
adaptive_racing_net_log19,Ascend910B3,20,external_v3_dense_balanced_odd,1871,3007,4099,fp16,0,0,20:480:96:4099:112:16:128:16:16:4:4:1:4:4:2:2:2:4:1:1:32:2:0,runtime_rejected,,1,1,runtime_rejected,runtime_rejected,,0,0
adaptive_racing_net_log19,Ascend910B3,20,external_v3_dense_balanced_odd,1871,3007,4099,fp16,0,0,11:384:3008:384:128:128:128:9:6:3:1:1:3:3:2:2:2:1:1:5:1:0:3,contract_global,0.819581985474,2.0085922414,1.98683004994,regressed,regressed,1.136518020953208,1,1
adaptive_racing_net_log19,Ascend910B3,20,external_v3_dense_balanced_odd,1871,3007,4099,fp16,0,0,11:1872:384:384:128:128:128:6:9:1:3:0:3:3:2:2:2:1:1:1:8:1:3,contract_global,0.615902786255,1.5094250238,1.49307108412,regressed,regressed,1.1317122305706422,1,1
adaptive_racing_net_log19,Ascend910B3,20,external_v3_dense_balanced_odd,1871,3007,4099,fp16,0,0,12:160:3008:4099:16:16:80:16:8:2:1:1:8:8:2:1:1:12:1:1:1:0:0,runtime_rejected,,1,1,runtime_rejected,runtime_rejected,,0,0
adaptive_racing_net_log19,Ascend910B3,20,external_v3_dense_balanced_odd,1871,3007,4099,fp16,0,0,20:1872:64:4099:64:64:48:64:16:4:1:1:8:8:2:1:1:1:6:1:8:0:0,runtime_rejected,,1,1,runtime_rejected,runtime_rejected,,0,0
adaptive_racing_net_log19,Ascend910B3,20,external_v3_dense_balanced_odd,1871,3007,4099,fp16,0,0,20:448:112:4099:448:64:16:8:8:1:1:1:8:8:1:1:1:2:6:3:5:2:0,runtime_rejected,,1,1,runtime_rejected,runtime_rejected,,0,0
adaptive_racing_net_log19,Ascend910B3,20,external_v3_dense_balanced_odd,1871,3007,4099,fp16,0,0,5:448:3008:4099:448:16:16:16:16:1:2:1:8:8:1:2:1:5:1:1:1:0:0,runtime_rejected,,1,1,runtime_rejected,runtime_rejected,,0,0
adaptive_racing_net_log19,Ascend910B3,20,external_v3_dense_balanced_odd,1871,3007,4099,fp16,0,0,20:96:304:4099:64:64:256:4:8:1:2:0:2:2:1:2:1:20:2:1:9:2:0,runtime_rejected,,1,1,runtime_rejected,runtime_rejected,,0,0
adaptive_racing_net_log19,Ascend910B3,20,external_v3_dense_balanced_odd,1871,3007,4099,fp16,0,0,20:112:288:4099:64:64:256:4:8:1:1:1:4:4:2:1:1:6:4:3:3:2:0,runtime_rejected,,1,1,runtime_rejected,runtime_rejected,,0,0
adaptive_racing_net_log19,Ascend910B3,20,external_v3_dense_balanced_odd,1871,3007,4099,fp16,0,0,20:624:64:4099:64:16:224:4:16:1:2:1:4:4:2:2:1:3:3:1:22:2:0,runtime_rejected,,1,1,runtime_rejected,runtime_rejected,,0,0
adaptive_racing_net_log19,Ascend910B3,20,external_v3_dense_balanced_odd,1871,3007,4099,fp16,0,0,20:304:112:4099:304:48:96:4:4:1:2:1:2:2:1:2:1:7:27:1:1:0:0,runtime_rejected,,1,1,runtime_rejected,runtime_rejected,,0,0
adaptive_racing_net_log19,Ascend910B3,20,external_v3_dense_tall,4352,1152,6144,fp16,0,0,20:448:576:6144:16:48:224:16:16:2:1:0:8:8:2:2:2:10:1:1:2:0:0,runtime_rejected,,1,1,runtime_rejected,runtime_rejected,,0,0
adaptive_racing_net_log19,Ascend910B3,20,external_v3_dense_tall,4352,1152,6144,fp16,0,0,14:624:576:6144:32:48:256:8:16:4:4:1:2:2:1:1:1:4:1:2:2:0:0,runtime_rejected,,1,1,runtime_rejected,runtime_rejected,,0,0
adaptive_racing_net_log19,Ascend910B3,20,external_v3_dense_tall,4352,1152,6144,fp16,0,0,14:320:1152:6144:16:32:256:8:16:1:2:0:8:8:2:1:1:1:1:14:1:0:0,runtime_rejected,,1,1,runtime_rejected,runtime_rejected,,0,0
adaptive_racing_net_log19,Ascend910B3,20,external_v3_dense_tall,4352,1152,6144,fp16,0,0,11:400:1152:6144:32:16:256:16:8:1:1:1:8:8:1:1:1:11:1:1:1:0:0,runtime_rejected,,1,1,runtime_rejected,runtime_rejected,,0,0
adaptive_racing_net_log19,Ascend910B3,20,external_v3_dense_tall,4352,1152,6144,fp16,0,0,18:4352:64:6144:64:64:32:4:1:4:1:0:1:1:2:1:1:1:18:1:1:2:0,runtime_rejected,,1,1,runtime_rejected,runtime_rejected,,0,0
adaptive_racing_net_log19,Ascend910B3,20,external_v3_dense_tall,4352,1152,6144,fp16,0,0,8:2176:304:6144:48:304:16:8:1:4:1:1:1:1:2:2:2:1:2:2:3:2:0,runtime_rejected,,1,1,runtime_rejected,runtime_rejected,,0,0
adaptive_racing_net_log19,Ascend910B3,20,external_v3_dense_tall,4352,1152,6144,fp16,0,0,3:4352:544:6144:48:544:16:16:16:2:1:0:8:8:2:1:1:1:3:1:1:1:0,runtime_rejected,,1,1,runtime_rejected,runtime_rejected,,0,0
adaptive_racing_net_log19,Ascend910B3,20,external_v3_dense_tall,4352,1152,6144,fp16,0,0,20:336:96:6144:16:96:160:8:2:2:1:1:2:2:2:2:1:1:12:13:1:1:0,runtime_rejected,,1,1,runtime_rejected,runtime_rejected,,0,0
adaptive_racing_net_log19,Ascend910B3,20,external_v3_dense_tall,4352,1152,6144,fp16,0,0,20:272:96:6144:32:16:1024:2:8:1:2:1:2:2:1:1:1:6:3:3:5:0:0,runtime_rejected,,1,1,runtime_rejected,runtime_rejected,,0,0
adaptive_racing_net_log19,Ascend910B3,20,external_v3_dense_tall,4352,1152,6144,fp16,0,0,20:624:48:6144:32:48:512:4:2:1:1:1:2:2:2:1:1:1:6:7:4:1:0,runtime_rejected,,1,1,runtime_rejected,runtime_rejected,,0,0
adaptive_racing_net_log19,Ascend910B3,20,external_v3_dense_wide,1152,4352,6144,fp16,0,0,20:576:448:6144:48:96:32:32:16:4:2:0:8:8:2:2:1:2:10:1:1:1:0,runtime_rejected,,1,1,runtime_rejected,runtime_rejected,,0,0
adaptive_racing_net_log19,Ascend910B3,20,external_v3_dense_wide,1152,4352,6144,fp16,0,0,14:176:2176:6144:16:48:128:4:8:1:2:1:4:4:2:2:2:7:1:1:2:1:0,runtime_rejected,,1,1,runtime_rejected,runtime_rejected,,0,0
adaptive_racing_net_log19,Ascend910B3,20,external_v3_dense_wide,1152,4352,6144,fp16,0,0,20:240:1088:6144:16:16:16:4:4:2:2:1:1:1:2:2:2:1:2:5:3:0:0,runtime_rejected,,1,1,runtime_rejected,runtime_rejected,,0,0
adaptive_racing_net_log19,Ascend910B3,20,external_v3_dense_wide,1152,4352,6144,fp16,0,0,14:176:2176:6144:144:32:80:4:2:1:1:1:2:2:1:2:1:7:1:1:2:1:0,runtime_rejected,,1,1,runtime_rejected,runtime_rejected,,0,0
adaptive_racing_net_log19,Ascend910B3,20,external_v3_dense_wide,1152,4352,6144,fp16,0,0,14:176:2176:6144:64:48:80:8:8:1:2:1:4:4:1:1:1:4:1:2:2:2:0,runtime_rejected,,1,1,runtime_rejected,runtime_rejected,,0,0
adaptive_racing_net_log19,Ascend910B3,20,external_v3_dense_wide,1152,4352,6144,fp16,0,0,16:288:1088:2048:48:16:128:16:32:1:1:0:16:16:1:1:1:2:2:2:2:0:2,contract_global,6.30597900391,16.8245285066,16.7526271666,regressed,regressed,1.0969934045573686,1,1
adaptive_racing_net_log19,Ascend910B3,20,external_v3_dense_wide,1152,4352,6144,fp16,0,0,9:128:4352:6144:32:64:96:16:8:4:4:0:2:2:2:1:1:1:1:9:1:0:0,runtime_rejected,,1,1,runtime_rejected,runtime_rejected,,0,0
adaptive_racing_net_log19,Ascend910B3,20,external_v3_dense_wide,1152,4352,6144,fp16,0,0,12:336:1456:6144:336:32:16:2:4:1:2:0:2:2:1:1:1:1:3:4:1:1:0,runtime_rejected,,1,1,runtime_rejected,runtime_rejected,,0,0
adaptive_racing_net_log19,Ascend910B3,20,external_v3_dense_wide,1152,4352,6144,fp16,0,0,20:192:208:6144:16:32:512:16:4:4:2:1:2:2:1:2:1:6:11:1:2:2:0,runtime_rejected,,1,1,runtime_rejected,runtime_rejected,,0,0
adaptive_racing_net_log19,Ascend910B3,20,external_v3_dense_wide,1152,4352,6144,fp16,0,0,20:208:192:6144:208:64:48:8:16:1:2:0:4:4:2:2:2:1:8:6:3:2:0,runtime_rejected,,1,1,runtime_rejected,runtime_rejected,,0,0
adaptive_racing_net_log19,Ascend910B3,20,external_v3_dense_wide,1152,4352,6144,fp16,0,0,20:1152:224:6144:16:16:896:4:8:1:1:1:4:4:1:2:1:1:1:1:20:1:0,runtime_rejected,,1,1,runtime_rejected,runtime_rejected,,0,0
adaptive_racing_net_log19,Ascend910B3,20,external_v3_dense_large,5120,5632,7168,fp16,0,0,13:400:5632:1280:16:16:80:32:32:1:1:0:16:16:1:2:1:13:1:1:1:1:2,runtime_rejected,,1,1,runtime_rejected,runtime_rejected,,0,0
adaptive_racing_net_log19,Ascend910B3,20,external_v3_dense_large,5120,5632,7168,fp16,0,0,11:480:5632:7168:112:32:224:8:4:4:2:1:1:1:1:2:1:11:1:1:1:0:0,runtime_rejected,,1,1,runtime_rejected,runtime_rejected,,0,0
adaptive_racing_net_log19,Ascend910B3,20,external_v3_dense_large,5120,5632,7168,fp16,0,0,10:512:5632:7168:16:32:512:2:1:1:1:1:1:1:2:1:1:10:1:1:1:0:0,runtime_rejected,,1,1,runtime_rejected,runtime_rejected,,0,0
adaptive_racing_net_log19,Ascend910B3,20,external_v3_dense_large,5120,5632,7168,fp16,0,0,20:176:816:7168:16:16:1024:8:2:2:1:1:2:2:2:2:2:30:2:1:4:2:0,runtime_rejected,,1,1,runtime_rejected,runtime_rejected,,0,0
adaptive_racing_net_log19,Ascend910B3,20,external_v3_k_deep,1280,1792,28672,fp16,0,0,20:64:1792:28672:16:16:80:16:8:4:1:1:4:4:2:2:1:20:1:1:1:0:0,runtime_rejected,,1,1,runtime_rejected,runtime_rejected,,0,0
adaptive_racing_net_log19,Ascend910B3,20,external_v3_k_deep,1280,1792,28672,fp16,0,0,20:432:256:28672:16:64:512:4:1:2:1:0:1:1:2:1:1:3:2:1:4:1:0,runtime_rejected,,1,1,runtime_rejected,runtime_rejected,,0,0
adaptive_racing_net_log19,Ascend910B3,20,external_v3_k_deep,1280,1792,28672,fp16,0,0,11:1280:176:28672:16:176:80:16:8:1:1:0:8:8:2:2:2:1:11:1:1:1:0,runtime_rejected,,1,1,runtime_rejected,runtime_rejected,,0,0
adaptive_racing_net_log19,Ascend910B3,20,external_v3_k_deep,1280,1792,28672,fp16,0,0,20:80:192:28672:32:64:512:2:3:2:3:1:1:1:1:1:1:6:3:3:4:0:0,runtime_rejected,,1,1,runtime_rejected,runtime_rejected,,0,0
adaptive_racing_net_log19,Ascend910B3,20,external_v3_k_deep,1280,1792,28672,fp16,0,0,20:96:304:28672:16:32:16:1:2:1:2:0:1:1:2:2:2:1:6:14:1:0:0,runtime_rejected,,1,1,runtime_rejected,runtime_rejected,,0,0
adaptive_racing_net_log19,Ascend910B3,20,external_v3_k_deep,1280,1792,28672,fp16,0,0,20:432:32:28672:288:32:96:2:4:1:1:1:2:2:1:1:1:2:28:2:2:2:0,runtime_rejected,,1,1,runtime_rejected,runtime_rejected,,0,0
adaptive_racing_net_log19,Ascend910B3,20,external_v3_k_low_output_deep_aligned,256,192,20480,fp16,0,0,16:32:96:20480:32:64:448:8:4:1:1:1:4:4:2:1:1:4:1:2:2:0:0,runtime_rejected,,1,1,runtime_rejected,runtime_rejected,,0,0
adaptive_racing_net_log19,Ascend910B3,20,external_v3_k_low_output_deep_aligned,256,192,20480,fp16,0,0,16:64:48:20480:64:16:224:8:32:1:2:0:8:8:2:2:2:4:2:1:2:0:0,runtime_rejected,,1,1,runtime_rejected,runtime_rejected,,0,0
adaptive_racing_net_log19,Ascend910B3,20,external_v3_k_low_output_deep_aligned,256,192,20480,fp16,0,0,4:64:192:20480:64:32:80:16:16:1:1:1:8:8:1:2:1:4:1:1:1:0:0,runtime_rejected,,1,1,runtime_rejected,runtime_rejected,,0,0
adaptive_racing_net_log19,Ascend910B3,20,external_v3_k_low_output_deep_aligned,256,192,20480,fp16,0,0,2:144:192:20480:144:32:16:8:16:1:1:1:8:8:1:1:1:2:1:1:1:0:0,runtime_rejected,,1,1,runtime_rejected,runtime_rejected,,0,0
adaptive_racing_net_log19,Ascend910B3,20,external_v3_k_low_output_deep_aligned,256,192,20480,fp16,0,0,2:192:192:20480:192:16:16:2:2:1:1:0:1:1:2:2:1:1:1:2:1:0:0,runtime_rejected,,1,1,runtime_rejected,runtime_rejected,,0,0
adaptive_racing_net_log19,Ascend910B3,20,external_v3_k_low_output_deep_aligned,256,192,20480,fp16,0,0,6:48:912:20480:32:912:32:1:1:1:1:0:1:1:2:1:1:3:1:2:1:0:0,runtime_rejected,,1,1,runtime_rejected,runtime_rejected,,0,0
adaptive_racing_net_log19,Ascend910B3,20,external_v3_layout_tn,2048,2816,4096,fp16,1,0,20:2048:144:128:48:32:16:16:16:1:1:0:8:8:2:2:2:1:7:1:3:2:2,runtime_rejected,,1,1,runtime_rejected,runtime_rejected,,0,0
adaptive_racing_net_log19,Ascend910B3,20,external_v3_layout_tn,2048,2816,4096,fp16,1,0,8:2048:384:384:128:128:128:6:9:1:3:0:3:3:2:2:2:1:1:1:8:1:3,contract_global,0.795382003784,2.45286903832,2.45297484747,regressed,regressed,1.1627628192826098,1,1
adaptive_racing_net_log19,Ascend910B3,20,external_v3_layout_tn,2048,2816,4096,fp16,1,0,4:384:2816:384:128:128:128:9:6:3:1:1:3:3:2:2:2:1:1:6:1:0:3,contract_global,1.17333442688,3.61843199066,3.61858807858,regressed,regressed,1.1536274853380997,1,1
adaptive_racing_net_log19,Ascend910B3,20,external_v3_layout_tn,2048,2816,4096,fp16,1,0,2:384:2816:384:128:128:128:9:6:3:1:1:3:3:2:2:2:1:1:6:1:0:3,contract_global,2.21640441895,6.8351430505,6.83543789731,regressed,regressed,1.1537410789959328,1,1
adaptive_racing_net_log19,Ascend910B3,20,external_v3_layout_tn,2048,2816,4096,fp16,1,0,20:128:256:64:32:160:32:2:2:1:1:0:2:2:2:1:1:16:1:1:11:0:2,contract_global,4.0198248291,12.3966896609,12.3972244156,regressed,regressed,1.4125375446227544,1,1
adaptive_racing_net_log19,Ascend910B3,20,external_v3_layout_tn,2048,2816,4096,fp16,1,0,1:384:2816:384:128:128:128:9:6:3:1:1:3:3:2:2:2:1:1:6:1:0:3,runtime_rejected,,1,1,runtime_rejected,runtime_rejected,,0,0
adaptive_racing_net_log19,Ascend910B3,20,external_v3_layout_tn,2048,2816,4096,fp16,1,0,16:512:704:4096:16:16:2048:4:1:2:1:0:1:1:1:1:1:1:1:4:4:0:0,runtime_rejected,,1,1,runtime_rejected,runtime_rejected,,0,0
adaptive_racing_net_log19,Ascend910B3,20,external_v3_layout_tn,2048,2816,4096,fp16,1,0,12:176:2816:4096:16:16:80:16:8:2:1:1:8:8:2:1:1:12:1:1:1:0:0,runtime_rejected,,1,1,runtime_rejected,runtime_rejected,,0,0
adaptive_racing_net_log19,Ascend910B3,20,external_v3_layout_tn,2048,2816,4096,fp16,1,0,5:2048:688:4096:16:688:16:2:2:1:1:1:2:2:2:2:2:1:1:1:5:0:0,runtime_rejected,,1,1,runtime_rejected,runtime_rejected,,0,0
adaptive_racing_net_log19,Ascend910B3,20,external_v3_layout_nt,1920,2688,3840,fp16,0,1,20:48:2688:3840:48:16:48:1:1:1:1:1:1:1:1:2:1:40:1:1:1:0:0,runtime_rejected,,1,1,runtime_rejected,runtime_rejected,,0,0
adaptive_racing_net_log19,Ascend910B3,20,external_v3_layout_nt,1920,2688,3840,fp16,0,1,12:160:2688:3840:16:16:80:16:8:2:1:1:8:8:2:1:1:12:1:1:1:0:0,runtime_rejected,,1,1,runtime_rejected,runtime_rejected,,0,0
adaptive_racing_net_log19,Ascend910B3,20,external_v3_layout_nt,1920,2688,3840,fp16,0,1,13:1920:208:3840:16:208:64:4:2:1:1:1:2:2:2:1:1:1:2:1:11:0:0,runtime_rejected,,1,1,runtime_rejected,runtime_rejected,,0,0
adaptive_racing_net_log19,Ascend910B3,20,external_v3_layout_nt,1920,2688,3840,fp16,0,1,1:1920:384:384:128:128:128:6:9:1:3:0:3:3:2:2:2:1:1:1:7:1:3,runtime_rejected,,1,1,runtime_rejected,runtime_rejected,,0,0
adaptive_racing_net_log19,Ascend910B3,20,external_v3_layout_tt,1536,2176,3072,fp16,1,1,20:384:448:3072:16:64:256:8:8:1:1:0:8:8:1:1:1:2:2:2:3:0:0,runtime_rejected,,1,1,runtime_rejected,runtime_rejected,,0,0
adaptive_racing_net_log19,Ascend910B3,20,external_v3_layout_tt,1536,2176,3072,fp16,1,1,16:384:544:3072:256:128:96:2:1:1:1:0:1:1:1:2:1:1:2:4:3:0:0,runtime_rejected,,1,1,runtime_rejected,runtime_rejected,,0,0
adaptive_racing_net_log19,Ascend910B3,20,external_v3_layout_tt,1536,2176,3072,fp16,1,1,15:320:736:3072:144:224:128:4:2:2:2:1:1:1:1:1:1:1:1:5:3:0:0,runtime_rejected,,1,1,runtime_rejected,runtime_rejected,,0,0
adaptive_racing_net_log19,Ascend910B3,20,external_v3_layout_tt,1536,2176,3072,fp16,1,1,18:512:368:1280:16:16:160:32:32:4:4:1:8:8:1:1:1:3:2:1:5:2:2,contract_global,2.70080505371,28.932031437,29.1741319548,regressed,regressed,1.0004110568928033,1,1
adaptive_racing_net_log19,Ascend910B3,20,external_v3_layout_tt,1536,2176,3072,fp16,1,1,14:112:2176:1280:16:16:80:16:16:1:1:0:16:16:1:2:1:1:1:14:1:2:2,contract_global,9.65428100586,104.051140971,103.236676016,regressed,regressed,1.0004810308077379,1,1
adaptive_racing_net_log19,Ascend910B3,20,external_v3_layout_tt,1536,2176,3072,fp16,1,1,6:1536:416:3072:16:416:64:4:4:1:1:0:2:2:2:1:1:1:3:1:2:0:0,runtime_rejected,,1,1,runtime_rejected,runtime_rejected,,0,0
adaptive_racing_net_log19,Ascend910B3,20,external_v3_layout_tt,1536,2176,3072,fp16,1,1,11:144:2176:1024:32:32:64:96:32:3:2:0:16:16:1:1:1:1:1:11:1:1:2,contract_global,2.67091522217,28.7863773733,28.5610507183,regressed,regressed,1.0002179069696617,1,1
adaptive_racing_net_log19,Ascend910B3,20,external_v3_layout_tt,1536,2176,3072,fp16,1,1,4:768:1088:3072:768:16:16:1:8:1:4:0:1:1:2:2:1:2:1:1:2:0:0,runtime_rejected,,1,1,runtime_rejected,runtime_rejected,,0,0
adaptive_racing_net_log19,Ascend910B3,20,external_v3_layout_tt,1536,2176,3072,fp16,1,1,20:672:144:3072:672:48:16:8:8:1:1:0:4:4:2:2:1:1:2:3:9:2:0,runtime_rejected,,1,1,runtime_rejected,runtime_rejected,,0,0
adaptive_racing_net_log19,Ascend910B3,20,external_v3_layout_tt,1536,2176,3072,fp16,1,1,20:128:208:3072:64:32:256:2:2:2:1:1:1:1:2:2:2:1:11:12:1:1:0,runtime_rejected,,1,1,runtime_rejected,runtime_rejected,,0,0
adaptive_racing_net_log19,Ascend910B3,20,external_v3_layout_tt,1536,2176,3072,fp16,1,1,20:256:96:3072:80:48:160:8:16:2:2:1:4:4:2:2:1:1:23:6:1:1:0,runtime_rejected,,1,1,runtime_rejected,runtime_rejected,,0,0
adaptive_racing_net_log19,Ascend910B3,20,external_v3_layout_tt,1536,2176,3072,fp16,1,1,20:224:96:3072:208:80:128:2:2:1:1:1:1:1:1:2:1:4:12:2:2:0:0,runtime_rejected,,1,1,runtime_rejected,runtime_rejected,,0,0
adaptive_racing_net_log19,Ascend910B3,20,external_v3_layout_tt,1536,2176,3072,fp16,1,1,8:384:2176:384:128:128:128:9:6:3:1:1:3:3:2:2:2:1:1:4:1:0:3,contract_global,0.223755207062,2.39387187482,2.41167495516,regressed,regressed,1.0101929067036488,1,1
adaptive_racing_net_log19,Ascend910B3,20,external_v3_layout_tt,1536,2176,3072,fp16,1,1,20:48:608:3072:48:608:16:16:16:1:1:0:8:8:2:1:1:1:1:32:4:0:0,contract_global,0.3275548172,3.50438443267,3.53044632772,regressed,regressed,1.0005347332834917,1,1
adaptive_racing_net_log19,Ascend910B3,20,external_v3_layout_tt,1536,2176,3072,fp16,1,1,8:1536:384:384:128:128:128:6:9:1:3:0:3:3:2:2:2:1:1:1:6:1:3,contract_global,0.22059879303,2.36010260136,2.37765454165,regressed,regressed,1.0138836683914687,1,1
adaptive_racing_net_log19,Ascend910B3,20,external_v3_layout_tt,1536,2176,3072,fp16,1,1,4:384:2176:384:128:128:128:9:6:3:1:1:3:3:2:2:2:1:1:4:1:0:3,contract_global,0.406536407471,4.34937843331,4.38172449763,regressed,regressed,1.018193160422187,1,1
adaptive_racing_net_log19,Ascend910B3,20,external_v3_bf16_aligned,2816,3840,5632,bf16,0,0,16:176:3840:1280:16:16:160:32:32:4:4:1:8:8:1:1:1:16:1:1:1:2:2,contract_global,17.5037854004,38.5215034723,38.515850263,regressed,regressed,1.4125375446227544,1,1
adaptive_racing_net_log19,Ascend910B3,20,external_v3_bf16_aligned,2816,3840,5632,bf16,0,0,14:208:3840:1280:16:16:80:32:48:2:3:1:16:16:2:2:1:14:1:1:1:0:2,contract_global,26.0450317383,57.3186746519,57.3102628706,regressed,regressed,1.4125375446227544,1,1
adaptive_racing_net_log19,Ascend910B3,20,external_v3_bf16_aligned,2816,3840,5632,bf16,0,0,13:224:3840:1280:16:16:80:32:32:1:1:0:16:16:1:2:1:13:1:1:1:1:2,contract_global,57.8807568359,127.381233512,127.362539725,regressed,regressed,1.4125375446227544,1,1
adaptive_racing_net_log19,Ascend910B3,20,external_v3_bf16_aligned,2816,3840,5632,bf16,0,0,15:384:3840:384:128:128:128:9:6:3:1:1:3:3:2:2:2:1:1:8:1:0:3,contract_global,0.816584777832,1.79710117755,1.79683744462,regressed,regressed,1.0956335261722847,1,1
adaptive_racing_net_log19,Ascend910B3,20,external_v3_bf16_aligned,2816,3840,5632,bf16,0,0,15:2816:384:384:128:128:128:6:9:1:3:0:3:3:2:2:2:1:1:1:10:1:3,contract_global,0.711645202637,1.56615512115,1.56592528063,regressed,regressed,1.118165105835147,1,1
adaptive_racing_net_log19,Ascend910B3,20,external_v3_bf16_aligned,2816,3840,5632,bf16,0,0,11:256:3840:192:32:32:64:18:12:3:2:1:3:3:1:1:1:1:1:11:1:2:2,contract_global,16.1799169922,35.6079964612,35.6027708227,regressed,regressed,1.0926339961116274,1,1
adaptive_racing_net_log19,Ascend910B3,20,external_v3_bf16_aligned,2816,3840,5632,bf16,0,0,11:256:3840:192:32:32:64:18:6:3:2:1:3:3:1:1:1:1:1:11:1:1:2,contract_global,15.8743530273,34.9355257318,34.9303987815,regressed,regressed,1.151206009226125,1,1
adaptive_racing_net_log19,Ascend910B3,20,external_v3_bf16_aligned,2816,3840,5632,bf16,0,0,12:240:3840:160:16:16:80:8:8:4:4:1:2:2:2:1:1:6:1:2:1:1:2,contract_global,54.7714697266,120.538461424,120.520771846,regressed,regressed,1.1164870709850774,1,1
adaptive_racing_net_log19,Ascend910B3,20,external_v3_bf16_aligned,2816,3840,5632,bf16,0,0,20:320:224:512:48:16:64:64:32:4:4:1:8:8:2:2:2:1:6:9:3:1:2,contract_global,9.7769519043,16.5002926375,16.6844084081,regressed,regressed,1.1667084010876403,1,1
adaptive_racing_net_log19,Ascend910B3,20,external_v3_bf16_aligned,2816,3840,5632,bf16,0,0,20:416:192:5632:160:32:96:4:32:1:4:1:4:4:2:2:2:1:7:7:3:0:0,runtime_rejected,,1,1,runtime_rejected,runtime_rejected,,0,0
adaptive_racing_net_log19,Ascend910B3,20,external_v3_bf16_aligned,2816,3840,5632,bf16,0,0,14:416:1920:5632:64:64:160:8:2:4:1:1:1:1:2:2:1:4:1:2:2:0:0,runtime_rejected,,1,1,runtime_rejected,runtime_rejected,,0,0
adaptive_racing_net_log19,Ascend910B3,20,external_v3_bf16_aligned,2816,3840,5632,bf16,0,0,20:704:768:5632:32:32:320:4:1:4:1:1:1:1:2:2:2:1:1:4:5:1:0,runtime_rejected,,1,1,runtime_rejected,runtime_rejected,,0,0
adaptive_racing_net_log19,Ascend910B3,20,external_v3_template_bl1,40960,192,160,fp16,0,0,20:2048:192:160:144:16:160:2:4:1:2:0:1:1:1:1:1:5:1:4:1:0:0,runtime_rejected,,1,1,runtime_rejected,runtime_rejected,,0,0
adaptive_racing_net_log19,Ascend910B3,20,external_v3_template_bl1,40960,192,160,fp16,0,0,20:2048:192:160:128:144:16:20:40:1:2:1:10:10:2:2:1:3:1:9:1:1:20,runtime_rejected,,1,1,runtime_rejected,runtime_rejected,,0,0
adaptive_racing_net_log19,Ascend910B3,20,external_v3_template_bl1,40960,192,160,fp16,0,0,20:2048:192:160:288:48:16:20:80:1:4:1:10:10:1:2:1:2:1:11:1:0:20,runtime_rejected,,1,1,runtime_rejected,runtime_rejected,,0,0
adaptive_racing_net_log19,Ascend910B3,20,external_v3_template_bl1,40960,192,160,fp16,0,0,20:4096:96:160:16:32:160:2:2:2:1:1:1:1:1:1:1:1:1:10:2:0:0,runtime_rejected,,1,1,runtime_rejected,runtime_rejected,,0,0
adaptive_racing_net_log19,Ascend910B3,20,external_v3_template_bl1,40960,192,160,fp16,0,0,20:8192:48:160:48:48:16:32:8:4:1:1:4:4:2:1:1:1:2:5:2:0:0,runtime_rejected,,1,1,runtime_rejected,runtime_rejected,,0,0
adaptive_racing_net_log19,Ascend910B3,20,external_v3_template_bl1,40960,192,160,fp16,0,0,20:1472:192:160:80:48:128:16:16:4:4:0:2:2:2:2:1:1:1:28:1:0:0,runtime_rejected,,1,1,runtime_rejected,runtime_rejected,,0,0
adaptive_racing_net_log19,Ascend910B3,20,external_v3_template_bl1,40960,192,160,fp16,0,0,4:10240:192:160:16:192:16:4:1:2:1:1:1:1:2:2:1:4:1:1:1:0:0,runtime_rejected,,1,1,runtime_rejected,runtime_rejected,,0,0
adaptive_racing_net_log19,Ascend910B3,20,external_v3_template_bl1,40960,192,160,fp16,0,0,4:20480:144:160:32:144:32:16:8:4:1:0:4:4:2:2:2:2:1:1:2:0:0,runtime_rejected,,1,1,runtime_rejected,runtime_rejected,,0,0
adaptive_racing_net_log19,Ascend910B3,20,external_v3_template_bl1,40960,192,160,fp16,0,0,20:256:192:160:256:128:64:3:6:1:2:0:3:3:2:2:1:1:1:0:0:0:1020,runtime_rejected,,1,1,runtime_rejected,runtime_rejected,,0,0
adaptive_racing_net_log19,Ascend910B3,20,external_v3_template_bl1,40960,192,160,fp16,0,0,20:2928:16:160:80:16:160:2:1:1:1:0:1:1:2:2:1:2:1:13:12:0:0,runtime_rejected,,1,1,runtime_rejected,runtime_rejected,,0,0
adaptive_racing_net_log19,Ascend910B3,20,external_v3_template_bl1,40960,192,160,fp16,0,0,2:20480:384:160:32:384:16:8:16:1:1:1:8:8:1:2:1:2:1:1:1:0:0,runtime_rejected,,1,1,runtime_rejected,runtime_rejected,,0,0
adaptive_racing_net_log19,Ascend910B3,20,external_v3_template_bl1,40960,192,160,fp16,0,0,20:2560:16:160:208:16:128:4:2:2:1:0:1:1:1:1:1:6:4:3:3:0:0,runtime_rejected,,1,1,runtime_rejected,runtime_rejected,,0,0
adaptive_racing_net_log19,Ascend910B3,20,external_v3_dense_balanced_aligned,2304,3328,4608,fp16,0,0,12:192:3328:4608:16:16:80:16:8:2:1:1:8:8:2:1:1:12:1:1:1:1:0,runtime_rejected,,1,1,runtime_rejected,runtime_rejected,,0,0
adaptive_racing_net_log19,Ascend910B3,20,external_v3_dense_balanced_aligned,2304,3328,4608,fp16,0,0,20:288:1120:4608:16:16:1536:1:1:1:1:0:1:1:1:1:1:1:1:8:3:1:0,runtime_rejected,,1,1,runtime_rejected,runtime_rejected,,0,0
adaptive_racing_net_log19,Ascend910B3,20,external_v3_dense_balanced_aligned,2304,3328,4608,fp16,0,0,7:2304:512:4608:32:512:32:8:2:4:1:1:1:1:2:2:1:1:2:1:6:2:0,runtime_rejected,,1,1,runtime_rejected,runtime_rejected,,0,0
adaptive_racing_net_log19,Ascend910B3,20,external_v3_dense_balanced_aligned,2304,3328,4608,fp16,0,0,1:384:3328:384:128:128:128:9:6:3:1:1:3:3:2:2:2:1:1:6:1:0:3,runtime_rejected,,1,1,runtime_rejected,runtime_rejected,,0,0
adaptive_racing_net_log19,Ascend910B3,20,external_v3_dense_balanced_aligned,2304,3328,4608,fp16,0,0,7:2304:512:4608:32:512:32:8:2:4:1:0:1:1:2:2:2:1:2:1:6:2:0,runtime_rejected,,1,1,runtime_rejected,runtime_rejected,,0,0
adaptive_racing_net_log19,Ascend910B3,20,external_v3_dense_balanced_odd,1871,3007,4099,fp16,0,0,13:144:3008:320:16:16:80:4:4:1:1:0:4:4:1:2:1:7:1:2:1:2:2,contract_global,28.3934960937,109.61865297,107.72522485,regressed,regressed,1.4125375446227544,1,1
adaptive_racing_net_log19,Ascend910B3,20,external_v3_dense_balanced_odd,1871,3007,4099,fp16,0,0,13:144:3008:240:16:16:80:6:6:1:1:1:3:3:1:2:1:13:1:1:1:1:2,contract_global,35.9929980469,138.958018739,136.557815735,regressed,regressed,1.4125375446227544,1,1
adaptive_racing_net_log19,Ascend910B3,20,external_v3_dense_balanced_odd,1871,3007,4099,fp16,0,0,4:1872:384:384:128:128:128:6:9:1:3:0:3:3:2:2:2:1:1:1:8:1:3,contract_global,2.20066314697,8.49609111243,8.34933928336,regressed,regressed,1.1856098001859954,1,1
adaptive_racing_net_log19,Ascend910B3,20,external_v3_dense_balanced_odd,1871,3007,4099,fp16,0,0,2:384:3008:384:128:128:128:9:6:3:1:1:3:3:2:2:2:1:1:5:1:0:3,contract_global,4.60746429443,17.788018351,17.4807683234,regressed,regressed,1.24883468943455,1,1
adaptive_racing_net_log19,Ascend910B3,20,external_v3_dense_balanced_odd,1871,3007,4099,fp16,0,0,1:384:3008:384:128:128:128:9:6:3:1:1:3:3:2:2:2:1:1:5:1:0:3,runtime_rejected,,1,1,runtime_rejected,runtime_rejected,,0,0
adaptive_racing_net_log19,Ascend910B3,20,external_v3_dense_balanced_odd,1871,3007,4099,fp16,0,0,12:160:3008:4099:16:16:80:16:8:2:1:1:8:8:2:1:1:12:1:1:1:1:0,runtime_rejected,,1,1,runtime_rejected,runtime_rejected,,0,0
adaptive_racing_net_log19,Ascend910B3,20,external_v3_dense_balanced_odd,1871,3007,4099,fp16,0,0,12:160:3008:4099:16:16:80:16:8:2:1:0:8:8:2:1:1:12:1:1:1:0:0,runtime_rejected,,1,1,runtime_rejected,runtime_rejected,,0,0
adaptive_racing_net_log19,Ascend910B3,20,external_v3_dense_balanced_odd,1871,3007,4099,fp16,0,0,1:1872:384:384:128:128:128:6:9:1:3:0:3:3:2:2:2:1:1:1:8:1:3,runtime_rejected,,1,1,runtime_rejected,runtime_rejected,,0,0
adaptive_racing_net_log19,Ascend910B3,20,external_v3_dense_balanced_odd,1871,3007,4099,fp16,0,0,5:448:3008:4099:448:16:16:16:16:1:2:1:8:8:1:2:2:5:1:1:1:0:0,runtime_rejected,,1,1,runtime_rejected,runtime_rejected,,0,0
adaptive_racing_net_log19,Ascend910B3,20,external_v3_dense_balanced_odd,1871,3007,4099,fp16,0,0,5:448:3008:4099:448:16:16:16:16:1:2:1:8:8:1:2:1:3:1:2:1:0:0,runtime_rejected,,1,1,runtime_rejected,runtime_rejected,,0,0
adaptive_racing_net_log19,Ascend910B3,20,external_v3_dense_tall,4352,1152,6144,fp16,0,0,14:624:576:6144:32:48:256:8:16:4:4:1:2:2:1:1:2:4:1:2:2:0:0,runtime_rejected,,1,1,runtime_rejected,runtime_rejected,,0,0
adaptive_racing_net_log19,Ascend910B3,20,external_v3_dense_tall,4352,1152,6144,fp16,0,0,14:624:576:6144:32:48:256:8:16:4:4:1:2:2:1:1:1:4:1:2:2:1:0,runtime_rejected,,1,1,runtime_rejected,runtime_rejected,,0,0
adaptive_racing_net_log19,Ascend910B3,20,external_v3_dense_tall,4352,1152,6144,fp16,0,0,14:624:576:6144:32:48:256:8:16:4:4:0:2:2:1:1:1:4:1:2:2:0:0,runtime_rejected,,1,1,runtime_rejected,runtime_rejected,,0,0
adaptive_racing_net_log19,Ascend910B3,20,external_v3_dense_tall,4352,1152,6144,fp16,0,0,20:448:576:6144:16:48:224:16:16:2:1:0:8:8:2:2:1:10:1:1:2:0:0,runtime_rejected,,1,1,runtime_rejected,runtime_rejected,,0,0
adaptive_racing_net_log19,Ascend910B3,20,external_v3_dense_tall,4352,1152,6144,fp16,0,0,1:4352:384:384:128:128:128:6:9:1:3:0:3:3:2:2:2:1:1:1:3:1:3,runtime_rejected,,1,1,runtime_rejected,runtime_rejected,,0,0
adaptive_racing_net_log19,Ascend910B3,20,external_v3_dense_wide,1152,4352,6144,fp16,0,0,14:176:2176:6144:144:32:80:4:2:1:1:1:2:2:1:2:2:7:1:1:2:1:0,runtime_rejected,,1,1,runtime_rejected,runtime_rejected,,0,0
adaptive_racing_net_log19,Ascend910B3,20,external_v3_dense_wide,1152,4352,6144,fp16,0,0,14:176:2176:6144:144:32:80:4:2:1:1:1:2:2:1:2:1:7:1:1:2:2:0,runtime_rejected,,1,1,runtime_rejected,runtime_rejected,,0,0
adaptive_racing_net_log19,Ascend910B3,20,external_v3_dense_wide,1152,4352,6144,fp16,0,0,20:576:448:6144:48:96:32:32:16:4:2:0:8:8:2:2:1:1:10:2:1:1:0,runtime_rejected,,1,1,runtime_rejected,runtime_rejected,,0,0
adaptive_racing_net_log19,Ascend910B3,20,external_v3_dense_wide,1152,4352,6144,fp16,0,0,14:176:2176:6144:144:32:80:4:2:1:1:0:2:2:1:2:1:7:1:1:2:1:0,runtime_rejected,,1,1,runtime_rejected,runtime_rejected,,0,0
adaptive_racing_net_log19,Ascend910B3,20,external_v3_dense_wide,1152,4352,6144,fp16,0,0,1:384:4352:384:128:128:128:9:6:3:1:1:3:3:2:2:2:1:1:3:1:0:3,runtime_rejected,,1,1,runtime_rejected,runtime_rejected,,0,0
adaptive_racing_net_log19,Ascend910B3,20,external_v3_dense_large,5120,5632,7168,fp16,0,0,13:400:5632:1280:16:16:80:32:32:1:1:0:16:16:1:2:1:7:1:2:1:1:2,runtime_rejected,,1,1,runtime_rejected,runtime_rejected,,0,0
adaptive_racing_net_log19,Ascend910B3,20,external_v3_dense_large,5120,5632,7168,fp16,0,0,13:400:5632:1280:16:16:80:32:32:1:1:0:16:16:1:2:1:13:1:1:1:2:2,runtime_rejected,,1,1,runtime_rejected,runtime_rejected,,0,0
adaptive_racing_net_log19,Ascend910B3,20,external_v3_dense_large,5120,5632,7168,fp16,0,0,13:400:5632:1280:16:16:80:16:32:1:1:0:16:16:1:2:1:13:1:1:1:0:2,runtime_rejected,,1,1,runtime_rejected,runtime_rejected,,0,0
adaptive_racing_net_log19,Ascend910B3,20,external_v3_dense_large,5120,5632,7168,fp16,0,0,13:400:5632:1280:16:16:80:16:16:1:1:0:16:16:1:2:1:1:1:13:1:2:2,runtime_rejected,,1,1,runtime_rejected,runtime_rejected,,0,0
adaptive_racing_net_log19,Ascend910B3,20,external_v3_dense_large,5120,5632,7168,fp16,0,0,13:400:5632:240:16:16:80:3:3:1:1:1:3:3:1:2:1:1:1:13:1:2:2,runtime_rejected,,1,1,runtime_rejected,runtime_rejected,,0,0
adaptive_racing_net_log19,Ascend910B3,20,external_v3_dense_large,5120,5632,7168,fp16,0,0,20:400:1408:384:64:64:48:48:32:3:2:0:8:8:1:2:1:7:1:2:4:1:2,contract_global,13.8786657715,9.15076864049,9.15480049609,regressed,regressed,1.4125375446227544,1,1
adaptive_racing_net_log19,Ascend910B3,20,external_v3_dense_large,5120,5632,7168,fp16,0,0,10:512:5632:7168:16:32:512:2:1:1:1:1:1:1:2:1:1:10:1:1:1:1:0,runtime_rejected,,1,1,runtime_rejected,runtime_rejected,,0,0
adaptive_racing_net_log19,Ascend910B3,20,external_v3_dense_large,5120,5632,7168,fp16,0,0,10:512:5632:7168:16:32:512:2:1:1:1:1:1:1:2:1:2:10:1:1:1:0:0,runtime_rejected,,1,1,runtime_rejected,runtime_rejected,,0,0
adaptive_racing_net_log19,Ascend910B3,20,external_v3_dense_large,5120,5632,7168,fp16,0,0,10:512:5632:7168:16:32:512:2:1:1:1:0:1:1:2:1:1:10:1:1:1:0:0,runtime_rejected,,1,1,runtime_rejected,runtime_rejected,,0,0
adaptive_racing_net_log19,Ascend910B3,20,external_v3_dense_large,5120,5632,7168,fp16,0,0,20:288:1408:256:64:96:32:32:64:4:4:1:8:8:2:2:1:9:1:2:4:1:2,contract_global,11.6330371094,7.67013435784,7.78039004375,regressed,regressed,1.376335634162903,1,1
adaptive_racing_net_log19,Ascend910B3,20,external_v3_dense_large,5120,5632,7168,fp16,0,0,11:480:5632:7168:112:32:224:8:4:4:2:1:1:1:1:2:2:11:1:1:1:0:0,runtime_rejected,,1,1,runtime_rejected,runtime_rejected,,0,0
adaptive_racing_net_log19,Ascend910B3,20,external_v3_dense_large,5120,5632,7168,fp16,0,0,4:384:5632:384:128:128:128:9:6:3:1:1:3:3:2:2:2:1:1:14:1:0:3,contract_global,8.11869628906,5.35298656419,5.42993400449,regressed,regressed,1.2450837028779906,1,1
adaptive_racing_net_log19,Ascend910B3,20,external_v3_dense_large,5120,5632,7168,fp16,0,0,4:5120:384:384:128:128:128:6:9:1:3:0:3:3:2:2:2:1:1:1:15:1:3,contract_global,8.04557556152,5.30477509551,5.38102951161,regressed,regressed,1.2880224012227057,1,1
adaptive_racing_net_log19,Ascend910B3,20,external_v3_dense_large,5120,5632,7168,fp16,0,0,2:384:5632:384:128:128:128:9:6:3:1:1:3:3:2:2:2:1:1:14:1:0:3,contract_global,16.0230090332,10.6071663191,10.7164843351,regressed,regressed,1.2684689258466297,1,1
adaptive_racing_net_log19,Ascend910B3,20,external_v3_dense_large,5120,5632,7168,fp16,0,0,2:5120:384:384:128:128:128:6:9:1:3:0:3:3:2:2:2:1:1:1:15:1:3,contract_global,16.0331665039,10.6138905231,10.7232778391,regressed,regressed,1.3193316409467652,1,1
adaptive_racing_net_log19,Ascend910B3,20,external_v3_dense_large,5120,5632,7168,fp16,0,0,1:384:5632:384:128:128:128:9:6:3:1:1:3:3:2:2:2:1:1:14:1:0:3,runtime_rejected,,1,1,runtime_rejected,runtime_rejected,,0,0
adaptive_racing_net_log19,Ascend910B3,20,external_v3_dense_large,5120,5632,7168,fp16,0,0,1:5120:384:384:128:128:128:6:9:1:3:0:3:3:2:2:2:1:1:1:15:1:3,runtime_rejected,,1,1,runtime_rejected,runtime_rejected,,0,0
adaptive_racing_net_log19,Ascend910B3,20,external_v3_k_shallow,2048,2304,384,fp16,0,0,20:416:576:384:64:384:48:8:8:1:1:1:8:8:1:1:1:3:1:2:4:0:0,contract_global,0.021325199604,0.997436870087,0.995977182942,within_noise,within_noise,1.0120914411341704,1,1
adaptive_racing_net_log19,Ascend910B3,20,external_v3_k_shallow,2048,2304,384,fp16,0,0,20:416:576:384:48:48:16:8:32:1:4:1:4:4:2:1:1:1:2:5:2:0:0,contract_global,0.0213651990891,0.999307753457,0.997845328385,within_noise,within_noise,1.0051224404895092,1,1
adaptive_racing_net_log19,Ascend910B3,20,external_v3_k_shallow,2048,2304,384,fp16,0,0,20:208:1152:384:32:32:32:16:16:2:1:0:8:8:2:2:1:1:1:10:2:0:0,contract_global,0.0213547992706,0.998821326012,0.997359612801,within_noise,within_noise,1.000297895703032,1,1
adaptive_racing_net_log19,Ascend910B3,20,external_v3_k_shallow,2048,2304,384,fp16,0,0,16:512:576:384:32:192:16:16:8:4:1:1:4:4:1:2:1:1:2:4:2:0:0,contract_global,0.0213064002991,0.996557576097,0.995099175746,within_noise,within_noise,1.0031472196628741,1,1
adaptive_racing_net_log19,Ascend910B3,20,external_v3_k_shallow,2048,2304,384,fp16,0,0,14:304:1152:384:32:112:192:4:1:4:1:1:1:1:2:1:1:7:1:1:2:0:0,contract_global,0.0209963989258,0.982057979132,0.981476439457,within_noise,improved,1.0069911580758437,1,1
adaptive_racing_net_log19,Ascend910B3,20,external_v3_k_shallow,2048,2304,384,fp16,0,0,14:304:1152:384:32:688:16:8:2:4:1:0:1:1:1:2:1:1:2:7:1:0:0,contract_global,0.0210019993782,0.982319927342,0.981738232552,within_noise,improved,0.9968154286731501,1,1
adaptive_racing_net_log19,Ascend910B3,20,external_v3_k_shallow,2048,2304,384,fp16,0,0,14:304:1152:384:64:240:16:8:32:1:4:1:4:4:1:2:1:4:1:2:2:0:0,contract_global,0.021001200676,0.982282569886,0.981700897218,within_noise,improved,1.0053259212498116,1,1
adaptive_racing_net_log19,Ascend910B3,20,external_v3_k_shallow,2048,2304,384,fp16,0,0,14:304:1152:384:48:48:48:64:8:4:1:1:8:8:1:1:1:4:1:2:2:0:0,contract_global,0.0213420009613,0.998222714707,0.997631602852,within_noise,within_noise,1.0036344227225606,1,1
adaptive_racing_net_log19,Ascend910B3,20,external_v3_k_shallow,2048,2304,384,fp16,0,0,16:128:2304:384:16:16:80:16:8:2:1:0:4:4:2:2:2:1:1:16:1:0:0,contract_global,0.0210163998604,0.999226569817,0.982411382932,within_noise,improved,1.000373430714828,1,1
adaptive_racing_net_log19,Ascend910B3,20,external_v3_k_shallow,2048,2304,384,fp16,0,0,14:304:1152:384:32:176:16:2:2:2:2:0:1:1:2:2:2:2:1:4:2:0:0,contract_global,0.0213152003288,1.01343306423,0.996378807582,within_noise,within_noise,1.000250729694311,1,1
adaptive_racing_net_log19,Ascend910B3,20,external_v3_k_shallow,2048,2304,384,fp16,0,0,14:304:1152:384:32:80:32:32:32:4:4:1:4:4:1:1:1:4:1:2:2:0:0,contract_global,0.0210560011864,1.00110941833,0.984262546488,within_noise,within_noise,1.0030119096781498,1,1
adaptive_racing_net_log19,Ascend910B3,20,external_v3_k_shallow,2048,2304,384,fp16,0,0,20:512:464:256:48:48:16:96:32:3:2:0:16:16:1:2:1:4:1:1:5:2:2,contract_global,0.0212996006012,1.01269137381,0.995649598479,within_noise,within_noise,1.0079596591870674,1,1
adaptive_racing_net_log19,Ascend910B3,20,external_v3_k_shallow,2048,2304,384,fp16,0,0,13:160:2304:384:48:32:80:4:32:1:4:0:4:4:2:2:2:2:1:8:1:0:0,contract_global,0.0213700008392,1.01603855929,0.997572594286,regressed,within_noise,1.0033011187873973,1,1
adaptive_racing_net_log19,Ascend910B3,20,external_v3_k_shallow,2048,2304,384,fp16,0,0,11:192:2304:384:32:112:64:8:4:1:1:0:4:4:2:2:1:2:1:8:1:0:0,contract_global,0.021036798954,1.00019644651,0.982018403553,within_noise,improved,0.999739941801121,1,1
adaptive_racing_net_log19,Ascend910B3,20,external_v3_k_shallow,2048,2304,384,fp16,0,0,16:512:576:256:48:48:16:16:32:1:1:0:16:16:1:1:1:4:1:1:4:0:2,contract_global,0.0213312005997,1.01419379851,0.995761361066,within_noise,within_noise,1.0124783576985152,1,1
adaptive_racing_net_log19,Ascend910B3,20,external_v3_k_shallow,2048,2304,384,fp16,0,0,12:176:2304:192:16:64:96:4:6:2:3:1:2:2:2:1:1:12:1:1:1:0:2,contract_global,0.0214016008377,1.01754098398,0.999047713205,regressed,within_noise,1.0051700592741997,1,1
adaptive_racing_net_log19,Ascend910B3,20,external_v3_k_shallow,2048,2304,384,fp16,0,0,8:288:2304:384:288:96:64:1:1:1:1:1:1:1:1:2:1:1:1:8:1:0:0,contract_global,0.0210188007355,0.99911902012,0.981178229071,within_noise,improved,1.0030732569075949,1,1
adaptive_racing_net_log19,Ascend910B3,20,external_v3_k_shallow,2048,2304,384,fp16,0,0,11:192:2304:384:16:64:320:2:1:2:1:0:1:1:2:1:1:3:1:5:1:0:0,contract_global,0.0209980010986,0.998130318945,0.98020728162,within_noise,improved,0.9960311677083162,1,1
adaptive_racing_net_log19,Ascend910B3,20,external_v3_k_shallow,2048,2304,384,fp16,0,0,20:256:144:384:256:128:80:8:8:1:1:1:4:4:1:2:1:1:8:8:2:0:0,contract_global,0.0215368008614,1.02374191772,1.00535898289,within_noise,within_noise,1.0009741119264168,1,1
adaptive_racing_net_log19,Ascend910B3,20,external_v3_k_shallow,2048,2304,384,fp16,0,0,20:160:224:384:144:80:192:2:1:1:1:1:1:1:1:1:1:1:4:13:3:0:0,contract_global,0.0213371992111,1.01425394513,0.996041382126,regressed,within_noise,1.0035602216561936,1,1
adaptive_racing_net_log19,Ascend910B3,20,external_v3_k_shallow,2048,2304,384,fp16,0,0,8:1024:576:48:16:192:16:6:18:2:3:0:3:3:2:1:1:2:1:1:4:1:2,contract_global,0.021374399662,1.01550742155,0.997126319807,within_noise,within_noise,1.0054291045142278,1,1
adaptive_racing_net_log19,Ascend910B3,20,external_v3_k_shallow,2048,2304,384,fp16,0,0,20:192:160:384:192:144:16:8:16:1:1:1:8:8:1:2:1:1:2:11:9:0:0,contract_global,0.0213240003586,1.01311292779,0.994775167367,regressed,within_noise,1.0006701781571317,1,1
adaptive_racing_net_log19,Ascend910B3,20,external_v3_k_shallow,2048,2304,384,fp16,0,0,8:1024:576:32:16:192:16:4:6:2:3:1:2:2:2:1:1:2:1:1:4:0:2,contract_global,0.0213276004791,1.01328397115,0.994943114771,regressed,within_noise,0.9991894345392389,1,1
adaptive_racing_net_log19,Ascend910B3,20,external_v3_k_shallow,2048,2304,384,fp16,0,0,20:80:336:32:32:160:32:1:1:1:1:1:1:1:2:1:1:2:1:13:7:1:2,contract_global,0.0210136008263,0.998365705242,0.9802948756,within_noise,improved,0.993118457902276,1,1
adaptive_racing_net_log19,Ascend910B3,20,external_v3_k_deep,1280,1792,28672,fp16,0,0,14:192:896:1792:16:48:112:16:32:1:1:0:16:16:2:1:1:1:1:7:2:0:2,contract_global,20.5569018555,28.3318374768,28.3956038521,regressed,regressed,1.319238005281074,1,1
adaptive_racing_net_log19,Ascend910B3,20,external_v3_k_deep,1280,1792,28672,fp16,0,0,18:432:304:1280:16:16:80:96:32:3:2:0:16:16:2:2:2:3:6:1:1:0:2,contract_global,22.3425878906,30.7928973625,30.8622028374,regressed,regressed,1.4125375446227542,1,1
adaptive_racing_net_log19,Ascend910B3,20,external_v3_k_deep,1280,1792,28672,fp16,0,0,16:1280:384:384:128:128:128:6:9:1:3:0:3:3:2:2:2:1:1:1:5:1:3,contract_global,0.757217636108,1.04360896168,1.04595780901,regressed,regressed,1.0254208960092008,1,1
adaptive_racing_net_log19,Ascend910B3,20,external_v3_k_deep,1280,1792,28672,fp16,0,0,14:192:896:336:16:48:112:3:3:1:1:1:3:3:2:1:1:7:2:1:1:2:2,contract_global,30.5999389648,42.1733052794,42.2682246017,regressed,regressed,1.1938697515027488,1,1
adaptive_racing_net_log19,Ascend910B3,20,external_v3_k_deep,1280,1792,28672,fp16,0,0,14:96:1792:384:48:16:128:6:6:1:1:1:3:3:1:1:1:14:1:1:1:1:2,contract_global,15.8510290527,22.0314746954,22.2198432816,regressed,regressed,1.2026486640074556,1,1
adaptive_racing_net_log19,Ascend910B3,20,external_v3_k_deep,1280,1792,28672,fp16,0,0,14:192:896:336:16:48:112:6:6:1:1:1:3:3:2:1:1:1:1:7:2:1:2,contract_global,21.522980957,29.9149669556,30.1707392136,regressed,regressed,1.3393701028047098,1,1
adaptive_racing_net_log19,Ascend910B3,20,external_v3_k_deep,1280,1792,28672,fp16,0,0,12:112:1792:1024:32:32:64:96:32:3:2:0:16:16:1:1:1:1:1:12:1:1:2,contract_global,14.3014709473,19.8777312334,20.0476853641,regressed,regressed,1.3137511693328598,1,1
adaptive_racing_net_log19,Ascend910B3,20,external_v3_k_deep,1280,1792,28672,fp16,0,0,7:1280:256:192:64:64:32:24:24:4:4:1:6:6:2:2:1:1:7:1:1:0:2,contract_global,10.3338867187,14.3631535209,14.4859581429,regressed,regressed,1.0590717367440705,1,1
adaptive_racing_net_log19,Ascend910B3,20,external_v3_k_deep,1280,1792,28672,fp16,0,0,14:96:1792:768:48:16:128:6:6:1:1:0:6:6:1:1:1:1:1:14:1:2:2,contract_global,22.0303076172,30.7193613477,31.0206227691,regressed,regressed,1.4125375446227544,1,1
adaptive_racing_net_log19,Ascend910B3,20,external_v3_k_deep,1280,1792,28672,fp16,0,0,14:96:1792:512:48:16:128:4:8:1:1:0:4:4:1:1:1:14:1:1:1:0:2,contract_global,16.6686682129,23.2430182508,23.4709599921,regressed,regressed,1.4125375446227542,1,1
adaptive_racing_net_log19,Ascend910B3,20,external_v3_k_deep,1280,1792,28672,fp16,0,0,14:96:1792:512:48:16:128:4:4:1:1:0:4:4:1:1:1:1:1:14:1:2:2,contract_global,22.3312597656,31.1390131273,31.4443900279,regressed,regressed,1.4125375446227544,1,1
adaptive_racing_net_log19,Ascend910B3,20,external_v3_k_deep,1280,1792,28672,fp16,0,0,14:1280:128:160:16:32:160:4:8:4:4:0:1:1:2:1:1:1:7:1:2:0:2,contract_global,22.1836914062,30.9332417946,31.2366007183,regressed,regressed,1.2913474902392235,1,1
adaptive_racing_net_log19,Ascend910B3,20,external_v3_k_deep,1280,1792,28672,fp16,0,0,20:432:256:28672:16:64:512:4:1:2:1:0:1:1:2:1:1:2:2:2:4:1:0,runtime_rejected,,1,1,runtime_rejected,runtime_rejected,,0,0
adaptive_racing_net_log19,Ascend910B3,20,external_v3_k_deep,1280,1792,28672,fp16,0,0,14:192:896:144:48:48:48:6:9:2:3:0:3:3:1:1:1:7:1:1:2:2:2,contract_global,15.95140625,22.2428583891,22.4609916719,regressed,regressed,1.407707284917647,1,1
adaptive_racing_net_log19,Ascend910B3,20,external_v3_k_deep,1280,1792,28672,fp16,0,0,20:64:1792:28672:16:16:80:16:8:4:1:0:4:4:2:2:1:20:1:1:1:0:0,runtime_rejected,,1,1,runtime_rejected,runtime_rejected,,0,0
adaptive_racing_net_log19,Ascend910B3,20,external_v3_k_deep,1280,1792,28672,fp16,0,0,8:384:1792:384:128:128:128:9:6:3:1:1:3:3:2:2:2:1:1:4:1:0:3,contract_global,1.46766159058,2.04652733501,2.06659740505,regressed,regressed,1.0423851272436675,1,1
adaptive_racing_net_log19,Ascend910B3,20,external_v3_k_deep,1280,1792,28672,fp16,0,0,8:1280:384:384:128:128:128:6:9:1:3:0:3:3:2:2:2:1:1:1:5:1:3,contract_global,1.4146723938,1.9416878426,1.95531243261,regressed,regressed,1.0987136642370239,1,1
adaptive_racing_net_log19,Ascend910B3,20,external_v3_k_deep,1280,1792,28672,fp16,0,0,11:1280:176:28672:16:176:80:16:8:1:1:0:8:8:2:2:1:1:11:1:1:1:0,runtime_rejected,,1,1,runtime_rejected,runtime_rejected,,0,0
adaptive_racing_net_log19,Ascend910B3,20,external_v3_k_deep,1280,1792,28672,fp16,0,0,20:48:1792:128:48:16:16:16:16:1:1:0:8:8:1:1:1:1:1:27:1:2:2,contract_global,61.7860351563,84.8035162285,85.3985722998,regressed,regressed,1.4077050817390147,1,1
adaptive_racing_net_log19,Ascend910B3,20,external_v3_k_deep,1280,1792,28672,fp16,0,0,4:1280:384:384:128:128:128:6:9:1:3:0:3:3:2:2:2:1:1:1:5:1:3,contract_global,2.61162597656,3.58454892477,3.60970127337,regressed,regressed,1.1338556470488421,1,1
adaptive_racing_net_log19,Ascend910B3,20,external_v3_k_deep,1280,1792,28672,fp16,0,0,20:80:192:28672:32:64:512:2:3:2:3:1:1:1:1:1:1:6:3:3:4:1:0,runtime_rejected,,1,1,runtime_rejected,runtime_rejected,,0,0
adaptive_racing_net_log19,Ascend910B3,20,external_v3_k_deep,1280,1792,28672,fp16,0,0,4:384:1792:384:128:128:128:9:6:3:1:1:3:3:2:2:2:1:1:4:1:0:3,contract_global,2.69151306152,3.7601572994,3.71620104395,regressed,regressed,1.1450702116541291,1,1
adaptive_racing_net_log19,Ascend910B3,20,external_v3_k_deep,1280,1792,28672,fp16,0,0,20:112:144:256:80:48:32:16:16:1:1:0:8:8:1:1:1:12:1:1:13:0:2,contract_global,8.84627624512,12.3586211307,12.214148795,regressed,regressed,1.4078176993928821,1,1
adaptive_racing_net_log19,Ascend910B3,20,external_v3_k_deep,1280,1792,28672,fp16,0,0,2:1280:384:384:128:128:128:6:9:1:3:0:3:3:2:2:2:1:1:1:5:1:3,contract_global,5.14711303711,7.19073406482,7.10667435177,regressed,regressed,1.1350382061445525,1,1
adaptive_racing_net_log19,Ascend910B3,20,external_v3_k_low_output_deep_aligned,256,192,20480,fp16,0,0,16:256:384:384:128:128:128:6:9:1:3:0:3:3:2:2:2:1:1:1:1:1:3,contract_global,0.0423748016357,1.02374374534,1.02191674937,regressed,regressed,0.97238546858803,1,1
adaptive_racing_net_log19,Ascend910B3,20,external_v3_k_low_output_deep_aligned,256,192,20480,fp16,0,0,12:256:16:2560:32:16:160:16:32:1:1:0:16:16:1:2:1:1:6:1:2:2:2,contract_global,0.559982414246,13.5287593559,13.5046156296,regressed,regressed,1.2434954572752657,1,1
adaptive_racing_net_log19,Ascend910B3,20,external_v3_k_low_output_deep_aligned,256,192,20480,fp16,0,0,20:128:16:2560:16:16:160:16:16:1:1:0:16:16:1:2:1:1:4:2:3:1:2,contract_global,1.04623962402,25.2763725109,25.2312637316,regressed,regressed,1.2256774709257028,1,1
adaptive_racing_net_log19,Ascend910B3,20,external_v3_k_low_output_deep_aligned,256,192,20480,fp16,0,0,20:128:16:2560:16:16:160:16:32:1:1:0:16:16:1:2:1:1:4:2:3:2:2,contract_global,1.04689163208,25.2921245415,25.2469876508,regressed,regressed,1.2372737943281413,1,1
adaptive_racing_net_log19,Ascend910B3,20,external_v3_k_low_output_deep_aligned,256,192,20480,fp16,0,0,16:64:48:20480:64:16:224:8:32:1:2:0:8:8:2:2:2:4:2:1:2:1:0,runtime_rejected,,1,1,runtime_rejected,runtime_rejected,,0,0
adaptive_racing_net_log19,Ascend910B3,20,external_v3_k_low_output_deep_aligned,256,192,20480,fp16,0,0,16:32:96:20480:32:64:448:8:4:1:1:0:4:4:2:1:1:4:1:2:2:0:0,runtime_rejected,,1,1,runtime_rejected,runtime_rejected,,0,0
adaptive_racing_net_log19,Ascend910B3,20,external_v3_k_low_output_deep_aligned,256,192,20480,fp16,0,0,20:16:48:20480:16:16:384:2:6:1:3:1:2:2:1:1:1:8:2:2:2:0:0,runtime_rejected,,1,1,runtime_rejected,runtime_rejected,,0,0
adaptive_racing_net_log19,Ascend910B3,20,external_v3_k_low_output_deep_aligned,256,192,20480,fp16,0,0,20:16:64:20480:16:16:192:1:1:1:1:1:1:1:2:2:1:3:1:6:3:0:0,runtime_rejected,,1,1,runtime_rejected,runtime_rejected,,0,0
adaptive_racing_net_log19,Ascend910B3,20,external_v3_k_low_output_deep_aligned,256,192,20480,fp16,0,0,20:48:16:20480:16:16:448:12:4:3:1:0:2:2:1:1:1:6:2:1:7:0:0,runtime_rejected,,1,1,runtime_rejected,runtime_rejected,,0,0
adaptive_racing_net_log19,Ascend910B3,20,external_v3_k_low_output_deep_odd,640,448,14337,fp16,0,0,20:128:112:14337:32:112:256:8:4:4:1:1:2:2:1:1:1:3:2:2:2:0:0,contract_global,0.149781198502,1.00257833021,1.00095695864,within_noise,within_noise,1.003039305980211,1,1
adaptive_racing_net_log19,Ascend910B3,20,external_v3_k_low_output_deep_odd,640,448,14337,fp16,0,0,10:64:448:14337:16:16:2048:2:2:1:2:0:1:1:1:1:1:1:1:10:1:0:0,contract_global,0.149771203995,1.00251143078,1.0008901674,within_noise,within_noise,1.0031326480480685,1,1
adaptive_racing_net_log19,Ascend910B3,20,external_v3_k_low_output_deep_odd,640,448,14337,fp16,0,0,14:48:448:14337:48:16:96:1:2:1:1:1:1:1:1:2:1:5:1:3:1:0:0,contract_global,0.150078401566,1.00456769439,1.00294310562,within_noise,within_noise,1.0026964348588088,1,1
adaptive_racing_net_log19,Ascend910B3,20,external_v3_k_low_output_deep_odd,640,448,14337,fp16,0,0,20:160:64:14337:32:32:256:16:16:1:1:1:8:8:2:2:2:1:2:4:5:0:0,contract_global,0.149335603714,0.999595688304,0.997979140274,within_noise,within_noise,1.0002509304584029,1,1
adaptive_racing_net_log19,Ascend910B3,20,external_v3_k_low_output_deep_odd,640,448,14337,fp16,0,0,20:128:112:14337:48:48:16:8:32:1:2:0:8:8:1:2:1:1:4:5:1:0:0,contract_global,0.149899196625,1.00112109183,1.00174551584,within_noise,within_noise,1.0054628359119755,1,1
adaptive_racing_net_log19,Ascend910B3,20,external_v3_k_low_output_deep_odd,640,448,14337,fp16,0,0,20:160:96:14337:48:48:16:8:32:1:2:1:8:8:2:1:1:1:2:4:3:0:0,contract_global,0.149729204178,0.999985775372,1.00060949126,within_noise,within_noise,1.0010343712619172,1,1
adaptive_racing_net_log19,Ascend910B3,20,external_v3_k_low_output_deep_odd,640,448,14337,fp16,0,0,8:320:144:14337:160:144:192:2:1:1:1:0:1:1:1:1:1:2:2:1:2:0:0,contract_global,0.149498796463,0.998446967771,0.99906972387,within_noise,within_noise,1.0000378693533323,1,1
adaptive_racing_net_log19,Ascend910B3,20,external_v3_k_low_output_deep_odd,640,448,14337,fp16,0,0,20:96:128:14337:96:128:128:2:4:1:1:0:2:2:2:2:1:1:1:7:4:0:0,contract_global,0.149804801941,1.00049066477,1.00111469557,within_noise,within_noise,1.0011866581976887,1,1
adaptive_racing_net_log19,Ascend910B3,20,external_v3_k_low_output_deep_odd,640,448,14337,fp16,0,0,20:112:64:14337:16:64:448:4:4:2:1:0:2:2:1:1:1:1:1:6:7:0:0,contract_global,0.149686403275,0.998579470724,1.00082736173,within_noise,within_noise,0.9999291424975685,1,1
adaptive_racing_net_log19,Ascend910B3,20,external_v3_k_low_output_deep_odd,640,448,14337,fp16,0,0,10:64:448:14337:32:32:32:4:32:1:4:0:4:4:2:2:1:1:1:10:1:0:0,contract_global,0.149545202255,0.997637498461,0.999883269008,within_noise,within_noise,1.004021392422465,1,1
adaptive_racing_net_log19,Ascend910B3,20,external_v3_k_low_output_deep_odd,640,448,14337,fp16,0,0,14:320:64:1792:16:48:112:16:32:1:1:0:16:16:2:1:1:2:2:1:6:2:2,contract_global,0.149230003357,0.995534761395,0.99777579849,within_noise,within_noise,0.9999702669398408,1,1
adaptive_racing_net_log19,Ascend910B3,20,external_v3_k_low_output_deep_odd,640,448,14337,fp16,0,0,20:112:80:2560:16:16:160:16:32:1:1:0:16:16:1:2:1:1:2:6:4:2:2,contract_global,0.149832000732,0.999550772246,1.00180084974,within_noise,within_noise,1.000101352529524,1,1
adaptive_racing_net_log19,Ascend910B3,20,external_v3_k_low_output_deep_odd,640,448,14337,fp16,0,0,16:640:384:384:128:128:128:6:9:1:3:0:3:3:2:2:2:1:1:1:2:1:3,contract_global,0.149860801697,1.00255203242,1.00199341762,within_noise,within_noise,0.9876291217125099,1,1
adaptive_racing_net_log19,Ascend910B3,20,external_v3_k_low_output_deep_odd,640,448,14337,fp16,0,0,20:64:32:14337:64:16:128:16:16:1:1:0:8:8:2:2:1:10:4:1:4:0:0,contract_global,0.149560003281,1.0005397246,0.999982231046,within_noise,within_noise,0.9822275731326766,1,1
adaptive_racing_net_log19,Ascend910B3,20,external_v3_k_low_output_deep_odd,640,448,14337,fp16,0,0,20:128:32:2560:32:16:160:16:32:1:1:0:16:16:1:2:1:1:1:5:14:1:2,contract_global,0.149698400497,1.00146558652,1.00090757709,within_noise,within_noise,1.0001539777924182,1,1
adaptive_racing_net_log19,Ascend910B3,20,external_v3_k_low_output_deep_odd,640,448,14337,fp16,0,0,2:320:448:14337:320:32:16:4:4:1:1:0:2:2:1:2:1:1:1:2:1:0:0,contract_global,0.149774799347,1.0019766863,1.00141839208,within_noise,within_noise,1.003534537119444,1,1
adaptive_racing_net_log19,Ascend910B3,20,external_v3_k_low_output_deep_odd,640,448,14337,fp16,0,0,20:48:32:14337:48:16:320:4:4:1:2:1:2:2:2:1:1:1:3:14:6:1:0,contract_global,0.149957199097,1.00526368897,1.00088458144,within_noise,within_noise,0.9913644125115432,1,1
adaptive_racing_net_log19,Ascend910B3,20,external_v3_k_low_output_deep_odd,640,448,14337,fp16,0,0,2:640:304:14337:16:304:16:16:16:1:1:1:8:8:1:2:1:1:2:1:1:0:0,contract_global,0.149496803284,1.00217734703,0.997811684148,within_noise,within_noise,0.999919098354585,1,1
adaptive_racing_net_log19,Ascend910B3,20,external_v3_k_low_output_deep_odd,640,448,14337,fp16,0,0,8:384:448:384:128:128:128:9:6:3:1:1:3:3:2:2:2:1:1:2:1:0:3,contract_global,0.149818401337,1.00433323449,0.999958180189,within_noise,within_noise,1.0076193844092995,1,1
adaptive_racing_net_log19,Ascend910B3,20,external_v3_k_low_output_deep_odd,640,448,14337,fp16,0,0,8:640:384:384:128:128:128:6:9:1:3:0:3:3:2:2:2:1:1:1:2:1:3,contract_global,0.149770803452,1.00401415394,0.999640489604,within_noise,within_noise,0.9955546646591418,1,1
adaptive_racing_net_log19,Ascend910B3,20,external_v3_layout_tn,2048,2816,4096,fp16,1,0,16:512:704:4096:16:16:2048:4:1:2:1:0:1:1:1:1:1:1:1:4:4:1:0,runtime_rejected,,1,1,runtime_rejected,runtime_rejected,,0,0
adaptive_racing_net_log19,Ascend910B3,20,external_v3_layout_tn,2048,2816,4096,fp16,1,0,12:176:2816:4096:16:16:80:16:8:2:1:1:8:8:2:1:1:12:1:1:1:1:0,runtime_rejected,,1,1,runtime_rejected,runtime_rejected,,0,0
adaptive_racing_net_log19,Ascend910B3,20,external_v3_layout_tn,2048,2816,4096,fp16,1,0,5:2048:688:4096:16:688:16:2:2:1:1:1:2:2:2:2:2:1:1:1:5:1:0,runtime_rejected,,1,1,runtime_rejected,runtime_rejected,,0,0
adaptive_racing_net_log19,Ascend910B3,20,external_v3_layout_tn,2048,2816,4096,fp16,1,0,12:176:2816:4096:16:16:80:16:8:2:1:1:8:8:2:1:2:12:1:1:1:0:0,runtime_rejected,,1,1,runtime_rejected,runtime_rejected,,0,0
adaptive_racing_net_log19,Ascend910B3,20,external_v3_layout_tn,2048,2816,4096,fp16,1,0,14:304:1408:144:48:48:48:6:18:2:3:0:3:3:1:1:1:3:1:3:2:2:2,contract_global,6.40364685059,19.4718236505,19.481934405,regressed,regressed,1.4125375446227542,1,1
adaptive_racing_net_log19,Ascend910B3,20,external_v3_layout_tn,2048,2816,4096,fp16,1,0,14:304:1408:144:48:48:48:12:9:2:3:0:3:3:1:1:1:3:1:3:2:2:2,contract_global,5.70496887207,17.3473257349,17.3563333428,regressed,regressed,1.4125375446227542,1,1
adaptive_racing_net_log19,Ascend910B3,20,external_v3_layout_nt,1920,2688,3840,fp16,0,1,13:1920:208:3840:16:208:64:4:2:1:1:1:2:2:2:1:2:1:2:1:11:0:0,runtime_rejected,,1,1,runtime_rejected,runtime_rejected,,0,0
adaptive_racing_net_log19,Ascend910B3,20,external_v3_layout_nt,1920,2688,3840,fp16,0,1,12:160:2688:3840:16:16:80:16:8:2:1:1:8:8:2:1:1:12:1:1:1:1:0,runtime_rejected,,1,1,runtime_rejected,runtime_rejected,,0,0
adaptive_racing_net_log19,Ascend910B3,20,external_v3_layout_nt,1920,2688,3840,fp16,0,1,12:160:2688:3840:16:16:80:16:8:2:1:1:8:8:2:1:2:12:1:1:1:0:0,runtime_rejected,,1,1,runtime_rejected,runtime_rejected,,0,0
adaptive_racing_net_log19,Ascend910B3,20,external_v3_layout_nt,1920,2688,3840,fp16,0,1,20:48:2688:3840:48:16:48:1:1:1:1:0:1:1:1:2:1:40:1:1:1:0:0,runtime_rejected,,1,1,runtime_rejected,runtime_rejected,,0,0
adaptive_racing_net_log19,Ascend910B3,20,external_v3_layout_nt,1920,2688,3840,fp16,0,1,20:112:272:768:48:16:96:32:24:2:3:1:8:8:1:2:1:18:1:1:10:2:2,contract_global,3.13139129639,10.7121301093,10.6974188616,regressed,regressed,1.4125375446227544,1,1
adaptive_racing_net_log19,Ascend910B3,20,external_v3_layout_nt,1920,2688,3840,fp16,0,1,4:384:2688:384:128:128:128:9:6:3:1:1:3:3:2:2:2:1:1:5:1:0:3,contract_global,1.03808883667,3.55118272705,3.54630579517,regressed,regressed,1.2590237233512214,1,1
adaptive_racing_net_log19,Ascend910B3,20,external_v3_layout_nt,1920,2688,3840,fp16,0,1,20:288:128:288:64:64:48:18:24:3:2:0:6:6:1:2:1:7:3:1:9:1:2,contract_global,1.76992919922,6.05472458459,6.04640947337,regressed,regressed,1.4125375446227542,1,1
adaptive_racing_net_log19,Ascend910B3,20,external_v3_layout_nt,1920,2688,3840,fp16,0,1,1:1920:384:384:128:128:128:6:9:1:3:0:3:3:2:2:2:1:1:1:7:2:3,runtime_rejected,,1,1,runtime_rejected,runtime_rejected,,0,0
adaptive_racing_net_log19,Ascend910B3,20,external_v3_layout_nt,1920,2688,3840,fp16,0,1,1:1920:384:384:128:128:128:6:9:1:3:0:3:3:2:2:1:1:1:1:7:1:3,runtime_rejected,,1,1,runtime_rejected,runtime_rejected,,0,0
adaptive_racing_net_log19,Ascend910B3,20,external_v3_layout_nt,1920,2688,3840,fp16,0,1,1:1920:384:384:128:128:128:6:9:1:3:0:3:3:2:2:2:1:3:1:3:1:3,runtime_rejected,,1,1,runtime_rejected,runtime_rejected,,0,0
adaptive_racing_net_log19,Ascend910B3,20,external_v3_layout_nt,1920,2688,3840,fp16,0,1,1:384:2688:384:128:128:128:9:6:3:1:1:3:3:2:2:2:1:1:5:1:0:3,runtime_rejected,,1,1,runtime_rejected,runtime_rejected,,0,0
adaptive_racing_net_log19,Ascend910B3,20,external_v3_layout_tt,1536,2176,3072,fp16,1,1,20:224:112:1280:48:32:64:40:60:2:3:1:20:20:2:2:2:7:3:1:7:0:2,runtime_rejected,,1,1,runtime_rejected,runtime_rejected,,0,0
adaptive_racing_net_log19,Ascend910B3,20,external_v3_layout_tt,1536,2176,3072,fp16,1,1,20:224:112:1024:48:32:64:32:48:2:3:1:16:16:2:2:2:7:3:1:7:0:2,runtime_rejected,,1,1,runtime_rejected,runtime_rejected,,0,0
adaptive_racing_net_log19,Ascend910B3,20,external_v3_layout_tt,1536,2176,3072,fp16,1,1,8:1536:384:384:128:128:128:6:9:1:3:0:3:3:2:2:2:1:1:1:6:2:3,feedback_regression_counterfactual,0.22538520813,2.41356572651,2.43477181072,regressed,regressed,2.4477798239962523,1,1
adaptive_racing_net_log19,Ascend910B3,20,external_v3_layout_tt,1536,2176,3072,fp16,1,1,14:112:2176:1280:16:16:80:16:16:1:1:0:16:16:1:2:1:1:1:14:1:0:2,feedback_regression_counterfactual,9.65014099121,103.339743303,104.247707513,regressed,regressed,14.585600711480128,1,1
adaptive_racing_net_log19,Ascend910B3,20,external_v3_layout_tt,1536,2176,3072,fp16,1,1,14:112:2176:1280:16:16:80:16:16:1:1:0:16:16:1:2:2:1:1:14:1:2:2,feedback_regression_counterfactual,9.64279052734,103.26102994,104.168302558,regressed,regressed,12.854280851460254,1,1
adaptive_racing_net_log19,Ascend910B3,20,external_v3_layout_tt,1536,2176,3072,fp16,1,1,8:384:2176:384:128:128:128:9:6:3:1:1:3:3:2:2:2:2:1:2:1:0:3,feedback_regression_counterfactual,0.227176399231,2.43274692073,2.45412153486,regressed,regressed,2.4980595018080884,1,1
adaptive_racing_net_log19,Ascend910B3,20,external_v3_layout_tt,1536,2176,3072,fp16,1,1,8:384:2176:384:128:128:128:9:6:3:1:1:3:3:2:2:1:1:1:4:1:0:3,feedback_regression_counterfactual,0.33076839447,3.57755050589,3.5731961712,regressed,regressed,2.6493908044872456,1,1
adaptive_racing_net_log19,Ascend910B3,20,external_v3_layout_tt,1536,2176,3072,fp16,1,1,7:1536:384:384:128:128:128:6:9:1:3:0:3:3:2:2:2:1:1:1:6:1:3,feedback_regression_counterfactual,0.407122802734,4.40339044853,4.39803096142,regressed,regressed,2.442238838139247,1,1
adaptive_racing_net_log19,Ascend910B3,20,external_v3_layout_tt,1536,2176,3072,fp16,1,1,18:512:368:1280:16:16:160:32:32:4:4:0:8:8:1:1:1:3:2:1:5:2:2,feedback_regression_counterfactual,2.70077484131,29.2112504138,29.1756966009,regressed,regressed,11.386176268556952,1,1
adaptive_racing_net_log19,Ascend910B3,20,external_v3_layout_tt,1536,2176,3072,fp16,1,1,20:320:80:768:96:48:16:96:96:1:1:0:48:48:2:1:1:1:10:5:3:0:2,contract_global,1.62670913696,17.5942870999,17.5728726112,regressed,regressed,2.1577818240564195,1,1
adaptive_racing_net_log19,Ascend910B3,20,external_v3_layout_tt,1536,2176,3072,fp16,1,1,20:224:112:512:48:32:64:32:48:2:3:1:8:8:2:2:2:7:3:1:7:2:2,contract_global,1.21167121887,13.1052877316,13.0579272788,regressed,regressed,2.406673470184892,1,1
adaptive_racing_net_log19,Ascend910B3,20,external_v3_layout_tt,1536,2176,3072,fp16,1,1,4:384:2176:384:128:128:128:9:6:3:1:1:3:3:2:2:2:2:1:2:1:0:3,feedback_regression_counterfactual,0.406726417542,4.39910319476,4.38320552632,regressed,regressed,3.1137329562332208,1,1
adaptive_racing_net_log19,Ascend910B3,20,external_v3_layout_tt,1536,2176,3072,fp16,1,1,4:384:2176:384:128:128:128:9:6:3:1:1:3:3:2:2:1:1:1:4:1:0:3,feedback_regression_counterfactual,0.64629119873,6.99020657239,6.96494506307,regressed,regressed,3.3077457213728945,1,1
adaptive_racing_net_log19,Ascend910B3,20,external_v3_layout_tt,1536,2176,3072,fp16,1,1,20:768:32:3072:256:32:80:12:2:3:1:1:2:2:1:2:1:1:6:2:13:2:0,runtime_rejected,,1,1,runtime_rejected,runtime_rejected,,0,0
adaptive_racing_net_log19,Ascend910B3,20,external_v3_layout_tt,1536,2176,3072,fp16,1,1,14:112:2176:480:16:16:80:6:12:1:1:0:6:6:1:2:1:5:1:3:1:0:2,contract_global,9.54501586914,102.822536254,102.678004736,regressed,regressed,14.297768265414197,1,1
adaptive_racing_net_log19,Ascend910B3,20,external_v3_layout_tt,1536,2176,3072,fp16,1,1,19:48:608:3072:48:608:16:16:16:1:1:0:8:8:2:1:1:1:1:32:4:0:0,feedback_regression_counterfactual,0.32773601532,3.53049683509,3.52553422587,regressed,regressed,2.484194019845468,1,1
adaptive_racing_net_log19,Ascend910B3,20,external_v3_layout_tt,1536,2176,3072,fp16,1,1,7:1536:352:3072:32:352:32:8:2:4:1:1:2:2:1:1:1:1:7:1:1:0:0,runtime_rejected,,1,1,runtime_rejected,runtime_rejected,,0,0
adaptive_racing_net_log19,Ascend910B3,20,external_v3_layout_tt,1536,2176,3072,fp16,1,1,20:320:128:3072:32:16:16:4:4:2:4:0:1:1:1:2:1:5:2:1:10:1:0,runtime_rejected,,1,1,runtime_rejected,runtime_rejected,,0,0
adaptive_racing_net_log19,Ascend910B3,20,external_v3_layout_tt,1536,2176,3072,fp16,1,1,11:144:2176:3072:112:16:16:2:16:1:4:1:2:2:2:2:2:11:1:1:1:0:0,runtime_rejected,,1,1,runtime_rejected,runtime_rejected,,0,0
adaptive_racing_net_log19,Ascend910B3,20,external_v3_layout_tt,1536,2176,3072,fp16,1,1,11:144:2176:3072:32:32:64:32:32:2:4:0:8:8:1:1:1:6:1:2:1:0:0,runtime_rejected,,1,1,runtime_rejected,runtime_rejected,,0,0
adaptive_racing_net_log19,Ascend910B3,20,external_v3_layout_tt,1536,2176,3072,fp16,1,1,12:128:2176:3072:16:16:80:16:8:2:1:1:8:8:2:1:1:12:1:1:1:0:0,runtime_rejected,,1,1,runtime_rejected,runtime_rejected,,0,0
adaptive_racing_net_log19,Ascend910B3,20,external_v3_layout_tt,1536,2176,3072,fp16,1,1,14:224:1088:3072:208:16:16:2:2:1:1:1:1:1:1:1:1:4:1:2:2:0:0,runtime_rejected,,1,1,runtime_rejected,runtime_rejected,,0,0
adaptive_racing_net_log19,Ascend910B3,20,external_v3_bf16_aligned,2816,3840,5632,bf16,0,0,20:704:768:5632:32:32:320:4:1:4:1:0:1:1:2:2:2:1:1:4:5:1:0,runtime_rejected,,1,1,runtime_rejected,runtime_rejected,,0,0
adaptive_racing_net_log19,Ascend910B3,20,external_v3_bf16_aligned,2816,3840,5632,bf16,0,0,15:2816:384:384:128:128:128:6:9:1:3:0:3:3:2:2:2:1:1:1:10:2:3,feedback_regression_counterfactual,0.713957214355,1.57216125103,1.57596471839,regressed,regressed,1.6917726538996642,1,1
adaptive_racing_net_log19,Ascend910B3,20,external_v3_bf16_aligned,2816,3840,5632,bf16,0,0,14:416:1920:5632:64:64:160:8:2:4:1:0:1:1:2:2:1:4:1:2:2:0:0,runtime_rejected,,1,1,runtime_rejected,runtime_rejected,,0,0
adaptive_racing_net_log19,Ascend910B3,20,external_v3_bf16_aligned,2816,3840,5632,bf16,0,0,14:2816:384:384:128:128:128:6:9:1:3:0:3:3:2:2:2:1:1:1:10:1:3,feedback_regression_counterfactual,1.31641723633,2.89880139529,2.90581435052,regressed,regressed,1.6752104243964203,1,1
adaptive_racing_net_log19,Ascend910B3,20,external_v3_bf16_aligned,2816,3840,5632,bf16,0,0,15:2816:384:384:128:128:128:6:9:1:3:0:3:3:2:2:1:1:1:1:10:1:3,feedback_regression_counterfactual,1.07774841309,2.37324346523,2.37898495901,regressed,regressed,1.8200734799261418,1,1
adaptive_racing_net_log19,Ascend910B3,20,external_v3_bf16_aligned,2816,3840,5632,bf16,0,0,14:384:3840:384:128:128:128:9:6:3:1:1:3:3:2:2:2:1:1:8:1:0:3,feedback_regression_counterfactual,1.45336807251,3.20037240488,3.2081149389,regressed,regressed,1.7787995179286147,1,1
adaptive_racing_net_log19,Ascend910B3,20,external_v3_bf16_aligned,2816,3840,5632,bf16,0,0,15:384:3840:384:128:128:128:9:6:3:1:1:3:3:2:2:1:1:1:8:1:0:3,feedback_regression_counterfactual,1.09794960022,2.4177272564,2.42357636806,regressed,regressed,1.8783647416499396,1,1
adaptive_racing_net_log19,Ascend910B3,20,external_v3_bf16_aligned,2816,3840,5632,bf16,0,0,15:2816:384:384:128:128:128:6:9:1:3:0:3:3:2:2:2:1:2:1:5:1:3,feedback_regression_counterfactual,0.71158996582,1.56694847869,1.570739335,regressed,regressed,2.028646268757734,1,1
adaptive_racing_net_log19,Ascend910B3,20,external_v3_bf16_aligned,2816,3840,5632,bf16,0,0,20:416:192:5632:160:32:96:4:32:1:4:0:4:4:2:2:2:1:7:7:3:0:0,runtime_rejected,,1,1,runtime_rejected,runtime_rejected,,0,0
adaptive_racing_net_log19,Ascend910B3,20,external_v3_bf16_aligned,2816,3840,5632,bf16,0,0,20:416:192:5632:160:32:96:4:32:1:4:1:4:4:2:2:1:1:7:7:3:0:0,runtime_rejected,,1,1,runtime_rejected,runtime_rejected,,0,0
adaptive_racing_net_log19,Ascend910B3,20,external_v3_bf16_aligned,2816,3840,5632,bf16,0,0,15:384:3840:384:128:128:128:9:6:3:1:1:3:3:2:2:2:1:1:8:1:1:3,feedback_regression_counterfactual,0.861513595581,1.89537493083,1.89878927713,regressed,regressed,1.8481712390097382,1,1
adaptive_racing_net_log19,Ascend910B3,20,external_v3_bf16_aligned,2816,3840,5632,bf16,0,0,15:384:3840:384:128:128:128:9:6:3:1:1:3:3:2:2:2:2:1:4:1:0:3,feedback_regression_counterfactual,0.848947982788,1.86772992604,1.87109447237,regressed,regressed,2.1163406238342155,1,1
adaptive_racing_net_log19,Ascend910B3,20,external_v3_bf16_aligned,2816,3840,5632,bf16,0,0,16:176:3840:1280:16:16:160:32:32:4:4:0:8:8:1:1:1:16:1:1:1:2:2,feedback_regression_counterfactual,17.5090515137,38.4215339731,38.4094527955,regressed,regressed,18.2300697934899,1,1
adaptive_racing_net_log19,Ascend910B3,20,external_v3_bf16_aligned,2816,3840,5632,bf16,0,0,14:208:3840:1280:16:16:80:32:48:2:3:0:16:16:2:2:1:14:1:1:1:0:2,feedback_regression_counterfactual,26.9438183594,59.1250092358,59.1064181058,regressed,regressed,23.11228724204136,1,1
adaptive_racing_net_log19,Ascend910B3,20,external_v3_bf16_aligned,2816,3840,5632,bf16,0,0,13:224:3840:2880:16:16:80:36:36:1:1:0:36:36:1:2:1:7:1:2:1:2:2,contract_global,60.0341259766,131.737759121,131.696335807,regressed,regressed,25.38684173896642,1,1
adaptive_racing_net_log19,Ascend910B3,20,external_v3_bf16_aligned,2816,3840,5632,bf16,0,0,14:416:1920:384:48:48:48:16:24:2:3:1:8:8:1:1:1:4:1:2:2:2:2,contract_global,10.3548303223,22.7224452851,22.7153004924,regressed,regressed,18.679764488374452,1,1
adaptive_racing_net_log19,Ascend910B3,20,external_v3_bf16_aligned,2816,3840,5632,bf16,0,0,11:256:3840:384:32:32:64:18:12:3:2:0:6:6:1:1:1:1:1:11:1:0:2,contract_global,13.6832519531,30.0394538799,30.0320260853,regressed,regressed,16.89584446704748,1,1
adaptive_racing_net_log19,Ascend910B3,20,external_v3_bf16_aligned,2816,3840,5632,bf16,0,0,11:256:3840:256:32:32:64:12:8:3:2:0:4:4:1:1:1:1:1:11:1:0:2,contract_global,14.9302905273,32.777133334,32.7690285989,regressed,regressed,17.497289527817607,1,1
adaptive_racing_net_log19,Ascend910B3,20,external_v3_bf16_aligned,2816,3840,5632,bf16,0,0,12:240:3840:480:16:16:80:24:24:4:4:1:6:6:2:1:1:6:1:2:1:1:2,contract_global,35.7630761719,78.5122777067,78.4928641352,regressed,regressed,23.29613987748454,1,1
adaptive_racing_net_log19,Ascend910B3,20,external_v3_bf16_aligned,2816,3840,5632,bf16,0,0,12:240:3840:80:16:16:80:4:8:4:4:0:1:1:2:1:1:6:1:2:1:2:2,contract_global,96.3777734375,211.582428662,211.530111105,regressed,regressed,24.173958004103284,1,1
adaptive_racing_net_log19,Ascend910B3,20,external_v3_bf16_aligned,2816,3840,5632,bf16,0,0,12:240:3840:240:16:16:80:12:24:4:4:0:3:3:2:1:1:6:1:2:1:2:2,contract_global,45.2165039062,99.5914381457,99.4107240768,regressed,regressed,24.26341026793607,1,1
adaptive_racing_net_log19,Ascend910B3,20,external_v3_bf16_aligned,2816,3840,5632,bf16,0,0,11:256:3840:128:32:32:64:6:4:3:2:0:2:2:1:1:1:1:1:11:1:0:2,contract_global,19.5866003418,43.1403918463,43.062111264,regressed,regressed,16.81563350112756,1,1
adaptive_racing_net_log19,Ascend910B3,20,external_v3_bf16_aligned,2816,3840,5632,bf16,0,0,11:256:3840:128:32:32:64:12:8:3:2:0:2:2:1:1:1:1:1:11:1:2:2,contract_global,21.106418457,46.4878614367,46.4035066892,regressed,regressed,16.629587061040187,1,1
adaptive_racing_net_log19,Ascend910B3,20,external_v3_bf16_aligned,2816,3840,5632,bf16,0,0,11:256:3840:192:32:32:64:9:6:3:2:1:3:3:1:1:1:1:1:11:1:0:2,contract_global,15.5314904785,34.2088250899,34.1467513202,regressed,regressed,16.17207578673012,1,1
adaptive_racing_net_log19,Ascend910B3,20,external_v3_bf16_odd,1151,1669,3329,bf16,0,0,20:288:336:3329:128:48:160:2:2:1:1:0:2:2:1:2:1:4:5:1:1:0:0,contract_global,0.170557594299,0.998097666749,0.999239946521,within_noise,within_noise,1.000046313157695,1,1
adaptive_racing_net_log19,Ascend910B3,20,external_v3_bf16_odd,1151,1669,3329,bf16,0,0,20:240:432:3329:144:32:16:16:32:1:2:1:8:8:1:1:1:5:4:1:1:0:0,contract_global,0.170566806793,0.998151577971,0.999293919442,within_noise,within_noise,1.0000642330588263,1,1
adaptive_racing_net_log19,Ascend910B3,20,external_v3_bf16_odd,1151,1669,3329,bf16,0,0,18:192:560:3329:32:32:16:32:32:4:4:0:4:4:2:2:2:3:1:2:3:0:0,contract_global,0.170722408295,0.999062153053,1.00020553664,within_noise,within_noise,1.0001249440649072,1,1
adaptive_racing_net_log19,Ascend910B3,20,external_v3_bf16_odd,1151,1669,3329,bf16,0,0,16:288:432:3329:48:48:16:8:64:1:4:0:8:8:1:1:1:1:1:4:4:0:0,contract_global,0.17055519104,0.998083602949,0.999225866627,within_noise,within_noise,1.0014217450161373,1,1
adaptive_racing_net_log19,Ascend910B3,20,external_v3_bf16_odd,1151,1669,3329,bf16,0,0,18:384:288:1280:16:16:80:32:32:1:1:0:16:16:1:2:1:1:1:3:6:1:2,contract_global,0.170659999847,0.998696940789,0.999445571531,within_noise,within_noise,0.9987403941160022,1,1
adaptive_racing_net_log19,Ascend910B3,20,external_v3_bf16_odd,1151,1669,3329,bf16,0,0,18:64:1680:3329:16:16:80:16:8:4:1:1:4:4:2:2:1:9:1:2:1:0:0,contract_global,0.17084280014,0.99976668234,1.00051611498,within_noise,within_noise,0.999619639913219,1,1
adaptive_racing_net_log19,Ascend910B3,20,external_v3_bf16_odd,1151,1669,3329,bf16,0,0,16:144:848:1792:16:48:112:16:32:1:1:0:16:16:2:1:1:4:1:2:2:2:2,contract_global,0.170903205872,1.00012017478,1.0008698724,within_noise,within_noise,1.0245562155365728,1,1
adaptive_racing_net_log19,Ascend910B3,20,external_v3_bf16_odd,1151,1669,3329,bf16,0,0,18:1152:96:3329:48:32:16:64:48:4:3:0:8:8:1:1:1:1:9:1:2:0:0,contract_global,0.170851593018,0.99981813798,1.00056760919,within_noise,within_noise,1.0012869516794085,1,1
adaptive_racing_net_log19,Ascend910B3,20,external_v3_bf16_odd,1151,1669,3329,bf16,0,0,15:80:1680:3329:16:16:80:16:8:2:1:1:8:8:2:1:1:15:1:1:1:0:0,contract_global,0.170882797241,1.00116468683,1.00075035221,within_noise,within_noise,0.9995180265571709,1,1
adaptive_racing_net_log19,Ascend910B3,20,external_v3_bf16_odd,1151,1669,3329,bf16,0,0,8:288:848:3329:288:16:48:4:16:1:2:1:4:4:2:2:1:4:1:1:2:0:0,contract_global,0.17076839447,1.00049442618,1.00008036895,within_noise,within_noise,0.9756757864576419,1,1
adaptive_racing_net_log19,Ascend910B3,20,external_v3_bf16_odd,1151,1669,3329,bf16,0,0,18:544:288:3329:544:48:16:2:4:1:2:1:1:1:2:2:1:3:6:1:1:0:0,contract_global,0.170852794647,1.00098890824,1.00057464636,within_noise,within_noise,1.0000616973972007,1,1
adaptive_racing_net_log19,Ascend910B3,20,external_v3_bf16_odd,1151,1669,3329,bf16,0,0,6:1152:288:3329:32:288:32:32:4:4:1:1:4:4:1:2:1:1:1:1:6:0:0,contract_global,0.170883598328,1.00116938022,1.00075504365,within_noise,within_noise,0.9750532097256147,1,1
adaptive_racing_net_log19,Ascend910B3,20,external_v3_bf16_odd,1151,1669,3329,bf16,0,0,8:144:1680:3329:144:96:16:4:8:1:2:1:4:4:1:2:1:8:1:1:1:0:0,contract_global,0.170776004791,1.00053901337,0.999789253523,within_noise,within_noise,1.0002064827310988,1,1
adaptive_racing_net_log19,Ascend910B3,20,external_v3_bf16_odd,1151,1669,3329,bf16,0,0,5:256:1680:3329:256:64:32:8:16:1:4:1:4:4:2:2:2:5:1:1:1:0:0,contract_global,0.17053440094,0.999123509609,0.998374810471,within_noise,within_noise,0.9997031201214033,1,1
adaptive_racing_net_log19,Ascend910B3,20,external_v3_bf16_odd,1151,1669,3329,bf16,0,0,9:128:1680:512:32:32:32:16:32:1:1:0:16:16:2:2:1:9:1:1:1:2:2,contract_global,0.170779590607,1.00056002188,0.999810246293,within_noise,within_noise,1.0296484784196838,1,1
adaptive_racing_net_log19,Ascend910B3,20,external_v3_bf16_odd,1151,1669,3329,bf16,0,0,18:64:1680:256:48:16:128:4:4:1:1:0:2:2:1:1:1:18:1:1:1:1:2,contract_global,0.170634803772,0.999711747693,0.99896260776,within_noise,within_noise,0.9991655684387639,1,1
adaptive_racing_net_log19,Ascend910B3,20,external_v3_bf16_odd,1151,1669,3329,bf16,0,0,20:128:128:3329:128:112:80:4:4:1:1:0:2:2:2:1:1:9:2:1:10:2:0,contract_global,0.171066398621,1.0017004556,1.00148933212,within_noise,within_noise,1.0144477660130091,1,1
adaptive_racing_net_log19,Ascend910B3,20,external_v3_bf16_odd,1151,1669,3329,bf16,0,0,6:1152:288:192:64:96:32:24:18:2:3:1:6:6:2:1:1:1:1:1:6:2:2,contract_global,0.17057559967,0.998826521639,0.99861600389,within_noise,within_noise,1.0000422236790747,1,1
adaptive_racing_net_log19,Ascend910B3,20,external_v3_bf16_odd,1151,1669,3329,bf16,0,0,9:128:1680:144:32:112:48:24:24:4:4:0:3:3:2:1:1:5:1:2:1:1:2,contract_global,0.170785198212,1.00005385183,0.999843075399,within_noise,within_noise,1.0000959185521106,1,1
adaptive_racing_net_log19,Ascend910B3,20,external_v3_bf16_odd,1151,1669,3329,bf16,0,0,20:48:192:3329:48:176:160:4:2:1:1:1:2:2:2:1:1:1:3:24:4:2:0,contract_global,0.171133594513,1.00209392946,1.00188272305,within_noise,within_noise,0.9902903049671677,1,1
adaptive_racing_net_log19,Ascend910B3,20,external_v3_bf16_odd,1151,1669,3329,bf16,0,0,20:48:192:3329:16:80:384:12:4:3:2:0:2:2:2:1:1:1:5:24:2:0:0,contract_global,0.170825595856,1.00060294531,0.999923447931,within_noise,within_noise,1.0205452645775634,1,1
adaptive_racing_net_log19,Ascend910B3,20,external_v3_bf16_odd,1151,1669,3329,bf16,0,0,8:1152:384:384:128:128:128:6:9:1:3:0:3:3:2:2:2:1:1:1:5:1:3,contract_global,0.170735607147,1.00007584065,0.999396701219,within_noise,within_noise,1.1155527022215477,1,1
adaptive_racing_net_log19,Ascend910B3,20,external_v3_bf16_odd,1151,1669,3329,bf16,0,0,4:384:1680:384:128:128:128:9:6:3:1:1:3:3:2:2:2:1:1:3:1:0:3,contract_global,0.170920391083,1.00115820392,1.00047832947,within_noise,within_noise,1.0467179321727453,1,1
adaptive_racing_net_log19,Ascend910B3,20,external_v3_bf16_odd,1151,1669,3329,bf16,0,0,4:1152:384:384:128:128:128:6:9:1:3:0:3:3:2:2:2:1:1:1:5:1:3,contract_global,0.17079120636,1.00040151044,0.999722149852,within_noise,within_noise,1.0630808523822366,1,1
adaptive_racing_net_log19,Ascend910B3,20,external_v3_fp32_nn,896,1408,1792,fp32,0,0,20:224:288:1792:48:64:32:8:4:2:2:0:2:2:2:1:1:1:3:4:2:0:0,contract_global,0.0821440029144,0.995025559358,0.988868703313,within_noise,improved,1.000182242522495,1,1
adaptive_racing_net_log19,Ascend910B3,20,external_v3_fp32_nn,896,1408,1792,fp32,0,0,20:224:288:1792:128:48:96:4:4:1:1:0:4:4:1:2:1:1:3:4:2:0:0,contract_global,0.082251996994,0.996333711692,0.990168761281,within_noise,within_noise,1.0591886208195342,1,1
adaptive_racing_net_log19,Ascend910B3,20,external_v3_fp32_nn,896,1408,1792,fp32,0,0,18:896:80:1792:16:64:128:8:4:1:1:1:4:4:2:2:1:1:5:1:4:0:0,contract_global,0.0822344017029,0.996120576668,0.989956945051,within_noise,improved,1.0016675079170054,1,1
adaptive_racing_net_log19,Ascend910B3,20,external_v3_fp32_nn,896,1408,1792,fp32,0,0,16:224:352:1792:64:64:16:16:32:1:4:0:8:8:2:2:1:1:4:4:1:0:0,contract_global,0.0821751976013,0.995403426386,0.989244232237,within_noise,improved,1.0009780971343134,1,1
adaptive_racing_net_log19,Ascend910B3,20,external_v3_fp32_nn,896,1408,1792,fp32,0,0,18:448:160:1024:32:32:64:16:16:1:1:0:16:16:2:1:1:1:3:2:3:0:2,contract_global,0.0821860027313,0.992392845599,1.00034895289,within_noise,within_noise,1.0005730786714861,1,1
adaptive_racing_net_log19,Ascend910B3,20,external_v3_fp32_nn,896,1408,1792,fp32,0,0,18:448:160:1024:32:32:64:32:16:1:1:0:16:16:2:1:1:1:3:2:3:1:2,contract_global,0.0821487998962,0.991943622782,0.99989612862,within_noise,within_noise,1.0012403125096407,1,1
adaptive_racing_net_log19,Ascend910B3,20,external_v3_fp32_nn,896,1408,1792,fp32,0,0,16:224:352:1792:48:48:16:4:32:1:4:0:4:4:1:1:1:1:1:4:4:0:0,contract_global,0.082791595459,0.999705354671,1.00772008704,within_noise,within_noise,1.0338171977505013,1,1
adaptive_racing_net_log19,Ascend910B3,20,external_v3_fp32_nn,896,1408,1792,fp32,0,0,12:224:512:1792:64:512:16:2:1:2:1:1:1:1:2:1:1:1:2:4:2:0:0,contract_global,0.0830687999725,1.00305258859,1.01109415605,within_noise,regressed,1.057632109811579,1,1
adaptive_racing_net_log19,Ascend910B3,20,external_v3_fp32_nn,896,1408,1792,fp32,0,0,20:192:288:1792:160:160:96:2:4:1:1:0:2:2:1:1:1:1:1:5:5:0:0,contract_global,0.0829036045074,1.00105785965,1.00908343518,within_noise,within_noise,1.0370121337870253,1,1
adaptive_racing_net_log19,Ascend910B3,20,external_v3_fp32_nn,896,1408,1792,fp32,0,0,9:304:480:1792:304:32:16:16:32:1:2:0:8:8:2:1:1:1:1:3:3:0:0,contract_global,0.0830891990662,1.00329890687,1.01134244908,within_noise,regressed,1.0450383835803294,1,1
adaptive_racing_net_log19,Ascend910B3,20,external_v3_fp32_nn,896,1408,1792,fp32,0,0,8:896:176:1792:96:176:48:4:2:1:1:0:2:2:2:1:1:1:4:1:2:0:0,contract_global,0.0831023979187,1.00345828251,1.01150310245,within_noise,regressed,1.0355136543206676,1,1
adaptive_racing_net_log19,Ascend910B3,20,external_v3_fp32_nn,896,1408,1792,fp32,0,0,15:192:480:256:32:32:16:128:128:4:4:1:16:16:2:2:1:2:1:3:3:1:2,contract_global,0.0824188041687,0.995203914074,1.00318255797,within_noise,within_noise,1.0004062665817288,1,1
adaptive_racing_net_log19,Ascend910B3,20,external_v3_fp32_nn,896,1408,1792,fp32,0,0,4:288:1408:1792:288:16:16:4:8:1:2:0:4:4:2:2:2:1:1:4:1:0:0,contract_global,0.0821516036987,0.998439519296,0.999865357071,within_noise,within_noise,1.0254323901847846,1,1
adaptive_racing_net_log19,Ascend910B3,20,external_v3_fp32_nn,896,1408,1792,fp32,0,0,3:896:512:1792:32:512:16:16:8:2:1:0:4:4:2:2:1:1:2:1:2:0:0,contract_global,0.0830848026276,1.00978126612,1.01122330066,within_noise,regressed,1.0382985341371769,1,1
adaptive_racing_net_log19,Ascend910B3,20,external_v3_fp32_nn,896,1408,1792,fp32,0,0,20:304:96:288:48:32:48:36:24:3:2:0:6:6:2:2:1:3:1:1:15:2:2,contract_global,0.0830900001526,1.00984443487,1.01128655962,within_noise,regressed,1.0008579005304916,1,1
adaptive_racing_net_log19,Ascend910B3,20,external_v3_fp32_nn,896,1408,1792,fp32,0,0,20:80:112:1792:64:112:48:8:16:1:1:1:8:8:2:2:2:6:5:2:3:1:0,contract_global,0.0821720027924,0.998687442172,1.00011363399,within_noise,within_noise,1.0244167207585935,1,1
adaptive_racing_net_log19,Ascend910B3,20,external_v3_fp32_nn,896,1408,1792,fp32,0,0,20:112:80:1792:16:16:512:4:2:1:1:0:2:2:2:1:1:1:2:8:12:2:0,contract_global,0.0827987957001,1.00676208641,1.0075543222,within_noise,within_noise,1.064935841677619,1,1
adaptive_racing_net_log19,Ascend910B3,20,external_v3_fp32_nn,896,1408,1792,fp32,0,0,20:160:64:1792:96:32:160:2:4:1:1:1:2:2:1:1:1:6:2:1:11:2:0,contract_global,0.0827612018585,1.00630497766,1.00709685374,within_noise,within_noise,1.1694078467010565,1,1
adaptive_racing_net_log19,Ascend910B3,20,external_v3_fp32_nn,896,1408,1792,fp32,0,0,18:448:160:64:32:32:64:2:2:1:1:1:1:1:2:1:1:1:3:2:3:2:2,contract_global,0.0833736038208,1.01375125839,1.01454899407,regressed,regressed,1.0010189043648743,1,1
adaptive_racing_net_log19,Ascend910B3,20,external_v3_fp32_nn,896,1408,1792,fp32,0,0,20:80:96:1792:16:16:512:4:2:2:2:1:1:1:2:2:2:1:8:12:2:2:0,contract_global,0.0821319961548,0.998654377889,0.999440233614,within_noise,within_noise,1.08115232796936,1,1
adaptive_racing_net_log19,Ascend910B3,20,external_v3_fp32_nn,896,1408,1792,fp32,0,0,8:896:384:192:128:128:64:6:9:1:3:0:3:3:2:2:2:1:1:1:4:1:3,contract_global,0.0830875968933,1.01027366033,1.01106865944,regressed,regressed,0.999560344939109,1,1
adaptive_racing_net_log19,Ascend910B3,20,external_v3_fp32_nn,896,1408,1792,fp32,0,0,20:64:144:192:48:16:64:6:6:1:1:1:3:3:1:1:1:1:2:14:9:0:2,contract_global,0.0821648025513,0.999053275437,0.999839445052,within_noise,within_noise,1.000846349300608,1,1
adaptive_racing_net_log19,Ascend910B3,20,external_v3_fp32_nn,896,1408,1792,fp32,0,0,4:384:1408:192:128:128:64:9:6:3:1:1:3:3:2:2:2:1:1:3:1:0:3,contract_global,0.0822060012817,0.999554216532,1.00034078035,within_noise,within_noise,1.0018093180679255,1,1
adaptive_racing_net_log19,Ascend910B3,20,external_v3_fp32_nn,896,1408,1792,fp32,0,0,4:896:384:192:128:128:64:6:9:1:3:0:3:3:2:2:2:1:1:1:4:1:3,contract_global,0.0822196006775,0.999719573481,1.00050626742,within_noise,within_noise,1.0003438202456192,1,1
adaptive_racing_net_log19,Ascend910B3,20,external_v3_fp32_nt,48,416,4608,fp32,0,1,13:48:32:4608:48:32:256:1:2:1:1:0:1:1:1:1:1:1:1:1:13:0:0,contract_global,0.0381175994873,1.0159275094,1.01204331169,regressed,regressed,1.001953889188703,1,1
adaptive_racing_net_log19,Ascend910B3,20,external_v3_fp32_nt,48,416,4608,fp32,0,1,18:16:80:4608:16:80:64:16:8:1:1:1:8:8:2:2:2:1:2:3:3:0:0,contract_global,0.0382171988487,1.01858207665,1.01468772973,regressed,regressed,1.000288282801108,1,1
adaptive_racing_net_log19,Ascend910B3,20,external_v3_fp32_nt,48,416,4608,fp32,0,1,18:32:48:4608:32:32:224:4:8:1:1:1:4:4:2:2:1:1:2:2:6:0:0,contract_global,0.0374756002426,0.998816655034,0.99499787729,within_noise,within_noise,1.000893072723662,1,1
adaptive_racing_net_log19,Ascend910B3,20,external_v3_fp32_nt,48,416,4608,fp32,0,1,18:32:48:4608:16:48:128:8:4:1:1:0:4:4:1:2:1:1:5:2:2:0:0,contract_global,0.037713201046,1.00514929915,1.0013063098,within_noise,within_noise,1.0018423486027335,1,1
adaptive_racing_net_log19,Ascend910B3,20,external_v3_fp32_nt,48,416,4608,fp32,0,1,18:32:48:4608:32:16:224:4:24:1:3:1:4:4:2:2:1:2:2:1:5:0:0,contract_global,0.0377988004684,0.988066149594,0.991504649364,improved,within_noise,1.0014804946559739,1,1
adaptive_racing_net_log19,Ascend910B3,20,external_v3_fp32_nt,48,416,4608,fp32,0,1,18:32:48:4608:16:48:320:2:2:1:1:0:2:2:2:1:1:1:5:2:2:0:0,contract_global,0.0383464002609,1.00238048792,1.00586880203,within_noise,within_noise,1.0013023128518974,1,1
adaptive_racing_net_log19,Ascend910B3,20,external_v3_fp32_nt,48,416,4608,fp32,0,1,15:16:96:4608:16:32:192:2:2:1:1:1:1:1:2:2:1:1:5:3:1:0:0,contract_global,0.0383215999603,1.00173220445,1.00521826251,within_noise,within_noise,1.0004276548955393,1,1
adaptive_racing_net_log19,Ascend910B3,20,external_v3_fp32_nt,48,416,4608,fp32,0,1,15:16:96:4608:16:48:160:1:4:1:2:1:1:1:2:2:2:1:2:3:3:0:0,contract_global,0.0375295996666,0.981029201428,0.984443212411,improved,improved,1.000365454524641,1,1
adaptive_racing_net_log19,Ascend910B3,20,external_v3_fp32_nt,48,416,4608,fp32,0,1,15:16:96:4608:16:96:80:4:4:1:1:1:2:2:2:2:1:1:5:3:1:0:0,contract_global,0.0374783992767,0.997314095402,0.999157494504,within_noise,within_noise,1.0001800300837624,1,1
adaptive_racing_net_log19,Ascend910B3,20,external_v3_fp32_nt,48,416,4608,fp32,0,1,15:16:96:4608:16:16:1024:4:4:1:2:0:2:2:1:1:1:2:2:2:3:0:0,contract_global,0.038327600956,1.01991166683,1.02179683446,regressed,regressed,1.002813677410887,1,1
adaptive_racing_net_log19,Ascend910B3,20,external_v3_fp32_nt,48,416,4608,fp32,0,1,13:48:32:1280:32:16:80:16:16:1:1:0:16:16:1:2:1:1:1:1:13:1:2,contract_global,0.0374891996384,0.997601497028,0.999445427351,within_noise,within_noise,1.0019340572742665,1,1
adaptive_racing_net_log19,Ascend910B3,20,external_v3_fp32_nt,48,416,4608,fp32,0,1,13:48:32:640:32:16:80:16:16:1:1:0:8:8:1:2:1:1:1:1:13:0:2,contract_global,0.0374668002129,0.997005440014,0.998848268605,within_noise,within_noise,1.0004751132667205,1,1
adaptive_racing_net_log19,Ascend910B3,20,external_v3_fp32_nt,48,416,4608,fp32,0,1,13:48:32:640:32:16:80:16:8:1:1:0:8:8:1:2:1:1:1:1:13:2:2,contract_global,0.0381031990051,1.01394024774,1.01581437802,regressed,regressed,1.0007019391995566,1,1
adaptive_racing_net_log19,Ascend910B3,20,external_v3_fp32_nt,48,416,4608,fp32,0,1,20:16:16:4608:16:16:512:8:4:1:1:0:4:4:2:1:1:1:5:3:6:0:0,contract_global,0.0374868011475,0.997537672294,0.999381484648,within_noise,within_noise,1.0024400373827944,1,1
adaptive_racing_net_log19,Ascend910B3,20,external_v3_fp32_nt,48,416,4608,fp32,0,1,20:32:16:4608:32:16:448:2:4:1:1:1:2:2:1:2:1:1:3:2:11:0:0,contract_global,0.0378047990799,1.00599971514,1.00785916842,within_noise,within_noise,1.001731934164498,1,1
adaptive_racing_net_log19,Ascend910B3,20,external_v3_fp32_nt,48,416,4608,fp32,0,1,20:96:16:4608:96:16:64:4:4:1:1:1:2:2:2:1:1:1:4:1:7:0:0,contract_global,0.0381791996956,1.01596265428,1.0178405227,regressed,regressed,1.0006851189393906,1,1
adaptive_racing_net_log19,Ascend910B3,20,external_v3_fp32_nt,48,416,4608,fp32,0,1,13:48:32:32:48:16:16:2:4:1:1:0:2:2:2:2:1:1:1:1:13:0:2,contract_global,0.0384231996536,1.01048087404,1.02365413956,regressed,regressed,1.001045128126701,1,1
adaptive_racing_net_log19,Ascend910B3,20,external_v3_fp32_nt,48,416,4608,fp32,0,1,16:128:384:192:128:128:64:6:9:1:3:0:3:3:2:2:2:1:1:1:2:1:3,contract_global,0.0383071994781,1.0074302182,1.02056371344,within_noise,regressed,1.001335563923388,1,1
adaptive_racing_net_log19,Ascend910B3,20,external_v3_fp32_nt,48,416,4608,fp32,0,1,2:32:416:4608:32:64:8:2:2:1:1:1:1:1:2:1:1:2:1:1:1:0:0,contract_global,0.0384651994705,1.01158541536,1.02477308038,regressed,regressed,1.0017494870785255,1,1
adaptive_racing_net_log19,Ascend910B3,20,external_v3_fp32_nt,48,416,4608,fp32,0,1,20:48:16:40:16:16:40:1:1:1:1:1:1:1:1:2:1:1:1:1:26:2:2,contract_global,0.0383207988739,1.00778786486,1.02092602262,within_noise,regressed,1.0003317524807225,1,1
adaptive_racing_net_log19,Ascend910B3,20,external_v3_fp32_nt,48,416,4608,fp32,0,1,3:112:144:4608:112:16:8:8:4:1:1:0:4:4:2:2:1:1:1:1:3:0:0,contract_global,0.0383563995361,1.00581447994,1.02280090532,within_noise,regressed,1.002427475149404,1,1
adaptive_racing_net_log19,Ascend910B3,20,external_v3_fp32_nt,48,416,4608,fp32,0,1,8:384:416:192:128:128:64:9:6:3:1:1:3:3:2:2:2:1:1:1:1:0:3,contract_global,0.0376379990578,0.986975965057,1.00364424129,improved,within_noise,1.001322471835328,1,1
adaptive_racing_net_log19,Ascend910B3,20,external_v3_fp32_nt,48,416,4608,fp32,0,1,1:64:416:160:16:16:80:8:8:4:4:1:2:2:2:1:1:1:1:1:1:0:2,contract_global,0.0374611997604,0.98233978191,0.998929761208,improved,within_noise,1.000328142265902,1,1
adaptive_racing_net_log19,Ascend910B3,20,external_v3_fp32_nt,48,416,4608,fp32,0,1,8:128:384:192:128:128:64:6:9:1:3:0:3:3:2:2:2:1:1:1:2:1:3,contract_global,0.037570400238,0.985203330701,1.00184167027,improved,within_noise,1.0015951007556834,1,1
adaptive_racing_net_log19,Ascend910B3,20,external_v3_fp32_tn,704,1088,1408,fp32,1,0,20:144:272:1408:112:32:128:2:1:1:1:0:1:1:1:1:1:1:1:5:4:0:0,contract_global,0.0499652004242,1.00103911265,0.996924698702,within_noise,within_noise,1.0030331338375635,1,1
adaptive_racing_net_log19,Ascend910B3,20,external_v3_fp32_tn,704,1088,1408,fp32,1,0,20:144:272:1408:48:48:16:4:32:1:4:1:4:4:2:1:1:1:2:5:2:0:0,contract_global,0.0500759983063,1.00325891789,0.999135380224,within_noise,within_noise,1.0019054533533944,1,1
adaptive_racing_net_log19,Ascend910B3,20,external_v3_fp32_tn,704,1088,1408,fp32,1,0,16:176:272:1408:48:48:16:4:32:1:4:0:4:4:1:1:1:1:1:4:4:0:0,contract_global,0.0498691987991,0.999115746376,0.99500923773,within_noise,within_noise,1.0007563236076238,1,1
adaptive_racing_net_log19,Ascend910B3,20,external_v3_fp32_tn,704,1088,1408,fp32,1,0,18:128:368:1408:32:32:16:32:32:4:4:0:8:8:2:2:2:2:1:4:3:0:0,contract_global,0.0499787998199,1.00131157282,0.997196039024,within_noise,within_noise,1.0013024635474208,1,1
adaptive_racing_net_log19,Ascend910B3,20,external_v3_fp32_tn,704,1088,1408,fp32,1,0,17:704:64:1408:16:16:192:8:16:1:2:0:4:4:1:1:1:1:17:1:1:0:0,contract_global,0.050841999054,1.01860553318,1.01441891873,regressed,regressed,1.0038257023913018,1,1
adaptive_racing_net_log19,Ascend910B3,20,external_v3_fp32_tn,704,1088,1408,fp32,1,0,20:176:224:512:32:32:64:32:32:4:4:1:8:8:2:2:2:4:1:1:5:0:2,contract_global,0.0498788022995,0.999308149878,0.995200850423,within_noise,within_noise,1.0029792088934424,1,1
adaptive_racing_net_log19,Ascend910B3,20,external_v3_fp32_tn,704,1088,1408,fp32,1,0,16:96:544:1408:64:16:16:1:1:1:1:1:1:1:2:2:2:8:2:1:1:0:0,contract_global,0.0506935977936,1.01563235455,1.01145796029,regressed,regressed,1.0004920766446739,1,1
adaptive_racing_net_log19,Ascend910B3,20,external_v3_fp32_tn,704,1088,1408,fp32,1,0,16:96:544:768:16:16:48:48:64:3:2:0:16:16:2:1:1:2:1:5:2:0:2,contract_global,0.0499455976486,1.00064637641,0.996533576659,within_noise,within_noise,1.001333259951597,1,1
adaptive_racing_net_log19,Ascend910B3,20,external_v3_fp32_tn,704,1088,1408,fp32,1,0,11:64:1088:1408:64:16:48:4:4:1:1:0:4:4:1:2:1:3:1:5:1:0:0,contract_global,0.0498831987381,0.998476060546,0.999182730426,within_noise,within_noise,1.0018021345586436,1,1
adaptive_racing_net_log19,Ascend910B3,20,external_v3_fp32_tn,704,1088,1408,fp32,1,0,20:128:192:1408:128:48:64:8:16:1:4:0:4:4:2:2:1:6:2:1:5:0:0,contract_global,0.0498988008499,0.99878835678,0.999495247694,within_noise,within_noise,1.0028206847319405,1,1
adaptive_racing_net_log19,Ascend910B3,20,external_v3_fp32_tn,704,1088,1408,fp32,1,0,4:704:272:1408:96:272:32:16:4:4:1:0:4:4:2:1:1:1:1:1:4:0:0,contract_global,0.0499855995178,1.0005257432,1.00123386374,within_noise,within_noise,1.0016388935667233,1,1
adaptive_racing_net_log19,Ascend910B3,20,external_v3_fp32_tn,704,1088,1408,fp32,1,0,4:352:544:1408:352:32:16:4:4:1:2:1:2:2:1:2:1:1:2:2:1:0:0,contract_global,0.0507323980331,1.0154738712,1.01619257125,regressed,regressed,1.001582536558115,1,1
adaptive_racing_net_log19,Ascend910B3,20,external_v3_fp32_tn,704,1088,1408,fp32,1,0,3:256:1088:1408:256:32:16:16:16:1:1:1:8:8:2:2:2:1:1:3:1:0:0,contract_global,0.0498704004288,0.998619645921,0.99892637458,within_noise,within_noise,1.0031834381266616,1,1
adaptive_racing_net_log19,Ascend910B3,20,external_v3_fp32_tn,704,1088,1408,fp32,1,0,20:176:128:256:16:16:256:4:6:2:3:0:1:1:1:1:1:1:1:4:9:2:2,contract_global,0.0498788022995,0.99878788747,0.999094667799,within_noise,within_noise,1.0007380594896789,1,1
adaptive_racing_net_log19,Ascend910B3,20,external_v3_fp32_tn,704,1088,1408,fp32,1,0,15:240:256:64:48:64:64:4:8:4:4:0:1:1:1:1:1:1:1:3:5:0:2,contract_global,0.050783200264,1.01689781976,1.01721016261,regressed,regressed,1.0016536669813334,1,1
adaptive_racing_net_log19,Ascend910B3,20,external_v3_fp32_tn,704,1088,1408,fp32,1,0,20:96:48:1408:48:16:160:2:3:2:3:1:1:1:2:2:2:8:2:1:22:0:0,contract_global,0.0501263999939,1.00374585692,1.00405416011,within_noise,within_noise,1.0012414802318708,1,1
adaptive_racing_net_log19,Ascend910B3,20,external_v3_fp32_tn,704,1088,1408,fp32,1,0,20:176:32:512:64:32:32:32:16:1:1:0:16:16:2:2:2:4:2:1:25:0:2,contract_global,0.050698800087,1.01557382863,1.01239669048,regressed,within_noise,1.0025721754639532,1,1
adaptive_racing_net_log19,Ascend910B3,20,external_v3_fp32_tn,704,1088,1408,fp32,1,0,20:224:32:1408:224:16:16:2:2:1:1:0:1:1:2:2:1:2:9:2:4:1:0,contract_global,0.0499043989182,0.999660768847,0.996533413376,within_noise,within_noise,1.0031857541008333,1,1
adaptive_racing_net_log19,Ascend910B3,20,external_v3_fp32_tn,704,1088,1408,fp32,1,0,1:1008:1088:1408:1008:16:16:4:16:1:4:0:4:4:1:1:1:1:1:1:1:0:0,contract_global,0.0506979990005,1.01555778165,1.0123806937,regressed,within_noise,1.0014191548549702,1,1
adaptive_racing_net_log19,Ascend910B3,20,external_v3_fp32_tn,704,1088,1408,fp32,1,0,20:352:16:1408:208:16:16:4:8:1:1:1:4:4:2:1:1:1:4:2:17:2:0,contract_global,0.0499480009079,1.0005341828,0.997404094932,within_noise,within_noise,1.0028651403760467,1,1
adaptive_racing_net_log19,Ascend910B3,20,external_v3_fp32_tn,704,1088,1408,fp32,1,0,4:704:384:192:128:128:64:6:9:1:3:0:3:3:2:2:2:1:1:1:3:1:3,contract_global,0.0498808002472,0.999188051686,0.996062175078,within_noise,within_noise,0.9999956428794015,1,1
adaptive_racing_net_log19,Ascend910B3,20,external_v3_fp32_tn,704,1088,1408,fp32,1,0,20:32:144:512:32:96:32:32:32:1:1:0:16:16:2:1:1:1:2:22:6:1:2,contract_global,0.0500360012054,1.00229696218,0.999161359598,within_noise,within_noise,1.0028220891099495,1,1
adaptive_racing_net_log19,Ascend910B3,20,external_v3_fp32_tn,704,1088,1408,fp32,1,0,2:384:1088:192:128:128:64:9:6:3:1:1:3:3:2:2:2:1:1:2:1:0:3,contract_global,0.0498859977722,0.999292165994,0.996165963671,within_noise,within_noise,1.000465321807161,1,1
adaptive_racing_net_log19,Ascend910B3,20,external_v3_fp32_tn,704,1088,1408,fp32,1,0,2:704:384:192:128:128:64:6:9:1:3:0:3:3:2:2:2:1:1:1:3:1:3,contract_global,0.0505363988876,1.01232068639,1.00915372543,regressed,within_noise,0.9999790801460785,1,1
adaptive_racing_net_log19,Ascend910B3,20,external_v3_fp32_tt,448,704,896,fp32,1,1,20:112:144:896:80:64:128:7:7:1:1:0:7:7:1:1:1:2:3:2:2:0:0,contract_global,0.0264768004417,0.977075813467,0.975515860117,improved,improved,1.0019955028958654,1,1
adaptive_racing_net_log19,Ascend910B3,20,external_v3_fp32_tt,448,704,896,fp32,1,1,20:112:144:896:32:64:16:8:4:2:2:1:2:2:1:2:1:1:2:4:4:0:0,contract_global,0.0271339988708,1.00132846783,0.999729793831,within_noise,within_noise,1.0034651202537224,1,1
adaptive_racing_net_log19,Ascend910B3,20,external_v3_fp32_tt,448,704,896,fp32,1,1,18:224:80:896:16:80:32:16:2:4:1:0:2:2:2:1:1:2:3:1:3:0:0,contract_global,0.0263387989998,0.971983133501,0.970431310884,improved,improved,1.0023923543374453,1,1
adaptive_racing_net_log19,Ascend910B3,20,external_v3_fp32_tt,448,704,896,fp32,1,1,20:112:144:512:48:32:32:32:16:1:1:0:16:16:2:1:1:4:1:1:5:0:2,contract_global,0.0269512009621,0.994582659708,0.992994755754,within_noise,within_noise,1.0036574524201864,1,1
adaptive_racing_net_log19,Ascend910B3,20,external_v3_fp32_tt,448,704,896,fp32,1,1,15:96:240:896:16:96:32:32:8:4:1:1:4:4:2:1:1:1:1:5:3:0:0,contract_global,0.0263411998749,0.996087388788,0.970519769148,within_noise,improved,1.0031755063206667,1,1
adaptive_racing_net_log19,Ascend910B3,20,external_v3_fp32_tt,448,704,896,fp32,1,1,15:160:144:896:160:16:16:16:32:1:2:1:8:8:1:2:1:2:2:2:4:0:0,contract_global,0.0264364004135,0.999687378783,0.974027354422,within_noise,improved,1.0048417014102546,1,1
adaptive_racing_net_log19,Ascend910B3,20,external_v3_fp32_tt,448,704,896,fp32,1,1,14:64:352:896:32:32:32:16:16:2:4:1:4:4:1:1:1:4:1:2:2:0:0,contract_global,0.0269704008102,1.01988050071,0.993702158313,regressed,within_noise,1.0030424265342794,1,1
adaptive_racing_net_log19,Ascend910B3,20,external_v3_fp32_tt,448,704,896,fp32,1,1,15:448:48:896:16:48:80:4:2:1:1:1:2:2:2:2:1:1:3:1:6:0:0,contract_global,0.026458799839,1.00053440873,0.974852642765,within_noise,improved,1.0046039622922396,1,1
adaptive_racing_net_log19,Ascend910B3,20,external_v3_template_al1,24,336,4608,fp32,0,1,14:16:48:4608:16:16:256:1:1:1:1:0:1:1:1:2:1:2:1:1:7:0:0,contract_global,0.0626579999924,1.0111130469,1.00225004738,within_noise,within_noise,1.0022561399087102,1,1
adaptive_racing_net_log19,Ascend910B3,20,external_v3_template_al1,24,336,4608,fp32,0,1,12:16:64:4608:16:32:224:4:16:1:2:0:4:4:1:2:1:2:1:1:6:0:0,contract_global,0.0617695999146,0.996776922072,0.988039587103,within_noise,improved,1.0028545787499081,1,1
adaptive_racing_net_log19,Ascend910B3,20,external_v3_template_al1,24,336,4608,fp32,0,1,20:16:32:4608:16:16:384:2:4:1:1:1:2:2:1:2:1:2:2:1:8:0:0,contract_global,0.0618620014191,0.998268006486,0.989517601278,within_noise,improved,1.000096649547779,1,1
adaptive_racing_net_log19,Ascend910B3,20,external_v3_template_al1,24,336,4608,fp32,0,1,20:32:16:4608:32:16:224:2:4:1:1:0:2:2:2:2:2:1:1:1:21:0:0,contract_global,0.0625439977646,1.00927339132,1.00042651746,within_noise,within_noise,1.0031515208513733,1,1
adaptive_racing_net_log19,Ascend910B3,20,external_v3_template_al1,24,336,4608,fp32,0,1,20:16:32:4608:16:32:384:4:8:1:1:1:4:4:2:1:1:2:2:1:10:0:0,contract_global,0.0625691986084,1.01305856675,1.00082961917,regressed,within_noise,1.0025089898470714,1,1
adaptive_racing_net_log19,Ascend910B3,20,external_v3_template_al1,24,336,4608,fp32,0,1,20:32:16:4608:32:16:320:1:1:1:1:0:1:1:1:2:1:1:3:1:8:0:0,contract_global,0.0619080018997,1.00235312374,0.990253404908,within_noise,within_noise,1.0021479675570932,1,1
adaptive_racing_net_log19,Ascend910B3,20,external_v3_template_al1,24,336,4608,fp32,0,1,20:32:16:4608:32:16:128:4:2:1:1:0:2:2:2:2:1:1:6:1:4:0:0,contract_global,0.0627720022202,1.01634216221,1.00407357731,within_noise,within_noise,1.0013569486817755,1,1
adaptive_racing_net_log19,Ascend910B3,20,external_v3_template_al1,24,336,4608,fp32,0,1,20:32:16:4608:16:16:160:4:4:1:1:0:2:2:2:1:1:1:6:1:4:0:0,contract_global,0.062638001442,1.01417255417,1.00193015929,within_noise,within_noise,1.0001612341771344,1,1
adaptive_racing_net_log19,Ascend910B3,20,external_v3_template_al1,24,336,4608,fp32,0,1,20:32:16:4608:32:16:160:4:8:1:1:0:4:4:1:2:1:1:3:1:10:0:0,contract_global,0.0626420021057,1.01423732896,0.999415035364,regressed,within_noise,1.001860936715636,1,1
adaptive_racing_net_log19,Ascend910B3,20,external_v3_template_al1,24,336,4608,fp32,0,1,20:32:16:4608:32:16:128:8:4:1:1:1:4:4:1:1:1:1:6:1:4:0:0,contract_global,0.0619755983353,1.00344757836,0.988782968611,within_noise,improved,1.003225904869428,1,1
adaptive_racing_net_log19,Ascend910B3,20,external_v3_template_al1,24,336,4608,fp32,0,1,10:16:80:1280:16:16:80:16:16:1:1:0:16:16:1:2:1:2:1:1:5:1:2,contract_global,0.0619375991821,1.00283233366,0.988176715235,within_noise,improved,1.0015954908763998,1,1
adaptive_racing_net_log19,Ascend910B3,20,external_v3_template_al1,24,336,4608,fp32,0,1,11:32:32:512:32:16:32:32:32:1:1:0:16:16:2:2:1:1:1:1:11:2:2,contract_global,0.0618843984604,1.0019709602,0.987327930091,within_noise,improved,1.000352822481339,1,1
adaptive_racing_net_log19,Ascend910B3,20,external_v3_template_al1,24,336,4608,fp32,0,1,11:32:32:512:32:16:32:16:16:1:1:0:16:16:2:2:1:1:1:1:11:0:2,contract_global,0.0617136001587,0.999205563062,0.99774089531,within_noise,within_noise,1.0010634372413143,1,1
adaptive_racing_net_log19,Ascend910B3,20,external_v3_template_al1,24,336,4608,fp32,0,1,20:48:16:4608:48:16:16:2:1:1:1:1:1:1:2:1:1:1:4:1:6:0:0,contract_global,0.0625176000595,1.0122231341,1.01073938476,regressed,regressed,1.004481356043743,1,1
adaptive_racing_net_log19,Ascend910B3,20,external_v3_template_al1,24,336,4608,fp32,0,1,4:16:176:4608:16:16:48:8:4:1:1:0:4:4:2:2:1:2:1:1:2:0:0,contract_global,0.0618959999084,1.00215879937,1.00068980266,within_noise,within_noise,1.001835851549113,1,1
adaptive_racing_net_log19,Ascend910B3,20,external_v3_template_al1,24,336,4608,fp32,0,1,20:48:16:4608:48:16:8:2:2:1:1:0:2:2:2:2:2:1:3:1:9:0:0,contract_global,0.0625324010849,1.01246277766,1.01097867704,regressed,regressed,1.0081961039270453,1,1
adaptive_racing_net_log19,Ascend910B3,20,external_v3_template_al1,24,336,4608,fp32,0,1,20:96:16:4608:96:16:48:4:2:1:1:0:2:2:1:2:1:1:3:1:7:0:0,contract_global,0.0626064014435,1.011063508,1.01217506137,within_noise,within_noise,1.0076830625153221,1,1
adaptive_racing_net_log19,Ascend910B3,20,external_v3_template_al1,24,336,4608,fp32,0,1,3:64:112:4608:64:64:32:1:2:1:1:0:1:1:1:1:1:1:3:1:1:0:0,contract_global,0.0624968004227,1.00929350381,1.01040311126,within_noise,regressed,1.003480782504347,1,1
adaptive_racing_net_log19,Ascend910B3,20,external_v3_template_al1,24,336,4608,fp32,0,1,2:16:336:240:16:16:40:6:12:1:1:0:6:6:1:2:1:2:1:1:1:0:2,contract_global,0.0618311977386,0.998544338081,0.999642128008,within_noise,within_noise,1.0010944831450668,1,1
adaptive_racing_net_log19,Ascend910B3,20,external_v3_template_al1,24,336,4608,fp32,0,1,16:384:336:192:128:128:64:9:6:3:1:1:3:3:2:2:2:1:1:1:1:0:3,contract_global,0.0624976015091,1.00930644097,1.01041606265,within_noise,regressed,1.000967457796314,1,1
adaptive_racing_net_log19,Ascend910B3,20,external_v3_template_al1,24,336,4608,fp32,0,1,8:128:384:192:128:128:64:6:9:1:3:0:3:3:2:2:2:1:1:1:1:1:3,contract_global,0.0625103998184,1.00851419266,1.01157151763,within_noise,regressed,1.001537004121615,1,1
adaptive_racing_net_log19,Ascend910B3,20,external_v3_template_al1,24,336,4608,fp32,0,1,3:48:112:40:16:32:40:6:4:3:2:1:1:1:2:1:1:1:1:1:3:0:2,contract_global,0.0619871997833,1.00007312265,1.0031048584,within_noise,within_noise,1.003126181612623,1,1
adaptive_racing_net_log19,Ascend910B3,20,external_v3_template_al1,24,336,4608,fp32,0,1,8:384:336:192:128:128:64:9:6:3:1:1:3:3:2:2:2:1:1:1:1:0:3,contract_global,0.0625555992126,1.00924341901,1.01230295464,within_noise,regressed,1.0011828907967735,1,1
adaptive_racing_net_log19,Ascend910B3,20,external_v3_template_al1,24,336,4608,fp32,0,1,2:128:176:8:32:16:8:4:4:4:4:0:1:1:2:2:2:1:1:1:2:0:2,contract_global,0.062806801796,1.01329620657,1.01636802828,regressed,regressed,1.0030050056586293,1,1
adaptive_racing_net_log19,Ascend910B3,20,external_v3_template_bl1,40960,192,160,fp16,0,0,20:2048:192:160:288:48:16:20:80:1:4:1:10:10:1:2:2:2:1:11:1:0:20,runtime_rejected,,1,1,runtime_rejected,runtime_rejected,,0,0
adaptive_racing_net_log19,Ascend910B3,20,external_v3_template_bl1,40960,192,160,fp16,0,0,18:2288:192:160:128:112:32:10:20:1:2:1:5:5:1:1:1:3:1:8:1:2:20,runtime_rejected,,1,1,runtime_rejected,runtime_rejected,,0,0
adaptive_racing_net_log19,Ascend910B3,20,external_v3_template_bl1,40960,192,160,fp16,0,0,20:2048:192:128:80:48:32:32:16:4:4:1:4:4:1:1:1:5:1:4:1:0:2,contract_global,0.224224395752,4.57494988287,4.50430693256,regressed,regressed,1.0008565300828451,1,1
adaptive_racing_net_log19,Ascend910B3,20,external_v3_template_bl1,40960,192,160,fp16,0,0,19:2160:192:80:32:32:80:2:6:2:3:0:1:1:2:2:2:1:1:19:1:2:2,contract_global,0.394367980957,8.04646498092,7.92221749396,regressed,regressed,1.0001789864037924,1,1
adaptive_racing_net_log19,Ascend910B3,20,external_v3_template_bl1,40960,192,160,fp16,0,0,13:3152:192:160:16:16:80:2:24:1:12:0:2:2:1:2:1:5:1:3:1:2:20,contract_global,0.809972381592,16.5262260597,16.2710404519,regressed,regressed,1.0006470621208186,1,1
adaptive_racing_net_log19,Ascend910B3,20,external_v3_template_bl1,40960,192,160,fp16,0,0,17:2416:192:160:64:16:112:4:48:1:12:0:2:2:2:2:2:1:1:17:1:0:20,contract_global,0.176292800903,3.59698027566,3.54143839971,regressed,regressed,1.0011784866070377,1,1
adaptive_racing_net_log19,Ascend910B3,20,external_v3_template_bl1,40960,192,160,fp16,0,0,20:2048:192:160:144:16:160:2:4:1:2:0:1:1:1:1:1:3:1:8:1:0:0,runtime_rejected,,1,1,runtime_rejected,runtime_rejected,,0,0
adaptive_racing_net_log19,Ascend910B3,20,external_v3_template_bl1,40960,192,160,fp16,0,0,20:8192:48:160:48:48:16:32:8:4:1:1:4:4:2:1:2:1:2:5:2:0:0,runtime_rejected,,1,1,runtime_rejected,runtime_rejected,,0,0
adaptive_racing_net_log19,Ascend910B3,20,external_v3_template_bl1,40960,192,160,fp16,0,0,20:4096:96:160:16:32:160:2:2:2:1:0:1:1:1:1:1:1:1:10:2:0:0,runtime_rejected,,1,1,runtime_rejected,runtime_rejected,,0,0
adaptive_racing_net_log19,Ascend910B3,20,external_v3_template_bl1,40960,192,160,fp16,0,0,20:1472:192:160:80:48:128:16:16:4:4:0:2:2:2:2:1:1:1:28:1:1:0,runtime_rejected,,1,1,runtime_rejected,runtime_rejected,,0,0
