campaign,soc,aic,workload_id,m,n,k,dtype,trans_a,trans_b,tiling_signature
balanced_racing_net_log21,Ascend910B3,20,external_v4_dense_balanced_aligned,2560,3072,5120,fp16,0,0,14:192:3072:1280:16:16:80:32:48:2:3:1:16:16:2:2:1:14:1:1:1:0:2
balanced_racing_net_log21,Ascend910B3,20,external_v4_dense_balanced_aligned,2560,3072,5120,fp16,0,0,16:160:3072:1280:16:16:160:32:32:4:4:1:8:8:1:1:1:16:1:1:1:2:2
balanced_racing_net_log21,Ascend910B3,20,external_v4_dense_balanced_aligned,2560,3072,5120,fp16,0,0,13:208:3072:1280:16:16:80:32:32:1:1:0:16:16:1:2:1:13:1:1:1:1:2
balanced_racing_net_log21,Ascend910B3,20,external_v4_dense_balanced_aligned,2560,3072,5120,fp16,0,0,13:208:3072:1280:16:16:80:16:32:1:1:0:16:16:1:2:1:13:1:1:1:0:2
balanced_racing_net_log21,Ascend910B3,20,external_v4_dense_balanced_aligned,2560,3072,5120,fp16,0,0,13:208:3072:1280:16:16:80:32:16:1:1:0:16:16:1:2:1:13:1:1:1:0:2
balanced_racing_net_log21,Ascend910B3,20,external_v4_dense_balanced_aligned,2560,3072,5120,fp16,0,0,14:384:3072:384:128:128:128:9:6:3:1:1:3:3:2:2:2:1:1:7:1:0:3
balanced_racing_net_log21,Ascend910B3,20,external_v4_dense_balanced_aligned,2560,3072,5120,fp16,0,0,14:2560:384:384:128:128:128:6:9:1:3:0:3:3:2:2:2:1:1:1:8:1:3
balanced_racing_net_log21,Ascend910B3,20,external_v4_dense_balanced_aligned,2560,3072,5120,fp16,0,0,7:2560:448:5120:48:448:32:4:1:4:1:0:1:1:1:2:1:1:4:1:2:2:0
balanced_racing_net_log21,Ascend910B3,20,external_v4_dense_balanced_aligned,2560,3072,5120,fp16,0,0,13:208:3072:5120:16:48:160:4:32:1:4:1:4:4:2:1:1:1:1:13:1:0:0
balanced_racing_net_log21,Ascend910B3,20,external_v4_dense_balanced_aligned,2560,3072,5120,fp16,0,0,8:384:3072:384:128:128:128:9:6:3:1:1:3:3:2:2:2:1:1:7:1:0:3
balanced_racing_net_log21,Ascend910B3,20,external_v4_dense_balanced_aligned,2560,3072,5120,fp16,0,0,8:2560:384:384:128:128:128:6:9:1:3:0:3:3:2:2:2:1:1:1:8:1:3
balanced_racing_net_log21,Ascend910B3,20,external_v4_dense_balanced_aligned,2560,3072,5120,fp16,0,0,20:256:1024:5120:32:128:64:64:16:4:1:1:8:8:2:1:1:10:3:1:1:1:0
balanced_racing_net_log21,Ascend910B3,20,external_v4_dense_balanced_aligned,2560,3072,5120,fp16,0,0,20:288:208:5120:96:160:160:4:4:1:1:0:2:2:2:1:1:1:5:9:3:1:0
balanced_racing_net_log21,Ascend910B3,20,external_v4_dense_balanced_aligned,2560,3072,5120,fp16,0,0,20:112:512:5120:16:48:640:4:4:2:4:0:1:1:2:1:1:8:2:3:4:2:0
balanced_racing_net_log21,Ascend910B3,20,external_v4_dense_balanced_aligned,2560,3072,5120,fp16,0,0,4:384:3072:384:128:128:128:9:6:3:1:1:3:3:2:2:2:1:1:7:1:0:3
balanced_racing_net_log21,Ascend910B3,20,external_v4_dense_balanced_aligned,2560,3072,5120,fp16,0,0,20:144:288:5120:96:32:160:4:32:1:4:0:4:4:2:2:1:18:11:1:1:1:0
balanced_racing_net_log21,Ascend910B3,20,external_v4_dense_balanced_odd,2113,2801,4867,fp16,0,0,15:432:944:1024:48:16:128:24:16:3:2:0:8:8:1:2:1:1:1:5:3:1:2
balanced_racing_net_log21,Ascend910B3,20,external_v4_dense_balanced_odd,2113,2801,4867,fp16,0,0,12:2128:240:4867:64:240:80:4:8:1:1:0:4:4:2:1:1:1:6:1:2:2:0
balanced_racing_net_log21,Ascend910B3,20,external_v4_dense_balanced_odd,2113,2801,4867,fp16,0,0,13:176:2816:1280:16:16:80:16:16:1:1:0:16:16:1:2:1:7:1:2:1:2:2
balanced_racing_net_log21,Ascend910B3,20,external_v4_dense_balanced_odd,2113,2801,4867,fp16,0,0,11:208:2816:1024:32:32:64:96:32:3:2:0:16:16:1:1:1:6:1:2:1:1:2
balanced_racing_net_log21,Ascend910B3,20,external_v4_dense_balanced_odd,2113,2801,4867,fp16,0,0,14:160:2816:640:16:16:80:16:24:2:3:1:8:8:2:2:1:14:1:1:1:0:2
balanced_racing_net_log21,Ascend910B3,20,external_v4_dense_balanced_odd,2113,2801,4867,fp16,0,0,13:176:2816:640:16:16:80:16:16:1:1:0:8:8:1:2:1:13:1:1:1:1:2
balanced_racing_net_log21,Ascend910B3,20,external_v4_dense_balanced_odd,2113,2801,4867,fp16,0,0,13:384:2816:384:128:128:128:9:6:3:1:1:3:3:2:2:2:1:1:6:1:0:3
balanced_racing_net_log21,Ascend910B3,20,external_v4_dense_balanced_odd,2113,2801,4867,fp16,0,0,13:2128:384:384:128:128:128:6:9:1:3:0:3:3:2:2:2:1:1:1:8:1:3
balanced_racing_net_log21,Ascend910B3,20,external_v4_dense_balanced_odd,2113,2801,4867,fp16,0,0,12:192:2816:4867:16:608:16:8:1:4:1:0:1:1:2:2:2:1:1:12:1:0:0
balanced_racing_net_log21,Ascend910B3,20,external_v4_dense_balanced_odd,2113,2801,4867,fp16,0,0,8:384:2816:384:128:128:128:9:6:3:1:1:3:3:2:2:2:1:1:6:1:0:3
balanced_racing_net_log21,Ascend910B3,20,external_v4_dense_balanced_odd,2113,2801,4867,fp16,0,0,20:96:576:4867:16:32:16:1:2:1:2:0:1:1:2:2:2:1:3:23:2:2:0
balanced_racing_net_log21,Ascend910B3,20,external_v4_dense_balanced_odd,2113,2801,4867,fp16,0,0,14:160:2816:4867:128:48:16:1:8:1:4:1:1:1:2:2:2:14:1:1:1:0:0
balanced_racing_net_log21,Ascend910B3,20,external_v4_dense_balanced_odd,2113,2801,4867,fp16,0,0,14:160:2816:4867:48:112:64:4:4:1:1:1:2:2:2:2:1:7:1:2:1:0:0
balanced_racing_net_log21,Ascend910B3,20,external_v4_dense_balanced_odd,2113,2801,4867,fp16,0,0,4:384:2816:384:128:128:128:9:6:3:1:1:3:3:2:2:2:1:1:6:1:0:3
balanced_racing_net_log21,Ascend910B3,20,external_v4_dense_balanced_odd,2113,2801,4867,fp16,0,0,4:2128:384:384:128:128:128:6:9:1:3:0:3:3:2:2:2:1:1:1:8:1:3
balanced_racing_net_log21,Ascend910B3,20,external_v4_dense_balanced_odd,2113,2801,4867,fp16,0,0,20:96:352:4867:16:32:1024:8:4:2:1:0:2:2:1:1:1:23:1:1:8:1:0
balanced_racing_net_log21,Ascend910B3,20,external_v4_dense_tall,4864,1280,5632,fp16,0,0,20:496:640:5632:16:32:320:4:1:2:1:0:1:1:2:2:1:4:1:3:2:0:0
balanced_racing_net_log21,Ascend910B3,20,external_v4_dense_tall,4864,1280,5632,fp16,0,0,14:704:640:5632:272:16:64:8:4:1:1:0:4:4:1:2:1:1:1:7:2:0:0
balanced_racing_net_log21,Ascend910B3,20,external_v4_dense_tall,4864,1280,5632,fp16,0,0,14:352:1280:5632:64:112:128:2:2:1:1:0:2:2:1:1:1:7:1:2:1:0:0
balanced_racing_net_log21,Ascend910B3,20,external_v4_dense_tall,4864,1280,5632,fp16,0,0,14:704:640:5632:384:32:48:4:8:1:1:1:4:4:1:2:1:7:2:1:1:0:0
balanced_racing_net_log21,Ascend910B3,20,external_v4_dense_tall,4864,1280,5632,fp16,0,0,14:704:640:5632:64:240:48:2:2:1:1:0:2:2:1:1:1:3:1:3:2:0:0
balanced_racing_net_log21,Ascend910B3,20,external_v4_dense_tall,4864,1280,5632,fp16,0,0,14:704:640:5632:32:240:48:32:4:4:1:1:4:4:2:1:1:7:2:1:1:0:0
balanced_racing_net_log21,Ascend910B3,20,external_v4_dense_tall,4864,1280,5632,fp16,0,0,15:336:1280:1280:16:16:160:32:32:4:4:1:8:8:1:1:1:5:1:3:1:2:2
balanced_racing_net_log21,Ascend910B3,20,external_v4_dense_tall,4864,1280,5632,fp16,0,0,12:416:1280:1280:16:16:80:64:64:4:4:1:16:16:2:1:1:1:1:12:1:1:2
balanced_racing_net_log21,Ascend910B3,20,external_v4_dense_tall,4864,1280,5632,fp16,0,0,11:448:1280:1024:32:32:64:96:32:3:2:0:16:16:1:1:1:1:1:11:1:1:2
balanced_racing_net_log21,Ascend910B3,20,external_v4_dense_tall,4864,1280,5632,fp16,0,0,6:4864:240:5632:32:240:32:2:4:1:1:1:2:2:2:1:1:1:3:1:2:0:0
balanced_racing_net_log21,Ascend910B3,20,external_v4_dense_tall,4864,1280,5632,fp16,0,0,15:4864:384:384:128:128:128:6:9:1:3:0:3:3:2:2:2:1:1:1:4:1:3
balanced_racing_net_log21,Ascend910B3,20,external_v4_dense_tall,4864,1280,5632,fp16,0,0,6:2432:448:192:32:112:48:32:32:4:4:1:4:4:2:1:1:2:2:1:2:1:2
balanced_racing_net_log21,Ascend910B3,20,external_v4_dense_tall,4864,1280,5632,fp16,0,0,15:384:1280:384:128:128:128:9:6:3:1:1:3:3:2:2:2:1:1:13:1:0:3
balanced_racing_net_log21,Ascend910B3,20,external_v4_dense_tall,4864,1280,5632,fp16,0,0,8:4864:384:384:128:128:128:6:9:1:3:0:3:3:2:2:2:1:1:1:4:1:3
balanced_racing_net_log21,Ascend910B3,20,external_v4_dense_tall,4864,1280,5632,fp16,0,0,20:128:1280:48:64:16:48:1:2:1:1:1:1:1:1:2:1:13:1:3:1:0:2
balanced_racing_net_log21,Ascend910B3,20,external_v4_dense_tall,4864,1280,5632,fp16,0,0,20:608:64:128:192:16:16:48:16:3:2:0:8:8:1:2:1:1:7:8:3:2:2
balanced_racing_net_log21,Ascend910B3,20,external_v4_dense_wide,1280,4864,5632,fp16,0,0,20:256:1216:5632:48:48:16:64:8:4:1:1:8:8:2:1:1:1:2:5:2:1:0
balanced_racing_net_log21,Ascend910B3,20,external_v4_dense_wide,1280,4864,5632,fp16,0,0,14:192:2432:5632:48:48:32:8:4:4:1:1:2:2:2:1:1:4:1:2:2:2:0
balanced_racing_net_log21,Ascend910B3,20,external_v4_dense_wide,1280,4864,5632,fp16,0,0,14:96:4864:5632:48:16:128:4:4:1:2:1:2:2:2:2:1:14:1:1:1:0:0
balanced_racing_net_log21,Ascend910B3,20,external_v4_dense_wide,1280,4864,5632,fp16,0,0,20:256:976:5632:128:32:32:16:16:2:2:1:4:4:1:2:1:2:1:3:5:0:0
balanced_racing_net_log21,Ascend910B3,20,external_v4_dense_wide,1280,4864,5632,fp16,0,0,10:128:4864:5632:32:272:64:2:2:2:1:1:1:1:2:1:1:10:1:1:1:0:0
balanced_racing_net_log21,Ascend910B3,20,external_v4_dense_wide,1280,4864,5632,fp16,0,0,14:96:4864:5632:16:96:16:16:16:2:2:1:8:8:2:2:1:14:1:1:1:0:0
balanced_racing_net_log21,Ascend910B3,20,external_v4_dense_wide,1280,4864,5632,fp16,0,0,16:320:1216:2048:48:16:128:16:32:1:1:0:16:16:1:1:1:4:1:1:4:0:2
balanced_racing_net_log21,Ascend910B3,20,external_v4_dense_wide,1280,4864,5632,fp16,0,0,16:320:1216:2048:48:16:128:16:16:1:1:0:16:16:1:1:1:2:1:3:4:2:2
balanced_racing_net_log21,Ascend910B3,20,external_v4_dense_wide,1280,4864,5632,fp16,0,0,14:192:2432:640:32:64:80:24:16:3:2:0:8:8:2:1:1:7:2:1:1:1:2
balanced_racing_net_log21,Ascend910B3,20,external_v4_dense_wide,1280,4864,5632,fp16,0,0,15:384:4864:384:128:128:128:9:6:3:1:1:3:3:2:2:2:1:1:4:1:0:3
balanced_racing_net_log21,Ascend910B3,20,external_v4_dense_wide,1280,4864,5632,fp16,0,0,20:48:976:5632:16:16:2048:2:2:1:2:0:1:1:1:1:1:9:2:3:4:2:0
balanced_racing_net_log21,Ascend910B3,20,external_v4_dense_wide,1280,4864,5632,fp16,0,0,15:1280:384:384:128:128:128:6:9:1:3:0:3:3:2:2:2:1:1:1:13:1:3
balanced_racing_net_log21,Ascend910B3,20,external_v4_dense_wide,1280,4864,5632,fp16,0,0,8:384:4864:384:128:128:128:9:6:3:1:1:3:3:2:2:2:1:1:4:1:0:3
balanced_racing_net_log21,Ascend910B3,20,external_v4_dense_wide,1280,4864,5632,fp16,0,0,14:96:4864:160:16:16:80:16:16:4:4:1:2:2:2:1:1:14:1:1:1:0:2
balanced_racing_net_log21,Ascend910B3,20,external_v4_dense_wide,1280,4864,5632,fp16,0,0,20:48:816:1792:16:48:112:32:32:1:1:0:16:16:2:1:1:1:6:27:1:2:2
balanced_racing_net_log21,Ascend910B3,20,external_v4_dense_wide,1280,4864,5632,fp16,0,0,20:32:976:384:16:48:128:6:18:2:3:0:3:3:2:1:1:14:2:3:4:0:2
balanced_racing_net_log21,Ascend910B3,20,external_v4_dense_large,5632,6144,7680,fp16,0,0,16:352:6144:1280:16:16:160:32:32:4:4:1:8:8:1:1:1:16:1:1:1:2:2
balanced_racing_net_log21,Ascend910B3,20,external_v4_dense_large,5632,6144,7680,fp16,0,0,20:704:2048:1280:32:16:80:64:64:4:4:1:16:16:1:2:1:4:2:2:2:2:2
balanced_racing_net_log21,Ascend910B3,20,external_v4_dense_large,5632,6144,7680,fp16,0,0,11:512:6144:1024:32:32:64:96:32:3:2:0:16:16:1:1:1:1:1:11:1:1:2
balanced_racing_net_log21,Ascend910B3,20,external_v4_dense_large,5632,6144,7680,fp16,0,0,12:480:6144:640:16:16:80:32:32:4:4:1:8:8:2:1:1:1:1:12:1:1:2
balanced_racing_net_log21,Ascend910B3,20,external_v4_dense_large,5632,6144,7680,fp16,0,0,20:1136:688:1280:16:16:160:32:64:4:4:1:8:8:2:1:1:5:2:1:6:2:2
balanced_racing_net_log21,Ascend910B3,20,external_v4_dense_large,5632,6144,7680,fp16,0,0,20:1136:688:1280:16:16:160:64:32:4:4:1:8:8:2:1:1:5:2:1:6:2:2
balanced_racing_net_log21,Ascend910B3,20,external_v4_dense_large,5632,6144,7680,fp16,0,0,20:5632:384:384:128:128:128:6:9:1:3:0:3:3:2:2:2:1:1:1:16:1:3
balanced_racing_net_log21,Ascend910B3,20,external_v4_dense_large,5632,6144,7680,fp16,0,0,20:384:6144:384:128:128:128:9:6:3:1:1:3:3:2:2:2:1:1:15:1:0:3
balanced_racing_net_log21,Ascend910B3,20,external_v4_dense_large,5632,6144,7680,fp16,0,0,20:1888:240:768:48:16:48:64:96:2:3:1:16:16:2:2:1:1:13:3:2:1:2
balanced_racing_net_log21,Ascend910B3,20,external_v4_dense_large,5632,6144,7680,fp16,0,0,20:1888:416:384:48:80:64:24:36:2:3:1:6:6:1:1:1:2:5:2:3:1:2
balanced_racing_net_log21,Ascend910B3,20,external_v4_dense_large,5632,6144,7680,fp16,0,0,16:5632:384:384:128:128:128:6:9:1:3:0:3:3:2:2:2:1:1:1:16:1:3
balanced_racing_net_log21,Ascend910B3,20,external_v4_dense_large,5632,6144,7680,fp16,0,0,16:384:6144:384:128:128:128:9:6:3:1:1:3:3:2:2:2:1:1:15:1:0:3
balanced_racing_net_log21,Ascend910B3,20,external_v4_dense_large,5632,6144,7680,fp16,0,0,8:384:6144:384:128:128:128:9:6:3:1:1:3:3:2:2:2:1:1:15:1:0:3
balanced_racing_net_log21,Ascend910B3,20,external_v4_dense_large,5632,6144,7680,fp16,0,0,8:5632:384:384:128:128:128:6:9:1:3:0:3:3:2:2:2:1:1:1:16:1:3
balanced_racing_net_log21,Ascend910B3,20,external_v4_dense_large,5632,6144,7680,fp16,0,0,20:944:416:256:96:48:16:128:64:4:4:1:16:16:1:1:1:3:4:2:4:2:2
balanced_racing_net_log21,Ascend910B3,20,external_v4_dense_large,5632,6144,7680,fp16,0,0,14:416:6144:7680:48:160:16:8:8:4:2:1:2:2:2:2:2:14:1:1:1:0:0
balanced_racing_net_log21,Ascend910B3,20,external_v4_k_shallow,2304,2560,448,fp16,0,0,20:576:512:448:224:48:112:4:1:2:1:0:1:1:1:1:1:4:1:1:5:0:0
balanced_racing_net_log21,Ascend910B3,20,external_v4_k_shallow,2304,2560,448,fp16,0,0,20:576:512:448:48:48:16:8:32:1:4:0:8:8:1:2:1:1:3:4:2:0:0
balanced_racing_net_log21,Ascend910B3,20,external_v4_k_shallow,2304,2560,448,fp16,0,0,16:576:640:448:48:48:16:8:32:1:2:0:8:8:1:1:1:1:1:4:4:0:0
balanced_racing_net_log21,Ascend910B3,20,external_v4_k_shallow,2304,2560,448,fp16,0,0,14:1152:384:448:48:384:64:2:4:1:1:0:2:2:2:1:1:2:1:1:7:0:0
balanced_racing_net_log21,Ascend910B3,20,external_v4_k_shallow,2304,2560,448,fp16,0,0,14:336:1280:448:48:176:64:16:4:4:1:1:2:2:2:2:2:1:2:7:1:0:0
balanced_racing_net_log21,Ascend910B3,20,external_v4_k_shallow,2304,2560,448,fp16,0,0,14:336:1280:448:16:112:112:8:16:1:2:1:4:4:2:1:1:1:1:7:2:0:0
balanced_racing_net_log21,Ascend910B3,20,external_v4_k_shallow,2304,2560,448,fp16,0,0,20:464:640:416:64:96:32:26:39:2:3:0:13:13:2:1:1:2:1:4:4:1:2
balanced_racing_net_log21,Ascend910B3,20,external_v4_k_shallow,2304,2560,448,fp16,0,0,16:576:640:256:48:48:16:32:32:1:1:0:16:16:1:1:1:4:1:1:4:1:2
balanced_racing_net_log21,Ascend910B3,20,external_v4_k_shallow,2304,2560,448,fp16,0,0,11:224:2560:448:32:64:96:16:8:2:2:1:4:4:2:1:1:11:1:1:1:0:0
balanced_racing_net_log21,Ascend910B3,20,external_v4_k_shallow,2304,2560,448,fp16,0,0,14:176:2560:400:16:16:80:10:10:1:1:1:5:5:1:2:1:14:1:1:1:1:2
balanced_racing_net_log21,Ascend910B3,20,external_v4_k_shallow,2304,2560,448,fp16,0,0,20:2304:128:32:48:32:16:4:4:1:1:0:2:2:2:2:2:1:1:1:20:0:2
balanced_racing_net_log21,Ascend910B3,20,external_v4_k_shallow,2304,2560,448,fp16,0,0,20:112:320:256:96:16:32:16:8:1:1:0:8:8:2:2:2:1:2:21:4:0:2
balanced_racing_net_log21,Ascend910B3,20,external_v4_k_shallow,2304,2560,448,fp16,0,0,20:224:1280:16:48:16:16:1:2:1:1:1:1:1:1:1:1:2:1:8:2:1:2
balanced_racing_net_log21,Ascend910B3,20,external_v4_k_shallow,2304,2560,448,fp16,0,0,2:384:2560:384:128:128:128:9:6:3:1:1:3:3:2:2:2:1:1:6:1:0:3
balanced_racing_net_log21,Ascend910B3,20,external_v4_k_shallow,2304,2560,448,fp16,0,0,2:2304:384:384:128:128:128:6:9:1:3:0:3:3:2:2:2:1:1:1:7:1:3
balanced_racing_net_log21,Ascend910B3,20,external_v4_k_shallow,2304,2560,448,fp16,0,0,1:2304:384:384:128:128:128:6:9:1:3:0:3:3:2:2:2:1:1:1:7:1:3
balanced_racing_net_log21,Ascend910B3,20,external_v4_k_deep,1536,2048,24576,fp16,0,0,16:384:512:2048:32:16:128:48:32:3:2:0:16:16:1:1:1:4:1:1:4:1:2
balanced_racing_net_log21,Ascend910B3,20,external_v4_k_deep,1536,2048,24576,fp16,0,0,14:224:1024:24576:64:16:32:2:2:1:2:0:1:1:1:2:1:1:1:7:2:0:0
balanced_racing_net_log21,Ascend910B3,20,external_v4_k_deep,1536,2048,24576,fp16,0,0,20:384:2048:384:128:128:128:9:6:3:1:1:3:3:2:2:2:1:1:4:1:0:3
balanced_racing_net_log21,Ascend910B3,20,external_v4_k_deep,1536,2048,24576,fp16,0,0,16:384:2048:384:128:128:128:9:6:3:1:1:3:3:2:2:2:1:1:4:1:0:3
balanced_racing_net_log21,Ascend910B3,20,external_v4_k_deep,1536,2048,24576,fp16,0,0,20:1536:384:384:128:128:128:6:9:1:3:0:3:3:2:2:2:1:1:1:6:1:3
balanced_racing_net_log21,Ascend910B3,20,external_v4_k_deep,1536,2048,24576,fp16,0,0,14:112:2048:1280:16:16:80:16:16:1:1:0:16:16:1:2:1:1:1:14:1:2:2
balanced_racing_net_log21,Ascend910B3,20,external_v4_k_deep,1536,2048,24576,fp16,0,0,16:1536:384:384:128:128:128:6:9:1:3:0:3:3:2:2:2:1:1:1:6:1:3
balanced_racing_net_log21,Ascend910B3,20,external_v4_k_deep,1536,2048,24576,fp16,0,0,11:144:2048:1024:32:32:64:96:32:3:2:0:16:16:1:1:1:1:1:11:1:1:2
balanced_racing_net_log21,Ascend910B3,20,external_v4_k_deep,1536,2048,24576,fp16,0,0,12:128:2048:240:16:16:80:12:24:4:4:0:3:3:2:1:1:1:1:12:1:2:2
balanced_racing_net_log21,Ascend910B3,20,external_v4_k_deep,1536,2048,24576,fp16,0,0,11:144:2048:288:96:32:48:6:12:1:1:0:6:6:1:2:1:1:1:11:1:1:2
balanced_racing_net_log21,Ascend910B3,20,external_v4_k_deep,1536,2048,24576,fp16,0,0,8:384:2048:384:128:128:128:9:6:3:1:1:3:3:2:2:2:1:1:4:1:0:3
balanced_racing_net_log21,Ascend910B3,20,external_v4_k_deep,1536,2048,24576,fp16,0,0,6:256:2048:24576:256:32:96:4:8:1:2:1:2:2:1:2:1:6:1:1:1:0:0
balanced_racing_net_log21,Ascend910B3,20,external_v4_k_deep,1536,2048,24576,fp16,0,0,20:48:2048:24576:16:112:16:12:2:3:1:0:2:2:2:2:2:1:1:32:1:0:0
balanced_racing_net_log21,Ascend910B3,20,external_v4_k_deep,1536,2048,24576,fp16,0,0,8:192:2048:24576:192:80:48:4:2:1:1:1:2:2:2:2:2:8:1:1:1:0:0
balanced_racing_net_log21,Ascend910B3,20,external_v4_k_deep,1536,2048,24576,fp16,0,0,3:512:2048:24576:512:16:16:4:8:1:2:1:4:4:2:1:1:3:1:1:1:0:0
balanced_racing_net_log21,Ascend910B3,20,external_v4_k_deep,1536,2048,24576,fp16,0,0,3:672:2048:24576:672:16:16:1:4:1:2:1:1:1:2:2:2:3:1:1:1:0:0
balanced_racing_net_log21,Ascend910B3,20,external_v4_k_low_output_deep_aligned,320,256,28672,fp16,0,0,20:64:64:28672:32:16:896:4:4:2:4:1:1:1:1:1:1:1:1:5:4:0:0
balanced_racing_net_log21,Ascend910B3,20,external_v4_k_low_output_deep_aligned,320,256,28672,fp16,0,0,16:160:32:28672:16:16:2048:2:1:1:1:0:1:1:1:1:1:1:1:2:8:0:0
balanced_racing_net_log21,Ascend910B3,20,external_v4_k_low_output_deep_aligned,320,256,28672,fp16,0,0,20:384:256:384:128:128:128:9:6:3:1:1:3:3:2:2:2:1:1:1:1:0:3
balanced_racing_net_log21,Ascend910B3,20,external_v4_k_low_output_deep_aligned,320,256,28672,fp16,0,0,20:48:48:28672:16:16:448:2:2:1:1:0:2:2:2:2:1:2:1:5:6:1:0
balanced_racing_net_log21,Ascend910B3,20,external_v4_k_low_output_deep_aligned,320,256,28672,fp16,0,0,20:48:32:28672:32:32:512:4:4:1:1:0:2:2:1:2:1:7:2:1:4:0:0
balanced_racing_net_log21,Ascend910B3,20,external_v4_k_low_output_deep_aligned,320,256,28672,fp16,0,0,10:32:256:28672:32:16:48:4:2:1:1:0:2:2:1:2:1:5:1:2:1:0:0
balanced_racing_net_log21,Ascend910B3,20,external_v4_k_low_output_deep_aligned,320,256,28672,fp16,0,0,20:112:16:28672:16:16:896:4:4:1:1:1:2:2:1:2:1:1:6:3:3:0:0
balanced_racing_net_log21,Ascend910B3,20,external_v4_k_low_output_deep_aligned,320,256,28672,fp16,0,0,20:320:384:384:128:128:128:6:9:1:3:0:3:3:2:2:2:1:1:1:1:1:3
balanced_racing_net_log21,Ascend910B3,20,external_v4_k_low_output_deep_aligned,320,256,28672,fp16,0,0,16:384:256:384:128:128:128:9:6:3:1:1:3:3:2:2:2:1:1:1:1:0:3
balanced_racing_net_log21,Ascend910B3,20,external_v4_k_low_output_deep_aligned,320,256,28672,fp16,0,0,20:128:16:28672:128:16:96:16:8:1:1:1:8:8:1:1:1:3:2:1:8:2:0
balanced_racing_net_log21,Ascend910B3,20,external_v4_k_low_output_deep_aligned,320,256,28672,fp16,0,0,15:64:96:1280:16:16:160:32:64:4:4:1:8:8:2:1:1:2:1:3:3:1:2
balanced_racing_net_log21,Ascend910B3,20,external_v4_k_low_output_deep_aligned,320,256,28672,fp16,0,0,15:64:96:960:16:16:160:24:24:4:4:1:6:6:2:1:1:2:1:3:3:0:2
balanced_racing_net_log21,Ascend910B3,20,external_v4_k_low_output_deep_aligned,320,256,28672,fp16,0,0,20:112:32:80:16:16:80:6:4:3:2:1:1:1:2:2:2:3:3:1:3:0:2
balanced_racing_net_log21,Ascend910B3,20,external_v4_k_low_output_deep_aligned,320,256,28672,fp16,0,0,2:320:384:384:128:128:128:6:9:1:3:0:3:3:2:2:2:1:1:1:1:1:3
balanced_racing_net_log21,Ascend910B3,20,external_v4_k_low_output_deep_aligned,320,256,28672,fp16,0,0,20:96:16:16:96:16:16:1:2:1:1:1:1:1:2:2:1:1:6:4:3:1:2
balanced_racing_net_log21,Ascend910B3,20,external_v4_k_low_output_deep_aligned,320,256,28672,fp16,0,0,1:320:320:16:32:80:16:4:4:4:4:0:1:1:1:1:1:1:1:1:1:2:2
balanced_racing_net_log21,Ascend910B3,20,external_v4_k_low_output_deep_odd,704,512,16385,fp16,0,0,20:144:128:16385:64:32:384:2:4:1:4:0:1:1:1:2:1:1:2:5:3:0:0
balanced_racing_net_log21,Ascend910B3,20,external_v4_k_low_output_deep_odd,704,512,16385,fp16,0,0,15:48:512:16385:48:16:256:2:2:1:1:1:2:2:1:1:1:15:1:1:1:0:0
balanced_racing_net_log21,Ascend910B3,20,external_v4_k_low_output_deep_odd,704,512,16385,fp16,0,0,18:240:96:16385:32:32:32:8:24:1:3:0:4:4:2:2:1:1:1:3:6:0:0
balanced_racing_net_log21,Ascend910B3,20,external_v4_k_low_output_deep_odd,704,512,16385,fp16,0,0,20:144:128:16385:48:48:16:8:32:1:2:0:8:8:1:2:1:1:2:5:3:0:0
balanced_racing_net_log21,Ascend910B3,20,external_v4_k_low_output_deep_odd,704,512,16385,fp16,0,0,18:128:176:16385:32:32:16:32:32:4:4:0:4:4:2:2:2:2:1:4:3:0:0
balanced_racing_net_log21,Ascend910B3,20,external_v4_k_low_output_deep_odd,704,512,16385,fp16,0,0,18:128:176:2560:16:16:160:16:16:1:1:0:16:16:1:2:1:2:1:3:3:1:2
balanced_racing_net_log21,Ascend910B3,20,external_v4_k_low_output_deep_odd,704,512,16385,fp16,0,0,20:64:128:16385:16:16:2048:2:2:1:2:0:1:1:1:1:1:1:4:11:1:0:0
balanced_racing_net_log21,Ascend910B3,20,external_v4_k_low_output_deep_odd,704,512,16385,fp16,0,0,18:128:176:2560:16:16:160:32:32:1:1:0:16:16:1:2:1:2:1:4:3:0:2
balanced_racing_net_log21,Ascend910B3,20,external_v4_k_low_output_deep_odd,704,512,16385,fp16,0,0,20:704:16:16385:32:16:80:4:1:4:1:1:1:1:1:2:1:1:7:1:5:0:0
balanced_racing_net_log21,Ascend910B3,20,external_v4_k_low_output_deep_odd,704,512,16385,fp16,0,0,20:384:512:384:128:128:128:9:6:3:1:1:3:3:2:2:2:1:1:2:1:0:3
balanced_racing_net_log21,Ascend910B3,20,external_v4_k_low_output_deep_odd,704,512,16385,fp16,0,0,16:384:512:384:128:128:128:9:6:3:1:1:3:3:2:2:2:1:1:2:1:0:3
balanced_racing_net_log21,Ascend910B3,20,external_v4_k_low_output_deep_odd,704,512,16385,fp16,0,0,20:704:384:384:128:128:128:6:9:1:3:0:3:3:2:2:2:1:1:1:2:1:3
balanced_racing_net_log21,Ascend910B3,20,external_v4_k_low_output_deep_odd,704,512,16385,fp16,0,0,20:112:80:2560:32:16:160:32:16:1:1:0:16:16:1:2:1:1:2:7:5:1:2
balanced_racing_net_log21,Ascend910B3,20,external_v4_k_low_output_deep_odd,704,512,16385,fp16,0,0,20:144:128:64:48:48:16:24:16:3:2:0:4:4:1:2:1:1:2:5:3:0:2
balanced_racing_net_log21,Ascend910B3,20,external_v4_k_low_output_deep_odd,704,512,16385,fp16,0,0,3:288:512:16:96:48:16:3:2:3:2:1:1:1:2:2:1:3:1:1:1:2:2
balanced_racing_net_log21,Ascend910B3,20,external_v4_k_low_output_deep_odd,704,512,16385,fp16,0,0,2:704:256:16:80:64:16:4:4:4:4:0:1:1:1:1:1:1:2:1:1:2:2
balanced_racing_net_log21,Ascend910B3,20,external_v4_skinny_m,73,4608,12288,fp16,0,0,20:80:240:12288:32:16:768:2:2:1:1:0:2:2:1:2:1:1:1:1:20:0:0
balanced_racing_net_log21,Ascend910B3,20,external_v4_skinny_m,73,4608,12288,fp16,0,0,20:48:464:12288:32:16:80:2:1:1:1:1:1:1:2:2:2:2:10:1:1:0:0
balanced_racing_net_log21,Ascend910B3,20,external_v4_skinny_m,73,4608,12288,fp16,0,0,18:80:256:12288:32:32:32:16:16:1:1:0:8:8:2:2:1:1:3:1:8:0:0
balanced_racing_net_log21,Ascend910B3,20,external_v4_skinny_m,73,4608,12288,fp16,0,0,20:80:224:12288:16:16:2048:2:2:1:2:0:1:1:1:1:1:1:1:1:21:0:0
balanced_racing_net_log21,Ascend910B3,20,external_v4_skinny_m,73,4608,12288,fp16,0,0,20:80:224:12288:16:16:384:1:2:1:2:0:1:1:1:2:1:1:3:1:9:0:0
balanced_racing_net_log21,Ascend910B3,20,external_v4_skinny_m,73,4608,12288,fp16,0,0,18:144:256:12288:144:176:160:2:1:1:1:0:1:1:1:1:1:1:6:1:3:0:0
balanced_racing_net_log21,Ascend910B3,20,external_v4_skinny_m,73,4608,12288,fp16,0,0,18:32:768:2560:32:16:160:16:32:1:1:0:16:16:1:2:1:3:1:1:6:2:2
balanced_racing_net_log21,Ascend910B3,20,external_v4_skinny_m,73,4608,12288,fp16,0,0,11:96:432:1024:32:32:64:96:32:3:2:0:16:16:1:1:1:1:1:1:11:1:2
balanced_racing_net_log21,Ascend910B3,20,external_v4_skinny_m,73,4608,12288,fp16,0,0,20:384:4608:384:128:128:128:9:6:3:1:1:3:3:2:2:2:1:1:1:1:0:3
balanced_racing_net_log21,Ascend910B3,20,external_v4_skinny_m,73,4608,12288,fp16,0,0,16:384:4608:384:128:128:128:9:6:3:1:1:3:3:2:2:2:1:1:1:1:0:3
balanced_racing_net_log21,Ascend910B3,20,external_v4_skinny_m,73,4608,12288,fp16,0,0,3:96:1536:192:32:32:96:6:4:3:2:0:2:2:2:1:1:1:3:1:1:1:2
balanced_racing_net_log21,Ascend910B3,20,external_v4_skinny_m,73,4608,12288,fp16,0,0,20:128:384:384:128:128:128:6:9:1:3:0:3:3:2:2:2:1:1:1:12:1:3
balanced_racing_net_log21,Ascend910B3,20,external_v4_skinny_m,73,4608,12288,fp16,0,0,20:32:144:32:32:16:32:2:2:1:1:1:1:1:2:2:2:1:16:3:2:0:2
balanced_racing_net_log21,Ascend910B3,20,external_v4_skinny_m,73,4608,12288,fp16,0,0,20:512:32:12288:512:32:16:1:1:1:1:1:1:1:2:1:1:1:72:1:2:2:0
balanced_racing_net_log21,Ascend910B3,20,external_v4_skinny_m,73,4608,12288,fp16,0,0,1:240:4608:64:80:64:16:24:8:3:2:0:4:4:2:2:1:1:1:1:1:0:2
balanced_racing_net_log21,Ascend910B3,20,external_v4_skinny_m,73,4608,12288,fp16,0,0,1:128:384:384:128:128:128:6:9:1:3:0:3:3:2:2:2:1:1:1:12:1:3
balanced_racing_net_log21,Ascend910B3,20,external_v4_skinny_n,4608,101,12288,fp16,0,0,20:240:112:12288:16:16:1536:1:2:1:1:0:1:1:1:1:1:1:1:20:1:0:0
balanced_racing_net_log21,Ascend910B3,20,external_v4_skinny_n,4608,101,12288,fp16,0,0,15:320:160:12288:160:160:192:2:2:2:1:0:1:1:1:1:1:8:1:2:1:0:0
balanced_racing_net_log21,Ascend910B3,20,external_v4_skinny_n,4608,101,12288,fp16,0,0,12:384:112:12288:16:16:80:16:8:2:1:1:8:8:2:1:1:12:1:1:1:0:0
balanced_racing_net_log21,Ascend910B3,20,external_v4_skinny_n,4608,101,12288,fp16,0,0,20:192:112:12288:80:96:128:16:8:2:1:1:8:8:1:2:1:24:1:1:1:0:0
balanced_racing_net_log21,Ascend910B3,20,external_v4_skinny_n,4608,101,12288,fp16,0,0,20:464:64:2560:16:16:160:48:32:3:2:0:16:16:2:2:2:4:1:3:2:0:2
balanced_racing_net_log21,Ascend910B3,20,external_v4_skinny_n,4608,101,12288,fp16,0,0,16:288:112:12288:64:32:16:4:4:2:1:1:2:2:2:2:1:4:1:4:1:0:0
balanced_racing_net_log21,Ascend910B3,20,external_v4_skinny_n,4608,101,12288,fp16,0,0,20:144:112:12288:48:16:32:24:16:3:2:1:8:8:2:2:2:7:1:5:1:0:0
balanced_racing_net_log21,Ascend910B3,20,external_v4_skinny_n,4608,101,12288,fp16,0,0,10:464:112:1024:32:32:64:96:32:3:2:0:16:16:1:1:1:1:1:10:1:1:2
balanced_racing_net_log21,Ascend910B3,20,external_v4_skinny_n,4608,101,12288,fp16,0,0,20:4608:384:384:128:128:128:6:9:1:3:0:3:3:2:2:2:1:1:1:1:1:3
balanced_racing_net_log21,Ascend910B3,20,external_v4_skinny_n,4608,101,12288,fp16,0,0,16:4608:384:384:128:128:128:6:9:1:3:0:3:3:2:2:2:1:1:1:1:1:3
balanced_racing_net_log21,Ascend910B3,20,external_v4_skinny_n,4608,101,12288,fp16,0,0,4:1152:160:12288:80:160:32:64:16:4:1:1:8:8:1:2:1:4:1:1:1:0:0
balanced_racing_net_log21,Ascend910B3,20,external_v4_skinny_n,4608,101,12288,fp16,0,0,20:384:128:384:128:128:128:9:6:3:1:1:3:3:2:2:2:1:1:12:1:0:3
balanced_racing_net_log21,Ascend910B3,20,external_v4_skinny_n,4608,101,12288,fp16,0,0,8:2304:32:16:32:32:16:2:2:1:1:1:1:1:2:2:2:2:2:1:2:0:2
balanced_racing_net_log21,Ascend910B3,20,external_v4_skinny_n,4608,101,12288,fp16,0,0,4:4608:384:384:128:128:128:6:9:1:3:0:3:3:2:2:2:1:1:1:1:1:3
balanced_racing_net_log21,Ascend910B3,20,external_v4_skinny_n,4608,101,12288,fp16,0,0,2:2304:320:32:32:80:16:8:8:4:4:1:2:2:1:1:1:2:1:1:1:2:2
balanced_racing_net_log21,Ascend910B3,20,external_v4_skinny_n,4608,101,12288,fp16,0,0,20:192:576:16:16:192:16:4:6:2:3:0:1:1:2:1:1:8:1:3:1:2:2
balanced_racing_net_log21,Ascend910B3,20,external_v4_layout_tn,2304,3072,4608,fp16,1,0,16:576:768:1024:48:16:128:24:16:3:2:0:8:8:1:2:1:2:1:3:4:1:2
balanced_racing_net_log21,Ascend910B3,20,external_v4_layout_tn,2304,3072,4608,fp16,1,0,14:176:3072:1280:16:16:80:32:32:1:1:0:16:16:1:2:1:14:1:1:1:1:2
balanced_racing_net_log21,Ascend910B3,20,external_v4_layout_tn,2304,3072,4608,fp16,1,0,14:176:3072:1280:16:16:80:16:32:1:1:0:16:16:1:2:1:14:1:1:1:0:2
balanced_racing_net_log21,Ascend910B3,20,external_v4_layout_tn,2304,3072,4608,fp16,1,0,14:176:3072:1280:16:16:80:32:16:1:1:0:16:16:1:2:1:14:1:1:1:0:2
balanced_racing_net_log21,Ascend910B3,20,external_v4_layout_tn,2304,3072,4608,fp16,1,0,14:176:3072:1280:16:16:80:16:16:1:1:0:16:16:1:2:1:7:1:2:1:2:2
balanced_racing_net_log21,Ascend910B3,20,external_v4_layout_tn,2304,3072,4608,fp16,1,0,11:224:3072:1024:32:32:64:96:32:3:2:0:16:16:1:1:1:6:1:2:1:1:2
balanced_racing_net_log21,Ascend910B3,20,external_v4_layout_tn,2304,3072,4608,fp16,1,0,12:384:3072:384:128:128:128:9:6:3:1:1:3:3:2:2:2:1:1:6:1:0:3
balanced_racing_net_log21,Ascend910B3,20,external_v4_layout_tn,2304,3072,4608,fp16,1,0,12:2304:384:384:128:128:128:6:9:1:3:0:3:3:2:2:2:1:1:1:8:1:3
balanced_racing_net_log21,Ascend910B3,20,external_v4_layout_tn,2304,3072,4608,fp16,1,0,12:192:3072:160:16:16:80:8:8:4:4:1:2:2:2:1:1:6:1:2:1:1:2
balanced_racing_net_log21,Ascend910B3,20,external_v4_layout_tn,2304,3072,4608,fp16,1,0,8:384:3072:384:128:128:128:9:6:3:1:1:3:3:2:2:2:1:1:6:1:0:3
balanced_racing_net_log21,Ascend910B3,20,external_v4_layout_tn,2304,3072,4608,fp16,1,0,20:224:224:1024:48:16:128:16:8:1:1:0:8:8:1:1:1:3:3:5:6:2:2
balanced_racing_net_log21,Ascend910B3,20,external_v4_layout_tn,2304,3072,4608,fp16,1,0,8:2304:384:384:128:128:128:6:9:1:3:0:3:3:2:2:2:1:1:1:8:1:3
balanced_racing_net_log21,Ascend910B3,20,external_v4_layout_tn,2304,3072,4608,fp16,1,0,10:240:3072:96:48:128:32:6:18:2:3:0:3:3:2:1:1:5:1:2:1:0:2
balanced_racing_net_log21,Ascend910B3,20,external_v4_layout_tn,2304,3072,4608,fp16,1,0,4:384:3072:384:128:128:128:9:6:3:1:1:3:3:2:2:2:1:1:6:1:0:3
balanced_racing_net_log21,Ascend910B3,20,external_v4_layout_tn,2304,3072,4608,fp16,1,0,4:2304:384:384:128:128:128:6:9:1:3:0:3:3:2:2:2:1:1:1:8:1:3
balanced_racing_net_log21,Ascend910B3,20,external_v4_layout_tn,2304,3072,4608,fp16,1,0,20:1152:320:4608:16:32:256:8:16:1:2:0:8:8:2:1:1:1:2:2:5:0:0
balanced_racing_net_log21,Ascend910B3,20,external_v4_layout_nt,2176,2944,4352,fp16,0,1,17:128:2944:1280:16:16:160:32:32:4:4:1:8:8:1:1:1:17:1:1:1:2:2
balanced_racing_net_log21,Ascend910B3,20,external_v4_layout_nt,2176,2944,4352,fp16,0,1,14:160:2944:1280:16:16:80:32:48:2:3:1:16:16:2:2:1:14:1:1:1:0:2
balanced_racing_net_log21,Ascend910B3,20,external_v4_layout_nt,2176,2944,4352,fp16,0,1,13:176:2944:1280:16:16:80:32:32:1:1:0:16:16:1:2:1:13:1:1:1:1:2
balanced_racing_net_log21,Ascend910B3,20,external_v4_layout_nt,2176,2944,4352,fp16,0,1,13:176:2944:1280:16:16:80:16:32:1:1:0:16:16:1:2:1:13:1:1:1:0:2
balanced_racing_net_log21,Ascend910B3,20,external_v4_layout_nt,2176,2944,4352,fp16,0,1,13:176:2944:1280:16:16:80:32:16:1:1:0:16:16:1:2:1:13:1:1:1:0:2
balanced_racing_net_log21,Ascend910B3,20,external_v4_layout_nt,2176,2944,4352,fp16,0,1,13:176:2944:1280:16:16:80:16:16:1:1:0:16:16:1:2:1:7:1:2:1:2:2
balanced_racing_net_log21,Ascend910B3,20,external_v4_layout_nt,2176,2944,4352,fp16,0,1,12:384:2944:384:128:128:128:9:6:3:1:1:3:3:2:2:2:1:1:6:1:0:3
balanced_racing_net_log21,Ascend910B3,20,external_v4_layout_nt,2176,2944,4352,fp16,0,1,12:2176:384:384:128:128:128:6:9:1:3:0:3:3:2:2:2:1:1:1:8:1:3
balanced_racing_net_log21,Ascend910B3,20,external_v4_layout_nt,2176,2944,4352,fp16,0,1,8:384:2944:384:128:128:128:9:6:3:1:1:3:3:2:2:2:1:1:6:1:0:3
balanced_racing_net_log21,Ascend910B3,20,external_v4_layout_nt,2176,2944,4352,fp16,0,1,8:2176:384:384:128:128:128:6:9:1:3:0:3:3:2:2:2:1:1:1:8:1:3
balanced_racing_net_log21,Ascend910B3,20,external_v4_layout_nt,2176,2944,4352,fp16,0,1,20:176:224:768:48:16:128:36:12:3:2:0:6:6:1:2:1:4:3:4:5:1:2
balanced_racing_net_log21,Ascend910B3,20,external_v4_layout_nt,2176,2944,4352,fp16,0,1,20:160:288:512:48:96:64:16:24:2:3:1:8:8:1:1:1:14:1:1:11:1:2
balanced_racing_net_log21,Ascend910B3,20,external_v4_layout_nt,2176,2944,4352,fp16,0,1,20:256:160:512:48:16:64:48:16:3:2:0:8:8:2:2:1:2:3:7:8:0:2
balanced_racing_net_log21,Ascend910B3,20,external_v4_layout_nt,2176,2944,4352,fp16,0,1,4:384:2944:384:128:128:128:9:6:3:1:1:3:3:2:2:2:1:1:6:1:0:3
balanced_racing_net_log21,Ascend910B3,20,external_v4_layout_nt,2176,2944,4352,fp16,0,1,2:384:2944:384:128:128:128:9:6:3:1:1:3:3:2:2:2:1:1:6:1:0:3
balanced_racing_net_log21,Ascend910B3,20,external_v4_layout_nt,2176,2944,4352,fp16,0,1,14:320:1472:4352:112:16:112:16:16:2:2:1:4:4:1:2:1:7:2:1:1:0:0
balanced_racing_net_log21,Ascend910B3,20,external_v4_layout_tt,1792,2304,3584,fp16,1,1,20:448:464:3584:48:16:512:4:4:2:1:0:2:2:1:2:1:1:2:4:3:0:0
balanced_racing_net_log21,Ascend910B3,20,external_v4_layout_tt,1792,2304,3584,fp16,1,1,20:192:1152:3584:48:16:48:4:1:4:1:0:1:1:1:1:1:1:2:10:1:0:0
balanced_racing_net_log21,Ascend910B3,20,external_v4_layout_tt,1792,2304,3584,fp16,1,1,20:368:576:3584:48:48:16:64:8:4:1:1:8:8:2:1:1:1:2:5:2:0:0
balanced_racing_net_log21,Ascend910B3,20,external_v4_layout_tt,1792,2304,3584,fp16,1,1,14:256:1152:3584:80:224:80:2:2:2:1:0:1:1:2:1:1:1:2:7:1:0:0
balanced_racing_net_log21,Ascend910B3,20,external_v4_layout_tt,1792,2304,3584,fp16,1,1,14:256:1152:3584:64:256:64:1:4:1:4:1:1:1:2:1:1:3:1:3:2:0:0
balanced_racing_net_log21,Ascend910B3,20,external_v4_layout_tt,1792,2304,3584,fp16,1,1,14:256:1152:3584:128:112:48:8:4:2:1:1:2:2:2:2:1:2:1:4:2:0:0
balanced_racing_net_log21,Ascend910B3,20,external_v4_layout_tt,1792,2304,3584,fp16,1,1,19:96:2304:1280:16:16:160:32:32:4:4:1:8:8:1:1:1:7:1:3:1:2:2
balanced_racing_net_log21,Ascend910B3,20,external_v4_layout_tt,1792,2304,3584,fp16,1,1,13:144:2304:1280:16:16:80:16:16:1:1:0:16:16:1:2:1:1:1:13:1:2:2
balanced_racing_net_log21,Ascend910B3,20,external_v4_layout_tt,1792,2304,3584,fp16,1,1,12:160:2304:320:16:16:80:16:16:4:4:1:4:4:2:1:1:1:1:12:1:1:2
balanced_racing_net_log21,Ascend910B3,20,external_v4_layout_tt,1792,2304,3584,fp16,1,1,20:112:336:3584:16:16:1536:8:1:4:1:0:1:1:1:1:1:4:2:4:6:2:0
balanced_racing_net_log21,Ascend910B3,20,external_v4_layout_tt,1792,2304,3584,fp16,1,1,10:384:2304:384:128:128:128:9:6:3:1:1:3:3:2:2:2:1:1:5:1:0:3
balanced_racing_net_log21,Ascend910B3,20,external_v4_layout_tt,1792,2304,3584,fp16,1,1,10:1792:384:384:128:128:128:6:9:1:3:0:3:3:2:2:2:1:1:1:6:1:3
balanced_racing_net_log21,Ascend910B3,20,external_v4_layout_tt,1792,2304,3584,fp16,1,1,8:896:576:128:16:192:16:32:48:2:3:1:8:8:2:1:1:1:1:2:4:2:2
balanced_racing_net_log21,Ascend910B3,20,external_v4_layout_tt,1792,2304,3584,fp16,1,1,8:384:2304:384:128:128:128:9:6:3:1:1:3:3:2:2:2:1:1:5:1:0:3
balanced_racing_net_log21,Ascend910B3,20,external_v4_layout_tt,1792,2304,3584,fp16,1,1,20:1792:32:96:48:32:48:4:4:1:1:0:2:2:2:2:2:1:15:1:5:2:2
balanced_racing_net_log21,Ascend910B3,20,external_v4_layout_tt,1792,2304,3584,fp16,1,1,8:896:576:16:16:192:16:2:3:2:3:0:1:1:2:1:1:1:1:2:4:0:2
balanced_racing_net_log21,Ascend910B3,20,external_v4_bf16_aligned,3072,4096,6144,bf16,0,0,16:192:4096:1280:16:16:160:32:32:4:4:1:8:8:1:1:1:16:1:1:1:2:2
balanced_racing_net_log21,Ascend910B3,20,external_v4_bf16_aligned,3072,4096,6144,bf16,0,0,14:224:4096:1280:16:16:80:32:48:2:3:1:16:16:2:2:1:14:1:1:1:0:2
balanced_racing_net_log21,Ascend910B3,20,external_v4_bf16_aligned,3072,4096,6144,bf16,0,0,13:240:4096:1280:16:16:80:32:32:1:1:0:16:16:1:2:1:13:1:1:1:1:2
balanced_racing_net_log21,Ascend910B3,20,external_v4_bf16_aligned,3072,4096,6144,bf16,0,0,13:240:4096:1280:16:16:80:16:32:1:1:0:16:16:1:2:1:13:1:1:1:0:2
balanced_racing_net_log21,Ascend910B3,20,external_v4_bf16_aligned,3072,4096,6144,bf16,0,0,13:240:4096:1280:16:16:80:32:16:1:1:0:16:16:1:2:1:13:1:1:1:0:2
balanced_racing_net_log21,Ascend910B3,20,external_v4_bf16_aligned,3072,4096,6144,bf16,0,0,13:240:4096:1280:16:16:80:16:16:1:1:0:16:16:1:2:1:1:1:13:1:2:2
balanced_racing_net_log21,Ascend910B3,20,external_v4_bf16_aligned,3072,4096,6144,bf16,0,0,14:224:4096:480:16:16:80:24:36:2:3:1:6:6:2:2:1:14:1:1:1:2:2
balanced_racing_net_log21,Ascend910B3,20,external_v4_bf16_aligned,3072,4096,6144,bf16,0,0,16:384:4096:384:128:128:128:9:6:3:1:1:3:3:2:2:2:1:1:8:1:0:3
balanced_racing_net_log21,Ascend910B3,20,external_v4_bf16_aligned,3072,4096,6144,bf16,0,0,16:3072:384:384:128:128:128:6:9:1:3:0:3:3:2:2:2:1:1:1:11:1:3
balanced_racing_net_log21,Ascend910B3,20,external_v4_bf16_aligned,3072,4096,6144,bf16,0,0,20:80:4096:6144:64:16:16:4:8:1:2:1:2:2:1:2:1:39:1:1:1:0:0
balanced_racing_net_log21,Ascend910B3,20,external_v4_bf16_aligned,3072,4096,6144,bf16,0,0,8:384:4096:384:128:128:128:9:6:3:1:1:3:3:2:2:2:1:1:8:1:0:3
balanced_racing_net_log21,Ascend910B3,20,external_v4_bf16_aligned,3072,4096,6144,bf16,0,0,8:3072:384:384:128:128:128:6:9:1:3:0:3:3:2:2:2:1:1:1:11:1:3
balanced_racing_net_log21,Ascend910B3,20,external_v4_bf16_aligned,3072,4096,6144,bf16,0,0,4:384:4096:384:128:128:128:9:6:3:1:1:3:3:2:2:2:1:1:8:1:0:3
balanced_racing_net_log21,Ascend910B3,20,external_v4_bf16_aligned,3072,4096,6144,bf16,0,0,7:3072:608:6144:16:608:16:16:4:4:1:0:2:2:2:1:1:1:7:1:1:1:0
balanced_racing_net_log21,Ascend910B3,20,external_v4_bf16_aligned,3072,4096,6144,bf16,0,0,4:3072:384:384:128:128:128:6:9:1:3:0:3:3:2:2:2:1:1:1:11:1:3
balanced_racing_net_log21,Ascend910B3,20,external_v4_bf16_aligned,3072,4096,6144,bf16,0,0,20:256:288:256:48:16:64:32:32:4:4:1:4:4:2:2:2:4:4:3:4:2:2
balanced_racing_net_log21,Ascend910B3,20,external_v4_bf16_odd,1279,1793,3587,bf16,0,0,20:320:368:3587:144:16:160:2:4:1:2:0:1:1:1:1:1:4:3:1:2:0:0
balanced_racing_net_log21,Ascend910B3,20,external_v4_bf16_odd,1279,1793,3587,bf16,0,0,19:1280:96:3587:16:16:384:2:1:1:1:1:1:1:2:2:1:1:19:1:1:1:0
balanced_racing_net_log21,Ascend910B3,20,external_v4_bf16_odd,1279,1793,3587,bf16,0,0,20:320:368:3587:48:48:16:64:8:4:1:1:8:8:2:1:1:1:2:4:4:0:0
balanced_racing_net_log21,Ascend910B3,20,external_v4_bf16_odd,1279,1793,3587,bf16,0,0,16:320:464:3587:48:48:16:8:64:1:4:0:8:8:1:1:1:1:1:4:4:0:0
balanced_racing_net_log21,Ascend910B3,20,external_v4_bf16_odd,1279,1793,3587,bf16,0,0,20:64:1808:3587:16:16:80:16:8:4:1:1:4:4:2:2:1:7:1:3:1:0:0
balanced_racing_net_log21,Ascend910B3,20,external_v4_bf16_odd,1279,1793,3587,bf16,0,0,14:192:912:3587:32:128:64:64:16:4:1:1:8:8:2:1:1:3:1:3:2:0:0
balanced_racing_net_log21,Ascend910B3,20,external_v4_bf16_odd,1279,1793,3587,bf16,0,0,18:432:304:1280:16:16:80:48:32:3:2:0:16:16:2:2:2:3:2:1:5:1:2
balanced_racing_net_log21,Ascend910B3,20,external_v4_bf16_odd,1279,1793,3587,bf16,0,0,12:112:1808:1024:32:32:64:96:32:3:2:0:16:16:1:1:1:1:1:12:1:1:2
balanced_racing_net_log21,Ascend910B3,20,external_v4_bf16_odd,1279,1793,3587,bf16,0,0,4:1280:512:3587:64:512:32:32:8:4:1:0:8:8:1:2:1:1:2:1:2:0:0
balanced_racing_net_log21,Ascend910B3,20,external_v4_bf16_odd,1279,1793,3587,bf16,0,0,10:128:1808:256:48:32:64:16:24:2:3:1:4:4:2:2:2:4:1:3:1:2:2
balanced_racing_net_log21,Ascend910B3,20,external_v4_bf16_odd,1279,1793,3587,bf16,0,0,10:384:1808:384:128:128:128:9:6:3:1:1:3:3:2:2:2:1:1:4:1:0:3
balanced_racing_net_log21,Ascend910B3,20,external_v4_bf16_odd,1279,1793,3587,bf16,0,0,10:1280:384:384:128:128:128:6:9:1:3:0:3:3:2:2:2:1:1:1:5:1:3
balanced_racing_net_log21,Ascend910B3,20,external_v4_bf16_odd,1279,1793,3587,bf16,0,0,20:192:96:1024:48:32:64:16:16:1:1:0:16:16:2:2:1:1:3:7:9:1:2
balanced_racing_net_log21,Ascend910B3,20,external_v4_bf16_odd,1279,1793,3587,bf16,0,0,10:128:1808:96:32:32:32:12:18:2:3:0:3:3:2:2:2:1:1:10:1:1:2
balanced_racing_net_log21,Ascend910B3,20,external_v4_bf16_odd,1279,1793,3587,bf16,0,0,8:384:1808:384:128:128:128:9:6:3:1:1:3:3:2:2:2:1:1:4:1:0:3
balanced_racing_net_log21,Ascend910B3,20,external_v4_bf16_odd,1279,1793,3587,bf16,0,0,1:384:1808:384:128:128:128:9:6:3:1:1:3:3:2:2:2:1:1:4:1:0:3
balanced_racing_net_log21,Ascend910B3,20,external_v4_fp32_nn,1024,1536,2048,fp32,0,0,20:208:384:2048:128:80:128:2:2:1:1:0:2:2:1:1:1:1:2:5:3:0:0
balanced_racing_net_log21,Ascend910B3,20,external_v4_fp32_nn,1024,1536,2048,fp32,0,0,18:512:176:2048:16:16:1024:4:1:2:1:0:1:1:1:1:1:2:5:1:2:0:0
balanced_racing_net_log21,Ascend910B3,20,external_v4_fp32_nn,1024,1536,2048,fp32,0,0,18:352:256:2048:32:64:48:8:8:4:2:0:2:2:1:1:1:1:3:3:2:0:0
balanced_racing_net_log21,Ascend910B3,20,external_v4_fp32_nn,1024,1536,2048,fp32,0,0,20:208:384:2048:48:48:16:32:4:4:1:1:4:4:2:1:1:1:2:5:3:0:0
balanced_racing_net_log21,Ascend910B3,20,external_v4_fp32_nn,1024,1536,2048,fp32,0,0,20:208:384:1024:32:32:128:8:16:1:1:0:8:8:1:1:1:1:2:5:3:2:2
balanced_racing_net_log21,Ascend910B3,20,external_v4_fp32_nn,1024,1536,2048,fp32,0,0,20:208:384:1024:32:32:128:8:8:1:1:0:8:8:1:1:1:1:2:5:3:1:2
balanced_racing_net_log21,Ascend910B3,20,external_v4_fp32_nn,1024,1536,2048,fp32,0,0,18:512:176:2048:48:32:16:16:32:2:4:1:4:4:1:2:1:1:5:2:2:0:0
balanced_racing_net_log21,Ascend910B3,20,external_v4_fp32_nn,1024,1536,2048,fp32,0,0,13:80:1536:1280:16:16:80:48:32:3:2:0:16:16:1:1:1:1:1:13:1:0:2
balanced_racing_net_log21,Ascend910B3,20,external_v4_fp32_nn,1024,1536,2048,fp32,0,0,20:1024:32:2048:16:16:96:1:4:1:2:0:1:1:2:2:1:1:4:1:14:1:0
balanced_racing_net_log21,Ascend910B3,20,external_v4_fp32_nn,1024,1536,2048,fp32,0,0,11:384:1536:192:128:128:64:9:6:3:1:1:3:3:2:2:2:1:1:3:1:0:3
balanced_racing_net_log21,Ascend910B3,20,external_v4_fp32_nn,1024,1536,2048,fp32,0,0,20:1008:112:2048:1008:16:16:8:8:1:2:1:4:4:1:2:1:1:14:2:1:1:0
balanced_racing_net_log21,Ascend910B3,20,external_v4_fp32_nn,1024,1536,2048,fp32,0,0,11:1024:384:192:128:128:64:6:9:1:3:0:3:3:2:2:2:1:1:1:4:1:3
balanced_racing_net_log21,Ascend910B3,20,external_v4_fp32_nn,1024,1536,2048,fp32,0,0,8:384:1536:192:128:128:64:9:6:3:1:1:3:3:2:2:2:1:1:3:1:0:3
balanced_racing_net_log21,Ascend910B3,20,external_v4_fp32_nn,1024,1536,2048,fp32,0,0,20:512:160:64:96:16:32:4:4:1:1:0:2:2:1:1:1:1:2:2:6:0:2
balanced_racing_net_log21,Ascend910B3,20,external_v4_fp32_nn,1024,1536,2048,fp32,0,0,3:384:1536:96:96:16:16:24:48:4:4:1:6:6:2:2:2:3:1:1:1:1:2
balanced_racing_net_log21,Ascend910B3,20,external_v4_fp32_nn,1024,1536,2048,fp32,0,0,4:576:768:64:192:16:16:24:16:3:2:0:4:4:1:1:1:2:1:1:2:0:2
balanced_racing_net_log21,Ascend910B3,20,external_v4_fp32_nt,64,480,4096,fp32,0,1,20:32:48:4096:16:48:256:2:1:1:1:1:1:1:1:1:1:2:2:1:5:0:0
balanced_racing_net_log21,Ascend910B3,20,external_v4_fp32_nt,64,480,4096,fp32,0,1,20:32:48:4096:16:16:512:1:4:1:2:1:1:1:2:2:2:2:4:1:3:0:0
balanced_racing_net_log21,Ascend910B3,20,external_v4_fp32_nt,64,480,4096,fp32,0,1,20:32:48:4096:32:16:224:8:8:1:2:1:4:4:2:2:1:2:2:1:5:0:0
balanced_racing_net_log21,Ascend910B3,20,external_v4_fp32_nt,64,480,4096,fp32,0,1,20:32:48:4096:16:16:448:4:8:1:2:0:4:4:2:1:1:1:4:2:3:0:0
balanced_racing_net_log21,Ascend910B3,20,external_v4_fp32_nt,64,480,4096,fp32,0,1,20:16:96:4096:16:32:256:4:2:1:1:1:2:2:2:2:2:4:2:1:3:0:0
balanced_racing_net_log21,Ascend910B3,20,external_v4_fp32_nt,64,480,4096,fp32,0,1,20:16:96:4096:16:48:160:8:8:1:1:1:8:8:1:2:1:2:3:2:2:0:0
balanced_racing_net_log21,Ascend910B3,20,external_v4_fp32_nt,64,480,4096,fp32,0,1,20:32:48:1280:16:16:80:32:32:1:1:0:16:16:1:2:1:1:1:2:10:0:2
balanced_racing_net_log21,Ascend910B3,20,external_v4_fp32_nt,64,480,4096,fp32,0,1,20:32:48:1280:16:16:80:16:32:1:1:0:16:16:1:2:1:2:1:1:10:2:2
balanced_racing_net_log21,Ascend910B3,20,external_v4_fp32_nt,64,480,4096,fp32,0,1,20:32:48:1280:16:16:80:32:16:1:1:0:16:16:1:2:1:2:1:1:10:2:2
balanced_racing_net_log21,Ascend910B3,20,external_v4_fp32_nt,64,480,4096,fp32,0,1,20:48:16:4096:48:16:24:1:1:1:1:1:1:1:1:2:1:2:2:1:28:0:0
balanced_racing_net_log21,Ascend910B3,20,external_v4_fp32_nt,64,480,4096,fp32,0,1,20:384:480:192:128:128:64:9:6:3:1:1:3:3:2:2:2:1:1:1:1:0:3
balanced_racing_net_log21,Ascend910B3,20,external_v4_fp32_nt,64,480,4096,fp32,0,1,20:128:384:192:128:128:64:6:9:1:3:0:3:3:2:2:2:1:1:1:2:1:3
balanced_racing_net_log21,Ascend910B3,20,external_v4_fp32_nt,64,480,4096,fp32,0,1,16:384:480:192:128:128:64:9:6:3:1:1:3:3:2:2:2:1:1:1:1:0:3
balanced_racing_net_log21,Ascend910B3,20,external_v4_fp32_nt,64,480,4096,fp32,0,1,15:64:32:8:48:16:8:1:1:1:1:1:1:1:2:2:2:1:1:1:15:1:2
balanced_racing_net_log21,Ascend910B3,20,external_v4_fp32_nt,64,480,4096,fp32,0,1,4:128:128:8:32:16:8:8:8:4:4:0:1:1:2:2:2:1:1:1:4:2:2
balanced_racing_net_log21,Ascend910B3,20,external_v4_fp32_nt,64,480,4096,fp32,0,1,1:384:480:8:96:48:8:4:4:4:4:0:1:1:1:1:1:1:1:1:1:2:2
balanced_racing_net_log21,Ascend910B3,20,external_v4_fp32_tn,768,1152,1536,fp32,1,0,20:192:240:1536:112:96:128:2:1:1:1:1:1:1:1:1:1:4:5:1:1:0:0
balanced_racing_net_log21,Ascend910B3,20,external_v4_fp32_tn,768,1152,1536,fp32,1,0,20:192:240:1536:48:48:16:16:16:1:1:0:8:8:1:2:1:1:3:4:2:0:0
balanced_racing_net_log21,Ascend910B3,20,external_v4_fp32_tn,768,1152,1536,fp32,1,0,18:256:192:1536:48:32:16:16:32:1:4:1:8:8:1:1:1:1:2:3:4:0:0
balanced_racing_net_log21,Ascend910B3,20,external_v4_fp32_tn,768,1152,1536,fp32,1,0,18:128:384:1536:32:32:16:32:32:4:4:0:8:8:2:2:2:2:1:4:3:0:0
balanced_racing_net_log21,Ascend910B3,20,external_v4_fp32_tn,768,1152,1536,fp32,1,0,16:192:288:1536:48:48:16:4:32:1:4:0:4:4:1:1:1:1:1:4:4:0:0
balanced_racing_net_log21,Ascend910B3,20,external_v4_fp32_tn,768,1152,1536,fp32,1,0,18:768:64:1536:48:32:16:8:32:1:2:1:8:8:1:2:1:1:2:1:13:0:0
balanced_racing_net_log21,Ascend910B3,20,external_v4_fp32_tn,768,1152,1536,fp32,1,0,20:80:576:768:16:16:48:64:64:4:4:1:16:16:1:2:1:2:1:6:2:0:2
balanced_racing_net_log21,Ascend910B3,20,external_v4_fp32_tn,768,1152,1536,fp32,1,0,16:96:576:768:16:16:48:48:32:3:2:0:16:16:2:1:1:2:1:4:2:2:2
balanced_racing_net_log21,Ascend910B3,20,external_v4_fp32_tn,768,1152,1536,fp32,1,0,15:160:384:256:32:32:16:128:128:4:4:1:16:16:2:2:1:2:1:4:3:1:2
balanced_racing_net_log21,Ascend910B3,20,external_v4_fp32_tn,768,1152,1536,fp32,1,0,8:384:1152:192:128:128:64:9:6:3:1:1:3:3:2:2:2:1:1:2:1:0:3
balanced_racing_net_log21,Ascend910B3,20,external_v4_fp32_tn,768,1152,1536,fp32,1,0,8:768:384:192:128:128:64:6:9:1:3:0:3:3:2:2:2:1:1:1:3:1:3
balanced_racing_net_log21,Ascend910B3,20,external_v4_fp32_tn,768,1152,1536,fp32,1,0,4:192:1152:256:48:16:16:64:128:4:4:1:16:16:1:2:1:2:1:3:1:0:2
balanced_racing_net_log21,Ascend910B3,20,external_v4_fp32_tn,768,1152,1536,fp32,1,0,20:768:16:1536:112:16:16:64:16:4:1:1:8:8:1:1:1:1:72:1:1:1:0
balanced_racing_net_log21,Ascend910B3,20,external_v4_fp32_tn,768,1152,1536,fp32,1,0,4:384:1152:192:128:128:64:9:6:3:1:1:3:3:2:2:2:1:1:2:1:0:3
balanced_racing_net_log21,Ascend910B3,20,external_v4_fp32_tn,768,1152,1536,fp32,1,0,20:256:80:80:16:16:80:2:2:1:1:1:1:1:2:2:1:3:1:1:15:2:2
balanced_racing_net_log21,Ascend910B3,20,external_v4_fp32_tn,768,1152,1536,fp32,1,0,20:384:48:80:16:16:80:4:6:2:3:0:1:1:2:2:2:2:3:1:11:0:2
balanced_racing_net_log21,Ascend910B3,20,external_v4_fp32_tt,512,768,1024,fp32,1,1,20:128:160:1024:112:80:128:2:4:1:2:1:2:2:1:1:1:1:2:4:4:0:0
balanced_racing_net_log21,Ascend910B3,20,external_v4_fp32_tt,512,768,1024,fp32,1,1,20:128:160:1024:32:16:128:16:32:2:4:0:8:8:1:2:1:4:2:1:4:0:0
balanced_racing_net_log21,Ascend910B3,20,external_v4_fp32_tt,512,768,1024,fp32,1,1,20:256:80:1024:48:32:16:32:8:4:1:1:8:8:1:1:1:2:5:1:2:0:0
balanced_racing_net_log21,Ascend910B3,20,external_v4_fp32_tt,512,768,1024,fp32,1,1,16:128:192:1024:48:48:16:4:32:1:4:0:4:4:1:1:1:1:1:4:4:0:0
balanced_racing_net_log21,Ascend910B3,20,external_v4_fp32_tt,512,768,1024,fp32,1,1,20:160:160:1024:160:160:96:1:1:1:1:1:1:1:1:1:1:2:1:3:5:0:0
balanced_racing_net_log21,Ascend910B3,20,external_v4_fp32_tt,512,768,1024,fp32,1,1,20:128:160:512:32:32:64:32:32:4:4:1:8:8:2:2:2:4:1:1:5:0:2
balanced_racing_net_log21,Ascend910B3,20,external_v4_fp32_tt,512,768,1024,fp32,1,1,18:96:256:1024:32:32:16:24:32:3:2:0:8:8:2:2:2:2:1:4:3:0:0
balanced_racing_net_log21,Ascend910B3,20,external_v4_fp32_tt,512,768,1024,fp32,1,1,20:176:64:512:48:16:32:16:16:1:1:0:16:16:1:2:1:3:1:1:12:1:2
balanced_racing_net_log21,Ascend910B3,20,external_v4_fp32_tt,512,768,1024,fp32,1,1,6:512:384:192:128:128:64:6:9:1:3:0:3:3:2:2:2:1:1:1:2:1:3
balanced_racing_net_log21,Ascend910B3,20,external_v4_fp32_tt,512,768,1024,fp32,1,1,6:384:768:192:128:128:64:9:6:3:1:1:3:3:2:2:2:1:1:2:1:0:3
balanced_racing_net_log21,Ascend910B3,20,external_v4_fp32_tt,512,768,1024,fp32,1,1,20:16:192:1024:16:144:64:8:8:1:1:0:8:8:2:1:1:11:2:3:3:0:0
balanced_racing_net_log21,Ascend910B3,20,external_v4_fp32_tt,512,768,1024,fp32,1,1,4:512:384:192:128:128:64:6:9:1:3:0:3:3:2:2:2:1:1:1:2:1:3
balanced_racing_net_log21,Ascend910B3,20,external_v4_fp32_tt,512,768,1024,fp32,1,1,11:48:768:48:16:16:48:2:2:1:1:1:1:1:2:2:1:6:1:2:1:0:2
balanced_racing_net_log21,Ascend910B3,20,external_v4_fp32_tt,512,768,1024,fp32,1,1,16:128:192:32:48:48:16:4:4:1:1:0:2:2:1:1:1:4:1:1:4:1:2
balanced_racing_net_log21,Ascend910B3,20,external_v4_fp32_tt,512,768,1024,fp32,1,1,20:16:160:160:16:32:80:2:2:1:1:0:2:2:2:1:1:1:3:32:2:0:2
balanced_racing_net_log21,Ascend910B3,20,external_v4_fp32_tt,512,768,1024,fp32,1,1,1:384:768:192:128:128:64:9:6:3:1:1:3:3:2:2:2:1:1:2:1:0:3
balanced_racing_net_log21,Ascend910B3,20,external_v4_template_al1,32,384,4096,fp32,0,1,16:16:48:4096:16:16:320:2:2:1:2:0:1:1:2:2:2:1:1:2:8:0:0
balanced_racing_net_log21,Ascend910B3,20,external_v4_template_al1,32,384,4096,fp32,0,1,16:16:48:4096:16:16:256:1:1:1:1:0:1:1:1:2:1:1:4:2:2:0:0
balanced_racing_net_log21,Ascend910B3,20,external_v4_template_al1,32,384,4096,fp32,0,1,16:16:48:4096:16:48:192:4:2:1:1:0:2:2:2:1:1:2:2:1:7:0:0
balanced_racing_net_log21,Ascend910B3,20,external_v4_template_al1,32,384,4096,fp32,0,1,16:16:48:4096:16:16:384:2:4:1:2:1:2:2:1:1:1:2:2:1:6:0:0
balanced_racing_net_log21,Ascend910B3,20,external_v4_template_al1,32,384,4096,fp32,0,1,16:16:48:4096:16:32:192:4:8:1:1:0:4:4:1:1:1:1:4:2:2:0:0
balanced_racing_net_log21,Ascend910B3,20,external_v4_template_al1,32,384,4096,fp32,0,1,16:16:48:4096:16:16:448:1:1:1:1:1:1:1:2:2:2:1:3:2:3:0:0
balanced_racing_net_log21,Ascend910B3,20,external_v4_template_al1,32,384,4096,fp32,0,1,10:16:80:1280:16:16:80:32:32:1:1:0:16:16:1:2:1:1:1:2:5:0:2
balanced_racing_net_log21,Ascend910B3,20,external_v4_template_al1,32,384,4096,fp32,0,1,10:16:80:1280:16:16:80:16:32:1:1:0:16:16:1:2:1:2:1:1:5:2:2
balanced_racing_net_log21,Ascend910B3,20,external_v4_template_al1,32,384,4096,fp32,0,1,10:16:80:1280:16:16:80:32:16:1:1:0:16:16:1:2:1:2:1:1:5:2:2
balanced_racing_net_log21,Ascend910B3,20,external_v4_template_al1,32,384,4096,fp32,0,1,20:128:384:192:128:128:64:6:9:1:3:0:3:3:2:2:2:1:1:1:1:1:3
balanced_racing_net_log21,Ascend910B3,20,external_v4_template_al1,32,384,4096,fp32,0,1,16:128:384:192:128:128:64:6:9:1:3:0:3:3:2:2:2:1:1:1:1:1:3
balanced_racing_net_log21,Ascend910B3,20,external_v4_template_al1,32,384,4096,fp32,0,1,8:64:48:512:32:16:32:64:96:2:3:1:16:16:2:2:2:1:1:1:8:0:2
balanced_racing_net_log21,Ascend910B3,20,external_v4_template_al1,32,384,4096,fp32,0,1,12:32:32:96:32:16:32:6:3:1:1:1:3:3:2:2:1:1:1:1:12:1:2
balanced_racing_net_log21,Ascend910B3,20,external_v4_template_al1,32,384,4096,fp32,0,1,20:384:384:192:128:128:64:9:6:3:1:1:3:3:2:2:2:1:1:1:1:0:3
balanced_racing_net_log21,Ascend910B3,20,external_v4_template_al1,32,384,4096,fp32,0,1,20:48:16:24:48:16:8:6:6:1:1:1:3:3:2:2:2:1:1:1:24:0:2
balanced_racing_net_log21,Ascend910B3,20,external_v4_template_al1,32,384,4096,fp32,0,1,20:512:16:4096:512:16:8:1:2:1:1:0:1:1:2:2:2:1:2:1:22:1:0
balanced_racing_net_log21,Ascend910B3,20,external_v4_template_bl1,45056,224,192,fp16,0,0,19:2384:224:192:128:112:32:6:24:1:2:0:6:6:2:1:1:4:1:5:1:2:20
balanced_racing_net_log21,Ascend910B3,20,external_v4_template_bl1,45056,224,192,fp16,0,0,19:2384:224:192:80:192:32:6:24:1:2:0:6:6:1:2:1:19:1:1:1:0:20
balanced_racing_net_log21,Ascend910B3,20,external_v4_template_bl1,45056,224,192,fp16,0,0,17:2656:224:192:192:16:80:6:84:1:14:0:3:3:1:1:1:2:1:9:1:1:20
balanced_racing_net_log21,Ascend910B3,20,external_v4_template_bl1,45056,224,192,fp16,0,0,16:2816:224:192:208:16:32:6:168:1:14:1:6:6:2:2:2:1:1:16:1:2:20
balanced_racing_net_log21,Ascend910B3,20,external_v4_template_bl1,45056,224,192,fp16,0,0,17:2656:224:192:96:80:16:24:72:1:3:0:12:12:2:2:2:4:1:5:1:1:20
balanced_racing_net_log21,Ascend910B3,20,external_v4_template_bl1,45056,224,192,fp16,0,0,20:1968:224:192:128:128:16:16:2:4:1:1:2:2:2:2:2:3:1:8:1:0:0
balanced_racing_net_log21,Ascend910B3,20,external_v4_template_bl1,45056,224,192,fp16,0,0,20:2256:224:176:48:32:16:22:22:1:1:1:11:11:2:2:2:3:1:9:1:0:2
balanced_racing_net_log21,Ascend910B3,20,external_v4_template_bl1,45056,224,192,fp16,0,0,15:3008:224:160:16:16:160:8:8:4:4:0:1:1:1:1:1:1:1:15:1:1:2
balanced_racing_net_log21,Ascend910B3,20,external_v4_template_bl1,45056,224,192,fp16,0,0,16:2816:224:64:48:96:64:2:2:1:1:1:1:1:1:1:1:16:1:1:1:1:2
balanced_racing_net_log21,Ascend910B3,20,external_v4_template_bl1,45056,224,192,fp16,0,0,4:22528:128:192:256:128:16:16:4:4:1:1:4:4:1:2:1:2:2:1:1:0:0
balanced_racing_net_log21,Ascend910B3,20,external_v4_template_bl1,45056,224,192,fp16,0,0,6:15024:144:128:48:48:16:16:48:2:3:1:8:8:2:1:1:1:2:3:1:1:2
balanced_racing_net_log21,Ascend910B3,20,external_v4_template_bl1,45056,224,192,fp16,0,0,13:3472:912:192:32:912:32:16:8:2:1:0:4:4:2:1:1:1:1:13:1:0:0
balanced_racing_net_log21,Ascend910B3,20,external_v4_template_bl1,45056,224,192,fp16,0,0,13:3472:224:192:16:16:80:24:6:4:1:1:3:3:2:2:1:13:1:1:1:0:0
balanced_racing_net_log21,Ascend910B3,20,external_v4_template_bl1,45056,224,192,fp16,0,0,20:1456:64:192:128:16:128:4:16:1:4:1:2:2:2:2:2:1:4:31:1:0:0
balanced_racing_net_log21,Ascend910B3,20,external_v4_template_bl1,45056,224,192,fp16,0,0,20:256:224:192:256:128:64:3:6:1:2:0:3:3:2:2:1:1:1:0:0:0:1020
balanced_racing_net_log21,Ascend910B3,20,external_v4_template_bl1,45056,224,192,fp16,0,0,20:3232:16:192:48:16:192:2:1:1:1:0:1:1:2:2:2:14:2:1:8:2:0
balanced_racing_net_log21,Ascend910B3,20,external_v4_dense_balanced_aligned,2560,3072,5120,fp16,0,0,20:256:1536:2048:32:32:32:128:128:1:1:0:64:64:2:2:1:10:1:1:2:1:2
balanced_racing_net_log21,Ascend910B3,20,external_v4_dense_balanced_aligned,2560,3072,5120,fp16,0,0,13:208:3072:640:16:16:80:8:8:1:1:0:8:8:1:2:1:7:1:2:1:2:2
balanced_racing_net_log21,Ascend910B3,20,external_v4_dense_balanced_aligned,2560,3072,5120,fp16,0,0,13:208:3072:480:16:16:80:6:6:1:1:0:6:6:1:2:1:7:1:2:1:2:2
balanced_racing_net_log21,Ascend910B3,20,external_v4_dense_balanced_aligned,2560,3072,5120,fp16,0,0,20:288:624:1024:64:16:32:96:64:3:2:0:32:32:1:1:1:1:5:9:1:0:2
balanced_racing_net_log21,Ascend910B3,20,external_v4_dense_balanced_aligned,2560,3072,5120,fp16,0,0,20:288:624:1024:64:16:32:96:128:3:2:0:32:32:1:1:1:1:5:9:1:1:2
balanced_racing_net_log21,Ascend910B3,20,external_v4_dense_balanced_aligned,2560,3072,5120,fp16,0,0,14:192:3072:320:16:16:80:16:24:2:3:1:4:4:2:2:1:14:1:1:1:2:2
balanced_racing_net_log21,Ascend910B3,20,external_v4_dense_balanced_aligned,2560,3072,5120,fp16,0,0,20:432:448:1024:96:16:16:128:64:1:1:0:64:64:2:2:1:1:4:6:2:1:2
balanced_racing_net_log21,Ascend910B3,20,external_v4_dense_balanced_aligned,2560,3072,5120,fp16,0,0,20:288:624:512:64:16:32:96:32:3:2:0:16:16:1:1:1:1:5:9:1:1:2
balanced_racing_net_log21,Ascend910B3,20,external_v4_dense_balanced_aligned,2560,3072,5120,fp16,0,0,4:2560:384:384:128:128:128:6:9:1:3:0:3:3:2:2:2:1:1:1:8:1:3
balanced_racing_net_log21,Ascend910B3,20,external_v4_dense_balanced_aligned,2560,3072,5120,fp16,0,0,14:2560:384:384:128:128:128:6:9:1:3:0:3:3:2:2:2:1:1:1:8:2:3
balanced_racing_net_log21,Ascend910B3,20,external_v4_dense_balanced_aligned,2560,3072,5120,fp16,0,0,2:2560:384:384:128:128:128:6:9:1:3:0:3:3:2:2:2:1:1:1:8:1:3
balanced_racing_net_log21,Ascend910B3,20,external_v4_dense_balanced_aligned,2560,3072,5120,fp16,0,0,8:2560:384:5120:48:384:64:1:1:1:1:0:1:1:2:1:1:1:8:1:1:1:0
balanced_racing_net_log21,Ascend910B3,20,external_v4_dense_balanced_aligned,2560,3072,5120,fp16,0,0,1:2560:384:384:128:128:128:6:9:1:3:0:3:3:2:2:2:1:1:1:8:1:3
balanced_racing_net_log21,Ascend910B3,20,external_v4_dense_balanced_aligned,2560,3072,5120,fp16,0,0,14:384:3072:384:128:128:128:9:6:3:1:1:3:3:2:2:2:1:1:7:1:1:3
balanced_racing_net_log21,Ascend910B3,20,external_v4_dense_balanced_aligned,2560,3072,5120,fp16,0,0,13:2560:384:384:128:128:128:6:9:1:3:0:3:3:2:2:2:1:1:1:8:1:3
balanced_racing_net_log21,Ascend910B3,20,external_v4_dense_balanced_aligned,2560,3072,5120,fp16,0,0,14:384:3072:384:128:128:128:9:6:3:1:1:3:3:2:2:1:1:1:7:1:0:3
balanced_racing_net_log21,Ascend910B3,20,external_v4_dense_balanced_aligned,2560,3072,5120,fp16,0,0,14:2560:384:384:128:128:128:6:9:1:3:0:3:3:2:2:1:1:1:1:8:1:3
balanced_racing_net_log21,Ascend910B3,20,external_v4_dense_balanced_aligned,2560,3072,5120,fp16,0,0,13:384:3072:384:128:128:128:9:6:3:1:1:3:3:2:2:2:1:1:7:1:0:3
balanced_racing_net_log21,Ascend910B3,20,external_v4_dense_balanced_aligned,2560,3072,5120,fp16,0,0,9:384:3072:384:128:128:128:9:6:3:1:1:3:3:2:2:2:1:1:7:1:0:3
balanced_racing_net_log21,Ascend910B3,20,external_v4_dense_balanced_aligned,2560,3072,5120,fp16,0,0,8:384:3072:384:128:128:128:9:6:3:1:1:3:3:2:2:1:1:1:7:1:0:3
balanced_racing_net_log21,Ascend910B3,20,external_v4_dense_balanced_aligned,2560,3072,5120,fp16,0,0,9:2560:384:384:128:128:128:6:9:1:3:0:3:3:2:2:2:1:1:1:8:1:3
balanced_racing_net_log21,Ascend910B3,20,external_v4_dense_balanced_aligned,2560,3072,5120,fp16,0,0,8:2560:384:384:128:128:128:6:9:1:3:0:3:3:2:2:2:1:1:1:8:2:3
balanced_racing_net_log21,Ascend910B3,20,external_v4_dense_balanced_aligned,2560,3072,5120,fp16,0,0,8:2560:384:384:128:128:128:6:9:1:3:0:3:3:2:2:1:1:1:1:8:1:3
balanced_racing_net_log21,Ascend910B3,20,external_v4_dense_balanced_aligned,2560,3072,5120,fp16,0,0,5:384:3072:384:128:128:128:9:6:3:1:1:3:3:2:2:2:1:1:7:1:0:3
balanced_racing_net_log21,Ascend910B3,20,external_v4_dense_balanced_odd,2113,2801,4867,fp16,0,0,16:544:704:1232:48:48:16:77:77:1:1:1:77:77:1:1:1:1:1:4:4:2:2
balanced_racing_net_log21,Ascend910B3,20,external_v4_dense_balanced_odd,2113,2801,4867,fp16,0,0,14:304:1408:384:48:48:48:16:24:2:3:1:8:8:1:1:1:3:1:3:2:1:2
balanced_racing_net_log21,Ascend910B3,20,external_v4_dense_balanced_odd,2113,2801,4867,fp16,0,0,11:208:2816:512:32:32:64:24:16:3:2:0:8:8:1:1:1:6:1:2:1:0:2
balanced_racing_net_log21,Ascend910B3,20,external_v4_dense_balanced_odd,2113,2801,4867,fp16,0,0,13:176:2816:480:16:16:80:6:6:1:1:0:6:6:1:2:1:7:1:2:1:2:2
balanced_racing_net_log21,Ascend910B3,20,external_v4_dense_balanced_odd,2113,2801,4867,fp16,0,0,20:192:944:976:48:16:16:61:61:1:1:1:61:61:1:1:1:12:1:1:3:2:2
balanced_racing_net_log21,Ascend910B3,20,external_v4_dense_balanced_odd,2113,2801,4867,fp16,0,0,20:304:480:976:64:16:16:122:366:2:3:0:61:61:2:2:2:4:3:2:2:2:2
balanced_racing_net_log21,Ascend910B3,20,external_v4_dense_balanced_odd,2113,2801,4867,fp16,0,0,11:208:2816:384:32:32:64:18:12:3:2:0:6:6:1:1:1:6:1:2:1:0:2
balanced_racing_net_log21,Ascend910B3,20,external_v4_dense_balanced_odd,2113,2801,4867,fp16,0,0,14:304:1408:288:48:48:48:24:18:2:3:1:6:6:1:1:1:3:1:3:2:2:2
balanced_racing_net_log21,Ascend910B3,20,external_v4_dense_balanced_odd,2113,2801,4867,fp16,0,0,13:176:2816:240:16:16:80:6:6:1:1:1:3:3:1:2:1:13:1:1:1:1:2
balanced_racing_net_log21,Ascend910B3,20,external_v4_dense_balanced_odd,2113,2801,4867,fp16,0,0,13:176:2816:240:16:16:80:3:3:1:1:1:3:3:1:2:1:7:1:2:1:2:2
balanced_racing_net_log21,Ascend910B3,20,external_v4_dense_balanced_odd,2113,2801,4867,fp16,0,0,8:2128:384:384:128:128:128:6:9:1:3:0:3:3:2:2:2:1:1:1:8:1:3
balanced_racing_net_log21,Ascend910B3,20,external_v4_dense_balanced_odd,2113,2801,4867,fp16,0,0,13:2128:384:384:128:128:128:6:9:1:3:0:3:3:2:2:2:1:2:1:4:1:3
balanced_racing_net_log21,Ascend910B3,20,external_v4_dense_balanced_odd,2113,2801,4867,fp16,0,0,12:2128:384:384:128:128:128:6:9:1:3:0:3:3:2:2:2:1:1:1:8:1:3
balanced_racing_net_log21,Ascend910B3,20,external_v4_dense_balanced_odd,2113,2801,4867,fp16,0,0,13:384:2816:384:128:128:128:9:6:3:1:1:3:3:2:2:2:2:1:3:1:0:3
balanced_racing_net_log21,Ascend910B3,20,external_v4_dense_balanced_odd,2113,2801,4867,fp16,0,0,10:224:2816:4867:32:16:128:32:32:2:2:1:8:8:2:2:1:1:1:10:1:0:0
balanced_racing_net_log21,Ascend910B3,20,external_v4_dense_balanced_odd,2113,2801,4867,fp16,0,0,13:384:2816:384:128:128:128:9:6:3:1:1:3:3:2:2:1:1:1:6:1:0:3
balanced_racing_net_log21,Ascend910B3,20,external_v4_dense_balanced_odd,2113,2801,4867,fp16,0,0,13:2128:384:384:128:128:128:6:9:1:3:0:3:3:2:2:2:1:1:1:8:2:3
balanced_racing_net_log21,Ascend910B3,20,external_v4_dense_balanced_odd,2113,2801,4867,fp16,0,0,13:2128:384:384:128:128:128:6:9:1:3:0:3:3:2:2:1:1:1:1:8:1:3
balanced_racing_net_log21,Ascend910B3,20,external_v4_dense_balanced_odd,2113,2801,4867,fp16,0,0,12:384:2816:384:128:128:128:9:6:3:1:1:3:3:2:2:2:1:1:6:1:0:3
balanced_racing_net_log21,Ascend910B3,20,external_v4_dense_balanced_odd,2113,2801,4867,fp16,0,0,9:384:2816:384:128:128:128:9:6:3:1:1:3:3:2:2:2:1:1:6:1:0:3
balanced_racing_net_log21,Ascend910B3,20,external_v4_dense_balanced_odd,2113,2801,4867,fp16,0,0,8:384:2816:384:128:128:128:9:6:3:1:1:3:3:2:2:1:1:1:6:1:0:3
balanced_racing_net_log21,Ascend910B3,20,external_v4_dense_balanced_odd,2113,2801,4867,fp16,0,0,4:2128:384:384:128:128:128:6:9:1:3:0:3:3:2:2:2:1:1:1:8:2:3
balanced_racing_net_log21,Ascend910B3,20,external_v4_dense_balanced_odd,2113,2801,4867,fp16,0,0,5:2128:384:384:128:128:128:6:9:1:3:0:3:3:2:2:2:1:1:1:8:1:3
balanced_racing_net_log21,Ascend910B3,20,external_v4_dense_balanced_odd,2113,2801,4867,fp16,0,0,5:384:2816:384:128:128:128:9:6:3:1:1:3:3:2:2:2:1:1:6:1:0:3
balanced_racing_net_log21,Ascend910B3,20,external_v4_dense_tall,4864,1280,5632,fp16,0,0,4:384:1280:384:128:128:128:9:6:3:1:1:3:3:2:2:2:1:1:13:1:0:3
balanced_racing_net_log21,Ascend910B3,20,external_v4_dense_tall,4864,1280,5632,fp16,0,0,8:2432:336:5632:80:336:64:16:4:4:1:0:4:4:2:1:1:1:2:2:2:0:0
balanced_racing_net_log21,Ascend910B3,20,external_v4_dense_tall,4864,1280,5632,fp16,0,0,15:384:1280:384:128:128:128:9:6:3:1:1:3:3:2:2:1:1:1:13:1:0:3
balanced_racing_net_log21,Ascend910B3,20,external_v4_dense_tall,4864,1280,5632,fp16,0,0,20:496:640:5632:80:48:320:8:1:4:1:0:1:1:1:2:1:10:1:1:2:0:0
balanced_racing_net_log21,Ascend910B3,20,external_v4_dense_tall,4864,1280,5632,fp16,0,0,12:416:1280:5632:48:32:192:8:16:2:4:1:2:2:1:1:1:12:1:1:1:0:0
balanced_racing_net_log21,Ascend910B3,20,external_v4_dense_tall,4864,1280,5632,fp16,0,0,3:4864:448:5632:64:448:16:2:2:1:1:1:2:2:1:1:1:1:3:1:1:2:0
balanced_racing_net_log21,Ascend910B3,20,external_v4_dense_tall,4864,1280,5632,fp16,0,0,2:384:1280:384:128:128:128:9:6:3:1:1:3:3:2:2:2:1:1:13:1:0:3
balanced_racing_net_log21,Ascend910B3,20,external_v4_dense_tall,4864,1280,5632,fp16,0,0,1:4864:384:384:128:128:128:6:9:1:3:0:3:3:2:2:2:1:1:1:4:1:3
balanced_racing_net_log21,Ascend910B3,20,external_v4_dense_tall,4864,1280,5632,fp16,0,0,15:384:1280:384:128:128:128:9:6:3:1:1:3:3:2:2:2:1:1:13:1:1:3
balanced_racing_net_log21,Ascend910B3,20,external_v4_dense_tall,4864,1280,5632,fp16,0,0,20:352:144:5632:32:128:128:16:4:4:1:0:2:2:2:2:2:14:9:1:1:0:0
balanced_racing_net_log21,Ascend910B3,20,external_v4_dense_tall,4864,1280,5632,fp16,0,0,20:160:416:5632:32:416:32:32:8:2:1:0:8:8:2:2:2:1:1:31:4:0:0
balanced_racing_net_log21,Ascend910B3,20,external_v4_dense_tall,4864,1280,5632,fp16,0,0,1:384:1280:384:128:128:128:9:6:3:1:1:3:3:2:2:2:1:1:13:1:0:3
balanced_racing_net_log21,Ascend910B3,20,external_v4_dense_tall,4864,1280,5632,fp16,0,0,15:4864:384:384:128:128:128:6:9:1:3:0:3:3:2:2:2:1:1:1:4:2:3
balanced_racing_net_log21,Ascend910B3,20,external_v4_dense_tall,4864,1280,5632,fp16,0,0,20:2432:16:5632:304:16:48:16:8:2:1:0:4:4:2:2:2:1:27:2:3:0:0
balanced_racing_net_log21,Ascend910B3,20,external_v4_dense_tall,4864,1280,5632,fp16,0,0,15:4864:384:384:128:128:128:6:9:1:3:0:3:3:2:2:2:1:2:1:2:1:3
balanced_racing_net_log21,Ascend910B3,20,external_v4_dense_tall,4864,1280,5632,fp16,0,0,6:2432:448:192:32:112:48:32:32:4:4:1:4:4:2:1:1:2:2:1:2:2:2
balanced_racing_net_log21,Ascend910B3,20,external_v4_dense_tall,4864,1280,5632,fp16,0,0,20:416:320:576:96:16:16:144:144:4:4:1:36:36:1:2:1:12:2:1:2:1:2
balanced_racing_net_log21,Ascend910B3,20,external_v4_dense_tall,4864,1280,5632,fp16,0,0,20:448:320:768:16:64:48:64:64:4:4:1:16:16:2:1:1:11:1:1:4:0:2
balanced_racing_net_log21,Ascend910B3,20,external_v4_dense_tall,4864,1280,5632,fp16,0,0,20:496:640:2816:32:32:32:88:88:1:1:0:88:88:2:2:1:5:1:2:2:1:2
balanced_racing_net_log21,Ascend910B3,20,external_v4_dense_tall,4864,1280,5632,fp16,0,0,9:4864:384:384:128:128:128:6:9:1:3:0:3:3:2:2:2:1:1:1:4:1:3
balanced_racing_net_log21,Ascend910B3,20,external_v4_dense_tall,4864,1280,5632,fp16,0,0,20:816:160:1136:192:16:16:71:142:1:1:1:71:71:1:1:1:6:2:1:6:2:2
balanced_racing_net_log21,Ascend910B3,20,external_v4_dense_tall,4864,1280,5632,fp16,0,0,20:256:256:384:48:80:64:24:36:2:3:1:6:6:1:1:1:10:2:2:4:1:2
balanced_racing_net_log21,Ascend910B3,20,external_v4_dense_tall,4864,1280,5632,fp16,0,0,11:448:1280:384:32:32:64:36:12:3:2:0:6:6:1:1:1:1:1:11:1:1:2
balanced_racing_net_log21,Ascend910B3,20,external_v4_dense_tall,4864,1280,5632,fp16,0,0,11:448:1280:192:32:32:64:18:6:3:2:1:3:3:1:1:1:1:1:11:1:1:2
balanced_racing_net_log21,Ascend910B3,20,external_v4_dense_wide,1280,4864,5632,fp16,0,0,15:1280:384:384:128:128:128:6:9:1:3:0:3:3:2:2:2:1:3:1:6:1:3
balanced_racing_net_log21,Ascend910B3,20,external_v4_dense_wide,1280,4864,5632,fp16,0,0,4:384:4864:384:128:128:128:9:6:3:1:1:3:3:2:2:2:1:1:4:1:0:3
balanced_racing_net_log21,Ascend910B3,20,external_v4_dense_wide,1280,4864,5632,fp16,0,0,4:1280:384:384:128:128:128:6:9:1:3:0:3:3:2:2:2:1:1:1:13:1:3
balanced_racing_net_log21,Ascend910B3,20,external_v4_dense_wide,1280,4864,5632,fp16,0,0,2:384:4864:384:128:128:128:9:6:3:1:1:3:3:2:2:2:1:1:4:1:0:3
balanced_racing_net_log21,Ascend910B3,20,external_v4_dense_wide,1280,4864,5632,fp16,0,0,14:96:4864:5632:32:224:64:2:8:1:4:1:1:1:2:1:1:14:1:1:1:0:0
balanced_racing_net_log21,Ascend910B3,20,external_v4_dense_wide,1280,4864,5632,fp16,0,0,2:1280:384:384:128:128:128:6:9:1:3:0:3:3:2:2:2:1:1:1:13:1:3
balanced_racing_net_log21,Ascend910B3,20,external_v4_dense_wide,1280,4864,5632,fp16,0,0,1:384:4864:384:128:128:128:9:6:3:1:1:3:3:2:2:2:1:1:4:1:0:3
balanced_racing_net_log21,Ascend910B3,20,external_v4_dense_wide,1280,4864,5632,fp16,0,0,20:224:160:5632:48:16:320:4:4:1:2:1:2:2:1:1:1:6:31:1:1:0:0
balanced_racing_net_log21,Ascend910B3,20,external_v4_dense_wide,1280,4864,5632,fp16,0,0,14:192:2432:640:32:64:80:24:16:3:2:0:8:8:2:1:1:4:2:2:1:1:2
balanced_racing_net_log21,Ascend910B3,20,external_v4_dense_wide,1280,4864,5632,fp16,0,0,14:192:2432:640:32:64:80:24:16:3:2:0:8:8:2:1:2:7:2:1:1:1:2
balanced_racing_net_log21,Ascend910B3,20,external_v4_dense_wide,1280,4864,5632,fp16,0,0,14:192:2432:640:32:64:80:24:16:3:2:0:8:8:2:1:1:7:2:1:1:2:2
balanced_racing_net_log21,Ascend910B3,20,external_v4_dense_wide,1280,4864,5632,fp16,0,0,20:128:304:768:64:48:96:16:24:2:3:1:8:8:1:1:1:5:6:2:3:2:2
balanced_racing_net_log21,Ascend910B3,20,external_v4_dense_wide,1280,4864,5632,fp16,0,0,12:112:4864:128:32:32:64:6:8:3:2:0:2:2:1:1:1:1:1:12:1:1:2
balanced_racing_net_log21,Ascend910B3,20,external_v4_dense_wide,1280,4864,5632,fp16,0,0,16:320:1216:16:48:48:16:1:1:1:1:1:1:1:1:1:1:1:2:4:2:0:2
balanced_racing_net_log21,Ascend910B3,20,external_v4_dense_wide,1280,4864,5632,fp16,0,0,7:384:4864:384:128:128:128:9:6:3:1:1:3:3:2:2:2:1:1:4:1:0:3
balanced_racing_net_log21,Ascend910B3,20,external_v4_dense_wide,1280,4864,5632,fp16,0,0,20:96:496:2816:48:32:64:44:44:1:1:0:44:44:2:2:1:5:3:3:4:2:2
balanced_racing_net_log21,Ascend910B3,20,external_v4_dense_wide,1280,4864,5632,fp16,0,0,20:96:496:1408:80:48:32:44:44:1:1:0:44:44:1:1:1:3:2:5:6:0:2
balanced_racing_net_log21,Ascend910B3,20,external_v4_dense_wide,1280,4864,5632,fp16,0,0,14:96:4864:240:16:16:80:12:24:4:4:0:3:3:2:1:1:1:1:14:1:2:2
balanced_racing_net_log21,Ascend910B3,20,external_v4_dense_wide,1280,4864,5632,fp16,0,0,12:112:4864:512:32:32:64:48:16:3:2:0:8:8:1:1:1:1:1:12:1:1:2
balanced_racing_net_log21,Ascend910B3,20,external_v4_dense_wide,1280,4864,5632,fp16,0,0,20:112:336:816:96:48:16:102:51:1:1:1:51:51:2:1:1:1:8:12:2:1:2
balanced_racing_net_log21,Ascend910B3,20,external_v4_dense_wide,1280,4864,5632,fp16,0,0,20:112:336:704:96:48:16:44:88:1:1:0:44:44:2:1:1:1:8:12:2:1:2
balanced_racing_net_log21,Ascend910B3,20,external_v4_dense_wide,1280,4864,5632,fp16,0,0,20:96:496:1024:48:32:64:32:32:1:1:0:16:16:2:2:1:5:4:3:3:1:2
balanced_racing_net_log21,Ascend910B3,20,external_v4_dense_wide,1280,4864,5632,fp16,0,0,20:640:64:768:80:32:48:32:32:1:1:0:16:16:1:1:1:2:26:1:3:0:2
balanced_racing_net_log21,Ascend910B3,20,external_v4_dense_wide,1280,4864,5632,fp16,0,0,20:256:160:576:32:48:96:18:24:3:2:0:6:6:2:1:1:5:7:1:5:0:2
balanced_racing_net_log21,Ascend910B3,20,external_v4_dense_large,5632,6144,7680,fp16,0,0,20:1408:1232:7680:32:32:384:8:2:4:1:1:1:1:2:2:1:4:5:1:1:2:0
balanced_racing_net_log21,Ascend910B3,20,external_v4_dense_large,5632,6144,7680,fp16,0,0,8:5632:384:384:128:128:128:6:9:1:3:0:3:3:2:2:2:1:1:1:16:2:3
balanced_racing_net_log21,Ascend910B3,20,external_v4_dense_large,5632,6144,7680,fp16,0,0,8:5632:384:384:128:128:128:6:9:1:3:0:3:3:2:2:1:1:1:1:16:1:3
balanced_racing_net_log21,Ascend910B3,20,external_v4_dense_large,5632,6144,7680,fp16,0,0,20:5632:384:384:128:128:128:6:9:1:3:0:3:3:2:2:1:1:1:1:16:1:3
balanced_racing_net_log21,Ascend910B3,20,external_v4_dense_large,5632,6144,7680,fp16,0,0,8:384:6144:384:128:128:128:9:6:3:1:1:3:3:2:2:1:1:1:15:1:0:3
balanced_racing_net_log21,Ascend910B3,20,external_v4_dense_large,5632,6144,7680,fp16,0,0,20:384:6144:384:128:128:128:9:6:3:1:1:3:3:2:2:1:1:1:15:1:0:3
balanced_racing_net_log21,Ascend910B3,20,external_v4_dense_large,5632,6144,7680,fp16,0,0,8:384:6144:384:128:128:128:9:6:3:1:1:3:3:2:2:2:1:1:15:1:1:3
balanced_racing_net_log21,Ascend910B3,20,external_v4_dense_large,5632,6144,7680,fp16,0,0,16:352:6144:1280:16:16:160:32:32:4:4:0:8:8:1:1:1:16:1:1:1:2:2
balanced_racing_net_log21,Ascend910B3,20,external_v4_dense_large,5632,6144,7680,fp16,0,0,20:704:2048:1280:32:16:80:64:64:4:4:0:16:16:1:2:1:4:2:2:2:2:2
balanced_racing_net_log21,Ascend910B3,20,external_v4_dense_large,5632,6144,7680,fp16,0,0,12:480:6144:640:16:16:80:32:32:4:4:1:8:8:2:1:1:1:1:12:1:2:2
balanced_racing_net_log21,Ascend910B3,20,external_v4_dense_large,5632,6144,7680,fp16,0,0,12:480:6144:640:16:16:80:32:32:4:4:1:8:8:2:1:2:1:1:12:1:1:2
balanced_racing_net_log21,Ascend910B3,20,external_v4_dense_large,5632,6144,7680,fp16,0,0,20:1136:688:1280:16:16:160:32:64:4:4:0:8:8:2:1:1:5:2:1:6:2:2
balanced_racing_net_log21,Ascend910B3,20,external_v4_dense_large,5632,6144,7680,fp16,0,0,20:1136:688:1280:16:16:160:32:64:4:4:1:8:8:2:1:1:5:2:1:6:0:2
balanced_racing_net_log21,Ascend910B3,20,external_v4_dense_large,5632,6144,7680,fp16,0,0,16:5632:384:384:128:128:128:6:9:1:3:0:3:3:2:2:2:1:1:1:16:2:3
balanced_racing_net_log21,Ascend910B3,20,external_v4_dense_large,5632,6144,7680,fp16,0,0,9:5632:384:384:128:128:128:6:9:1:3:0:3:3:2:2:2:1:1:1:16:1:3
balanced_racing_net_log21,Ascend910B3,20,external_v4_dense_large,5632,6144,7680,fp16,0,0,16:384:6144:384:128:128:128:9:6:3:1:1:3:3:2:2:2:1:1:15:1:1:3
balanced_racing_net_log21,Ascend910B3,20,external_v4_dense_large,5632,6144,7680,fp16,0,0,9:384:6144:384:128:128:128:9:6:3:1:1:3:3:2:2:2:1:1:15:1:0:3
balanced_racing_net_log21,Ascend910B3,20,external_v4_dense_large,5632,6144,7680,fp16,0,0,19:5632:384:384:128:128:128:6:9:1:3:0:3:3:2:2:2:1:1:1:16:1:3
balanced_racing_net_log21,Ascend910B3,20,external_v4_dense_large,5632,6144,7680,fp16,0,0,19:384:6144:384:128:128:128:9:6:3:1:1:3:3:2:2:2:1:1:15:1:0:3
balanced_racing_net_log21,Ascend910B3,20,external_v4_dense_large,5632,6144,7680,fp16,0,0,20:1888:416:384:48:80:64:24:36:2:3:1:6:6:1:1:1:2:5:2:3:2:2
balanced_racing_net_log21,Ascend910B3,20,external_v4_dense_large,5632,6144,7680,fp16,0,0,19:944:416:256:96:48:16:128:64:4:4:1:16:16:1:1:1:3:4:2:4:2:2
balanced_racing_net_log21,Ascend910B3,20,external_v4_dense_large,5632,6144,7680,fp16,0,0,20:944:768:384:64:64:48:32:48:2:3:1:8:8:2:1:1:3:4:2:2:1:2
balanced_racing_net_log21,Ascend910B3,20,external_v4_dense_large,5632,6144,7680,fp16,0,0,20:480:1232:576:32:32:96:24:48:4:4:1:6:6:1:2:1:1:5:12:1:1:2
balanced_racing_net_log21,Ascend910B3,20,external_v4_dense_large,5632,6144,7680,fp16,0,0,20:480:1232:576:32:32:96:48:24:4:4:1:6:6:1:2:1:1:5:12:1:1:2
balanced_racing_net_log21,Ascend910B3,20,external_v4_k_shallow,2304,2560,448,fp16,0,0,11:224:2560:448:32:64:96:16:8:2:2:1:4:4:2:1:1:11:1:1:1:1:0
balanced_racing_net_log21,Ascend910B3,20,external_v4_k_shallow,2304,2560,448,fp16,0,0,11:224:2560:448:32:64:96:16:8:2:2:1:4:4:2:1:2:11:1:1:1:0:0
balanced_racing_net_log21,Ascend910B3,20,external_v4_k_shallow,2304,2560,448,fp16,0,0,11:224:2560:448:32:64:96:16:8:2:2:0:4:4:2:1:1:11:1:1:1:0:0
balanced_racing_net_log21,Ascend910B3,20,external_v4_k_shallow,2304,2560,448,fp16,0,0,20:576:512:448:224:48:112:1:2:1:1:0:1:1:1:1:1:4:1:1:5:0:0
balanced_racing_net_log21,Ascend910B3,20,external_v4_k_shallow,2304,2560,448,fp16,0,0,12:192:2560:448:64:352:32:2:2:1:1:0:2:2:2:1:1:2:1:7:1:0:0
balanced_racing_net_log21,Ascend910B3,20,external_v4_k_shallow,2304,2560,448,fp16,0,0,18:768:432:448:64:96:16:4:2:4:1:0:1:1:1:2:1:1:1:3:6:0:0
balanced_racing_net_log21,Ascend910B3,20,external_v4_k_shallow,2304,2560,448,fp16,0,0,14:176:2560:448:64:352:32:2:2:1:2:1:1:1:1:2:1:3:1:6:1:0:0
balanced_racing_net_log21,Ascend910B3,20,external_v4_k_shallow,2304,2560,448,fp16,0,0,19:224:1280:16:48:16:16:1:2:1:1:1:1:1:1:1:1:2:1:8:2:1:2
balanced_racing_net_log21,Ascend910B3,20,external_v4_k_shallow,2304,2560,448,fp16,0,0,14:336:1280:448:48:48:48:64:8:4:1:1:8:8:1:1:1:7:1:1:2:0:0
balanced_racing_net_log21,Ascend910B3,20,external_v4_k_shallow,2304,2560,448,fp16,0,0,20:464:640:448:48:48:16:8:32:1:4:1:4:4:2:1:1:1:2:5:2:0:0
balanced_racing_net_log21,Ascend910B3,20,external_v4_k_shallow,2304,2560,448,fp16,0,0,14:336:1280:448:272:16:16:4:8:1:4:1:2:2:1:2:1:7:1:1:2:0:0
balanced_racing_net_log21,Ascend910B3,20,external_v4_k_shallow,2304,2560,448,fp16,0,0,14:176:2560:320:16:16:80:8:8:1:1:0:4:4:1:2:1:14:1:1:1:1:2
balanced_racing_net_log21,Ascend910B3,20,external_v4_k_shallow,2304,2560,448,fp16,0,0,20:464:640:432:96:32:16:54:162:2:3:0:27:27:2:2:2:1:1:5:4:1:2
balanced_racing_net_log21,Ascend910B3,20,external_v4_k_shallow,2304,2560,448,fp16,0,0,8:2304:320:448:80:320:48:16:4:2:1:1:4:4:1:1:1:1:1:1:8:0:0
balanced_racing_net_log21,Ascend910B3,20,external_v4_k_shallow,2304,2560,448,fp16,0,0,5:464:2560:448:464:64:48:4:4:1:1:1:2:2:1:1:1:2:1:3:1:0:0
balanced_racing_net_log21,Ascend910B3,20,external_v4_k_shallow,2304,2560,448,fp16,0,0,20:240:192:448:192:16:80:12:12:1:2:0:6:6:2:2:2:1:7:10:2:0:0
balanced_racing_net_log21,Ascend910B3,20,external_v4_k_shallow,2304,2560,448,fp16,0,0,20:80:320:448:80:48:64:7:7:1:1:1:7:7:2:2:1:10:3:3:3:0:0
balanced_racing_net_log21,Ascend910B3,20,external_v4_k_shallow,2304,2560,448,fp16,0,0,20:464:80:448:64:32:256:1:1:1:1:0:1:1:2:2:2:1:8:5:4:0:0
balanced_racing_net_log21,Ascend910B3,20,external_v4_k_shallow,2304,2560,448,fp16,0,0,20:144:256:448:144:224:80:4:8:1:1:1:4:4:2:1:1:16:2:1:9:0:0
balanced_racing_net_log21,Ascend910B3,20,external_v4_k_shallow,2304,2560,448,fp16,0,0,20:160:288:256:64:96:32:32:48:2:3:1:8:8:2:1:1:1:1:15:9:0:2
balanced_racing_net_log21,Ascend910B3,20,external_v4_k_shallow,2304,2560,448,fp16,0,0,20:832:48:448:832:16:16:8:4:1:1:0:4:4:2:1:1:1:8:3:7:0:0
balanced_racing_net_log21,Ascend910B3,20,external_v4_k_shallow,2304,2560,448,fp16,0,0,20:112:288:256:48:96:64:16:12:2:3:1:4:4:1:1:1:2:1:17:9:1:2
balanced_racing_net_log21,Ascend910B3,20,external_v4_k_shallow,2304,2560,448,fp16,0,0,20:384:112:256:96:16:16:64:64:4:4:1:16:16:1:2:1:1:6:6:4:2:2
balanced_racing_net_log21,Ascend910B3,20,external_v4_k_shallow,2304,2560,448,fp16,0,0,1:384:2560:384:128:128:128:9:6:3:1:1:3:3:2:2:2:1:1:6:1:0:3
balanced_racing_net_log21,Ascend910B3,20,external_v4_k_deep,1536,2048,24576,fp16,0,0,14:224:1024:24576:64:16:32:2:2:1:2:0:1:1:1:2:2:1:1:7:2:0:0
balanced_racing_net_log21,Ascend910B3,20,external_v4_k_deep,1536,2048,24576,fp16,0,0,14:224:1024:24576:64:16:32:2:2:1:2:0:1:1:1:2:1:1:1:7:2:1:0
balanced_racing_net_log21,Ascend910B3,20,external_v4_k_deep,1536,2048,24576,fp16,0,0,14:224:1024:24576:64:16:32:2:2:1:2:0:1:1:1:2:1:1:2:7:1:0:0
balanced_racing_net_log21,Ascend910B3,20,external_v4_k_deep,1536,2048,24576,fp16,0,0,14:224:1024:24576:64:16:32:2:2:1:2:0:1:1:1:2:1:3:1:3:2:0:0
balanced_racing_net_log21,Ascend910B3,20,external_v4_k_deep,1536,2048,24576,fp16,0,0,14:224:1024:24576:64:16:32:2:2:1:2:1:1:1:1:2:1:1:1:7:2:0:0
balanced_racing_net_log21,Ascend910B3,20,external_v4_k_deep,1536,2048,24576,fp16,0,0,20:1536:384:384:128:128:128:6:9:1:3:0:3:3:2:2:2:1:2:1:3:1:3
balanced_racing_net_log21,Ascend910B3,20,external_v4_k_deep,1536,2048,24576,fp16,0,0,3:672:2048:24576:672:16:16:1:4:1:2:1:1:1:2:2:1:3:1:1:1:0:0
balanced_racing_net_log21,Ascend910B3,20,external_v4_k_deep,1536,2048,24576,fp16,0,0,3:512:2048:24576:512:16:16:4:8:1:2:1:4:4:2:1:2:3:1:1:1:0:0
balanced_racing_net_log21,Ascend910B3,20,external_v4_k_deep,1536,2048,24576,fp16,0,0,3:672:2048:24576:672:16:16:1:4:1:2:1:1:1:2:2:2:2:1:2:1:0:0
balanced_racing_net_log21,Ascend910B3,20,external_v4_k_deep,1536,2048,24576,fp16,0,0,3:512:2048:24576:512:16:16:4:8:1:2:0:4:4:2:1:1:3:1:1:1:0:0
balanced_racing_net_log21,Ascend910B3,20,external_v4_k_deep,1536,2048,24576,fp16,0,0,20:1536:384:384:128:128:128:6:9:1:3:0:3:3:2:2:2:1:1:1:6:2:3
balanced_racing_net_log21,Ascend910B3,20,external_v4_k_deep,1536,2048,24576,fp16,0,0,19:1536:384:384:128:128:128:6:9:1:3:0:3:3:2:2:2:1:1:1:6:1:3
balanced_racing_net_log21,Ascend910B3,20,external_v4_k_deep,1536,2048,24576,fp16,0,0,20:1536:384:384:128:128:128:6:9:1:3:0:3:3:2:2:1:1:1:1:6:1:3
balanced_racing_net_log21,Ascend910B3,20,external_v4_k_deep,1536,2048,24576,fp16,0,0,6:592:1024:24576:592:48:48:8:8:1:2:0:4:4:1:2:1:3:2:1:1:1:0
balanced_racing_net_log21,Ascend910B3,20,external_v4_k_deep,1536,2048,24576,fp16,0,0,6:640:1024:24576:640:32:16:8:8:1:1:0:8:8:2:2:1:1:2:3:1:2:0
balanced_racing_net_log21,Ascend910B3,20,external_v4_k_deep,1536,2048,24576,fp16,0,0,8:464:1024:24576:464:64:16:8:32:1:4:1:8:8:2:1:1:4:1:1:2:1:0
balanced_racing_net_log21,Ascend910B3,20,external_v4_k_deep,1536,2048,24576,fp16,0,0,9:672:688:24576:672:48:16:4:4:1:1:1:4:4:1:1:1:1:3:3:1:2:0
balanced_racing_net_log21,Ascend910B3,20,external_v4_k_deep,1536,2048,24576,fp16,0,0,4:1536:512:24576:32:512:16:1:2:1:1:0:1:1:2:2:2:1:4:1:1:1:0
balanced_racing_net_log21,Ascend910B3,20,external_v4_k_deep,1536,2048,24576,fp16,0,0,20:160:144:2560:32:16:160:16:32:1:1:0:16:16:1:2:1:5:8:2:2:1:2
balanced_racing_net_log21,Ascend910B3,20,external_v4_k_deep,1536,2048,24576,fp16,0,0,14:224:1024:96:48:48:48:8:6:2:3:1:2:2:1:1:1:7:2:1:1:0:2
balanced_racing_net_log21,Ascend910B3,20,external_v4_k_deep,1536,2048,24576,fp16,0,0,20:160:144:2560:32:16:160:16:16:1:1:0:16:16:1:2:1:5:8:2:2:0:2
balanced_racing_net_log21,Ascend910B3,20,external_v4_k_deep,1536,2048,24576,fp16,0,0,20:192:128:256:96:16:16:64:96:2:3:1:16:16:1:1:1:1:1:8:16:1:2
balanced_racing_net_log21,Ascend910B3,20,external_v4_k_deep,1536,2048,24576,fp16,0,0,20:192:112:256:96:16:16:32:48:2:3:1:16:16:2:2:2:3:5:3:4:1:2
balanced_racing_net_log21,Ascend910B3,20,external_v4_k_deep,1536,2048,24576,fp16,0,0,6:256:2048:256:64:96:32:32:64:4:4:1:8:8:2:2:1:6:1:1:1:1:2
balanced_racing_net_log21,Ascend910B3,20,external_v4_k_low_output_deep_aligned,320,256,28672,fp16,0,0,20:320:384:384:128:128:128:6:9:1:3:0:3:3:2:2:2:1:1:1:1:2:3
balanced_racing_net_log21,Ascend910B3,20,external_v4_k_low_output_deep_aligned,320,256,28672,fp16,0,0,19:384:256:384:128:128:128:9:6:3:1:1:3:3:2:2:2:1:1:1:1:0:3
balanced_racing_net_log21,Ascend910B3,20,external_v4_k_low_output_deep_aligned,320,256,28672,fp16,0,0,20:320:384:384:128:128:128:6:9:1:3:0:3:3:2:2:1:1:1:1:1:1:3
balanced_racing_net_log21,Ascend910B3,20,external_v4_k_low_output_deep_aligned,320,256,28672,fp16,0,0,20:384:256:384:128:128:128:9:6:3:1:1:3:3:2:2:1:1:1:1:1:0:3
balanced_racing_net_log21,Ascend910B3,20,external_v4_k_low_output_deep_aligned,320,256,28672,fp16,0,0,16:384:256:384:128:128:128:9:6:3:1:1:3:3:2:2:2:1:1:1:1:1:3
balanced_racing_net_log21,Ascend910B3,20,external_v4_k_low_output_deep_aligned,320,256,28672,fp16,0,0,16:320:384:384:128:128:128:6:9:1:3:0:3:3:2:2:2:1:1:1:1:1:3
balanced_racing_net_log21,Ascend910B3,20,external_v4_k_low_output_deep_aligned,320,256,28672,fp16,0,0,8:320:384:384:128:128:128:6:9:1:3:0:3:3:2:2:2:1:1:1:1:1:3
balanced_racing_net_log21,Ascend910B3,20,external_v4_k_low_output_deep_aligned,320,256,28672,fp16,0,0,8:384:256:384:128:128:128:9:6:3:1:1:3:3:2:2:2:1:1:1:1:0:3
balanced_racing_net_log21,Ascend910B3,20,external_v4_k_low_output_deep_aligned,320,256,28672,fp16,0,0,20:80:48:2560:16:16:160:48:32:3:2:0:16:16:2:2:2:4:6:1:1:0:2
balanced_racing_net_log21,Ascend910B3,20,external_v4_k_low_output_deep_aligned,320,256,28672,fp16,0,0,16:80:64:1280:32:32:80:32:32:1:1:0:16:16:2:2:1:1:1:4:4:2:2
balanced_racing_net_log21,Ascend910B3,20,external_v4_k_low_output_deep_aligned,320,256,28672,fp16,0,0,16:80:64:2880:48:16:16:180:180:1:1:0:180:180:2:2:2:2:2:2:2:1:2
balanced_racing_net_log21,Ascend910B3,20,external_v4_k_low_output_deep_aligned,320,256,28672,fp16,0,0,16:80:64:2880:48:16:16:180:360:1:1:0:180:180:2:2:2:2:2:2:2:2:2
balanced_racing_net_log21,Ascend910B3,20,external_v4_k_low_output_deep_aligned,320,256,28672,fp16,0,0,20:32:128:2880:32:32:16:180:180:1:1:0:180:180:2:2:2:3:1:4:2:0:2
balanced_racing_net_log21,Ascend910B3,20,external_v4_k_low_output_deep_aligned,320,256,28672,fp16,0,0,16:160:32:28672:16:16:2048:2:4:1:2:0:2:2:1:1:1:1:1:2:8:0:0
balanced_racing_net_log21,Ascend910B3,20,external_v4_k_low_output_deep_aligned,320,256,28672,fp16,0,0,3:128:256:160:32:16:80:16:8:4:4:1:2:2:1:2:1:3:1:1:1:0:2
balanced_racing_net_log21,Ascend910B3,20,external_v4_k_low_output_deep_aligned,320,256,28672,fp16,0,0,4:320:64:28672:32:64:192:2:1:1:1:1:1:1:2:1:1:1:2:1:3:0:0
balanced_racing_net_log21,Ascend910B3,20,external_v4_k_low_output_deep_aligned,320,256,28672,fp16,0,0,20:112:16:28672:96:16:320:1:1:1:1:0:1:1:1:1:1:1:2:3:9:1:0
balanced_racing_net_log21,Ascend910B3,20,external_v4_k_low_output_deep_aligned,320,256,28672,fp16,0,0,16:640:16:28672:640:16:16:2:2:1:1:1:1:1:2:2:2:1:4:1:5:2:0
balanced_racing_net_log21,Ascend910B3,20,external_v4_k_low_output_deep_aligned,320,256,28672,fp16,0,0,2:320:128:28672:256:128:32:8:4:1:1:1:4:4:2:1:1:1:2:1:1:0:0
balanced_racing_net_log21,Ascend910B3,20,external_v4_k_low_output_deep_aligned,320,256,28672,fp16,0,0,4:320:64:28672:48:64:32:2:2:2:1:1:1:1:2:2:2:1:2:1:3:0:0
balanced_racing_net_log21,Ascend910B3,20,external_v4_k_low_output_deep_aligned,320,256,28672,fp16,0,0,20:32:16:28672:16:16:96:2:2:2:1:1:1:1:2:2:2:10:4:1:4:0:0
balanced_racing_net_log21,Ascend910B3,20,external_v4_k_low_output_deep_aligned,320,256,28672,fp16,0,0,20:32:16:28672:32:16:48:8:8:1:1:1:4:4:2:2:1:4:4:3:4:2:0
balanced_racing_net_log21,Ascend910B3,20,external_v4_k_low_output_deep_aligned,320,256,28672,fp16,0,0,2:320:128:28672:16:128:16:8:8:1:1:0:4:4:1:2:1:1:1:1:2:0:0
balanced_racing_net_log21,Ascend910B3,20,external_v4_k_low_output_deep_aligned,320,256,28672,fp16,0,0,2:320:240:28672:32:240:16:2:2:2:1:0:1:1:2:1:1:1:1:1:2:0:0
balanced_racing_net_log21,Ascend910B3,20,external_v4_k_low_output_deep_odd,704,512,16385,fp16,0,0,20:128:64:16385:16:16:1024:2:8:1:4:1:2:2:1:2:1:6:2:1:4:0:0
balanced_racing_net_log21,Ascend910B3,20,external_v4_k_low_output_deep_odd,704,512,16385,fp16,0,0,20:160:160:16385:160:160:192:1:2:1:1:0:1:1:1:1:1:2:1:3:4:0:0
balanced_racing_net_log21,Ascend910B3,20,external_v4_k_low_output_deep_odd,704,512,16385,fp16,0,0,16:352:64:16385:16:16:80:16:8:2:2:0:4:4:1:2:1:1:3:2:3:2:0
balanced_racing_net_log21,Ascend910B3,20,external_v4_k_low_output_deep_odd,704,512,16385,fp16,0,0,20:144:128:16385:16:128:224:16:4:2:1:1:4:4:2:1:1:1:2:5:2:0:0
balanced_racing_net_log21,Ascend910B3,20,external_v4_k_low_output_deep_odd,704,512,16385,fp16,0,0,18:128:176:2560:16:16:160:16:32:1:1:0:16:16:1:2:1:2:1:3:3:2:2
balanced_racing_net_log21,Ascend910B3,20,external_v4_k_low_output_deep_odd,704,512,16385,fp16,0,0,11:64:512:16385:32:16:224:8:4:1:1:0:4:4:2:2:1:6:1:2:1:0:0
balanced_racing_net_log21,Ascend910B3,20,external_v4_k_low_output_deep_odd,704,512,16385,fp16,0,0,15:144:176:16385:48:48:16:8:32:1:2:1:8:8:2:2:1:2:1:3:3:0:0
balanced_racing_net_log21,Ascend910B3,20,external_v4_k_low_output_deep_odd,704,512,16385,fp16,0,0,15:144:176:16385:16:32:16:1:2:1:2:0:1:1:2:2:2:3:1:2:3:0:0
balanced_racing_net_log21,Ascend910B3,20,external_v4_k_low_output_deep_odd,704,512,16385,fp16,0,0,20:176:96:16385:48:32:16:32:8:2:1:0:8:8:2:2:2:1:1:4:6:0:0
balanced_racing_net_log21,Ascend910B3,20,external_v4_k_low_output_deep_odd,704,512,16385,fp16,0,0,20:240:48:16385:16:16:512:8:24:1:3:0:8:8:1:1:1:3:11:1:1:1:0
balanced_racing_net_log21,Ascend910B3,20,external_v4_k_low_output_deep_odd,704,512,16385,fp16,0,0,20:112:80:16385:16:16:1792:1:1:1:1:0:1:1:1:1:1:2:2:5:6:1:0
balanced_racing_net_log21,Ascend910B3,20,external_v4_k_low_output_deep_odd,704,512,16385,fp16,0,0,20:112:80:2560:32:16:160:16:32:1:1:0:16:16:1:2:1:1:2:7:5:1:2
balanced_racing_net_log21,Ascend910B3,20,external_v4_k_low_output_deep_odd,704,512,16385,fp16,0,0,20:240:32:1024:48:16:64:32:32:1:1:0:16:16:1:2:1:3:6:1:3:1:2
balanced_racing_net_log21,Ascend910B3,20,external_v4_k_low_output_deep_odd,704,512,16385,fp16,0,0,16:704:384:384:128:128:128:6:9:1:3:0:3:3:2:2:2:1:1:1:2:1:3
balanced_racing_net_log21,Ascend910B3,20,external_v4_k_low_output_deep_odd,704,512,16385,fp16,0,0,8:384:512:384:128:128:128:9:6:3:1:1:3:3:2:2:2:1:1:2:1:0:3
balanced_racing_net_log21,Ascend910B3,20,external_v4_k_low_output_deep_odd,704,512,16385,fp16,0,0,4:704:128:16385:144:128:16:8:4:2:1:1:2:2:1:1:1:1:1:1:4:0:0
balanced_racing_net_log21,Ascend910B3,20,external_v4_k_low_output_deep_odd,704,512,16385,fp16,0,0,20:32:80:16385:16:64:16:2:1:2:1:0:1:1:2:1:1:1:7:22:1:2:0
balanced_racing_net_log21,Ascend910B3,20,external_v4_k_low_output_deep_odd,704,512,16385,fp16,0,0,20:176:16:16385:16:16:384:32:8:4:1:1:8:8:2:2:1:1:11:4:3:1:0
balanced_racing_net_log21,Ascend910B3,20,external_v4_k_low_output_deep_odd,704,512,16385,fp16,0,0,20:32:64:16385:32:16:192:16:16:1:2:1:8:8:1:2:1:4:1:7:8:0:0
balanced_racing_net_log21,Ascend910B3,20,external_v4_k_low_output_deep_odd,704,512,16385,fp16,0,0,20:144:16:16385:48:16:384:8:16:1:1:1:8:8:1:1:1:5:16:1:2:1:0
balanced_racing_net_log21,Ascend910B3,20,external_v4_k_low_output_deep_odd,704,512,16385,fp16,0,0,8:704:384:384:128:128:128:6:9:1:3:0:3:3:2:2:2:1:1:1:2:1:3
balanced_racing_net_log21,Ascend910B3,20,external_v4_k_low_output_deep_odd,704,512,16385,fp16,0,0,4:704:128:192:64:32:32:24:48:4:4:1:6:6:2:2:1:1:2:1:2:2:2
balanced_racing_net_log21,Ascend910B3,20,external_v4_k_low_output_deep_odd,704,512,16385,fp16,0,0,4:352:320:48:16:160:16:9:12:3:2:1:3:3:2:1:1:1:1:2:2:1:2
balanced_racing_net_log21,Ascend910B3,20,external_v4_k_low_output_deep_odd,704,512,16385,fp16,0,0,2:448:512:16:112:32:16:4:4:4:4:0:1:1:1:2:1:1:1:2:1:1:2
balanced_racing_net_log21,Ascend910B3,20,external_v4_skinny_m,73,4608,12288,fp16,0,0,20:80:240:12288:32:16:768:2:2:1:2:0:1:1:1:2:1:1:1:1:20:0:0
balanced_racing_net_log21,Ascend910B3,20,external_v4_skinny_m,73,4608,12288,fp16,0,0,18:80:256:12288:32:32:32:8:64:1:4:0:8:8:2:2:1:1:3:1:8:0:0
balanced_racing_net_log21,Ascend910B3,20,external_v4_skinny_m,73,4608,12288,fp16,0,0,4:80:1152:12288:80:144:48:2:4:1:1:0:2:2:1:1:1:1:1:1:4:0:0
balanced_racing_net_log21,Ascend910B3,20,external_v4_skinny_m,73,4608,12288,fp16,0,0,20:144:224:12288:144:144:192:2:1:1:1:1:1:1:1:1:1:1:2:1:20:2:0
balanced_racing_net_log21,Ascend910B3,20,external_v4_skinny_m,73,4608,12288,fp16,0,0,18:32:768:2560:32:16:160:32:16:1:1:0:16:16:1:2:1:3:1:1:6:2:2
balanced_racing_net_log21,Ascend910B3,20,external_v4_skinny_m,73,4608,12288,fp16,0,0,20:48:256:12288:16:16:64:8:2:2:1:1:2:2:2:2:2:2:2:1:17:1:0
balanced_racing_net_log21,Ascend910B3,20,external_v4_skinny_m,73,4608,12288,fp16,0,0,4:80:1152:12288:80:16:64:4:16:1:2:1:4:4:1:2:1:1:2:1:2:0:0
balanced_racing_net_log21,Ascend910B3,20,external_v4_skinny_m,73,4608,12288,fp16,0,0,20:80:64:12288:16:16:1024:2:8:1:4:1:2:2:1:2:1:1:9:1:8:2:0
balanced_racing_net_log21,Ascend910B3,20,external_v4_skinny_m,73,4608,12288,fp16,0,0,9:128:512:12288:128:256:48:2:4:1:1:0:2:2:2:1:1:1:3:1:4:0:0
balanced_racing_net_log21,Ascend910B3,20,external_v4_skinny_m,73,4608,12288,fp16,0,0,20:80:64:12288:64:16:128:16:64:1:4:1:8:8:1:2:1:1:4:1:19:1:0
balanced_racing_net_log21,Ascend910B3,20,external_v4_skinny_m,73,4608,12288,fp16,0,0,4:64:2304:12288:64:96:48:1:2:1:1:0:1:1:2:2:2:2:1:1:2:0:0
balanced_racing_net_log21,Ascend910B3,20,external_v4_skinny_m,73,4608,12288,fp16,0,0,12:32:1152:12288:32:32:16:1:2:1:2:1:1:1:2:2:1:3:2:1:2:1:0
balanced_racing_net_log21,Ascend910B3,20,external_v4_skinny_m,73,4608,12288,fp16,0,0,20:80:32:12288:80:16:224:4:8:1:1:1:4:4:1:1:1:1:1:1:144:1:0
balanced_racing_net_log21,Ascend910B3,20,external_v4_skinny_m,73,4608,12288,fp16,0,0,18:80:256:32:32:32:32:2:2:1:1:1:1:1:2:2:1:1:1:1:18:0:2
balanced_racing_net_log21,Ascend910B3,20,external_v4_skinny_m,73,4608,12288,fp16,0,0,3:96:1536:1536:32:32:96:48:32:3:2:0:16:16:2:1:1:1:3:1:1:1:2
balanced_racing_net_log21,Ascend910B3,20,external_v4_skinny_m,73,4608,12288,fp16,0,0,20:32:80:12288:16:16:640:8:16:1:1:0:8:8:1:2:1:1:29:3:2:2:0
balanced_racing_net_log21,Ascend910B3,20,external_v4_skinny_m,73,4608,12288,fp16,0,0,8:384:4608:384:128:128:128:9:6:3:1:1:3:3:2:2:2:1:1:1:1:0:3
balanced_racing_net_log21,Ascend910B3,20,external_v4_skinny_m,73,4608,12288,fp16,0,0,16:128:384:384:128:128:128:6:9:1:3:0:3:3:2:2:2:1:1:1:12:1:3
balanced_racing_net_log21,Ascend910B3,20,external_v4_skinny_m,73,4608,12288,fp16,0,0,4:384:4608:384:128:128:128:9:6:3:1:1:3:3:2:2:2:1:1:1:1:0:3
balanced_racing_net_log21,Ascend910B3,20,external_v4_skinny_m,73,4608,12288,fp16,0,0,20:464:32:12288:464:32:16:1:1:1:1:1:1:1:2:2:2:1:144:1:1:1:0
balanced_racing_net_log21,Ascend910B3,20,external_v4_skinny_m,73,4608,12288,fp16,0,0,4:192:1152:64:48:48:16:32:32:4:4:1:4:4:2:2:1:1:2:1:3:1:2
balanced_racing_net_log21,Ascend910B3,20,external_v4_skinny_m,73,4608,12288,fp16,0,0,4:320:1152:16:80:64:16:8:4:4:4:0:1:1:1:1:1:1:4:1:1:0:2
balanced_racing_net_log21,Ascend910B3,20,external_v4_skinny_m,73,4608,12288,fp16,0,0,1:384:4608:384:128:128:128:9:6:3:1:1:3:3:2:2:2:1:1:1:1:0:3
balanced_racing_net_log21,Ascend910B3,20,external_v4_skinny_m,73,4608,12288,fp16,0,0,1:240:4608:16:80:64:16:3:2:3:2:1:1:1:2:2:1:1:1:1:1:2:2
balanced_racing_net_log21,Ascend910B3,20,external_v4_skinny_n,4608,101,12288,fp16,0,0,18:256:112:12288:16:16:768:8:1:4:1:1:1:1:2:2:2:18:1:1:1:0:0
balanced_racing_net_log21,Ascend910B3,20,external_v4_skinny_n,4608,101,12288,fp16,0,0,14:336:112:12288:16:16:80:16:8:4:1:1:4:4:2:2:1:7:1:2:1:0:0
balanced_racing_net_log21,Ascend910B3,20,external_v4_skinny_n,4608,101,12288,fp16,0,0,11:432:160:12288:160:160:192:4:4:2:1:0:2:2:1:1:1:6:1:2:1:0:0
balanced_racing_net_log21,Ascend910B3,20,external_v4_skinny_n,4608,101,12288,fp16,0,0,16:288:112:12288:48:32:16:32:8:4:1:0:8:8:1:1:1:4:1:4:1:0:0
balanced_racing_net_log21,Ascend910B3,20,external_v4_skinny_n,4608,101,12288,fp16,0,0,20:464:64:1920:16:16:320:24:24:4:4:1:6:6:1:1:1:4:1:3:2:1:2
balanced_racing_net_log21,Ascend910B3,20,external_v4_skinny_n,4608,101,12288,fp16,0,0,20:384:48:12288:80:48:128:16:16:1:1:0:8:8:1:1:1:6:1:2:3:2:0
balanced_racing_net_log21,Ascend910B3,20,external_v4_skinny_n,4608,101,12288,fp16,0,0,20:192:64:12288:16:16:1024:2:8:1:4:0:1:1:2:1:1:8:1:3:2:0:0
balanced_racing_net_log21,Ascend910B3,20,external_v4_skinny_n,4608,101,12288,fp16,0,0,20:160:64:12288:16:16:1024:2:8:2:4:0:1:1:2:2:1:29:1:1:2:0:0
balanced_racing_net_log21,Ascend910B3,20,external_v4_skinny_n,4608,101,12288,fp16,0,0,20:192:64:12288:64:32:512:4:8:1:2:0:2:2:1:1:1:24:1:1:2:0:0
balanced_racing_net_log21,Ascend910B3,20,external_v4_skinny_n,4608,101,12288,fp16,0,0,20:176:64:12288:16:16:1024:2:8:1:4:1:2:2:1:2:1:14:1:2:2:0:0
balanced_racing_net_log21,Ascend910B3,20,external_v4_skinny_n,4608,101,12288,fp16,0,0,20:160:64:12288:64:32:512:4:8:2:2:0:2:2:1:2:1:1:1:29:2:0:0
balanced_racing_net_log21,Ascend910B3,20,external_v4_skinny_n,4608,101,12288,fp16,0,0,20:432:32:12288:16:32:896:4:4:1:1:0:2:2:1:1:1:11:1:1:4:1:0
balanced_racing_net_log21,Ascend910B3,20,external_v4_skinny_n,4608,101,12288,fp16,0,0,20:128:96:12288:32:96:320:8:4:1:1:0:4:4:2:1:1:18:1:2:2:1:0
balanced_racing_net_log21,Ascend910B3,20,external_v4_skinny_n,4608,101,12288,fp16,0,0,20:464:64:320:16:16:320:4:4:4:4:0:1:1:1:1:1:4:1:3:2:1:2
balanced_racing_net_log21,Ascend910B3,20,external_v4_skinny_n,4608,101,12288,fp16,0,0,3:4608:48:12288:160:48:64:8:4:2:1:0:4:4:1:2:1:1:3:1:1:2:0
balanced_racing_net_log21,Ascend910B3,20,external_v4_skinny_n,4608,101,12288,fp16,0,0,20:192:64:1280:16:32:80:48:32:3:2:0:16:16:2:1:1:24:1:1:2:1:2
balanced_racing_net_log21,Ascend910B3,20,external_v4_skinny_n,4608,101,12288,fp16,0,0,20:208:16:12288:16:16:512:8:8:1:1:1:4:4:2:1:1:1:4:23:2:2:0
balanced_racing_net_log21,Ascend910B3,20,external_v4_skinny_n,4608,101,12288,fp16,0,0,8:4608:384:384:128:128:128:6:9:1:3:0:3:3:2:2:2:1:1:1:1:1:3
balanced_racing_net_log21,Ascend910B3,20,external_v4_skinny_n,4608,101,12288,fp16,0,0,16:384:128:384:128:128:128:9:6:3:1:1:3:3:2:2:2:1:1:12:1:0:3
balanced_racing_net_log21,Ascend910B3,20,external_v4_skinny_n,4608,101,12288,fp16,0,0,8:2304:32:16:32:32:16:1:1:1:1:1:1:1:2:2:2:1:4:2:1:1:2
balanced_racing_net_log21,Ascend910B3,20,external_v4_skinny_n,4608,101,12288,fp16,0,0,4:1152:240:64:32:80:16:8:12:2:3:1:4:4:1:2:1:2:1:2:1:1:2
balanced_racing_net_log21,Ascend910B3,20,external_v4_skinny_n,4608,101,12288,fp16,0,0,8:384:128:384:128:128:128:9:6:3:1:1:3:3:2:2:2:1:1:12:1:0:3
balanced_racing_net_log21,Ascend910B3,20,external_v4_skinny_n,4608,101,12288,fp16,0,0,1:4608:608:12288:32:608:16:8:4:1:1:0:4:4:1:2:1:1:1:1:1:0:0
balanced_racing_net_log21,Ascend910B3,20,external_v4_skinny_n,4608,101,12288,fp16,0,0,20:192:576:16:16:192:16:2:6:2:3:0:1:1:2:1:1:8:1:3:1:1:2
balanced_racing_net_log21,Ascend910B3,20,external_v4_layout_tn,2304,3072,4608,fp16,1,0,12:2304:384:384:128:128:128:6:9:1:3:0:3:3:2:2:2:1:2:1:4:1:3
balanced_racing_net_log21,Ascend910B3,20,external_v4_layout_tn,2304,3072,4608,fp16,1,0,12:2304:384:384:128:128:128:6:9:1:3:0:3:3:2:2:2:1:1:1:8:2:3
balanced_racing_net_log21,Ascend910B3,20,external_v4_layout_tn,2304,3072,4608,fp16,1,0,20:576:624:4608:80:80:160:8:2:4:1:1:1:1:2:2:2:4:5:1:1:2:0
balanced_racing_net_log21,Ascend910B3,20,external_v4_layout_tn,2304,3072,4608,fp16,1,0,12:384:3072:384:128:128:128:9:6:3:1:1:3:3:2:2:2:1:1:6:1:1:3
balanced_racing_net_log21,Ascend910B3,20,external_v4_layout_tn,2304,3072,4608,fp16,1,0,12:2304:384:384:128:128:128:6:9:1:3:0:3:3:2:2:1:1:1:1:8:1:3
balanced_racing_net_log21,Ascend910B3,20,external_v4_layout_tn,2304,3072,4608,fp16,1,0,12:384:3072:384:128:128:128:9:6:3:1:1:3:3:2:2:1:1:1:6:1:0:3
balanced_racing_net_log21,Ascend910B3,20,external_v4_layout_tn,2304,3072,4608,fp16,1,0,12:384:3072:384:128:128:128:9:6:3:1:1:3:3:2:2:2:2:1:3:1:0:3
balanced_racing_net_log21,Ascend910B3,20,external_v4_layout_tn,2304,3072,4608,fp16,1,0,11:384:3072:384:128:128:128:9:6:3:1:1:3:3:2:2:2:1:1:6:1:0:3
balanced_racing_net_log21,Ascend910B3,20,external_v4_layout_tn,2304,3072,4608,fp16,1,0,9:384:3072:384:128:128:128:9:6:3:1:1:3:3:2:2:2:1:1:6:1:0:3
balanced_racing_net_log21,Ascend910B3,20,external_v4_layout_tn,2304,3072,4608,fp16,1,0,11:2304:384:384:128:128:128:6:9:1:3:0:3:3:2:2:2:1:1:1:8:1:3
balanced_racing_net_log21,Ascend910B3,20,external_v4_layout_tn,2304,3072,4608,fp16,1,0,9:2304:384:384:128:128:128:6:9:1:3:0:3:3:2:2:2:1:1:1:8:1:3
balanced_racing_net_log21,Ascend910B3,20,external_v4_layout_tn,2304,3072,4608,fp16,1,0,8:2304:384:384:128:128:128:6:9:1:3:0:3:3:2:2:1:1:1:1:8:1:3
balanced_racing_net_log21,Ascend910B3,20,external_v4_layout_tn,2304,3072,4608,fp16,1,0,11:224:3072:1024:32:32:64:96:32:3:2:0:16:16:1:1:1:6:1:2:1:2:2
balanced_racing_net_log21,Ascend910B3,20,external_v4_layout_tn,2304,3072,4608,fp16,1,0,16:576:768:1024:48:16:128:24:16:3:2:0:8:8:1:2:1:1:1:4:4:1:2
balanced_racing_net_log21,Ascend910B3,20,external_v4_layout_tn,2304,3072,4608,fp16,1,0,20:224:224:1024:48:16:128:16:8:1:1:0:8:8:1:1:2:3:3:5:6:2:2
balanced_racing_net_log21,Ascend910B3,20,external_v4_layout_tn,2304,3072,4608,fp16,1,0,10:240:3072:96:48:128:32:6:18:2:3:1:3:3:2:1:1:5:1:2:1:0:2
balanced_racing_net_log21,Ascend910B3,20,external_v4_layout_tn,2304,3072,4608,fp16,1,0,12:192:3072:160:16:16:80:8:8:4:4:1:2:2:2:1:2:6:1:2:1:1:2
balanced_racing_net_log21,Ascend910B3,20,external_v4_layout_tn,2304,3072,4608,fp16,1,0,20:240:1536:2304:32:32:32:72:72:1:1:0:72:72:2:2:1:5:1:2:2:1:2
balanced_racing_net_log21,Ascend910B3,20,external_v4_layout_tn,2304,3072,4608,fp16,1,0,14:176:3072:1280:16:16:80:16:32:1:1:0:16:16:1:2:2:14:1:1:1:0:2
balanced_racing_net_log21,Ascend910B3,20,external_v4_layout_tn,2304,3072,4608,fp16,1,0,14:176:3072:1280:16:16:80:16:32:1:1:1:16:16:1:2:1:14:1:1:1:0:2
balanced_racing_net_log21,Ascend910B3,20,external_v4_layout_tn,2304,3072,4608,fp16,1,0,5:2304:384:384:128:128:128:6:9:1:3:0:3:3:2:2:2:1:1:1:8:1:3
balanced_racing_net_log21,Ascend910B3,20,external_v4_layout_tn,2304,3072,4608,fp16,1,0,14:176:3072:480:16:16:80:6:12:1:1:0:6:6:1:2:1:14:1:1:1:0:2
balanced_racing_net_log21,Ascend910B3,20,external_v4_layout_tn,2304,3072,4608,fp16,1,0,4:2304:384:384:128:128:128:6:9:1:3:0:3:3:2:2:2:1:2:1:4:1:3
balanced_racing_net_log21,Ascend910B3,20,external_v4_layout_tn,2304,3072,4608,fp16,1,0,14:176:3072:640:16:16:80:8:16:1:1:0:8:8:1:2:1:14:1:1:1:0:2
balanced_racing_net_log21,Ascend910B3,20,external_v4_layout_nt,2176,2944,4352,fp16,0,1,20:544:592:4352:64:16:256:4:8:1:2:0:4:4:2:1:1:4:5:1:1:0:0
balanced_racing_net_log21,Ascend910B3,20,external_v4_layout_nt,2176,2944,4352,fp16,0,1,12:384:2944:384:128:128:128:9:6:3:1:1:3:3:2:2:2:1:1:6:1:1:3
balanced_racing_net_log21,Ascend910B3,20,external_v4_layout_nt,2176,2944,4352,fp16,0,1,12:384:2944:384:128:128:128:9:6:3:1:1:3:3:2:2:2:2:1:3:1:0:3
balanced_racing_net_log21,Ascend910B3,20,external_v4_layout_nt,2176,2944,4352,fp16,0,1,12:2176:384:384:128:128:128:6:9:1:3:0:3:3:2:2:1:1:1:1:8:1:3
balanced_racing_net_log21,Ascend910B3,20,external_v4_layout_nt,2176,2944,4352,fp16,0,1,12:2176:384:384:128:128:128:6:9:1:3:0:3:3:2:2:2:1:2:1:4:1:3
balanced_racing_net_log21,Ascend910B3,20,external_v4_layout_nt,2176,2944,4352,fp16,0,1,12:2176:384:384:128:128:128:6:9:1:3:0:3:3:2:2:2:1:1:1:8:2:3
balanced_racing_net_log21,Ascend910B3,20,external_v4_layout_nt,2176,2944,4352,fp16,0,1,12:384:2944:384:128:128:128:9:6:3:1:1:3:3:2:2:1:1:1:6:1:0:3
balanced_racing_net_log21,Ascend910B3,20,external_v4_layout_nt,2176,2944,4352,fp16,0,1,17:128:2944:1280:16:16:160:32:32:4:4:0:8:8:1:1:1:17:1:1:1:2:2
balanced_racing_net_log21,Ascend910B3,20,external_v4_layout_nt,2176,2944,4352,fp16,0,1,14:160:2944:1280:16:16:80:32:48:2:3:1:16:16:2:2:1:14:1:1:1:1:2
balanced_racing_net_log21,Ascend910B3,20,external_v4_layout_nt,2176,2944,4352,fp16,0,1,14:160:2944:1280:16:16:80:32:48:2:3:1:16:16:2:2:2:14:1:1:1:0:2
balanced_racing_net_log21,Ascend910B3,20,external_v4_layout_nt,2176,2944,4352,fp16,0,1,10:224:2944:192:32:32:32:12:18:2:3:1:6:6:2:2:2:1:1:10:1:2:2
balanced_racing_net_log21,Ascend910B3,20,external_v4_layout_nt,2176,2944,4352,fp16,0,1,14:160:2944:1280:16:16:80:32:48:2:3:0:16:16:2:2:1:14:1:1:1:0:2
balanced_racing_net_log21,Ascend910B3,20,external_v4_layout_nt,2176,2944,4352,fp16,0,1,20:736:432:2176:48:16:64:34:34:1:1:0:34:34:1:2:1:3:4:1:2:2:2
balanced_racing_net_log21,Ascend910B3,20,external_v4_layout_nt,2176,2944,4352,fp16,0,1,13:176:2944:1280:16:16:80:16:32:1:1:0:16:16:1:2:2:13:1:1:1:0:2
balanced_racing_net_log21,Ascend910B3,20,external_v4_layout_nt,2176,2944,4352,fp16,0,1,13:176:2944:1280:16:16:80:32:32:1:1:1:16:16:1:2:1:13:1:1:1:1:2
balanced_racing_net_log21,Ascend910B3,20,external_v4_layout_nt,2176,2944,4352,fp16,0,1,13:176:2944:1280:16:16:80:16:16:1:1:0:16:16:1:2:1:7:1:2:1:0:2
balanced_racing_net_log21,Ascend910B3,20,external_v4_layout_nt,2176,2944,4352,fp16,0,1,4:384:2944:384:128:128:128:9:6:3:1:1:3:3:2:2:1:1:1:6:1:0:3
balanced_racing_net_log21,Ascend910B3,20,external_v4_layout_nt,2176,2944,4352,fp16,0,1,4:384:2944:384:128:128:128:9:6:3:1:1:3:3:2:2:2:1:1:6:1:1:3
balanced_racing_net_log21,Ascend910B3,20,external_v4_layout_nt,2176,2944,4352,fp16,0,1,13:176:2944:320:16:16:80:4:8:1:1:0:4:4:1:2:1:13:1:1:1:0:2
balanced_racing_net_log21,Ascend910B3,20,external_v4_layout_nt,2176,2944,4352,fp16,0,1,13:176:2944:480:16:16:80:6:6:1:1:0:6:6:1:2:1:7:1:2:1:2:2
balanced_racing_net_log21,Ascend910B3,20,external_v4_layout_nt,2176,2944,4352,fp16,0,1,13:176:2944:1280:16:16:80:16:16:1:1:0:16:16:1:2:2:7:1:2:1:2:2
balanced_racing_net_log21,Ascend910B3,20,external_v4_layout_nt,2176,2944,4352,fp16,0,1,13:176:2944:480:16:16:80:6:12:1:1:0:6:6:1:2:1:13:1:1:1:0:2
balanced_racing_net_log21,Ascend910B3,20,external_v4_layout_nt,2176,2944,4352,fp16,0,1,13:176:2944:640:16:16:80:8:8:1:1:0:8:8:1:2:1:7:1:2:1:2:2
balanced_racing_net_log21,Ascend910B3,20,external_v4_layout_nt,2176,2944,4352,fp16,0,1,5:384:2944:384:128:128:128:9:6:3:1:1:3:3:2:2:2:1:1:6:1:0:3
balanced_racing_net_log21,Ascend910B3,20,external_v4_layout_tt,1792,2304,3584,fp16,1,1,20:448:464:3584:48:48:16:32:32:4:2:0:8:8:1:2:1:1:5:4:1:0:0
balanced_racing_net_log21,Ascend910B3,20,external_v4_layout_tt,1792,2304,3584,fp16,1,1,11:176:2304:3584:32:176:16:4:4:1:2:0:2:2:1:2:1:6:1:2:1:0:0
balanced_racing_net_log21,Ascend910B3,20,external_v4_layout_tt,1792,2304,3584,fp16,1,1,16:448:576:3584:48:48:16:32:32:2:2:0:8:8:1:1:1:1:1:4:4:0:0
balanced_racing_net_log21,Ascend910B3,20,external_v4_layout_tt,1792,2304,3584,fp16,1,1,14:256:1152:3584:144:64:16:4:4:1:1:0:4:4:1:2:1:7:1:1:2:0:0
balanced_racing_net_log21,Ascend910B3,20,external_v4_layout_tt,1792,2304,3584,fp16,1,1,13:144:2304:3584:64:176:32:4:8:1:4:0:2:2:1:2:1:7:1:2:1:0:0
balanced_racing_net_log21,Ascend910B3,20,external_v4_layout_tt,1792,2304,3584,fp16,1,1,11:176:2304:3584:32:80:16:8:8:2:4:0:2:2:2:2:2:6:1:2:1:0:0
balanced_racing_net_log21,Ascend910B3,20,external_v4_layout_tt,1792,2304,3584,fp16,1,1,13:144:2304:3584:32:16:32:4:4:2:4:0:1:1:1:2:1:7:1:2:1:0:0
balanced_racing_net_log21,Ascend910B3,20,external_v4_layout_tt,1792,2304,3584,fp16,1,1,20:80:768:3584:16:32:16:1:2:1:2:0:1:1:2:2:2:5:1:5:3:0:0
balanced_racing_net_log21,Ascend910B3,20,external_v4_layout_tt,1792,2304,3584,fp16,1,1,20:192:176:192:64:64:48:24:16:3:2:0:4:4:1:2:1:4:4:3:4:1:2
balanced_racing_net_log21,Ascend910B3,20,external_v4_layout_tt,1792,2304,3584,fp16,1,1,20:192:176:192:64:64:48:24:8:3:2:0:4:4:1:2:1:4:4:3:4:0:2
balanced_racing_net_log21,Ascend910B3,20,external_v4_layout_tt,1792,2304,3584,fp16,1,1,20:192:176:192:64:64:48:12:16:3:2:0:4:4:1:2:1:4:4:3:4:0:2
balanced_racing_net_log21,Ascend910B3,20,external_v4_layout_tt,1792,2304,3584,fp16,1,1,9:1792:384:384:128:128:128:6:9:1:3:0:3:3:2:2:2:1:1:1:6:1:3
balanced_racing_net_log21,Ascend910B3,20,external_v4_layout_tt,1792,2304,3584,fp16,1,1,8:384:2304:384:128:128:128:9:6:3:1:1:3:3:2:2:2:1:1:5:1:1:3
balanced_racing_net_log21,Ascend910B3,20,external_v4_layout_tt,1792,2304,3584,fp16,1,1,9:384:2304:384:128:128:128:9:6:3:1:1:3:3:2:2:2:1:1:5:1:0:3
balanced_racing_net_log21,Ascend910B3,20,external_v4_layout_tt,1792,2304,3584,fp16,1,1,10:1792:384:384:128:128:128:6:9:1:3:0:3:3:2:2:1:1:1:1:6:1:3
balanced_racing_net_log21,Ascend910B3,20,external_v4_layout_tt,1792,2304,3584,fp16,1,1,1:1792:384:384:128:128:128:6:9:1:3:0:3:3:2:2:2:1:1:1:6:1:3
balanced_racing_net_log21,Ascend910B3,20,external_v4_layout_tt,1792,2304,3584,fp16,1,1,12:160:2304:320:16:16:80:16:16:4:4:0:4:4:2:1:1:1:1:12:1:1:2
balanced_racing_net_log21,Ascend910B3,20,external_v4_layout_tt,1792,2304,3584,fp16,1,1,4:1792:384:384:128:128:128:6:9:1:3:0:3:3:2:2:2:1:1:1:6:1:3
balanced_racing_net_log21,Ascend910B3,20,external_v4_layout_tt,1792,2304,3584,fp16,1,1,14:128:2304:640:16:16:80:16:24:2:3:1:8:8:2:2:1:5:1:3:1:0:2
balanced_racing_net_log21,Ascend910B3,20,external_v4_layout_tt,1792,2304,3584,fp16,1,1,19:96:2304:1280:16:16:160:32:32:4:4:0:8:8:1:1:1:7:1:3:1:2:2
balanced_racing_net_log21,Ascend910B3,20,external_v4_layout_tt,1792,2304,3584,fp16,1,1,18:304:768:16:32:32:16:1:1:1:1:1:1:1:2:2:2:1:3:6:1:0:2
balanced_racing_net_log21,Ascend910B3,20,external_v4_layout_tt,1792,2304,3584,fp16,1,1,8:896:576:368:16:192:16:92:69:2:3:0:23:23:2:1:1:1:2:2:2:1:2
balanced_racing_net_log21,Ascend910B3,20,external_v4_layout_tt,1792,2304,3584,fp16,1,1,20:608:48:352:128:16:16:88:66:2:3:1:22:22:1:1:1:1:48:3:1:2:2
balanced_racing_net_log21,Ascend910B3,20,external_v4_layout_tt,1792,2304,3584,fp16,1,1,4:384:2304:384:128:128:128:9:6:3:1:1:3:3:2:2:2:1:1:5:1:0:3
balanced_racing_net_log21,Ascend910B3,20,external_v4_bf16_aligned,3072,4096,6144,bf16,0,0,16:3072:384:384:128:128:128:6:9:1:3:0:3:3:2:2:2:1:3:1:5:1:3
balanced_racing_net_log21,Ascend910B3,20,external_v4_bf16_aligned,3072,4096,6144,bf16,0,0,16:3072:384:384:128:128:128:6:9:1:3:0:3:3:2:2:2:1:1:1:11:2:3
balanced_racing_net_log21,Ascend910B3,20,external_v4_bf16_aligned,3072,4096,6144,bf16,0,0,20:464:224:6144:464:48:32:4:8:1:2:1:4:4:2:1:1:7:10:1:2:2:0
balanced_racing_net_log21,Ascend910B3,20,external_v4_bf16_aligned,3072,4096,6144,bf16,0,0,20:768:832:6144:48:16:512:4:4:1:1:0:4:4:1:1:1:2:2:2:3:1:0
balanced_racing_net_log21,Ascend910B3,20,external_v4_bf16_aligned,3072,4096,6144,bf16,0,0,16:3072:384:384:128:128:128:6:9:1:3:0:3:3:2:2:1:1:1:1:11:1:3
balanced_racing_net_log21,Ascend910B3,20,external_v4_bf16_aligned,3072,4096,6144,bf16,0,0,8:3072:384:384:128:128:128:6:9:1:3:0:3:3:2:2:2:1:1:1:11:2:3
balanced_racing_net_log21,Ascend910B3,20,external_v4_bf16_aligned,3072,4096,6144,bf16,0,0,15:3072:384:384:128:128:128:6:9:1:3:0:3:3:2:2:2:1:1:1:11:1:3
balanced_racing_net_log21,Ascend910B3,20,external_v4_bf16_aligned,3072,4096,6144,bf16,0,0,16:384:4096:384:128:128:128:9:6:3:1:1:3:3:2:2:1:1:1:8:1:0:3
balanced_racing_net_log21,Ascend910B3,20,external_v4_bf16_aligned,3072,4096,6144,bf16,0,0,16:384:4096:384:128:128:128:9:6:3:1:1:3:3:2:2:2:1:1:8:1:1:3
balanced_racing_net_log21,Ascend910B3,20,external_v4_bf16_aligned,3072,4096,6144,bf16,0,0,8:3072:384:384:128:128:128:6:9:1:3:0:3:3:2:2:1:1:1:1:11:1:3
balanced_racing_net_log21,Ascend910B3,20,external_v4_bf16_aligned,3072,4096,6144,bf16,0,0,15:384:4096:384:128:128:128:9:6:3:1:1:3:3:2:2:2:1:1:8:1:0:3
balanced_racing_net_log21,Ascend910B3,20,external_v4_bf16_aligned,3072,4096,6144,bf16,0,0,9:3072:384:384:128:128:128:6:9:1:3:0:3:3:2:2:2:1:1:1:11:1:3
balanced_racing_net_log21,Ascend910B3,20,external_v4_bf16_aligned,3072,4096,6144,bf16,0,0,14:224:4096:1280:16:16:80:32:48:2:3:1:16:16:2:2:1:14:1:1:1:1:2
balanced_racing_net_log21,Ascend910B3,20,external_v4_bf16_aligned,3072,4096,6144,bf16,0,0,20:320:2048:3072:32:32:32:96:96:1:1:0:96:96:2:2:1:10:1:1:2:2:2
balanced_racing_net_log21,Ascend910B3,20,external_v4_bf16_aligned,3072,4096,6144,bf16,0,0,20:256:288:256:48:16:64:32:32:4:4:0:4:4:2:2:2:4:4:3:4:2:2
balanced_racing_net_log21,Ascend910B3,20,external_v4_bf16_aligned,3072,4096,6144,bf16,0,0,3:3072:384:384:128:128:128:6:9:1:3:0:3:3:2:2:2:1:1:1:11:1:3
balanced_racing_net_log21,Ascend910B3,20,external_v4_bf16_aligned,3072,4096,6144,bf16,0,0,20:384:160:512:96:48:32:48:64:3:2:0:16:16:1:2:1:1:13:8:2:1:2
balanced_racing_net_log21,Ascend910B3,20,external_v4_bf16_aligned,3072,4096,6144,bf16,0,0,20:288:240:32:64:32:16:16:16:4:4:1:2:2:2:2:2:11:2:1:10:2:2
balanced_racing_net_log21,Ascend910B3,20,external_v4_bf16_aligned,3072,4096,6144,bf16,0,0,20:1024:96:512:80:48:32:48:64:3:2:0:16:16:1:2:1:3:5:1:9:0:2
balanced_racing_net_log21,Ascend910B3,20,external_v4_bf16_aligned,3072,4096,6144,bf16,0,0,5:3072:384:384:128:128:128:6:9:1:3:0:3:3:2:2:2:1:1:1:11:1:3
balanced_racing_net_log21,Ascend910B3,20,external_v4_bf16_aligned,3072,4096,6144,bf16,0,0,4:3072:384:384:128:128:128:6:9:1:3:0:3:3:2:2:2:1:3:1:5:1:3
balanced_racing_net_log21,Ascend910B3,20,external_v4_bf16_aligned,3072,4096,6144,bf16,0,0,5:384:4096:384:128:128:128:9:6:3:1:1:3:3:2:2:2:1:1:8:1:0:3
balanced_racing_net_log21,Ascend910B3,20,external_v4_bf16_aligned,3072,4096,6144,bf16,0,0,13:240:4096:1280:16:16:80:32:32:1:1:0:16:16:1:2:1:7:1:2:1:1:2
balanced_racing_net_log21,Ascend910B3,20,external_v4_bf16_aligned,3072,4096,6144,bf16,0,0,11:288:4096:256:32:32:64:12:8:3:2:0:4:4:1:1:1:1:1:11:1:0:2
balanced_racing_net_log21,Ascend910B3,20,external_v4_bf16_odd,1279,1793,3587,bf16,0,0,10:1280:384:384:128:128:128:6:9:1:3:0:3:3:2:2:2:1:3:1:2:1:3
balanced_racing_net_log21,Ascend910B3,20,external_v4_bf16_odd,1279,1793,3587,bf16,0,0,10:1280:384:384:128:128:128:6:9:1:3:0:3:3:2:2:2:1:1:1:5:2:3
balanced_racing_net_log21,Ascend910B3,20,external_v4_bf16_odd,1279,1793,3587,bf16,0,0,14:192:912:384:48:48:48:16:48:2:3:1:8:8:1:1:1:2:1:4:2:2:2
balanced_racing_net_log21,Ascend910B3,20,external_v4_bf16_odd,1279,1793,3587,bf16,0,0,14:192:912:384:48:48:48:32:24:2:3:1:8:8:1:1:1:2:1:4:2:2:2
balanced_racing_net_log21,Ascend910B3,20,external_v4_bf16_odd,1279,1793,3587,bf16,0,0,10:1280:384:384:128:128:128:6:9:1:3:0:3:3:2:2:1:1:1:1:5:1:3
balanced_racing_net_log21,Ascend910B3,20,external_v4_bf16_odd,1279,1793,3587,bf16,0,0,14:96:1808:240:16:16:80:12:12:4:4:0:3:3:2:1:1:1:1:14:1:1:2
balanced_racing_net_log21,Ascend910B3,20,external_v4_bf16_odd,1279,1793,3587,bf16,0,0,14:96:1808:256:48:96:64:8:12:2:3:1:4:4:1:1:1:5:1:3:1:0:2
balanced_racing_net_log21,Ascend910B3,20,external_v4_bf16_odd,1279,1793,3587,bf16,0,0,14:192:912:192:48:48:48:16:24:2:3:1:4:4:1:1:1:3:1:3:2:0:2
balanced_racing_net_log21,Ascend910B3,20,external_v4_bf16_odd,1279,1793,3587,bf16,0,0,14:192:912:144:48:48:48:6:9:2:3:0:3:3:1:1:1:2:1:4:2:1:2
balanced_racing_net_log21,Ascend910B3,20,external_v4_bf16_odd,1279,1793,3587,bf16,0,0,16:80:1808:3587:16:16:80:32:16:2:2:0:8:8:1:2:1:1:1:16:1:0:0
balanced_racing_net_log21,Ascend910B3,20,external_v4_bf16_odd,1279,1793,3587,bf16,0,0,9:1280:384:384:128:128:128:6:9:1:3:0:3:3:2:2:2:1:1:1:5:1:3
balanced_racing_net_log21,Ascend910B3,20,external_v4_bf16_odd,1279,1793,3587,bf16,0,0,9:144:1808:3587:144:144:96:1:2:1:2:1:1:1:2:2:1:9:1:1:1:0:0
balanced_racing_net_log21,Ascend910B3,20,external_v4_bf16_odd,1279,1793,3587,bf16,0,0,8:160:1808:3587:160:80:96:4:8:1:2:0:2:2:1:2:1:1:1:8:1:0:0
balanced_racing_net_log21,Ascend910B3,20,external_v4_bf16_odd,1279,1793,3587,bf16,0,0,8:1280:240:3587:48:240:64:8:4:4:1:0:2:2:1:1:1:1:1:1:8:0:0
balanced_racing_net_log21,Ascend910B3,20,external_v4_bf16_odd,1279,1793,3587,bf16,0,0,6:640:608:3587:640:48:16:1:2:1:2:0:1:1:2:2:1:2:3:1:1:0:0
balanced_racing_net_log21,Ascend910B3,20,external_v4_bf16_odd,1279,1793,3587,bf16,0,0,7:192:1808:3587:192:16:48:4:8:1:1:0:4:4:2:2:1:4:1:2:1:0:0
balanced_racing_net_log21,Ascend910B3,20,external_v4_bf16_odd,1279,1793,3587,bf16,0,0,6:544:912:3587:544:32:16:16:16:1:1:1:8:8:1:2:1:3:2:1:1:0:0
balanced_racing_net_log21,Ascend910B3,20,external_v4_bf16_odd,1279,1793,3587,bf16,0,0,5:256:1808:3587:256:16:80:1:1:1:1:1:1:1:1:2:1:5:1:1:1:0:0
balanced_racing_net_log21,Ascend910B3,20,external_v4_bf16_odd,1279,1793,3587,bf16,0,0,20:1280:48:3587:16:16:512:2:2:1:2:0:1:1:1:1:1:1:3:1:13:2:0
balanced_racing_net_log21,Ascend910B3,20,external_v4_bf16_odd,1279,1793,3587,bf16,0,0,20:160:160:3587:160:160:192:1:1:1:1:0:1:1:1:1:1:8:4:1:3:0:0
balanced_racing_net_log21,Ascend910B3,20,external_v4_bf16_odd,1279,1793,3587,bf16,0,0,20:224:80:3587:48:16:256:4:16:1:2:1:4:4:2:2:2:2:4:5:7:1:0
balanced_racing_net_log21,Ascend910B3,20,external_v4_bf16_odd,1279,1793,3587,bf16,0,0,20:144:96:3587:48:32:320:2:3:1:3:0:1:1:2:2:1:2:3:6:7:2:0
balanced_racing_net_log21,Ascend910B3,20,external_v4_bf16_odd,1279,1793,3587,bf16,0,0,20:48:608:3587:48:16:256:16:16:1:1:1:8:8:1:1:1:9:1:3:3:1:0
balanced_racing_net_log21,Ascend910B3,20,external_v4_bf16_odd,1279,1793,3587,bf16,0,0,20:96:176:3587:48:16:512:4:8:1:4:0:2:2:1:2:1:14:3:1:5:1:0
balanced_racing_net_log21,Ascend910B3,20,external_v4_fp32_nn,1024,1536,2048,fp32,0,0,18:512:176:2048:16:16:1024:4:1:4:1:0:1:1:1:1:1:2:5:1:2:0:0
balanced_racing_net_log21,Ascend910B3,20,external_v4_fp32_nn,1024,1536,2048,fp32,0,0,20:256:320:2048:32:112:128:4:2:2:1:0:1:1:1:1:1:4:3:1:2:0:0
balanced_racing_net_log21,Ascend910B3,20,external_v4_fp32_nn,1024,1536,2048,fp32,0,0,20:208:384:1024:32:32:128:16:8:1:1:0:8:8:1:1:1:1:2:5:3:2:2
balanced_racing_net_log21,Ascend910B3,20,external_v4_fp32_nn,1024,1536,2048,fp32,0,0,16:256:384:2048:48:48:16:4:32:1:4:0:4:4:1:1:1:1:1:4:4:0:0
balanced_racing_net_log21,Ascend910B3,20,external_v4_fp32_nn,1024,1536,2048,fp32,0,0,20:512:160:2048:16:16:16:32:16:2:1:0:8:8:2:2:2:1:10:2:1:0:0
balanced_racing_net_log21,Ascend910B3,20,external_v4_fp32_nn,1024,1536,2048,fp32,0,0,20:256:320:2048:48:48:16:16:16:1:1:0:8:8:1:2:1:1:3:4:2:0:0
balanced_racing_net_log21,Ascend910B3,20,external_v4_fp32_nn,1024,1536,2048,fp32,0,0,20:1024:80:2048:16:16:32:8:32:1:2:0:8:8:2:1:1:1:1:1:20:0:0
balanced_racing_net_log21,Ascend910B3,20,external_v4_fp32_nn,1024,1536,2048,fp32,0,0,16:128:768:1056:16:16:48:66:44:3:2:0:22:22:2:1:1:2:1:4:2:2:2
balanced_racing_net_log21,Ascend910B3,20,external_v4_fp32_nn,1024,1536,2048,fp32,0,0,20:208:320:2048:32:16:128:16:32:2:2:0:8:8:1:1:1:3:3:2:2:0:0
balanced_racing_net_log21,Ascend910B3,20,external_v4_fp32_nn,1024,1536,2048,fp32,0,0,16:1024:96:2048:48:32:16:16:48:2:3:1:8:8:2:2:2:1:1:1:16:0:0
balanced_racing_net_log21,Ascend910B3,20,external_v4_fp32_nn,1024,1536,2048,fp32,0,0,20:96:768:2048:16:16:16:16:8:4:1:1:4:4:1:1:1:3:1:5:2:0:0
balanced_racing_net_log21,Ascend910B3,20,external_v4_fp32_nn,1024,1536,2048,fp32,0,0,14:160:768:512:32:32:32:32:96:2:3:1:16:16:1:1:1:2:1:4:2:2:2
balanced_racing_net_log21,Ascend910B3,20,external_v4_fp32_nn,1024,1536,2048,fp32,0,0,8:1024:192:2048:32:192:32:16:16:1:1:0:8:8:2:2:2:1:4:1:2:0:0
balanced_racing_net_log21,Ascend910B3,20,external_v4_fp32_nn,1024,1536,2048,fp32,0,0,8:144:1536:2048:144:16:16:4:8:1:2:1:2:2:1:2:1:8:1:1:1:0:0
balanced_racing_net_log21,Ascend910B3,20,external_v4_fp32_nn,1024,1536,2048,fp32,0,0,20:1008:160:2048:1008:16:16:4:2:1:1:1:2:2:1:2:1:2:2:1:6:2:0
balanced_racing_net_log21,Ascend910B3,20,external_v4_fp32_nn,1024,1536,2048,fp32,0,0,20:112:144:2048:64:16:16:1:1:1:1:1:1:1:2:2:2:5:6:2:2:2:0
balanced_racing_net_log21,Ascend910B3,20,external_v4_fp32_nn,1024,1536,2048,fp32,0,0,8:1024:384:192:128:128:64:6:9:1:3:0:3:3:2:2:2:1:1:1:4:1:3
balanced_racing_net_log21,Ascend910B3,20,external_v4_fp32_nn,1024,1536,2048,fp32,0,0,20:80:160:2048:64:80:64:8:8:1:1:0:4:4:2:2:1:13:10:1:1:1:0
balanced_racing_net_log21,Ascend910B3,20,external_v4_fp32_nn,1024,1536,2048,fp32,0,0,4:384:1536:192:128:128:64:9:6:3:1:1:3:3:2:2:2:1:1:3:1:0:3
balanced_racing_net_log21,Ascend910B3,20,external_v4_fp32_nn,1024,1536,2048,fp32,0,0,4:1024:384:192:128:128:64:6:9:1:3:0:3:3:2:2:2:1:1:1:4:1:3
balanced_racing_net_log21,Ascend910B3,20,external_v4_fp32_nn,1024,1536,2048,fp32,0,0,3:384:1536:128:96:80:16:32:64:4:4:1:8:8:1:2:1:1:1:3:1:1:2
balanced_racing_net_log21,Ascend910B3,20,external_v4_fp32_nn,1024,1536,2048,fp32,0,0,20:512:160:64:16:160:16:8:8:1:1:0:4:4:2:1:1:1:4:2:3:1:2
balanced_racing_net_log21,Ascend910B3,20,external_v4_fp32_nn,1024,1536,2048,fp32,0,0,10:112:1536:48:16:16:48:2:2:1:1:1:1:1:2:2:1:1:1:10:1:0:2
balanced_racing_net_log21,Ascend910B3,20,external_v4_fp32_nn,1024,1536,2048,fp32,0,0,20:32:256:2048:16:16:384:6:12:1:1:1:6:6:2:1:1:1:1:32:6:1:0
balanced_racing_net_log21,Ascend910B3,20,external_v4_fp32_nt,64,480,4096,fp32,0,1,20:16:96:4096:16:48:160:8:8:1:1:0:8:8:1:2:1:2:3:2:2:0:0
balanced_racing_net_log21,Ascend910B3,20,external_v4_fp32_nt,64,480,4096,fp32,0,1,20:48:16:4096:48:16:24:1:1:1:1:0:1:1:1:2:1:2:2:1:28:0:0
balanced_racing_net_log21,Ascend910B3,20,external_v4_fp32_nt,64,480,4096,fp32,0,1,20:48:16:4096:48:16:24:1:1:1:1:1:1:1:1:2:2:2:2:1:28:0:0
balanced_racing_net_log21,Ascend910B3,20,external_v4_fp32_nt,64,480,4096,fp32,0,1,20:48:16:4096:48:16:24:1:1:1:1:1:1:1:1:2:1:2:2:1:28:1:0
balanced_racing_net_log21,Ascend910B3,20,external_v4_fp32_nt,64,480,4096,fp32,0,1,20:32:48:4096:32:16:224:8:8:1:2:1:4:4:2:2:1:2:4:1:3:0:0
balanced_racing_net_log21,Ascend910B3,20,external_v4_fp32_nt,64,480,4096,fp32,0,1,20:32:48:4096:16:16:512:1:4:1:2:1:1:1:2:2:2:1:4:2:3:0:0
balanced_racing_net_log21,Ascend910B3,20,external_v4_fp32_nt,64,480,4096,fp32,0,1,20:32:48:4096:16:16:448:4:8:2:2:0:2:2:2:1:1:1:4:2:3:0:0
balanced_racing_net_log21,Ascend910B3,20,external_v4_fp32_nt,64,480,4096,fp32,0,1,20:16:96:4096:16:48:160:4:8:1:2:1:2:2:1:2:1:4:3:1:2:0:0
balanced_racing_net_log21,Ascend910B3,20,external_v4_fp32_nt,64,480,4096,fp32,0,1,20:32:48:1760:16:16:80:44:44:1:1:0:22:22:1:2:1:1:1:2:10:0:2
balanced_racing_net_log21,Ascend910B3,20,external_v4_fp32_nt,64,480,4096,fp32,0,1,20:32:48:1760:16:16:80:22:22:1:1:0:22:22:1:2:1:2:4:1:3:1:2
balanced_racing_net_log21,Ascend910B3,20,external_v4_fp32_nt,64,480,4096,fp32,0,1,20:32:48:4096:16:48:256:2:4:1:1:1:2:2:1:1:1:2:3:1:4:0:0
balanced_racing_net_log21,Ascend910B3,20,external_v4_fp32_nt,64,480,4096,fp32,0,1,20:32:48:1280:16:16:80:16:32:1:1:0:16:16:1:2:1:2:4:1:3:2:2
balanced_racing_net_log21,Ascend910B3,20,external_v4_fp32_nt,64,480,4096,fp32,0,1,20:32:48:1280:16:16:80:32:16:1:1:0:16:16:1:2:1:2:4:1:3:2:2
balanced_racing_net_log21,Ascend910B3,20,external_v4_fp32_nt,64,480,4096,fp32,0,1,20:32:48:1760:16:16:80:22:44:1:1:0:22:22:1:2:1:2:4:1:3:2:2
balanced_racing_net_log21,Ascend910B3,20,external_v4_fp32_nt,64,480,4096,fp32,0,1,20:32:48:1760:16:16:80:44:22:1:1:0:22:22:1:2:1:2:4:1:3:2:2
balanced_racing_net_log21,Ascend910B3,20,external_v4_fp32_nt,64,480,4096,fp32,0,1,15:128:32:4096:128:16:128:4:2:1:1:0:2:2:1:1:1:1:3:1:6:0:0
balanced_racing_net_log21,Ascend910B3,20,external_v4_fp32_nt,64,480,4096,fp32,0,1,20:16:16:4096:16:16:256:4:2:1:1:1:2:2:2:2:1:4:5:1:7:0:0
balanced_racing_net_log21,Ascend910B3,20,external_v4_fp32_nt,64,480,4096,fp32,0,1,20:144:16:4096:144:16:24:8:4:1:1:1:4:4:2:2:1:1:30:1:1:0:0
balanced_racing_net_log21,Ascend910B3,20,external_v4_fp32_nt,64,480,4096,fp32,0,1,15:208:32:4096:208:16:32:8:8:1:1:0:8:8:2:2:1:1:8:1:2:0:0
balanced_racing_net_log21,Ascend910B3,20,external_v4_fp32_nt,64,480,4096,fp32,0,1,16:128:384:192:128:128:64:6:9:1:3:0:3:3:2:2:2:1:1:1:2:1:3
balanced_racing_net_log21,Ascend910B3,20,external_v4_fp32_nt,64,480,4096,fp32,0,1,1:64:480:4096:64:112:16:16:64:1:4:0:8:8:1:2:1:1:1:1:1:0:0
balanced_racing_net_log21,Ascend910B3,20,external_v4_fp32_nt,64,480,4096,fp32,0,1,1:160:480:4096:160:144:96:2:2:1:1:0:2:2:1:1:1:1:1:1:1:0:0
balanced_racing_net_log21,Ascend910B3,20,external_v4_fp32_nt,64,480,4096,fp32,0,1,8:384:480:192:128:128:64:9:6:3:1:1:3:3:2:2:2:1:1:1:1:0:3
balanced_racing_net_log21,Ascend910B3,20,external_v4_fp32_nt,64,480,4096,fp32,0,1,8:128:384:192:128:128:64:6:9:1:3:0:3:3:2:2:2:1:1:1:2:1:3
balanced_racing_net_log21,Ascend910B3,20,external_v4_fp32_tn,768,1152,1536,fp32,1,0,20:192:240:1536:112:96:128:2:1:1:1:0:1:1:1:1:1:4:5:1:1:0:0
balanced_racing_net_log21,Ascend910B3,20,external_v4_fp32_tn,768,1152,1536,fp32,1,0,18:256:192:1536:48:32:16:16:32:1:4:1:8:8:1:1:2:1:2:3:4:0:0
balanced_racing_net_log21,Ascend910B3,20,external_v4_fp32_tn,768,1152,1536,fp32,1,0,16:192:288:1536:48:48:16:4:32:1:4:0:4:4:1:1:1:1:1:4:4:1:0
balanced_racing_net_log21,Ascend910B3,20,external_v4_fp32_tn,768,1152,1536,fp32,1,0,20:80:576:768:16:16:48:64:64:4:4:0:16:16:1:2:1:2:1:6:2:0:2
balanced_racing_net_log21,Ascend910B3,20,external_v4_fp32_tn,768,1152,1536,fp32,1,0,8:384:1152:192:128:128:64:9:6:3:1:1:3:3:2:2:2:2:1:1:1:0:3
balanced_racing_net_log21,Ascend910B3,20,external_v4_fp32_tn,768,1152,1536,fp32,1,0,8:384:1152:192:128:128:64:9:6:3:1:1:3:3:2:2:2:1:1:2:1:1:3
balanced_racing_net_log21,Ascend910B3,20,external_v4_fp32_tn,768,1152,1536,fp32,1,0,8:384:1152:192:128:128:64:9:6:3:1:1:3:3:2:2:1:1:1:2:1:0:3
balanced_racing_net_log21,Ascend910B3,20,external_v4_fp32_tn,768,1152,1536,fp32,1,0,7:384:1152:192:128:128:64:9:6:3:1:1:3:3:2:2:2:1:1:2:1:0:3
balanced_racing_net_log21,Ascend910B3,20,external_v4_fp32_tn,768,1152,1536,fp32,1,0,4:192:1152:256:48:16:16:64:128:4:4:1:16:16:1:2:1:2:1:3:1:1:2
balanced_racing_net_log21,Ascend910B3,20,external_v4_fp32_tn,768,1152,1536,fp32,1,0,4:192:1152:256:48:16:16:64:128:4:4:0:16:16:1:2:1:2:1:3:1:0:2
balanced_racing_net_log21,Ascend910B3,20,external_v4_fp32_tn,768,1152,1536,fp32,1,0,20:768:16:1536:112:16:16:64:16:4:1:0:8:8:1:1:1:1:72:1:1:1:0
balanced_racing_net_log21,Ascend910B3,20,external_v4_fp32_tn,768,1152,1536,fp32,1,0,20:192:240:1536:64:48:192:6:2:3:1:1:2:2:1:1:1:4:2:1:4:0:0
balanced_racing_net_log21,Ascend910B3,20,external_v4_fp32_tn,768,1152,1536,fp32,1,0,20:160:288:1024:32:96:32:32:32:1:1:0:32:32:2:1:1:5:2:1:3:2:2
balanced_racing_net_log21,Ascend910B3,20,external_v4_fp32_tn,768,1152,1536,fp32,1,0,16:48:1152:1536:16:16:96:24:8:3:1:0:8:8:2:1:1:1:1:16:1:0:0
balanced_racing_net_log21,Ascend910B3,20,external_v4_fp32_tn,768,1152,1536,fp32,1,0,20:384:48:80:16:16:80:4:6:2:3:0:1:1:2:2:1:2:3:1:11:0:2
balanced_racing_net_log21,Ascend910B3,20,external_v4_fp32_tn,768,1152,1536,fp32,1,0,20:256:80:80:16:16:80:2:2:1:1:0:1:1:2:2:1:3:1:1:15:2:2
balanced_racing_net_log21,Ascend910B3,20,external_v4_fp32_tn,768,1152,1536,fp32,1,0,20:256:48:1536:16:16:768:1:6:1:3:1:1:1:1:1:1:1:5:3:5:0:0
balanced_racing_net_log21,Ascend910B3,20,external_v4_fp32_tn,768,1152,1536,fp32,1,0,4:208:1152:1536:208:48:16:2:8:1:4:0:1:1:2:2:2:2:1:3:1:0:0
balanced_racing_net_log21,Ascend910B3,20,external_v4_fp32_tn,768,1152,1536,fp32,1,0,2:384:1152:1536:384:48:16:16:8:1:1:1:8:8:1:1:1:2:1:1:1:0:0
balanced_racing_net_log21,Ascend910B3,20,external_v4_fp32_tn,768,1152,1536,fp32,1,0,3:320:1152:1536:320:16:16:16:16:1:2:0:8:8:2:1:1:3:1:1:1:0:0
balanced_racing_net_log21,Ascend910B3,20,external_v4_fp32_tn,768,1152,1536,fp32,1,0,20:96:48:1536:16:32:512:3:3:1:1:0:3:3:2:1:1:4:8:2:3:0:0
balanced_racing_net_log21,Ascend910B3,20,external_v4_fp32_tn,768,1152,1536,fp32,1,0,20:192:32:1536:144:16:96:8:8:1:1:0:8:8:1:2:1:4:9:1:4:1:0
balanced_racing_net_log21,Ascend910B3,20,external_v4_fp32_tn,768,1152,1536,fp32,1,0,20:160:32:1536:144:32:96:2:2:1:1:0:1:1:1:2:1:1:2:5:22:2:0
balanced_racing_net_log21,Ascend910B3,20,external_v4_fp32_tn,768,1152,1536,fp32,1,0,20:240:32:1536:240:32:32:8:8:1:1:1:8:8:1:1:1:1:8:4:5:2:0
balanced_racing_net_log21,Ascend910B3,20,external_v4_fp32_tt,512,768,1024,fp32,1,1,20:160:160:1024:160:160:96:1:1:1:1:0:1:1:1:1:1:2:1:3:5:0:0
balanced_racing_net_log21,Ascend910B3,20,external_v4_fp32_tt,512,768,1024,fp32,1,1,20:128:160:512:32:32:64:32:32:4:4:0:8:8:2:2:2:4:1:1:5:0:2
balanced_racing_net_log21,Ascend910B3,20,external_v4_fp32_tt,512,768,1024,fp32,1,1,11:48:768:48:16:16:48:2:2:1:1:0:1:1:2:2:1:6:1:2:1:0:2
balanced_racing_net_log21,Ascend910B3,20,external_v4_fp32_tt,512,768,1024,fp32,1,1,6:384:768:192:128:128:64:9:6:3:1:1:3:3:2:2:2:1:1:2:1:1:3
balanced_racing_net_log21,Ascend910B3,20,external_v4_fp32_tt,512,768,1024,fp32,1,1,6:384:768:192:128:128:64:9:6:3:1:1:3:3:2:2:2:2:1:1:1:0:3
balanced_racing_net_log21,Ascend910B3,20,external_v4_fp32_tt,512,768,1024,fp32,1,1,6:384:768:192:128:128:64:9:6:3:1:1:3:3:2:2:1:1:1:2:1:0:3
balanced_racing_net_log21,Ascend910B3,20,external_v4_fp32_tt,512,768,1024,fp32,1,1,16:256:96:1024:32:80:16:16:4:2:1:0:4:4:2:2:1:2:2:1:4:0:0
balanced_racing_net_log21,Ascend910B3,20,external_v4_fp32_tt,512,768,1024,fp32,1,1,5:384:768:192:128:128:64:9:6:3:1:1:3:3:2:2:2:1:1:2:1:0:3
balanced_racing_net_log21,Ascend910B3,20,external_v4_fp32_tt,512,768,1024,fp32,1,1,20:128:160:1024:48:160:80:8:4:2:1:0:2:2:1:1:1:4:2:1:3:0:0
balanced_racing_net_log21,Ascend910B3,20,external_v4_fp32_tt,512,768,1024,fp32,1,1,20:176:96:1024:16:16:16:32:16:4:2:0:8:8:2:2:2:1:3:3:3:0:0
balanced_racing_net_log21,Ascend910B3,20,external_v4_fp32_tt,512,768,1024,fp32,1,1,16:256:96:1024:256:32:32:1:6:1:3:1:1:1:2:2:2:2:4:1:2:0:0
balanced_racing_net_log21,Ascend910B3,20,external_v4_fp32_tt,512,768,1024,fp32,1,1,20:64:128:1024:64:16:16:1:1:1:1:1:1:1:2:2:2:2:1:4:6:0:0
balanced_racing_net_log21,Ascend910B3,20,external_v4_fp32_tt,512,768,1024,fp32,1,1,4:128:768:1024:128:144:48:2:2:1:1:0:1:1:1:1:1:2:1:2:1:0:0
balanced_racing_net_log21,Ascend910B3,20,external_v4_fp32_tt,512,768,1024,fp32,1,1,20:128:32:256:96:16:16:32:16:1:1:0:16:16:1:1:1:4:5:1:5:0:2
balanced_racing_net_log21,Ascend910B3,20,external_v4_fp32_tt,512,768,1024,fp32,1,1,20:48:48:896:16:16:128:21:14:3:2:1:7:7:1:2:1:1:16:11:1:0:2
balanced_racing_net_log21,Ascend910B3,20,external_v4_fp32_tt,512,768,1024,fp32,1,1,20:48:48:768:16:16:128:36:24:3:2:0:6:6:1:2:1:1:16:11:1:2:2
balanced_racing_net_log21,Ascend910B3,20,external_v4_fp32_tt,512,768,1024,fp32,1,1,4:512:240:48:64:80:16:12:9:2:3:0:3:3:1:2:1:1:1:1:4:2:2
balanced_racing_net_log21,Ascend910B3,20,external_v4_fp32_tt,512,768,1024,fp32,1,1,20:48:48:192:48:32:64:6:6:1:1:1:3:3:1:1:1:1:3:11:7:2:2
balanced_racing_net_log21,Ascend910B3,20,external_v4_fp32_tt,512,768,1024,fp32,1,1,2:320:768:64:160:16:16:8:12:2:3:1:4:4:1:2:1:2:1:1:1:0:2
balanced_racing_net_log21,Ascend910B3,20,external_v4_fp32_tt,512,768,1024,fp32,1,1,3:512:256:96:32:64:48:8:8:4:4:1:2:2:2:1:1:1:1:1:3:1:2
balanced_racing_net_log21,Ascend910B3,20,external_v4_fp32_tt,512,768,1024,fp32,1,1,3:512:256:32:80:64:16:8:8:4:4:1:2:2:1:1:1:1:3:1:1:2:2
balanced_racing_net_log21,Ascend910B3,20,external_v4_fp32_tt,512,768,1024,fp32,1,1,20:48:48:960:48:32:64:30:15:1:1:1:15:15:1:1:1:1:3:11:7:1:2
balanced_racing_net_log21,Ascend910B3,20,external_v4_fp32_tt,512,768,1024,fp32,1,1,20:16:160:960:16:32:80:24:24:1:1:0:12:12:2:1:1:4:1:9:5:2:2
balanced_racing_net_log21,Ascend910B3,20,external_v4_fp32_tt,512,768,1024,fp32,1,1,20:16:160:160:16:32:80:2:2:1:1:0:2:2:2:1:1:4:1:9:5:0:2
balanced_racing_net_log21,Ascend910B3,20,external_v4_template_al1,32,384,4096,fp32,0,1,16:16:48:4096:16:48:192:4:2:1:1:0:2:2:2:1:1:1:2:2:7:0:0
balanced_racing_net_log21,Ascend910B3,20,external_v4_template_al1,32,384,4096,fp32,0,1,16:16:48:4096:16:48:192:4:2:1:1:0:2:2:2:1:1:2:2:1:7:1:0
balanced_racing_net_log21,Ascend910B3,20,external_v4_template_al1,32,384,4096,fp32,0,1,16:16:48:4096:16:48:192:4:2:1:1:0:2:2:2:1:2:2:2:1:7:0:0
balanced_racing_net_log21,Ascend910B3,20,external_v4_template_al1,32,384,4096,fp32,0,1,16:16:48:4096:16:16:320:2:2:1:2:0:1:1:2:2:1:1:1:2:8:0:0
balanced_racing_net_log21,Ascend910B3,20,external_v4_template_al1,32,384,4096,fp32,0,1,16:16:48:4096:16:16:320:2:2:1:2:0:1:1:2:2:2:1:1:2:8:1:0
balanced_racing_net_log21,Ascend910B3,20,external_v4_template_al1,32,384,4096,fp32,0,1,19:128:384:192:128:128:64:6:9:1:3:0:3:3:2:2:2:1:1:1:1:1:3
balanced_racing_net_log21,Ascend910B3,20,external_v4_template_al1,32,384,4096,fp32,0,1,20:128:384:192:128:128:64:6:9:1:3:0:3:3:2:2:2:1:1:1:1:2:3
balanced_racing_net_log21,Ascend910B3,20,external_v4_template_al1,32,384,4096,fp32,0,1,20:128:384:192:128:128:64:6:9:1:3:0:3:3:2:2:1:1:1:1:1:1:3
balanced_racing_net_log21,Ascend910B3,20,external_v4_template_al1,32,384,4096,fp32,0,1,12:32:32:96:32:16:32:6:3:1:1:0:3:3:2:2:1:1:1:1:12:1:2
balanced_racing_net_log21,Ascend910B3,20,external_v4_template_al1,32,384,4096,fp32,0,1,12:32:32:96:32:16:32:6:3:1:1:1:3:3:2:2:2:1:1:1:12:1:2
balanced_racing_net_log21,Ascend910B3,20,external_v4_template_al1,32,384,4096,fp32,0,1,12:32:32:96:32:16:32:6:3:1:1:1:3:3:2:2:1:1:1:1:12:2:2
balanced_racing_net_log21,Ascend910B3,20,external_v4_template_al1,32,384,4096,fp32,0,1,8:64:48:512:32:16:32:64:96:2:3:0:16:16:2:2:2:1:1:1:8:0:2
balanced_racing_net_log21,Ascend910B3,20,external_v4_template_al1,32,384,4096,fp32,0,1,20:48:16:24:48:16:8:6:6:1:1:1:3:3:2:2:1:1:1:1:24:0:2
balanced_racing_net_log21,Ascend910B3,20,external_v4_template_al1,32,384,4096,fp32,0,1,20:48:16:24:48:16:8:6:6:1:1:0:3:3:2:2:2:1:1:1:24:0:2
balanced_racing_net_log21,Ascend910B3,20,external_v4_template_al1,32,384,4096,fp32,0,1,20:64:16:4096:64:16:112:16:8:1:1:1:8:8:1:2:1:1:8:1:3:0:0
balanced_racing_net_log21,Ascend910B3,20,external_v4_template_al1,32,384,4096,fp32,0,1,6:16:128:4096:16:16:8:4:16:1:4:1:4:4:2:2:2:2:3:1:1:0:0
balanced_racing_net_log21,Ascend910B3,20,external_v4_template_al1,32,384,4096,fp32,0,1,20:96:16:4096:96:16:64:8:16:1:1:1:8:8:1:2:1:1:2:1:16:0:0
balanced_racing_net_log21,Ascend910B3,20,external_v4_template_al1,32,384,4096,fp32,0,1,20:128:16:4096:128:16:24:8:8:1:1:0:4:4:2:2:2:1:6:1:4:0:0
balanced_racing_net_log21,Ascend910B3,20,external_v4_template_al1,32,384,4096,fp32,0,1,3:128:128:4096:128:128:56:1:1:1:1:1:1:1:2:2:2:1:3:1:1:0:0
balanced_racing_net_log21,Ascend910B3,20,external_v4_template_al1,32,384,4096,fp32,0,1,1:32:496:4096:16:496:16:16:16:1:1:0:8:8:2:1:1:1:1:1:1:0:0
balanced_racing_net_log21,Ascend910B3,20,external_v4_template_al1,32,384,4096,fp32,0,1,20:224:16:4096:224:16:64:1:1:1:1:0:1:1:1:1:1:1:4:1:7:0:0
balanced_racing_net_log21,Ascend910B3,20,external_v4_template_al1,32,384,4096,fp32,0,1,1:48:384:4096:48:16:16:1:2:1:1:1:1:1:1:1:1:1:1:1:1:0:0
balanced_racing_net_log21,Ascend910B3,20,external_v4_template_al1,32,384,4096,fp32,0,1,4:192:96:4096:192:16:8:2:2:1:1:1:2:2:2:2:2:1:4:1:1:0:0
balanced_racing_net_log21,Ascend910B3,20,external_v4_template_al1,32,384,4096,fp32,0,1,20:672:16:4096:672:16:24:4:4:1:1:0:4:4:1:2:1:1:24:1:1:0:0
balanced_racing_net_log21,Ascend910B3,20,external_v4_template_bl1,45056,224,192,fp16,0,0,13:3472:224:192:16:16:80:24:6:4:1:1:3:3:2:2:1:13:1:1:1:1:0
balanced_racing_net_log21,Ascend910B3,20,external_v4_template_bl1,45056,224,192,fp16,0,0,20:1456:64:192:128:16:128:4:16:1:4:0:2:2:2:2:2:1:4:31:1:0:0
balanced_racing_net_log21,Ascend910B3,20,external_v4_template_bl1,45056,224,192,fp16,0,0,20:1456:64:192:128:16:128:4:16:1:4:1:2:2:2:2:1:1:4:31:1:0:0
balanced_racing_net_log21,Ascend910B3,20,external_v4_template_bl1,45056,224,192,fp16,0,0,20:1456:64:192:128:16:128:4:16:1:4:1:2:2:2:2:2:1:4:31:1:1:0
balanced_racing_net_log21,Ascend910B3,20,external_v4_template_bl1,45056,224,192,fp16,0,0,19:2384:224:192:224:16:64:6:84:1:14:0:3:3:1:2:1:3:1:9:1:0:20
balanced_racing_net_log21,Ascend910B3,20,external_v4_template_bl1,45056,224,192,fp16,0,0,20:2256:224:192:80:16:192:2:28:1:14:1:1:1:1:2:1:3:1:8:1:0:20
balanced_racing_net_log21,Ascend910B3,20,external_v4_template_bl1,45056,224,192,fp16,0,0,20:2256:224:192:128:144:16:24:24:1:2:1:12:12:1:1:1:3:1:9:1:0:20
balanced_racing_net_log21,Ascend910B3,20,external_v4_template_bl1,45056,224,192,fp16,0,0,20:2256:224:192:128:144:16:24:48:1:2:1:12:12:1:1:1:3:1:9:1:1:20
balanced_racing_net_log21,Ascend910B3,20,external_v4_template_bl1,45056,224,192,fp16,0,0,20:2256:224:192:160:144:48:8:4:2:1:0:2:2:2:2:1:7:1:3:1:0:0
balanced_racing_net_log21,Ascend910B3,20,external_v4_template_bl1,45056,224,192,fp16,0,0,15:3008:224:192:176:80:16:24:72:1:3:0:12:12:1:2:1:5:1:3:1:0:20
balanced_racing_net_log21,Ascend910B3,20,external_v4_template_bl1,45056,224,192,fp16,0,0,20:2256:224:192:128:144:16:12:48:1:2:1:12:12:1:1:1:3:1:9:1:0:20
balanced_racing_net_log21,Ascend910B3,20,external_v4_template_bl1,45056,224,192,fp16,0,0,12:3760:224:80:16:16:80:1:1:1:1:1:1:1:1:2:1:4:1:3:1:2:2
balanced_racing_net_log21,Ascend910B3,20,external_v4_template_bl1,45056,224,192,fp16,0,0,8:11264:192:96:48:48:16:48:48:4:4:1:6:6:2:2:1:2:1:2:2:1:2
balanced_racing_net_log21,Ascend910B3,20,external_v4_template_bl1,45056,224,192,fp16,0,0,8:11264:192:64:48:48:16:32:32:4:4:1:4:4:2:2:1:2:1:2:2:1:2
balanced_racing_net_log21,Ascend910B3,20,external_v4_template_bl1,45056,224,192,fp16,0,0,8:11264:192:64:48:48:16:16:32:4:4:1:4:4:2:2:1:2:1:2:2:0:2
balanced_racing_net_log21,Ascend910B3,20,external_v4_template_bl1,45056,224,192,fp16,0,0,4:11264:240:192:16:240:80:12:6:2:1:1:3:3:2:1:1:4:1:1:1:0:0
balanced_racing_net_log21,Ascend910B3,20,external_v4_template_bl1,45056,224,192,fp16,0,0,20:1504:32:192:160:32:192:8:2:4:1:0:1:1:1:1:1:1:1:30:7:0:0
balanced_racing_net_log21,Ascend910B3,20,external_v4_template_bl1,45056,224,192,fp16,0,0,4:11264:256:160:64:64:32:40:40:4:4:0:5:5:2:2:1:2:1:2:1:0:2
balanced_racing_net_log21,Ascend910B3,20,external_v4_template_bl1,45056,224,192,fp16,0,0,4:22528:192:192:80:192:32:12:12:2:1:0:6:6:1:2:1:2:1:1:2:0:0
balanced_racing_net_log21,Ascend910B3,20,external_v4_template_bl1,45056,224,192,fp16,0,0,3:15024:368:192:80:368:48:4:4:2:1:0:2:2:1:1:1:3:1:1:1:0:0
balanced_racing_net_log21,Ascend910B3,20,external_v4_template_bl1,45056,224,192,fp16,0,0,3:15024:368:192:48:368:48:32:4:4:1:0:4:4:2:1:1:2:1:2:1:0:0
balanced_racing_net_log21,Ascend910B3,20,external_v4_template_bl1,45056,224,192,fp16,0,0,7:6448:896:192:32:896:16:16:16:1:1:0:8:8:1:1:1:4:1:2:1:0:0
balanced_racing_net_log21,Ascend910B3,20,external_v4_template_bl1,45056,224,192,fp16,0,0,1:45056:384:192:48:384:16:1:2:1:1:0:1:1:2:2:1:1:1:1:1:0:0
balanced_racing_net_log21,Ascend910B3,20,external_v4_template_bl1,45056,224,192,fp16,0,0,8:11264:192:16:48:48:16:4:8:4:4:0:1:1:2:2:1:2:1:2:2:0:2
