record_id,run_id,soc,aic,toolkit,workload_id,m,n,k,dtype,trans_a,trans_b,rank,candidate_role,candidate_source,search_template,search_acquisition,search_behavior_metrics,tiling_signature,bank_tiling_signature,success,preflight_passed,preflight_mode,error,median_ms,stddev_ms,official_ms,official_stddev_ms,bank_ms,bank_stddev_ms,speedup_vs_official,speedup_vs_bank,delta_ms_vs_official,delta_pct_vs_official,delta_ms_vs_bank,delta_pct_vs_bank,status_vs_official,status_vs_bank,pair_validated,official_post_ms,bank_post_ms,official_drift_pct,bank_drift_pct
net_log25:cal_v1_dense_balanced_aligned:rank1,net_log25,Ascend910B3,20,8.1.RC1+toolkit-7.7.0.1.225,cal_v1_dense_balanced_aligned,2560,3072,5120,fp16,0,0,1,searched,calibration_local_counterfactual,BASE,0.8195566874219681,"{""runtime_risk_score"":0.8195566874219681}",20:128:256:5120:128:256:64:16:8:1:1:0:8:4:2:2:1:2:1:16:12:0:0,,1,1,numeric_signed_axes_full_v3,,0.297420406342,,0.297636984429,,0.298261183313,,0.999272341482,0.997181071429,-0.000216578086992,-0.0727658518,-0.000840776971262,-0.2818928571,within_noise,within_noise,1,,,,
net_log25:cal_v1_dense_balanced_aligned:rank2,net_log25,Ascend910B3,20,8.1.RC1+toolkit-7.7.0.1.225,cal_v1_dense_balanced_aligned,2560,3072,5120,fp16,0,0,2,searched,calibration_local_counterfactual,BASE,0.8309716035252199,"{""runtime_risk_score"":0.8309716035252199}",20:128:256:5120:128:256:64:16:8:1:1:0:8:4:2:2:1:2:2:12:7:0:0,,1,1,numeric_signed_axes_full_v3,,0.297476406097,,0.297749076047,,0.298373510008,,0.999084229063,0.996993352691,-0.000272669950363,-0.0915770937,-0.000897103910942,-0.3006647309,within_noise,within_noise,1,,,,
net_log25:cal_v1_dense_balanced_aligned:rank3,net_log25,Ascend910B3,20,8.1.RC1+toolkit-7.7.0.1.225,cal_v1_dense_balanced_aligned,2560,3072,5120,fp16,0,0,3,searched,calibration_local_counterfactual,BASE,0.8001646394186347,"{""runtime_risk_score"":0.8001646394186347}",20:128:256:5120:128:256:64:16:8:1:1:0:8:4:2:2:1:1:1:20:12:1:0,,1,1,numeric_signed_axes_full_v3,,0.295491199493,,0.293788283924,,0.294404411382,,1.00579640395,1.00369148039,0.0017029155694,0.579640395,0.00108678811134,0.369148039,within_noise,within_noise,1,,,,
net_log25:cal_v1_dense_balanced_aligned:rank4,net_log25,Ascend910B3,20,8.1.RC1+toolkit-7.7.0.1.225,cal_v1_dense_balanced_aligned,2560,3072,5120,fp16,0,0,4,searched,calibration_local_counterfactual,BASE,0.8286129362407675,"{""runtime_risk_score"":0.8286129362407675}",20:128:256:5120:128:256:64:16:8:1:1:1:8:4:2:2:1:1:1:20:12:0:0,,1,1,numeric_signed_axes_full_v3,,0.297230796814,,0.297257610197,,0.297881013464,,0.99990979749,0.997817193373,-2.68133825563e-05,-0.009020251,-0.000650216650247,-0.2182806627,within_noise,within_noise,1,,,,
net_log25:cal_v1_dense_balanced_aligned:rank5,net_log25,Ascend910B3,20,8.1.RC1+toolkit-7.7.0.1.225,cal_v1_dense_balanced_aligned,2560,3072,5120,fp16,0,0,5,searched,calibration_local_counterfactual,BASE,0.8259390794915195,"{""runtime_risk_score"":0.8259390794915195}",20:128:256:5120:128:256:64:16:8:1:1:0:8:4:2:2:1:2:1:14:12:0:0,,1,1,numeric_signed_axes_full_v3,,0.297239608765,,0.298040034681,,0.297941532771,,0.997314367795,0.997644088088,-0.000800425915517,-0.2685632205,-0.000701924006135,-0.2355911912,within_noise,within_noise,1,,,,
net_log25:cal_v1_dense_balanced_aligned:rank6,net_log25,Ascend910B3,20,8.1.RC1+toolkit-7.7.0.1.225,cal_v1_dense_balanced_aligned,2560,3072,5120,fp16,0,0,6,searched,calibration_coupled_counterfactual,BASE,0.799690522751791,"{""runtime_risk_score"":0.799690522751791}",20:256:1536:5120:128:256:64:16:8:1:1:0:8:4:2:2:1:2:1:9:2:0:0,,0,0,npu_structured_numeric_rejected,"official structured numeric preflight failed at C index=256, actual=203.250000, expected=-5120.000000",,,,,,,,,,,,,runtime_rejected,runtime_rejected,0,,,,
net_log25:cal_v1_dense_balanced_aligned:rank7,net_log25,Ascend910B3,20,8.1.RC1+toolkit-7.7.0.1.225,cal_v1_dense_balanced_aligned,2560,3072,5120,fp16,0,0,7,searched,calibration_coupled_counterfactual,BASE,0.759742225984564,"{""runtime_risk_score"":0.759742225984564}",20:512:768:5120:64:256:64:32:8:1:1:0:16:4:2:2:2:1:2:5:2:0:0,,0,0,npu_structured_numeric_rejected,"official structured numeric preflight failed at C index=256, actual=203.250000, expected=-5120.000000",,,,,,,,,,,,,runtime_rejected,runtime_rejected,0,,,,
net_log25:cal_v1_dense_balanced_aligned:rank8,net_log25,Ascend910B3,20,8.1.RC1+toolkit-7.7.0.1.225,cal_v1_dense_balanced_aligned,2560,3072,5120,fp16,0,0,8,searched,calibration_coupled_counterfactual,BASE,0.7976150893048723,"{""runtime_risk_score"":0.7976150893048723}",20:256:1536:5120:256:128:64:8:16:1:1:0:4:8:2:2:1:1:1:10:2:0:0,,0,0,npu_structured_numeric_rejected,"official structured numeric preflight failed at C index=128, actual=203.250000, expected=5120.000000",,,,,,,,,,,,,runtime_rejected,runtime_rejected,0,,,,
net_log25:cal_v1_dense_balanced_aligned:rank9,net_log25,Ascend910B3,20,8.1.RC1+toolkit-7.7.0.1.225,cal_v1_dense_balanced_aligned,2560,3072,5120,fp16,0,0,9,searched,calibration_coupled_counterfactual,BASE,0.8018989812221325,"{""runtime_risk_score"":0.8018989812221325}",20:128:3072:5120:128:256:64:16:8:1:1:0:8:4:2:2:1:5:1:4:1:0:0,,0,0,npu_structured_numeric_rejected,"official structured numeric preflight failed at C index=256, actual=203.250000, expected=-5120.000000",,,,,,,,,,,,,runtime_rejected,runtime_rejected,0,,,,
net_log25:cal_v1_dense_balanced_aligned:rank10,net_log25,Ascend910B3,20,8.1.RC1+toolkit-7.7.0.1.225,cal_v1_dense_balanced_aligned,2560,3072,5120,fp16,0,0,10,searched,calibration_coupled_counterfactual,BASE,0.7914205172053839,"{""runtime_risk_score"":0.7914205172053839}",20:128:256:5120:128:256:64:16:8:1:1:0:8:4:2:2:1:2:1:15:12:0:0,,1,1,numeric_signed_axes_full_v3,,0.297351207733,,0.298263875671,,0.298396734826,,0.99694006545,0.996496184539,-0.000912667938183,-0.305993455,-0.001045527093,-0.3503815461,within_noise,within_noise,1,,,,
net_log25:cal_v1_dense_balanced_aligned:rank11,net_log25,Ascend910B3,20,8.1.RC1+toolkit-7.7.0.1.225,cal_v1_dense_balanced_aligned,2560,3072,5120,fp16,0,0,11,searched,calibration_coupled_counterfactual,BASE,0.7749064116025415,"{""runtime_risk_score"":0.7749064116025415}",20:512:768:5120:128:256:64:16:8:1:1:0:8:4:2:2:1:2:1:3:4:0:0,,0,0,npu_structured_numeric_rejected,"official structured numeric preflight failed at C index=256, actual=203.250000, expected=-5120.000000",,,,,,,,,,,,,runtime_rejected,runtime_rejected,0,,,,
net_log25:cal_v1_dense_balanced_aligned:rank12,net_log25,Ascend910B3,20,8.1.RC1+toolkit-7.7.0.1.225,cal_v1_dense_balanced_aligned,2560,3072,5120,fp16,0,0,12,searched,calibration_template_probe,DETERMINISTIC_SPLIT_K,0.6538110856763963,"{""runtime_risk_score"":0.6538110856763963}",1:384:3072:384:128:128:128:9:6:3:1:1:3:3:2:2:2:1:1:7:1:0:3,,0,0,npu_structured_numeric_rejected,"official structured numeric preflight failed at C index=256, actual=0.000002, expected=-5120.000000",,,,,,,,,,,,,runtime_rejected,runtime_rejected,0,,,,
net_log25:cal_v1_dense_balanced_aligned:rank13,net_log25,Ascend910B3,20,8.1.RC1+toolkit-7.7.0.1.225,cal_v1_dense_balanced_aligned,2560,3072,5120,fp16,0,0,13,searched,calibration_template_probe,DETERMINISTIC_SPLIT_K,0.5559311251084703,"{""runtime_risk_score"":0.5559311251084703}",2:384:3072:384:128:128:128:9:6:3:1:1:3:3:2:2:2:1:1:7:1:0:3,,1,1,numeric_signed_axes_full_v3,,3.05759674072,,31.5359565742,,31.5511407891,,0.096955890129,0.0969092294049,-28.4783598335,-90.3044109871,-28.4935440484,-90.3090770595,regressed,regressed,1,,,,
net_log25:cal_v1_dense_balanced_aligned:rank14,net_log25,Ascend910B3,20,8.1.RC1+toolkit-7.7.0.1.225,cal_v1_dense_balanced_aligned,2560,3072,5120,fp16,0,0,14,searched,calibration_template_probe,SINGLE_CORE_SPLIT_K,0.260467395512324,"{""runtime_risk_score"":0.260467395512324}",15:512:1024:384:128:128:128:9:6:3:1:1:3:3:2:2:2:2:1:4:3:0:2,,1,1,numeric_signed_axes_full_v3,,0.456605186462,,0.703278394826,,0.703617015609,,0.649252401071,0.648939943652,-0.246673208364,-35.0747598929,-0.247011829147,-35.1060056348,regressed,regressed,1,,,,
net_log25:cal_v1_dense_balanced_aligned:rank15,net_log25,Ascend910B3,20,8.1.RC1+toolkit-7.7.0.1.225,cal_v1_dense_balanced_aligned,2560,3072,5120,fp16,0,0,15,searched,calibration_template_probe,SINGLE_CORE_SPLIT_K,0.21308934785068442,"{""runtime_risk_score"":0.21308934785068442}",20:384:128:384:128:128:128:9:6:3:1:1:3:3:2:2:2:1:3:7:8:0:2,,1,1,numeric_signed_axes_full_v3,,0.614364013672,,1.27320147583,,1.27381450829,,0.482534795422,0.482302572058,-0.658837462161,-51.7465204578,-0.659450494616,-51.7697427942,regressed,regressed,1,,,,
net_log25:cal_v1_dense_balanced_aligned:rank16,net_log25,Ascend910B3,20,8.1.RC1+toolkit-7.7.0.1.225,cal_v1_dense_balanced_aligned,2560,3072,5120,fp16,0,0,16,searched,calibration_template_probe,SINGLE_CORE_SPLIT_K,0.2445285248396407,"{""runtime_risk_score"":0.2445285248396407}",20:512:768:384:128:128:128:9:6:3:1:1:3:3:2:2:2:2:1:4:4:0:2,,1,1,numeric_signed_axes_full_v3,,0.361821594238,,0.441605588858,,0.441818217074,,0.819332008849,0.818937699388,-0.07978399462,-18.0667991151,-0.0799966228356,-18.1062300612,regressed,regressed,1,,,,
net_log25:cal_v1_dense_balanced_odd:rank1,net_log25,Ascend910B3,20,8.1.RC1+toolkit-7.7.0.1.225,cal_v1_dense_balanced_odd,2113,2801,4867,fp16,0,0,1,searched,calibration_local_counterfactual,BASE,0.7579384434805265,"{""runtime_risk_score"":0.7579384434805265}",20:128:256:4867:128:256:64:16:8:1:1:0:8:4:2:2:1:3:1:8:11:0:0,,1,1,numeric_signed_axes_full_v3,,0.314664001465,,0.307734055176,,0.308269951446,,1.02251927004,1.02074172325,0.00692994628901,2.251927004,0.00639405001918,2.074172325,improved,improved,1,,,,
net_log25:cal_v1_dense_balanced_odd:rank2,net_log25,Ascend910B3,20,8.1.RC1+toolkit-7.7.0.1.225,cal_v1_dense_balanced_odd,2113,2801,4867,fp16,0,0,2,searched,calibration_local_counterfactual,BASE,0.8064442541420975,"{""runtime_risk_score"":0.8064442541420975}",20:128:256:4867:128:256:64:16:8:1:1:0:8:4:2:2:1:1:2:17:7:0:0,,1,1,numeric_signed_axes_full_v3,,0.321223182678,,0.320697222871,,0.321255693546,,1.00164005102,0.999898800648,0.00052595980748,0.164005102,-3.25108680132e-05,-0.0101199352,within_noise,within_noise,1,,,,
net_log25:cal_v1_dense_balanced_odd:rank3,net_log25,Ascend910B3,20,8.1.RC1+toolkit-7.7.0.1.225,cal_v1_dense_balanced_odd,2113,2801,4867,fp16,0,0,3,searched,calibration_local_counterfactual,BASE,0.8095896888809115,"{""runtime_risk_score"":0.8095896888809115}",20:128:256:4867:128:256:64:16:8:1:1:0:8:4:2:2:1:3:2:6:6:0:0,,1,1,numeric_signed_axes_full_v3,,0.323237190247,,0.324731249439,,0.325296745076,,0.995399090186,0.993668689097,-0.00149405919246,-0.4600909814,-0.00205955482881,-0.6331310903,within_noise,within_noise,1,,,,
net_log25:cal_v1_dense_balanced_odd:rank4,net_log25,Ascend910B3,20,8.1.RC1+toolkit-7.7.0.1.225,cal_v1_dense_balanced_odd,2113,2801,4867,fp16,0,0,4,searched,calibration_local_counterfactual,BASE,0.813160546429678,"{""runtime_risk_score"":0.813160546429678}",20:128:256:4867:128:256:64:16:8:1:1:0:8:4:2:2:1:1:1:17:11:1:0,,1,1,numeric_signed_axes_full_v3,,0.323067207336,,0.324389802039,,0.32495470307,,0.995922822806,0.99419151126,-0.00132259470284,-0.4077177194,-0.00188749573379,-0.580848874,within_noise,within_noise,1,,,,
net_log25:cal_v1_dense_balanced_odd:rank5,net_log25,Ascend910B3,20,8.1.RC1+toolkit-7.7.0.1.225,cal_v1_dense_balanced_odd,2113,2801,4867,fp16,0,0,5,searched,calibration_local_counterfactual,BASE,0.8370964717179478,"{""runtime_risk_score"":0.8370964717179478}",20:128:256:4867:128:256:64:16:8:1:1:1:8:4:2:2:1:1:1:17:11:0:0,,1,1,numeric_signed_axes_full_v3,,0.32127040863,,0.320791527054,,0.321493634404,,1.00149281242,0.99930566036,0.000478881575817,0.149281242,-0.000223225774375,-0.069433964,within_noise,within_noise,1,,,,
net_log25:cal_v1_dense_balanced_odd:rank6,net_log25,Ascend910B3,20,8.1.RC1+toolkit-7.7.0.1.225,cal_v1_dense_balanced_odd,2113,2801,4867,fp16,0,0,6,searched,calibration_coupled_counterfactual,BASE,0.7631648148261458,"{""runtime_risk_score"":0.7631648148261458}",11:2128:256:4867:128:256:64:16:8:1:1:0:8:4:2:2:1:1:3:1:5:0:0,,0,0,npu_structured_numeric_rejected,"official structured numeric preflight failed at C index=358528, actual=203.250000, expected=4868.000000",,,,,,,,,,,,,runtime_rejected,runtime_rejected,0,,,,
net_log25:cal_v1_dense_balanced_odd:rank7,net_log25,Ascend910B3,20,8.1.RC1+toolkit-7.7.0.1.225,cal_v1_dense_balanced_odd,2113,2801,4867,fp16,0,0,7,searched,calibration_coupled_counterfactual,BASE,0.782298055168458,"{""runtime_risk_score"":0.782298055168458}",14:304:1408:4867:128:128:64:16:16:1:1:0:8:8:2:2:2:1:2:7:1:0:0,,0,0,npu_structured_numeric_rejected,"official structured numeric preflight failed at C index=128, actual=203.250000, expected=4868.000000",,,,,,,,,,,,,runtime_rejected,runtime_rejected,0,,,,
net_log25:cal_v1_dense_balanced_odd:rank8,net_log25,Ascend910B3,20,8.1.RC1+toolkit-7.7.0.1.225,cal_v1_dense_balanced_odd,2113,2801,4867,fp16,0,0,8,searched,calibration_coupled_counterfactual,BASE,0.8078486368361627,"{""runtime_risk_score"":0.8078486368361627}",20:432:704:4867:256:128:64:8:16:1:1:0:4:8:2:2:1:1:1:5:4:0:0,,0,0,npu_structured_numeric_rejected,"official structured numeric preflight failed at C index=128, actual=203.250000, expected=4868.000000",,,,,,,,,,,,,runtime_rejected,runtime_rejected,0,,,,
net_log25:cal_v1_dense_balanced_odd:rank9,net_log25,Ascend910B3,20,8.1.RC1+toolkit-7.7.0.1.225,cal_v1_dense_balanced_odd,2113,2801,4867,fp16,0,0,9,searched,calibration_coupled_counterfactual,BASE,0.8151781373764885,"{""runtime_risk_score"":0.8151781373764885}",20:432:704:4867:256:128:64:8:16:1:1:0:4:8:2:2:1:2:1:4:4:0:0,,0,0,npu_structured_numeric_rejected,"official structured numeric preflight failed at C index=128, actual=203.250000, expected=4868.000000",,,,,,,,,,,,,runtime_rejected,runtime_rejected,0,,,,
net_log25:cal_v1_dense_balanced_odd:rank10,net_log25,Ascend910B3,20,8.1.RC1+toolkit-7.7.0.1.225,cal_v1_dense_balanced_odd,2113,2801,4867,fp16,0,0,10,searched,calibration_coupled_counterfactual,BASE,0.8066188243388208,"{""runtime_risk_score"":0.8066188243388208}",11:2128:256:4867:128:256:64:16:8:1:1:0:8:4:2:2:1:1:2:1:6:0:0,,0,0,npu_structured_numeric_rejected,"official structured numeric preflight failed at C index=358528, actual=203.250000, expected=4868.000000",,,,,,,,,,,,,runtime_rejected,runtime_rejected,0,,,,
net_log25:cal_v1_dense_balanced_odd:rank11,net_log25,Ascend910B3,20,8.1.RC1+toolkit-7.7.0.1.225,cal_v1_dense_balanced_odd,2113,2801,4867,fp16,0,0,11,searched,calibration_coupled_counterfactual,BASE,0.8017242893534255,"{""runtime_risk_score"":0.8017242893534255}",20:128:256:4867:128:256:64:16:8:1:1:0:8:4:2:2:1:2:1:12:11:0:0,,1,1,numeric_signed_axes_full_v3,,0.322344017029,,0.322065594089,,0.32364593337,,1.00086449141,0.995977343737,0.000278422939547,0.086449141,-0.00130191634086,-0.4022656263,within_noise,within_noise,1,,,,
net_log25:cal_v1_dense_balanced_odd:rank12,net_log25,Ascend910B3,20,8.1.RC1+toolkit-7.7.0.1.225,cal_v1_dense_balanced_odd,2113,2801,4867,fp16,0,0,12,searched,calibration_template_probe,DETERMINISTIC_SPLIT_K,0.5193118461901569,"{""runtime_risk_score"":0.5193118461901569}",1:2128:384:384:128:128:128:6:9:1:3:0:3:3:2:2:2:1:1:1:8:1:3,,0,0,npu_structured_numeric_rejected,"official structured numeric preflight failed at C index=0, actual=-65536.000000, expected=4868.000000",,,,,,,,,,,,,runtime_rejected,runtime_rejected,0,,,,
net_log25:cal_v1_dense_balanced_odd:rank13,net_log25,Ascend910B3,20,8.1.RC1+toolkit-7.7.0.1.225,cal_v1_dense_balanced_odd,2113,2801,4867,fp16,0,0,13,searched,calibration_template_probe,DETERMINISTIC_SPLIT_K,0.5563242698887821,"{""runtime_risk_score"":0.5563242698887821}",2:384:2816:384:128:128:128:9:6:3:1:1:3:3:2:2:2:1:1:6:1:0:3,,1,1,numeric_signed_axes_full_v3,,2.87958190918,,25.6694180137,,25.7084146034,,0.112179477838,0.112009314989,-22.7898361045,-88.7820522162,-22.8288326942,-88.7990685011,regressed,regressed,1,,,,
net_log25:cal_v1_dense_balanced_odd:rank14,net_log25,Ascend910B3,20,8.1.RC1+toolkit-7.7.0.1.225,cal_v1_dense_balanced_odd,2113,2801,4867,fp16,0,0,14,searched,calibration_template_probe,DETERMINISTIC_SPLIT_K,0.3711764487362331,"{""runtime_risk_score"":0.3711764487362331}",2:2128:384:384:128:128:128:6:9:1:3:0:3:3:2:2:2:1:1:1:8:1:3,,1,1,numeric_signed_axes_full_v3,,2.90858184814,,26.1890490022,,26.2288350077,,0.1110609953,0.110892529054,-23.280467154,-88.89390047,-23.3202531595,-88.9107470946,regressed,regressed,1,,,,
net_log25:cal_v1_dense_balanced_odd:rank15,net_log25,Ascend910B3,20,8.1.RC1+toolkit-7.7.0.1.225,cal_v1_dense_balanced_odd,2113,2801,4867,fp16,0,0,15,searched,calibration_template_probe,SINGLE_CORE_SPLIT_K,0.29835381926712246,"{""runtime_risk_score"":0.29835381926712246}",6:384:2816:384:128:128:128:9:6:3:1:1:3:3:2:2:2:2:1:5:1:0:2,,1,1,numeric_signed_axes_full_v3,,0.981119613647,,2.97989571027,,2.98442272256,,0.329246292166,0.328746864923,-1.99877609662,-67.0753707834,-2.00330310891,-67.1253135077,regressed,regressed,1,,,,
net_log25:cal_v1_dense_balanced_odd:rank16,net_log25,Ascend910B3,20,8.1.RC1+toolkit-7.7.0.1.225,cal_v1_dense_balanced_odd,2113,2801,4867,fp16,0,0,16,searched,calibration_template_probe,SINGLE_CORE_SPLIT_K,0.21290851320651502,"{""runtime_risk_score"":0.21290851320651502}",20:384:128:384:128:128:128:9:6:3:1:1:3:3:2:2:2:1:1:6:22:0:2,,1,1,numeric_signed_axes_full_v3,,0.493988418579,,0.755423835229,,0.756571463643,,0.653922203063,0.652930281299,-0.26143541665,-34.6077796937,-0.262583045064,-34.7069718701,regressed,regressed,1,,,,
net_log25:cal_v1_dense_tall:rank1,net_log25,Ascend910B3,20,8.1.RC1+toolkit-7.7.0.1.225,cal_v1_dense_tall,4864,1280,5632,fp16,0,0,1,searched,calibration_local_counterfactual,BASE,0.5627857760815762,"{""runtime_risk_score"":0.5627857760815762}",20:128:256:5632:128:256:64:16:8:1:1:0:8:4:2:2:1:2:1:32:5:0:0,,1,1,numeric_signed_axes_full_v3,,0.271568393707,,0.270983369532,,0.271620124496,,1.00215889328,0.999809547288,0.000585024175473,0.215889328,-5.17307893441e-05,-0.0190452712,within_noise,within_noise,1,,,,
net_log25:cal_v1_dense_tall:rank2,net_log25,Ascend910B3,20,8.1.RC1+toolkit-7.7.0.1.225,cal_v1_dense_tall,4864,1280,5632,fp16,0,0,2,searched,calibration_local_counterfactual,BASE,0.5628763678974521,"{""runtime_risk_score"":0.5628763678974521}",20:128:256:5632:128:256:64:16:8:1:1:0:8:4:2:2:1:3:1:15:5:0:0,,1,1,numeric_signed_axes_full_v3,,0.272043590546,,0.27193254555,,0.272571530883,,1.00040835493,0.998063112698,0.000111044995603,0.040835493,-0.000527940337054,-0.1936887302,within_noise,within_noise,1,,,,
net_log25:cal_v1_dense_tall:rank3,net_log25,Ascend910B3,20,8.1.RC1+toolkit-7.7.0.1.225,cal_v1_dense_tall,4864,1280,5632,fp16,0,0,3,searched,calibration_local_counterfactual,BASE,0.5525649184902884,"{""runtime_risk_score"":0.5525649184902884}",20:128:256:5632:128:256:64:16:8:1:1:0:8:4:2:2:1:1:1:38:5:1:0,,1,1,numeric_signed_axes_full_v3,,0.27082359314,,0.269499015641,,0.27013228268,,1.00491496229,1.00255915529,0.00132457749907,0.491496229,0.00069131046022,0.255915529,within_noise,within_noise,1,,,,
net_log25:cal_v1_dense_tall:rank4,net_log25,Ascend910B3,20,8.1.RC1+toolkit-7.7.0.1.225,cal_v1_dense_tall,4864,1280,5632,fp16,0,0,4,searched,calibration_local_counterfactual,BASE,0.6033870957803695,"{""runtime_risk_score"":0.6033870957803695}",20:128:256:5632:128:256:64:16:8:1:1:1:8:4:2:2:1:1:1:38:5:0:0,,1,1,numeric_signed_axes_full_v3,,0.271379203796,,0.270605936346,,0.271241804424,,1.0028575406,1.00050655677,0.000773267449711,0.28575406,0.000137399372338,0.050655677,within_noise,within_noise,1,,,,
net_log25:cal_v1_dense_tall:rank5,net_log25,Ascend910B3,20,8.1.RC1+toolkit-7.7.0.1.225,cal_v1_dense_tall,4864,1280,5632,fp16,0,0,5,searched,calibration_local_counterfactual,BASE,0.5637126586888865,"{""runtime_risk_score"":0.5637126586888865}",20:128:256:5632:128:256:64:16:8:1:1:0:8:4:2:2:1:2:1:28:5:0:0,,1,1,numeric_signed_axes_full_v3,,0.271353206635,,0.270856642322,,0.271581925053,,1.00183331045,0.999157829012,0.000496564312821,0.183331045,-0.000228718418145,-0.0842170988,within_noise,within_noise,1,,,,
net_log25:cal_v1_dense_tall:rank6,net_log25,Ascend910B3,20,8.1.RC1+toolkit-7.7.0.1.225,cal_v1_dense_tall,4864,1280,5632,fp16,0,0,6,searched,calibration_coupled_counterfactual,BASE,0.44888209618693165,"{""runtime_risk_score"":0.44888209618693165}",20:1216:256:5632:64:256:64:32:8:1:1:0:16:4:2:2:2:1:2:4:3:0:0,,0,0,npu_structured_numeric_rejected,"official structured numeric preflight failed at C index=81920, actual=203.250000, expected=-5632.000000",,,,,,,,,,,,,runtime_rejected,runtime_rejected,0,,,,
net_log25:cal_v1_dense_tall:rank7,net_log25,Ascend910B3,20,8.1.RC1+toolkit-7.7.0.1.225,cal_v1_dense_tall,4864,1280,5632,fp16,0,0,7,searched,calibration_coupled_counterfactual,BASE,0.4731310674702582,"{""runtime_risk_score"":0.4731310674702582}",19:256:1280:5632:256:128:64:8:16:1:1:0:4:8:2:2:1:2:1:12:1:0:0,,0,0,npu_structured_numeric_rejected,"official structured numeric preflight failed at C index=128, actual=203.250000, expected=5632.000000",,,,,,,,,,,,,runtime_rejected,runtime_rejected,0,,,,
net_log25:cal_v1_dense_tall:rank8,net_log25,Ascend910B3,20,8.1.RC1+toolkit-7.7.0.1.225,cal_v1_dense_tall,4864,1280,5632,fp16,0,0,8,searched,calibration_coupled_counterfactual,BASE,0.43468405545100236,"{""runtime_risk_score"":0.43468405545100236}",19:256:1280:5632:128:128:64:16:16:1:1:0:8:8:2:2:2:1:1:19:1:0:0,,0,0,npu_structured_numeric_rejected,"official structured numeric preflight failed at C index=128, actual=203.250000, expected=5632.000000",,,,,,,,,,,,,runtime_rejected,runtime_rejected,0,,,,
net_log25:cal_v1_dense_tall:rank9,net_log25,Ascend910B3,20,8.1.RC1+toolkit-7.7.0.1.225,cal_v1_dense_tall,4864,1280,5632,fp16,0,0,9,searched,calibration_coupled_counterfactual,BASE,0.32322938309465893,"{""runtime_risk_score"":0.32322938309465893}",20:1216:256:5632:128:256:64:16:8:1:1:0:8:4:2:2:1:1:1:4:5:0:0,,0,0,npu_structured_numeric_rejected,"official structured numeric preflight failed at C index=163840, actual=203.250000, expected=5632.000000",,,,,,,,,,,,,runtime_rejected,runtime_rejected,0,,,,
net_log25:cal_v1_dense_tall:rank10,net_log25,Ascend910B3,20,8.1.RC1+toolkit-7.7.0.1.225,cal_v1_dense_tall,4864,1280,5632,fp16,0,0,10,searched,calibration_coupled_counterfactual,BASE,0.483831492277718,"{""runtime_risk_score"":0.483831492277718}",20:1216:256:5632:128:256:64:16:8:1:1:0:8:4:2:2:1:2:2:2:3:0:0,,0,0,npu_structured_numeric_rejected,"official structured numeric preflight failed at C index=163840, actual=203.250000, expected=5632.000000",,,,,,,,,,,,,runtime_rejected,runtime_rejected,0,,,,
net_log25:cal_v1_dense_tall:rank11,net_log25,Ascend910B3,20,8.1.RC1+toolkit-7.7.0.1.225,cal_v1_dense_tall,4864,1280,5632,fp16,0,0,11,searched,calibration_coupled_counterfactual,BASE,0.4770889655359425,"{""runtime_risk_score"":0.4770889655359425}",16:304:1280:5632:128:256:64:16:8:1:1:0:8:4:2:2:1:2:1:8:1:0:0,,0,0,npu_structured_numeric_rejected,"official structured numeric preflight failed at C index=256, actual=203.250000, expected=-5632.000000",,,,,,,,,,,,,runtime_rejected,runtime_rejected,0,,,,
net_log25:cal_v1_dense_tall:rank12,net_log25,Ascend910B3,20,8.1.RC1+toolkit-7.7.0.1.225,cal_v1_dense_tall,4864,1280,5632,fp16,0,0,12,searched,calibration_template_probe,DETERMINISTIC_SPLIT_K,0.4698531461227659,"{""runtime_risk_score"":0.4698531461227659}",2:4864:384:384:128:128:128:6:9:1:3:0:3:3:2:2:2:1:1:1:4:1:3,,1,1,numeric_signed_axes_full_v3,,2.78384124756,,28.50745878,,28.5837942444,,0.0976530833226,0.0973922924214,-25.7236175325,-90.2346916677,-25.7999529968,-90.2607707579,regressed,regressed,1,,,,
net_log25:cal_v1_dense_tall:rank13,net_log25,Ascend910B3,20,8.1.RC1+toolkit-7.7.0.1.225,cal_v1_dense_tall,4864,1280,5632,fp16,0,0,13,searched,calibration_template_probe,DETERMINISTIC_SPLIT_K,0.11913479646328679,"{""runtime_risk_score"":0.11913479646328679}",8:384:1280:384:128:128:128:9:6:3:1:1:3:3:2:2:2:1:1:13:1:0:3,,1,1,numeric_signed_axes_full_v3,,0.777986831665,,2.2235765816,,2.22324450047,,0.349880835274,0.349933096203,-1.44558974993,-65.0119164726,-1.4452576688,-65.0066903797,regressed,regressed,1,,,,
net_log25:cal_v1_dense_tall:rank14,net_log25,Ascend910B3,20,8.1.RC1+toolkit-7.7.0.1.225,cal_v1_dense_tall,4864,1280,5632,fp16,0,0,14,searched,calibration_template_probe,DETERMINISTIC_SPLIT_K,0.2858797928900983,"{""runtime_risk_score"":0.2858797928900983}",4:4864:384:384:128:128:128:6:9:1:3:0:3:3:2:2:2:1:1:1:4:1:3,,1,1,numeric_signed_axes_full_v3,,1.41076721191,,7.3116991646,,7.3106071953,,0.192946561415,0.192975381418,-5.90093195269,-80.7053438585,-5.89983998339,-80.7024618582,regressed,regressed,1,,,,
net_log25:cal_v1_dense_tall:rank15,net_log25,Ascend910B3,20,8.1.RC1+toolkit-7.7.0.1.225,cal_v1_dense_tall,4864,1280,5632,fp16,0,0,15,searched,calibration_template_probe,SINGLE_CORE_SPLIT_K,0.3214811049063209,"{""runtime_risk_score"":0.3214811049063209}",5:4864:256:384:128:128:128:9:6:3:1:1:3:3:2:2:2:1:2:1:4:0:2,,1,1,numeric_signed_axes_full_v3,,1.43883239746,,7.60550428453,,7.60436843679,,0.189183036868,0.189211294721,-6.16667188707,-81.0816963132,-6.16553603933,-81.0788705279,regressed,regressed,1,,,,
net_log25:cal_v1_dense_tall:rank16,net_log25,Ascend910B3,20,8.1.RC1+toolkit-7.7.0.1.225,cal_v1_dense_tall,4864,1280,5632,fp16,0,0,16,searched,calibration_template_probe,SINGLE_CORE_SPLIT_K,0.24706215745320306,"{""runtime_risk_score"":0.24706215745320306}",20:384:128:384:128:128:128:9:6:3:1:1:3:3:2:2:2:1:1:13:10:0:2,,1,1,numeric_signed_axes_full_v3,,0.536693191528,,1.05818054103,,1.05802250654,,0.507184899663,0.507260656754,-0.521487349503,-49.2815100337,-0.521329315012,-49.2739343246,regressed,regressed,1,,,,
net_log25:cal_v1_dense_wide:rank1,net_log25,Ascend910B3,20,8.1.RC1+toolkit-7.7.0.1.225,cal_v1_dense_wide,1280,4864,5632,fp16,0,0,1,searched,calibration_local_counterfactual,BASE,0.43453587514304987,"{""runtime_risk_score"":0.43453587514304987}",20:128:256:5632:128:256:64:16:8:1:1:0:8:4:2:2:1:1:3:10:9:0:0,,1,1,numeric_signed_axes_full_v3,,0.27343000412,,0.274054756234,,0.273471342614,,0.997720338362,0.999848837932,-0.000624752114499,-0.2279661638,-4.13384936882e-05,-0.0151162068,within_noise,within_noise,1,,,,
net_log25:cal_v1_dense_wide:rank2,net_log25,Ascend910B3,20,8.1.RC1+toolkit-7.7.0.1.225,cal_v1_dense_wide,1280,4864,5632,fp16,0,0,2,searched,calibration_local_counterfactual,BASE,0.6354369107166344,"{""runtime_risk_score"":0.6354369107166344}",20:128:256:5632:128:256:64:16:8:1:1:0:8:4:2:2:1:2:2:5:12:0:0,,1,1,numeric_signed_axes_full_v3,,0.273080406189,,0.273354410805,,0.272772488095,,0.998997621383,1.00112884586,-0.000274004616254,-0.1002378617,0.000307918093908,0.112884586,within_noise,within_noise,1,,,,
net_log25:cal_v1_dense_wide:rank3,net_log25,Ascend910B3,20,8.1.RC1+toolkit-7.7.0.1.225,cal_v1_dense_wide,1280,4864,5632,fp16,0,0,3,searched,calibration_local_counterfactual,BASE,0.5277469643216446,"{""runtime_risk_score"":0.5277469643216446}",20:128:256:5632:128:256:64:16:8:1:1:0:8:4:2:2:1:2:2:6:14:0:0,,1,1,numeric_signed_axes_full_v3,,0.272350006104,,0.271894100431,,0.27131528646,,1.00167677663,1.00381371672,0.000455905673437,0.167677663,0.00103471964436,0.381371672,within_noise,within_noise,1,,,,
net_log25:cal_v1_dense_wide:rank4,net_log25,Ascend910B3,20,8.1.RC1+toolkit-7.7.0.1.225,cal_v1_dense_wide,1280,4864,5632,fp16,0,0,4,searched,calibration_local_counterfactual,BASE,0.7229242488166665,"{""runtime_risk_score"":0.7229242488166665}",20:128:256:5632:128:256:64:16:8:1:1:0:8:4:2:2:1:2:2:5:10:0:0,,1,1,numeric_signed_axes_full_v3,,0.273368797302,,0.273932076631,,0.273348924174,,0.997943726283,1.00007270242,-0.00056327932942,-0.2056273717,1.98731282918e-05,0.007270242,within_noise,within_noise,1,,,,
net_log25:cal_v1_dense_wide:rank5,net_log25,Ascend910B3,20,8.1.RC1+toolkit-7.7.0.1.225,cal_v1_dense_wide,1280,4864,5632,fp16,0,0,5,searched,calibration_local_counterfactual,BASE,0.6628753876173568,"{""runtime_risk_score"":0.6628753876173568}",20:128:256:5632:128:256:64:16:8:1:1:0:8:4:2:2:1:1:1:10:19:1:0,,1,1,numeric_signed_axes_full_v3,,0.272269992828,,0.271936406222,,0.271924419882,,1.00122670815,1.0012708419,0.000333586605794,0.122670815,0.000345572946419,0.12708419,within_noise,within_noise,1,,,,
net_log25:cal_v1_dense_wide:rank6,net_log25,Ascend910B3,20,8.1.RC1+toolkit-7.7.0.1.225,cal_v1_dense_wide,1280,4864,5632,fp16,0,0,6,searched,calibration_coupled_counterfactual,BASE,0.7202010413990052,"{""runtime_risk_score"":0.7202010413990052}",20:256:1216:5632:64:256:64:32:8:1:1:0:16:4:2:2:2:1:4:5:1:0:0,,0,0,npu_structured_numeric_rejected,"official structured numeric preflight failed at C index=256, actual=203.250000, expected=-5632.000000",,,,,,,,,,,,,runtime_rejected,runtime_rejected,0,,,,
net_log25:cal_v1_dense_wide:rank7,net_log25,Ascend910B3,20,8.1.RC1+toolkit-7.7.0.1.225,cal_v1_dense_wide,1280,4864,5632,fp16,0,0,7,searched,calibration_coupled_counterfactual,BASE,0.538176832576926,"{""runtime_risk_score"":0.538176832576926}",20:128:2432:5632:128:256:64:16:8:1:1:0:8:4:2:2:1:2:1:9:2:0:0,,0,0,npu_structured_numeric_rejected,"official structured numeric preflight failed at C index=256, actual=203.250000, expected=-5632.000000",,,,,,,,,,,,,runtime_rejected,runtime_rejected,0,,,,
net_log25:cal_v1_dense_wide:rank8,net_log25,Ascend910B3,20,8.1.RC1+toolkit-7.7.0.1.225,cal_v1_dense_wide,1280,4864,5632,fp16,0,0,8,searched,calibration_coupled_counterfactual,BASE,0.7353012069104775,"{""runtime_risk_score"":0.7353012069104775}",19:1280:256:5632:128:128:64:16:16:1:1:0:8:8:2:2:2:1:1:1:19:0:0,,0,0,npu_structured_numeric_rejected,"official structured numeric preflight failed at C index=128, actual=203.250000, expected=5632.000000",,,,,,,,,,,,,runtime_rejected,runtime_rejected,0,,,,
net_log25:cal_v1_dense_wide:rank9,net_log25,Ascend910B3,20,8.1.RC1+toolkit-7.7.0.1.225,cal_v1_dense_wide,1280,4864,5632,fp16,0,0,9,searched,calibration_coupled_counterfactual,BASE,0.6339621607769544,"{""runtime_risk_score"":0.6339621607769544}",19:1280:256:5632:128:256:64:16:8:1:1:0:8:4:2:2:1:1:2:1:12:0:0,,0,0,npu_structured_numeric_rejected,"official structured numeric preflight failed at C index=622592, actual=203.250000, expected=5632.000000",,,,,,,,,,,,,runtime_rejected,runtime_rejected,0,,,,
net_log25:cal_v1_dense_wide:rank10,net_log25,Ascend910B3,20,8.1.RC1+toolkit-7.7.0.1.225,cal_v1_dense_wide,1280,4864,5632,fp16,0,0,10,searched,calibration_coupled_counterfactual,BASE,0.7480148996418373,"{""runtime_risk_score"":0.7480148996418373}",20:256:1216:5632:256:128:64:8:16:1:1:0:4:8:2:2:1:1:1:5:4:0:0,,0,0,npu_structured_numeric_rejected,"official structured numeric preflight failed at C index=128, actual=203.250000, expected=5632.000000",,,,,,,,,,,,,runtime_rejected,runtime_rejected,0,,,,
net_log25:cal_v1_dense_wide:rank11,net_log25,Ascend910B3,20,8.1.RC1+toolkit-7.7.0.1.225,cal_v1_dense_wide,1280,4864,5632,fp16,0,0,11,searched,calibration_coupled_counterfactual,BASE,0.7650063173491077,"{""runtime_risk_score"":0.7650063173491077}",20:256:1216:5632:256:128:64:8:16:1:1:0:4:8:2:2:1:2:1:3:4:0:0,,0,0,npu_structured_numeric_rejected,"official structured numeric preflight failed at C index=128, actual=203.250000, expected=5632.000000",,,,,,,,,,,,,runtime_rejected,runtime_rejected,0,,,,
net_log25:cal_v1_dense_wide:rank12,net_log25,Ascend910B3,20,8.1.RC1+toolkit-7.7.0.1.225,cal_v1_dense_wide,1280,4864,5632,fp16,0,0,12,searched,calibration_template_probe,DETERMINISTIC_SPLIT_K,0.5026116601588233,"{""runtime_risk_score"":0.5026116601588233}",1:1280:384:384:128:128:128:6:9:1:3:0:3:3:2:2:2:1:1:1:13:1:3,,0,0,npu_structured_numeric_rejected,"official structured numeric preflight failed at C index=0, actual=-65536.000000, expected=5632.000000",,,,,,,,,,,,,runtime_rejected,runtime_rejected,0,,,,
net_log25:cal_v1_dense_wide:rank13,net_log25,Ascend910B3,20,8.1.RC1+toolkit-7.7.0.1.225,cal_v1_dense_wide,1280,4864,5632,fp16,0,0,13,searched,calibration_template_probe,DETERMINISTIC_SPLIT_K,0.12256460003485824,"{""runtime_risk_score"":0.12256460003485824}",8:1280:384:384:128:128:128:6:9:1:3:0:3:3:2:2:2:1:1:1:13:1:3,,1,1,numeric_signed_axes_full_v3,,0.776661605835,,2.20959500493,,2.21390959349,,0.351495004335,0.350809991573,-1.43293339909,-64.8504995665,-1.43724798765,-64.9190008427,regressed,regressed,1,,,,
net_log25:cal_v1_dense_wide:rank14,net_log25,Ascend910B3,20,8.1.RC1+toolkit-7.7.0.1.225,cal_v1_dense_wide,1280,4864,5632,fp16,0,0,14,searched,calibration_template_probe,SINGLE_CORE_SPLIT_K,0.3186602048469112,"{""runtime_risk_score"":0.3186602048469112}",4:384:4864:384:128:128:128:9:6:3:1:1:3:3:2:2:2:2:1:3:1:0:2,,1,1,numeric_signed_axes_full_v3,,1.52643722534,,8.53506639722,,8.55173248303,,0.178843040499,0.178494501362,-7.00862917188,-82.1156959501,-7.02529525769,-82.1505498638,regressed,regressed,1,,,,
net_log25:cal_v1_dense_wide:rank15,net_log25,Ascend910B3,20,8.1.RC1+toolkit-7.7.0.1.225,cal_v1_dense_wide,1280,4864,5632,fp16,0,0,15,searched,calibration_template_probe,SINGLE_CORE_SPLIT_K,0.22174912836337046,"{""runtime_risk_score"":0.22174912836337046}",20:384:128:384:128:128:128:9:6:3:1:1:3:3:2:2:2:1:2:4:19:0:2,,1,1,numeric_signed_axes_full_v3,,0.537300415039,,1.05750726286,,1.05957221536,,0.508082009373,0.507091831258,-0.520206847818,-49.1917990627,-0.522271800325,-49.2908168742,regressed,regressed,1,,,,
net_log25:cal_v1_dense_wide:rank16,net_log25,Ascend910B3,20,8.1.RC1+toolkit-7.7.0.1.225,cal_v1_dense_wide,1280,4864,5632,fp16,0,0,16,searched,calibration_template_probe,SINGLE_CORE_SPLIT_K,0.3031277234021323,"{""runtime_risk_score"":0.3031277234021323}",4:384:4864:384:128:128:128:9:6:3:1:1:3:3:2:2:2:4:1:1:1:0:2,,1,1,numeric_signed_axes_full_v3,,1.52662078857,,8.53711930653,,8.55378940092,,0.178821536136,0.178473038909,-7.01049851796,-82.1178463864,-7.02716861235,-82.1526961091,regressed,regressed,1,,,,
net_log25:cal_v1_dense_large:rank1,net_log25,Ascend910B3,20,8.1.RC1+toolkit-7.7.0.1.225,cal_v1_dense_large,5632,6144,7680,fp16,0,0,1,searched,calibration_local_counterfactual,BASE,0.782410680050621,"{""runtime_risk_score"":0.782410680050621}",20:128:256:7680:128:256:64:16:8:1:1:0:8:4:2:2:1:3:2:18:12:0:0,,1,1,numeric_signed_axes_full_v3,,1.97055801392,,1.9742595901,,1.9812753707,,0.99812508132,0.994590677836,-0.00370157618466,-0.187491868,-0.0107173567757,-0.5409322164,within_noise,within_noise,1,,,,
net_log25:cal_v1_dense_large:rank2,net_log25,Ascend910B3,20,8.1.RC1+toolkit-7.7.0.1.225,cal_v1_dense_large,5632,6144,7680,fp16,0,0,2,searched,calibration_local_counterfactual,BASE,0.790631514268029,"{""runtime_risk_score"":0.790631514268029}",20:128:256:7680:128:256:64:16:8:1:1:0:8:4:2:2:1:2:3:22:9:0:0,,1,1,numeric_signed_axes_full_v3,,1.95010314941,,1.93348573982,,1.9403566254,,1.00859453434,1.00502305807,0.0166174095868,0.859453434,0.00974652400591,0.502305807,within_noise,within_noise,1,,,,
net_log25:cal_v1_dense_large:rank3,net_log25,Ascend910B3,20,8.1.RC1+toolkit-7.7.0.1.225,cal_v1_dense_large,5632,6144,7680,fp16,0,0,3,searched,calibration_local_counterfactual,BASE,0.8044314422940194,"{""runtime_risk_score"":0.8044314422940194}",20:128:256:7680:128:256:64:16:8:1:1:0:8:4:2:2:1:4:2:11:12:1:0,,1,1,numeric_signed_axes_full_v3,,1.95067367554,,1.93461723433,,1.94149214081,,1.00829954418,1.00472911249,0.0160564412077,0.829954418,0.00918153473233,0.472911249,within_noise,within_noise,1,,,,
net_log25:cal_v1_dense_large:rank4,net_log25,Ascend910B3,20,8.1.RC1+toolkit-7.7.0.1.225,cal_v1_dense_large,5632,6144,7680,fp16,0,0,4,searched,calibration_local_counterfactual,BASE,0.718310440033997,"{""runtime_risk_score"":0.718310440033997}",20:128:256:7680:128:256:64:16:8:1:1:1:8:4:2:2:1:4:2:11:12:0:0,,1,1,numeric_signed_axes_full_v3,,1.97914520264,,1.99150371966,,1.99858077944,,0.993794379142,0.990275310859,-0.0123585170215,-0.6205620858,-0.0194355768033,-0.9724689141,within_noise,within_noise,1,,,,
net_log25:cal_v1_dense_large:rank5,net_log25,Ascend910B3,20,8.1.RC1+toolkit-7.7.0.1.225,cal_v1_dense_large,5632,6144,7680,fp16,0,0,5,searched,calibration_local_counterfactual,BASE,0.7188086417691733,"{""runtime_risk_score"":0.7188086417691733}",20:128:256:7680:128:256:64:16:8:1:1:0:8:4:2:2:1:4:1:11:24:0:0,,1,1,numeric_signed_axes_full_v3,,1.98030639648,,1.99525879137,,2.00684579579,,0.992506037335,0.986775566232,-0.0149523948895,-0.7493962665,-0.026539399309,-1.3224433768,within_noise,regressed,1,,,,
net_log25:cal_v1_dense_large:rank6,net_log25,Ascend910B3,20,8.1.RC1+toolkit-7.7.0.1.225,cal_v1_dense_large,5632,6144,7680,fp16,0,0,6,searched,calibration_coupled_counterfactual,BASE,0.7704384586502215,"{""runtime_risk_score"":0.7704384586502215}",16:1408:1536:7680:64:256:64:32:8:1:1:0:16:4:2:2:2:2:4:3:1:0:0,,0,0,npu_structured_numeric_rejected,"official structured numeric preflight failed at C index=256, actual=203.250000, expected=-7680.000000",,,,,,,,,,,,,runtime_rejected,runtime_rejected,0,,,,
net_log25:cal_v1_dense_large:rank7,net_log25,Ascend910B3,20,8.1.RC1+toolkit-7.7.0.1.225,cal_v1_dense_large,5632,6144,7680,fp16,0,0,7,searched,calibration_coupled_counterfactual,BASE,0.7733533729987252,"{""runtime_risk_score"":0.7733533729987252}",16:352:6144:7680:256:64:64:8:32:1:1:0:4:16:2:2:2:1:1:16:1:0:0,,0,0,npu_structured_numeric_rejected,"official structured numeric preflight failed at C index=64, actual=203.250000, expected=7680.000000",,,,,,,,,,,,,runtime_rejected,runtime_rejected,0,,,,
net_log25:cal_v1_dense_large:rank8,net_log25,Ascend910B3,20,8.1.RC1+toolkit-7.7.0.1.225,cal_v1_dense_large,5632,6144,7680,fp16,0,0,8,searched,calibration_coupled_counterfactual,BASE,0.7898806340932657,"{""runtime_risk_score"":0.7898806340932657}",16:1408:1536:7680:128:256:64:16:8:1:1:0:8:4:2:2:1:2:4:2:1:0:0,,0,0,npu_structured_numeric_rejected,"official structured numeric preflight failed at C index=256, actual=203.250000, expected=-7680.000000",,,,,,,,,,,,,runtime_rejected,runtime_rejected,0,,,,
net_log25:cal_v1_dense_large:rank9,net_log25,Ascend910B3,20,8.1.RC1+toolkit-7.7.0.1.225,cal_v1_dense_large,5632,6144,7680,fp16,0,0,9,searched,calibration_coupled_counterfactual,BASE,0.7644676333624907,"{""runtime_risk_score"":0.7644676333624907}",16:1408:1536:7680:64:256:64:32:8:1:1:0:16:4:2:2:2:1:1:4:4:0:0,,0,0,npu_structured_numeric_rejected,"official structured numeric preflight failed at C index=256, actual=203.250000, expected=-7680.000000",,,,,,,,,,,,,runtime_rejected,runtime_rejected,0,,,,
net_log25:cal_v1_dense_large:rank10,net_log25,Ascend910B3,20,8.1.RC1+toolkit-7.7.0.1.225,cal_v1_dense_large,5632,6144,7680,fp16,0,0,10,searched,calibration_coupled_counterfactual,BASE,0.7801257315480404,"{""runtime_risk_score"":0.7801257315480404}",20:256:128:7680:256:128:64:8:16:1:1:0:4:8:2:2:1:2:3:12:20:0:0,,1,1,numeric_signed_axes_full_v3,,2.32838485718,,2.75831578538,,2.77433406698,,0.844132810871,0.839259008095,-0.429930928197,-15.5867189129,-0.445949209803,-16.0740991905,regressed,regressed,1,,,,
net_log25:cal_v1_dense_large:rank11,net_log25,Ascend910B3,20,8.1.RC1+toolkit-7.7.0.1.225,cal_v1_dense_large,5632,6144,7680,fp16,0,0,11,searched,calibration_coupled_counterfactual,BASE,0.7765810108587355,"{""runtime_risk_score"":0.7765810108587355}",16:704:3072:7680:128:128:64:16:16:1:1:0:8:8:2:2:2:1:1:8:2:0:0,,0,0,npu_structured_numeric_rejected,"official structured numeric preflight failed at C index=128, actual=203.250000, expected=7680.000000",,,,,,,,,,,,,runtime_rejected,runtime_rejected,0,,,,
net_log25:cal_v1_dense_large:rank12,net_log25,Ascend910B3,20,8.1.RC1+toolkit-7.7.0.1.225,cal_v1_dense_large,5632,6144,7680,fp16,0,0,12,searched,calibration_template_probe,DETERMINISTIC_SPLIT_K,0.5057120455451026,"{""runtime_risk_score"":0.5057120455451026}",1:384:6144:384:128:128:128:9:6:3:1:1:3:3:2:2:2:1:1:15:1:0:3,,0,0,npu_structured_numeric_rejected,"official structured numeric preflight failed at C index=128, actual=-65536.000000, expected=7680.000000",,,,,,,,,,,,,runtime_rejected,runtime_rejected,0,,,,
net_log25:cal_v1_dense_large:rank13,net_log25,Ascend910B3,20,8.1.RC1+toolkit-7.7.0.1.225,cal_v1_dense_large,5632,6144,7680,fp16,0,0,13,searched,calibration_template_probe,DETERMINISTIC_SPLIT_K,0.2974031393751416,"{""runtime_risk_score"":0.2974031393751416}",4:5632:384:384:128:128:128:6:9:1:3:0:3:3:2:2:2:1:1:1:16:1:3,,1,1,numeric_signed_axes_full_v3,,9.59957092285,,46.9851049136,,46.8779628044,,0.204310939403,0.204777903061,-37.3855339908,-79.5689060597,-37.2783918815,-79.5222096939,regressed,regressed,1,,,,
net_log25:cal_v1_dense_large:rank14,net_log25,Ascend910B3,20,8.1.RC1+toolkit-7.7.0.1.225,cal_v1_dense_large,5632,6144,7680,fp16,0,0,14,searched,calibration_template_probe,DETERMINISTIC_SPLIT_K,0.2985562806978585,"{""runtime_risk_score"":0.2985562806978585}",4:384:6144:384:128:128:128:9:6:3:1:1:3:3:2:2:2:1:1:15:1:0:3,,1,1,numeric_signed_axes_full_v3,,9.62312683105,,47.215976639,,47.108308063,,0.203810818203,0.204276638808,-37.592849808,-79.6189181797,-37.485181232,-79.5723361192,regressed,regressed,1,,,,
net_log25:cal_v1_dense_large:rank15,net_log25,Ascend910B3,20,8.1.RC1+toolkit-7.7.0.1.225,cal_v1_dense_large,5632,6144,7680,fp16,0,0,15,searched,calibration_template_probe,SINGLE_CORE_SPLIT_K,0.24505226123115764,"{""runtime_risk_score"":0.24505226123115764}",18:640:3072:384:128:128:128:9:6:3:1:1:3:3:2:2:2:3:2:4:1:0:2,,1,1,numeric_signed_axes_full_v3,,2.34281158447,,2.79853848353,,2.79215685861,,0.837155393166,0.839068756916,-0.45572689906,-16.2844606834,-0.449345274142,-16.0931243084,regressed,regressed,1,,,,
net_log25:cal_v1_dense_large:rank16,net_log25,Ascend910B3,20,8.1.RC1+toolkit-7.7.0.1.225,cal_v1_dense_large,5632,6144,7680,fp16,0,0,16,searched,calibration_template_probe,SINGLE_CORE_SPLIT_K,0.19944280024877303,"{""runtime_risk_score"":0.19944280024877303}",20:384:128:384:128:128:128:9:6:3:1:1:3:3:2:2:2:3:6:5:8:0:2,,1,1,numeric_signed_axes_full_v3,,5.55835510254,,15.7524871978,,15.7165661392,,0.352855713053,0.353662183795,-10.1941320953,-64.7144286947,-10.1582110366,-64.6337816205,regressed,regressed,1,,,,
net_log25:cal_v1_k_shallow:rank1,net_log25,Ascend910B3,20,8.1.RC1+toolkit-7.7.0.1.225,cal_v1_k_shallow,2304,2560,448,fp16,0,0,1,searched,calibration_local_counterfactual,BASE,0.271053823674843,"{""runtime_risk_score"":0.271053823674843}",20:128:256:448:128:256:64:16:8:1:1:0:8:4:2:2:1:2:2:14:5:0:0,,1,1,numeric_signed_axes_full_v3,,0.0335924005508,,0.0335322418251,,0.0333334800852,,1.00179405618,1.00776757977,6.01587256756e-05,0.179405618,0.000258920465574,0.776757977,within_noise,within_noise,1,,,,
net_log25:cal_v1_k_shallow:rank2,net_log25,Ascend910B3,20,8.1.RC1+toolkit-7.7.0.1.225,cal_v1_k_shallow,2304,2560,448,fp16,0,0,2,searched,calibration_local_counterfactual,BASE,0.2541809089977432,"{""runtime_risk_score"":0.2541809089977432}",20:128:256:448:128:256:64:16:8:1:1:0:8:4:2:2:1:2:1:11:10:0:0,,1,1,numeric_signed_axes_full_v3,,0.0338100004196,,0.0339680692002,,0.0337667241016,,0.99534654797,1.00128162619,-0.000158068780575,-0.465345203,4.32763179592e-05,0.128162619,within_noise,within_noise,1,,,,
net_log25:cal_v1_k_shallow:rank3,net_log25,Ascend910B3,20,8.1.RC1+toolkit-7.7.0.1.225,cal_v1_k_shallow,2304,2560,448,fp16,0,0,3,searched,calibration_local_counterfactual,BASE,0.2360682012380703,"{""runtime_risk_score"":0.2360682012380703}",20:128:256:448:128:256:64:16:8:1:1:0:8:4:2:2:1:1:1:18:10:1:0,,1,1,numeric_signed_axes_full_v3,,0.0335956001282,,0.0335386298242,,0.0333398302197,,1.00169864733,1.00767160201,5.69703040027e-05,0.169864733,0.000255769908526,0.767160201,within_noise,within_noise,1,,,,
net_log25:cal_v1_k_shallow:rank4,net_log25,Ascend910B3,20,8.1.RC1+toolkit-7.7.0.1.225,cal_v1_k_shallow,2304,2560,448,fp16,0,0,4,searched,calibration_local_counterfactual,BASE,0.28928936070653744,"{""runtime_risk_score"":0.28928936070653744}",20:128:256:448:128:256:64:16:8:1:1:1:8:4:2:2:1:1:1:18:10:0:0,,1,1,numeric_signed_axes_full_v3,,0.033611600399,,0.0335705837078,,0.0333715946972,,1.00122180453,1.00719191588,4.10166912489e-05,0.122180453,0.000240005701843,0.719191588,within_noise,within_noise,1,,,,
net_log25:cal_v1_k_shallow:rank5,net_log25,Ascend910B3,20,8.1.RC1+toolkit-7.7.0.1.225,cal_v1_k_shallow,2304,2560,448,fp16,0,0,5,searched,calibration_local_counterfactual,BASE,0.24961115898029274,"{""runtime_risk_score"":0.24961115898029274}",20:128:256:448:128:256:64:16:8:1:1:0:8:4:2:2:1:2:2:10:5:0:0,,1,1,numeric_signed_axes_full_v3,,0.0336272001266,,0.0336017523213,,0.0336470800873,,1.00075733566,0.99940916238,2.54478052714e-05,0.075733566,-1.98799607187e-05,-0.059083762,within_noise,within_noise,1,,,,
net_log25:cal_v1_k_shallow:rank6,net_log25,Ascend910B3,20,8.1.RC1+toolkit-7.7.0.1.225,cal_v1_k_shallow,2304,2560,448,fp16,0,0,6,searched,calibration_coupled_counterfactual,BASE,0.28981973239398956,"{""runtime_risk_score"":0.28981973239398956}",18:128:2560:448:128:256:64:16:8:1:1:0:8:4:2:2:1:2:1:14:1:0:0,,1,1,numeric_signed_axes_full_v3,,0.033630399704,,0.0336081469376,,0.0336534833298,,1.00066212417,0.999314079152,2.22527663963e-05,0.066212417,-2.30836258237e-05,-0.0685920848,within_noise,within_noise,1,,,,
net_log25:cal_v1_k_shallow:rank7,net_log25,Ascend910B3,20,8.1.RC1+toolkit-7.7.0.1.225,cal_v1_k_shallow,2304,2560,448,fp16,0,0,7,searched,calibration_coupled_counterfactual,BASE,0.26125537827499096,"{""runtime_risk_score"":0.26125537827499096}",20:1152:256:448:128:256:64:16:8:1:1:0:8:4:2:2:1:1:2:2:5:0:0,,1,1,numeric_signed_axes_full_v3,,0.0338387989998,,0.0340259602839,,0.034071860294,,0.994499456222,0.99315971326,-0.00018716128413,-0.5500543778,-0.000233061294176,-0.684028674,within_noise,within_noise,1,,,,
net_log25:cal_v1_k_shallow:rank8,net_log25,Ascend910B3,20,8.1.RC1+toolkit-7.7.0.1.225,cal_v1_k_shallow,2304,2560,448,fp16,0,0,8,searched,calibration_coupled_counterfactual,BASE,0.27170305380366716,"{""runtime_risk_score"":0.27170305380366716}",20:128:256:448:128:256:64:16:8:1:1:0:8:4:2:2:1:2:1:14:10:0:0,,1,1,numeric_signed_axes_full_v3,,0.0338339996338,,0.0340163091461,,0.0340621961371,,0.994640526356,0.993300593351,-0.000182309512335,-0.5359473644,-0.00022819650328,-0.6699406649,within_noise,within_noise,1,,,,
net_log25:cal_v1_k_shallow:rank9,net_log25,Ascend910B3,20,8.1.RC1+toolkit-7.7.0.1.225,cal_v1_k_shallow,2304,2560,448,fp16,0,0,9,searched,calibration_coupled_counterfactual,BASE,0.2527096948889899,"{""runtime_risk_score"":0.2527096948889899}",18:128:2560:448:128:256:64:16:8:1:1:0:8:4:2:2:1:1:1:18:1:0:0,,1,1,numeric_signed_axes_full_v3,,0.0336091995239,,0.033607065813,,0.0336110672399,,1.00006348995,0.999944431518,2.13371092812e-06,0.00634899500001,-1.86771598492e-06,-0.00555684819999,within_noise,within_noise,1,,,,
net_log25:cal_v1_k_shallow:rank10,net_log25,Ascend910B3,20,8.1.RC1+toolkit-7.7.0.1.225,cal_v1_k_shallow,2304,2560,448,fp16,0,0,10,searched,calibration_coupled_counterfactual,BASE,0.2898852333415844,"{""runtime_risk_score"":0.2898852333415844}",20:1152:256:448:128:256:64:16:8:1:1:0:8:4:2:2:1:1:2:2:7:0:0,,1,1,numeric_signed_axes_full_v3,,0.0338351988792,,0.0340605554259,,0.0340646108475,,0.993383650269,0.993265387081,-0.00022535654673,-0.6616349731,-0.000229411968294,-0.6734612919,within_noise,within_noise,1,,,,
net_log25:cal_v1_k_shallow:rank11,net_log25,Ascend910B3,20,8.1.RC1+toolkit-7.7.0.1.225,cal_v1_k_shallow,2304,2560,448,fp16,0,0,11,searched,calibration_coupled_counterfactual,BASE,0.2753678544283384,"{""runtime_risk_score"":0.2753678544283384}",18:128:2560:448:128:256:64:16:8:1:1:0:8:4:2:2:1:2:1:10:1:0:0,,1,1,numeric_signed_axes_full_v3,,0.0338443994522,,0.0340790816498,,0.0340831392772,,0.993113599716,0.992995368677,-0.000234682197551,-0.6886400284,-0.000238739824967,-0.7004631323,within_noise,within_noise,1,,,,
net_log25:cal_v1_k_shallow:rank12,net_log25,Ascend910B3,20,8.1.RC1+toolkit-7.7.0.1.225,cal_v1_k_shallow,2304,2560,448,fp16,0,0,12,searched,calibration_template_probe,SINGLE_CORE_SPLIT_K,0.3309926329460416,"{""runtime_risk_score"":0.3309926329460416}",6:384:2560:384:128:128:128:9:6:3:1:1:3:3:2:2:2:2:1:5:1:0:2,,1,1,numeric_signed_axes_full_v3,,0.0338515996933,,0.0340935835295,,0.0340976428836,,0.992902364282,0.992784158391,-0.000241983836214,-0.7097635718,-0.000246043190288,-0.7215841609,within_noise,within_noise,1,,,,
net_log25:cal_v1_k_shallow:rank13,net_log25,Ascend910B3,20,8.1.RC1+toolkit-7.7.0.1.225,cal_v1_k_shallow,2304,2560,448,fp16,0,0,13,searched,calibration_template_probe,SINGLE_CORE_SPLIT_K,0.2568878528118924,"{""runtime_risk_score"":0.2568878528118924}",20:384:128:384:128:128:128:9:6:3:1:1:3:3:2:2:2:1:2:6:10:0:2,,1,1,numeric_signed_axes_full_v3,,0.0336511993408,,0.0336911125959,,0.0334594988823,,0.998815317986,1.00572932844,-3.9913255124e-05,-0.1184682014,0.000191700458534,0.572932844,within_noise,within_noise,1,,,,
net_log25:cal_v1_k_shallow:rank14,net_log25,Ascend910B3,20,8.1.RC1+toolkit-7.7.0.1.225,cal_v1_k_shallow,2304,2560,448,fp16,0,0,14,searched,calibration_template_probe,SINGLE_CORE_SPLIT_K,0.3192348415138123,"{""runtime_risk_score"":0.3192348415138123}",6:384:2560:384:128:128:128:9:6:3:1:1:3:3:2:2:2:1:1:6:1:0:2,,1,1,numeric_signed_axes_full_v3,,0.0340468001366,,0.0344879087888,,0.0342508174013,,0.987209759371,0.9940434337,-0.0004411086522,-1.2790240629,-0.00020401726468,-0.59565663,regressed,within_noise,1,,,,
net_log25:cal_v1_k_shallow:rank15,net_log25,Ascend910B3,20,8.1.RC1+toolkit-7.7.0.1.225,cal_v1_k_shallow,2304,2560,448,fp16,0,0,15,searched,calibration_template_probe,SINGLE_CORE_SPLIT_K,0.3027330444787066,"{""runtime_risk_score"":0.3027330444787066}",10:2304:256:384:128:128:128:9:6:3:1:1:3:3:2:2:2:1:2:1:5:0:2,,1,1,numeric_signed_axes_full_v3,,0.0338247990608,,0.0340396204727,,0.0338056108987,,0.993689077348,1.00056760288,-0.000214821411907,-0.6310922652,1.91881621063e-05,0.056760288,within_noise,within_noise,1,,,,
net_log25:cal_v1_k_shallow:rank16,net_log25,Ascend910B3,20,8.1.RC1+toolkit-7.7.0.1.225,cal_v1_k_shallow,2304,2560,448,fp16,0,0,16,searched,calibration_template_probe,SINGLE_CORE_SPLIT_K,0.27822763253767435,"{""runtime_risk_score"":0.27822763253767435}",20:1152:256:384:128:128:128:9:6:3:1:1:3:3:2:2:2:1:2:2:6:0:2,,1,1,numeric_signed_axes_full_v3,,0.0336139988899,,0.033616664621,,0.0333855627092,,0.999920702095,1.00684236425,-2.66573107753e-06,-0.00792979049999,0.000228436180747,0.684236425,within_noise,within_noise,1,,,,
net_log25:cal_v1_k_deep:rank1,net_log25,Ascend910B3,20,8.1.RC1+toolkit-7.7.0.1.225,cal_v1_k_deep,1536,2048,24576,fp16,0,0,1,searched,calibration_local_counterfactual,BASE,,{},20:128:256:24576:128:256:64:16:8:1:1:0:8:4:2:2:1:2:3:8:3:0:0,,1,1,numeric_signed_axes_full_v3,paired baseline drift; latency excluded,0.695580825806,,,,,,,,,,,,,,0,,,,
net_log25:cal_v1_k_deep:rank2,net_log25,Ascend910B3,20,8.1.RC1+toolkit-7.7.0.1.225,cal_v1_k_deep,1536,2048,24576,fp16,0,0,2,searched,calibration_local_counterfactual,BASE,,{},20:128:256:24576:128:256:64:16:8:1:1:0:8:4:2:2:1:2:1:6:8:0:0,,1,1,numeric_signed_axes_full_v3,paired baseline drift; latency excluded,0.688653564453,,,,,,,,,,,,,,0,,,,
net_log25:cal_v1_k_deep:rank3,net_log25,Ascend910B3,20,8.1.RC1+toolkit-7.7.0.1.225,cal_v1_k_deep,1536,2048,24576,fp16,0,0,3,searched,calibration_local_counterfactual,BASE,,{},20:128:256:24576:128:256:64:16:8:1:1:0:8:4:2:2:1:2:4:7:2:0:0,,1,1,numeric_signed_axes_full_v3,paired baseline drift; latency excluded,0.697072372437,,,,,,,,,,,,,,0,,,,
net_log25:cal_v1_k_deep:rank4,net_log25,Ascend910B3,20,8.1.RC1+toolkit-7.7.0.1.225,cal_v1_k_deep,1536,2048,24576,fp16,0,0,4,searched,calibration_local_counterfactual,BASE,,{},20:128:256:24576:128:256:64:16:8:1:1:0:8:4:2:2:1:2:2:6:4:1:0,,1,1,numeric_signed_axes_full_v3,paired baseline drift; latency excluded,0.667352371216,,,,,,,,,,,,,,0,,,,
net_log25:cal_v1_k_deep:rank5,net_log25,Ascend910B3,20,8.1.RC1+toolkit-7.7.0.1.225,cal_v1_k_deep,1536,2048,24576,fp16,0,0,5,searched,calibration_local_counterfactual,BASE,,{},20:128:256:24576:128:256:64:16:8:1:1:1:8:4:2:2:1:2:2:6:4:0:0,,1,1,numeric_signed_axes_full_v3,paired baseline drift; latency excluded,0.730976028442,,,,,,,,,,,,,,0,,,,
net_log25:cal_v1_k_deep:rank6,net_log25,Ascend910B3,20,8.1.RC1+toolkit-7.7.0.1.225,cal_v1_k_deep,1536,2048,24576,fp16,0,0,6,searched,calibration_coupled_counterfactual,BASE,,{},16:384:512:24576:256:128:64:8:16:1:1:0:4:8:2:2:1:2:4:3:1:0:0,,1,1,numeric_signed_axes_full_v3,paired baseline drift; latency excluded,0.698030395508,,,,,,,,,,,,,,0,,,,
net_log25:cal_v1_k_deep:rank7,net_log25,Ascend910B3,20,8.1.RC1+toolkit-7.7.0.1.225,cal_v1_k_deep,1536,2048,24576,fp16,0,0,7,searched,calibration_coupled_counterfactual,BASE,,{},16:384:512:24576:256:64:64:8:32:1:1:0:4:16:2:2:2:1:1:4:4:0:0,,1,1,numeric_signed_axes_full_v3,paired baseline drift; latency excluded,0.717542419434,,,,,,,,,,,,,,0,,,,
net_log25:cal_v1_k_deep:rank8,net_log25,Ascend910B3,20,8.1.RC1+toolkit-7.7.0.1.225,cal_v1_k_deep,1536,2048,24576,fp16,0,0,8,searched,calibration_coupled_counterfactual,BASE,,{},16:768:256:24576:128:256:64:16:8:1:1:0:8:4:2:2:1:2:4:1:2:0:0,,1,1,numeric_signed_axes_full_v3,paired baseline drift; latency excluded,0.688755569458,,,,,,,,,,,,,,0,,,,
net_log25:cal_v1_k_deep:rank9,net_log25,Ascend910B3,20,8.1.RC1+toolkit-7.7.0.1.225,cal_v1_k_deep,1536,2048,24576,fp16,0,0,9,searched,calibration_coupled_counterfactual,BASE,,{},16:192:1024:24576:128:256:64:16:8:1:1:0:8:4:2:2:1:2:1:4:2:0:0,,1,1,numeric_signed_axes_full_v3,paired baseline drift; latency excluded,0.69354637146,,,,,,,,,,,,,,0,,,,
net_log25:cal_v1_k_deep:rank10,net_log25,Ascend910B3,20,8.1.RC1+toolkit-7.7.0.1.225,cal_v1_k_deep,1536,2048,24576,fp16,0,0,10,searched,calibration_coupled_counterfactual,BASE,,{},16:384:512:24576:128:256:64:16:8:1:1:0:8:4:2:2:1:1:1:4:4:0:0,,1,1,numeric_signed_axes_full_v3,paired baseline drift; latency excluded,0.69926322937,,,,,,,,,,,,,,0,,,,
net_log25:cal_v1_k_deep:rank11,net_log25,Ascend910B3,20,8.1.RC1+toolkit-7.7.0.1.225,cal_v1_k_deep,1536,2048,24576,fp16,0,0,11,searched,calibration_coupled_counterfactual,BASE,,{},16:192:1024:24576:128:256:64:16:8:1:1:0:8:4:2:2:1:3:2:3:1:0:0,,1,1,numeric_signed_axes_full_v3,paired baseline drift; latency excluded,0.666551208496,,,,,,,,,,,,,,0,,,,
net_log25:cal_v1_k_deep:rank12,net_log25,Ascend910B3,20,8.1.RC1+toolkit-7.7.0.1.225,cal_v1_k_deep,1536,2048,24576,fp16,0,0,12,searched,calibration_template_probe,DETERMINISTIC_SPLIT_K,,{},1:1536:384:384:128:128:128:6:9:1:3:0:3:3:2:2:2:1:1:1:6:1:3,,1,1,numeric_signed_axes_full_v3,paired baseline drift; latency excluded,0.689654006958,,,,,,,,,,,,,,0,,,,
net_log25:cal_v1_k_deep:rank13,net_log25,Ascend910B3,20,8.1.RC1+toolkit-7.7.0.1.225,cal_v1_k_deep,1536,2048,24576,fp16,0,0,13,searched,calibration_template_probe,DETERMINISTIC_SPLIT_K,,{},4:384:2048:384:128:128:128:9:6:3:1:1:3:3:2:2:2:1:1:4:1:0:3,,1,1,numeric_signed_axes_full_v3,paired baseline drift; latency excluded,0.695222396851,,,,,,,,,,,,,,0,,,,
net_log25:cal_v1_k_deep:rank14,net_log25,Ascend910B3,20,8.1.RC1+toolkit-7.7.0.1.225,cal_v1_k_deep,1536,2048,24576,fp16,0,0,14,searched,calibration_template_probe,DETERMINISTIC_SPLIT_K,,{},8:1536:384:384:128:128:128:6:9:1:3:0:3:3:2:2:2:1:1:1:6:1:3,,1,1,numeric_signed_axes_full_v3,paired baseline drift; latency excluded,0.666567611694,,,,,,,,,,,,,,0,,,,
net_log25:cal_v1_k_deep:rank15,net_log25,Ascend910B3,20,8.1.RC1+toolkit-7.7.0.1.225,cal_v1_k_deep,1536,2048,24576,fp16,0,0,15,searched,calibration_template_probe,SINGLE_CORE_SPLIT_K,,{},4:384:2048:384:128:128:128:9:6:3:1:1:3:3:2:2:2:1:1:4:1:0:2,,1,1,numeric_signed_axes_full_v3,paired baseline drift; latency excluded,0.694192428589,,,,,,,,,,,,,,0,,,,
net_log25:cal_v1_k_deep:rank16,net_log25,Ascend910B3,20,8.1.RC1+toolkit-7.7.0.1.225,cal_v1_k_deep,1536,2048,24576,fp16,0,0,16,searched,calibration_template_probe,SINGLE_CORE_SPLIT_K,,{},12:512:512:384:128:128:128:9:6:3:1:1:3:3:2:2:2:3:2:1:3:0:2,,1,1,numeric_signed_axes_full_v3,paired baseline drift; latency excluded,0.690253982544,,,,,,,,,,,,,,0,,,,
net_log25:cal_v1_k_low_output_deep_aligned:rank1,net_log25,Ascend910B3,20,8.1.RC1+toolkit-7.7.0.1.225,cal_v1_k_low_output_deep_aligned,320,256,28672,fp16,0,0,1,searched,calibration_local_counterfactual,DETERMINISTIC_SPLIT_K,0.2728358665542501,"{""runtime_risk_score"":0.2728358665542501}",20:384:256:384:128:128:128:9:6:3:1:1:3:3:2:2:2:1:1:1:2:0:3,,1,1,numeric_signed_axes_full_v3,,0.0530567979813,,0.0530996302559,,0.0534592923277,,0.99919336021,0.992471012449,-4.28322745987e-05,-0.080663979,-0.000402494346421,-0.7528987551,within_noise,within_noise,1,,,,
net_log25:cal_v1_k_low_output_deep_aligned:rank2,net_log25,Ascend910B3,20,8.1.RC1+toolkit-7.7.0.1.225,cal_v1_k_low_output_deep_aligned,320,256,28672,fp16,0,0,2,searched,calibration_local_counterfactual,DETERMINISTIC_SPLIT_K,0.3064250844030863,"{""runtime_risk_score"":0.3064250844030863}",20:384:256:384:128:128:128:9:6:3:1:1:3:3:2:2:2:1:1:10:2:1:3,,1,1,numeric_signed_axes_full_v3,,0.0527587985992,,0.0525048254451,,0.0528604586991,,1.00483713929,0.998076821457,0.000253973154075,0.483713929,-0.000101660099943,-0.1923178543,within_noise,within_noise,1,,,,
net_log25:cal_v1_k_low_output_deep_aligned:rank3,net_log25,Ascend910B3,20,8.1.RC1+toolkit-7.7.0.1.225,cal_v1_k_low_output_deep_aligned,320,256,28672,fp16,0,0,3,searched,calibration_local_counterfactual,DETERMINISTIC_SPLIT_K,0.341422412466198,"{""runtime_risk_score"":0.341422412466198}",20:384:256:384:128:128:128:9:6:3:1:1:3:3:2:2:2:1:1:5:2:0:3,,1,1,numeric_signed_axes_full_v3,,0.0530900001526,,0.0531661090003,,0.0535262213556,,0.998568470607,0.991850326963,-7.61088477454e-05,-0.1431529393,-0.000436221202954,-0.8149673037,within_noise,within_noise,1,,,,
net_log25:cal_v1_k_low_output_deep_aligned:rank4,net_log25,Ascend910B3,20,8.1.RC1+toolkit-7.7.0.1.225,cal_v1_k_low_output_deep_aligned,320,256,28672,fp16,0,0,4,searched,calibration_local_counterfactual,DETERMINISTIC_SPLIT_K,0.3472545116162103,"{""runtime_risk_score"":0.3472545116162103}",20:384:256:384:128:128:128:9:6:3:1:1:3:3:2:2:2:1:1:10:1:0:3,,1,1,numeric_signed_axes_full_v3,,0.0528588008881,,0.0527040558683,,0.0530610385783,,1.00293611217,0.996188584022,0.000154745019843,0.293611217,-0.000202237690247,-0.3811415978,within_noise,within_noise,1,,,,
net_log25:cal_v1_k_low_output_deep_aligned:rank5,net_log25,Ascend910B3,20,8.1.RC1+toolkit-7.7.0.1.225,cal_v1_k_low_output_deep_aligned,320,256,28672,fp16,0,0,5,searched,calibration_coupled_counterfactual,DETERMINISTIC_SPLIT_K,0.3245473226541107,"{""runtime_risk_score"":0.3245473226541107}",1:320:384:384:128:128:128:6:9:1:3:0:3:3:2:2:2:1:1:1:1:1:3,,0,0,npu_structured_numeric_rejected,"official structured numeric preflight failed at C index=128, actual=-65536.000000, expected=28672.000000",,,,,,,,,,,,,runtime_rejected,runtime_rejected,0,,,,
net_log25:cal_v1_k_low_output_deep_aligned:rank6,net_log25,Ascend910B3,20,8.1.RC1+toolkit-7.7.0.1.225,cal_v1_k_low_output_deep_aligned,320,256,28672,fp16,0,0,6,searched,calibration_coupled_counterfactual,DETERMINISTIC_SPLIT_K,,{},4:384:256:384:128:128:128:9:6:3:1:1:3:3:2:2:2:1:1:1:1:0:3,,1,1,numeric_signed_axes_full_v3,paired baseline drift; latency excluded,0.141874799728,,,,,,,,,,,,,,0,,,,
net_log25:cal_v1_k_low_output_deep_aligned:rank7,net_log25,Ascend910B3,20,8.1.RC1+toolkit-7.7.0.1.225,cal_v1_k_low_output_deep_aligned,320,256,28672,fp16,0,0,7,searched,calibration_coupled_counterfactual,DETERMINISTIC_SPLIT_K,0.31012075635966424,"{""runtime_risk_score"":0.31012075635966424}",1:384:256:384:128:128:128:9:6:3:1:1:3:3:2:2:2:1:1:1:1:0:3,,0,0,npu_structured_numeric_rejected,"official structured numeric preflight failed at C index=0, actual=0.000000, expected=28672.000000",,,,,,,,,,,,,runtime_rejected,runtime_rejected,0,,,,
net_log25:cal_v1_k_low_output_deep_aligned:rank8,net_log25,Ascend910B3,20,8.1.RC1+toolkit-7.7.0.1.225,cal_v1_k_low_output_deep_aligned,320,256,28672,fp16,0,0,8,searched,calibration_coupled_counterfactual,DETERMINISTIC_SPLIT_K,,{},4:320:384:384:128:128:128:6:9:1:3:0:3:3:2:2:2:1:1:1:1:1:3,,1,1,numeric_signed_axes_full_v3,paired baseline drift; latency excluded,0.125772800446,,,,,,,,,,,,,,0,,,,
net_log25:cal_v1_k_low_output_deep_aligned:rank9,net_log25,Ascend910B3,20,8.1.RC1+toolkit-7.7.0.1.225,cal_v1_k_low_output_deep_aligned,320,256,28672,fp16,0,0,9,searched,calibration_coupled_counterfactual,DETERMINISTIC_SPLIT_K,,{},2:384:256:384:128:128:128:9:6:3:1:1:3:3:2:2:2:1:1:1:1:0:3,,1,1,numeric_signed_axes_full_v3,paired baseline drift; latency excluded,0.270319595337,,,,,,,,,,,,,,0,,,,
net_log25:cal_v1_k_low_output_deep_aligned:rank10,net_log25,Ascend910B3,20,8.1.RC1+toolkit-7.7.0.1.225,cal_v1_k_low_output_deep_aligned,320,256,28672,fp16,0,0,10,searched,calibration_template_probe,BASE,0.5570789265283561,"{""runtime_risk_score"":0.5570789265283561}",1:320:256:28672:128:256:64:16:8:1:1:0:8:4:2:2:1:1:1:1:1:0:0,,0,0,npu_structured_numeric_rejected,"official structured numeric preflight failed at C index=32768, actual=203.250000, expected=28672.000000",,,,,,,,,,,,,runtime_rejected,runtime_rejected,0,,,,
net_log25:cal_v1_k_low_output_deep_aligned:rank11,net_log25,Ascend910B3,20,8.1.RC1+toolkit-7.7.0.1.225,cal_v1_k_low_output_deep_aligned,320,256,28672,fp16,0,0,11,searched,calibration_template_probe,BASE,,{},8:256:64:28672:256:64:64:8:32:1:1:0:4:16:2:2:2:2:2:1:3:0:0,,1,1,numeric_signed_axes_full_v3,paired baseline drift; latency excluded,0.140445203781,,,,,,,,,,,,,,0,,,,
net_log25:cal_v1_k_low_output_deep_aligned:rank12,net_log25,Ascend910B3,20,8.1.RC1+toolkit-7.7.0.1.225,cal_v1_k_low_output_deep_aligned,320,256,28672,fp16,0,0,12,searched,calibration_template_probe,BASE,0.6819358967805667,"{""runtime_risk_score"":0.6819358967805667}",2:256:256:28672:256:64:64:8:32:1:1:0:4:16:2:2:2:2:1:1:1:0:0,,0,0,npu_structured_numeric_rejected,"official structured numeric preflight failed at C index=64, actual=203.250000, expected=28672.000000",,,,,,,,,,,,,runtime_rejected,runtime_rejected,0,,,,
net_log25:cal_v1_k_low_output_deep_aligned:rank13,net_log25,Ascend910B3,20,8.1.RC1+toolkit-7.7.0.1.225,cal_v1_k_low_output_deep_aligned,320,256,28672,fp16,0,0,13,searched,calibration_template_probe,SINGLE_CORE_SPLIT_K,0.383174461984932,"{""runtime_risk_score"":0.383174461984932}",1:384:384:384:128:128:128:6:9:1:3:0:3:3:2:2:2:1:1:1:1:0:2,,1,1,numeric_signed_axes_full_v3,,0.596328811646,,6.70149343311,,6.90706697066,,0.088984465567,0.0863360402004,-6.10516462146,-91.1015534433,-6.31073815902,-91.36639598,regressed,regressed,1,,,,
net_log25:cal_v1_k_low_output_deep_aligned:rank14,net_log25,Ascend910B3,20,8.1.RC1+toolkit-7.7.0.1.225,cal_v1_k_low_output_deep_aligned,320,256,28672,fp16,0,0,14,searched,calibration_template_probe,SINGLE_CORE_SPLIT_K,0.3942332015711721,"{""runtime_risk_score"":0.3942332015711721}",6:128:128:512:128:128:128:8:8:1:1:1:4:4:2:2:2:2:1:2:2:0:2,,1,1,numeric_signed_axes_full_v3,,0.0941127967834,,0.16691576996,,0.172036041381,,0.563834063168,0.547052792123,-0.0728029731767,-43.6165936832,-0.0779232445978,-45.2947207877,regressed,regressed,1,,,,
net_log25:cal_v1_k_low_output_deep_aligned:rank15,net_log25,Ascend910B3,20,8.1.RC1+toolkit-7.7.0.1.225,cal_v1_k_low_output_deep_aligned,320,256,28672,fp16,0,0,15,searched,calibration_template_probe,BASE,0.5586277868187635,"{""runtime_risk_score"":0.5586277868187635}",2:160:256:28672:128:256:64:16:8:1:1:0:8:4:2:2:1:1:1:2:1:0:0,,0,0,npu_structured_numeric_rejected,"official structured numeric preflight failed at C index=32768, actual=203.250000, expected=28672.000000",,,,,,,,,,,,,runtime_rejected,runtime_rejected,0,,,,
net_log25:cal_v1_k_low_output_deep_aligned:rank16,net_log25,Ascend910B3,20,8.1.RC1+toolkit-7.7.0.1.225,cal_v1_k_low_output_deep_aligned,320,256,28672,fp16,0,0,16,searched,calibration_template_probe,SINGLE_CORE_SPLIT_K,0.39197652504948477,"{""runtime_risk_score"":0.39197652504948477}",4:256:128:512:128:128:128:8:8:2:1:1:4:4:2:2:2:2:2:1:1:0:2,,1,1,numeric_signed_axes_full_v3,,0.254026794434,,1.21607137707,,1.25337531497,,0.208891352287,0.202674164234,-0.962044582638,-79.1108647713,-0.999348520541,-79.7325835766,regressed,regressed,1,,,,
net_log25:cal_v1_k_low_output_deep_odd:rank1,net_log25,Ascend910B3,20,8.1.RC1+toolkit-7.7.0.1.225,cal_v1_k_low_output_deep_odd,704,512,16385,fp16,0,0,1,searched,calibration_local_counterfactual,BASE,0.26804509952446426,"{""runtime_risk_score"":0.26804509952446426}",20:80:256:16385:80:256:64:24:8:1:1:0:12:4:2:2:1:2:2:8:1:0:0,,1,1,numeric_signed_axes_full_v3,,0.11690079689,,0.116720539952,,0.116858273721,,1.00154434633,1.00036388668,0.000180256937511,0.154434633,4.25231692548e-05,0.036388668,within_noise,within_noise,1,,,,
net_log25:cal_v1_k_low_output_deep_odd:rank2,net_log25,Ascend910B3,20,8.1.RC1+toolkit-7.7.0.1.225,cal_v1_k_low_output_deep_odd,704,512,16385,fp16,0,0,2,searched,calibration_local_counterfactual,BASE,0.4283808108084359,"{""runtime_risk_score"":0.4283808108084359}",20:80:256:16385:80:256:64:24:8:1:1:0:12:4:2:2:1:9:1:1:2:0:0,,1,1,numeric_signed_axes_full_v3,,0.11707159996,,0.117061868521,,0.117200005068,,1.00008313073,0.99890439332,9.73143858535e-06,0.008313073,-0.000128405108449,-0.109560668,within_noise,within_noise,1,,,,
net_log25:cal_v1_k_low_output_deep_odd:rank3,net_log25,Ascend910B3,20,8.1.RC1+toolkit-7.7.0.1.225,cal_v1_k_low_output_deep_odd,704,512,16385,fp16,0,0,3,searched,calibration_local_counterfactual,BASE,0.2640567456769253,"{""runtime_risk_score"":0.2640567456769253}",20:80:256:16385:80:256:64:24:8:1:1:0:12:4:2:2:1:2:1:6:2:0:0,,1,1,numeric_signed_axes_full_v3,,0.11693400383,,0.116786860843,,0.116924672872,,1.00125992758,1.00007980316,0.000147142986958,0.125992758,9.33095837712e-06,0.007980316,within_noise,within_noise,1,,,,
net_log25:cal_v1_k_low_output_deep_odd:rank4,net_log25,Ascend910B3,20,8.1.RC1+toolkit-7.7.0.1.225,cal_v1_k_low_output_deep_odd,704,512,16385,fp16,0,0,4,searched,calibration_local_counterfactual,BASE,0.2540447177337846,"{""runtime_risk_score"":0.2540447177337846}",20:80:256:16385:80:256:64:24:8:1:1:0:12:4:2:2:1:1:2:9:1:0:0,,1,1,numeric_signed_axes_full_v3,,0.117088804245,,0.11709627676,,0.117234453909,,0.999936184864,0.998757620654,-7.47251482652e-06,-0.0063815136,-0.000145649664176,-0.1242379346,within_noise,within_noise,1,,,,
net_log25:cal_v1_k_low_output_deep_odd:rank5,net_log25,Ascend910B3,20,8.1.RC1+toolkit-7.7.0.1.225,cal_v1_k_low_output_deep_odd,704,512,16385,fp16,0,0,5,searched,calibration_local_counterfactual,BASE,0.2941223721650442,"{""runtime_risk_score"":0.2941223721650442}",20:80:256:16385:80:256:64:24:8:1:1:0:12:4:2:2:1:5:1:2:2:0:0,,1,1,numeric_signed_axes_full_v3,,0.116926002502,,0.116744284558,,0.11690867204,,1.00155654681,1.00014823932,0.000181717943715,0.155654681,1.73304620453e-05,0.014823932,within_noise,within_noise,1,,,,
net_log25:cal_v1_k_low_output_deep_odd:rank6,net_log25,Ascend910B3,20,8.1.RC1+toolkit-7.7.0.1.225,cal_v1_k_low_output_deep_odd,704,512,16385,fp16,0,0,6,searched,calibration_coupled_counterfactual,BASE,0.3962517210279727,"{""runtime_risk_score"":0.3962517210279727}",11:64:512:16385:64:256:64:32:8:1:1:0:16:4:2:2:2:2:1:10:1:0:0,,1,1,numeric_signed_axes_full_v3,,0.117069597244,,0.117031203786,,0.117195995278,,1.00032806172,0.998921481632,3.83934580077e-05,0.032806172,-0.000126398033563,-0.1078518368,within_noise,within_noise,1,,,,
net_log25:cal_v1_k_low_output_deep_odd:rank7,net_log25,Ascend910B3,20,8.1.RC1+toolkit-7.7.0.1.225,cal_v1_k_low_output_deep_odd,704,512,16385,fp16,0,0,7,searched,calibration_coupled_counterfactual,BASE,0.31261741853673725,"{""runtime_risk_score"":0.31261741853673725}",2:704:256:16385:128:256:64:16:8:1:1:0:8:4:2:2:1:1:2:1:1:0:0,,1,1,numeric_signed_axes_full_v3,,0.117160797119,,0.11721361474,,0.117378663085,,0.999549390049,0.998143904861,-5.28176211946e-05,-0.0450609951,-0.000217865965974,-0.1856095139,within_noise,within_noise,1,,,,
net_log25:cal_v1_k_low_output_deep_odd:rank8,net_log25,Ascend910B3,20,8.1.RC1+toolkit-7.7.0.1.225,cal_v1_k_low_output_deep_odd,704,512,16385,fp16,0,0,8,searched,calibration_coupled_counterfactual,BASE,0.3206777274575012,"{""runtime_risk_score"":0.3206777274575012}",8:176:256:16385:64:256:64:32:8:1:1:0:16:4:2:2:2:1:1:4:2:0:0,,1,1,numeric_signed_axes_full_v3,,0.117039604187,,0.116971245025,,0.11713595209,,1.00058440997,0.999177469416,6.83591617961e-05,0.058440997,-9.634790308e-05,-0.0822530584,within_noise,within_noise,1,,,,
net_log25:cal_v1_k_low_output_deep_odd:rank9,net_log25,Ascend910B3,20,8.1.RC1+toolkit-7.7.0.1.225,cal_v1_k_low_output_deep_odd,704,512,16385,fp16,0,0,9,searched,calibration_coupled_counterfactual,BASE,0.29936654698653176,"{""runtime_risk_score"":0.29936654698653176}",8:176:256:16385:128:256:64:16:8:1:1:0:8:4:2:2:1:2:2:3:1:0:0,,1,1,numeric_signed_axes_full_v3,,0.11687959671,,0.116651635604,,0.116877195089,,1.00195420411,1.00002054824,0.000227961105736,0.195420411,2.40162065522e-06,0.002054824,within_noise,within_noise,1,,,,
net_log25:cal_v1_k_low_output_deep_odd:rank10,net_log25,Ascend910B3,20,8.1.RC1+toolkit-7.7.0.1.225,cal_v1_k_low_output_deep_odd,704,512,16385,fp16,0,0,10,searched,calibration_coupled_counterfactual,BASE,0.26891073106112695,"{""runtime_risk_score"":0.26891073106112695}",12:128:256:16385:128:256:64:16:8:1:1:0:8:4:2:2:1:2:1:3:2:0:0,,1,1,numeric_signed_axes_full_v3,,0.117826404572,,0.118549212892,,0.118778441563,,0.993902883852,0.991984766102,-0.000722808320258,-0.6097116148,-0.000952036991169,-0.8015233898,within_noise,within_noise,1,,,,
net_log25:cal_v1_k_low_output_deep_odd:rank11,net_log25,Ascend910B3,20,8.1.RC1+toolkit-7.7.0.1.225,cal_v1_k_low_output_deep_odd,704,512,16385,fp16,0,0,11,searched,calibration_coupled_counterfactual,BASE,0.2843262115711332,"{""runtime_risk_score"":0.2843262115711332}",20:64:256:16385:64:256:64:32:8:1:1:0:16:4:2:2:2:2:1:8:2:0:0,,1,1,numeric_signed_axes_full_v3,,0.117086400986,,0.117064802659,,0.11729116105,,1.0001844989,0.998254258357,2.15983273192e-05,0.01844989,-0.000204760064201,-0.1745741643,within_noise,within_noise,1,,,,
net_log25:cal_v1_k_low_output_deep_odd:rank12,net_log25,Ascend910B3,20,8.1.RC1+toolkit-7.7.0.1.225,cal_v1_k_low_output_deep_odd,704,512,16385,fp16,0,0,12,searched,calibration_template_probe,DETERMINISTIC_SPLIT_K,0.22551968801610728,"{""runtime_risk_score"":0.22551968801610728}",1:704:384:384:128:128:128:6:9:1:3:0:3:3:2:2:2:1:1:1:2:1:3,,1,1,numeric_signed_axes_full_v3,,0.116872396469,,0.116637263652,,0.116862795347,,1.00201593221,1.00008215722,0.000235132816683,0.201593221,9.60112238711e-06,0.008215722,within_noise,within_noise,1,,,,
net_log25:cal_v1_k_low_output_deep_odd:rank13,net_log25,Ascend910B3,20,8.1.RC1+toolkit-7.7.0.1.225,cal_v1_k_low_output_deep_odd,704,512,16385,fp16,0,0,13,searched,calibration_template_probe,DETERMINISTIC_SPLIT_K,0.21200816879129192,"{""runtime_risk_score"":0.21200816879129192}",4:384:512:384:128:128:128:9:6:3:1:1:3:3:2:2:2:1:1:2:1:0:3,,1,1,numeric_signed_axes_full_v3,,0.117058000565,,0.117122704967,,0.117234267776,,0.999447550311,0.998496453176,-6.47044019338e-05,-0.0552449689,-0.000176267210979,-0.1503546824,within_noise,within_noise,1,,,,
net_log25:cal_v1_k_low_output_deep_odd:rank14,net_log25,Ascend910B3,20,8.1.RC1+toolkit-7.7.0.1.225,cal_v1_k_low_output_deep_odd,704,512,16385,fp16,0,0,14,searched,calibration_template_probe,DETERMINISTIC_SPLIT_K,0.16200952503116844,"{""runtime_risk_score"":0.16200952503116844}",4:704:384:384:128:128:128:6:9:1:3:0:3:3:2:2:2:1:1:1:2:1:3,,1,1,numeric_signed_axes_full_v3,,0.117076797485,,0.117160322607,,0.117271921248,,0.999287086957,0.998336142522,-8.35251221087e-05,-0.0712913043,-0.000195123763128,-0.1663857478,within_noise,within_noise,1,,,,
net_log25:cal_v1_k_low_output_deep_odd:rank15,net_log25,Ascend910B3,20,8.1.RC1+toolkit-7.7.0.1.225,cal_v1_k_low_output_deep_odd,704,512,16385,fp16,0,0,15,searched,calibration_template_probe,SINGLE_CORE_SPLIT_K,0.3602469214415106,"{""runtime_risk_score"":0.3602469214415106}",4:384:256:384:128:128:128:9:6:3:1:1:3:3:2:2:2:2:2:1:1:0:2,,1,1,numeric_signed_axes_full_v3,,0.117038803101,,0.117084291966,,0.117195818186,,0.999611486184,0.998660233044,-4.54888650654e-05,-0.0388513816,-0.000157015084586,-0.1339766956,within_noise,within_noise,1,,,,
net_log25:cal_v1_k_low_output_deep_odd:rank16,net_log25,Ascend910B3,20,8.1.RC1+toolkit-7.7.0.1.225,cal_v1_k_low_output_deep_odd,704,512,16385,fp16,0,0,16,searched,calibration_template_probe,SINGLE_CORE_SPLIT_K,0.3220472639852129,"{""runtime_risk_score"":0.3220472639852129}",12:128:384:384:128:128:128:6:9:1:3:0:3:3:2:2:2:1:1:6:2:0:2,,1,1,numeric_signed_axes_full_v3,,0.116890802383,,0.116788362711,,0.116899607049,,1.00087713938,0.999924681816,0.000102439672059,0.087713938,-8.80466611325e-06,-0.0075318184,within_noise,within_noise,1,,,,
net_log25:cal_v1_skinny_m:rank1,net_log25,Ascend910B3,20,8.1.RC1+toolkit-7.7.0.1.225,cal_v1_skinny_m,73,4608,12288,fp16,0,0,1,searched,calibration_local_counterfactual,BASE,0.25935537713961737,"{""runtime_risk_score"":0.25935537713961737}",20:80:256:12288:80:256:64:24:8:1:1:0:12:4:2:2:1:1:2:1:16:0:0,,1,1,numeric_signed_axes_full_v3,,0.0604583978653,,0.0603735804047,,0.0604428013674,,1.0014048771,1.00025803731,8.48174605556e-05,0.14048771,1.55964978737e-05,0.025803731,within_noise,within_noise,1,,,,
net_log25:cal_v1_skinny_m:rank2,net_log25,Ascend910B3,20,8.1.RC1+toolkit-7.7.0.1.225,cal_v1_skinny_m,73,4608,12288,fp16,0,0,2,searched,calibration_local_counterfactual,BASE,0.2682462259894175,"{""runtime_risk_score"":0.2682462259894175}",20:80:256:12288:80:256:64:24:8:1:1:0:12:4:2:2:1:1:2:1:9:0:0,,1,1,numeric_signed_axes_full_v3,,0.0604795980453,,0.0604159287043,,0.0604851982214,,1.00105385024,0.999907412453,6.36693409649e-05,0.105385024,-5.60017613313e-06,-0.0092587547,within_noise,within_noise,1,,,,
net_log25:cal_v1_skinny_m:rank3,net_log25,Ascend910B3,20,8.1.RC1+toolkit-7.7.0.1.225,cal_v1_skinny_m,73,4608,12288,fp16,0,0,3,searched,calibration_local_counterfactual,BASE,0.27986444441295133,"{""runtime_risk_score"":0.27986444441295133}",20:80:256:12288:80:256:64:24:8:1:1:0:12:4:2:2:1:1:18:1:1:0:0,,1,1,numeric_signed_axes_full_v3,,0.0604368019104,,0.0603304567922,,0.0603996283123,,1.00176271031,1.00061546071,0.000106345118195,0.176271031,3.71735981248e-05,0.061546071,within_noise,within_noise,1,,,,
net_log25:cal_v1_skinny_m:rank4,net_log25,Ascend910B3,20,8.1.RC1+toolkit-7.7.0.1.225,cal_v1_skinny_m,73,4608,12288,fp16,0,0,4,searched,calibration_local_counterfactual,BASE,0.304804946504169,"{""runtime_risk_score"":0.304804946504169}",20:80:256:12288:80:256:64:24:8:1:1:0:12:4:2:2:1:1:2:1:12:0:0,,1,1,numeric_signed_axes_full_v3,,0.0603308010101,,0.0601190136215,,0.060187942712,,1.00352280212,1.00237353682,0.000211787388638,0.352280212,0.000142858298147,0.237353682,within_noise,within_noise,1,,,,
net_log25:cal_v1_skinny_m:rank5,net_log25,Ascend910B3,20,8.1.RC1+toolkit-7.7.0.1.225,cal_v1_skinny_m,73,4608,12288,fp16,0,0,5,searched,calibration_local_counterfactual,BASE,0.309572367376999,"{""runtime_risk_score"":0.309572367376999}",20:80:256:12288:80:256:64:24:8:1:1:0:12:4:2:2:1:1:3:1:8:0:0,,1,1,numeric_signed_axes_full_v3,,0.0604063987732,,0.0603149370477,,0.060383471611,,1.00151640257,1.00037969268,9.14617255484e-05,0.151640257,2.29271621637e-05,0.037969268,within_noise,within_noise,1,,,,
net_log25:cal_v1_skinny_m:rank6,net_log25,Ascend910B3,20,8.1.RC1+toolkit-7.7.0.1.225,cal_v1_skinny_m,73,4608,12288,fp16,0,0,6,searched,calibration_coupled_counterfactual,BASE,0.31605798366349835,"{""runtime_risk_score"":0.31605798366349835}",8:128:576:12288:128:128:64:16:16:1:1:0:8:8:2:2:2:1:1:1:8:0:0,,1,1,numeric_signed_axes_full_v3,,0.0608479976654,,0.0612000209822,,0.0612695612473,,0.994247986992,0.993119526674,-0.000352023316779,-0.5752013008,-0.000421563581857,-0.6880473326,within_noise,within_noise,1,,,,
net_log25:cal_v1_skinny_m:rank7,net_log25,Ascend910B3,20,8.1.RC1+toolkit-7.7.0.1.225,cal_v1_skinny_m,73,4608,12288,fp16,0,0,7,searched,calibration_coupled_counterfactual,BASE,0.3104724537427162,"{""runtime_risk_score"":0.3104724537427162}",16:64:576:12288:64:256:64:32:8:1:1:0:16:4:2:2:2:1:2:2:7:0:0,,1,1,numeric_signed_axes_full_v3,,0.0604544019699,,0.0604108361662,,0.0604794796977,,1.00072115876,0.999585351462,4.35658037002e-05,0.072115876,-2.50777278357e-05,-0.0414648538,within_noise,within_noise,1,,,,
net_log25:cal_v1_skinny_m:rank8,net_log25,Ascend910B3,20,8.1.RC1+toolkit-7.7.0.1.225,cal_v1_skinny_m,73,4608,12288,fp16,0,0,8,searched,calibration_coupled_counterfactual,BASE,0.2661071031571286,"{""runtime_risk_score"":0.2661071031571286}",20:64:256:12288:64:256:64:32:8:1:1:0:16:4:2:2:2:1:3:2:6:0:0,,1,1,numeric_signed_axes_full_v3,,0.0603003978729,,0.0601034419691,,0.0601717362151,,1.00327694883,1.00213824074,0.000196955903839,0.327694883,0.000128661657772,0.213824074,within_noise,within_noise,1,,,,
net_log25:cal_v1_skinny_m:rank9,net_log25,Ascend910B3,20,8.1.RC1+toolkit-7.7.0.1.225,cal_v1_skinny_m,73,4608,12288,fp16,0,0,9,searched,calibration_coupled_counterfactual,BASE,0.31124271247539537,"{""runtime_risk_score"":0.31124271247539537}",8:128:576:12288:128:256:64:16:8:1:1:0:8:4:2:2:1:1:2:1:7:0:0,,1,1,numeric_signed_axes_full_v3,,0.0604107999802,,0.0603430087012,,0.0603922710046,,1.0011234322,1.00030681038,6.77912790198e-05,0.11234322,1.8528975616e-05,0.030681038,within_noise,within_noise,1,,,,
net_log25:cal_v1_skinny_m:rank10,net_log25,Ascend910B3,20,8.1.RC1+toolkit-7.7.0.1.225,cal_v1_skinny_m,73,4608,12288,fp16,0,0,10,searched,calibration_coupled_counterfactual,BASE,0.3000468013260288,"{""runtime_risk_score"":0.3000468013260288}",9:128:512:12288:128:128:64:16:16:1:1:0:8:8:2:2:2:1:2:1:5:0:0,,1,1,numeric_signed_axes_full_v3,,0.0604228019714,,0.0603669881289,,0.0604162700084,,1.00092457557,1.00010811596,5.58138424585e-05,0.092457557,6.53196303158e-06,0.010811596,within_noise,within_noise,1,,,,
net_log25:cal_v1_skinny_m:rank11,net_log25,Ascend910B3,20,8.1.RC1+toolkit-7.7.0.1.225,cal_v1_skinny_m,73,4608,12288,fp16,0,0,11,searched,calibration_coupled_counterfactual,BASE,0.2900362449678437,"{""runtime_risk_score"":0.2900362449678437}",18:80:256:12288:64:256:64:32:8:1:1:0:16:4:2:2:2:1:2:1:11:0:0,,1,1,numeric_signed_axes_full_v3,,0.060461602211,,0.0604445418189,,0.0604938870115,,1.00028224868,0.99946631301,1.70603921416e-05,0.028224868,-3.22848004725e-05,-0.053368699,within_noise,within_noise,1,,,,
net_log25:cal_v1_skinny_m:rank12,net_log25,Ascend910B3,20,8.1.RC1+toolkit-7.7.0.1.225,cal_v1_skinny_m,73,4608,12288,fp16,0,0,12,searched,calibration_template_probe,DETERMINISTIC_SPLIT_K,0.2895985973954241,"{""runtime_risk_score"":0.2895985973954241}",2:128:384:384:128:128:128:6:9:1:3:0:3:3:2:2:2:1:1:1:12:1:3,,1,1,numeric_signed_axes_full_v3,,0.0605520009995,,0.0606254235017,,0.0606749163606,,0.998788915641,0.997974198095,-7.34225021606e-05,-0.1211084359,-0.000122915361149,-0.2025801905,within_noise,within_noise,1,,,,
net_log25:cal_v1_skinny_m:rank13,net_log25,Ascend910B3,20,8.1.RC1+toolkit-7.7.0.1.225,cal_v1_skinny_m,73,4608,12288,fp16,0,0,13,searched,calibration_template_probe,DETERMINISTIC_SPLIT_K,0.32419671123768684,"{""runtime_risk_score"":0.32419671123768684}",2:384:4608:384:128:128:128:9:6:3:1:1:3:3:2:2:2:1:1:1:1:0:3,,1,1,numeric_signed_axes_full_v3,,0.0605751991272,,0.0607723712481,,0.0607462134334,,0.996755563147,0.997184774219,-0.000197172120922,-0.3244436853,-0.000171014306156,-0.2815225781,within_noise,within_noise,1,,,,
net_log25:cal_v1_skinny_m:rank14,net_log25,Ascend910B3,20,8.1.RC1+toolkit-7.7.0.1.225,cal_v1_skinny_m,73,4608,12288,fp16,0,0,14,searched,calibration_template_probe,DETERMINISTIC_SPLIT_K,0.33453722229468746,"{""runtime_risk_score"":0.33453722229468746}",8:128:384:384:128:128:128:6:9:1:3:0:3:3:2:2:2:1:1:1:12:1:3,,1,1,numeric_signed_axes_full_v3,,0.0605480003357,,0.0607178088534,,0.0606916745235,,0.997203316113,0.997632719991,-0.000169808517674,-0.2796683887,-0.000143674187812,-0.2367280009,within_noise,within_noise,1,,,,
net_log25:cal_v1_skinny_m:rank15,net_log25,Ascend910B3,20,8.1.RC1+toolkit-7.7.0.1.225,cal_v1_skinny_m,73,4608,12288,fp16,0,0,15,searched,calibration_template_probe,SINGLE_CORE_SPLIT_K,0.41711875526534836,"{""runtime_risk_score"":0.41711875526534836}",1:384:4608:384:128:128:128:9:6:3:1:1:3:3:2:2:2:1:1:1:1:0:2,,1,1,numeric_signed_axes_full_v3,,0.0604063987732,,0.060434143565,,0.0604081313312,,0.999540908663,0.999971319126,-2.77447917697e-05,-0.0459091337,-1.73255800329e-06,-0.0028680874,within_noise,within_noise,1,,,,
net_log25:cal_v1_skinny_m:rank16,net_log25,Ascend910B3,20,8.1.RC1+toolkit-7.7.0.1.225,cal_v1_skinny_m,73,4608,12288,fp16,0,0,16,searched,calibration_template_probe,SINGLE_CORE_SPLIT_K,0.40837796774099466,"{""runtime_risk_score"":0.40837796774099466}",20:384:128:384:128:128:128:9:6:3:1:1:3:3:2:2:2:1:3:1:12:0:2,,1,1,numeric_signed_axes_full_v3,,0.0607115983963,,0.0610463658795,,0.0610200901313,,0.994516176706,0.994944423479,-0.000334767483224,-0.5483823294,-0.000308491734977,-0.5055576521,within_noise,within_noise,1,,,,
net_log25:cal_v1_skinny_n:rank1,net_log25,Ascend910B3,20,8.1.RC1+toolkit-7.7.0.1.225,cal_v1_skinny_n,4608,101,12288,fp16,0,0,1,searched,calibration_local_counterfactual,BASE,,{},20:128:112:12288:128:112:64:16:16:1:1:0:8:8:2:2:1:3:1:16:1:0:0,,1,1,numeric_signed_axes_full_v3,paired baseline drift; latency excluded,0.238218803406,,,,,,,,,,,,,,0,,,,
net_log25:cal_v1_skinny_n:rank2,net_log25,Ascend910B3,20,8.1.RC1+toolkit-7.7.0.1.225,cal_v1_skinny_n,4608,101,12288,fp16,0,0,2,searched,calibration_local_counterfactual,BASE,,{},20:128:112:12288:128:112:64:16:16:1:1:0:8:8:2:2:1:2:1:19:1:0:0,,1,1,numeric_signed_axes_full_v3,paired baseline drift; latency excluded,0.242983608246,,,,,,,,,,,,,,0,,,,
net_log25:cal_v1_skinny_n:rank3,net_log25,Ascend910B3,20,8.1.RC1+toolkit-7.7.0.1.225,cal_v1_skinny_n,4608,101,12288,fp16,0,0,3,searched,calibration_local_counterfactual,BASE,,{},20:128:112:12288:128:112:64:16:16:1:1:0:8:8:2:2:1:2:1:22:1:0:0,,1,1,numeric_signed_axes_full_v3,paired baseline drift; latency excluded,0.248870391846,,,,,,,,,,,,,,0,,,,
net_log25:cal_v1_skinny_n:rank4,net_log25,Ascend910B3,20,8.1.RC1+toolkit-7.7.0.1.225,cal_v1_skinny_n,4608,101,12288,fp16,0,0,4,searched,calibration_local_counterfactual,BASE,,{},20:128:112:12288:128:112:64:16:16:1:1:0:8:8:2:2:1:3:1:12:1:0:0,,1,1,numeric_signed_axes_full_v3,paired baseline drift; latency excluded,0.249764003754,,,,,,,,,,,,,,0,,,,
net_log25:cal_v1_skinny_n:rank5,net_log25,Ascend910B3,20,8.1.RC1+toolkit-7.7.0.1.225,cal_v1_skinny_n,4608,101,12288,fp16,0,0,5,searched,calibration_local_counterfactual,BASE,,{},20:128:112:12288:128:112:64:16:16:1:1:0:8:8:2:2:1:5:1:8:1:0:0,,1,1,numeric_signed_axes_full_v3,paired baseline drift; latency excluded,0.243797206879,,,,,,,,,,,,,,0,,,,
net_log25:cal_v1_skinny_n:rank6,net_log25,Ascend910B3,20,8.1.RC1+toolkit-7.7.0.1.225,cal_v1_skinny_n,4608,101,12288,fp16,0,0,6,searched,calibration_coupled_counterfactual,BASE,,{},16:288:128:12288:128:128:64:16:16:1:1:0:8:8:2:2:2:2:1:14:1:0:0,,1,1,numeric_signed_axes_full_v3,paired baseline drift; latency excluded,0.24388879776,,,,,,,,,,,,,,0,,,,
net_log25:cal_v1_skinny_n:rank7,net_log25,Ascend910B3,20,8.1.RC1+toolkit-7.7.0.1.225,cal_v1_skinny_n,4608,101,12288,fp16,0,0,7,searched,calibration_coupled_counterfactual,BASE,,{},16:288:112:12288:256:64:64:8:32:1:1:0:4:16:2:2:2:2:1:8:1:0:0,,1,1,numeric_signed_axes_full_v3,paired baseline drift; latency excluded,0.248591594696,,,,,,,,,,,,,,0,,,,
net_log25:cal_v1_skinny_n:rank8,net_log25,Ascend910B3,20,8.1.RC1+toolkit-7.7.0.1.225,cal_v1_skinny_n,4608,101,12288,fp16,0,0,8,searched,calibration_coupled_counterfactual,BASE,,{},16:288:128:12288:256:128:64:8:16:1:1:0:4:8:2:2:1:2:1:11:1:0:0,,1,1,numeric_signed_axes_full_v3,paired baseline drift; latency excluded,0.253020401001,,,,,,,,,,,,,,0,,,,
net_log25:cal_v1_skinny_n:rank9,net_log25,Ascend910B3,20,8.1.RC1+toolkit-7.7.0.1.225,cal_v1_skinny_n,4608,101,12288,fp16,0,0,9,searched,calibration_coupled_counterfactual,BASE,,{},18:256:112:12288:256:64:64:8:32:1:1:0:4:16:2:2:2:2:1:12:1:0:0,,1,1,numeric_signed_axes_full_v3,paired baseline drift; latency excluded,0.239946804047,,,,,,,,,,,,,,0,,,,
net_log25:cal_v1_skinny_n:rank10,net_log25,Ascend910B3,20,8.1.RC1+toolkit-7.7.0.1.225,cal_v1_skinny_n,4608,101,12288,fp16,0,0,10,searched,calibration_coupled_counterfactual,BASE,,{},16:288:112:12288:256:64:64:8:32:1:1:0:4:16:2:2:2:3:1:6:1:0:0,,1,1,numeric_signed_axes_full_v3,paired baseline drift; latency excluded,0.253143997192,,,,,,,,,,,,,,0,,,,
net_log25:cal_v1_skinny_n:rank11,net_log25,Ascend910B3,20,8.1.RC1+toolkit-7.7.0.1.225,cal_v1_skinny_n,4608,101,12288,fp16,0,0,11,searched,calibration_coupled_counterfactual,BASE,,{},18:256:128:12288:128:128:64:16:16:1:1:0:8:8:2:2:2:2:1:10:1:0:0,,1,1,numeric_signed_axes_full_v3,paired baseline drift; latency excluded,0.247929191589,,,,,,,,,,,,,,0,,,,
net_log25:cal_v1_skinny_n:rank12,net_log25,Ascend910B3,20,8.1.RC1+toolkit-7.7.0.1.225,cal_v1_skinny_n,4608,101,12288,fp16,0,0,12,searched,calibration_template_probe,DETERMINISTIC_SPLIT_K,,{},1:384:128:384:128:128:128:9:6:3:1:1:3:3:2:2:2:1:1:12:1:0:3,,1,1,numeric_signed_axes_full_v3,paired baseline drift; latency excluded,0.244644794464,,,,,,,,,,,,,,0,,,,
net_log25:cal_v1_skinny_n:rank13,net_log25,Ascend910B3,20,8.1.RC1+toolkit-7.7.0.1.225,cal_v1_skinny_n,4608,101,12288,fp16,0,0,13,searched,calibration_template_probe,DETERMINISTIC_SPLIT_K,,{},2:4608:384:384:128:128:128:6:9:1:3:0:3:3:2:2:2:1:1:1:1:1:3,,1,1,numeric_signed_axes_full_v3,paired baseline drift; latency excluded,0.242733592987,,,,,,,,,,,,,,0,,,,
net_log25:cal_v1_skinny_n:rank14,net_log25,Ascend910B3,20,8.1.RC1+toolkit-7.7.0.1.225,cal_v1_skinny_n,4608,101,12288,fp16,0,0,14,searched,calibration_template_probe,DETERMINISTIC_SPLIT_K,,{},4:384:128:384:128:128:128:9:6:3:1:1:3:3:2:2:2:1:1:12:1:0:3,,1,1,numeric_signed_axes_full_v3,paired baseline drift; latency excluded,0.250046806335,,,,,,,,,,,,,,0,,,,
net_log25:cal_v1_skinny_n:rank15,net_log25,Ascend910B3,20,8.1.RC1+toolkit-7.7.0.1.225,cal_v1_skinny_n,4608,101,12288,fp16,0,0,15,searched,calibration_template_probe,SINGLE_CORE_SPLIT_K,,{},1:4608:256:384:128:128:128:9:6:3:1:1:3:3:2:2:2:1:1:1:1:0:2,,1,1,numeric_signed_axes_full_v3,paired baseline drift; latency excluded,0.247982406616,,,,,,,,,,,,,,0,,,,
net_log25:cal_v1_skinny_n:rank16,net_log25,Ascend910B3,20,8.1.RC1+toolkit-7.7.0.1.225,cal_v1_skinny_n,4608,101,12288,fp16,0,0,16,searched,calibration_template_probe,SINGLE_CORE_SPLIT_K,,{},12:384:128:384:128:128:128:9:6:3:1:1:3:3:2:2:2:2:1:9:1:0:2,,1,1,numeric_signed_axes_full_v3,paired baseline drift; latency excluded,0.231753997803,,,,,,,,,,,,,,0,,,,
net_log25:cal_v1_layout_tn:rank1,net_log25,Ascend910B3,20,8.1.RC1+toolkit-7.7.0.1.225,cal_v1_layout_tn,2304,3072,4608,fp16,1,0,1,searched,calibration_local_counterfactual,BASE,0.6954643631427806,"{""runtime_risk_score"":0.6954643631427806}",20:128:256:4608:128:256:64:16:8:1:1:0:8:4:2:2:1:2:2:12:6:0:0,,1,1,numeric_signed_axes_full_v3,,0.247525997162,,0.248342678839,,0.248358119441,,0.996711472709,0.996649506442,-0.000816681676882,-0.3288527291,-0.000832122279265,-0.3350493558,within_noise,within_noise,1,,,,
net_log25:cal_v1_layout_tn:rank2,net_log25,Ascend910B3,20,8.1.RC1+toolkit-7.7.0.1.225,cal_v1_layout_tn,2304,3072,4608,fp16,1,0,2,searched,calibration_local_counterfactual,BASE,0.6993390677505938,"{""runtime_risk_score"":0.6993390677505938}",20:128:256:4608:128:256:64:16:8:1:1:0:8:4:2:2:1:2:2:10:6:0:0,,1,1,numeric_signed_axes_full_v3,,0.246553993225,,0.246396086481,,0.246411406055,,1.00064086547,1.00057865491,0.000157906743769,0.064086547,0.000142587169994,0.057865491,within_noise,within_noise,1,,,,
net_log25:cal_v1_layout_tn:rank3,net_log25,Ascend910B3,20,8.1.RC1+toolkit-7.7.0.1.225,cal_v1_layout_tn,2304,3072,4608,fp16,1,0,3,searched,calibration_local_counterfactual,BASE,0.7120232885416071,"{""runtime_risk_score"":0.7120232885416071}",20:128:256:4608:128:256:64:16:8:1:1:0:8:4:2:2:1:1:1:18:12:1:0,,1,1,numeric_signed_axes_full_v3,,0.247367191315,,0.248024121446,,0.248039542242,,0.997351345801,0.997289339753,-0.00065693013072,-0.2648654199,-0.000672350926839,-0.2710660247,within_noise,within_noise,1,,,,
net_log25:cal_v1_layout_tn:rank4,net_log25,Ascend910B3,20,8.1.RC1+toolkit-7.7.0.1.225,cal_v1_layout_tn,2304,3072,4608,fp16,1,0,4,searched,calibration_local_counterfactual,BASE,0.7021454783401494,"{""runtime_risk_score"":0.7021454783401494}",20:128:256:4608:128:256:64:16:8:1:1:1:8:4:2:2:1:1:1:18:12:0:0,,1,1,numeric_signed_axes_full_v3,,0.247492008209,,0.248274481331,,0.248289917693,,0.996848354621,0.996786379844,-0.00078247312181,-0.3151645379,-0.00079790948403,-0.3213620156,within_noise,within_noise,1,,,,
net_log25:cal_v1_layout_tn:rank5,net_log25,Ascend910B3,20,8.1.RC1+toolkit-7.7.0.1.225,cal_v1_layout_tn,2304,3072,4608,fp16,1,0,5,searched,calibration_local_counterfactual,BASE,0.69720668707818,"{""runtime_risk_score"":0.69720668707818}",20:128:256:4608:128:256:64:16:8:1:1:0:8:4:2:2:1:2:1:11:12:0:0,,1,1,numeric_signed_axes_full_v3,,0.248591194153,,0.25048470086,,0.250005717685,,0.992440629305,0.994342035273,-0.00189350670723,-0.7559370695,-0.00141452353221,-0.5657964727,within_noise,within_noise,1,,,,
net_log25:cal_v1_layout_tn:rank6,net_log25,Ascend910B3,20,8.1.RC1+toolkit-7.7.0.1.225,cal_v1_layout_tn,2304,3072,4608,fp16,1,0,6,searched,calibration_coupled_counterfactual,BASE,0.7752779164202558,"{""runtime_risk_score"":0.7752779164202558}",18:768:512:4608:64:256:64:32:8:1:1:0:16:4:2:2:2:1:2:3:5:0:0,,0,0,npu_structured_numeric_rejected,"official structured numeric preflight failed at C index=256, actual=203.250000, expected=-4608.000000",,,,,,,,,,,,,runtime_rejected,runtime_rejected,0,,,,
net_log25:cal_v1_layout_tn:rank7,net_log25,Ascend910B3,20,8.1.RC1+toolkit-7.7.0.1.225,cal_v1_layout_tn,2304,3072,4608,fp16,1,0,7,searched,calibration_coupled_counterfactual,BASE,0.7763371214398822,"{""runtime_risk_score"":0.7763371214398822}",18:256:1536:4608:256:64:64:8:32:1:1:0:4:16:2:2:2:1:1:9:2:0:0,,0,0,npu_structured_numeric_rejected,"official structured numeric preflight failed at C index=64, actual=203.250000, expected=4608.000000",,,,,,,,,,,,,runtime_rejected,runtime_rejected,0,,,,
net_log25:cal_v1_layout_tn:rank8,net_log25,Ascend910B3,20,8.1.RC1+toolkit-7.7.0.1.225,cal_v1_layout_tn,2304,3072,4608,fp16,1,0,8,searched,calibration_coupled_counterfactual,BASE,0.7179865547351733,"{""runtime_risk_score"":0.7179865547351733}",18:768:512:4608:256:128:64:8:16:1:1:0:4:8:2:2:1:1:3:3:2:0:0,,0,0,npu_structured_numeric_rejected,"official structured numeric preflight failed at C index=128, actual=203.250000, expected=4608.000000",,,,,,,,,,,,,runtime_rejected,runtime_rejected,0,,,,
net_log25:cal_v1_layout_tn:rank9,net_log25,Ascend910B3,20,8.1.RC1+toolkit-7.7.0.1.225,cal_v1_layout_tn,2304,3072,4608,fp16,1,0,9,searched,calibration_coupled_counterfactual,BASE,0.7077241821848613,"{""runtime_risk_score"":0.7077241821848613}",18:128:3072:4608:128:256:64:16:8:1:1:0:8:4:2:2:1:2:1:12:1:0:0,,0,0,npu_structured_numeric_rejected,"official structured numeric preflight failed at C index=256, actual=203.250000, expected=-4608.000000",,,,,,,,,,,,,runtime_rejected,runtime_rejected,0,,,,
net_log25:cal_v1_layout_tn:rank10,net_log25,Ascend910B3,20,8.1.RC1+toolkit-7.7.0.1.225,cal_v1_layout_tn,2304,3072,4608,fp16,1,0,10,searched,calibration_coupled_counterfactual,BASE,0.6937268034050281,"{""runtime_risk_score"":0.6937268034050281}",20:128:256:4608:128:256:64:16:8:1:1:0:8:4:2:2:1:5:3:4:5:0:0,,1,1,numeric_signed_axes_full_v3,,0.248010807037,,0.248779999822,,0.248839701206,,0.996908140584,0.996668963333,-0.000769192784962,-0.3091859416,-0.000828894168922,-0.3331036667,within_noise,within_noise,1,,,,
net_log25:cal_v1_layout_tn:rank11,net_log25,Ascend910B3,20,8.1.RC1+toolkit-7.7.0.1.225,cal_v1_layout_tn,2304,3072,4608,fp16,1,0,11,searched,calibration_coupled_counterfactual,BASE,0.7695989799971144,"{""runtime_risk_score"":0.7695989799971144}",18:768:512:4608:256:128:64:8:16:1:1:0:4:8:2:2:1:1:2:3:5:0:0,,0,0,npu_structured_numeric_rejected,"official structured numeric preflight failed at C index=128, actual=203.250000, expected=4608.000000",,,,,,,,,,,,,runtime_rejected,runtime_rejected,0,,,,
net_log25:cal_v1_layout_tn:rank12,net_log25,Ascend910B3,20,8.1.RC1+toolkit-7.7.0.1.225,cal_v1_layout_tn,2304,3072,4608,fp16,1,0,12,searched,calibration_template_probe,DETERMINISTIC_SPLIT_K,0.3538064186876934,"{""runtime_risk_score"":0.3538064186876934}",1:2304:384:384:128:128:128:6:9:1:3:0:3:3:2:2:2:1:1:1:8:1:3,,0,0,npu_structured_numeric_rejected,"official structured numeric preflight failed at C index=0, actual=-65536.000000, expected=4608.000000",,,,,,,,,,,,,runtime_rejected,runtime_rejected,0,,,,
net_log25:cal_v1_layout_tn:rank13,net_log25,Ascend910B3,20,8.1.RC1+toolkit-7.7.0.1.225,cal_v1_layout_tn,2304,3072,4608,fp16,1,0,13,searched,calibration_template_probe,DETERMINISTIC_SPLIT_K,0.36592966351808565,"{""runtime_risk_score"":0.36592966351808565}",2:384:3072:384:128:128:128:9:6:3:1:1:3:3:2:2:2:1:1:6:1:0:3,,1,1,numeric_signed_axes_full_v3,,2.36696487427,,22.659894219,,22.6348703883,,0.104456130792,0.104571611574,-20.2929293447,-89.5543869208,-20.267905514,-89.5428388426,regressed,regressed,1,,,,
net_log25:cal_v1_layout_tn:rank14,net_log25,Ascend910B3,20,8.1.RC1+toolkit-7.7.0.1.225,cal_v1_layout_tn,2304,3072,4608,fp16,1,0,14,searched,calibration_template_probe,DETERMINISTIC_SPLIT_K,0.3605702776546797,"{""runtime_risk_score"":0.3605702776546797}",2:2304:384:384:128:128:128:6:9:1:3:0:3:3:2:2:2:1:1:1:8:1:3,,1,1,numeric_signed_axes_full_v3,,2.37549484253,,22.8235100482,,22.798305533,,0.104081047898,0.104196114009,-20.4480152057,-89.5918952102,-20.4228106905,-89.5803885991,regressed,regressed,1,,,,
net_log25:cal_v1_layout_tn:rank15,net_log25,Ascend910B3,20,8.1.RC1+toolkit-7.7.0.1.225,cal_v1_layout_tn,2304,3072,4608,fp16,1,0,15,searched,calibration_template_probe,SINGLE_CORE_SPLIT_K,0.41487046291626,"{""runtime_risk_score"":0.41487046291626}",6:384:3072:384:128:128:128:9:6:3:1:1:3:3:2:2:2:2:1:5:1:0:2,,1,1,numeric_signed_axes_full_v3,,0.804577636719,,2.61824429785,,2.61535291181,,0.307296625216,0.307636354958,-1.81366666113,-69.2703374784,-1.81077527509,-69.2363645042,regressed,regressed,1,,,,
net_log25:cal_v1_layout_tn:rank16,net_log25,Ascend910B3,20,8.1.RC1+toolkit-7.7.0.1.225,cal_v1_layout_tn,2304,3072,4608,fp16,1,0,16,searched,calibration_template_probe,SINGLE_CORE_SPLIT_K,0.43170833011887083,"{""runtime_risk_score"":0.43170833011887083}",20:384:128:384:128:128:128:9:6:3:1:1:3:3:2:2:2:1:4:6:6:0:2,,1,1,numeric_signed_axes_full_v3,,0.504522018433,,1.02951932026,,1.02838239893,,0.490055901338,0.490597679383,-0.524997301823,-50.9944098662,-0.523860380496,-50.9402320617,regressed,regressed,1,,,,
net_log25:cal_v1_layout_nt:rank1,net_log25,Ascend910B3,20,8.1.RC1+toolkit-7.7.0.1.225,cal_v1_layout_nt,2176,2944,4352,fp16,0,1,1,searched,calibration_local_counterfactual,BASE,0.7254332020688123,"{""runtime_risk_score"":0.7254332020688123}",20:128:256:4352:128:256:64:16:8:1:1:0:8:4:2:2:1:3:1:8:12:0:0,,1,1,numeric_signed_axes_full_v3,,0.233148403168,,0.232345579858,,0.232468786262,,1.0034552984,1.00292347595,0.000802823310329,0.34552984,0.000679616905763,0.292347595,within_noise,within_noise,1,,,,
net_log25:cal_v1_layout_nt:rank2,net_log25,Ascend910B3,20,8.1.RC1+toolkit-7.7.0.1.225,cal_v1_layout_nt,2176,2944,4352,fp16,0,1,2,searched,calibration_local_counterfactual,BASE,0.7226700872793358,"{""runtime_risk_score"":0.7226700872793358}",20:128:256:4352:128:256:64:16:8:1:1:0:8:4:2:2:1:2:2:11:7:0:0,,1,1,numeric_signed_axes_full_v3,,0.233927993774,,0.233901989966,,0.234026021692,,1.00011117395,0.999581123852,2.60038081374e-05,0.011117395,-9.80279184983e-05,-0.0418876148,within_noise,within_noise,1,,,,
net_log25:cal_v1_layout_nt:rank3,net_log25,Ascend910B3,20,8.1.RC1+toolkit-7.7.0.1.225,cal_v1_layout_nt,2176,2944,4352,fp16,0,1,3,searched,calibration_local_counterfactual,BASE,0.7118021252255203,"{""runtime_risk_score"":0.7118021252255203}",20:128:256:4352:128:256:64:16:8:1:1:0:8:4:2:2:1:3:2:6:6:0:0,,1,1,numeric_signed_axes_full_v3,,0.234259204865,,0.234564807411,,0.234689190611,,0.998697150909,0.998167850231,-0.000305602546116,-0.1302849091,-0.000429985746365,-0.1832149769,within_noise,within_noise,1,,,,
net_log25:cal_v1_layout_nt:rank4,net_log25,Ascend910B3,20,8.1.RC1+toolkit-7.7.0.1.225,cal_v1_layout_nt,2176,2944,4352,fp16,0,1,4,searched,calibration_local_counterfactual,BASE,0.70414049987349,"{""runtime_risk_score"":0.70414049987349}",20:128:256:4352:128:256:64:16:8:1:1:0:8:4:2:2:1:1:1:17:12:1:0,,1,1,numeric_signed_axes_full_v3,,0.233690395355,,0.233427087252,,0.233550867151,,1.00112801006,1.00059742105,0.000263308102697,0.112801006,0.000139528204282,0.059742105,within_noise,within_noise,1,,,,
net_log25:cal_v1_layout_nt:rank5,net_log25,Ascend910B3,20,8.1.RC1+toolkit-7.7.0.1.225,cal_v1_layout_nt,2176,2944,4352,fp16,0,1,5,searched,calibration_local_counterfactual,BASE,0.6961732346129861,"{""runtime_risk_score"":0.6961732346129861}",20:128:256:4352:128:256:64:16:8:1:1:1:8:4:2:2:1:1:1:17:12:0:0,,1,1,numeric_signed_axes_full_v3,,0.234588394165,,0.236911574668,,0.236439950136,,0.990193891935,0.992169022323,-0.00232318050304,-0.9806108065,-0.00185155597147,-0.7830977677,within_noise,within_noise,1,,,,
net_log25:cal_v1_layout_nt:rank6,net_log25,Ascend910B3,20,8.1.RC1+toolkit-7.7.0.1.225,cal_v1_layout_nt,2176,2944,4352,fp16,0,1,6,searched,calibration_coupled_counterfactual,BASE,0.8093702180610934,"{""runtime_risk_score"":0.8093702180610934}",16:272:1472:4352:128:128:64:16:16:1:1:0:8:8:2:2:2:2:1:7:2:0:0,,0,0,npu_structured_numeric_rejected,"official structured numeric preflight failed at C index=128, actual=203.250000, expected=4352.000000",,,,,,,,,,,,,runtime_rejected,runtime_rejected,0,,,,
net_log25:cal_v1_layout_nt:rank7,net_log25,Ascend910B3,20,8.1.RC1+toolkit-7.7.0.1.225,cal_v1_layout_nt,2176,2944,4352,fp16,0,1,7,searched,calibration_coupled_counterfactual,BASE,0.7961824384917892,"{""runtime_risk_score"":0.7961824384917892}",16:544:736:4352:64:256:64:32:8:1:1:0:16:4:2:2:2:1:1:4:4:0:0,,0,0,npu_structured_numeric_rejected,"official structured numeric preflight failed at C index=256, actual=203.250000, expected=-4352.000000",,,,,,,,,,,,,runtime_rejected,runtime_rejected,0,,,,
net_log25:cal_v1_layout_nt:rank8,net_log25,Ascend910B3,20,8.1.RC1+toolkit-7.7.0.1.225,cal_v1_layout_nt,2176,2944,4352,fp16,0,1,8,searched,calibration_coupled_counterfactual,BASE,0.8131079264287621,"{""runtime_risk_score"":0.8131079264287621}",20:544:592:4352:256:64:64:8:32:1:1:0:4:16:2:2:2:4:1:1:5:0:0,,0,0,npu_structured_numeric_rejected,"official structured numeric preflight failed at C index=64, actual=203.250000, expected=4352.000000",,,,,,,,,,,,,runtime_rejected,runtime_rejected,0,,,,
net_log25:cal_v1_layout_nt:rank9,net_log25,Ascend910B3,20,8.1.RC1+toolkit-7.7.0.1.225,cal_v1_layout_nt,2176,2944,4352,fp16,0,1,9,searched,calibration_coupled_counterfactual,BASE,0.7316290290509748,"{""runtime_risk_score"":0.7316290290509748}",20:128:256:4352:128:256:64:16:8:1:1:0:8:4:2:2:1:5:3:4:5:0:0,,1,1,numeric_signed_axes_full_v3,,0.224287605286,,0.216562762446,,0.216131646696,,1.03567022674,1.03773606834,0.00772484283989,3.567022674,0.00815595859015,3.773606834,improved,improved,1,,,,
net_log25:cal_v1_layout_nt:rank10,net_log25,Ascend910B3,20,8.1.RC1+toolkit-7.7.0.1.225,cal_v1_layout_nt,2176,2944,4352,fp16,0,1,10,searched,calibration_coupled_counterfactual,BASE,0.7889348778938594,"{""runtime_risk_score"":0.7889348778938594}",17:128:2944:4352:128:256:64:16:8:1:1:0:8:4:2:2:1:1:1:17:1:0:0,,0,0,npu_structured_numeric_rejected,"official structured numeric preflight failed at C index=256, actual=203.250000, expected=-4352.000000",,,,,,,,,,,,,runtime_rejected,runtime_rejected,0,,,,
net_log25:cal_v1_layout_nt:rank11,net_log25,Ascend910B3,20,8.1.RC1+toolkit-7.7.0.1.225,cal_v1_layout_nt,2176,2944,4352,fp16,0,1,11,searched,calibration_coupled_counterfactual,BASE,0.8143376085299272,"{""runtime_risk_score"":0.8143376085299272}",17:128:2944:4352:128:256:64:16:8:1:1:0:8:4:2:2:1:2:1:14:1:0:0,,0,0,npu_structured_numeric_rejected,"official structured numeric preflight failed at C index=256, actual=203.250000, expected=-4352.000000",,,,,,,,,,,,,runtime_rejected,runtime_rejected,0,,,,
net_log25:cal_v1_layout_nt:rank12,net_log25,Ascend910B3,20,8.1.RC1+toolkit-7.7.0.1.225,cal_v1_layout_nt,2176,2944,4352,fp16,0,1,12,searched,calibration_template_probe,DETERMINISTIC_SPLIT_K,0.786729108688804,"{""runtime_risk_score"":0.786729108688804}",1:2176:384:384:128:128:128:6:9:1:3:0:3:3:2:2:2:1:1:1:8:1:3,,0,0,npu_structured_numeric_rejected,"official structured numeric preflight failed at C index=384, actual=-4352.000000, expected=4352.000000",,,,,,,,,,,,,runtime_rejected,runtime_rejected,0,,,,
net_log25:cal_v1_layout_nt:rank13,net_log25,Ascend910B3,20,8.1.RC1+toolkit-7.7.0.1.225,cal_v1_layout_nt,2176,2944,4352,fp16,0,1,13,searched,calibration_template_probe,DETERMINISTIC_SPLIT_K,0.6103335952315309,"{""runtime_risk_score"":0.6103335952315309}",1:384:2944:384:128:128:128:9:6:3:1:1:3:3:2:2:2:1:1:6:1:0:3,,0,0,npu_structured_numeric_rejected,"official structured numeric preflight failed at C index=768, actual=65536.000000, expected=-4352.000000",,,,,,,,,,,,,runtime_rejected,runtime_rejected,0,,,,
net_log25:cal_v1_layout_nt:rank14,net_log25,Ascend910B3,20,8.1.RC1+toolkit-7.7.0.1.225,cal_v1_layout_nt,2176,2944,4352,fp16,0,1,14,searched,calibration_template_probe,DETERMINISTIC_SPLIT_K,0.5824129802164574,"{""runtime_risk_score"":0.5824129802164574}",4:2176:384:384:128:128:128:6:9:1:3:0:3:3:2:2:2:1:1:1:8:1:3,,1,1,numeric_signed_axes_full_v3,,1.10502960205,,5.22226301763,,5.21689325679,,0.211599760165,0.21181756031,-4.11723341558,-78.8400239835,-4.11186365474,-78.818243969,regressed,regressed,1,,,,
net_log25:cal_v1_layout_nt:rank15,net_log25,Ascend910B3,20,8.1.RC1+toolkit-7.7.0.1.225,cal_v1_layout_nt,2176,2944,4352,fp16,0,1,15,searched,calibration_template_probe,SINGLE_CORE_SPLIT_K,0.42569236148798745,"{""runtime_risk_score"":0.42569236148798745}",6:384:3072:384:128:128:128:9:6:3:1:1:3:3:2:2:2:2:1:5:1:0:2,,1,1,numeric_signed_axes_full_v3,,0.758552780151,,2.4608351722,,2.45830483308,,0.308250137482,0.308567420095,-1.70228239205,-69.1749862518,-1.69975205293,-69.1432579905,regressed,regressed,1,,,,
net_log25:cal_v1_layout_nt:rank16,net_log25,Ascend910B3,20,8.1.RC1+toolkit-7.7.0.1.225,cal_v1_layout_nt,2176,2944,4352,fp16,0,1,16,searched,calibration_template_probe,SINGLE_CORE_SPLIT_K,0.3602413897865672,"{""runtime_risk_score"":0.3602413897865672}",20:384:128:384:128:128:128:9:6:3:1:1:3:3:2:2:2:1:1:6:23:0:2,,1,1,numeric_signed_axes_full_v3,,0.405831604004,,0.704372911572,,0.70364864432,,0.576160152295,0.576753195334,-0.298541307568,-42.3839847705,-0.297817040316,-42.3246804666,regressed,regressed,1,,,,
net_log25:cal_v1_layout_tt:rank1,net_log25,Ascend910B3,20,8.1.RC1+toolkit-7.7.0.1.225,cal_v1_layout_tt,1792,2304,3584,fp16,1,1,1,searched,calibration_local_counterfactual,BASE,0.41711736833896795,"{""runtime_risk_score"":0.41711736833896795}",20:256:128:3584:256:128:64:8:16:1:1:0:4:8:2:2:1:1:2:7:14:0:0,,1,1,numeric_signed_axes_full_v3,,0.127800798416,,0.127828938002,,0.128490630879,,0.999779865288,0.994631262539,-2.81395864524e-05,-0.0220134712,-0.00068983246339,-0.5368737461,within_noise,within_noise,1,,,,
net_log25:cal_v1_layout_tt:rank2,net_log25,Ascend910B3,20,8.1.RC1+toolkit-7.7.0.1.225,cal_v1_layout_tt,1792,2304,3584,fp16,1,1,2,searched,calibration_local_counterfactual,BASE,0.3728464691846475,"{""runtime_risk_score"":0.3728464691846475}",20:256:128:3584:256:128:64:8:16:1:1:0:4:8:2:2:1:2:1:4:18:0:0,,1,1,numeric_signed_axes_full_v3,,0.128517198563,,0.129266070512,,0.129935202552,,0.994206740052,0.98908683743,-0.000748871948932,-0.5793259948,-0.00141800398902,-1.091316257,within_noise,regressed,1,,,,
net_log25:cal_v1_layout_tt:rank3,net_log25,Ascend910B3,20,8.1.RC1+toolkit-7.7.0.1.225,cal_v1_layout_tt,1792,2304,3584,fp16,1,1,3,searched,calibration_local_counterfactual,BASE,0.37400987436976374,"{""runtime_risk_score"":0.37400987436976374}",20:256:128:3584:256:128:64:8:16:1:1:0:4:8:2:2:1:4:1:2:18:0:0,,1,1,numeric_signed_axes_full_v3,,0.12725399971,,0.126737439804,,0.127393482658,,1.00407582721,0.998905101385,0.00051655990568,0.407582721,-0.000139482947722,-0.1094898615,within_noise,within_noise,1,,,,
net_log25:cal_v1_layout_tt:rank4,net_log25,Ascend910B3,20,8.1.RC1+toolkit-7.7.0.1.225,cal_v1_layout_tt,1792,2304,3584,fp16,1,1,4,searched,calibration_local_counterfactual,BASE,0.4472817330710537,"{""runtime_risk_score"":0.4472817330710537}",20:256:128:3584:256:128:64:8:16:1:1:0:4:8:2:2:1:1:1:7:18:1:0,,1,1,numeric_signed_axes_full_v3,,0.128025598526,,0.128279032725,,0.128943055469,,0.998024352122,0.992884789804,-0.000253434198795,-0.1975647878,-0.000917456942976,-0.7115210196,within_noise,within_noise,1,,,,
net_log25:cal_v1_layout_tt:rank5,net_log25,Ascend910B3,20,8.1.RC1+toolkit-7.7.0.1.225,cal_v1_layout_tt,1792,2304,3584,fp16,1,1,5,searched,calibration_local_counterfactual,BASE,0.47814599109790773,"{""runtime_risk_score"":0.47814599109790773}",20:256:128:3584:256:128:64:8:16:1:1:1:4:8:2:2:1:1:1:7:18:0:0,,1,1,numeric_signed_axes_full_v3,,0.127874803543,,0.128392358746,,0.129293844835,,0.995968956349,0.989024680225,-0.000517555202558,-0.4031043651,-0.001419041292,-1.0975319775,within_noise,regressed,1,,,,
net_log25:cal_v1_layout_tt:rank6,net_log25,Ascend910B3,20,8.1.RC1+toolkit-7.7.0.1.225,cal_v1_layout_tt,1792,2304,3584,fp16,1,1,6,searched,calibration_coupled_counterfactual,BASE,0.33292194517892754,"{""runtime_risk_score"":0.33292194517892754}",18:896:256:3584:64:256:64:32:8:1:1:0:16:4:2:2:2:1:2:2:8:0:0,,0,0,npu_structured_numeric_rejected,"official structured numeric preflight failed at C index=147456, actual=203.250000, expected=-3584.000000",,,,,,,,,,,,,runtime_rejected,runtime_rejected,0,,,,
net_log25:cal_v1_layout_tt:rank7,net_log25,Ascend910B3,20,8.1.RC1+toolkit-7.7.0.1.225,cal_v1_layout_tt,1792,2304,3584,fp16,1,1,7,searched,calibration_coupled_counterfactual,BASE,0.407412494122834,"{""runtime_risk_score"":0.407412494122834}",16:448:576:3584:256:64:64:8:32:1:1:0:4:16:2:2:2:1:2:4:2:0:0,,0,0,npu_structured_numeric_rejected,"official structured numeric preflight failed at C index=64, actual=203.250000, expected=3584.000000",,,,,,,,,,,,,runtime_rejected,runtime_rejected,0,,,,
net_log25:cal_v1_layout_tt:rank8,net_log25,Ascend910B3,20,8.1.RC1+toolkit-7.7.0.1.225,cal_v1_layout_tt,1792,2304,3584,fp16,1,1,8,searched,calibration_coupled_counterfactual,BASE,0.4521375945109361,"{""runtime_risk_score"":0.4521375945109361}",18:1792:128:3584:256:128:64:8:16:1:1:0:4:8:2:2:1:1:2:1:10:0:0,,0,0,npu_structured_numeric_rejected,"official structured numeric preflight failed at C index=589824, actual=203.250000, expected=-3584.000000",,,,,,,,,,,,,runtime_rejected,runtime_rejected,0,,,,
net_log25:cal_v1_layout_tt:rank9,net_log25,Ascend910B3,20,8.1.RC1+toolkit-7.7.0.1.225,cal_v1_layout_tt,1792,2304,3584,fp16,1,1,9,searched,calibration_coupled_counterfactual,BASE,0.4149665024155717,"{""runtime_risk_score"":0.4149665024155717}",18:896:256:3584:64:256:64:32:8:1:1:0:16:4:2:2:2:1:3:2:3:0:0,,0,0,npu_structured_numeric_rejected,"official structured numeric preflight failed at C index=147456, actual=203.250000, expected=-3584.000000",,,,,,,,,,,,,runtime_rejected,runtime_rejected,0,,,,
net_log25:cal_v1_layout_tt:rank10,net_log25,Ascend910B3,20,8.1.RC1+toolkit-7.7.0.1.225,cal_v1_layout_tt,1792,2304,3584,fp16,1,1,10,searched,calibration_coupled_counterfactual,BASE,0.41440556019520447,"{""runtime_risk_score"":0.41440556019520447}",18:896:256:3584:256:64:64:8:32:1:1:0:4:16:2:2:2:1:2:2:6:0:0,,0,0,npu_structured_numeric_rejected,"official structured numeric preflight failed at C index=64, actual=203.250000, expected=3584.000000",,,,,,,,,,,,,runtime_rejected,runtime_rejected,0,,,,
net_log25:cal_v1_layout_tt:rank11,net_log25,Ascend910B3,20,8.1.RC1+toolkit-7.7.0.1.225,cal_v1_layout_tt,1792,2304,3584,fp16,1,1,11,searched,calibration_coupled_counterfactual,BASE,0.419894282711019,"{""runtime_risk_score"":0.419894282711019}",18:896:256:3584:64:256:64:32:8:1:1:0:16:4:2:2:2:1:2:2:6:0:0,,0,0,npu_structured_numeric_rejected,"official structured numeric preflight failed at C index=147456, actual=203.250000, expected=-3584.000000",,,,,,,,,,,,,runtime_rejected,runtime_rejected,0,,,,
net_log25:cal_v1_layout_tt:rank12,net_log25,Ascend910B3,20,8.1.RC1+toolkit-7.7.0.1.225,cal_v1_layout_tt,1792,2304,3584,fp16,1,1,12,searched,calibration_template_probe,DETERMINISTIC_SPLIT_K,0.18195417961410623,"{""runtime_risk_score"":0.18195417961410623}",1:384:2304:384:128:128:128:9:6:3:1:1:3:3:2:2:2:1:1:5:1:0:3,,0,0,npu_structured_numeric_rejected,"official structured numeric preflight failed at C index=0, actual=-65536.000000, expected=3584.000000",,,,,,,,,,,,,runtime_rejected,runtime_rejected,0,,,,
net_log25:cal_v1_layout_tt:rank13,net_log25,Ascend910B3,20,8.1.RC1+toolkit-7.7.0.1.225,cal_v1_layout_tt,1792,2304,3584,fp16,1,1,13,searched,calibration_template_probe,DETERMINISTIC_SPLIT_K,0.12042738966580188,"{""runtime_risk_score"":0.12042738966580188}",8:1792:384:384:128:128:128:6:9:1:3:0:3:3:2:2:2:1:1:1:6:1:3,,1,1,numeric_signed_axes_full_v3,,0.504818382263,,2.01084899529,,2.01304107024,,0.251047385182,0.250774010389,-1.50603061303,-74.8952614818,-1.50822268798,-74.9225989611,regressed,regressed,1,,,,
net_log25:cal_v1_layout_tt:rank14,net_log25,Ascend910B3,20,8.1.RC1+toolkit-7.7.0.1.225,cal_v1_layout_tt,1792,2304,3584,fp16,1,1,14,searched,calibration_template_probe,DETERMINISTIC_SPLIT_K,0.18175847738603276,"{""runtime_risk_score"":0.18175847738603276}",2:1792:384:384:128:128:128:6:9:1:3:0:3:3:2:2:2:1:1:1:6:1:3,,1,1,numeric_signed_axes_full_v3,,1.18275878906,,11.038282506,,11.0503156038,,0.107150617718,0.107033937443,-9.85552371691,-89.2849382282,-9.86755681472,-89.2966062557,regressed,regressed,1,,,,
net_log25:cal_v1_layout_tt:rank15,net_log25,Ascend910B3,20,8.1.RC1+toolkit-7.7.0.1.225,cal_v1_layout_tt,1792,2304,3584,fp16,1,1,15,searched,calibration_template_probe,SINGLE_CORE_SPLIT_K,0.499508991954367,"{""runtime_risk_score"":0.499508991954367}",5:384:2304:384:128:128:128:9:6:3:1:1:3:3:2:2:2:2:1:4:1:0:2,,1,1,numeric_signed_axes_full_v3,,0.503797607422,,2.00272508828,,2.00490830718,,0.251556047492,0.251282118797,-1.49892748086,-74.8443952508,-1.50111069976,-74.8717881203,regressed,regressed,1,,,,
net_log25:cal_v1_layout_tt:rank16,net_log25,Ascend910B3,20,8.1.RC1+toolkit-7.7.0.1.225,cal_v1_layout_tt,1792,2304,3584,fp16,1,1,16,searched,calibration_template_probe,SINGLE_CORE_SPLIT_K,0.4905643214176124,"{""runtime_risk_score"":0.4905643214176124}",20:384:128:384:128:128:128:9:6:3:1:1:3:3:2:2:2:1:1:5:18:0:2,,1,1,numeric_signed_axes_full_v3,,0.238250408173,,0.447895236543,,0.448383497937,,0.531933337831,0.531354095923,-0.20964482837,-46.8066662169,-0.210133089764,-46.8645904077,regressed,regressed,1,,,,
net_log25:cal_v1_bf16_aligned:rank1,net_log25,Ascend910B3,20,8.1.RC1+toolkit-7.7.0.1.225,cal_v1_bf16_aligned,3072,4096,6144,bf16,0,0,1,searched,calibration_local_counterfactual,BASE,0.7466578753198354,"{""runtime_risk_score"":0.7466578753198354}",20:128:256:6144:128:256:64:16:8:1:1:0:8:4:2:2:1:2:2:15:8:0:0,,1,1,numeric_signed_axes_full_v3,,0.58294719696,,0.583394724507,,0.58319981391,,0.999232890652,0.999566843226,-0.000447527546743,-0.0767109348,-0.000252616949991,-0.0433156774,within_noise,within_noise,1,,,,
net_log25:cal_v1_bf16_aligned:rank2,net_log25,Ascend910B3,20,8.1.RC1+toolkit-7.7.0.1.225,cal_v1_bf16_aligned,3072,4096,6144,bf16,0,0,2,searched,calibration_local_counterfactual,BASE,0.8107940401703281,"{""runtime_risk_score"":0.8107940401703281}",20:128:256:6144:128:256:64:16:8:1:1:0:8:4:2:2:1:2:1:12:16:1:0,,1,1,numeric_signed_axes_full_v3,,0.584322814941,,0.586151321214,,0.585955489645,,0.996880487672,0.997213654052,-0.0018285062726,-0.3119512328,-0.00163267470428,-0.2786345948,within_noise,within_noise,1,,,,
net_log25:cal_v1_bf16_aligned:rank3,net_log25,Ascend910B3,20,8.1.RC1+toolkit-7.7.0.1.225,cal_v1_bf16_aligned,3072,4096,6144,bf16,0,0,3,searched,calibration_local_counterfactual,BASE,0.7480884145352431,"{""runtime_risk_score"":0.7480884145352431}",20:128:256:6144:128:256:64:16:8:1:1:1:8:4:2:2:1:2:1:12:16:0:0,,1,1,numeric_signed_axes_full_v3,,0.583695983887,,0.584894410589,,0.584698998951,,0.99795103752,0.998284561687,-0.00119842670206,-0.204896248,-0.00100301506437,-0.1715438313,within_noise,within_noise,1,,,,
net_log25:cal_v1_bf16_aligned:rank4,net_log25,Ascend910B3,20,8.1.RC1+toolkit-7.7.0.1.225,cal_v1_bf16_aligned,3072,4096,6144,bf16,0,0,4,searched,calibration_local_counterfactual,BASE,0.7486171496094994,"{""runtime_risk_score"":0.7486171496094994}",20:128:256:6144:128:256:64:16:8:1:1:0:8:4:2:2:1:2:2:13:9:0:0,,1,1,numeric_signed_axes_full_v3,,0.583850402832,,0.585203923512,,0.585008408466,,0.997687095685,0.998020531641,-0.00135352067985,-0.2312904315,-0.00115800563431,-0.1979468359,within_noise,within_noise,1,,,,
net_log25:cal_v1_bf16_aligned:rank5,net_log25,Ascend910B3,20,8.1.RC1+toolkit-7.7.0.1.225,cal_v1_bf16_aligned,3072,4096,6144,bf16,0,0,5,searched,calibration_local_counterfactual,BASE,0.7481528860498806,"{""runtime_risk_score"":0.7481528860498806}",20:128:256:6144:128:256:64:16:8:1:1:0:8:4:2:2:1:2:1:14:16:0:0,,1,1,numeric_signed_axes_full_v3,,0.583904800415,,0.586396171934,,0.587575176185,,0.99575138509,0.993753351198,-0.00249137151925,-0.424861491,-0.0036703757704,-0.6246648802,within_noise,within_noise,1,,,,
net_log25:cal_v1_bf16_aligned:rank6,net_log25,Ascend910B3,20,8.1.RC1+toolkit-7.7.0.1.225,cal_v1_bf16_aligned,3072,4096,6144,bf16,0,0,6,searched,calibration_coupled_counterfactual,BASE,0.8252075774700626,"{""runtime_risk_score"":0.8252075774700626}",16:768:1024:6144:256:64:64:8:32:1:1:0:4:16:2:2:2:2:2:3:3:0:0,,0,0,npu_structured_numeric_rejected,"official structured numeric preflight failed at C index=64, actual=15340386230730752.000000, expected=6144.000000",,,,,,,,,,,,,runtime_rejected,runtime_rejected,0,,,,
net_log25:cal_v1_bf16_aligned:rank7,net_log25,Ascend910B3,20,8.1.RC1+toolkit-7.7.0.1.225,cal_v1_bf16_aligned,3072,4096,6144,bf16,0,0,7,searched,calibration_coupled_counterfactual,BASE,0.8212838560369072,"{""runtime_risk_score"":0.8212838560369072}",16:3072:256:6144:128:256:64:16:8:1:1:0:8:4:2:2:1:1:2:1:8:0:0,,0,0,npu_structured_numeric_rejected,"official structured numeric preflight failed at C index=524288, actual=15340386230730752.000000, expected=6144.000000",,,,,,,,,,,,,runtime_rejected,runtime_rejected,0,,,,
net_log25:cal_v1_bf16_aligned:rank8,net_log25,Ascend910B3,20,8.1.RC1+toolkit-7.7.0.1.225,cal_v1_bf16_aligned,3072,4096,6144,bf16,0,0,8,searched,calibration_coupled_counterfactual,BASE,0.8164840968900466,"{""runtime_risk_score"":0.8164840968900466}",16:3072:256:6144:128:256:64:16:8:1:1:0:8:4:2:2:1:1:2:1:14:0:0,,0,0,npu_structured_numeric_rejected,"official structured numeric preflight failed at C index=524288, actual=15340386230730752.000000, expected=6144.000000",,,,,,,,,,,,,runtime_rejected,runtime_rejected,0,,,,
net_log25:cal_v1_bf16_aligned:rank9,net_log25,Ascend910B3,20,8.1.RC1+toolkit-7.7.0.1.225,cal_v1_bf16_aligned,3072,4096,6144,bf16,0,0,9,searched,calibration_coupled_counterfactual,BASE,0.8218115671222259,"{""runtime_risk_score"":0.8218115671222259}",16:384:2048:6144:256:64:64:8:32:1:1:0:4:16:2:2:2:1:2:8:1:0:0,,0,0,npu_structured_numeric_rejected,"official structured numeric preflight failed at C index=64, actual=15340386230730752.000000, expected=6144.000000",,,,,,,,,,,,,runtime_rejected,runtime_rejected,0,,,,
net_log25:cal_v1_bf16_aligned:rank10,net_log25,Ascend910B3,20,8.1.RC1+toolkit-7.7.0.1.225,cal_v1_bf16_aligned,3072,4096,6144,bf16,0,0,10,searched,calibration_coupled_counterfactual,BASE,0.8325306655850346,"{""runtime_risk_score"":0.8325306655850346}",16:768:1024:6144:256:128:64:8:16:1:1:0:4:8:2:2:1:2:1:2:4:0:0,,0,0,npu_structured_numeric_rejected,"official structured numeric preflight failed at C index=128, actual=15340386230730752.000000, expected=6144.000000",,,,,,,,,,,,,runtime_rejected,runtime_rejected,0,,,,
net_log25:cal_v1_bf16_aligned:rank11,net_log25,Ascend910B3,20,8.1.RC1+toolkit-7.7.0.1.225,cal_v1_bf16_aligned,3072,4096,6144,bf16,0,0,11,searched,calibration_coupled_counterfactual,BASE,0.8280059653209899,"{""runtime_risk_score"":0.8280059653209899}",16:3072:256:6144:128:256:64:16:8:1:1:0:8:4:2:2:1:1:2:1:10:0:0,,0,0,npu_structured_numeric_rejected,"official structured numeric preflight failed at C index=524288, actual=15340386230730752.000000, expected=6144.000000",,,,,,,,,,,,,runtime_rejected,runtime_rejected,0,,,,
net_log25:cal_v1_bf16_aligned:rank12,net_log25,Ascend910B3,20,8.1.RC1+toolkit-7.7.0.1.225,cal_v1_bf16_aligned,3072,4096,6144,bf16,0,0,12,searched,calibration_template_probe,DETERMINISTIC_SPLIT_K,0.36674788373784806,"{""runtime_risk_score"":0.36674788373784806}",1:384:4096:384:128:128:128:9:6:3:1:1:3:3:2:2:2:1:1:8:1:0:3,,0,0,npu_structured_numeric_rejected,"official structured numeric preflight failed at C index=128, actual=-154742504910672534362390528.000000, expected=6144.000000",,,,,,,,,,,,,runtime_rejected,runtime_rejected,0,,,,
net_log25:cal_v1_bf16_aligned:rank13,net_log25,Ascend910B3,20,8.1.RC1+toolkit-7.7.0.1.225,cal_v1_bf16_aligned,3072,4096,6144,bf16,0,0,13,searched,calibration_template_probe,DETERMINISTIC_SPLIT_K,0.24496813725300728,"{""runtime_risk_score"":0.24496813725300728}",2:3072:384:384:128:128:128:6:9:1:3:0:3:3:2:2:2:1:1:1:11:1:3,,1,1,numeric_signed_axes_full_v3,,5.62779907227,,54.6042177392,,54.6007046092,,0.103065281498,0.103071912946,-48.9764186669,-89.6934718502,-48.9729055369,-89.6928087054,regressed,regressed,1,,,,
net_log25:cal_v1_bf16_aligned:rank14,net_log25,Ascend910B3,20,8.1.RC1+toolkit-7.7.0.1.225,cal_v1_bf16_aligned,3072,4096,6144,bf16,0,0,14,searched,calibration_template_probe,DETERMINISTIC_SPLIT_K,0.2715268245707075,"{""runtime_risk_score"":0.2715268245707075}",1:3072:384:384:128:128:128:6:9:1:3:0:3:3:2:2:2:1:1:1:11:1:3,,0,0,npu_structured_numeric_rejected,"official structured numeric preflight failed at C index=256, actual=6176.000000, expected=-6144.000000",,,,,,,,,,,,,runtime_rejected,runtime_rejected,0,,,,
net_log25:cal_v1_bf16_aligned:rank15,net_log25,Ascend910B3,20,8.1.RC1+toolkit-7.7.0.1.225,cal_v1_bf16_aligned,3072,4096,6144,bf16,0,0,15,searched,calibration_template_probe,SINGLE_CORE_SPLIT_K,0.246247453883559,"{""runtime_risk_score"":0.246247453883559}",8:384:4096:384:128:128:128:9:6:3:1:1:3:3:2:2:2:2:1:6:1:0:2,,1,1,numeric_signed_axes_full_v3,,1.40454193115,,3.40109247896,,3.40087365924,,0.412967874246,0.412994445511,-1.99655054781,-58.7032125754,-1.99633172809,-58.7005554489,regressed,regressed,1,,,,
net_log25:cal_v1_bf16_aligned:rank16,net_log25,Ascend910B3,20,8.1.RC1+toolkit-7.7.0.1.225,cal_v1_bf16_aligned,3072,4096,6144,bf16,0,0,16,searched,calibration_template_probe,SINGLE_CORE_SPLIT_K,0.2131911837836414,"{""runtime_risk_score"":0.2131911837836414}",20:384:128:384:128:128:128:9:6:3:1:1:3:3:2:2:2:1:2:8:17:0:2,,1,1,numeric_signed_axes_full_v3,,1.08074882507,,2.01371760453,,2.01358804583,,0.536693339046,0.53672787108,-0.932968779458,-46.3306660954,-0.932839220759,-46.327212892,regressed,regressed,1,,,,
net_log25:cal_v1_bf16_odd:rank1,net_log25,Ascend910B3,20,8.1.RC1+toolkit-7.7.0.1.225,cal_v1_bf16_odd,1279,1793,3587,bf16,0,0,1,searched,calibration_local_counterfactual,BASE,0.2893088308611161,"{""runtime_risk_score"":0.2893088308611161}",20:128:256:3587:128:256:64:16:8:1:1:0:8:4:2:2:1:1:2:10:7:0:0,,1,1,numeric_signed_axes_full_v3,,0.123219995499,,0.125601135239,,0.125578274646,,0.9810420524,0.981220643828,-0.00238113974037,-1.89579476,-0.00235827914704,-1.8779356172,regressed,regressed,1,,,,
net_log25:cal_v1_bf16_odd:rank2,net_log25,Ascend910B3,20,8.1.RC1+toolkit-7.7.0.1.225,cal_v1_bf16_odd,1279,1793,3587,bf16,0,0,2,searched,calibration_local_counterfactual,BASE,0.27645676083979565,"{""runtime_risk_score"":0.27645676083979565}",20:128:256:3587:128:256:64:16:8:1:1:0:8:4:2:2:1:2:2:6:5:0:0,,1,1,numeric_signed_axes_full_v3,,0.122427997589,,0.123991718762,,0.123969151097,,0.987388503133,0.987568249886,-0.0015637211727,-1.2611496867,-0.00154115350829,-1.2431750114,regressed,regressed,1,,,,
net_log25:cal_v1_bf16_odd:rank3,net_log25,Ascend910B3,20,8.1.RC1+toolkit-7.7.0.1.225,cal_v1_bf16_odd,1279,1793,3587,bf16,0,0,3,searched,calibration_local_counterfactual,BASE,0.20250119845109524,"{""runtime_risk_score"":0.20250119845109524}",20:128:256:3587:128:256:64:16:8:1:1:0:8:4:2:2:1:5:1:2:8:0:0,,1,1,numeric_signed_axes_full_v3,,0.121336803436,,0.121791305708,,0.12176913854,,0.996268187869,0.996449551102,-0.000454502272092,-0.3731812131,-0.000432335103739,-0.3550448898,within_noise,within_noise,1,,,,
net_log25:cal_v1_bf16_odd:rank4,net_log25,Ascend910B3,20,8.1.RC1+toolkit-7.7.0.1.225,cal_v1_bf16_odd,1279,1793,3587,bf16,0,0,4,searched,calibration_local_counterfactual,BASE,0.32240638273107625,"{""runtime_risk_score"":0.32240638273107625}",20:128:256:3587:128:256:64:16:8:1:1:0:8:4:2:2:1:1:1:10:8:1:0,,1,1,numeric_signed_axes_full_v3,,0.12070520401,,0.120526675183,,0.120504738189,,1.00148123913,1.00166355136,0.000178528827489,0.148123913,0.000200465821101,0.166355136,within_noise,within_noise,1,,,,
net_log25:cal_v1_bf16_odd:rank5,net_log25,Ascend910B3,20,8.1.RC1+toolkit-7.7.0.1.225,cal_v1_bf16_odd,1279,1793,3587,bf16,0,0,5,searched,calibration_local_counterfactual,BASE,0.3111279679673902,"{""runtime_risk_score"":0.3111279679673902}",20:128:256:3587:128:256:64:16:8:1:1:1:8:4:2:2:1:1:1:10:8:0:0,,1,1,numeric_signed_axes_full_v3,,0.120959596634,,0.120645341869,,0.121013213708,,1.00260478159,0.999556932071,0.000314254765419,0.260478159,-5.36170739792e-05,-0.0443067929,within_noise,within_noise,1,,,,
net_log25:cal_v1_bf16_odd:rank6,net_log25,Ascend910B3,20,8.1.RC1+toolkit-7.7.0.1.225,cal_v1_bf16_odd,1279,1793,3587,bf16,0,0,6,searched,calibration_coupled_counterfactual,BASE,0.35032833945595254,"{""runtime_risk_score"":0.35032833945595254}",20:128:912:3587:128:128:64:16:16:1:1:0:8:8:2:2:2:2:1:9:2:0:0,,0,0,npu_structured_numeric_rejected,"official structured numeric preflight failed at C index=128, actual=15340386230730752.000000, expected=3584.000000",,,,,,,,,,,,,runtime_rejected,runtime_rejected,0,,,,
net_log25:cal_v1_bf16_odd:rank7,net_log25,Ascend910B3,20,8.1.RC1+toolkit-7.7.0.1.225,cal_v1_bf16_odd,1279,1793,3587,bf16,0,0,7,searched,calibration_coupled_counterfactual,BASE,0.33941749169416535,"{""runtime_risk_score"":0.33941749169416535}",16:160:912:3587:128:128:64:16:16:1:1:0:8:8:2:2:2:4:1:2:2:0:0,,0,0,npu_structured_numeric_rejected,"official structured numeric preflight failed at C index=128, actual=15340386230730752.000000, expected=3584.000000",,,,,,,,,,,,,runtime_rejected,runtime_rejected,0,,,,
net_log25:cal_v1_bf16_odd:rank8,net_log25,Ascend910B3,20,8.1.RC1+toolkit-7.7.0.1.225,cal_v1_bf16_odd,1279,1793,3587,bf16,0,0,8,searched,calibration_coupled_counterfactual,BASE,0.41302777270280594,"{""runtime_risk_score"":0.41302777270280594}",10:128:1808:3587:64:256:64:32:8:1:1:0:16:4:2:2:2:1:1:10:1:0:0,,0,0,npu_structured_numeric_rejected,"official structured numeric preflight failed at C index=256, actual=15340386230730752.000000, expected=-3584.000000",,,,,,,,,,,,,runtime_rejected,runtime_rejected,0,,,,
net_log25:cal_v1_bf16_odd:rank9,net_log25,Ascend910B3,20,8.1.RC1+toolkit-7.7.0.1.225,cal_v1_bf16_odd,1279,1793,3587,bf16,0,0,9,searched,calibration_coupled_counterfactual,BASE,0.32856748242086675,"{""runtime_risk_score"":0.32856748242086675}",16:160:912:3587:128:256:64:16:8:1:1:0:8:4:2:2:1:2:1:5:2:0:0,,0,0,npu_structured_numeric_rejected,"official structured numeric preflight failed at C index=256, actual=15340386230730752.000000, expected=-3584.000000",,,,,,,,,,,,,runtime_rejected,runtime_rejected,0,,,,
net_log25:cal_v1_bf16_odd:rank10,net_log25,Ascend910B3,20,8.1.RC1+toolkit-7.7.0.1.225,cal_v1_bf16_odd,1279,1793,3587,bf16,0,0,10,searched,calibration_coupled_counterfactual,BASE,0.2892774123417624,"{""runtime_risk_score"":0.2892774123417624}",20:128:256:3587:128:256:64:16:8:1:1:0:8:4:2:2:1:1:2:10:6:0:0,,1,1,numeric_signed_axes_full_v3,,0.120442800522,,0.119508898245,,0.118947075471,,1.00781449993,1.0125747106,0.00093390227697,0.781449993,0.00149572505077,1.25747106,within_noise,improved,1,,,,
net_log25:cal_v1_bf16_odd:rank11,net_log25,Ascend910B3,20,8.1.RC1+toolkit-7.7.0.1.225,cal_v1_bf16_odd,1279,1793,3587,bf16,0,0,11,searched,calibration_coupled_counterfactual,BASE,0.38555448435747747,"{""runtime_risk_score"":0.38555448435747747}",19:1280:96:3587:256:64:64:8:32:1:1:0:4:16:2:2:2:1:1:1:19:0:0,,0,0,npu_structured_numeric_rejected,"official structured numeric preflight failed at C index=64, actual=15340386230730752.000000, expected=3584.000000",,,,,,,,,,,,,runtime_rejected,runtime_rejected,0,,,,
net_log25:cal_v1_bf16_odd:rank12,net_log25,Ascend910B3,20,8.1.RC1+toolkit-7.7.0.1.225,cal_v1_bf16_odd,1279,1793,3587,bf16,0,0,12,searched,calibration_template_probe,DETERMINISTIC_SPLIT_K,0.14579832892919717,"{""runtime_risk_score"":0.14579832892919717}",8:1280:384:384:128:128:128:6:9:1:3:0:3:3:2:2:2:1:1:1:5:1:3,,1,1,numeric_signed_axes_full_v3,,0.370605201721,,1.13151827804,,1.12619890227,,0.327529134007,0.329076152511,-0.760913076323,-67.2470865993,-0.755593700549,-67.0923847489,regressed,regressed,1,,,,
net_log25:cal_v1_bf16_odd:rank13,net_log25,Ascend910B3,20,8.1.RC1+toolkit-7.7.0.1.225,cal_v1_bf16_odd,1279,1793,3587,bf16,0,0,13,searched,calibration_template_probe,DETERMINISTIC_SPLIT_K,0.1819598719975997,"{""runtime_risk_score"":0.1819598719975997}",2:384:1808:384:128:128:128:9:6:3:1:1:3:3:2:2:2:1:1:4:1:0:3,,0,0,npu_structured_numeric_rejected,"official structured numeric preflight failed at C index=1728, actual=1536.000000, expected=3584.000000",,,,,,,,,,,,,runtime_rejected,runtime_rejected,0,,,,
net_log25:cal_v1_bf16_odd:rank14,net_log25,Ascend910B3,20,8.1.RC1+toolkit-7.7.0.1.225,cal_v1_bf16_odd,1279,1793,3587,bf16,0,0,14,searched,calibration_template_probe,DETERMINISTIC_SPLIT_K,0.1565361216070931,"{""runtime_risk_score"":0.1565361216070931}",1:1280:384:384:128:128:128:6:9:1:3:0:3:3:2:2:2:1:1:1:5:1:3,,0,0,npu_structured_numeric_rejected,"official structured numeric preflight failed at C index=256, actual=1.015625, expected=-3584.000000",,,,,,,,,,,,,runtime_rejected,runtime_rejected,0,,,,
net_log25:cal_v1_bf16_odd:rank15,net_log25,Ascend910B3,20,8.1.RC1+toolkit-7.7.0.1.225,cal_v1_bf16_odd,1279,1793,3587,bf16,0,0,15,searched,calibration_template_probe,SINGLE_CORE_SPLIT_K,,{},4:384:2048:384:128:128:128:9:6:3:1:1:3:3:2:2:2:2:1:3:1:0:2,,1,1,numeric_signed_axes_full_v3,paired baseline drift; latency excluded,0.621725616455,,,,,,,,,,,,,,0,,,,
net_log25:cal_v1_bf16_odd:rank16,net_log25,Ascend910B3,20,8.1.RC1+toolkit-7.7.0.1.225,cal_v1_bf16_odd,1279,1793,3587,bf16,0,0,16,searched,calibration_template_probe,SINGLE_CORE_SPLIT_K,,{},20:384:128:384:128:128:128:9:6:3:1:1:3:3:2:2:2:1:3:4:5:0:2,,1,1,numeric_signed_axes_full_v3,paired baseline drift; latency excluded,0.181214408875,,,,,,,,,,,,,,0,,,,
net_log25:cal_v1_fp32_nn:rank1,net_log25,Ascend910B3,20,8.1.RC1+toolkit-7.7.0.1.225,cal_v1_fp32_nn,1024,1536,2048,fp32,0,0,1,searched,calibration_local_counterfactual,BASE,0.22951576329964626,"{""runtime_risk_score"":0.22951576329964626}",20:128:256:2048:128:256:32:16:8:1:1:0:8:4:2:2:1:1:2:8:5:0:0,,1,1,numeric_signed_axes_full_v3,,0.103279600143,,0.103303870498,,0.1032325514,,0.999765058608,1.00045575492,-2.42703551338e-05,-0.0234941392,4.70487432046e-05,0.045575492,within_noise,within_noise,1,,,,
net_log25:cal_v1_fp32_nn:rank2,net_log25,Ascend910B3,20,8.1.RC1+toolkit-7.7.0.1.225,cal_v1_fp32_nn,1024,1536,2048,fp32,0,0,2,searched,calibration_local_counterfactual,BASE,0.20123920808947063,"{""runtime_risk_score"":0.20123920808947063}",20:128:256:2048:128:256:32:16:8:1:1:0:8:4:2:2:1:2:2:5:3:0:0,,1,1,numeric_signed_axes_full_v3,,0.102442398071,,0.101635860972,,0.101565693437,,1.00793555632,1.00863189729,0.000806537098876,0.793555632,0.000876704633936,0.863189729,within_noise,within_noise,1,,,,
net_log25:cal_v1_fp32_nn:rank3,net_log25,Ascend910B3,20,8.1.RC1+toolkit-7.7.0.1.225,cal_v1_fp32_nn,1024,1536,2048,fp32,0,0,3,searched,calibration_local_counterfactual,BASE,0.216053928671058,"{""runtime_risk_score"":0.216053928671058}",20:128:256:2048:128:256:32:16:8:1:1:0:8:4:2:2:1:2:2:6:3:0:0,,1,1,numeric_signed_axes_full_v3,,0.103245601654,,0.103235868735,,0.103164596585,,1.00009427846,1.00078520221,9.73291872113e-06,0.009427846,8.10050692321e-05,0.078520221,within_noise,within_noise,1,,,,
net_log25:cal_v1_fp32_nn:rank4,net_log25,Ascend910B3,20,8.1.RC1+toolkit-7.7.0.1.225,cal_v1_fp32_nn,1024,1536,2048,fp32,0,0,4,searched,calibration_local_counterfactual,BASE,0.18960414685323887,"{""runtime_risk_score"":0.18960414685323887}",20:128:256:2048:128:256:32:16:8:1:1:0:8:4:2:2:1:2:2:4:3:0:0,,1,1,numeric_signed_axes_full_v3,,0.103324403763,,0.103393518236,,0.103322137246,,0.999331539593,1.00002193641,-6.91144732814e-05,-0.0668460407,2.26651676472e-06,0.002193641,within_noise,within_noise,1,,,,
net_log25:cal_v1_fp32_nn:rank5,net_log25,Ascend910B3,20,8.1.RC1+toolkit-7.7.0.1.225,cal_v1_fp32_nn,1024,1536,2048,fp32,0,0,5,searched,calibration_local_counterfactual,BASE,0.22039321480496904,"{""runtime_risk_score"":0.22039321480496904}",20:128:256:2048:128:256:32:16:8:1:1:0:8:4:2:2:1:1:1:8:6:1:0,,1,1,numeric_signed_axes_full_v3,,0.103283996582,,0.10318009825,,0.10324134046,,1.00100696097,1.00041316901,0.000103898331819,0.100696097,4.26561224287e-05,0.041316901,within_noise,within_noise,1,,,,
net_log25:cal_v1_fp32_nn:rank6,net_log25,Ascend910B3,20,8.1.RC1+toolkit-7.7.0.1.225,cal_v1_fp32_nn,1024,1536,2048,fp32,0,0,6,searched,calibration_coupled_counterfactual,BASE,0.23009709880449183,"{""runtime_risk_score"":0.23009709880449183}",16:256:384:2048:128:128:32:16:16:1:1:0:8:8:2:2:2:2:2:2:2:0:0,,1,1,numeric_signed_axes_full_v3,,0.103302402496,,0.103216876324,,0.103278140362,,1.00082860647,1.00023492032,8.55261715356e-05,0.082860647,2.42621337829e-05,0.023492032,within_noise,within_noise,1,,,,
net_log25:cal_v1_fp32_nn:rank7,net_log25,Ascend910B3,20,8.1.RC1+toolkit-7.7.0.1.225,cal_v1_fp32_nn,1024,1536,2048,fp32,0,0,7,searched,calibration_coupled_counterfactual,BASE,0.30086928885861797,"{""runtime_risk_score"":0.30086928885861797}",12:1024:128:2048:128:128:32:16:16:1:1:0:8:8:2:2:2:1:1:1:12:0:0,,1,1,numeric_signed_axes_full_v3,,0.103067598343,,0.10274819008,,0.102809175931,,1.00310865099,1.00251361233,0.000319408262813,0.310865099,0.000258422412257,0.251361233,within_noise,within_noise,1,,,,
net_log25:cal_v1_fp32_nn:rank8,net_log25,Ascend910B3,20,8.1.RC1+toolkit-7.7.0.1.225,cal_v1_fp32_nn,1024,1536,2048,fp32,0,0,8,searched,calibration_coupled_counterfactual,BASE,0.2119964207332495,"{""runtime_risk_score"":0.2119964207332495}",16:256:384:2048:128:256:32:16:8:1:1:0:8:4:2:2:1:1:2:4:3:0:0,,1,1,numeric_signed_axes_full_v3,,0.103339595795,,0.103291214717,,0.103352522878,,1.0004683949,0.999874922425,4.83810781882e-05,0.04683949,-1.29270829317e-05,-0.0125077575,within_noise,within_noise,1,,,,
net_log25:cal_v1_fp32_nn:rank9,net_log25,Ascend910B3,20,8.1.RC1+toolkit-7.7.0.1.225,cal_v1_fp32_nn,1024,1536,2048,fp32,0,0,9,searched,calibration_coupled_counterfactual,BASE,0.20629449483269277,"{""runtime_risk_score"":0.20629449483269277}",12:512:256:2048:128:256:32:16:8:1:1:0:8:4:2:2:1:2:1:1:6:0:0,,1,1,numeric_signed_axes_full_v3,,0.103425998688,,0.103510065008,,0.103861824019,,0.999187844004,0.995803796681,-8.40663199426e-05,-0.0812155996,-0.000435825330665,-0.4196203319,within_noise,within_noise,1,,,,
net_log25:cal_v1_fp32_nn:rank10,net_log25,Ascend910B3,20,8.1.RC1+toolkit-7.7.0.1.225,cal_v1_fp32_nn,1024,1536,2048,fp32,0,0,10,searched,calibration_coupled_counterfactual,BASE,0.2345840578657406,"{""runtime_risk_score"":0.2345840578657406}",12:256:512:2048:256:128:32:8:16:1:1:0:4:8:2:2:1:1:1:4:3:0:0,,1,1,numeric_signed_axes_full_v3,,0.102698402405,,0.102058812398,,0.102405639607,,1.00626687683,1.00285885425,0.000639590006716,0.626687683,0.000292762798014,0.285885425,within_noise,within_noise,1,,,,
net_log25:cal_v1_fp32_nn:rank11,net_log25,Ascend910B3,20,8.1.RC1+toolkit-7.7.0.1.225,cal_v1_fp32_nn,1024,1536,2048,fp32,0,0,11,searched,calibration_coupled_counterfactual,BASE,0.21364886267246264,"{""runtime_risk_score"":0.21364886267246264}",20:128:256:2048:128:256:32:16:8:1:1:0:8:4:2:2:1:1:2:8:4:0:0,,1,1,numeric_signed_axes_full_v3,,0.103307600021,,0.10327321085,,0.103624164958,,1.00033299217,0.996945066462,3.43891705839e-05,0.033299217,-0.000316564936877,-0.3054933538,within_noise,within_noise,1,,,,
net_log25:cal_v1_fp32_nn:rank12,net_log25,Ascend910B3,20,8.1.RC1+toolkit-7.7.0.1.225,cal_v1_fp32_nn,1024,1536,2048,fp32,0,0,12,searched,calibration_template_probe,DETERMINISTIC_SPLIT_K,0.1991201768723741,"{""runtime_risk_score"":0.1991201768723741}",1:1024:384:192:128:128:64:6:9:1:3:0:3:3:2:2:2:1:1:1:4:1:3,,1,1,numeric_signed_axes_full_v3,,0.103321199417,,0.103300402378,,0.103651448891,,1.00020132583,0.996813846047,2.0797039248e-05,0.020132583,-0.000330249473617,-0.3186153953,within_noise,within_noise,1,,,,
net_log25:cal_v1_fp32_nn:rank13,net_log25,Ascend910B3,20,8.1.RC1+toolkit-7.7.0.1.225,cal_v1_fp32_nn,1024,1536,2048,fp32,0,0,13,searched,calibration_template_probe,DETERMINISTIC_SPLIT_K,0.2003757456859144,"{""runtime_risk_score"":0.2003757456859144}",2:384:1536:192:128:128:64:9:6:3:1:1:3:3:2:2:2:1:1:3:1:0:3,,1,1,numeric_signed_axes_full_v3,,0.103286800385,,0.103231629613,,0.103582442414,,1.00053443671,0.997145828752,5.5170772498e-05,0.053443671,-0.000295642028935,-0.2854171248,within_noise,within_noise,1,,,,
net_log25:cal_v1_fp32_nn:rank14,net_log25,Ascend910B3,20,8.1.RC1+toolkit-7.7.0.1.225,cal_v1_fp32_nn,1024,1536,2048,fp32,0,0,14,searched,calibration_template_probe,DETERMINISTIC_SPLIT_K,0.20858160646238078,"{""runtime_risk_score"":0.20858160646238078}",1:384:1536:192:128:128:64:9:6:3:1:1:3:3:2:2:2:1:1:3:1:0:3,,1,1,numeric_signed_axes_full_v3,,0.102349596024,,0.101366721576,,0.101711196847,,1.00969622409,1.00627658701,0.000982874447673,0.969622409,0.000638399176902,0.627658701,within_noise,within_noise,1,,,,
net_log25:cal_v1_fp32_nn:rank15,net_log25,Ascend910B3,20,8.1.RC1+toolkit-7.7.0.1.225,cal_v1_fp32_nn,1024,1536,2048,fp32,0,0,15,searched,calibration_template_probe,SINGLE_CORE_SPLIT_K,0.2690363977423544,"{""runtime_risk_score"":0.2690363977423544}",3:384:1536:192:128:128:64:9:6:3:1:1:3:3:2:2:2:2:1:2:1:0:2,,1,1,numeric_signed_axes_full_v3,,0.102335195541,,0.101338199195,,0.101682577538,,1.00983830731,1.00641818902,0.000996996345923,0.983830731,0.000652618002682,0.641818902,within_noise,within_noise,1,,,,
net_log25:cal_v1_fp32_nn:rank16,net_log25,Ascend910B3,20,8.1.RC1+toolkit-7.7.0.1.225,cal_v1_fp32_nn,1024,1536,2048,fp32,0,0,16,searched,calibration_template_probe,SINGLE_CORE_SPLIT_K,0.22567883401705274,"{""runtime_risk_score"":0.22567883401705274}",20:384:128:192:128:128:64:9:6:3:1:1:3:3:2:2:2:1:2:3:6:0:2,,1,1,numeric_signed_axes_full_v3,,0.103339195251,,0.103336389936,,0.103687558745,,1.00002714741,0.996640257541,2.80531534551e-06,0.002714741,-0.000348363493584,-0.3359742459,within_noise,within_noise,1,,,,
net_log25:cal_v1_fp32_nt:rank1,net_log25,Ascend910B3,20,8.1.RC1+toolkit-7.7.0.1.225,cal_v1_fp32_nt,64,480,4096,fp32,0,1,1,searched,calibration_local_counterfactual,BASE,0.18421229926553576,"{""runtime_risk_score"":0.18421229926553576}",20:64:32:4096:64:32:128:8:16:1:1:0:4:8:2:2:1:1:3:1:7:0:0,,1,1,numeric_signed_axes_full_v3,,0.0252539992332,,0.0250752730527,,0.0259099383967,,1.00712758661,0.97468387792,0.000178726180453,0.712758661,-0.000655939163537,-2.531612208,within_noise,regressed,1,,,,
net_log25:cal_v1_fp32_nt:rank2,net_log25,Ascend910B3,20,8.1.RC1+toolkit-7.7.0.1.225,cal_v1_fp32_nt,64,480,4096,fp32,0,1,2,searched,calibration_local_counterfactual,BASE,0.20920544660154972,"{""runtime_risk_score"":0.20920544660154972}",20:64:32:4096:64:32:128:8:16:1:1:0:4:8:2:2:1:1:15:1:1:0:0,,1,1,numeric_signed_axes_full_v3,,0.0247952008247,,0.0241724463655,,0.0249770598673,,1.02576298856,0.992718957173,0.000622754459182,2.576298856,-0.000181859042586,-0.7281042827,improved,within_noise,1,,,,
net_log25:cal_v1_fp32_nt:rank3,net_log25,Ascend910B3,20,8.1.RC1+toolkit-7.7.0.1.225,cal_v1_fp32_nt,64,480,4096,fp32,0,1,3,searched,calibration_local_counterfactual,BASE,0.18921289290043403,"{""runtime_risk_score"":0.18921289290043403}",20:64:32:4096:64:32:128:8:16:1:1:0:4:8:2:2:1:1:2:1:9:0:0,,1,1,numeric_signed_axes_full_v3,,0.0254184007645,,0.0254028117956,,0.0262483797222,,1.000613671,0.968379802241,1.55889689174e-05,0.0613671,-0.000829978957668,-3.1620197759,within_noise,regressed,1,,,,
net_log25:cal_v1_fp32_nt:rank4,net_log25,Ascend910B3,20,8.1.RC1+toolkit-7.7.0.1.225,cal_v1_fp32_nt,64,480,4096,fp32,0,1,4,searched,calibration_local_counterfactual,BASE,0.17706999702078002,"{""runtime_risk_score"":0.17706999702078002}",20:64:32:4096:64:32:128:8:16:1:1:0:4:8:2:2:1:1:8:1:2:0:0,,1,1,numeric_signed_axes_full_v3,,0.0248203992844,,0.0242216024844,,0.0250278522162,,1.02472160132,0.991711117277,0.000598796799952,2.472160132,-0.000207452931829,-0.8288882723,improved,within_noise,1,,,,
net_log25:cal_v1_fp32_nt:rank5,net_log25,Ascend910B3,20,8.1.RC1+toolkit-7.7.0.1.225,cal_v1_fp32_nt,64,480,4096,fp32,0,1,5,searched,calibration_local_counterfactual,BASE,,{},20:64:32:4096:64:32:128:8:16:1:1:0:4:8:2:2:1:1:2:1:11:0:0,,1,1,numeric_signed_axes_full_v3,paired baseline drift; latency excluded,0.0245923995972,,,,,,,,,,,,,,0,,,,
net_log25:cal_v1_fp32_nt:rank6,net_log25,Ascend910B3,20,8.1.RC1+toolkit-7.7.0.1.225,cal_v1_fp32_nt,64,480,4096,fp32,0,1,6,searched,calibration_coupled_counterfactual,BASE,,{},6:256:80:4096:256:64:32:8:32:1:1:0:4:16:2:2:2:1:2:1:5:0:0,,1,1,numeric_signed_axes_full_v3,paired baseline drift; latency excluded,0.0254491996765,,,,,,,,,,,,,,0,,,,
net_log25:cal_v1_fp32_nt:rank7,net_log25,Ascend910B3,20,8.1.RC1+toolkit-7.7.0.1.225,cal_v1_fp32_nt,64,480,4096,fp32,0,1,7,searched,calibration_coupled_counterfactual,BASE,,{},1:256:480:4096:256:128:32:8:16:1:1:0:4:8:2:2:1:1:1:1:1:0:0,,1,1,numeric_signed_axes_full_v3,paired baseline drift; latency excluded,0.0245795989037,,,,,,,,,,,,,,0,,,,
net_log25:cal_v1_fp32_nt:rank8,net_log25,Ascend910B3,20,8.1.RC1+toolkit-7.7.0.1.225,cal_v1_fp32_nt,64,480,4096,fp32,0,1,8,searched,calibration_coupled_counterfactual,BASE,,{},2:64:256:4096:64:256:32:32:8:1:1:0:16:4:2:2:2:1:2:1:1:0:0,,1,1,numeric_signed_axes_full_v3,paired baseline drift; latency excluded,0.0254272007942,,,,,,,,,,,,,,0,,,,
net_log25:cal_v1_fp32_nt:rank9,net_log25,Ascend910B3,20,8.1.RC1+toolkit-7.7.0.1.225,cal_v1_fp32_nt,64,480,4096,fp32,0,1,9,searched,calibration_coupled_counterfactual,BASE,0.2870918058902972,"{""runtime_risk_score"":0.2870918058902972}",8:256:64:4096:256:64:32:8:32:1:1:0:4:16:2:2:2:1:8:1:1:0:0,,1,1,numeric_signed_axes_full_v3,,0.0254292011261,,0.0256414922672,,0.0260281859093,,0.991720796164,0.976987071426,-0.00021229114114,-0.8279203836,-0.000598984783242,-2.3012928574,within_noise,regressed,1,,,,
net_log25:cal_v1_fp32_nt:rank10,net_log25,Ascend910B3,20,8.1.RC1+toolkit-7.7.0.1.225,cal_v1_fp32_nt,64,480,4096,fp32,0,1,10,searched,calibration_coupled_counterfactual,BASE,0.2520959897783049,"{""runtime_risk_score"":0.2520959897783049}",2:128:256:4096:128:256:32:16:8:1:1:0:8:4:2:2:1:1:2:1:1:0:0,,1,1,numeric_signed_axes_full_v3,,0.0254340004921,,0.0256511720459,,0.0260380116666,,0.991533659616,0.976802715114,-0.000217171553789,-0.8466340384,-0.000604011174495,-2.3197284886,within_noise,regressed,1,,,,
net_log25:cal_v1_fp32_nt:rank11,net_log25,Ascend910B3,20,8.1.RC1+toolkit-7.7.0.1.225,cal_v1_fp32_nt,64,480,4096,fp32,0,1,11,searched,calibration_coupled_counterfactual,BASE,0.2395322769832449,"{""runtime_risk_score"":0.2395322769832449}",3:256:160:4096:256:128:32:8:16:1:1:0:4:8:2:2:1:1:2:1:2:0:0,,1,1,numeric_signed_axes_full_v3,,0.0249640011787,,0.0247119064761,,0.0250845812416,,1.01020134577,0.995193060562,0.000252094702599,1.020134577,-0.000120580062856,-0.4806939438,improved,within_noise,1,,,,
net_log25:cal_v1_fp32_nt:rank12,net_log25,Ascend910B3,20,8.1.RC1+toolkit-7.7.0.1.225,cal_v1_fp32_nt,64,480,4096,fp32,0,1,12,searched,calibration_template_probe,DETERMINISTIC_SPLIT_K,0.14851950623207785,"{""runtime_risk_score"":0.14851950623207785}",4:384:480:192:128:128:64:9:6:3:1:1:3:3:2:2:2:1:1:1:1:0:3,,1,1,numeric_signed_axes_full_v3,,0.0254308009148,,0.0256447186572,,0.0260314609558,,0.991658409465,0.976925611589,-0.000213917742424,-0.8341590535,-0.000600660041,-2.3074388411,within_noise,regressed,1,,,,
net_log25:cal_v1_fp32_nt:rank13,net_log25,Ascend910B3,20,8.1.RC1+toolkit-7.7.0.1.225,cal_v1_fp32_nt,64,480,4096,fp32,0,1,13,searched,calibration_template_probe,DETERMINISTIC_SPLIT_K,,{},1:128:384:192:128:128:64:6:9:1:3:0:3:3:2:2:2:1:1:1:2:1:3,,1,1,numeric_signed_axes_full_v3,paired baseline drift; latency excluded,0.0254247999191,,,,,,,,,,,,,,0,,,,
net_log25:cal_v1_fp32_nt:rank14,net_log25,Ascend910B3,20,8.1.RC1+toolkit-7.7.0.1.225,cal_v1_fp32_nt,64,480,4096,fp32,0,1,14,searched,calibration_template_probe,DETERMINISTIC_SPLIT_K,,{},1:384:480:192:128:128:64:9:6:3:1:1:3:3:2:2:2:1:1:1:1:0:3,,1,1,numeric_signed_axes_full_v3,paired baseline drift; latency excluded,0.0245584011078,,,,,,,,,,,,,,0,,,,
net_log25:cal_v1_fp32_nt:rank15,net_log25,Ascend910B3,20,8.1.RC1+toolkit-7.7.0.1.225,cal_v1_fp32_nt,64,480,4096,fp32,0,1,15,searched,calibration_template_probe,SINGLE_CORE_SPLIT_K,,{},4:384:128:192:128:128:64:9:6:3:1:1:3:3:2:2:2:1:2:1:3:0:2,,1,1,numeric_signed_axes_full_v3,paired baseline drift; latency excluded,0.0247927999496,,,,,,,,,,,,,,0,,,,
net_log25:cal_v1_fp32_nt:rank16,net_log25,Ascend910B3,20,8.1.RC1+toolkit-7.7.0.1.225,cal_v1_fp32_nt,64,480,4096,fp32,0,1,16,searched,calibration_template_probe,SINGLE_CORE_SPLIT_K,,{},1:128:512:192:128:128:64:6:9:1:3:0:3:3:2:2:2:1:1:1:1:0:2,,1,1,numeric_signed_axes_full_v3,paired baseline drift; latency excluded,0.0254380011559,,,,,,,,,,,,,,0,,,,
net_log25:cal_v1_fp32_tn:rank1,net_log25,Ascend910B3,20,8.1.RC1+toolkit-7.7.0.1.225,cal_v1_fp32_tn,768,1152,1536,fp32,1,0,1,searched,calibration_local_counterfactual,BASE,0.21479912829326556,"{""runtime_risk_score"":0.21479912829326556}",20:128:256:1536:128:256:32:16:8:1:1:0:8:4:2:2:1:2:2:5:3:0:0,,1,1,numeric_signed_axes_full_v3,,0.0519256019592,,0.0527631644975,,0.0518273911277,,0.984125998767,1.00189495997,-0.00083756253829,-1.5874001233,9.82108315365e-05,0.189495997,regressed,within_noise,1,,,,
net_log25:cal_v1_fp32_tn:rank2,net_log25,Ascend910B3,20,8.1.RC1+toolkit-7.7.0.1.225,cal_v1_fp32_tn,768,1152,1536,fp32,1,0,2,searched,calibration_local_counterfactual,BASE,0.24537136189320521,"{""runtime_risk_score"":0.24537136189320521}",20:128:256:1536:128:256:32:16:8:1:1:0:8:4:2:2:1:6:1:1:5:0:0,,1,1,numeric_signed_axes_full_v3,,0.0520707988739,,0.0530586549494,,0.052117640952,,0.98138181082,0.999101224129,-0.000987856075484,-1.861818918,-4.68420781411e-05,-0.0898775871,regressed,within_noise,1,,,,
net_log25:cal_v1_fp32_tn:rank3,net_log25,Ascend910B3,20,8.1.RC1+toolkit-7.7.0.1.225,cal_v1_fp32_tn,768,1152,1536,fp32,1,0,3,searched,calibration_local_counterfactual,BASE,0.226711277028079,"{""runtime_risk_score"":0.226711277028079}",20:128:256:1536:128:256:32:16:8:1:1:0:8:4:2:2:1:2:2:3:3:0:0,,1,1,numeric_signed_axes_full_v3,,0.0516752004623,,0.0522555105181,,0.0513287405712,,0.988894758657,1.00674982256,-0.000580310055805,-1.1105241343,0.000346459891084,0.674982256,regressed,within_noise,1,,,,
net_log25:cal_v1_fp32_tn:rank4,net_log25,Ascend910B3,20,8.1.RC1+toolkit-7.7.0.1.225,cal_v1_fp32_tn,768,1152,1536,fp32,1,0,4,searched,calibration_local_counterfactual,BASE,0.25595834866068484,"{""runtime_risk_score"":0.25595834866068484}",20:128:256:1536:128:256:32:16:8:1:1:0:8:4:2:2:1:1:1:6:5:1:0,,1,1,numeric_signed_axes_full_v3,,0.0520567989349,,0.0530301277099,,0.0520896196532,,0.981645739562,0.999369918257,-0.000973328775049,-1.8354260438,-3.28207183433e-05,-0.0630081743,regressed,within_noise,1,,,,
net_log25:cal_v1_fp32_tn:rank5,net_log25,Ascend910B3,20,8.1.RC1+toolkit-7.7.0.1.225,cal_v1_fp32_tn,768,1152,1536,fp32,1,0,5,searched,calibration_local_counterfactual,BASE,0.25789396895306627,"{""runtime_risk_score"":0.25789396895306627}",20:128:256:1536:128:256:32:16:8:1:1:1:8:4:2:2:1:1:1:6:5:0:0,,1,1,numeric_signed_axes_full_v3,,0.0519384002686,,0.0527891771963,,0.0525055954912,,0.983883497093,0.98919743282,-0.000850776927743,-1.6116502907,-0.00056719522262,-1.080256718,regressed,regressed,1,,,,
net_log25:cal_v1_fp32_tn:rank6,net_log25,Ascend910B3,20,8.1.RC1+toolkit-7.7.0.1.225,cal_v1_fp32_tn,768,1152,1536,fp32,1,0,6,searched,calibration_coupled_counterfactual,BASE,0.23902969288018577,"{""runtime_risk_score"":0.23902969288018577}",12:128:576:1536:128:256:32:16:8:1:1:0:8:4:2:2:1:2:1:5:2:0:0,,1,1,numeric_signed_axes_full_v3,,0.0517112016678,,0.0523283468759,,0.0520472407359,,0.988206292671,0.993543575733,-0.000617145208064,-1.1793707329,-0.000336039068118,-0.6456424267,regressed,within_noise,1,,,,
net_log25:cal_v1_fp32_tn:rank7,net_log25,Ascend910B3,20,8.1.RC1+toolkit-7.7.0.1.225,cal_v1_fp32_tn,768,1152,1536,fp32,1,0,7,searched,calibration_coupled_counterfactual,BASE,0.2396783735620814,"{""runtime_risk_score"":0.2396783735620814}",16:192:288:1536:128:256:32:16:8:1:1:0:8:4:2:2:1:1:4:4:1:0:0,,1,1,numeric_signed_axes_full_v3,,0.0519483995438,,0.0528095052896,,0.0525258143826,,0.983694114515,0.98900702739,-0.000861105745771,-1.6305885485,-0.000577414838826,-1.099297261,regressed,regressed,1,,,,
net_log25:cal_v1_fp32_tn:rank8,net_log25,Ascend910B3,20,8.1.RC1+toolkit-7.7.0.1.225,cal_v1_fp32_tn,768,1152,1536,fp32,1,0,8,searched,calibration_coupled_counterfactual,BASE,0.24721708748115062,"{""runtime_risk_score"":0.24721708748115062}",18:384:128:1536:128:128:32:16:16:1:1:0:8:8:2:2:2:1:1:2:9:0:0,,1,1,numeric_signed_axes_full_v3,,0.051045999527,,0.0509907240845,,0.0507168036097,,1.00108402937,1.00649086484,5.52754425052e-05,0.108402937,0.000329195917347,0.649086484,within_noise,within_noise,1,,,,
net_log25:cal_v1_fp32_tn:rank9,net_log25,Ascend910B3,20,8.1.RC1+toolkit-7.7.0.1.225,cal_v1_fp32_tn,768,1152,1536,fp32,1,0,9,searched,calibration_coupled_counterfactual,BASE,0.22395049952854834,"{""runtime_risk_score"":0.22395049952854834}",20:128:256:1536:128:256:32:16:8:1:1:0:8:4:2:2:1:1:3:6:2:0:0,,1,1,numeric_signed_axes_full_v3,,0.0519748020172,,0.0519469505864,,0.0525792198329,,1.00053615141,0.988504625636,2.78514308021e-05,0.053615141,-0.000604417815747,-1.1495374364,within_noise,regressed,1,,,,
net_log25:cal_v1_fp32_tn:rank10,net_log25,Ascend910B3,20,8.1.RC1+toolkit-7.7.0.1.225,cal_v1_fp32_tn,768,1152,1536,fp32,1,0,10,searched,calibration_coupled_counterfactual,BASE,0.21234157963097208,"{""runtime_risk_score"":0.21234157963097208}",12:256:288:1536:256:128:32:8:16:1:1:0:4:8:2:2:1:1:1:3:4:0:0,,1,1,numeric_signed_axes_full_v3,,0.0510612010956,,0.0501367783329,,0.0507470151745,,1.01843801683,1.00619121972,0.000924422762704,1.843801683,0.00031418592108,0.619121972,improved,within_noise,1,,,,
net_log25:cal_v1_fp32_tn:rank11,net_log25,Ascend910B3,20,8.1.RC1+toolkit-7.7.0.1.225,cal_v1_fp32_tn,768,1152,1536,fp32,1,0,11,searched,calibration_coupled_counterfactual,BASE,0.21080050725001756,"{""runtime_risk_score"":0.21080050725001756}",18:384:128:1536:256:128:32:8:16:1:1:0:4:8:2:2:1:1:2:2:8:0:0,,1,1,numeric_signed_axes_full_v3,,0.0521299982071,,0.0522576398037,,0.0528936905859,,0.997557455769,0.985561749041,-0.000127641596628,-0.2442544231,-0.000763692378827,-1.4438250959,within_noise,regressed,1,,,,
net_log25:cal_v1_fp32_tn:rank12,net_log25,Ascend910B3,20,8.1.RC1+toolkit-7.7.0.1.225,cal_v1_fp32_tn,768,1152,1536,fp32,1,0,12,searched,calibration_template_probe,DETERMINISTIC_SPLIT_K,0.17580459800735052,"{""runtime_risk_score"":0.17580459800735052}",1:768:384:192:128:128:64:6:9:1:3:0:3:3:2:2:2:1:1:1:3:1:3,,1,1,numeric_signed_axes_full_v3,,0.0516692018509,,0.0513378736715,,0.0519627295744,,1.00645387422,0.994351187362,0.000331328179398,0.645387422,-0.000293527723525,-0.5648812638,within_noise,within_noise,1,,,,
net_log25:cal_v1_fp32_tn:rank13,net_log25,Ascend910B3,20,8.1.RC1+toolkit-7.7.0.1.225,cal_v1_fp32_tn,768,1152,1536,fp32,1,0,13,searched,calibration_template_probe,DETERMINISTIC_SPLIT_K,0.17809722892946872,"{""runtime_risk_score"":0.17809722892946872}",2:384:1152:192:128:128:64:9:6:3:1:1:3:3:2:2:2:1:1:2:1:0:3,,1,1,numeric_signed_axes_full_v3,,0.0519668006897,,0.051940280627,,0.0519682693897,,1.00051058759,0.999971738524,2.65200627093e-05,0.051058759,-1.46869999812e-06,-0.0028261476,within_noise,within_noise,1,,,,
net_log25:cal_v1_fp32_tn:rank14,net_log25,Ascend910B3,20,8.1.RC1+toolkit-7.7.0.1.225,cal_v1_fp32_tn,768,1152,1536,fp32,1,0,14,searched,calibration_template_probe,DETERMINISTIC_SPLIT_K,0.15468248048844385,"{""runtime_risk_score"":0.15468248048844385}",4:768:384:192:128:128:64:6:9:1:3:0:3:3:2:2:2:1:1:1:3:1:3,,1,1,numeric_signed_axes_full_v3,,0.0512559986115,,0.0505291193449,,0.0505563476834,,1.01438535395,1.01383903229,0.000726879266559,1.438535395,0.000699650928056,1.383903229,improved,within_noise,1,,,,
net_log25:cal_v1_fp32_tn:rank15,net_log25,Ascend910B3,20,8.1.RC1+toolkit-7.7.0.1.225,cal_v1_fp32_tn,768,1152,1536,fp32,1,0,15,searched,calibration_template_probe,SINGLE_CORE_SPLIT_K,0.26349610866356155,"{""runtime_risk_score"":0.26349610866356155}",2:384:1152:192:128:128:64:9:6:3:1:1:3:3:2:2:2:2:1:1:1:0:2,,1,1,numeric_signed_axes_full_v3,,0.0521411991119,,0.052289484446,,0.0523176613823,,0.997164146183,0.996627099421,-0.000148285334055,-0.2835853817,-0.000176462270368,-0.3372900579,within_noise,within_noise,1,,,,
net_log25:cal_v1_fp32_tn:rank16,net_log25,Ascend910B3,20,8.1.RC1+toolkit-7.7.0.1.225,cal_v1_fp32_tn,768,1152,1536,fp32,1,0,16,searched,calibration_template_probe,SINGLE_CORE_SPLIT_K,0.21980161651357438,"{""runtime_risk_score"":0.21980161651357438}",18:128:384:192:128:128:64:6:9:1:3:0:3:3:2:2:2:1:1:6:3:0:2,,1,1,numeric_signed_axes_full_v3,,0.0519591999054,,0.0519250879271,,0.051953068503,,1.00065694599,1.0001180181,3.41119782941e-05,0.065694599,6.13140243389e-06,0.01180181,within_noise,within_noise,1,,,,
net_log25:cal_v1_fp32_tt:rank1,net_log25,Ascend910B3,20,8.1.RC1+toolkit-7.7.0.1.225,cal_v1_fp32_tt,512,768,1024,fp32,1,1,1,searched,calibration_local_counterfactual,BASE,,{},20:256:80:1024:256:80:32:8:24:1:1:0:4:12:2:2:1:2:2:1:9:0:0,,1,1,numeric_signed_axes_full_v3,paired baseline drift; latency excluded,0.0237511992455,,,,,,,,,,,,,,0,,,,
net_log25:cal_v1_fp32_tt:rank2,net_log25,Ascend910B3,20,8.1.RC1+toolkit-7.7.0.1.225,cal_v1_fp32_tt,512,768,1024,fp32,1,1,2,searched,calibration_local_counterfactual,BASE,,{},20:256:80:1024:256:80:32:8:24:1:1:0:4:12:2:2:1:1:5:2:2:0:0,,1,1,numeric_signed_axes_full_v3,paired baseline drift; latency excluded,0.0238147997856,,,,,,,,,,,,,,0,,,,
net_log25:cal_v1_fp32_tt:rank3,net_log25,Ascend910B3,20,8.1.RC1+toolkit-7.7.0.1.225,cal_v1_fp32_tt,512,768,1024,fp32,1,1,3,searched,calibration_local_counterfactual,BASE,,{},20:256:80:1024:256:80:32:8:24:1:1:0:4:12:2:2:1:1:2:2:6:0:0,,1,1,numeric_signed_axes_full_v3,paired baseline drift; latency excluded,0.0237156009674,,,,,,,,,,,,,,0,,,,
net_log25:cal_v1_fp32_tt:rank4,net_log25,Ascend910B3,20,8.1.RC1+toolkit-7.7.0.1.225,cal_v1_fp32_tt,512,768,1024,fp32,1,1,4,searched,calibration_local_counterfactual,BASE,,{},20:256:80:1024:256:80:32:8:24:1:1:0:4:12:2:2:1:2:3:1:4:0:0,,1,1,numeric_signed_axes_full_v3,paired baseline drift; latency excluded,0.0227864003181,,,,,,,,,,,,,,0,,,,
net_log25:cal_v1_fp32_tt:rank5,net_log25,Ascend910B3,20,8.1.RC1+toolkit-7.7.0.1.225,cal_v1_fp32_tt,512,768,1024,fp32,1,1,5,searched,calibration_local_counterfactual,BASE,0.2884474952163499,"{""runtime_risk_score"":0.2884474952163499}",20:256:80:1024:256:80:32:8:24:1:1:0:4:12:2:2:1:2:1:1:10:0:0,,1,1,numeric_signed_axes_full_v3,,0.0237759995461,,0.0237002406251,,0.0237201313769,,1.00319654649,1.00235530606,7.57589209824e-05,0.319654649,5.58681691761e-05,0.235530606,within_noise,within_noise,1,,,,
net_log25:cal_v1_fp32_tt:rank6,net_log25,Ascend910B3,20,8.1.RC1+toolkit-7.7.0.1.225,cal_v1_fp32_tt,512,768,1024,fp32,1,1,6,searched,calibration_coupled_counterfactual,BASE,0.3246157798558451,"{""runtime_risk_score"":0.3246157798558451}",12:128:256:1024:128:128:32:16:16:1:1:0:8:8:2:2:2:2:2:3:2:0:0,,1,1,numeric_signed_axes_full_v3,,0.0234116005898,,0.0229793320312,,0.0229986177505,,1.01881118903,1.01795685479,0.000432268558622,1.881118903,0.000412982839316,1.795685479,within_noise,within_noise,1,,,,
net_log25:cal_v1_fp32_tt:rank7,net_log25,Ascend910B3,20,8.1.RC1+toolkit-7.7.0.1.225,cal_v1_fp32_tt,512,768,1024,fp32,1,1,7,searched,calibration_coupled_counterfactual,BASE,0.32786633780378494,"{""runtime_risk_score"":0.32786633780378494}",8:256:192:1024:256:128:32:8:16:1:1:0:4:8:2:2:1:2:4:1:1:0:0,,1,1,numeric_signed_axes_full_v3,,0.0228248000145,,0.0218418364017,,0.0218601674623,,1.04500370732,1.04412740908,0.000982963612755,4.500370732,0.000964632552168,4.412740908,improved,improved,1,,,,
net_log25:cal_v1_fp32_tt:rank8,net_log25,Ascend910B3,20,8.1.RC1+toolkit-7.7.0.1.225,cal_v1_fp32_tt,512,768,1024,fp32,1,1,8,searched,calibration_coupled_counterfactual,BASE,0.33047830085228347,"{""runtime_risk_score"":0.33047830085228347}",16:128:192:1024:128:128:32:16:16:1:1:0:8:8:2:2:2:4:1:1:4:0:0,,1,1,numeric_signed_axes_full_v3,,0.0237536001205,,0.0236556055546,,0.0236754588457,,1.00414255157,1.00330051786,9.79945659294e-05,0.414255157,7.8141274764e-05,0.330051786,within_noise,within_noise,1,,,,
net_log25:cal_v1_fp32_tt:rank9,net_log25,Ascend910B3,20,8.1.RC1+toolkit-7.7.0.1.225,cal_v1_fp32_tt,512,768,1024,fp32,1,1,9,searched,calibration_coupled_counterfactual,BASE,,{},8:256:192:1024:256:128:32:8:16:1:1:0:4:8:2:2:1:1:2:2:3:0:0,,1,1,numeric_signed_axes_full_v3,paired baseline drift; latency excluded,0.0228527998924,,,,,,,,,,,,,,0,,,,
net_log25:cal_v1_fp32_tt:rank10,net_log25,Ascend910B3,20,8.1.RC1+toolkit-7.7.0.1.225,cal_v1_fp32_tt,512,768,1024,fp32,1,1,10,searched,calibration_coupled_counterfactual,BASE,,{},12:256:128:1024:256:128:32:8:16:1:1:0:4:8:2:2:1:2:1:1:6:0:0,,1,1,numeric_signed_axes_full_v3,paired baseline drift; latency excluded,0.022823600769,,,,,,,,,,,,,,0,,,,
net_log25:cal_v1_fp32_tt:rank11,net_log25,Ascend910B3,20,8.1.RC1+toolkit-7.7.0.1.225,cal_v1_fp32_tt,512,768,1024,fp32,1,1,11,searched,calibration_coupled_counterfactual,BASE,,{},16:64:384:1024:64:256:32:32:8:1:1:0:16:4:2:2:2:2:1:5:2:0:0,,1,1,numeric_signed_axes_full_v3,paired baseline drift; latency excluded,0.0237635993958,,,,,,,,,,,,,,0,,,,
net_log25:cal_v1_fp32_tt:rank12,net_log25,Ascend910B3,20,8.1.RC1+toolkit-7.7.0.1.225,cal_v1_fp32_tt,512,768,1024,fp32,1,1,12,searched,calibration_template_probe,DETERMINISTIC_SPLIT_K,,{},1:512:384:192:128:128:64:6:9:1:3:0:3:3:2:2:2:1:1:1:2:1:3,,1,1,numeric_signed_axes_full_v3,paired baseline drift; latency excluded,0.0237847995758,,,,,,,,,,,,,,0,,,,
net_log25:cal_v1_fp32_tt:rank13,net_log25,Ascend910B3,20,8.1.RC1+toolkit-7.7.0.1.225,cal_v1_fp32_tt,512,768,1024,fp32,1,1,13,searched,calibration_template_probe,DETERMINISTIC_SPLIT_K,,{},4:384:768:192:128:128:64:9:6:3:1:1:3:3:2:2:2:1:1:2:1:0:3,,1,1,numeric_signed_axes_full_v3,paired baseline drift; latency excluded,0.0234807991982,,,,,,,,,,,,,,0,,,,
net_log25:cal_v1_fp32_tt:rank14,net_log25,Ascend910B3,20,8.1.RC1+toolkit-7.7.0.1.225,cal_v1_fp32_tt,512,768,1024,fp32,1,1,14,searched,calibration_template_probe,DETERMINISTIC_SPLIT_K,,{},2:384:768:192:128:128:64:9:6:3:1:1:3:3:2:2:2:1:1:2:1:0:3,,1,1,numeric_signed_axes_full_v3,paired baseline drift; latency excluded,0.0238183999062,,,,,,,,,,,,,,0,,,,
net_log25:cal_v1_fp32_tt:rank15,net_log25,Ascend910B3,20,8.1.RC1+toolkit-7.7.0.1.225,cal_v1_fp32_tt,512,768,1024,fp32,1,1,15,searched,calibration_template_probe,SINGLE_CORE_SPLIT_K,,{},6:512:128:192:128:128:64:9:6:3:1:1:3:3:2:2:2:1:2:1:5:0:2,,1,1,numeric_signed_axes_full_v3,paired baseline drift; latency excluded,0.0238479995728,,,,,,,,,,,,,,0,,,,
net_log25:cal_v1_fp32_tt:rank16,net_log25,Ascend910B3,20,8.1.RC1+toolkit-7.7.0.1.225,cal_v1_fp32_tt,512,768,1024,fp32,1,1,16,searched,calibration_template_probe,SINGLE_CORE_SPLIT_K,,{},4:128:768:192:128:128:64:6:9:1:3:0:3:3:2:2:2:1:1:4:1:0:2,,1,1,numeric_signed_axes_full_v3,paired baseline drift; latency excluded,0.0236387991905,,,,,,,,,,,,,,0,,,,
net_log25:cal_v1_template_al1:rank1,net_log25,Ascend910B3,20,8.1.RC1+toolkit-7.7.0.1.225,cal_v1_template_al1,32,384,4096,fp32,0,1,1,searched,calibration_local_counterfactual,BASE,0.19729890100495312,"{""runtime_risk_score"":0.19729890100495312}",20:32:32:4096:32:32:128:16:16:1:1:0:8:8:2:2:1:1:2:1:11:0:0,,1,1,numeric_signed_axes_full_v3,,0.0338472008705,,0.0329868403164,,0.0338190908429,,1.02608193285,1.00083118815,0.000860360554067,2.608193285,2.81100275524e-05,0.083118815,improved,within_noise,1,,,,
net_log25:cal_v1_template_al1:rank2,net_log25,Ascend910B3,20,8.1.RC1+toolkit-7.7.0.1.225,cal_v1_template_al1,32,384,4096,fp32,0,1,2,searched,calibration_local_counterfactual,BASE,0.24248414049325032,"{""runtime_risk_score"":0.24248414049325032}",20:32:32:4096:32:32:128:16:16:1:1:0:8:8:2:2:1:1:12:1:1:0:0,,1,1,numeric_signed_axes_full_v3,,0.0346948003769,,0.0346596351416,,0.0355340899031,,1.00101458758,0.97638072261,3.5165235342e-05,0.101458758,-0.000839289526223,-2.361927739,within_noise,regressed,1,,,,
net_log25:cal_v1_template_al1:rank3,net_log25,Ascend910B3,20,8.1.RC1+toolkit-7.7.0.1.225,cal_v1_template_al1,32,384,4096,fp32,0,1,3,searched,calibration_local_counterfactual,BASE,0.23650491112442712,"{""runtime_risk_score"":0.23650491112442712}",20:32:32:4096:32:32:128:16:16:1:1:0:8:8:2:2:1:1:2:1:7:0:0,,1,1,numeric_signed_axes_full_v3,,0.0347287988663,,0.0347275964837,,0.0356037658946,,1.00003462326,0.975424874129,1.20238260223e-06,0.00346232599999,-0.000874967028342,-2.4575125871,within_noise,regressed,1,,,,
net_log25:cal_v1_template_al1:rank4,net_log25,Ascend910B3,20,8.1.RC1+toolkit-7.7.0.1.225,cal_v1_template_al1,32,384,4096,fp32,0,1,4,searched,calibration_local_counterfactual,BASE,0.21730875878539532,"{""runtime_risk_score"":0.21730875878539532}",20:32:32:4096:32:32:128:16:16:1:1:0:8:8:2:2:1:1:3:1:5:0:0,,1,1,numeric_signed_axes_full_v3,,0.0338475990295,,0.0329876163976,,0.0338198865042,,1.02606986275,1.00081941509,0.000859982631934,2.606986275,2.77125253436e-05,0.081941509,improved,within_noise,1,,,,
net_log25:cal_v1_template_al1:rank5,net_log25,Ascend910B3,20,8.1.RC1+toolkit-7.7.0.1.225,cal_v1_template_al1,32,384,4096,fp32,0,1,5,searched,calibration_local_counterfactual,BASE,0.24093188360681428,"{""runtime_risk_score"":0.24093188360681428}",20:32:32:4096:32:32:128:16:16:1:1:0:8:8:2:2:1:1:2:1:6:0:0,,1,1,numeric_signed_axes_full_v3,,0.0342032003403,,0.0336856851507,,0.034534239705,,1.01536305963,0.990414169603,0.000517515189647,1.536305963,-0.000331039364701,-0.9585830397,within_noise,within_noise,1,,,,
net_log25:cal_v1_template_al1:rank6,net_log25,Ascend910B3,20,8.1.RC1+toolkit-7.7.0.1.225,cal_v1_template_al1,32,384,4096,fp32,0,1,6,searched,calibration_coupled_counterfactual,BASE,0.2787039450154432,"{""runtime_risk_score"":0.2787039450154432}",6:256:64:4096:256:64:32:8:32:1:1:0:4:16:2:2:2:1:2:1:5:0:0,,1,1,numeric_signed_axes_full_v3,,0.0338488006592,,0.0329912269371,,0.0338222878386,,1.025993993,1.00078388608,0.000857573722065,2.5993993,2.65128206304e-05,0.078388608,within_noise,within_noise,1,,,,
net_log25:cal_v1_template_al1:rank7,net_log25,Ascend910B3,20,8.1.RC1+toolkit-7.7.0.1.225,cal_v1_template_al1,32,384,4096,fp32,0,1,7,searched,calibration_coupled_counterfactual,BASE,0.2843410170486412,"{""runtime_risk_score"":0.2843410170486412}",1:256:384:4096:256:128:32:8:16:1:1:0:4:8:2:2:1:1:1:1:1:0:0,,1,1,numeric_signed_axes_full_v3,,0.0338335990906,,0.0329616007304,,0.033791915337,,1.02645497612,1.0012335422,0.0008719983602,2.645497612,4.1683753587e-05,0.12335422,within_noise,within_noise,1,,,,
net_log25:cal_v1_template_al1:rank8,net_log25,Ascend910B3,20,8.1.RC1+toolkit-7.7.0.1.225,cal_v1_template_al1,32,384,4096,fp32,0,1,8,searched,calibration_coupled_counterfactual,BASE,0.3014990187053589,"{""runtime_risk_score"":0.3014990187053589}",6:256:64:4096:256:64:32:8:32:1:1:0:4:16:2:2:2:1:6:1:1:0:0,,1,1,numeric_signed_axes_full_v3,,0.0339064002037,,0.0331036029405,,0.0339374946341,,1.02425105402,0.999083773544,0.000802797263167,2.425105402,-3.10944304341e-05,-0.0916226456,within_noise,within_noise,1,,,,
net_log25:cal_v1_template_al1:rank9,net_log25,Ascend910B3,20,8.1.RC1+toolkit-7.7.0.1.225,cal_v1_template_al1,32,384,4096,fp32,0,1,9,searched,calibration_coupled_counterfactual,BASE,0.2650868680483924,"{""runtime_risk_score"":0.2650868680483924}",1:64:384:4096:64:256:32:32:8:1:1:0:16:4:2:2:2:1:1:1:1:0:0,,1,1,numeric_signed_axes_full_v3,,0.0339287996292,,0.0331473555426,,0.033999079705,,1.02357485458,0.997932882994,0.000781444086628,2.357485458,-7.02800758467e-05,-0.2067117006,within_noise,within_noise,1,,,,
net_log25:cal_v1_template_al1:rank10,net_log25,Ascend910B3,20,8.1.RC1+toolkit-7.7.0.1.225,cal_v1_template_al1,32,384,4096,fp32,0,1,10,searched,calibration_coupled_counterfactual,BASE,0.2812960029601255,"{""runtime_risk_score"":0.2812960029601255}",3:256:128:4096:256:128:32:8:16:1:1:0:4:8:2:2:1:1:2:1:2:0:0,,1,1,numeric_signed_axes_full_v3,,0.0338915991783,,0.0330747080816,,0.0339245655614,,1.0246983615,0.999028244503,0.000816891096706,2.46983615,-3.29663830676e-05,-0.0971755497,within_noise,within_noise,1,,,,
net_log25:cal_v1_template_al1:rank11,net_log25,Ascend910B3,20,8.1.RC1+toolkit-7.7.0.1.225,cal_v1_template_al1,32,384,4096,fp32,0,1,11,searched,calibration_coupled_counterfactual,BASE,0.27822562707567144,"{""runtime_risk_score"":0.27822562707567144}",6:256:64:4096:256:64:32:8:32:1:1:0:4:16:2:2:2:1:1:1:6:0:0,,1,1,numeric_signed_axes_full_v3,,0.0347180008888,,0.0347073389064,,0.0355991469761,,1.00030719677,0.975248112325,1.06619824073e-05,0.030719677,-0.000881146087278,-2.4751887675,within_noise,regressed,1,,,,
net_log25:cal_v1_template_al1:rank12,net_log25,Ascend910B3,20,8.1.RC1+toolkit-7.7.0.1.225,cal_v1_template_al1,32,384,4096,fp32,0,1,12,searched,calibration_template_probe,DETERMINISTIC_SPLIT_K,0.13634295234370658,"{""runtime_risk_score"":0.13634295234370658}",16:384:384:192:128:128:64:9:6:3:1:1:3:3:2:2:2:1:1:1:1:0:3,,1,1,numeric_signed_axes_full_v3,,0.0340908002853,,0.033464650188,,0.0343245272639,,1.01871079165,0.993190671593,0.000626150097308,1.871079165,-0.000233726978555,-0.6809328407,within_noise,within_noise,1,,,,
net_log25:cal_v1_template_al1:rank13,net_log25,Ascend910B3,20,8.1.RC1+toolkit-7.7.0.1.225,cal_v1_template_al1,32,384,4096,fp32,0,1,13,searched,calibration_template_probe,DETERMINISTIC_SPLIT_K,0.21010222018872016,"{""runtime_risk_score"":0.21010222018872016}",1:128:384:192:128:128:64:6:9:1:3:0:3:3:2:2:2:1:1:1:1:1:3,,1,1,numeric_signed_axes_full_v3,,0.0338987994194,,0.033892932159,,0.0339389815821,,1.00017311162,0.998816046893,5.8672603926e-06,0.017311162,-4.01821626925e-05,-0.1183953107,within_noise,within_noise,1,,,,
net_log25:cal_v1_template_al1:rank14,net_log25,Ascend910B3,20,8.1.RC1+toolkit-7.7.0.1.225,cal_v1_template_al1,32,384,4096,fp32,0,1,14,searched,calibration_template_probe,DETERMINISTIC_SPLIT_K,0.1089981179103322,"{""runtime_risk_score"":0.1089981179103322}",8:128:384:192:128:128:64:6:9:1:3:0:3:3:2:2:2:1:1:1:1:1:3,,1,1,numeric_signed_axes_full_v3,,0.0347704005241,,0.0356582392569,,0.0357066871555,,0.975101442156,0.973778395421,-0.000887838732752,-2.4898557844,-0.000936286631418,-2.6221604579,regressed,regressed,1,,,,
net_log25:cal_v1_template_al1:rank15,net_log25,Ascend910B3,20,8.1.RC1+toolkit-7.7.0.1.225,cal_v1_template_al1,32,384,4096,fp32,0,1,15,searched,calibration_template_probe,SINGLE_CORE_SPLIT_K,0.40590865532815223,"{""runtime_risk_score"":0.40590865532815223}",3:384:128:192:128:128:64:9:6:3:1:1:3:3:2:2:2:1:2:1:2:0:2,,1,1,numeric_signed_axes_full_v3,,0.0346828007698,,0.0354787924791,,0.0355269965682,,0.977564295353,0.976237906945,-0.000795991709293,-2.2435704647,-0.000844195798419,-2.3762093055,regressed,regressed,1,,,,
net_log25:cal_v1_template_al1:rank16,net_log25,Ascend910B3,20,8.1.RC1+toolkit-7.7.0.1.225,cal_v1_template_al1,32,384,4096,fp32,0,1,16,searched,calibration_template_probe,SINGLE_CORE_SPLIT_K,0.36591760589010097,"{""runtime_risk_score"":0.36591760589010097}",1:128:384:192:128:128:64:6:9:1:3:0:3:3:2:2:2:1:1:1:1:0:2,,1,1,numeric_signed_axes_full_v3,,0.0338504004478,,0.0337962200596,,0.0338421380823,,1.00160314935,1.00024414431,5.4180388221e-05,0.160314935,8.26236545104e-06,0.024414431,within_noise,within_noise,1,,,,
net_log25:cal_v1_template_bl1:rank1,net_log25,Ascend910B3,20,8.1.RC1+toolkit-7.7.0.1.225,cal_v1_template_bl1,45056,224,192,fp16,0,0,1,searched,calibration_local_counterfactual,BASE,0.5549825984544453,"{""runtime_risk_score"":0.5549825984544453}",20:128:224:192:128:224:64:16:8:1:1:0:8:4:2:2:1:88:1:4:1:0:0,,1,1,numeric_signed_axes_full_v3,,0.0591820001602,,0.0592995669772,,0.0617755539167,,0.998017408508,0.958016503422,-0.000117566816968,-0.1982591492,-0.00259355375646,-4.1983496578,within_noise,regressed,1,,,,
net_log25:cal_v1_template_bl1:rank2,net_log25,Ascend910B3,20,8.1.RC1+toolkit-7.7.0.1.225,cal_v1_template_bl1,45056,224,192,fp16,0,0,2,searched,calibration_local_counterfactual,BASE,0.5106651710753319,"{""runtime_risk_score"":0.5106651710753319}",20:128:224:192:128:224:64:16:8:1:1:0:8:4:2:2:1:1:1:352:1:1:0,,1,1,numeric_signed_axes_full_v3,,0.0565959978104,,0.0542305097401,,0.0564948438777,,1.04361913767,1.00179049849,0.00236548807027,4.361913767,0.000101153932656,0.179049849,improved,within_noise,1,,,,
net_log25:cal_v1_template_bl1:rank3,net_log25,Ascend910B3,20,8.1.RC1+toolkit-7.7.0.1.225,cal_v1_template_bl1,45056,224,192,fp16,0,0,3,searched,calibration_local_counterfactual,BASE,0.4641853619811239,"{""runtime_risk_score"":0.4641853619811239}",20:128:224:192:128:224:64:16:8:1:1:1:8:4:2:2:1:1:1:352:1:0:0,,1,1,numeric_signed_axes_full_v3,,0.0590443992615,,0.0590241390469,,0.0614886258022,,1.00034325303,0.960249127236,2.0260214571e-05,0.034325303,-0.0024442265407,-3.9750872764,within_noise,regressed,1,,,,
net_log25:cal_v1_template_bl1:rank4,net_log25,Ascend910B3,20,8.1.RC1+toolkit-7.7.0.1.225,cal_v1_template_bl1,45056,224,192,fp16,0,0,4,searched,calibration_local_counterfactual,BASE,0.5192423571104011,"{""runtime_risk_score"":0.5192423571104011}",20:128:224:192:128:224:64:16:8:1:1:0:8:4:2:2:1:2:1:195:1:0:0,,1,1,numeric_signed_axes_full_v3,,0.057042798996,,0.0550901429561,,0.0573903701148,,1.03544474447,0.993943737981,0.00195265603989,3.544474447,-0.000347571118783,-0.6056262019,improved,within_noise,1,,,,
net_log25:cal_v1_template_bl1:rank5,net_log25,Ascend910B3,20,8.1.RC1+toolkit-7.7.0.1.225,cal_v1_template_bl1,45056,224,192,fp16,0,0,5,searched,calibration_local_counterfactual,BASE,0.5167155585650337,"{""runtime_risk_score"":0.5167155585650337}",20:128:224:192:128:224:64:16:8:1:1:0:8:4:2:2:1:3:1:120:1:0:0,,1,1,numeric_signed_axes_full_v3,,0.0591192007065,,0.0591737853342,,0.061667725187,,0.999077553897,0.958673285373,-5.45846276813e-05,-0.0922446103,-0.0025485244805,-4.1326714627,within_noise,regressed,1,,,,
net_log25:cal_v1_template_bl1:rank6,net_log25,Ascend910B3,20,8.1.RC1+toolkit-7.7.0.1.225,cal_v1_template_bl1,45056,224,192,fp16,0,0,6,searched,calibration_local_counterfactual,BASE,0.5174216576446866,"{""runtime_risk_score"":0.5174216576446866}",20:128:224:192:128:224:64:16:8:1:1:0:8:4:2:2:1:6:1:60:1:0:0,,1,1,numeric_signed_axes_full_v3,,0.0566115999222,,0.0542604138728,,0.0565472746474,,1.04333151706,1.00113754863,0.00235118604941,4.333151706,6.43252748054e-05,0.113754863,improved,within_noise,1,,,,
net_log25:cal_v1_template_bl1:rank7,net_log25,Ascend910B3,20,8.1.RC1+toolkit-7.7.0.1.225,cal_v1_template_bl1,45056,224,192,fp16,0,0,7,searched,calibration_local_counterfactual,BASE,0.5166351896277841,"{""runtime_risk_score"":0.5166351896277841}",20:128:224:192:128:224:64:16:8:1:1:0:8:4:2:2:1:2:1:177:1:0:0,,1,1,numeric_signed_axes_full_v3,,0.0597792005539,,0.0605023787459,,0.0630523135303,,0.988047111419,0.948088931347,-0.000723178192036,-1.1952888581,-0.0032731129764,-5.1911068653,regressed,regressed,1,,,,
net_log25:cal_v1_template_bl1:rank8,net_log25,Ascend910B3,20,8.1.RC1+toolkit-7.7.0.1.225,cal_v1_template_bl1,45056,224,192,fp16,0,0,8,searched,calibration_local_counterfactual,BASE,0.5162133087452817,"{""runtime_risk_score"":0.5162133087452817}",20:128:224:192:128:224:64:16:8:1:1:0:8:4:2:2:1:6:1:59:1:0:0,,1,1,numeric_signed_axes_full_v3,,0.0570124006271,,0.0550314430218,,0.057350799611,,1.03599683193,0.994099489699,0.00198095760532,3.599683193,-0.000338398983875,-0.5900510301,improved,within_noise,1,,,,
net_log25:cal_v1_template_bl1:rank9,net_log25,Ascend910B3,20,8.1.RC1+toolkit-7.7.0.1.225,cal_v1_template_bl1,45056,224,192,fp16,0,0,9,searched,calibration_coupled_counterfactual,BASE,0.5760800203062391,"{""runtime_risk_score"":0.5760800203062391}",11:4096:224:192:128:128:64:16:16:1:1:0:8:8:2:2:2:2:1:10:1:0:0,,1,1,numeric_signed_axes_full_v3,,0.0591152000427,,0.0592594175587,,0.0616593792187,,0.997566335919,0.958738164279,-0.000144217515974,-0.2433664081,-0.00254417917598,-4.1261835721,within_noise,regressed,1,,,,
net_log25:cal_v1_template_bl1:rank10,net_log25,Ascend910B3,20,8.1.RC1+toolkit-7.7.0.1.225,cal_v1_template_bl1,45056,224,192,fp16,0,0,10,searched,calibration_coupled_counterfactual,BASE,0.5752810495002795,"{""runtime_risk_score"":0.5752810495002795}",8:5632:256:192:128:256:64:16:8:1:1:0:8:4:2:2:1:1:1:8:1:0:0,,1,1,numeric_signed_axes_full_v3,,0.0567027997971,,0.0545215329858,,0.0567296138984,,1.04000743728,0.999527335029,0.00218126681134,4.000743728,-2.68141013081e-05,-0.0472664971,improved,within_noise,1,,,,
net_log25:cal_v1_template_bl1:rank11,net_log25,Ascend910B3,20,8.1.RC1+toolkit-7.7.0.1.225,cal_v1_template_bl1,45056,224,192,fp16,0,0,11,searched,calibration_coupled_counterfactual,BASE,0.5615062501467138,"{""runtime_risk_score"":0.5615062501467138}",16:2816:256:192:128:256:64:16:8:1:1:0:8:4:2:2:1:4:1:4:1:0:0,,1,1,numeric_signed_axes_full_v3,,0.0596295976639,,0.0602952096604,,0.0627371201183,,0.988960781458,0.950467562927,-0.000665611996477,-1.1039218542,-0.0031075224544,-4.9532437073,regressed,regressed,1,,,,
net_log25:cal_v1_template_bl1:rank12,net_log25,Ascend910B3,20,8.1.RC1+toolkit-7.7.0.1.225,cal_v1_template_bl1,45056,224,192,fp16,0,0,12,searched,calibration_coupled_counterfactual,BASE,0.5566686300411989,"{""runtime_risk_score"":0.5566686300411989}",20:2256:224:192:256:128:64:8:16:1:1:0:4:8:2:2:1:1:1:20:1:0:0,,1,1,numeric_signed_axes_full_v3,,0.0568680000305,,0.0548396862567,,0.0570606521364,,1.03698623957,0.996623731088,0.00202831377383,3.698623957,-0.000192652105907,-0.3376268912,improved,within_noise,1,,,,
net_log25:cal_v1_template_bl1:rank13,net_log25,Ascend910B3,20,8.1.RC1+toolkit-7.7.0.1.225,cal_v1_template_bl1,45056,224,192,fp16,0,0,13,searched,calibration_coupled_counterfactual,BASE,0.5556543448344051,"{""runtime_risk_score"":0.5556543448344051}",16:2816:224:192:256:128:64:8:16:1:1:0:4:8:2:2:1:2:1:11:1:0:0,,1,1,numeric_signed_axes_full_v3,,0.0593187999725,,0.0596683137572,,0.0620366735204,,0.994142388771,0.956189244302,-0.00034951378468,-0.5857611229,-0.00271787354792,-4.3810755698,within_noise,regressed,1,,,,
net_log25:cal_v1_template_bl1:rank14,net_log25,Ascend910B3,20,8.1.RC1+toolkit-7.7.0.1.225,cal_v1_template_bl1,45056,224,192,fp16,0,0,14,searched,calibration_coupled_counterfactual,BASE,0.5337932358019956,"{""runtime_risk_score"":0.5337932358019956}",8:5632:256:192:128:256:64:16:8:1:1:0:8:4:2:2:1:2:1:5:1:0:0,,1,1,numeric_signed_axes_full_v3,,0.0567568016052,,0.0546254313251,,0.0567936285717,,1.03901791214,0.999351565177,0.00213137028005,3.901791214,-3.68269664904e-05,-0.0648434823,improved,within_noise,1,,,,
net_log25:cal_v1_template_bl1:rank15,net_log25,Ascend910B3,20,8.1.RC1+toolkit-7.7.0.1.225,cal_v1_template_bl1,45056,224,192,fp16,0,0,15,searched,calibration_coupled_counterfactual,BASE,0.585383894575016,"{""runtime_risk_score"":0.585383894575016}",20:2256:224:192:128:128:64:16:16:1:1:0:8:8:2:2:2:2:1:15:1:0:0,,1,1,numeric_signed_axes_full_v3,,0.0590407991409,,0.0591103466055,,0.0614565594894,,0.99882342993,0.960691578433,-6.95474646434e-05,-0.117657007,-0.00241576034847,-3.9308421567,within_noise,regressed,1,,,,
net_log25:cal_v1_template_bl1:rank16,net_log25,Ascend910B3,20,8.1.RC1+toolkit-7.7.0.1.225,cal_v1_template_bl1,45056,224,192,fp16,0,0,16,searched,calibration_coupled_counterfactual,BASE,0.5316125017047185,"{""runtime_risk_score"":0.5316125017047185}",11:4096:256:192:128:256:64:16:8:1:1:0:8:4:2:2:1:3:1:5:1:0:0,,1,1,numeric_signed_axes_full_v3,,0.0567575979233,,0.054626964164,,0.0567952222525,,1.03900333456,0.999337544116,0.00213063375929,3.900333456,-3.76243291642e-05,-0.0662455884,improved,within_noise,1,,,,
net_log25:cal_v1_layout_tn_tall:rank1,net_log25,Ascend910B3,20,8.1.RC1+toolkit-7.7.0.1.225,cal_v1_layout_tn_tall,3456,1792,5376,fp16,1,0,1,searched,calibration_local_counterfactual,BASE,0.6803279792890131,"{""runtime_risk_score"":0.6803279792890131}",20:256:128:5376:256:128:64:8:16:1:1:0:4:8:2:2:1:2:2:10:8:0:0,,1,1,numeric_signed_axes_full_v3,,0.306158790588,,0.307007260773,,0.307850874791,,0.997236318832,0.994503558893,-0.000848470185038,-0.2763681168,-0.00169208420303,-0.5496441107,within_noise,within_noise,1,,,,
net_log25:cal_v1_layout_tn_tall:rank2,net_log25,Ascend910B3,20,8.1.RC1+toolkit-7.7.0.1.225,cal_v1_layout_tn_tall,3456,1792,5376,fp16,1,0,2,searched,calibration_local_counterfactual,BASE,0.6860816467075159,"{""runtime_risk_score"":0.6860816467075159}",20:256:128:5376:256:128:64:8:16:1:1:0:4:8:2:2:1:3:2:5:7:0:0,,1,1,numeric_signed_axes_full_v3,,0.306667995453,,0.308029342122,,0.30887576468,,0.995580464316,0.99285224197,-0.00136134666923,-0.4419535684,-0.00220776922727,-0.714775803,within_noise,within_noise,1,,,,
net_log25:cal_v1_layout_tn_tall:rank3,net_log25,Ascend910B3,20,8.1.RC1+toolkit-7.7.0.1.225,cal_v1_layout_tn_tall,3456,1792,5376,fp16,1,0,3,searched,calibration_local_counterfactual,BASE,0.6975318856457134,"{""runtime_risk_score"":0.6975318856457134}",20:256:128:5376:256:128:64:8:16:1:1:0:4:8:2:2:1:1:1:14:14:1:0,,1,1,numeric_signed_axes_full_v3,,0.304927997589,,0.304543814522,,0.305380659326,,1.00126150343,0.998517713144,0.000384183066605,0.126150343,-0.000452661737396,-0.1482286856,within_noise,within_noise,1,,,,
net_log25:cal_v1_layout_tn_tall:rank4,net_log25,Ascend910B3,20,8.1.RC1+toolkit-7.7.0.1.225,cal_v1_layout_tn_tall,3456,1792,5376,fp16,1,0,4,searched,calibration_local_counterfactual,BASE,0.6901084347787205,"{""runtime_risk_score"":0.6901084347787205}",20:256:128:5376:256:128:64:8:16:1:1:1:4:8:2:2:1:1:1:14:14:0:0,,1,1,numeric_signed_axes_full_v3,,0.30514919281,,0.304985807844,,0.305823867185,,1.00053571334,0.997793911962,0.000163384965773,0.053571334,-0.000674674375132,-0.2206088038,within_noise,within_noise,1,,,,
net_log25:cal_v1_layout_tn_tall:rank5,net_log25,Ascend910B3,20,8.1.RC1+toolkit-7.7.0.1.225,cal_v1_layout_tn_tall,3456,1792,5376,fp16,1,0,5,searched,calibration_local_counterfactual,BASE,0.6859170290164969,"{""runtime_risk_score"":0.6859170290164969}",20:256:128:5376:256:128:64:8:16:1:1:0:4:8:2:2:1:2:2:7:7:0:0,,1,1,numeric_signed_axes_full_v3,,0.303372802734,,0.301445265452,,0.302273595869,,1.00639431931,1.00363646339,0.00192753728179,0.639431931,0.00109920686514,0.363646339,within_noise,within_noise,1,,,,
net_log25:cal_v1_layout_tn_tall:rank6,net_log25,Ascend910B3,20,8.1.RC1+toolkit-7.7.0.1.225,cal_v1_layout_tn_tall,3456,1792,5376,fp16,1,0,6,searched,calibration_coupled_counterfactual,BASE,0.7527320277607195,"{""runtime_risk_score"":0.7527320277607195}",18:384:896:5376:256:64:64:8:32:1:1:0:4:16:2:2:2:2:1:8:2:0:0,,0,0,npu_structured_numeric_rejected,"official structured numeric preflight failed at C index=64, actual=203.250000, expected=5376.000000",,,,,,,,,,,,,runtime_rejected,runtime_rejected,0,,,,
net_log25:cal_v1_layout_tn_tall:rank7,net_log25,Ascend910B3,20,8.1.RC1+toolkit-7.7.0.1.225,cal_v1_layout_tn_tall,3456,1792,5376,fp16,1,0,7,searched,calibration_coupled_counterfactual,BASE,0.7572034860662713,"{""runtime_risk_score"":0.7572034860662713}",16:432:896:5376:64:256:64:32:8:1:1:0:16:4:2:2:2:1:1:8:2:0:0,,0,0,npu_structured_numeric_rejected,"official structured numeric preflight failed at C index=256, actual=203.250000, expected=-5376.000000",,,,,,,,,,,,,runtime_rejected,runtime_rejected,0,,,,
net_log25:cal_v1_layout_tn_tall:rank8,net_log25,Ascend910B3,20,8.1.RC1+toolkit-7.7.0.1.225,cal_v1_layout_tn_tall,3456,1792,5376,fp16,1,0,8,searched,calibration_coupled_counterfactual,BASE,0.7653089122824064,"{""runtime_risk_score"":0.7653089122824064}",16:432:896:5376:256:128:64:8:16:1:1:0:4:8:2:2:1:2:1:5:2:0:0,,0,0,npu_structured_numeric_rejected,"official structured numeric preflight failed at C index=128, actual=203.250000, expected=5376.000000",,,,,,,,,,,,,runtime_rejected,runtime_rejected,0,,,,
net_log25:cal_v1_layout_tn_tall:rank9,net_log25,Ascend910B3,20,8.1.RC1+toolkit-7.7.0.1.225,cal_v1_layout_tn_tall,3456,1792,5376,fp16,1,0,9,searched,calibration_coupled_counterfactual,BASE,0.6794643437512317,"{""runtime_risk_score"":0.6794643437512317}",20:256:128:5376:256:128:64:8:16:1:1:0:4:8:2:2:1:2:1:10:14:0:0,,1,1,numeric_signed_axes_full_v3,,0.305601196289,,0.30549043221,,0.306526523291,,1.0003625779,0.996981249805,0.000110764079381,0.03625779,-0.000925327001957,-0.3018750195,within_noise,within_noise,1,,,,
net_log25:cal_v1_layout_tn_tall:rank10,net_log25,Ascend910B3,20,8.1.RC1+toolkit-7.7.0.1.225,cal_v1_layout_tn_tall,3456,1792,5376,fp16,1,0,10,searched,calibration_coupled_counterfactual,BASE,0.7455022890506441,"{""runtime_risk_score"":0.7455022890506441}",18:384:896:5376:128:256:64:16:8:1:1:0:8:4:2:2:1:2:1:8:2:0:0,,0,0,npu_structured_numeric_rejected,"official structured numeric preflight failed at C index=256, actual=203.250000, expected=-5376.000000",,,,,,,,,,,,,runtime_rejected,runtime_rejected,0,,,,
net_log25:cal_v1_layout_tn_tall:rank11,net_log25,Ascend910B3,20,8.1.RC1+toolkit-7.7.0.1.225,cal_v1_layout_tn_tall,3456,1792,5376,fp16,1,0,11,searched,calibration_coupled_counterfactual,BASE,0.75686052147873,"{""runtime_risk_score"":0.75686052147873}",18:192:1792:5376:128:128:64:16:16:1:1:0:8:8:2:2:2:1:1:18:1:0:0,,0,0,npu_structured_numeric_rejected,"official structured numeric preflight failed at C index=128, actual=203.250000, expected=5376.000000",,,,,,,,,,,,,runtime_rejected,runtime_rejected,0,,,,
net_log25:cal_v1_layout_tn_tall:rank12,net_log25,Ascend910B3,20,8.1.RC1+toolkit-7.7.0.1.225,cal_v1_layout_tn_tall,3456,1792,5376,fp16,1,0,12,searched,calibration_template_probe,DETERMINISTIC_SPLIT_K,0.13043628645503108,"{""runtime_risk_score"":0.13043628645503108}",8:3456:384:384:128:128:128:6:9:1:3:0:3:3:2:2:2:1:1:1:5:1:3,,1,1,numeric_signed_axes_full_v3,,0.719717178345,,1.69438169227,,1.70012830027,,0.424766852491,0.423331096971,-0.974664513928,-57.5233147509,-0.980411121926,-57.6668903029,regressed,regressed,1,,,,
net_log25:cal_v1_layout_tn_tall:rank13,net_log25,Ascend910B3,20,8.1.RC1+toolkit-7.7.0.1.225,cal_v1_layout_tn_tall,3456,1792,5376,fp16,1,0,13,searched,calibration_template_probe,DETERMINISTIC_SPLIT_K,0.31750710646753083,"{""runtime_risk_score"":0.31750710646753083}",1:384:1792:384:128:128:128:9:6:3:1:1:3:3:2:2:2:1:1:9:1:0:3,,0,0,npu_structured_numeric_rejected,"official structured numeric preflight failed at C index=256, actual=65536.000000, expected=-5376.000000",,,,,,,,,,,,,runtime_rejected,runtime_rejected,0,,,,
net_log25:cal_v1_layout_tn_tall:rank14,net_log25,Ascend910B3,20,8.1.RC1+toolkit-7.7.0.1.225,cal_v1_layout_tn_tall,3456,1792,5376,fp16,1,0,14,searched,calibration_template_probe,DETERMINISTIC_SPLIT_K,0.12409669978270693,"{""runtime_risk_score"":0.12409669978270693}",14:384:1792:384:128:128:128:9:6:3:1:1:3:3:2:2:2:1:1:9:1:0:3,,1,1,numeric_signed_axes_full_v3,,0.405006408691,,0.535191690881,,0.535475888045,,0.756750180528,0.756348544787,-0.13018528219,-24.3249819472,-0.130469479354,-24.3651455213,regressed,regressed,1,,,,
net_log25:cal_v1_layout_tn_tall:rank15,net_log25,Ascend910B3,20,8.1.RC1+toolkit-7.7.0.1.225,cal_v1_layout_tn_tall,3456,1792,5376,fp16,1,0,15,searched,calibration_template_probe,SINGLE_CORE_SPLIT_K,0.3959735402564561,"{""runtime_risk_score"":0.3959735402564561}",7:512:1792:384:128:128:128:9:6:3:1:1:3:3:2:2:2:2:1:6:1:0:2,,1,1,numeric_signed_axes_full_v3,,0.759038772583,,1.87980799697,,1.88080621146,,0.403785266264,0.403570962259,-1.12076922439,-59.6214733736,-1.12176743888,-59.6429037741,regressed,regressed,1,,,,
net_log25:cal_v1_layout_tn_tall:rank16,net_log25,Ascend910B3,20,8.1.RC1+toolkit-7.7.0.1.225,cal_v1_layout_tn_tall,3456,1792,5376,fp16,1,0,16,searched,calibration_template_probe,SINGLE_CORE_SPLIT_K,0.4141943059284321,"{""runtime_risk_score"":0.4141943059284321}",20:384:128:384:128:128:128:9:6:3:1:1:3:3:2:2:2:1:1:9:14:0:2,,1,1,numeric_signed_axes_full_v3,,0.510158004761,,0.849170663849,,0.849621589935,,0.600772054994,0.600453202702,-0.339012659088,-39.9227945006,-0.339463585174,-39.9546797298,regressed,regressed,1,,,,
net_log25:cal_v1_layout_tn_wide:rank1,net_log25,Ascend910B3,20,8.1.RC1+toolkit-7.7.0.1.225,cal_v1_layout_tn_wide,1152,4608,6656,fp16,1,0,1,searched,calibration_local_counterfactual,BASE,0.6755033494357531,"{""runtime_risk_score"":0.6755033494357531}",20:128:256:6656:128:256:64:16:8:1:1:0:8:4:2:2:1:3:1:4:18:0:0,,1,1,numeric_signed_axes_full_v3,,0.287418804169,,0.288138074281,,0.288245301214,,0.997503731107,0.997132660821,-0.000719270111716,-0.2496268893,-0.000826497045334,-0.2867339179,within_noise,within_noise,1,,,,
net_log25:cal_v1_layout_tn_wide:rank2,net_log25,Ascend910B3,20,8.1.RC1+toolkit-7.7.0.1.225,cal_v1_layout_tn_wide,1152,4608,6656,fp16,1,0,2,searched,calibration_local_counterfactual,BASE,0.6851254459820494,"{""runtime_risk_score"":0.6851254459820494}",20:128:256:6656:128:256:64:16:8:1:1:0:8:4:2:2:1:2:2:5:11:0:0,,1,1,numeric_signed_axes_full_v3,,0.286489200592,,0.286277228588,,0.286383763031,,1.00074044312,1.00036816878,0.00021197200432,0.074044312,0.000105437560647,0.036816878,within_noise,within_noise,1,,,,
net_log25:cal_v1_layout_tn_wide:rank3,net_log25,Ascend910B3,20,8.1.RC1+toolkit-7.7.0.1.225,cal_v1_layout_tn_wide,1152,4608,6656,fp16,1,0,3,searched,calibration_local_counterfactual,BASE,0.6850766038547481,"{""runtime_risk_score"":0.6850766038547481}",20:128:256:6656:128:256:64:16:8:1:1:0:8:4:2:2:1:2:3:5:6:0:0,,1,1,numeric_signed_axes_full_v3,,0.287187595367,,0.287674685926,,0.287781740416,,0.998306800761,0.997935431733,-0.00048709055929,-0.1693199239,-0.000594145049085,-0.2064568267,within_noise,within_noise,1,,,,
net_log25:cal_v1_layout_tn_wide:rank4,net_log25,Ascend910B3,20,8.1.RC1+toolkit-7.7.0.1.225,cal_v1_layout_tn_wide,1152,4608,6656,fp16,1,0,4,searched,calibration_local_counterfactual,BASE,0.754248590723455,"{""runtime_risk_score"":0.754248590723455}",20:128:256:6656:128:256:64:16:8:1:1:0:8:4:2:2:1:1:1:9:18:1:0,,1,1,numeric_signed_axes_full_v3,,0.287069606781,,0.287438357077,,0.28754532362,,0.998717115211,0.998345593547,-0.000368750296069,-0.1282884789,-0.000475716838927,-0.1654406453,within_noise,within_noise,1,,,,
net_log25:cal_v1_layout_tn_wide:rank5,net_log25,Ascend910B3,20,8.1.RC1+toolkit-7.7.0.1.225,cal_v1_layout_tn_wide,1152,4608,6656,fp16,1,0,5,searched,calibration_local_counterfactual,BASE,0.6904700237704803,"{""runtime_risk_score"":0.6904700237704803}",20:128:256:6656:128:256:64:16:8:1:1:1:8:4:2:2:1:1:1:9:18:0:0,,1,1,numeric_signed_axes_full_v3,,0.287366409302,,0.287987497205,,0.288140219727,,0.997843351157,0.997314465762,-0.000621087902645,-0.2156648843,-0.000773810425423,-0.2685534238,within_noise,within_noise,1,,,,
net_log25:cal_v1_layout_tn_wide:rank6,net_log25,Ascend910B3,20,8.1.RC1+toolkit-7.7.0.1.225,cal_v1_layout_tn_wide,1152,4608,6656,fp16,1,0,6,searched,calibration_coupled_counterfactual,BASE,0.7483726581328236,"{""runtime_risk_score"":0.7483726581328236}",18:576:512:6656:256:64:64:8:32:1:1:0:4:16:2:2:2:1:2:2:8:0:0,,0,0,npu_structured_numeric_rejected,"official structured numeric preflight failed at C index=64, actual=203.250000, expected=6656.000000",,,,,,,,,,,,,runtime_rejected,runtime_rejected,0,,,,
net_log25:cal_v1_layout_tn_wide:rank7,net_log25,Ascend910B3,20,8.1.RC1+toolkit-7.7.0.1.225,cal_v1_layout_tn_wide,1152,4608,6656,fp16,1,0,7,searched,calibration_coupled_counterfactual,BASE,0.744070073836929,"{""runtime_risk_score"":0.744070073836929}",18:1152:256:6656:64:256:64:32:8:1:1:0:16:4:2:2:2:1:1:1:18:0:0,,0,0,npu_structured_numeric_rejected,"official structured numeric preflight failed at C index=294912, actual=203.250000, expected=-6656.000000",,,,,,,,,,,,,runtime_rejected,runtime_rejected,0,,,,
net_log25:cal_v1_layout_tn_wide:rank8,net_log25,Ascend910B3,20,8.1.RC1+toolkit-7.7.0.1.225,cal_v1_layout_tn_wide,1152,4608,6656,fp16,1,0,8,searched,calibration_coupled_counterfactual,BASE,0.6775756225837775,"{""runtime_risk_score"":0.6775756225837775}",20:128:256:6656:128:256:64:16:8:1:1:0:8:4:2:2:1:3:4:4:5:0:0,,1,1,numeric_signed_axes_full_v3,,0.287013607025,,0.287280801695,,0.28743314945,,0.999069918114,0.998540382603,-0.000267194669852,-0.0930081886,-0.000419542425412,-0.1459617397,within_noise,within_noise,1,,,,
net_log25:cal_v1_layout_tn_wide:rank9,net_log25,Ascend910B3,20,8.1.RC1+toolkit-7.7.0.1.225,cal_v1_layout_tn_wide,1152,4608,6656,fp16,1,0,9,searched,calibration_coupled_counterfactual,BASE,0.7551232666685247,"{""runtime_risk_score"":0.7551232666685247}",18:1152:256:6656:128:256:64:16:8:1:1:0:8:4:2:2:1:1:2:1:12:0:0,,0,0,npu_structured_numeric_rejected,"official structured numeric preflight failed at C index=589824, actual=203.250000, expected=6656.000000",,,,,,,,,,,,,runtime_rejected,runtime_rejected,0,,,,
net_log25:cal_v1_layout_tn_wide:rank10,net_log25,Ascend910B3,20,8.1.RC1+toolkit-7.7.0.1.225,cal_v1_layout_tn_wide,1152,4608,6656,fp16,1,0,10,searched,calibration_coupled_counterfactual,BASE,0.75083141766959,"{""runtime_risk_score"":0.75083141766959}",18:192:1536:6656:128:128:64:16:16:1:1:0:8:8:2:2:2:1:1:6:3:0:0,,0,0,npu_structured_numeric_rejected,"official structured numeric preflight failed at C index=128, actual=203.250000, expected=6656.000000",,,,,,,,,,,,,runtime_rejected,runtime_rejected,0,,,,
net_log25:cal_v1_layout_tn_wide:rank11,net_log25,Ascend910B3,20,8.1.RC1+toolkit-7.7.0.1.225,cal_v1_layout_tn_wide,1152,4608,6656,fp16,1,0,11,searched,calibration_coupled_counterfactual,BASE,0.7467734108857326,"{""runtime_risk_score"":0.7467734108857326}",18:1152:256:6656:64:256:64:32:8:1:1:0:16:4:2:2:2:1:2:1:15:0:0,,0,0,npu_structured_numeric_rejected,"official structured numeric preflight failed at C index=294912, actual=203.250000, expected=-6656.000000",,,,,,,,,,,,,runtime_rejected,runtime_rejected,0,,,,
net_log25:cal_v1_layout_tn_wide:rank12,net_log25,Ascend910B3,20,8.1.RC1+toolkit-7.7.0.1.225,cal_v1_layout_tn_wide,1152,4608,6656,fp16,1,0,12,searched,calibration_template_probe,DETERMINISTIC_SPLIT_K,0.1487558203979959,"{""runtime_risk_score"":0.1487558203979959}",8:384:4608:384:128:128:128:9:6:3:1:1:3:3:2:2:2:1:1:3:1:0:3,,1,1,numeric_signed_axes_full_v3,,0.944722366333,,3.11250476901,,3.11170168424,,0.303524793195,0.303603128513,-2.16778240268,-69.6475206805,-2.1669793179,-69.6396871487,regressed,regressed,1,,,,
net_log25:cal_v1_layout_tn_wide:rank13,net_log25,Ascend910B3,20,8.1.RC1+toolkit-7.7.0.1.225,cal_v1_layout_tn_wide,1152,4608,6656,fp16,1,0,13,searched,calibration_template_probe,DETERMINISTIC_SPLIT_K,0.2598589285940175,"{""runtime_risk_score"":0.2598589285940175}",1:1152:384:384:128:128:128:6:9:1:3:0:3:3:2:2:2:1:1:1:12:1:3,,0,0,npu_structured_numeric_rejected,"official structured numeric preflight failed at C index=0, actual=-65536.000000, expected=6656.000000",,,,,,,,,,,,,runtime_rejected,runtime_rejected,0,,,,
net_log25:cal_v1_layout_tn_wide:rank14,net_log25,Ascend910B3,20,8.1.RC1+toolkit-7.7.0.1.225,cal_v1_layout_tn_wide,1152,4608,6656,fp16,1,0,14,searched,calibration_template_probe,DETERMINISTIC_SPLIT_K,0.13187471811520107,"{""runtime_risk_score"":0.13187471811520107}",18:1152:384:384:128:128:128:6:9:1:3:0:3:3:2:2:2:1:1:1:12:1:3,,1,1,numeric_signed_axes_full_v3,,0.378992004395,,0.501049758316,,0.500389992116,,0.756395942927,0.757393253995,-0.122057753921,-24.3604057073,-0.121397987721,-24.2606746005,regressed,regressed,1,,,,
net_log25:cal_v1_layout_tn_wide:rank15,net_log25,Ascend910B3,20,8.1.RC1+toolkit-7.7.0.1.225,cal_v1_layout_tn_wide,1152,4608,6656,fp16,1,0,15,searched,calibration_template_probe,SINGLE_CORE_SPLIT_K,0.4290610916086886,"{""runtime_risk_score"":0.4290610916086886}",3:384:4608:384:128:128:128:9:6:3:1:1:3:3:2:2:2:2:1:2:1:0:2,,1,1,numeric_signed_axes_full_v3,,1.73391525269,,10.4876091896,,10.4737994433,,0.165329887998,0.165547876115,-8.75369393695,-83.4670112002,-8.73988419059,-83.4452123885,regressed,regressed,1,,,,
net_log25:cal_v1_layout_tn_wide:rank16,net_log25,Ascend910B3,20,8.1.RC1+toolkit-7.7.0.1.225,cal_v1_layout_tn_wide,1152,4608,6656,fp16,1,0,16,searched,calibration_template_probe,SINGLE_CORE_SPLIT_K,0.4417501987190405,"{""runtime_risk_score"":0.4417501987190405}",20:384:128:384:128:128:128:9:6:3:1:1:3:3:2:2:2:1:6:3:6:0:2,,1,1,numeric_signed_axes_full_v3,,0.548143997192,,1.04811777538,,1.04673764762,,0.522979392266,0.523668942682,-0.499973778189,-47.7020607734,-0.498593650423,-47.6331057318,regressed,regressed,1,,,,
net_log25:cal_v1_layout_nt_tall:rank1,net_log25,Ascend910B3,20,8.1.RC1+toolkit-7.7.0.1.225,cal_v1_layout_nt_tall,3584,1664,5888,fp16,0,1,1,searched,calibration_local_counterfactual,BASE,0.708080723912025,"{""runtime_risk_score"":0.708080723912025}",20:256:128:5888:256:128:64:8:16:1:1:0:4:8:2:2:1:1:3:14:6:0:0,,1,1,numeric_signed_axes_full_v3,,0.280595207214,,0.279909415411,,0.280565074343,,1.00245004907,1.00010740065,0.000685791802912,0.245004907,3.01328713517e-05,0.010740065,within_noise,within_noise,1,,,,
net_log25:cal_v1_layout_nt_tall:rank2,net_log25,Ascend910B3,20,8.1.RC1+toolkit-7.7.0.1.225,cal_v1_layout_nt_tall,3584,1664,5888,fp16,0,1,2,searched,calibration_local_counterfactual,BASE,0.7028149368893366,"{""runtime_risk_score"":0.7028149368893366}",20:256:128:5888:256:128:64:8:16:1:1:0:4:8:2:2:1:3:2:5:8:0:0,,1,1,numeric_signed_axes_full_v3,,0.281144790649,,0.281006969654,,0.28166519949,,1.00049045401,0.998152385023,0.000137820995105,0.049045401,-0.000520408841078,-0.1847614977,within_noise,within_noise,1,,,,
net_log25:cal_v1_layout_nt_tall:rank3,net_log25,Ascend910B3,20,8.1.RC1+toolkit-7.7.0.1.225,cal_v1_layout_nt_tall,3584,1664,5888,fp16,0,1,3,searched,calibration_local_counterfactual,BASE,0.7040191174185385,"{""runtime_risk_score"":0.7040191174185385}",20:256:128:5888:256:128:64:8:16:1:1:0:4:8:2:2:1:2:1:10:13:0:0,,1,1,numeric_signed_axes_full_v3,,0.281382007599,,0.281481371034,,0.282140712107,,0.999646998186,0.997310900287,-9.93634345821e-05,-0.0353001814,-0.000758704507952,-0.2689099713,within_noise,within_noise,1,,,,
net_log25:cal_v1_layout_nt_tall:rank4,net_log25,Ascend910B3,20,8.1.RC1+toolkit-7.7.0.1.225,cal_v1_layout_nt_tall,3584,1664,5888,fp16,0,1,4,searched,calibration_local_counterfactual,BASE,0.6844688513556328,"{""runtime_risk_score"":0.6844688513556328}",20:256:128:5888:256:128:64:8:16:1:1:0:4:8:2:2:1:1:1:14:13:1:0,,1,1,numeric_signed_axes_full_v3,,0.281364803314,,0.281446951365,,0.282106211814,,0.999708122434,0.997371881691,-8.21480511226e-05,-0.0291877566,-0.000741408500352,-0.2628118309,within_noise,within_noise,1,,,,
net_log25:cal_v1_layout_nt_tall:rank5,net_log25,Ascend910B3,20,8.1.RC1+toolkit-7.7.0.1.225,cal_v1_layout_nt_tall,3584,1664,5888,fp16,0,1,5,searched,calibration_local_counterfactual,BASE,0.6797355274440956,"{""runtime_risk_score"":0.6797355274440956}",20:256:128:5888:256:128:64:8:16:1:1:1:4:8:2:2:1:1:1:14:13:0:0,,1,1,numeric_signed_axes_full_v3,,0.281689605713,,0.285665196502,,0.284759641946,,0.986083041136,0.989218850634,-0.00397559078859,-1.3916958864,-0.00307003623323,-1.0781149366,regressed,regressed,1,,,,
net_log25:cal_v1_layout_nt_tall:rank6,net_log25,Ascend910B3,20,8.1.RC1+toolkit-7.7.0.1.225,cal_v1_layout_nt_tall,3584,1664,5888,fp16,0,1,6,searched,calibration_coupled_counterfactual,BASE,0.7807480963363501,"{""runtime_risk_score"":0.7807480963363501}",16:448:832:5888:256:64:64:8:32:1:1:0:4:16:2:2:2:2:1:7:2:0:0,,0,0,npu_structured_numeric_rejected,"official structured numeric preflight failed at C index=64, actual=203.250000, expected=5888.000000",,,,,,,,,,,,,runtime_rejected,runtime_rejected,0,,,,
net_log25:cal_v1_layout_nt_tall:rank7,net_log25,Ascend910B3,20,8.1.RC1+toolkit-7.7.0.1.225,cal_v1_layout_nt_tall,3584,1664,5888,fp16,0,1,7,searched,calibration_coupled_counterfactual,BASE,0.7663130738647961,"{""runtime_risk_score"":0.7663130738647961}",16:896:416:5888:64:256:64:32:8:1:1:0:16:4:2:2:2:1:1:4:4:0:0,,0,0,npu_structured_numeric_rejected,"official structured numeric preflight failed at C index=256, actual=203.250000, expected=-5888.000000",,,,,,,,,,,,,runtime_rejected,runtime_rejected,0,,,,
net_log25:cal_v1_layout_nt_tall:rank8,net_log25,Ascend910B3,20,8.1.RC1+toolkit-7.7.0.1.225,cal_v1_layout_nt_tall,3584,1664,5888,fp16,0,1,8,searched,calibration_coupled_counterfactual,BASE,0.7631107434102906,"{""runtime_risk_score"":0.7631107434102906}",14:256:1664:5888:256:128:64:8:16:1:1:0:4:8:2:2:1:1:1:14:1:0:0,,0,0,npu_structured_numeric_rejected,"official structured numeric preflight failed at C index=128, actual=203.250000, expected=5888.000000",,,,,,,,,,,,,runtime_rejected,runtime_rejected,0,,,,
net_log25:cal_v1_layout_nt_tall:rank9,net_log25,Ascend910B3,20,8.1.RC1+toolkit-7.7.0.1.225,cal_v1_layout_nt_tall,3584,1664,5888,fp16,0,1,9,searched,calibration_coupled_counterfactual,BASE,0.7881119166702056,"{""runtime_risk_score"":0.7881119166702056}",16:896:416:5888:64:256:64:32:8:1:1:0:16:4:2:2:2:4:1:1:4:0:0,,0,0,npu_structured_numeric_rejected,"official structured numeric preflight failed at C index=256, actual=203.250000, expected=-5888.000000",,,,,,,,,,,,,runtime_rejected,runtime_rejected,0,,,,
net_log25:cal_v1_layout_nt_tall:rank10,net_log25,Ascend910B3,20,8.1.RC1+toolkit-7.7.0.1.225,cal_v1_layout_nt_tall,3584,1664,5888,fp16,0,1,10,searched,calibration_coupled_counterfactual,BASE,0.7849423266831552,"{""runtime_risk_score"":0.7849423266831552}",16:448:832:5888:256:64:64:8:32:1:1:0:4:16:2:2:2:1:2:8:1:0:0,,0,0,npu_structured_numeric_rejected,"official structured numeric preflight failed at C index=64, actual=203.250000, expected=5888.000000",,,,,,,,,,,,,runtime_rejected,runtime_rejected,0,,,,
net_log25:cal_v1_layout_nt_tall:rank11,net_log25,Ascend910B3,20,8.1.RC1+toolkit-7.7.0.1.225,cal_v1_layout_nt_tall,3584,1664,5888,fp16,0,1,11,searched,calibration_coupled_counterfactual,BASE,0.7083020457771816,"{""runtime_risk_score"":0.7083020457771816}",20:256:128:5888:256:128:64:8:16:1:1:0:4:8:2:2:1:4:3:4:5:0:0,,1,1,numeric_signed_axes_full_v3,,0.286413593292,,0.295326854718,,0.294390672845,,0.969818994501,0.972903083252,-0.00891326142625,-3.0181005499,-0.00797707955348,-2.7096916748,regressed,regressed,1,,,,
net_log25:cal_v1_layout_nt_tall:rank12,net_log25,Ascend910B3,20,8.1.RC1+toolkit-7.7.0.1.225,cal_v1_layout_nt_tall,3584,1664,5888,fp16,0,1,12,searched,calibration_template_probe,DETERMINISTIC_SPLIT_K,0.3314343211640015,"{""runtime_risk_score"":0.3314343211640015}",1:384:1664:384:128:128:128:9:6:3:1:1:3:3:2:2:2:1:1:10:1:0:3,,0,0,npu_structured_numeric_rejected,"official structured numeric preflight failed at C index=512, actual=-65536.000000, expected=5888.000000",,,,,,,,,,,,,runtime_rejected,runtime_rejected,0,,,,
net_log25:cal_v1_layout_nt_tall:rank13,net_log25,Ascend910B3,20,8.1.RC1+toolkit-7.7.0.1.225,cal_v1_layout_nt_tall,3584,1664,5888,fp16,0,1,13,searched,calibration_template_probe,DETERMINISTIC_SPLIT_K,0.14680856165786982,"{""runtime_risk_score"":0.14680856165786982}",16:3584:384:384:128:128:128:6:9:1:3:0:3:3:2:2:2:1:1:1:5:1:3,,1,1,numeric_signed_axes_full_v3,,0.473303604126,,0.793867951955,,0.795857254395,,0.596199409436,0.594709166138,-0.320564347829,-40.3800590564,-0.322553650269,-40.5290833862,regressed,regressed,1,,,,
net_log25:cal_v1_layout_nt_tall:rank14,net_log25,Ascend910B3,20,8.1.RC1+toolkit-7.7.0.1.225,cal_v1_layout_nt_tall,3584,1664,5888,fp16,0,1,14,searched,calibration_template_probe,DETERMINISTIC_SPLIT_K,0.732229525260878,"{""runtime_risk_score"":0.732229525260878}",2:3584:384:384:128:128:128:6:9:1:3:0:3:3:2:2:2:1:1:1:5:1:3,,1,1,numeric_signed_axes_full_v3,,2.65200012207,,24.9238842911,,24.9863394433,,0.106403965413,0.10613800105,-22.2718841691,-89.3596034587,-22.3343393212,-89.386199895,regressed,regressed,1,,,,
net_log25:cal_v1_layout_nt_tall:rank15,net_log25,Ascend910B3,20,8.1.RC1+toolkit-7.7.0.1.225,cal_v1_layout_nt_tall,3584,1664,5888,fp16,0,1,15,searched,calibration_template_probe,SINGLE_CORE_SPLIT_K,0.34866328755891346,"{""runtime_risk_score"":0.34866328755891346}",7:3584:256:384:128:128:128:9:6:3:1:1:3:3:2:2:2:1:2:1:6:0:2,,1,1,numeric_signed_axes_full_v3,,1.11877197266,,4.43559415815,,4.44670902714,,0.252225955029,0.251595498116,-3.31682218549,-74.7774044971,-3.32793705448,-74.8404501884,regressed,regressed,1,,,,
net_log25:cal_v1_layout_nt_tall:rank16,net_log25,Ascend910B3,20,8.1.RC1+toolkit-7.7.0.1.225,cal_v1_layout_nt_tall,3584,1664,5888,fp16,0,1,16,searched,calibration_template_probe,SINGLE_CORE_SPLIT_K,0.30277482776172826,"{""runtime_risk_score"":0.30277482776172826}",20:384:128:384:128:128:128:9:6:3:1:1:3:3:2:2:2:1:1:10:13:0:2,,1,1,numeric_signed_axes_full_v3,,0.556186790466,,1.09625096102,,1.09899798551,,0.507353526012,0.506085359388,-0.540064170551,-49.2646473988,-0.542811195049,-49.3914640612,regressed,regressed,1,,,,
net_log26:cal_v1_k_shallow:rank1,net_log26,Ascend910B3,20,8.1.RC1+toolkit-7.7.0.1.225,cal_v1_k_shallow,2304,2560,448,fp16,0,0,1,searched,calibration_local_counterfactual,BASE,0.271053823674843,"{""runtime_risk_score"":0.271053823674843}",20:128:256:448:128:256:64:16:8:1:1:0:8:4:2:2:1:2:2:14:5:0:0,,1,1,numeric_signed_axes_full_v3,,0.0337888002396,,0.0339874272566,,0.0337556330415,,0.994155867829,1.0009825678,-0.00019862701704,-0.5844132171,3.31671980952e-05,0.09825678,within_noise,within_noise,1,,,,
net_log26:cal_v1_k_shallow:rank2,net_log26,Ascend910B3,20,8.1.RC1+toolkit-7.7.0.1.225,cal_v1_k_shallow,2304,2560,448,fp16,0,0,2,searched,calibration_local_counterfactual,BASE,0.2541809089977432,"{""runtime_risk_score"":0.2541809089977432}",20:128:256:448:128:256:64:16:8:1:1:0:8:4:2:2:1:2:1:11:10:0:0,,1,1,numeric_signed_axes_full_v3,,0.033820400238,,0.0340510285005,,0.0338188005249,,0.993226981015,1.00004730248,-0.000230628262493,-0.6773018985,1.59971313545e-06,0.00473024800001,within_noise,within_noise,1,,,,
net_log26:cal_v1_k_shallow:rank3,net_log26,Ascend910B3,20,8.1.RC1+toolkit-7.7.0.1.225,cal_v1_k_shallow,2304,2560,448,fp16,0,0,3,searched,calibration_local_counterfactual,BASE,0.2360682012380703,"{""runtime_risk_score"":0.2360682012380703}",20:128:256:448:128:256:64:16:8:1:1:0:8:4:2:2:1:1:1:18:10:1:0,,1,1,numeric_signed_axes_full_v3,,0.0335592007637,,0.0335270982409,,0.0332984434689,,1.00095750973,1.00783091543,3.21025227843e-05,0.095750973,0.000260757294756,0.783091543,within_noise,within_noise,1,,,,
net_log26:cal_v1_k_shallow:rank4,net_log26,Ascend910B3,20,8.1.RC1+toolkit-7.7.0.1.225,cal_v1_k_shallow,2304,2560,448,fp16,0,0,4,searched,calibration_local_counterfactual,BASE,0.28928936070653744,"{""runtime_risk_score"":0.28928936070653744}",20:128:256:448:128:256:64:16:8:1:1:1:8:4:2:2:1:1:1:18:10:0:0,,1,1,numeric_signed_axes_full_v3,,0.0337987995148,,0.0340075463448,,0.0337756149174,,0.993861749746,1.00068643006,-0.000208746829989,-0.6138250254,2.31845973743e-05,0.068643006,within_noise,within_noise,1,,,,
net_log26:cal_v1_k_shallow:rank5,net_log26,Ascend910B3,20,8.1.RC1+toolkit-7.7.0.1.225,cal_v1_k_shallow,2304,2560,448,fp16,0,0,5,searched,calibration_local_counterfactual,BASE,0.24961115898029274,"{""runtime_risk_score"":0.24961115898029274}",20:128:256:448:128:256:64:16:8:1:1:0:8:4:2:2:1:2:2:10:5:0:0,,1,1,numeric_signed_axes_full_v3,,0.0335491991043,,0.0335064511497,,0.0332667951258,,1.00127581266,1.00848906477,4.27479545685e-05,0.127581266,0.000282403978513,0.848906477,within_noise,within_noise,1,,,,
net_log26:cal_v1_k_shallow:rank6,net_log26,Ascend910B3,20,8.1.RC1+toolkit-7.7.0.1.225,cal_v1_k_shallow,2304,2560,448,fp16,0,0,6,searched,calibration_local_counterfactual,BASE,0.25970168023949075,"{""runtime_risk_score"":0.25970168023949075}",20:128:256:448:128:256:64:16:8:1:1:0:8:4:2:2:1:2:2:12:5:0:0,,1,1,numeric_signed_axes_full_v3,,0.0338384008408,,0.034086607437,,0.0338428018254,,0.992718354367,0.99986995803,-0.000248206596187,-0.7281645633,-4.4009846197e-06,-0.013004197,within_noise,within_noise,1,,,,
net_log26:cal_v1_k_shallow:rank7,net_log26,Ascend910B3,20,8.1.RC1+toolkit-7.7.0.1.225,cal_v1_k_shallow,2304,2560,448,fp16,0,0,7,searched,calibration_coupled_counterfactual,BASE,0.28981973239398956,"{""runtime_risk_score"":0.28981973239398956}",18:128:2560:448:128:256:64:16:8:1:1:0:8:4:2:2:1:2:1:14:1:0:0,,1,1,numeric_signed_axes_full_v3,,0.0337892007828,,0.0339875576107,,0.0337444604564,,0.994163839892,1.00132585692,-0.000198356827896,-0.5836160108,4.47403264078e-05,0.132585692,within_noise,within_noise,1,,,,
net_log26:cal_v1_k_shallow:rank8,net_log26,Ascend910B3,20,8.1.RC1+toolkit-7.7.0.1.225,cal_v1_k_shallow,2304,2560,448,fp16,0,0,8,searched,calibration_coupled_counterfactual,BASE,0.26125537827499096,"{""runtime_risk_score"":0.26125537827499096}",20:1152:256:448:128:256:64:16:8:1:1:0:8:4:2:2:1:1:2:2:5:0:0,,1,1,numeric_signed_axes_full_v3,,0.0338159990311,,0.0340414901198,,0.0337980072115,,0.993375992417,1.00053233374,-0.00022549108869,-0.6624007583,1.79918195835e-05,0.053233374,within_noise,within_noise,1,,,,
net_log26:cal_v1_k_shallow:rank9,net_log26,Ascend910B3,20,8.1.RC1+toolkit-7.7.0.1.225,cal_v1_k_shallow,2304,2560,448,fp16,0,0,9,searched,calibration_coupled_counterfactual,BASE,0.27170305380366716,"{""runtime_risk_score"":0.27170305380366716}",20:128:256:448:128:256:64:16:8:1:1:0:8:4:2:2:1:2:1:14:10:0:0,,1,1,numeric_signed_axes_full_v3,,0.0335391998291,,0.0334625766839,,0.0332535212466,,1.00228981605,1.00859092727,7.66231451652e-05,0.228981605,0.000285678582501,0.859092727,within_noise,within_noise,1,,,,
net_log26:cal_v1_k_shallow:rank10,net_log26,Ascend910B3,20,8.1.RC1+toolkit-7.7.0.1.225,cal_v1_k_shallow,2304,2560,448,fp16,0,0,10,searched,calibration_coupled_counterfactual,BASE,0.2527096948889899,"{""runtime_risk_score"":0.2527096948889899}",18:128:2560:448:128:256:64:16:8:1:1:0:8:4:2:2:1:1:1:18:1:0:0,,1,1,numeric_signed_axes_full_v3,,0.0335260009766,,0.0334362444692,,0.0332273535406,,1.00268440756,1.00898799947,8.97565074311e-05,0.268440756,0.000298647436012,0.898799947,within_noise,within_noise,1,,,,
net_log26:cal_v1_k_shallow:rank11,net_log26,Ascend910B3,20,8.1.RC1+toolkit-7.7.0.1.225,cal_v1_k_shallow,2304,2560,448,fp16,0,0,11,searched,calibration_coupled_counterfactual,BASE,0.2898852333415844,"{""runtime_risk_score"":0.2898852333415844}",20:1152:256:448:128:256:64:16:8:1:1:0:8:4:2:2:1:1:2:2:7:0:0,,1,1,numeric_signed_axes_full_v3,,0.0335491991043,,0.0334825325203,,0.0332733524099,,1.00199108547,1.00829031866,6.6666584e-05,0.199108547,0.000275846694365,0.829031866,within_noise,within_noise,1,,,,
net_log26:cal_v1_k_shallow:rank12,net_log26,Ascend910B3,20,8.1.RC1+toolkit-7.7.0.1.225,cal_v1_k_shallow,2304,2560,448,fp16,0,0,12,searched,calibration_coupled_counterfactual,BASE,0.2753678544283384,"{""runtime_risk_score"":0.2753678544283384}",18:128:2560:448:128:256:64:16:8:1:1:0:8:4:2:2:1:2:1:10:1:0:0,,1,1,numeric_signed_axes_full_v3,,0.033825199604,,0.0340357026947,,0.0338230666869,,0.993815227128,1.00006306102,-0.000210503090706,-0.6184772872,2.13291708481e-06,0.00630610200001,within_noise,within_noise,1,,,,
net_log26:cal_v1_k_shallow:rank13,net_log26,Ascend910B3,20,8.1.RC1+toolkit-7.7.0.1.225,cal_v1_k_shallow,2304,2560,448,fp16,0,0,13,searched,calibration_coupled_counterfactual,BASE,0.2538915786884343,"{""runtime_risk_score"":0.2538915786884343}",20:2304:128:448:256:128:64:8:16:1:1:0:4:8:2:2:1:1:1:1:20:0:0,,1,1,numeric_signed_axes_full_v3,,0.0335543990135,,0.0335361421158,,0.0335594661734,,1.00054439469,0.99984900952,1.82568976909e-05,0.054439469,-5.06715990607e-06,-0.015099048,within_noise,within_noise,1,,,,
net_log26:cal_v1_k_shallow:rank14,net_log26,Ascend910B3,20,8.1.RC1+toolkit-7.7.0.1.225,cal_v1_k_shallow,2304,2560,448,fp16,0,0,14,searched,calibration_template_probe,SINGLE_CORE_SPLIT_K,0.3309926329460416,"{""runtime_risk_score"":0.3309926329460416}",6:384:2560:384:128:128:128:9:6:3:1:1:3:3:2:2:2:2:1:5:1:0:2,,1,1,numeric_signed_axes_full_v3,,0.0338116002083,,0.0340522350457,,0.034075918041,,0.992933361434,0.99224326598,-0.000240634837433,-0.7066638566,-0.000264317832732,-0.775673402,within_noise,within_noise,1,,,,
net_log26:cal_v1_k_shallow:rank15,net_log26,Ascend910B3,20,8.1.RC1+toolkit-7.7.0.1.225,cal_v1_k_shallow,2304,2560,448,fp16,0,0,15,searched,calibration_template_probe,SINGLE_CORE_SPLIT_K,0.2568878528118924,"{""runtime_risk_score"":0.2568878528118924}",20:384:128:384:128:128:128:9:6:3:1:1:3:3:2:2:2:1:2:6:10:0:2,,1,1,numeric_signed_axes_full_v3,,0.0335631990433,,0.0335537349057,,0.0335770711991,,1.00028205914,0.999586856289,9.46413761128e-06,0.028205914,-1.38721557997e-05,-0.0413143711,within_noise,within_noise,1,,,,
net_log26:cal_v1_k_shallow:rank16,net_log26,Ascend910B3,20,8.1.RC1+toolkit-7.7.0.1.225,cal_v1_k_shallow,2304,2560,448,fp16,0,0,16,searched,calibration_template_probe,SINGLE_CORE_SPLIT_K,0.3192348415138123,"{""runtime_risk_score"":0.3192348415138123}",6:384:2560:384:128:128:128:9:6:3:1:1:3:3:2:2:2:1:1:6:1:0:2,,1,1,numeric_signed_axes_full_v3,,0.0338355994225,,0.0341005922313,,0.0341243088586,,0.992229084849,0.991539478872,-0.000264992808829,-0.7770915151,-0.000288709436076,-0.8460521128,within_noise,within_noise,1,,,,
net_log26:cal_v1_k_deep:rank1,net_log26,Ascend910B3,20,8.1.RC1+toolkit-7.7.0.1.225,cal_v1_k_deep,1536,2048,24576,fp16,0,0,1,searched,calibration_local_counterfactual,BASE,0.587634508742371,"{""runtime_risk_score"":0.587634508742371}",20:128:256:24576:128:256:64:16:8:1:1:0:8:4:2:2:1:2:3:8:3:0:0,,1,1,numeric_signed_axes_full_v3,,0.709303970337,,0.755349497548,,0.755816999741,,0.93904076542,0.938459932206,-0.0460455272109,-6.095923458,-0.0465130294039,-6.1540067794,regressed,regressed,1,,,,
net_log26:cal_v1_k_deep:rank2,net_log26,Ascend910B3,20,8.1.RC1+toolkit-7.7.0.1.225,cal_v1_k_deep,1536,2048,24576,fp16,0,0,2,searched,calibration_local_counterfactual,BASE,0.5327404736698046,"{""runtime_risk_score"":0.5327404736698046}",20:128:256:24576:128:256:64:16:8:1:1:0:8:4:2:2:1:2:1:6:8:0:0,,1,1,numeric_signed_axes_full_v3,,0.700499572754,,0.736713982228,,0.737169950497,,0.950843325432,0.950255191875,-0.0362144094741,-4.9156674568,-0.036670377743,-4.9744808125,regressed,regressed,1,,,,
net_log26:cal_v1_k_deep:rank3,net_log26,Ascend910B3,20,8.1.RC1+toolkit-7.7.0.1.225,cal_v1_k_deep,1536,2048,24576,fp16,0,0,3,searched,calibration_local_counterfactual,BASE,0.5907660835399654,"{""runtime_risk_score"":0.5907660835399654}",20:128:256:24576:128:256:64:16:8:1:1:0:8:4:2:2:1:2:4:7:2:0:0,,1,1,numeric_signed_axes_full_v3,,0.700388412476,,0.736480186701,,0.736936010268,,0.950994235993,0.950406009093,-0.0360917742253,-4.9005764007,-0.0365475977923,-4.9593990907,regressed,regressed,1,,,,
net_log26:cal_v1_k_deep:rank4,net_log26,Ascend910B3,20,8.1.RC1+toolkit-7.7.0.1.225,cal_v1_k_deep,1536,2048,24576,fp16,0,0,4,searched,calibration_local_counterfactual,BASE,0.5554733854694496,"{""runtime_risk_score"":0.5554733854694496}",20:128:256:24576:128:256:64:16:8:1:1:0:8:4:2:2:1:2:2:6:4:1:0,,1,1,numeric_signed_axes_full_v3,,0.665867614746,,0.665669944968,,0.666081942541,,1.00029694863,0.999678226084,0.00019766977819,0.029694863,-0.000214327795028,-0.0321773916,within_noise,within_noise,1,,,,
net_log26:cal_v1_k_deep:rank5,net_log26,Ascend910B3,20,8.1.RC1+toolkit-7.7.0.1.225,cal_v1_k_deep,1536,2048,24576,fp16,0,0,5,searched,calibration_local_counterfactual,BASE,,{},20:128:256:24576:128:256:64:16:8:1:1:1:8:4:2:2:1:2:2:6:4:0:0,,1,1,numeric_signed_axes_full_v3,paired baseline drift; latency excluded,0.665806427002,,,,,,,,,,,,,,0,,,,
net_log26:cal_v1_k_deep:rank6,net_log26,Ascend910B3,20,8.1.RC1+toolkit-7.7.0.1.225,cal_v1_k_deep,1536,2048,24576,fp16,0,0,6,searched,calibration_local_counterfactual,BASE,,{},20:128:256:24576:128:256:64:16:8:1:1:0:8:4:2:2:1:4:2:3:5:0:0,,1,1,numeric_signed_axes_full_v3,paired baseline drift; latency excluded,0.665579986572,,,,,,,,,,,,,,0,,,,
net_log26:cal_v1_k_deep:rank7,net_log26,Ascend910B3,20,8.1.RC1+toolkit-7.7.0.1.225,cal_v1_k_deep,1536,2048,24576,fp16,0,0,7,searched,calibration_coupled_counterfactual,BASE,,{},16:384:512:24576:256:128:64:8:16:1:1:0:4:8:2:2:1:2:4:3:1:0:0,,1,1,numeric_signed_axes_full_v3,paired baseline drift; latency excluded,0.701414413452,,,,,,,,,,,,,,0,,,,
net_log26:cal_v1_k_deep:rank8,net_log26,Ascend910B3,20,8.1.RC1+toolkit-7.7.0.1.225,cal_v1_k_deep,1536,2048,24576,fp16,0,0,8,searched,calibration_coupled_counterfactual,BASE,,{},16:384:512:24576:256:64:64:8:32:1:1:0:4:16:2:2:2:1:1:4:4:0:0,,1,1,numeric_signed_axes_full_v3,paired baseline drift; latency excluded,0.665661621094,,,,,,,,,,,,,,0,,,,
net_log26:cal_v1_k_deep:rank9,net_log26,Ascend910B3,20,8.1.RC1+toolkit-7.7.0.1.225,cal_v1_k_deep,1536,2048,24576,fp16,0,0,9,searched,calibration_coupled_counterfactual,BASE,0.5774839815387687,"{""runtime_risk_score"":0.5774839815387687}",16:768:256:24576:128:256:64:16:8:1:1:0:8:4:2:2:1:2:4:1:2:0:0,,1,1,numeric_signed_axes_full_v3,,0.701637191772,,0.706607339177,,0.715414342108,,0.992966182023,0.98074241803,-0.00497014740498,-0.7033817977,-0.0137771503357,-1.925758197,within_noise,regressed,1,,,,
net_log26:cal_v1_k_deep:rank10,net_log26,Ascend910B3,20,8.1.RC1+toolkit-7.7.0.1.225,cal_v1_k_deep,1536,2048,24576,fp16,0,0,10,searched,calibration_coupled_counterfactual,BASE,0.4533435074125282,"{""runtime_risk_score"":0.4533435074125282}",16:192:1024:24576:128:256:64:16:8:1:1:0:8:4:2:2:1:2:1:4:2:0:0,,1,1,numeric_signed_axes_full_v3,,0.711871185303,,0.727370643308,,0.736436435626,,0.978691114155,0.966643081283,-0.0154994580053,-2.1308885845,-0.0245652503234,-3.3356918717,regressed,regressed,1,,,,
net_log26:cal_v1_k_deep:rank11,net_log26,Ascend910B3,20,8.1.RC1+toolkit-7.7.0.1.225,cal_v1_k_deep,1536,2048,24576,fp16,0,0,11,searched,calibration_coupled_counterfactual,BASE,0.5519475649828967,"{""runtime_risk_score"":0.5519475649828967}",16:384:512:24576:128:256:64:16:8:1:1:0:8:4:2:2:1:1:1:4:4:0:0,,1,1,numeric_signed_axes_full_v3,,0.665806808472,,0.636281658433,,0.644212137103,,1.04640264205,1.03352105638,0.0295251500392,4.640264205,0.0215946713685,3.352105638,improved,improved,1,,,,
net_log26:cal_v1_k_deep:rank12,net_log26,Ascend910B3,20,8.1.RC1+toolkit-7.7.0.1.225,cal_v1_k_deep,1536,2048,24576,fp16,0,0,12,searched,calibration_coupled_counterfactual,BASE,0.625443720211879,"{""runtime_risk_score"":0.625443720211879}",16:192:1024:24576:128:256:64:16:8:1:1:0:8:4:2:2:1:3:2:3:1:0:0,,1,1,numeric_signed_axes_full_v3,,0.693341217041,,0.689996642532,,0.698596613291,,1.00484723302,0.992477209093,0.00334457450937,0.484723302,-0.00525539625013,-0.7522790907,within_noise,within_noise,1,,,,
net_log26:cal_v1_k_deep:rank13,net_log26,Ascend910B3,20,8.1.RC1+toolkit-7.7.0.1.225,cal_v1_k_deep,1536,2048,24576,fp16,0,0,13,searched,calibration_coupled_counterfactual,BASE,0.5380915742934481,"{""runtime_risk_score"":0.5380915742934481}",16:384:512:24576:64:256:64:32:8:1:1:0:16:4:2:2:2:1:1:4:4:0:0,,1,1,numeric_signed_axes_full_v3,,0.695988388062,,0.698945963713,,0.709956228384,,0.995768520308,0.980325772542,-0.00295757565126,-0.4231479692,-0.0139678403225,-1.9674227458,within_noise,regressed,1,,,,
net_log26:cal_v1_k_deep:rank14,net_log26,Ascend910B3,20,8.1.RC1+toolkit-7.7.0.1.225,cal_v1_k_deep,1536,2048,24576,fp16,0,0,14,searched,calibration_template_probe,DETERMINISTIC_SPLIT_K,0.373527726118546,"{""runtime_risk_score"":0.373527726118546}",1:1536:384:384:128:128:128:6:9:1:3:0:3:3:2:2:2:1:1:1:6:1:3,,1,1,numeric_signed_axes_full_v3,,0.706717987061,,0.720662465878,,0.732014823428,,0.980650471646,0.965442180189,-0.0139444788172,-1.9349528354,-0.025296836367,-3.4557819811,regressed,regressed,1,,,,
net_log26:cal_v1_k_deep:rank15,net_log26,Ascend910B3,20,8.1.RC1+toolkit-7.7.0.1.225,cal_v1_k_deep,1536,2048,24576,fp16,0,0,15,searched,calibration_template_probe,DETERMINISTIC_SPLIT_K,0.24380105905786068,"{""runtime_risk_score"":0.24380105905786068}",4:384:2048:384:128:128:128:9:6:3:1:1:3:3:2:2:2:1:1:4:1:0:3,,1,1,numeric_signed_axes_full_v3,,0.69728843689,,0.701559549087,,0.712610984704,,0.993911974825,0.978498019055,-0.0042711121966,-0.6088025175,-0.0153225478143,-2.1501980945,within_noise,regressed,1,,,,
net_log26:cal_v1_k_deep:rank16,net_log26,Ascend910B3,20,8.1.RC1+toolkit-7.7.0.1.225,cal_v1_k_deep,1536,2048,24576,fp16,0,0,16,searched,calibration_template_probe,SINGLE_CORE_SPLIT_K,0.2667729271058591,"{""runtime_risk_score"":0.2667729271058591}",4:384:2048:384:128:128:128:9:6:3:1:1:3:3:2:2:2:1:1:4:1:0:2,,1,1,numeric_signed_axes_full_v3,,0.665650405884,,0.639340204832,,0.649411519691,,1.04115211409,1.02500554071,0.0263102010516,4.115211409,0.0162388861932,2.500554071,improved,improved,1,,,,
net_log26:cal_v1_k_low_output_deep_aligned:rank1,net_log26,Ascend910B3,20,8.1.RC1+toolkit-7.7.0.1.225,cal_v1_k_low_output_deep_aligned,320,256,28672,fp16,0,0,1,searched,calibration_local_counterfactual,DETERMINISTIC_SPLIT_K,0.2728358665542501,"{""runtime_risk_score"":0.2728358665542501}",20:384:256:384:128:128:128:9:6:3:1:1:3:3:2:2:2:1:1:1:2:0:3,,1,1,numeric_signed_axes_full_v3,,0.0512843990326,,0.0512188803817,,0.0506117385254,,1.00127918944,1.01329060267,6.55186509129e-05,0.127918944,0.000672660507179,1.329060267,within_noise,within_noise,1,,,,
net_log26:cal_v1_k_low_output_deep_aligned:rank2,net_log26,Ascend910B3,20,8.1.RC1+toolkit-7.7.0.1.225,cal_v1_k_low_output_deep_aligned,320,256,28672,fp16,0,0,2,searched,calibration_local_counterfactual,DETERMINISTIC_SPLIT_K,0.3064250844030863,"{""runtime_risk_score"":0.3064250844030863}",20:384:256:384:128:128:128:9:6:3:1:1:3:3:2:2:2:1:1:10:2:1:3,,1,1,numeric_signed_axes_full_v3,,0.0513855981827,,0.0514212195475,,0.0508116791891,,0.999307263322,1.0112950212,-3.5621364808e-05,-0.0692736678,0.000573918993648,1.12950212,within_noise,within_noise,1,,,,
net_log26:cal_v1_k_low_output_deep_aligned:rank3,net_log26,Ascend910B3,20,8.1.RC1+toolkit-7.7.0.1.225,cal_v1_k_low_output_deep_aligned,320,256,28672,fp16,0,0,3,searched,calibration_local_counterfactual,DETERMINISTIC_SPLIT_K,0.341422412466198,"{""runtime_risk_score"":0.341422412466198}",20:384:256:384:128:128:128:9:6:3:1:1:3:3:2:2:2:1:1:5:2:0:3,,1,1,numeric_signed_axes_full_v3,,0.0513819980621,,0.0514140145674,,0.0508045596158,,0.999377280581,1.01136587839,-3.20165052799e-05,-0.0622719419,0.000577438446251,1.136587839,within_noise,within_noise,1,,,,
net_log26:cal_v1_k_low_output_deep_aligned:rank4,net_log26,Ascend910B3,20,8.1.RC1+toolkit-7.7.0.1.225,cal_v1_k_low_output_deep_aligned,320,256,28672,fp16,0,0,4,searched,calibration_local_counterfactual,DETERMINISTIC_SPLIT_K,0.3472545116162103,"{""runtime_risk_score"":0.3472545116162103}",20:384:256:384:128:128:128:9:6:3:1:1:3:3:2:2:2:1:1:10:1:0:3,,1,1,numeric_signed_axes_full_v3,,0.0514404010773,,0.0515309598053,,0.0509201186006,,0.998242634558,1.01021762107,-9.05587279548e-05,-0.1757365442,0.0005202824767,1.021762107,within_noise,within_noise,1,,,,
net_log26:cal_v1_k_low_output_deep_aligned:rank5,net_log26,Ascend910B3,20,8.1.RC1+toolkit-7.7.0.1.225,cal_v1_k_low_output_deep_aligned,320,256,28672,fp16,0,0,5,searched,calibration_coupled_counterfactual,DETERMINISTIC_SPLIT_K,0.3245473226541107,"{""runtime_risk_score"":0.3245473226541107}",1:320:384:384:128:128:128:6:9:1:3:0:3:3:2:2:2:1:1:1:1:1:3,,0,0,npu_structured_numeric_rejected,"official structured numeric preflight failed at C index=0, actual=0.000000, expected=28672.000000",,,,,,,,,,,,,runtime_rejected,runtime_rejected,0,,,,
net_log26:cal_v1_k_low_output_deep_aligned:rank6,net_log26,Ascend910B3,20,8.1.RC1+toolkit-7.7.0.1.225,cal_v1_k_low_output_deep_aligned,320,256,28672,fp16,0,0,6,searched,calibration_coupled_counterfactual,DETERMINISTIC_SPLIT_K,0.23233829221951893,"{""runtime_risk_score"":0.23233829221951893}",4:384:256:384:128:128:128:9:6:3:1:1:3:3:2:2:2:1:1:1:1:0:3,,1,1,numeric_signed_axes_full_v3,,0.141632404327,,0.391888715176,,0.378776244304,,0.361409754459,0.373921032422,-0.250256310849,-63.8590245541,-0.237143839977,-62.6078967578,regressed,regressed,1,,,,
net_log26:cal_v1_k_low_output_deep_aligned:rank7,net_log26,Ascend910B3,20,8.1.RC1+toolkit-7.7.0.1.225,cal_v1_k_low_output_deep_aligned,320,256,28672,fp16,0,0,7,searched,calibration_coupled_counterfactual,DETERMINISTIC_SPLIT_K,0.31012075635966424,"{""runtime_risk_score"":0.31012075635966424}",1:384:256:384:128:128:128:9:6:3:1:1:3:3:2:2:2:1:1:1:1:0:3,,0,0,npu_structured_numeric_rejected,"official structured numeric preflight failed at C index=256, actual=65536.000000, expected=28672.000000",,,,,,,,,,,,,runtime_rejected,runtime_rejected,0,,,,
net_log26:cal_v1_k_low_output_deep_aligned:rank8,net_log26,Ascend910B3,20,8.1.RC1+toolkit-7.7.0.1.225,cal_v1_k_low_output_deep_aligned,320,256,28672,fp16,0,0,8,searched,calibration_coupled_counterfactual,DETERMINISTIC_SPLIT_K,0.2352385101894646,"{""runtime_risk_score"":0.2352385101894646}",4:320:384:384:128:128:128:6:9:1:3:0:3:3:2:2:2:1:1:1:1:1:3,,1,1,numeric_signed_axes_full_v3,,0.124951200485,,0.305013012964,,0.294807375258,,0.409658588893,0.42384014435,-0.180061812479,-59.0341411107,-0.169856174773,-57.615985565,regressed,regressed,1,,,,
net_log26:cal_v1_k_low_output_deep_aligned:rank9,net_log26,Ascend910B3,20,8.1.RC1+toolkit-7.7.0.1.225,cal_v1_k_low_output_deep_aligned,320,256,28672,fp16,0,0,9,searched,calibration_coupled_counterfactual,DETERMINISTIC_SPLIT_K,,{},2:384:256:384:128:128:128:9:6:3:1:1:3:3:2:2:2:1:1:1:1:0:3,,1,1,numeric_signed_axes_full_v3,paired baseline drift; latency excluded,0.270065593719,,,,,,,,,,,,,,0,,,,
net_log26:cal_v1_k_low_output_deep_aligned:rank10,net_log26,Ascend910B3,20,8.1.RC1+toolkit-7.7.0.1.225,cal_v1_k_low_output_deep_aligned,320,256,28672,fp16,0,0,10,searched,calibration_template_probe,BASE,0.5570789265283561,"{""runtime_risk_score"":0.5570789265283561}",1:320:256:28672:128:256:64:16:8:1:1:0:8:4:2:2:1:1:1:1:1:0:0,,0,0,npu_structured_numeric_rejected,"official structured numeric preflight failed at C index=32768, actual=203.250000, expected=28672.000000",,,,,,,,,,,,,runtime_rejected,runtime_rejected,0,,,,
net_log26:cal_v1_k_low_output_deep_aligned:rank11,net_log26,Ascend910B3,20,8.1.RC1+toolkit-7.7.0.1.225,cal_v1_k_low_output_deep_aligned,320,256,28672,fp16,0,0,11,searched,calibration_template_probe,BASE,,{},8:256:64:28672:256:64:64:8:32:1:1:0:4:16:2:2:2:2:2:1:3:0:0,,1,1,numeric_signed_axes_full_v3,paired baseline drift; latency excluded,0.140014801025,,,,,,,,,,,,,,0,,,,
net_log26:cal_v1_k_low_output_deep_aligned:rank12,net_log26,Ascend910B3,20,8.1.RC1+toolkit-7.7.0.1.225,cal_v1_k_low_output_deep_aligned,320,256,28672,fp16,0,0,12,searched,calibration_template_probe,SINGLE_CORE_SPLIT_K,,{},1:384:384:384:128:128:128:6:9:1:3:0:3:3:2:2:2:1:1:1:1:0:2,,1,1,numeric_signed_axes_full_v3,paired baseline drift; latency excluded,0.595963592529,,,,,,,,,,,,,,0,,,,
net_log26:cal_v1_k_low_output_deep_aligned:rank13,net_log26,Ascend910B3,20,8.1.RC1+toolkit-7.7.0.1.225,cal_v1_k_low_output_deep_aligned,320,256,28672,fp16,0,0,13,searched,calibration_template_probe,BASE,0.5586277868187635,"{""runtime_risk_score"":0.5586277868187635}",2:160:256:28672:128:256:64:16:8:1:1:0:8:4:2:2:1:1:1:2:1:0:0,,0,0,npu_structured_numeric_rejected,"official structured numeric preflight failed at C index=32768, actual=203.250000, expected=28672.000000",,,,,,,,,,,,,runtime_rejected,runtime_rejected,0,,,,
net_log26:cal_v1_k_low_output_deep_aligned:rank14,net_log26,Ascend910B3,20,8.1.RC1+toolkit-7.7.0.1.225,cal_v1_k_low_output_deep_aligned,320,256,28672,fp16,0,0,14,searched,calibration_template_probe,SINGLE_CORE_SPLIT_K,,{},4:256:128:512:128:128:128:8:8:2:1:1:4:4:2:2:2:2:2:1:1:0:2,,1,1,numeric_signed_axes_full_v3,paired baseline drift; latency excluded,0.254341201782,,,,,,,,,,,,,,0,,,,
net_log26:cal_v1_k_low_output_deep_aligned:rank15,net_log26,Ascend910B3,20,8.1.RC1+toolkit-7.7.0.1.225,cal_v1_k_low_output_deep_aligned,320,256,28672,fp16,0,0,15,searched,calibration_template_probe,BASE,,{},8:256:64:28672:256:64:64:8:32:1:1:0:4:16:2:2:2:2:4:1:1:0:0,,1,1,numeric_signed_axes_full_v3,paired baseline drift; latency excluded,0.139868001938,,,,,,,,,,,,,,0,,,,
net_log26:cal_v1_k_low_output_deep_aligned:rank16,net_log26,Ascend910B3,20,8.1.RC1+toolkit-7.7.0.1.225,cal_v1_k_low_output_deep_aligned,320,256,28672,fp16,0,0,16,searched,calibration_template_probe,SINGLE_CORE_SPLIT_K,,{},2:256:384:384:128:128:128:6:9:1:3:0:3:3:2:2:2:1:1:2:1:0:2,,1,1,numeric_signed_axes_full_v3,paired baseline drift; latency excluded,0.429042396545,,,,,,,,,,,,,,0,,,,
net_log26:cal_v1_k_low_output_deep_odd:rank1,net_log26,Ascend910B3,20,8.1.RC1+toolkit-7.7.0.1.225,cal_v1_k_low_output_deep_odd,704,512,16385,fp16,0,0,1,searched,calibration_local_counterfactual,BASE,0.26804509952446426,"{""runtime_risk_score"":0.26804509952446426}",20:80:256:16385:80:256:64:24:8:1:1:0:12:4:2:2:1:2:2:8:1:0:0,,1,1,numeric_signed_axes_full_v3,,0.116731996536,,0.116855456135,,0.116861469344,,0.998943484514,0.998892083003,-0.00012345959903,-0.1056515486,-0.000129472808181,-0.1107916997,within_noise,within_noise,1,,,,
net_log26:cal_v1_k_low_output_deep_odd:rank2,net_log26,Ascend910B3,20,8.1.RC1+toolkit-7.7.0.1.225,cal_v1_k_low_output_deep_odd,704,512,16385,fp16,0,0,2,searched,calibration_local_counterfactual,BASE,0.4283808108084359,"{""runtime_risk_score"":0.4283808108084359}",20:80:256:16385:80:256:64:24:8:1:1:0:12:4:2:2:1:9:1:1:2:0:0,,1,1,numeric_signed_axes_full_v3,,0.11656080246,,0.116512957194,,0.116518952778,,1.00041064331,1.00035916631,4.78452663999e-05,0.041064331,4.18496823142e-05,0.035916631,within_noise,within_noise,1,,,,
net_log26:cal_v1_k_low_output_deep_odd:rank3,net_log26,Ascend910B3,20,8.1.RC1+toolkit-7.7.0.1.225,cal_v1_k_low_output_deep_odd,704,512,16385,fp16,0,0,3,searched,calibration_local_counterfactual,BASE,0.2640567456769253,"{""runtime_risk_score"":0.2640567456769253}",20:80:256:16385:80:256:64:24:8:1:1:0:12:4:2:2:1:2:1:6:2:0:0,,1,1,numeric_signed_axes_full_v3,,0.116538801193,,0.116468976872,,0.116474970194,,1.00059951004,1.00054802331,6.98243209833e-05,0.059951004,6.3830998698e-05,0.054802331,within_noise,within_noise,1,,,,
net_log26:cal_v1_k_low_output_deep_odd:rank4,net_log26,Ascend910B3,20,8.1.RC1+toolkit-7.7.0.1.225,cal_v1_k_low_output_deep_odd,704,512,16385,fp16,0,0,4,searched,calibration_local_counterfactual,BASE,0.2540447177337846,"{""runtime_risk_score"":0.2540447177337846}",20:80:256:16385:80:256:64:24:8:1:1:0:12:4:2:2:1:1:2:9:1:0:0,,1,1,numeric_signed_axes_full_v3,,0.116618795395,,0.116628924296,,0.116634925848,,0.999913152756,0.99986170135,-1.01289006458e-05,-0.0086847244,-1.61304527876e-05,-0.013829865,within_noise,within_noise,1,,,,
net_log26:cal_v1_k_low_output_deep_odd:rank5,net_log26,Ascend910B3,20,8.1.RC1+toolkit-7.7.0.1.225,cal_v1_k_low_output_deep_odd,704,512,16385,fp16,0,0,5,searched,calibration_local_counterfactual,BASE,0.2941223721650442,"{""runtime_risk_score"":0.2941223721650442}",20:80:256:16385:80:256:64:24:8:1:1:0:12:4:2:2:1:5:1:2:2:0:0,,1,1,numeric_signed_axes_full_v3,,0.11685839653,,0.117095269312,,0.117114686745,,0.997977093499,0.997811630447,-0.000236872781527,-0.2022906501,-0.000256290214681,-0.2188369553,within_noise,within_noise,1,,,,
net_log26:cal_v1_k_low_output_deep_odd:rank6,net_log26,Ascend910B3,20,8.1.RC1+toolkit-7.7.0.1.225,cal_v1_k_low_output_deep_odd,704,512,16385,fp16,0,0,6,searched,calibration_local_counterfactual,BASE,0.2649009821408993,"{""runtime_risk_score"":0.2649009821408993}",20:80:256:16385:80:256:64:24:8:1:1:0:12:4:2:2:1:2:1:8:2:0:0,,1,1,numeric_signed_axes_full_v3,,0.116851596832,,0.117081642746,,0.117101057919,,0.998035166671,0.99786969399,-0.000230045913881,-0.1964833329,-0.000249461087463,-0.213030601,within_noise,within_noise,1,,,,
net_log26:cal_v1_k_low_output_deep_odd:rank7,net_log26,Ascend910B3,20,8.1.RC1+toolkit-7.7.0.1.225,cal_v1_k_low_output_deep_odd,704,512,16385,fp16,0,0,7,searched,calibration_coupled_counterfactual,BASE,0.3962517210279727,"{""runtime_risk_score"":0.3962517210279727}",11:64:512:16385:64:256:64:32:8:1:1:0:16:4:2:2:2:2:1:10:1:0:0,,1,1,numeric_signed_axes_full_v3,,0.116708803177,,0.116795668038,,0.11681503579,,0.999256266411,0.999090591274,-8.68648613698e-05,-0.0743733589,-0.000106232612875,-0.0909408726,within_noise,within_noise,1,,,,
net_log26:cal_v1_k_low_output_deep_odd:rank8,net_log26,Ascend910B3,20,8.1.RC1+toolkit-7.7.0.1.225,cal_v1_k_low_output_deep_odd,704,512,16385,fp16,0,0,8,searched,calibration_coupled_counterfactual,BASE,0.31261741853673725,"{""runtime_risk_score"":0.31261741853673725}",2:704:256:16385:128:256:64:16:8:1:1:0:8:4:2:2:1:1:2:1:1:0:0,,1,1,numeric_signed_axes_full_v3,,0.116633195877,,0.116644389908,,0.116663732574,,0.999904032836,0.9997382503,-1.1194031296e-05,-0.0095967164,-3.05366970021e-05,-0.02617497,within_noise,within_noise,1,,,,
net_log26:cal_v1_k_low_output_deep_odd:rank9,net_log26,Ascend910B3,20,8.1.RC1+toolkit-7.7.0.1.225,cal_v1_k_low_output_deep_odd,704,512,16385,fp16,0,0,9,searched,calibration_coupled_counterfactual,BASE,0.3206777274575012,"{""runtime_risk_score"":0.3206777274575012}",8:176:256:16385:64:256:64:32:8:1:1:0:16:4:2:2:2:1:1:4:2:0:0,,1,1,numeric_signed_axes_full_v3,,0.116592798233,,0.11656360086,,0.116505659427,,1.00025048448,1.00074793625,2.91973729484e-05,0.025048448,8.71388060156e-05,0.074793625,within_noise,within_noise,1,,,,
net_log26:cal_v1_k_low_output_deep_odd:rank10,net_log26,Ascend910B3,20,8.1.RC1+toolkit-7.7.0.1.225,cal_v1_k_low_output_deep_odd,704,512,16385,fp16,0,0,10,searched,calibration_coupled_counterfactual,BASE,0.29936654698653176,"{""runtime_risk_score"":0.29936654698653176}",8:176:256:16385:128:256:64:16:8:1:1:0:8:4:2:2:1:2:2:3:1:0:0,,1,1,numeric_signed_axes_full_v3,,0.116821603775,,0.117021546251,,0.116963377183,,0.998291404599,0.998787882058,-0.000199942475742,-0.1708595401,-0.00014177340804,-0.1212117942,within_noise,within_noise,1,,,,
net_log26:cal_v1_k_low_output_deep_odd:rank11,net_log26,Ascend910B3,20,8.1.RC1+toolkit-7.7.0.1.225,cal_v1_k_low_output_deep_odd,704,512,16385,fp16,0,0,11,searched,calibration_coupled_counterfactual,BASE,0.26891073106112695,"{""runtime_risk_score"":0.26891073106112695}",12:128:256:16385:128:256:64:16:8:1:1:0:8:4:2:2:1:2:1:3:2:0:0,,1,1,numeric_signed_axes_full_v3,,0.116721601486,,0.116821285112,,0.11676321559,,0.999146699799,0.99964360262,-9.96836260672e-05,-0.0853300201,-4.16141041167e-05,-0.035639738,within_noise,within_noise,1,,,,
net_log26:cal_v1_k_low_output_deep_odd:rank12,net_log26,Ascend910B3,20,8.1.RC1+toolkit-7.7.0.1.225,cal_v1_k_low_output_deep_odd,704,512,16385,fp16,0,0,12,searched,calibration_coupled_counterfactual,BASE,0.2843262115711332,"{""runtime_risk_score"":0.2843262115711332}",20:64:256:16385:64:256:64:32:8:1:1:0:16:4:2:2:2:2:1:8:2:0:0,,1,1,numeric_signed_axes_full_v3,,0.116639204025,,0.116656407667,,0.116598420103,,0.999852527243,1.00034978109,-1.72036420604e-05,-0.0147472757,4.07839224757e-05,0.034978109,within_noise,within_noise,1,,,,
net_log26:cal_v1_k_low_output_deep_odd:rank13,net_log26,Ascend910B3,20,8.1.RC1+toolkit-7.7.0.1.225,cal_v1_k_low_output_deep_odd,704,512,16385,fp16,0,0,13,searched,calibration_coupled_counterfactual,BASE,0.28934389046873676,"{""runtime_risk_score"":0.28934389046873676}",2:704:256:16385:128:256:64:16:8:1:1:0:8:4:2:2:1:1:1:1:2:0:0,,1,1,numeric_signed_axes_full_v3,,0.116758403778,,0.116768141605,,0.116786147986,,0.999916605446,0.999762435798,-9.73782709056e-06,-0.0083394554,-2.7744208051e-05,-0.0237564202,within_noise,within_noise,1,,,,
net_log26:cal_v1_k_low_output_deep_odd:rank14,net_log26,Ascend910B3,20,8.1.RC1+toolkit-7.7.0.1.225,cal_v1_k_low_output_deep_odd,704,512,16385,fp16,0,0,14,searched,calibration_template_probe,DETERMINISTIC_SPLIT_K,0.22551968801610728,"{""runtime_risk_score"":0.22551968801610728}",1:704:384:384:128:128:128:6:9:1:3:0:3:3:2:2:2:1:1:1:2:1:3,,1,1,numeric_signed_axes_full_v3,,0.116814002991,,0.116879375783,,0.116897399317,,0.999440681542,0.999286585273,-6.53727922351e-05,-0.0559318458,-8.33963262209e-05,-0.0713414727,within_noise,within_noise,1,,,,
net_log26:cal_v1_k_low_output_deep_odd:rank15,net_log26,Ascend910B3,20,8.1.RC1+toolkit-7.7.0.1.225,cal_v1_k_low_output_deep_odd,704,512,16385,fp16,0,0,15,searched,calibration_template_probe,DETERMINISTIC_SPLIT_K,0.21200816879129192,"{""runtime_risk_score"":0.21200816879129192}",4:384:512:384:128:128:128:9:6:3:1:1:3:3:2:2:2:1:1:2:1:0:3,,1,1,numeric_signed_axes_full_v3,,0.116538000107,,0.116327713587,,0.116345652052,,1.00180770784,1.00165324661,0.000210286519861,0.180770784,0.000192348054843,0.165324661,within_noise,within_noise,1,,,,
net_log26:cal_v1_k_low_output_deep_odd:rank16,net_log26,Ascend910B3,20,8.1.RC1+toolkit-7.7.0.1.225,cal_v1_k_low_output_deep_odd,704,512,16385,fp16,0,0,16,searched,calibration_template_probe,SINGLE_CORE_SPLIT_K,0.3602469214415106,"{""runtime_risk_score"":0.3602469214415106}",4:384:256:384:128:128:128:9:6:3:1:1:3:3:2:2:2:2:2:1:1:0:2,,1,1,numeric_signed_axes_full_v3,,0.116606798172,,0.116465101975,,0.116483061625,,1.00121664082,1.00106227073,0.000141696197168,0.121664082,0.000123736546905,0.106227073,within_noise,within_noise,1,,,,
net_log26:cal_v1_skinny_m:rank1,net_log26,Ascend910B3,20,8.1.RC1+toolkit-7.7.0.1.225,cal_v1_skinny_m,73,4608,12288,fp16,0,0,1,searched,calibration_local_counterfactual,BASE,0.25935537713961737,"{""runtime_risk_score"":0.25935537713961737}",20:80:256:12288:80:256:64:24:8:1:1:0:12:4:2:2:1:1:2:1:16:0:0,,1,1,numeric_signed_axes_full_v3,,0.0602848005295,,0.0601565417372,,0.0602383042643,,1.00213208387,1.00077187208,0.000128258792313,0.213208387,4.64962652082e-05,0.077187208,within_noise,within_noise,1,,,,
net_log26:cal_v1_skinny_m:rank2,net_log26,Ascend910B3,20,8.1.RC1+toolkit-7.7.0.1.225,cal_v1_skinny_m,73,4608,12288,fp16,0,0,2,searched,calibration_local_counterfactual,BASE,0.2682462259894175,"{""runtime_risk_score"":0.2682462259894175}",20:80:256:12288:80:256:64:24:8:1:1:0:12:4:2:2:1:1:2:1:9:0:0,,1,1,numeric_signed_axes_full_v3,,0.0602695989609,,0.0601262071094,,0.0602079284067,,1.00238484778,1.00102429291,0.000143391851545,0.238484778,6.16705541928e-05,0.102429291,within_noise,within_noise,1,,,,
net_log26:cal_v1_skinny_m:rank3,net_log26,Ascend910B3,20,8.1.RC1+toolkit-7.7.0.1.225,cal_v1_skinny_m,73,4608,12288,fp16,0,0,3,searched,calibration_local_counterfactual,BASE,0.27986444441295133,"{""runtime_risk_score"":0.27986444441295133}",20:80:256:12288:80:256:64:24:8:1:1:0:12:4:2:2:1:1:18:1:1:0:0,,1,1,numeric_signed_axes_full_v3,,0.060276799202,,0.0601405741884,,0.0602223150131,,1.00226510996,1.00090471761,0.000136225013594,0.226510996,5.44841889073e-05,0.090471761,within_noise,within_noise,1,,,,
net_log26:cal_v1_skinny_m:rank4,net_log26,Ascend910B3,20,8.1.RC1+toolkit-7.7.0.1.225,cal_v1_skinny_m,73,4608,12288,fp16,0,0,4,searched,calibration_local_counterfactual,BASE,0.304804946504169,"{""runtime_risk_score"":0.304804946504169}",20:80:256:12288:80:256:64:24:8:1:1:0:12:4:2:2:1:1:2:1:12:0:0,,1,1,numeric_signed_axes_full_v3,,0.06022960186,,0.060046429708,,0.0601280425753,,1.00305050863,1.00168905024,0.000183172152025,0.305050863,0.000101559284742,0.168905024,within_noise,within_noise,1,,,,
net_log26:cal_v1_skinny_m:rank5,net_log26,Ascend910B3,20,8.1.RC1+toolkit-7.7.0.1.225,cal_v1_skinny_m,73,4608,12288,fp16,0,0,5,searched,calibration_local_counterfactual,BASE,0.309572367376999,"{""runtime_risk_score"":0.309572367376999}",20:80:256:12288:80:256:64:24:8:1:1:0:12:4:2:2:1:1:3:1:8:0:0,,1,1,numeric_signed_axes_full_v3,,0.0601700019836,,0.0599375702191,,0.0600197128645,,1.00387789768,1.00250399597,0.000232431764497,0.387789768,0.000150289119133,0.250399597,within_noise,within_noise,1,,,,
net_log26:cal_v1_skinny_m:rank6,net_log26,Ascend910B3,20,8.1.RC1+toolkit-7.7.0.1.225,cal_v1_skinny_m,73,4608,12288,fp16,0,0,6,searched,calibration_local_counterfactual,BASE,0.2700985400295489,"{""runtime_risk_score"":0.2700985400295489}",20:80:256:12288:80:256:64:24:8:1:1:0:12:4:2:2:1:1:2:1:10:0:0,,1,1,numeric_signed_axes_full_v3,,0.0603883981705,,0.0603734649401,,0.0604562049663,,1.00024734758,0.998878414617,1.49332304491e-05,0.024734758,-6.78067958019e-05,-0.1121585383,within_noise,within_noise,1,,,,
net_log26:cal_v1_skinny_m:rank7,net_log26,Ascend910B3,20,8.1.RC1+toolkit-7.7.0.1.225,cal_v1_skinny_m,73,4608,12288,fp16,0,0,7,searched,calibration_coupled_counterfactual,BASE,0.31605798366349835,"{""runtime_risk_score"":0.31605798366349835}",8:128:576:12288:128:128:64:16:16:1:1:0:8:8:2:2:2:1:1:1:8:0:0,,1,1,numeric_signed_axes_full_v3,,0.060276799202,,0.0601505283833,,0.0602329628816,,1.00209924704,1.00072777958,0.000126270818663,0.209924704,4.38363204281e-05,0.072777958,within_noise,within_noise,1,,,,
net_log26:cal_v1_skinny_m:rank8,net_log26,Ascend910B3,20,8.1.RC1+toolkit-7.7.0.1.225,cal_v1_skinny_m,73,4608,12288,fp16,0,0,8,searched,calibration_coupled_counterfactual,BASE,0.3104724537427162,"{""runtime_risk_score"":0.3104724537427162}",16:64:576:12288:64:256:64:32:8:1:1:0:16:4:2:2:2:1:2:2:7:0:0,,1,1,numeric_signed_axes_full_v3,,0.060391201973,,0.0603790712887,,0.0604618189981,,1.00020090876,0.998832039355,1.21306843425e-05,0.020090876,-7.06170251149e-05,-0.1167960645,within_noise,within_noise,1,,,,
net_log26:cal_v1_skinny_m:rank9,net_log26,Ascend910B3,20,8.1.RC1+toolkit-7.7.0.1.225,cal_v1_skinny_m,73,4608,12288,fp16,0,0,9,searched,calibration_coupled_counterfactual,BASE,0.2661071031571286,"{""runtime_risk_score"":0.2661071031571286}",20:64:256:12288:64:256:64:32:8:1:1:0:16:4:2:2:2:1:3:2:6:0:0,,1,1,numeric_signed_axes_full_v3,,0.0605371999741,,0.0606713615228,,0.0607545098073,,0.997788717026,0.996423148933,-0.000134161548745,-0.2211282974,-0.000217309833229,-0.3576851067,within_noise,within_noise,1,,,,
net_log26:cal_v1_skinny_m:rank10,net_log26,Ascend910B3,20,8.1.RC1+toolkit-7.7.0.1.225,cal_v1_skinny_m,73,4608,12288,fp16,0,0,10,searched,calibration_coupled_counterfactual,BASE,0.31124271247539537,"{""runtime_risk_score"":0.31124271247539537}",8:128:576:12288:128:256:64:16:8:1:1:0:8:4:2:2:1:1:2:1:7:0:0,,1,1,numeric_signed_axes_full_v3,,0.06026720047,,0.0601313726605,,0.0602137809062,,1.00225885097,1.00088716508,0.000135827809462,0.225885097,5.34195637548e-05,0.088716508,within_noise,within_noise,1,,,,
net_log26:cal_v1_skinny_m:rank11,net_log26,Ascend910B3,20,8.1.RC1+toolkit-7.7.0.1.225,cal_v1_skinny_m,73,4608,12288,fp16,0,0,11,searched,calibration_coupled_counterfactual,BASE,0.3000468013260288,"{""runtime_risk_score"":0.3000468013260288}",9:128:512:12288:128:128:64:16:16:1:1:0:8:8:2:2:2:1:2:1:5:0:0,,1,1,numeric_signed_axes_full_v3,,0.0602460002899,,0.060089075301,,0.0601714255796,,1.00261153942,1.00123937084,0.00015692498886,0.261153942,7.45747102646e-05,0.123937084,within_noise,within_noise,1,,,,
net_log26:cal_v1_skinny_m:rank12,net_log26,Ascend910B3,20,8.1.RC1+toolkit-7.7.0.1.225,cal_v1_skinny_m,73,4608,12288,fp16,0,0,12,searched,calibration_coupled_counterfactual,BASE,0.2900362449678437,"{""runtime_risk_score"":0.2900362449678437}",18:80:256:12288:64:256:64:32:8:1:1:0:16:4:2:2:2:1:2:1:11:0:0,,1,1,numeric_signed_axes_full_v3,,0.0602580022812,,0.0601130191444,,0.0601954022376,,1.00241184254,1.00103994726,0.00014498313678,0.241184254,6.26000436216e-05,0.103994726,within_noise,within_noise,1,,,,
net_log26:cal_v1_skinny_m:rank13,net_log26,Ascend910B3,20,8.1.RC1+toolkit-7.7.0.1.225,cal_v1_skinny_m,73,4608,12288,fp16,0,0,13,searched,calibration_coupled_counterfactual,BASE,0.28490210117583165,"{""runtime_risk_score"":0.28490210117583165}",16:64:576:12288:64:256:64:32:8:1:1:0:16:4:2:2:2:2:2:1:4:0:0,,1,1,numeric_signed_axes_full_v3,,0.060689201355,,0.061134987029,,0.0610701127952,,0.992708174228,0.993762719229,-0.000445785673989,-0.7291825772,-0.00038091144022,-0.6237280771,within_noise,within_noise,1,,,,
net_log26:cal_v1_skinny_m:rank14,net_log26,Ascend910B3,20,8.1.RC1+toolkit-7.7.0.1.225,cal_v1_skinny_m,73,4608,12288,fp16,0,0,14,searched,calibration_template_probe,DETERMINISTIC_SPLIT_K,0.2895985973954241,"{""runtime_risk_score"":0.2895985973954241}",2:128:384:384:128:128:128:6:9:1:3:0:3:3:2:2:2:1:1:1:12:1:3,,1,1,numeric_signed_axes_full_v3,,0.0603128004074,,0.0603790071393,,0.0603149351239,,0.998903480945,0.999964607165,-6.62067318502e-05,-0.1096519055,-2.13471654688e-06,-0.0035392835,within_noise,within_noise,1,,,,
net_log26:cal_v1_skinny_m:rank15,net_log26,Ascend910B3,20,8.1.RC1+toolkit-7.7.0.1.225,cal_v1_skinny_m,73,4608,12288,fp16,0,0,15,searched,calibration_template_probe,DETERMINISTIC_SPLIT_K,0.32419671123768684,"{""runtime_risk_score"":0.32419671123768684}",2:384:4608:384:128:128:128:9:6:3:1:1:3:3:2:2:2:1:1:1:1:0:3,,1,1,numeric_signed_axes_full_v3,,0.0602211999893,,0.0601957444707,,0.0601318669272,,1.00042287904,1.0014856193,2.54555186338e-05,0.042287904,8.93330620521e-05,0.14856193,within_noise,within_noise,1,,,,
net_log26:cal_v1_skinny_m:rank16,net_log26,Ascend910B3,20,8.1.RC1+toolkit-7.7.0.1.225,cal_v1_skinny_m,73,4608,12288,fp16,0,0,16,searched,calibration_template_probe,SINGLE_CORE_SPLIT_K,0.41711875526534836,"{""runtime_risk_score"":0.41711875526534836}",1:384:4608:384:128:128:128:9:6:3:1:1:3:3:2:2:2:1:1:1:1:0:2,,1,1,numeric_signed_axes_full_v3,,0.0604332017899,,0.0606203148579,,0.0605559867756,,0.99691336034,0.997972372473,-0.000187113068042,-0.308663966,-0.000122784985711,-0.2027627527,within_noise,within_noise,1,,,,
net_log26:cal_v1_skinny_n:rank1,net_log26,Ascend910B3,20,8.1.RC1+toolkit-7.7.0.1.225,cal_v1_skinny_n,4608,101,12288,fp16,0,0,1,searched,calibration_local_counterfactual,BASE,0.32997802996405157,"{""runtime_risk_score"":0.32997802996405157}",20:128:112:12288:128:112:64:16:16:1:1:0:8:8:2:2:1:3:1:16:1:0:0,,1,1,numeric_signed_axes_full_v3,,0.259854793549,,0.26888484009,,0.27441627148,,0.966416676603,0.946936536041,-0.0090300465413,-3.3583323397,-0.0145614779315,-5.3063463959,regressed,regressed,1,,,,
net_log26:cal_v1_skinny_n:rank2,net_log26,Ascend910B3,20,8.1.RC1+toolkit-7.7.0.1.225,cal_v1_skinny_n,4608,101,12288,fp16,0,0,2,searched,calibration_local_counterfactual,BASE,0.3685137416407532,"{""runtime_risk_score"":0.3685137416407532}",20:128:112:12288:128:112:64:16:16:1:1:0:8:8:2:2:1:2:1:19:1:0:0,,1,1,numeric_signed_axes_full_v3,,0.249674797058,,0.248229997456,,0.253336522612,,1.00582040695,0.985546002145,0.00144479960239,0.582040695,-0.00366172555443,-1.4453997855,within_noise,regressed,1,,,,
net_log26:cal_v1_skinny_n:rank3,net_log26,Ascend910B3,20,8.1.RC1+toolkit-7.7.0.1.225,cal_v1_skinny_n,4608,101,12288,fp16,0,0,3,searched,calibration_local_counterfactual,BASE,0.378209273814934,"{""runtime_risk_score"":0.378209273814934}",20:128:112:12288:128:112:64:16:16:1:1:0:8:8:2:2:1:2:1:22:1:0:0,,1,1,numeric_signed_axes_full_v3,,0.250773601532,,0.250419697237,,0.255571268346,,1.00141324464,0.981227675376,0.000353904294871,0.141324464,-0.00479766681396,-1.8772324624,within_noise,regressed,1,,,,
net_log26:cal_v1_skinny_n:rank4,net_log26,Ascend910B3,20,8.1.RC1+toolkit-7.7.0.1.225,cal_v1_skinny_n,4608,101,12288,fp16,0,0,4,searched,calibration_local_counterfactual,BASE,0.37371987910044135,"{""runtime_risk_score"":0.37371987910044135}",20:128:112:12288:128:112:64:16:16:1:1:0:8:8:2:2:1:3:1:12:1:0:0,,1,1,numeric_signed_axes_full_v3,,0.246064395905,,0.24110288574,,0.246062793743,,1.02057839395,1.00000651119,0.00496151016523,2.057839395,1.602161602e-06,0.000651119000006,improved,within_noise,1,,,,
net_log26:cal_v1_skinny_n:rank5,net_log26,Ascend910B3,20,8.1.RC1+toolkit-7.7.0.1.225,cal_v1_skinny_n,4608,101,12288,fp16,0,0,5,searched,calibration_local_counterfactual,BASE,0.3230144912770479,"{""runtime_risk_score"":0.3230144912770479}",20:128:112:12288:128:112:64:16:16:1:1:0:8:8:2:2:1:5:1:8:1:0:0,,1,1,numeric_signed_axes_full_v3,,0.25109960556,,0.250301085675,,0.255711730734,,1.0031902374,0.981963576092,0.000798519884782,0.31902374,-0.00461212517376,-1.8036423908,within_noise,regressed,1,,,,
net_log26:cal_v1_skinny_n:rank6,net_log26,Ascend910B3,20,8.1.RC1+toolkit-7.7.0.1.225,cal_v1_skinny_n,4608,101,12288,fp16,0,0,6,searched,calibration_local_counterfactual,BASE,0.2904898327264799,"{""runtime_risk_score"":0.2904898327264799}",20:128:112:12288:128:112:64:16:16:1:1:0:8:8:2:2:1:9:1:4:1:1:0,,1,1,numeric_signed_axes_full_v3,,0.246262798309,,0.240751106893,,0.245955314393,,1.0228937324,1.00125016171,0.00551169141621,2.28937324,0.000307483916425,0.125016171,improved,within_noise,1,,,,
net_log26:cal_v1_skinny_n:rank7,net_log26,Ascend910B3,20,8.1.RC1+toolkit-7.7.0.1.225,cal_v1_skinny_n,4608,101,12288,fp16,0,0,7,searched,calibration_coupled_counterfactual,BASE,0.29344113062385724,"{""runtime_risk_score"":0.29344113062385724}",16:288:128:12288:128:128:64:16:16:1:1:0:8:8:2:2:2:2:1:14:1:0:0,,1,1,numeric_signed_axes_full_v3,,0.251886405945,,0.251872139786,,0.257316745608,,1.00005664048,0.978896283449,1.42661588961e-05,0.005664048,-0.00543033966314,-2.1103716551,within_noise,regressed,1,,,,
net_log26:cal_v1_skinny_n:rank8,net_log26,Ascend910B3,20,8.1.RC1+toolkit-7.7.0.1.225,cal_v1_skinny_n,4608,101,12288,fp16,0,0,8,searched,calibration_coupled_counterfactual,BASE,0.31731587400988587,"{""runtime_risk_score"":0.31731587400988587}",16:288:112:12288:256:64:64:8:32:1:1:0:4:16:2:2:2:2:1:8:1:0:0,,1,1,numeric_signed_axes_full_v3,,0.244781208038,,0.23786296049,,0.243004736236,,1.02908501405,1.00731044106,0.00691824754783,2.908501405,0.00177647180156,0.731044106,improved,within_noise,1,,,,
net_log26:cal_v1_skinny_n:rank9,net_log26,Ascend910B3,20,8.1.RC1+toolkit-7.7.0.1.225,cal_v1_skinny_n,4608,101,12288,fp16,0,0,9,searched,calibration_coupled_counterfactual,BASE,0.2965878153925885,"{""runtime_risk_score"":0.2965878153925885}",16:288:128:12288:256:128:64:8:16:1:1:0:4:8:2:2:1:2:1:11:1:0:0,,1,1,numeric_signed_axes_full_v3,,0.259101600647,,0.26650837682,,0.274957566043,,0.972208092439,0.942333045698,-0.00740677617281,-2.7791907561,-0.015855965396,-5.7666954302,regressed,regressed,1,,,,
net_log26:cal_v1_skinny_n:rank10,net_log26,Ascend910B3,20,8.1.RC1+toolkit-7.7.0.1.225,cal_v1_skinny_n,4608,101,12288,fp16,0,0,10,searched,calibration_coupled_counterfactual,BASE,0.3158596068250256,"{""runtime_risk_score"":0.3158596068250256}",18:256:112:12288:256:64:64:8:32:1:1:0:4:16:2:2:2:2:1:12:1:0:0,,1,1,numeric_signed_axes_full_v3,,0.243999996185,,0.23634711829,,0.243840096742,,1.03237982316,1.00065575533,0.00765287789462,3.237982316,0.000159899443106,0.065575533,improved,within_noise,1,,,,
net_log26:cal_v1_skinny_n:rank11,net_log26,Ascend910B3,20,8.1.RC1+toolkit-7.7.0.1.225,cal_v1_skinny_n,4608,101,12288,fp16,0,0,11,searched,calibration_coupled_counterfactual,BASE,0.2851086168395366,"{""runtime_risk_score"":0.2851086168395366}",16:288:112:12288:256:64:64:8:32:1:1:0:4:16:2:2:2:3:1:6:1:0:0,,1,1,numeric_signed_axes_full_v3,,0.252999992371,,0.254104109368,,0.262160042649,,0.995654863671,0.965059319547,-0.00110411699696,-0.4345136329,-0.00916005027773,-3.4940680453,within_noise,regressed,1,,,,
net_log26:cal_v1_skinny_n:rank12,net_log26,Ascend910B3,20,8.1.RC1+toolkit-7.7.0.1.225,cal_v1_skinny_n,4608,101,12288,fp16,0,0,12,searched,calibration_coupled_counterfactual,BASE,0.30886251943160975,"{""runtime_risk_score"":0.30886251943160975}",18:256:128:12288:128:128:64:16:16:1:1:0:8:8:2:2:2:2:1:10:1:0:0,,1,1,numeric_signed_axes_full_v3,,0.246336803436,,0.240895826221,,0.248533013626,,1.02258643207,0.991163306,0.00544097721489,2.258643207,-0.00219621019031,-0.8836694,improved,within_noise,1,,,,
net_log26:cal_v1_skinny_n:rank13,net_log26,Ascend910B3,20,8.1.RC1+toolkit-7.7.0.1.225,cal_v1_skinny_n,4608,101,12288,fp16,0,0,13,searched,calibration_coupled_counterfactual,BASE,0.3226000208089901,"{""runtime_risk_score"":0.3226000208089901}",18:256:112:12288:256:64:64:8:32:1:1:0:4:16:2:2:2:2:1:15:1:0:0,,1,1,numeric_signed_axes_full_v3,,0.254100799561,,0.253018226879,,0.264446331134,,1.00427863516,0.960878521063,0.00108257268165,0.427863516,-0.0103455315734,-3.9121478937,within_noise,regressed,1,,,,
net_log26:cal_v1_skinny_n:rank14,net_log26,Ascend910B3,20,8.1.RC1+toolkit-7.7.0.1.225,cal_v1_skinny_n,4608,101,12288,fp16,0,0,14,searched,calibration_template_probe,DETERMINISTIC_SPLIT_K,0.44946593299916826,"{""runtime_risk_score"":0.44946593299916826}",1:384:128:384:128:128:128:9:6:3:1:1:3:3:2:2:2:1:1:12:1:0:3,,1,1,numeric_signed_axes_full_v3,,0.244913597107,,0.235052859329,,0.245669519697,,1.04195115008,0.996923010266,0.00986073777843,4.195115008,-0.000755922590065,-0.3076989734,improved,within_noise,1,,,,
net_log26:cal_v1_skinny_n:rank15,net_log26,Ascend910B3,20,8.1.RC1+toolkit-7.7.0.1.225,cal_v1_skinny_n,4608,101,12288,fp16,0,0,15,searched,calibration_template_probe,DETERMINISTIC_SPLIT_K,0.48394307503246475,"{""runtime_risk_score"":0.48394307503246475}",2:4608:384:384:128:128:128:6:9:1:3:0:3:3:2:2:2:1:1:1:1:1:3,,1,1,numeric_signed_axes_full_v3,,0.250924396515,,0.246732023983,,0.257876198566,,1.01699160273,0.973042095046,0.00419237253228,1.699160273,-0.00695180205084,-2.6957904954,improved,regressed,1,,,,
net_log26:cal_v1_skinny_n:rank16,net_log26,Ascend910B3,20,8.1.RC1+toolkit-7.7.0.1.225,cal_v1_skinny_n,4608,101,12288,fp16,0,0,16,searched,calibration_template_probe,SINGLE_CORE_SPLIT_K,0.3493448719244806,"{""runtime_risk_score"":0.3493448719244806}",1:4608:256:384:128:128:128:9:6:3:1:1:3:3:2:2:2:1:1:1:1:0:2,,1,1,numeric_signed_axes_full_v3,,0.245961608887,,0.237068796559,,0.247776511003,,1.03751152601,0.99267524549,0.00889281232827,3.751152601,-0.00181490211644,-0.732475451,improved,within_noise,1,,,,
net_log26:cal_v1_layout_tn:rank1,net_log26,Ascend910B3,20,8.1.RC1+toolkit-7.7.0.1.225,cal_v1_layout_tn,2304,3072,4608,fp16,1,0,1,searched,calibration_local_counterfactual,BASE,0.6954643631427806,"{""runtime_risk_score"":0.6954643631427806}",20:128:256:4608:128:256:64:16:8:1:1:0:8:4:2:2:1:2:2:12:6:0:0,,1,1,numeric_signed_axes_full_v3,,0.246636390686,,0.245734094641,,0.24614774434,,1.00367183905,1.00198517499,0.000902296044621,0.367183905,0.000488646345909,0.198517499,within_noise,within_noise,1,,,,
net_log26:cal_v1_layout_tn:rank2,net_log26,Ascend910B3,20,8.1.RC1+toolkit-7.7.0.1.225,cal_v1_layout_tn,2304,3072,4608,fp16,1,0,2,searched,calibration_local_counterfactual,BASE,0.6993390677505938,"{""runtime_risk_score"":0.6993390677505938}",20:128:256:4608:128:256:64:16:8:1:1:0:8:4:2:2:1:2:2:10:6:0:0,,1,1,numeric_signed_axes_full_v3,,0.246628398895,,0.245718169793,,0.246131792683,,1.00370436221,1.0020176435,0.00091022910249,0.370436221,0.000496606211651,0.20176435,within_noise,within_noise,1,,,,
net_log26:cal_v1_layout_tn:rank3,net_log26,Ascend910B3,20,8.1.RC1+toolkit-7.7.0.1.225,cal_v1_layout_tn,2304,3072,4608,fp16,1,0,3,searched,calibration_local_counterfactual,BASE,0.7120232885416071,"{""runtime_risk_score"":0.7120232885416071}",20:128:256:4608:128:256:64:16:8:1:1:0:8:4:2:2:1:1:1:18:12:1:0,,1,1,numeric_signed_axes_full_v3,,0.246620807648,,0.245703043563,,0.246116640995,,1.00373525729,1.00204848665,0.000917764084645,0.373525729,0.00050416665342,0.204848665,within_noise,within_noise,1,,,,
net_log26:cal_v1_layout_tn:rank4,net_log26,Ascend910B3,20,8.1.RC1+toolkit-7.7.0.1.225,cal_v1_layout_tn,2304,3072,4608,fp16,1,0,4,searched,calibration_local_counterfactual,BASE,0.7021454783401494,"{""runtime_risk_score"":0.7021454783401494}",20:128:256:4608:128:256:64:16:8:1:1:1:8:4:2:2:1:1:1:18:12:0:0,,1,1,numeric_signed_axes_full_v3,,0.24770160675,,0.247861316592,,0.248278547092,,0.999355648374,0.997676237641,-0.000159709842369,-0.0644351626,-0.00057694034228,-0.2323762359,within_noise,within_noise,1,,,,
net_log26:cal_v1_layout_tn:rank5,net_log26,Ascend910B3,20,8.1.RC1+toolkit-7.7.0.1.225,cal_v1_layout_tn,2304,3072,4608,fp16,1,0,5,searched,calibration_local_counterfactual,BASE,0.69720668707818,"{""runtime_risk_score"":0.69720668707818}",20:128:256:4608:128:256:64:16:8:1:1:0:8:4:2:2:1:2:1:11:12:0:0,,1,1,numeric_signed_axes_full_v3,,0.246447200775,,0.245738442894,,0.245770259016,,1.00288419619,1.00275436809,0.000708757880732,0.288419619,0.000676941758905,0.275436809,within_noise,within_noise,1,,,,
net_log26:cal_v1_layout_tn:rank6,net_log26,Ascend910B3,20,8.1.RC1+toolkit-7.7.0.1.225,cal_v1_layout_tn,2304,3072,4608,fp16,1,0,6,searched,calibration_local_counterfactual,BASE,0.6993141757456385,"{""runtime_risk_score"":0.6993141757456385}",20:128:256:4608:128:256:64:16:8:1:1:0:8:4:2:2:1:3:2:6:6:0:0,,1,1,numeric_signed_axes_full_v3,,0.246641197205,,0.246125472194,,0.246157338427,,1.00209537439,1.0019656484,0.000515725011162,0.209537439,0.000483858778426,0.19656484,within_noise,within_noise,1,,,,
net_log26:cal_v1_layout_tn:rank7,net_log26,Ascend910B3,20,8.1.RC1+toolkit-7.7.0.1.225,cal_v1_layout_tn,2304,3072,4608,fp16,1,0,7,searched,calibration_coupled_counterfactual,BASE,0.7752779164202558,"{""runtime_risk_score"":0.7752779164202558}",18:768:512:4608:64:256:64:32:8:1:1:0:16:4:2:2:2:1:2:3:5:0:0,,0,0,npu_structured_numeric_rejected,"official structured numeric preflight failed at C index=256, actual=203.250000, expected=-4608.000000",,,,,,,,,,,,,runtime_rejected,runtime_rejected,0,,,,
net_log26:cal_v1_layout_tn:rank8,net_log26,Ascend910B3,20,8.1.RC1+toolkit-7.7.0.1.225,cal_v1_layout_tn,2304,3072,4608,fp16,1,0,8,searched,calibration_coupled_counterfactual,BASE,0.7763371214398822,"{""runtime_risk_score"":0.7763371214398822}",18:256:1536:4608:256:64:64:8:32:1:1:0:4:16:2:2:2:1:1:9:2:0:0,,0,0,npu_structured_numeric_rejected,"official structured numeric preflight failed at C index=64, actual=203.250000, expected=4608.000000",,,,,,,,,,,,,runtime_rejected,runtime_rejected,0,,,,
net_log26:cal_v1_layout_tn:rank9,net_log26,Ascend910B3,20,8.1.RC1+toolkit-7.7.0.1.225,cal_v1_layout_tn,2304,3072,4608,fp16,1,0,9,searched,calibration_coupled_counterfactual,BASE,0.7179865547351733,"{""runtime_risk_score"":0.7179865547351733}",18:768:512:4608:256:128:64:8:16:1:1:0:4:8:2:2:1:1:3:3:2:0:0,,0,0,npu_structured_numeric_rejected,"official structured numeric preflight failed at C index=128, actual=203.250000, expected=4608.000000",,,,,,,,,,,,,runtime_rejected,runtime_rejected,0,,,,
net_log26:cal_v1_layout_tn:rank10,net_log26,Ascend910B3,20,8.1.RC1+toolkit-7.7.0.1.225,cal_v1_layout_tn,2304,3072,4608,fp16,1,0,10,searched,calibration_coupled_counterfactual,BASE,0.7077241821848613,"{""runtime_risk_score"":0.7077241821848613}",18:128:3072:4608:128:256:64:16:8:1:1:0:8:4:2:2:1:2:1:12:1:0:0,,0,0,npu_structured_numeric_rejected,"official structured numeric preflight failed at C index=256, actual=203.250000, expected=-4608.000000",,,,,,,,,,,,,runtime_rejected,runtime_rejected,0,,,,
net_log26:cal_v1_layout_tn:rank11,net_log26,Ascend910B3,20,8.1.RC1+toolkit-7.7.0.1.225,cal_v1_layout_tn,2304,3072,4608,fp16,1,0,11,searched,calibration_coupled_counterfactual,BASE,0.6937268034050281,"{""runtime_risk_score"":0.6937268034050281}",20:128:256:4608:128:256:64:16:8:1:1:0:8:4:2:2:1:5:3:4:5:0:0,,1,1,numeric_signed_axes_full_v3,,0.248040409088,,0.248925965699,,0.248180236123,,0.996442490003,0.999436590774,-0.000885556611489,-0.3557509997,-0.000139827034742,-0.0563409226,within_noise,within_noise,1,,,,
net_log26:cal_v1_layout_tn:rank12,net_log26,Ascend910B3,20,8.1.RC1+toolkit-7.7.0.1.225,cal_v1_layout_tn,2304,3072,4608,fp16,1,0,12,searched,calibration_coupled_counterfactual,BASE,0.7695989799971144,"{""runtime_risk_score"":0.7695989799971144}",18:768:512:4608:256:128:64:8:16:1:1:0:4:8:2:2:1:1:2:3:5:0:0,,0,0,npu_structured_numeric_rejected,"official structured numeric preflight failed at C index=128, actual=203.250000, expected=4608.000000",,,,,,,,,,,,,runtime_rejected,runtime_rejected,0,,,,
net_log26:cal_v1_layout_tn:rank13,net_log26,Ascend910B3,20,8.1.RC1+toolkit-7.7.0.1.225,cal_v1_layout_tn,2304,3072,4608,fp16,1,0,13,searched,calibration_coupled_counterfactual,BASE,0.7159107582495726,"{""runtime_risk_score"":0.7159107582495726}",18:128:3072:4608:128:256:64:16:8:1:1:0:8:4:2:2:1:2:1:9:1:0:0,,0,0,npu_structured_numeric_rejected,"official structured numeric preflight failed at C index=256, actual=203.250000, expected=-4608.000000",,,,,,,,,,,,,runtime_rejected,runtime_rejected,0,,,,
net_log26:cal_v1_layout_tn:rank14,net_log26,Ascend910B3,20,8.1.RC1+toolkit-7.7.0.1.225,cal_v1_layout_tn,2304,3072,4608,fp16,1,0,14,searched,calibration_template_probe,DETERMINISTIC_SPLIT_K,0.3538064186876934,"{""runtime_risk_score"":0.3538064186876934}",1:2304:384:384:128:128:128:6:9:1:3:0:3:3:2:2:2:1:1:1:8:1:3,,0,0,npu_structured_numeric_rejected,"official structured numeric preflight failed at C index=0, actual=0.000000, expected=4608.000000",,,,,,,,,,,,,runtime_rejected,runtime_rejected,0,,,,
net_log26:cal_v1_layout_tn:rank15,net_log26,Ascend910B3,20,8.1.RC1+toolkit-7.7.0.1.225,cal_v1_layout_tn,2304,3072,4608,fp16,1,0,15,searched,calibration_template_probe,DETERMINISTIC_SPLIT_K,0.36592966351808565,"{""runtime_risk_score"":0.36592966351808565}",2:384:3072:384:128:128:128:9:6:3:1:1:3:3:2:2:2:1:1:6:1:0:3,,1,1,numeric_signed_axes_full_v3,,2.37267196655,,22.7881000061,,22.7031837078,,0.104118902669,0.104508336676,-20.4154280396,-89.5881097331,-20.3305117412,-89.5491663324,regressed,regressed,1,,,,
net_log26:cal_v1_layout_tn:rank16,net_log26,Ascend910B3,20,8.1.RC1+toolkit-7.7.0.1.225,cal_v1_layout_tn,2304,3072,4608,fp16,1,0,16,searched,calibration_template_probe,SINGLE_CORE_SPLIT_K,0.41487046291626,"{""runtime_risk_score"":0.41487046291626}",6:384:3072:384:128:128:128:9:6:3:1:1:3:3:2:2:2:2:1:5:1:0:2,,1,1,numeric_signed_axes_full_v3,,0.805339202881,,2.62536928281,,2.6155862539,,0.306752733093,0.30790007467,-1.82003007993,-69.3247266907,-1.81024705102,-69.209992533,regressed,regressed,1,,,,
net_log26:cal_v1_layout_nt:rank1,net_log26,Ascend910B3,20,8.1.RC1+toolkit-7.7.0.1.225,cal_v1_layout_nt,2176,2944,4352,fp16,0,1,1,searched,calibration_local_counterfactual,BASE,0.7254332020688123,"{""runtime_risk_score"":0.7254332020688123}",20:128:256:4352:128:256:64:16:8:1:1:0:8:4:2:2:1:3:1:8:12:0:0,,1,1,numeric_signed_axes_full_v3,,0.231365203857,,0.230485096553,,0.230552612744,,1.00381849984,1.00352453656,0.000880107304309,0.381849984,0.000812591112621,0.352453656,within_noise,within_noise,1,,,,
net_log26:cal_v1_layout_nt:rank2,net_log26,Ascend910B3,20,8.1.RC1+toolkit-7.7.0.1.225,cal_v1_layout_nt,2176,2944,4352,fp16,0,1,2,searched,calibration_local_counterfactual,BASE,0.7226700872793358,"{""runtime_risk_score"":0.7226700872793358}",20:128:256:4352:128:256:64:16:8:1:1:0:8:4:2:2:1:2:2:11:7:0:0,,1,1,numeric_signed_axes_full_v3,,0.233737602234,,0.235236078049,,0.235304985949,,0.993629906486,0.993338926886,-0.00149847581504,-0.6370093514,-0.0015673837155,-0.6661073114,within_noise,within_noise,1,,,,
net_log26:cal_v1_layout_nt:rank3,net_log26,Ascend910B3,20,8.1.RC1+toolkit-7.7.0.1.225,cal_v1_layout_nt,2176,2944,4352,fp16,0,1,3,searched,calibration_local_counterfactual,BASE,0.7118021252255203,"{""runtime_risk_score"":0.7118021252255203}",20:128:256:4352:128:256:64:16:8:1:1:0:8:4:2:2:1:3:2:6:6:0:0,,1,1,numeric_signed_axes_full_v3,,0.231319198608,,0.230393445175,,0.230460934518,,1.00401814137,1.00372411963,0.000925753433433,0.401814137,0.000858264090186,0.372411963,within_noise,within_noise,1,,,,
net_log26:cal_v1_layout_nt:rank4,net_log26,Ascend910B3,20,8.1.RC1+toolkit-7.7.0.1.225,cal_v1_layout_nt,2176,2944,4352,fp16,0,1,4,searched,calibration_local_counterfactual,BASE,0.70414049987349,"{""runtime_risk_score"":0.70414049987349}",20:128:256:4352:128:256:64:16:8:1:1:0:8:4:2:2:1:1:1:17:12:1:0,,1,1,numeric_signed_axes_full_v3,,0.231321201324,,0.230397434593,,0.230464925106,,1.00400944886,1.00371542966,0.000923766731474,0.400944886,0.000856276218327,0.371542966,within_noise,within_noise,1,,,,
net_log26:cal_v1_layout_nt:rank5,net_log26,Ascend910B3,20,8.1.RC1+toolkit-7.7.0.1.225,cal_v1_layout_nt,2176,2944,4352,fp16,0,1,5,searched,calibration_local_counterfactual,BASE,0.6961732346129861,"{""runtime_risk_score"":0.6961732346129861}",20:128:256:4352:128:256:64:16:8:1:1:1:8:4:2:2:1:1:1:17:12:0:0,,1,1,numeric_signed_axes_full_v3,,0.232972793579,,0.233646868883,,0.233767630721,,0.997114982506,0.996599883657,-0.000674075304146,-0.2885017494,-0.000794837141678,-0.3400116343,within_noise,within_noise,1,,,,
net_log26:cal_v1_layout_nt:rank6,net_log26,Ascend910B3,20,8.1.RC1+toolkit-7.7.0.1.225,cal_v1_layout_nt,2176,2944,4352,fp16,0,1,6,searched,calibration_local_counterfactual,BASE,0.7243474441706111,"{""runtime_risk_score"":0.7243474441706111}",20:128:256:4352:128:256:64:16:8:1:1:0:8:4:2:2:1:2:1:13:12:0:0,,1,1,numeric_signed_axes_full_v3,,0.232412395477,,0.232524181701,,0.232644363271,,0.999519249037,0.999002908169,-0.000111786224274,-0.0480750963,-0.000231967794146,-0.0997091831,within_noise,within_noise,1,,,,
net_log26:cal_v1_layout_nt:rank7,net_log26,Ascend910B3,20,8.1.RC1+toolkit-7.7.0.1.225,cal_v1_layout_nt,2176,2944,4352,fp16,0,1,7,searched,calibration_coupled_counterfactual,BASE,0.8093702180610934,"{""runtime_risk_score"":0.8093702180610934}",16:272:1472:4352:128:128:64:16:16:1:1:0:8:8:2:2:2:2:1:7:2:0:0,,0,0,npu_structured_numeric_rejected,"official structured numeric preflight failed at C index=128, actual=203.250000, expected=4352.000000",,,,,,,,,,,,,runtime_rejected,runtime_rejected,0,,,,
net_log26:cal_v1_layout_nt:rank8,net_log26,Ascend910B3,20,8.1.RC1+toolkit-7.7.0.1.225,cal_v1_layout_nt,2176,2944,4352,fp16,0,1,8,searched,calibration_coupled_counterfactual,BASE,0.7961824384917892,"{""runtime_risk_score"":0.7961824384917892}",16:544:736:4352:64:256:64:32:8:1:1:0:16:4:2:2:2:1:1:4:4:0:0,,0,0,npu_structured_numeric_rejected,"official structured numeric preflight failed at C index=256, actual=203.250000, expected=-4352.000000",,,,,,,,,,,,,runtime_rejected,runtime_rejected,0,,,,
net_log26:cal_v1_layout_nt:rank9,net_log26,Ascend910B3,20,8.1.RC1+toolkit-7.7.0.1.225,cal_v1_layout_nt,2176,2944,4352,fp16,0,1,9,searched,calibration_coupled_counterfactual,BASE,0.8131079264287621,"{""runtime_risk_score"":0.8131079264287621}",20:544:592:4352:256:64:64:8:32:1:1:0:4:16:2:2:2:4:1:1:5:0:0,,0,0,npu_structured_numeric_rejected,"official structured numeric preflight failed at C index=64, actual=203.250000, expected=4352.000000",,,,,,,,,,,,,runtime_rejected,runtime_rejected,0,,,,
net_log26:cal_v1_layout_nt:rank10,net_log26,Ascend910B3,20,8.1.RC1+toolkit-7.7.0.1.225,cal_v1_layout_nt,2176,2944,4352,fp16,0,1,10,searched,calibration_coupled_counterfactual,BASE,0.7316290290509748,"{""runtime_risk_score"":0.7316290290509748}",20:128:256:4352:128:256:64:16:8:1:1:0:8:4:2:2:1:5:3:4:5:0:0,,1,1,numeric_signed_axes_full_v3,,0.224422798157,,0.216812090346,,0.216317309312,,1.03510278324,1.03747036643,0.00761070781122,3.510278324,0.00810548884507,3.747036643,improved,improved,1,,,,
net_log26:cal_v1_layout_nt:rank11,net_log26,Ascend910B3,20,8.1.RC1+toolkit-7.7.0.1.225,cal_v1_layout_nt,2176,2944,4352,fp16,0,1,11,searched,calibration_coupled_counterfactual,BASE,0.7889348778938594,"{""runtime_risk_score"":0.7889348778938594}",17:128:2944:4352:128:256:64:16:8:1:1:0:8:4:2:2:1:1:1:17:1:0:0,,0,0,npu_structured_numeric_rejected,"official structured numeric preflight failed at C index=256, actual=203.250000, expected=-4352.000000",,,,,,,,,,,,,runtime_rejected,runtime_rejected,0,,,,
net_log26:cal_v1_layout_nt:rank12,net_log26,Ascend910B3,20,8.1.RC1+toolkit-7.7.0.1.225,cal_v1_layout_nt,2176,2944,4352,fp16,0,1,12,searched,calibration_coupled_counterfactual,BASE,0.8143376085299272,"{""runtime_risk_score"":0.8143376085299272}",17:128:2944:4352:128:256:64:16:8:1:1:0:8:4:2:2:1:2:1:14:1:0:0,,0,0,npu_structured_numeric_rejected,"official structured numeric preflight failed at C index=256, actual=203.250000, expected=-4352.000000",,,,,,,,,,,,,runtime_rejected,runtime_rejected,0,,,,
net_log26:cal_v1_layout_nt:rank13,net_log26,Ascend910B3,20,8.1.RC1+toolkit-7.7.0.1.225,cal_v1_layout_nt,2176,2944,4352,fp16,0,1,13,searched,calibration_coupled_counterfactual,BASE,0.7875342977427535,"{""runtime_risk_score"":0.7875342977427535}",16:272:1472:4352:256:64:64:8:32:1:1:0:4:16:2:2:2:1:1:8:2:0:0,,0,0,npu_structured_numeric_rejected,"official structured numeric preflight failed at C index=64, actual=203.250000, expected=4352.000000",,,,,,,,,,,,,runtime_rejected,runtime_rejected,0,,,,
net_log26:cal_v1_layout_nt:rank14,net_log26,Ascend910B3,20,8.1.RC1+toolkit-7.7.0.1.225,cal_v1_layout_nt,2176,2944,4352,fp16,0,1,14,searched,calibration_template_probe,DETERMINISTIC_SPLIT_K,0.786729108688804,"{""runtime_risk_score"":0.786729108688804}",1:2176:384:384:128:128:128:6:9:1:3:0:3:3:2:2:2:1:1:1:8:1:3,,0,0,npu_structured_numeric_rejected,"official structured numeric preflight failed at C index=384, actual=-4352.000000, expected=4352.000000",,,,,,,,,,,,,runtime_rejected,runtime_rejected,0,,,,
net_log26:cal_v1_layout_nt:rank15,net_log26,Ascend910B3,20,8.1.RC1+toolkit-7.7.0.1.225,cal_v1_layout_nt,2176,2944,4352,fp16,0,1,15,searched,calibration_template_probe,DETERMINISTIC_SPLIT_K,0.6103335952315309,"{""runtime_risk_score"":0.6103335952315309}",1:384:2944:384:128:128:128:9:6:3:1:1:3:3:2:2:2:1:1:6:1:0:3,,0,0,npu_structured_numeric_rejected,"official structured numeric preflight failed at C index=0, actual=-65536.000000, expected=4352.000000",,,,,,,,,,,,,runtime_rejected,runtime_rejected,0,,,,
net_log26:cal_v1_layout_nt:rank16,net_log26,Ascend910B3,20,8.1.RC1+toolkit-7.7.0.1.225,cal_v1_layout_nt,2176,2944,4352,fp16,0,1,16,searched,calibration_template_probe,SINGLE_CORE_SPLIT_K,0.42569236148798745,"{""runtime_risk_score"":0.42569236148798745}",6:384:3072:384:128:128:128:9:6:3:1:1:3:3:2:2:2:2:1:5:1:0:2,,1,1,numeric_signed_axes_full_v3,,0.759916381836,,2.48485882695,,2.47900614731,,0.305818734487,0.3065407412,-1.72494244511,-69.4181265513,-1.71908976547,-69.34592588,regressed,regressed,1,,,,
net_log26:cal_v1_layout_tt:rank1,net_log26,Ascend910B3,20,8.1.RC1+toolkit-7.7.0.1.225,cal_v1_layout_tt,1792,2304,3584,fp16,1,1,1,searched,calibration_local_counterfactual,BASE,0.41711736833896795,"{""runtime_risk_score"":0.41711736833896795}",20:256:128:3584:256:128:64:8:16:1:1:0:4:8:2:2:1:1:2:7:14:0:0,,1,1,numeric_signed_axes_full_v3,,0.127291202545,,0.127314412851,,0.127081414676,,0.999817693018,1.00165081471,-2.3210306372e-05,-0.0182306982,0.000209787868715,0.165081471,within_noise,within_noise,1,,,,
net_log26:cal_v1_layout_tt:rank2,net_log26,Ascend910B3,20,8.1.RC1+toolkit-7.7.0.1.225,cal_v1_layout_tt,1792,2304,3584,fp16,1,1,2,searched,calibration_local_counterfactual,BASE,0.3728464691846475,"{""runtime_risk_score"":0.3728464691846475}",20:256:128:3584:256:128:64:8:16:1:1:0:4:8:2:2:1:2:1:4:18:0:0,,1,1,numeric_signed_axes_full_v3,,0.127227201462,,0.127186419531,,0.126953655597,,1.0003206469,1.00215469073,4.07819311447e-05,0.03206469,0.000273545864855,0.215469073,within_noise,within_noise,1,,,,
net_log26:cal_v1_layout_tt:rank3,net_log26,Ascend910B3,20,8.1.RC1+toolkit-7.7.0.1.225,cal_v1_layout_tt,1792,2304,3584,fp16,1,1,3,searched,calibration_local_counterfactual,BASE,0.37400987436976374,"{""runtime_risk_score"":0.37400987436976374}",20:256:128:3584:256:128:64:8:16:1:1:0:4:8:2:2:1:4:1:2:18:0:0,,1,1,numeric_signed_axes_full_v3,,0.128148002625,,0.129034093663,,0.128797948299,,0.993132892148,0.994953757548,-0.000886091037767,-0.6867107852,-0.000649945674439,-0.5046242452,within_noise,within_noise,1,,,,
net_log26:cal_v1_layout_tt:rank4,net_log26,Ascend910B3,20,8.1.RC1+toolkit-7.7.0.1.225,cal_v1_layout_tt,1792,2304,3584,fp16,1,1,4,searched,calibration_local_counterfactual,BASE,0.4472817330710537,"{""runtime_risk_score"":0.4472817330710537}",20:256:128:3584:256:128:64:8:16:1:1:0:4:8:2:2:1:1:1:7:18:1:0,,1,1,numeric_signed_axes_full_v3,,0.127718801498,,0.128171203355,,0.127936637167,,0.99647033152,0.998297315967,-0.000452401856524,-0.352966848,-0.000217835669341,-0.1702684033,within_noise,within_noise,1,,,,
net_log26:cal_v1_layout_tt:rank5,net_log26,Ascend910B3,20,8.1.RC1+toolkit-7.7.0.1.225,cal_v1_layout_tt,1792,2304,3584,fp16,1,1,5,searched,calibration_local_counterfactual,BASE,0.47814599109790773,"{""runtime_risk_score"":0.47814599109790773}",20:256:128:3584:256:128:64:8:16:1:1:1:4:8:2:2:1:1:1:7:18:0:0,,1,1,numeric_signed_axes_full_v3,,0.127383203506,,0.128342243411,,0.129652110282,,0.992527480588,0.982500039749,-0.00095903990527,-0.7472519412,-0.0022689067764,-1.7499960251,within_noise,regressed,1,,,,
net_log26:cal_v1_layout_tt:rank6,net_log26,Ascend910B3,20,8.1.RC1+toolkit-7.7.0.1.225,cal_v1_layout_tt,1792,2304,3584,fp16,1,1,6,searched,calibration_local_counterfactual,BASE,0.37286763885806695,"{""runtime_risk_score"":0.37286763885806695}",20:256:128:3584:256:128:64:8:16:1:1:0:4:8:2:2:1:2:1:5:18:0:0,,1,1,numeric_signed_axes_full_v3,,0.128077201843,,0.129744499454,,0.131068677815,,0.987149377295,0.977176271085,-0.00166729761053,-1.2850622705,-0.00299147597169,-2.2823728915,regressed,regressed,1,,,,
net_log26:cal_v1_layout_tt:rank7,net_log26,Ascend910B3,20,8.1.RC1+toolkit-7.7.0.1.225,cal_v1_layout_tt,1792,2304,3584,fp16,1,1,7,searched,calibration_coupled_counterfactual,BASE,0.33292194517892754,"{""runtime_risk_score"":0.33292194517892754}",18:896:256:3584:64:256:64:32:8:1:1:0:16:4:2:2:2:1:2:2:8:0:0,,0,0,npu_structured_numeric_rejected,"official structured numeric preflight failed at C index=147456, actual=203.250000, expected=-3584.000000",,,,,,,,,,,,,runtime_rejected,runtime_rejected,0,,,,
net_log26:cal_v1_layout_tt:rank8,net_log26,Ascend910B3,20,8.1.RC1+toolkit-7.7.0.1.225,cal_v1_layout_tt,1792,2304,3584,fp16,1,1,8,searched,calibration_coupled_counterfactual,BASE,0.407412494122834,"{""runtime_risk_score"":0.407412494122834}",16:448:576:3584:256:64:64:8:32:1:1:0:4:16:2:2:2:1:2:4:2:0:0,,0,0,npu_structured_numeric_rejected,"official structured numeric preflight failed at C index=64, actual=203.250000, expected=3584.000000",,,,,,,,,,,,,runtime_rejected,runtime_rejected,0,,,,
net_log26:cal_v1_layout_tt:rank9,net_log26,Ascend910B3,20,8.1.RC1+toolkit-7.7.0.1.225,cal_v1_layout_tt,1792,2304,3584,fp16,1,1,9,searched,calibration_coupled_counterfactual,BASE,0.4521375945109361,"{""runtime_risk_score"":0.4521375945109361}",18:1792:128:3584:256:128:64:8:16:1:1:0:4:8:2:2:1:1:2:1:10:0:0,,0,0,npu_structured_numeric_rejected,"official structured numeric preflight failed at C index=589824, actual=203.250000, expected=-3584.000000",,,,,,,,,,,,,runtime_rejected,runtime_rejected,0,,,,
net_log26:cal_v1_layout_tt:rank10,net_log26,Ascend910B3,20,8.1.RC1+toolkit-7.7.0.1.225,cal_v1_layout_tt,1792,2304,3584,fp16,1,1,10,searched,calibration_coupled_counterfactual,BASE,0.4149665024155717,"{""runtime_risk_score"":0.4149665024155717}",18:896:256:3584:64:256:64:32:8:1:1:0:16:4:2:2:2:1:3:2:3:0:0,,0,0,npu_structured_numeric_rejected,"official structured numeric preflight failed at C index=147456, actual=203.250000, expected=-3584.000000",,,,,,,,,,,,,runtime_rejected,runtime_rejected,0,,,,
net_log26:cal_v1_layout_tt:rank11,net_log26,Ascend910B3,20,8.1.RC1+toolkit-7.7.0.1.225,cal_v1_layout_tt,1792,2304,3584,fp16,1,1,11,searched,calibration_coupled_counterfactual,BASE,0.41440556019520447,"{""runtime_risk_score"":0.41440556019520447}",18:896:256:3584:256:64:64:8:32:1:1:0:4:16:2:2:2:1:2:2:6:0:0,,0,0,npu_structured_numeric_rejected,"official structured numeric preflight failed at C index=64, actual=203.250000, expected=3584.000000",,,,,,,,,,,,,runtime_rejected,runtime_rejected,0,,,,
net_log26:cal_v1_layout_tt:rank12,net_log26,Ascend910B3,20,8.1.RC1+toolkit-7.7.0.1.225,cal_v1_layout_tt,1792,2304,3584,fp16,1,1,12,searched,calibration_coupled_counterfactual,BASE,0.419894282711019,"{""runtime_risk_score"":0.419894282711019}",18:896:256:3584:64:256:64:32:8:1:1:0:16:4:2:2:2:1:2:2:6:0:0,,0,0,npu_structured_numeric_rejected,"official structured numeric preflight failed at C index=147456, actual=203.250000, expected=-3584.000000",,,,,,,,,,,,,runtime_rejected,runtime_rejected,0,,,,
net_log26:cal_v1_layout_tt:rank13,net_log26,Ascend910B3,20,8.1.RC1+toolkit-7.7.0.1.225,cal_v1_layout_tt,1792,2304,3584,fp16,1,1,13,searched,calibration_coupled_counterfactual,BASE,0.4428894240991619,"{""runtime_risk_score"":0.4428894240991619}",18:896:256:3584:256:128:64:8:16:1:1:0:4:8:2:2:1:1:3:2:3:0:0,,0,0,npu_structured_numeric_rejected,"official structured numeric preflight failed at C index=128, actual=203.250000, expected=3584.000000",,,,,,,,,,,,,runtime_rejected,runtime_rejected,0,,,,
net_log26:cal_v1_layout_tt:rank14,net_log26,Ascend910B3,20,8.1.RC1+toolkit-7.7.0.1.225,cal_v1_layout_tt,1792,2304,3584,fp16,1,1,14,searched,calibration_template_probe,DETERMINISTIC_SPLIT_K,0.18195417961410623,"{""runtime_risk_score"":0.18195417961410623}",1:384:2304:384:128:128:128:9:6:3:1:1:3:3:2:2:2:1:1:5:1:0:3,,0,0,npu_structured_numeric_rejected,"official structured numeric preflight failed at C index=0, actual=0.000000, expected=3584.000000",,,,,,,,,,,,,runtime_rejected,runtime_rejected,0,,,,
net_log26:cal_v1_layout_tt:rank15,net_log26,Ascend910B3,20,8.1.RC1+toolkit-7.7.0.1.225,cal_v1_layout_tt,1792,2304,3584,fp16,1,1,15,searched,calibration_template_probe,DETERMINISTIC_SPLIT_K,0.12042738966580188,"{""runtime_risk_score"":0.12042738966580188}",8:1792:384:384:128:128:128:6:9:1:3:0:3:3:2:2:2:1:1:1:6:1:3,,1,1,numeric_signed_axes_full_v3,,0.506469192505,,2.03014117499,,2.02199034964,,0.249474863494,0.250480519156,-1.52367198249,-75.0525136506,-1.51552115713,-74.9519480844,regressed,regressed,1,,,,
net_log26:cal_v1_layout_tt:rank16,net_log26,Ascend910B3,20,8.1.RC1+toolkit-7.7.0.1.225,cal_v1_layout_tt,1792,2304,3584,fp16,1,1,16,searched,calibration_template_probe,SINGLE_CORE_SPLIT_K,0.499508991954367,"{""runtime_risk_score"":0.499508991954367}",5:384:2304:384:128:128:128:9:6:3:1:1:3:3:2:2:2:2:1:4:1:0:2,,1,1,numeric_signed_axes_full_v3,,0.502782402039,,2.00069234309,,1.99265975202,,0.251304206654,0.252317236563,-1.49790994105,-74.8695793346,-1.48987734998,-74.7682763437,regressed,regressed,1,,,,
net_log26:cal_v1_bf16_aligned:rank1,net_log26,Ascend910B3,20,8.1.RC1+toolkit-7.7.0.1.225,cal_v1_bf16_aligned,3072,4096,6144,bf16,0,0,1,searched,calibration_local_counterfactual,BASE,0.7466578753198354,"{""runtime_risk_score"":0.7466578753198354}",20:128:256:6144:128:256:64:16:8:1:1:0:8:4:2:2:1:2:2:15:8:0:0,,1,1,numeric_signed_axes_full_v3,,0.580694389343,,0.579838046525,,0.579430855904,,1.00147686552,1.00218064576,0.000856342818097,0.147686552,0.00126353343914,0.218064576,within_noise,within_noise,1,,,,
net_log26:cal_v1_bf16_aligned:rank2,net_log26,Ascend910B3,20,8.1.RC1+toolkit-7.7.0.1.225,cal_v1_bf16_aligned,3072,4096,6144,bf16,0,0,2,searched,calibration_local_counterfactual,BASE,0.8107940401703281,"{""runtime_risk_score"":0.8107940401703281}",20:128:256:6144:128:256:64:16:8:1:1:0:8:4:2:2:1:2:1:12:16:1:0,,1,1,numeric_signed_axes_full_v3,,0.582912788391,,0.584276764073,,0.58386645637,,0.997665531532,0.998366633382,-0.00136397568231,-0.2334468468,-0.000953667979205,-0.1633366618,within_noise,within_noise,1,,,,
net_log26:cal_v1_bf16_aligned:rank3,net_log26,Ascend910B3,20,8.1.RC1+toolkit-7.7.0.1.225,cal_v1_bf16_aligned,3072,4096,6144,bf16,0,0,3,searched,calibration_local_counterfactual,BASE,0.7480884145352431,"{""runtime_risk_score"":0.7480884145352431}",20:128:256:6144:128:256:64:16:8:1:1:1:8:4:2:2:1:2:1:12:16:0:0,,1,1,numeric_signed_axes_full_v3,,0.581702804565,,0.58185365137,,0.581445045296,,0.999740747858,1.00044330805,-0.000150846805448,-0.0259252142,0.000257759269212,0.044330805,within_noise,within_noise,1,,,,
net_log26:cal_v1_bf16_aligned:rank4,net_log26,Ascend910B3,20,8.1.RC1+toolkit-7.7.0.1.225,cal_v1_bf16_aligned,3072,4096,6144,bf16,0,0,4,searched,calibration_local_counterfactual,BASE,0.7486171496094994,"{""runtime_risk_score"":0.7486171496094994}",20:128:256:6144:128:256:64:16:8:1:1:0:8:4:2:2:1:2:2:13:9:0:0,,1,1,numeric_signed_axes_full_v3,,0.581179199219,,0.58080664055,,0.580398769734,,1.00064145043,1.00134464359,0.000372558669328,0.064145043,0.000780429485366,0.134464359,within_noise,within_noise,1,,,,
net_log26:cal_v1_bf16_aligned:rank5,net_log26,Ascend910B3,20,8.1.RC1+toolkit-7.7.0.1.225,cal_v1_bf16_aligned,3072,4096,6144,bf16,0,0,5,searched,calibration_local_counterfactual,BASE,0.7481528860498806,"{""runtime_risk_score"":0.7481528860498806}",20:128:256:6144:128:256:64:16:8:1:1:0:8:4:2:2:1:2:1:14:16:0:0,,1,1,numeric_signed_axes_full_v3,,0.581690788269,,0.583867046646,,0.583198119884,,0.996272681616,0.997415403851,-0.00217625837677,-0.3727318384,-0.00150733161476,-0.2584596149,within_noise,within_noise,1,,,,
net_log26:cal_v1_bf16_aligned:rank6,net_log26,Ascend910B3,20,8.1.RC1+toolkit-7.7.0.1.225,cal_v1_bf16_aligned,3072,4096,6144,bf16,0,0,6,searched,calibration_local_counterfactual,BASE,0.7466478514012767,"{""runtime_risk_score"":0.7466478514012767}",20:128:256:6144:128:256:64:16:8:1:1:0:8:4:2:2:1:2:1:15:16:0:0,,1,1,numeric_signed_axes_full_v3,,0.582561988831,,0.585617276233,,0.584946344262,,0.99478279155,0.995923804885,-0.00305528740203,-0.521720845,-0.00238435543102,-0.4076195115,within_noise,within_noise,1,,,,
net_log26:cal_v1_bf16_aligned:rank7,net_log26,Ascend910B3,20,8.1.RC1+toolkit-7.7.0.1.225,cal_v1_bf16_aligned,3072,4096,6144,bf16,0,0,7,searched,calibration_coupled_counterfactual,BASE,0.8252075774700626,"{""runtime_risk_score"":0.8252075774700626}",16:768:1024:6144:256:64:64:8:32:1:1:0:4:16:2:2:2:2:2:3:3:0:0,,0,0,npu_structured_numeric_rejected,"official structured numeric preflight failed at C index=64, actual=15340386230730752.000000, expected=6144.000000",,,,,,,,,,,,,runtime_rejected,runtime_rejected,0,,,,
net_log26:cal_v1_bf16_aligned:rank8,net_log26,Ascend910B3,20,8.1.RC1+toolkit-7.7.0.1.225,cal_v1_bf16_aligned,3072,4096,6144,bf16,0,0,8,searched,calibration_coupled_counterfactual,BASE,0.8212838560369072,"{""runtime_risk_score"":0.8212838560369072}",16:3072:256:6144:128:256:64:16:8:1:1:0:8:4:2:2:1:1:2:1:8:0:0,,0,0,npu_structured_numeric_rejected,"official structured numeric preflight failed at C index=524288, actual=15340386230730752.000000, expected=6144.000000",,,,,,,,,,,,,runtime_rejected,runtime_rejected,0,,,,
net_log26:cal_v1_bf16_aligned:rank9,net_log26,Ascend910B3,20,8.1.RC1+toolkit-7.7.0.1.225,cal_v1_bf16_aligned,3072,4096,6144,bf16,0,0,9,searched,calibration_coupled_counterfactual,BASE,0.8164840968900466,"{""runtime_risk_score"":0.8164840968900466}",16:3072:256:6144:128:256:64:16:8:1:1:0:8:4:2:2:1:1:2:1:14:0:0,,0,0,npu_structured_numeric_rejected,"official structured numeric preflight failed at C index=524288, actual=15340386230730752.000000, expected=6144.000000",,,,,,,,,,,,,runtime_rejected,runtime_rejected,0,,,,
net_log26:cal_v1_bf16_aligned:rank10,net_log26,Ascend910B3,20,8.1.RC1+toolkit-7.7.0.1.225,cal_v1_bf16_aligned,3072,4096,6144,bf16,0,0,10,searched,calibration_coupled_counterfactual,BASE,0.8218115671222259,"{""runtime_risk_score"":0.8218115671222259}",16:384:2048:6144:256:64:64:8:32:1:1:0:4:16:2:2:2:1:2:8:1:0:0,,0,0,npu_structured_numeric_rejected,"official structured numeric preflight failed at C index=64, actual=15340386230730752.000000, expected=6144.000000",,,,,,,,,,,,,runtime_rejected,runtime_rejected,0,,,,
net_log26:cal_v1_bf16_aligned:rank11,net_log26,Ascend910B3,20,8.1.RC1+toolkit-7.7.0.1.225,cal_v1_bf16_aligned,3072,4096,6144,bf16,0,0,11,searched,calibration_coupled_counterfactual,BASE,0.8325306655850346,"{""runtime_risk_score"":0.8325306655850346}",16:768:1024:6144:256:128:64:8:16:1:1:0:4:8:2:2:1:2:1:2:4:0:0,,0,0,npu_structured_numeric_rejected,"official structured numeric preflight failed at C index=128, actual=15340386230730752.000000, expected=6144.000000",,,,,,,,,,,,,runtime_rejected,runtime_rejected,0,,,,
net_log26:cal_v1_bf16_aligned:rank12,net_log26,Ascend910B3,20,8.1.RC1+toolkit-7.7.0.1.225,cal_v1_bf16_aligned,3072,4096,6144,bf16,0,0,12,searched,calibration_coupled_counterfactual,BASE,0.8280059653209899,"{""runtime_risk_score"":0.8280059653209899}",16:3072:256:6144:128:256:64:16:8:1:1:0:8:4:2:2:1:1:2:1:10:0:0,,0,0,npu_structured_numeric_rejected,"official structured numeric preflight failed at C index=524288, actual=15340386230730752.000000, expected=6144.000000",,,,,,,,,,,,,runtime_rejected,runtime_rejected,0,,,,
net_log26:cal_v1_bf16_aligned:rank13,net_log26,Ascend910B3,20,8.1.RC1+toolkit-7.7.0.1.225,cal_v1_bf16_aligned,3072,4096,6144,bf16,0,0,13,searched,calibration_coupled_counterfactual,BASE,0.8243322402304579,"{""runtime_risk_score"":0.8243322402304579}",16:768:1024:6144:256:64:64:8:32:1:1:0:4:16:2:2:2:2:2:2:2:0:0,,0,0,npu_structured_numeric_rejected,"official structured numeric preflight failed at C index=64, actual=15340386230730752.000000, expected=6144.000000",,,,,,,,,,,,,runtime_rejected,runtime_rejected,0,,,,
net_log26:cal_v1_bf16_aligned:rank14,net_log26,Ascend910B3,20,8.1.RC1+toolkit-7.7.0.1.225,cal_v1_bf16_aligned,3072,4096,6144,bf16,0,0,14,searched,calibration_template_probe,DETERMINISTIC_SPLIT_K,0.36674788373784806,"{""runtime_risk_score"":0.36674788373784806}",1:384:4096:384:128:128:128:9:6:3:1:1:3:3:2:2:2:1:1:8:1:0:3,,0,0,npu_structured_numeric_rejected,"official structured numeric preflight failed at C index=128, actual=-155951430730287163537096704.000000, expected=6144.000000",,,,,,,,,,,,,runtime_rejected,runtime_rejected,0,,,,
net_log26:cal_v1_bf16_aligned:rank15,net_log26,Ascend910B3,20,8.1.RC1+toolkit-7.7.0.1.225,cal_v1_bf16_aligned,3072,4096,6144,bf16,0,0,15,searched,calibration_template_probe,DETERMINISTIC_SPLIT_K,0.24496813725300728,"{""runtime_risk_score"":0.24496813725300728}",2:3072:384:384:128:128:128:6:9:1:3:0:3:3:2:2:2:1:1:1:11:1:3,,1,1,numeric_signed_axes_full_v3,,5.6296270752,,54.6706777493,,54.6926257627,,0.102973427566,0.102932104588,-49.0410506741,-89.7026572434,-49.0629986875,-89.7067895412,regressed,regressed,1,,,,
net_log26:cal_v1_bf16_aligned:rank16,net_log26,Ascend910B3,20,8.1.RC1+toolkit-7.7.0.1.225,cal_v1_bf16_aligned,3072,4096,6144,bf16,0,0,16,searched,calibration_template_probe,SINGLE_CORE_SPLIT_K,0.246247453883559,"{""runtime_risk_score"":0.246247453883559}",8:384:4096:384:128:128:128:9:6:3:1:1:3:3:2:2:2:2:1:6:1:0:2,,1,1,numeric_signed_axes_full_v3,,1.40415802002,,3.4011608711,,3.40252629636,,0.412846693595,0.412681019254,-1.99700285108,-58.7153306405,-1.99836827634,-58.7318980746,regressed,regressed,1,,,,
net_log26:cal_v1_bf16_odd:rank1,net_log26,Ascend910B3,20,8.1.RC1+toolkit-7.7.0.1.225,cal_v1_bf16_odd,1279,1793,3587,bf16,0,0,1,searched,calibration_local_counterfactual,BASE,0.2893088308611161,"{""runtime_risk_score"":0.2893088308611161}",20:128:256:3587:128:256:64:16:8:1:1:0:8:4:2:2:1:1:2:10:7:0:0,,1,1,numeric_signed_axes_full_v3,,0.122631196976,,0.125274152423,,0.123922517815,,0.978902627587,0.989579611017,-0.0026429554474,-2.1097372413,-0.00129132083939,-1.0420388983,regressed,regressed,1,,,,
net_log26:cal_v1_bf16_odd:rank2,net_log26,Ascend910B3,20,8.1.RC1+toolkit-7.7.0.1.225,cal_v1_bf16_odd,1279,1793,3587,bf16,0,0,2,searched,calibration_local_counterfactual,BASE,0.27645676083979565,"{""runtime_risk_score"":0.27645676083979565}",20:128:256:3587:128:256:64:16:8:1:1:0:8:4:2:2:1:2:2:6:5:0:0,,1,1,numeric_signed_axes_full_v3,,0.12081319809,,0.121587323964,,0.120275468073,,0.99363316957,1.00447082041,-0.000774125874117,-0.636683043,0.000537730017481,0.447082041,within_noise,within_noise,1,,,,
net_log26:cal_v1_bf16_odd:rank3,net_log26,Ascend910B3,20,8.1.RC1+toolkit-7.7.0.1.225,cal_v1_bf16_odd,1279,1793,3587,bf16,0,0,3,searched,calibration_local_counterfactual,BASE,0.20250119845109524,"{""runtime_risk_score"":0.20250119845109524}",20:128:256:3587:128:256:64:16:8:1:1:0:8:4:2:2:1:5:1:2:8:0:0,,1,1,numeric_signed_axes_full_v3,,0.121774396896,,0.123529735953,,0.122196922576,,0.985790149686,0.996542255969,-0.00175533905722,-1.4209850314,-0.000422525679642,-0.3457744031,regressed,within_noise,1,,,,
net_log26:cal_v1_bf16_odd:rank4,net_log26,Ascend910B3,20,8.1.RC1+toolkit-7.7.0.1.225,cal_v1_bf16_odd,1279,1793,3587,bf16,0,0,4,searched,calibration_local_counterfactual,BASE,0.32240638273107625,"{""runtime_risk_score"":0.32240638273107625}",20:128:256:3587:128:256:64:16:8:1:1:0:8:4:2:2:1:1:1:10:8:1:0,,1,1,numeric_signed_axes_full_v3,,0.122248401642,,0.124493282351,,0.123150072873,,0.981967856689,0.992678272861,-0.0022448807086,-1.8032143311,-0.000901671230722,-0.7321727139,regressed,within_noise,1,,,,
net_log26:cal_v1_bf16_odd:rank5,net_log26,Ascend910B3,20,8.1.RC1+toolkit-7.7.0.1.225,cal_v1_bf16_odd,1279,1793,3587,bf16,0,0,5,searched,calibration_local_counterfactual,BASE,0.3111279679673902,"{""runtime_risk_score"":0.3111279679673902}",20:128:256:3587:128:256:64:16:8:1:1:1:8:4:2:2:1:1:1:10:8:0:0,,1,1,numeric_signed_axes_full_v3,,0.120655603409,,0.121270321878,,0.120613889815,,0.994931006537,1.00034584403,-0.000614718468855,-0.5068993463,4.17135937277e-05,0.034584403,within_noise,within_noise,1,,,,
net_log26:cal_v1_bf16_odd:rank6,net_log26,Ascend910B3,20,8.1.RC1+toolkit-7.7.0.1.225,cal_v1_bf16_odd,1279,1793,3587,bf16,0,0,6,searched,calibration_local_counterfactual,BASE,0.3604387897411274,"{""runtime_risk_score"":0.3604387897411274}",20:128:256:3587:128:256:64:16:8:1:1:0:8:4:2:2:1:2:1:7:8:0:0,,1,1,numeric_signed_axes_full_v3,,0.12227519989,,0.124547869036,,0.123873695724,,0.981752645279,0.987095760527,-0.00227266914605,-1.8247354721,-0.00159849583403,-1.2904239473,regressed,regressed,1,,,,
net_log26:cal_v1_bf16_odd:rank7,net_log26,Ascend910B3,20,8.1.RC1+toolkit-7.7.0.1.225,cal_v1_bf16_odd,1279,1793,3587,bf16,0,0,7,searched,calibration_coupled_counterfactual,BASE,0.35032833945595254,"{""runtime_risk_score"":0.35032833945595254}",20:128:912:3587:128:128:64:16:16:1:1:0:8:8:2:2:2:2:1:9:2:0:0,,0,0,npu_structured_numeric_rejected,"official structured numeric preflight failed at C index=128, actual=15340386230730752.000000, expected=3584.000000",,,,,,,,,,,,,runtime_rejected,runtime_rejected,0,,,,
net_log26:cal_v1_bf16_odd:rank8,net_log26,Ascend910B3,20,8.1.RC1+toolkit-7.7.0.1.225,cal_v1_bf16_odd,1279,1793,3587,bf16,0,0,8,searched,calibration_coupled_counterfactual,BASE,0.33941749169416535,"{""runtime_risk_score"":0.33941749169416535}",16:160:912:3587:128:128:64:16:16:1:1:0:8:8:2:2:2:4:1:2:2:0:0,,0,0,npu_structured_numeric_rejected,"official structured numeric preflight failed at C index=128, actual=15340386230730752.000000, expected=3584.000000",,,,,,,,,,,,,runtime_rejected,runtime_rejected,0,,,,
net_log26:cal_v1_bf16_odd:rank9,net_log26,Ascend910B3,20,8.1.RC1+toolkit-7.7.0.1.225,cal_v1_bf16_odd,1279,1793,3587,bf16,0,0,9,searched,calibration_coupled_counterfactual,BASE,0.41302777270280594,"{""runtime_risk_score"":0.41302777270280594}",10:128:1808:3587:64:256:64:32:8:1:1:0:16:4:2:2:2:1:1:10:1:0:0,,0,0,npu_structured_numeric_rejected,"official structured numeric preflight failed at C index=256, actual=15340386230730752.000000, expected=-3584.000000",,,,,,,,,,,,,runtime_rejected,runtime_rejected,0,,,,
net_log26:cal_v1_bf16_odd:rank10,net_log26,Ascend910B3,20,8.1.RC1+toolkit-7.7.0.1.225,cal_v1_bf16_odd,1279,1793,3587,bf16,0,0,10,searched,calibration_coupled_counterfactual,BASE,0.32856748242086675,"{""runtime_risk_score"":0.32856748242086675}",16:160:912:3587:128:256:64:16:8:1:1:0:8:4:2:2:1:2:1:5:2:0:0,,0,0,npu_structured_numeric_rejected,"official structured numeric preflight failed at C index=256, actual=15340386230730752.000000, expected=-3584.000000",,,,,,,,,,,,,runtime_rejected,runtime_rejected,0,,,,
net_log26:cal_v1_bf16_odd:rank11,net_log26,Ascend910B3,20,8.1.RC1+toolkit-7.7.0.1.225,cal_v1_bf16_odd,1279,1793,3587,bf16,0,0,11,searched,calibration_coupled_counterfactual,BASE,0.2892774123417624,"{""runtime_risk_score"":0.2892774123417624}",20:128:256:3587:128:256:64:16:8:1:1:0:8:4:2:2:1:1:2:10:6:0:0,,1,1,numeric_signed_axes_full_v3,,0.121451597214,,0.123855173203,,0.122210576582,,0.980593656872,0.993789577064,-0.00240357598936,-1.9406343128,-0.000758979367826,-0.6210422936,regressed,within_noise,1,,,,
net_log26:cal_v1_bf16_odd:rank12,net_log26,Ascend910B3,20,8.1.RC1+toolkit-7.7.0.1.225,cal_v1_bf16_odd,1279,1793,3587,bf16,0,0,12,searched,calibration_coupled_counterfactual,BASE,0.38555448435747747,"{""runtime_risk_score"":0.38555448435747747}",19:1280:96:3587:256:64:64:8:32:1:1:0:4:16:2:2:2:1:1:1:19:0:0,,0,0,npu_structured_numeric_rejected,"official structured numeric preflight failed at C index=64, actual=15340386230730752.000000, expected=3584.000000",,,,,,,,,,,,,runtime_rejected,runtime_rejected,0,,,,
net_log26:cal_v1_bf16_odd:rank13,net_log26,Ascend910B3,20,8.1.RC1+toolkit-7.7.0.1.225,cal_v1_bf16_odd,1279,1793,3587,bf16,0,0,13,searched,calibration_coupled_counterfactual,BASE,0.3436650100922877,"{""runtime_risk_score"":0.3436650100922877}",15:256:608:3587:256:64:64:8:32:1:1:0:4:16:2:2:2:2:2:3:2:0:0,,0,0,npu_structured_numeric_rejected,"official structured numeric preflight failed at C index=64, actual=15340386230730752.000000, expected=3584.000000",,,,,,,,,,,,,runtime_rejected,runtime_rejected,0,,,,
net_log26:cal_v1_bf16_odd:rank14,net_log26,Ascend910B3,20,8.1.RC1+toolkit-7.7.0.1.225,cal_v1_bf16_odd,1279,1793,3587,bf16,0,0,14,searched,calibration_template_probe,DETERMINISTIC_SPLIT_K,0.14579832892919717,"{""runtime_risk_score"":0.14579832892919717}",8:1280:384:384:128:128:128:6:9:1:3:0:3:3:2:2:2:1:1:1:5:1:3,,1,1,numeric_signed_axes_full_v3,,0.372583999634,,1.16561758495,,1.14128318097,,0.319645143007,0.326460606662,-0.79303358532,-68.0354856993,-0.76869918134,-67.3539393338,regressed,regressed,1,,,,
net_log26:cal_v1_bf16_odd:rank15,net_log26,Ascend910B3,20,8.1.RC1+toolkit-7.7.0.1.225,cal_v1_bf16_odd,1279,1793,3587,bf16,0,0,15,searched,calibration_template_probe,DETERMINISTIC_SPLIT_K,0.1819598719975997,"{""runtime_risk_score"":0.1819598719975997}",2:384:1808:384:128:128:128:9:6:3:1:1:3:3:2:2:2:1:1:4:1:0:3,,0,0,npu_structured_numeric_rejected,"official structured numeric preflight failed at C index=670710, actual=-768.000000, expected=-3584.000000",,,,,,,,,,,,,runtime_rejected,runtime_rejected,0,,,,
net_log26:cal_v1_bf16_odd:rank16,net_log26,Ascend910B3,20,8.1.RC1+toolkit-7.7.0.1.225,cal_v1_bf16_odd,1279,1793,3587,bf16,0,0,16,searched,calibration_template_probe,SINGLE_CORE_SPLIT_K,0.2687956405249719,"{""runtime_risk_score"":0.2687956405249719}",4:384:2048:384:128:128:128:9:6:3:1:1:3:3:2:2:2:2:1:3:1:0:2,,1,1,numeric_signed_axes_full_v3,,0.624652404785,,3.27630649143,,3.20790758707,,0.190657499968,0.194722693167,-2.65165408665,-80.9342500032,-2.58325518228,-80.5277306833,regressed,regressed,1,,,,
net_log26:cal_v1_fp32_nn:rank1,net_log26,Ascend910B3,20,8.1.RC1+toolkit-7.7.0.1.225,cal_v1_fp32_nn,1024,1536,2048,fp32,0,0,1,searched,calibration_local_counterfactual,BASE,0.22951576329964626,"{""runtime_risk_score"":0.22951576329964626}",20:128:256:2048:128:256:32:16:8:1:1:0:8:4:2:2:1:1:2:8:5:0:0,,1,1,numeric_signed_axes_full_v3,,0.102366399765,,0.102447534284,,0.102324812625,,0.999208038339,1.00040642283,-8.11345194172e-05,-0.0791961661,4.15871399263e-05,0.040642283,within_noise,within_noise,1,,,,
net_log26:cal_v1_fp32_nn:rank2,net_log26,Ascend910B3,20,8.1.RC1+toolkit-7.7.0.1.225,cal_v1_fp32_nn,1024,1536,2048,fp32,0,0,2,searched,calibration_local_counterfactual,BASE,0.20123920808947063,"{""runtime_risk_score"":0.20123920808947063}",20:128:256:2048:128:256:32:16:8:1:1:0:8:4:2:2:1:2:2:5:3:0:0,,1,1,numeric_signed_axes_full_v3,,0.102265996933,,0.102246668019,,0.102124186977,,1.00018904199,1.00138860304,1.93289135933e-05,0.018904199,0.000141809956493,0.138860304,within_noise,within_noise,1,,,,
net_log26:cal_v1_fp32_nn:rank3,net_log26,Ascend910B3,20,8.1.RC1+toolkit-7.7.0.1.225,cal_v1_fp32_nn,1024,1536,2048,fp32,0,0,3,searched,calibration_local_counterfactual,BASE,0.216053928671058,"{""runtime_risk_score"":0.216053928671058}",20:128:256:2048:128:256:32:16:8:1:1:0:8:4:2:2:1:2:2:6:3:0:0,,1,1,numeric_signed_axes_full_v3,,0.102909603119,,0.103537686839,,0.103413659288,,0.993933767121,0.995125825999,-0.000628083720119,-0.6066232879,-0.000504056169452,-0.4874174001,within_noise,within_noise,1,,,,
net_log26:cal_v1_fp32_nn:rank4,net_log26,Ascend910B3,20,8.1.RC1+toolkit-7.7.0.1.225,cal_v1_fp32_nn,1024,1536,2048,fp32,0,0,4,searched,calibration_local_counterfactual,BASE,0.18960414685323887,"{""runtime_risk_score"":0.18960414685323887}",20:128:256:2048:128:256:32:16:8:1:1:0:8:4:2:2:1:2:2:4:3:0:0,,1,1,numeric_signed_axes_full_v3,,0.102293596268,,0.102301863703,,0.102179316542,,0.99991918588,1.00111842328,-8.26743508953e-06,-0.00808141200001,0.000114279726355,0.111842328,within_noise,within_noise,1,,,,
net_log26:cal_v1_fp32_nn:rank5,net_log26,Ascend910B3,20,8.1.RC1+toolkit-7.7.0.1.225,cal_v1_fp32_nn,1024,1536,2048,fp32,0,0,5,searched,calibration_local_counterfactual,BASE,0.22039321480496904,"{""runtime_risk_score"":0.22039321480496904}",20:128:256:2048:128:256:32:16:8:1:1:0:8:4:2:2:1:1:1:8:6:1:0,,1,1,numeric_signed_axes_full_v3,,0.102343196869,,0.102283098247,,0.102278430943,,1.00058757139,1.00063323152,6.00986222104e-05,0.058757139,6.47659262891e-05,0.063323152,within_noise,within_noise,1,,,,
net_log26:cal_v1_fp32_nn:rank6,net_log26,Ascend910B3,20,8.1.RC1+toolkit-7.7.0.1.225,cal_v1_fp32_nn,1024,1536,2048,fp32,0,0,6,searched,calibration_local_counterfactual,BASE,0.20327397241869155,"{""runtime_risk_score"":0.20327397241869155}",20:128:256:2048:128:256:32:16:8:1:1:1:8:4:2:2:1:1:1:8:6:0:0,,1,1,numeric_signed_axes_full_v3,,0.10231760025,,0.102231941469,,0.1022272765,,1.00083788667,1.00088355822,8.56587810051e-05,0.083788667,9.03237504594e-05,0.088355822,within_noise,within_noise,1,,,,
net_log26:cal_v1_fp32_nn:rank7,net_log26,Ascend910B3,20,8.1.RC1+toolkit-7.7.0.1.225,cal_v1_fp32_nn,1024,1536,2048,fp32,0,0,7,searched,calibration_coupled_counterfactual,BASE,0.23009709880449183,"{""runtime_risk_score"":0.23009709880449183}",16:256:384:2048:128:128:32:16:16:1:1:0:8:8:2:2:2:2:2:2:2:0:0,,1,1,numeric_signed_axes_full_v3,,0.102348403931,,0.102293506521,,0.102288838742,,1.00053666564,1.00058232345,5.48974101449e-05,0.053666564,5.95651894725e-05,0.058232345,within_noise,within_noise,1,,,,
net_log26:cal_v1_fp32_nn:rank8,net_log26,Ascend910B3,20,8.1.RC1+toolkit-7.7.0.1.225,cal_v1_fp32_nn,1024,1536,2048,fp32,0,0,8,searched,calibration_coupled_counterfactual,BASE,0.30086928885861797,"{""runtime_risk_score"":0.30086928885861797}",12:1024:128:2048:128:128:32:16:16:1:1:0:8:8:2:2:2:1:1:1:12:0:0,,1,1,numeric_signed_axes_full_v3,,0.102614402771,,0.102825909797,,0.102821217723,,0.997943057092,0.997988596548,-0.000211507025915,-0.2056942908,-0.000206814952267,-0.2011403452,within_noise,within_noise,1,,,,
net_log26:cal_v1_fp32_nn:rank9,net_log26,Ascend910B3,20,8.1.RC1+toolkit-7.7.0.1.225,cal_v1_fp32_nn,1024,1536,2048,fp32,0,0,9,searched,calibration_coupled_counterfactual,BASE,0.2119964207332495,"{""runtime_risk_score"":0.2119964207332495}",16:256:384:2048:128:256:32:16:8:1:1:0:8:4:2:2:1:1:2:4:3:0:0,,1,1,numeric_signed_axes_full_v3,,0.102253599167,,0.102193897475,,0.101944136658,,1.00058420017,1.00303560871,5.97016922777e-05,0.058420017,0.000309462509172,0.303560871,within_noise,within_noise,1,,,,
net_log26:cal_v1_fp32_nn:rank10,net_log26,Ascend910B3,20,8.1.RC1+toolkit-7.7.0.1.225,cal_v1_fp32_nn,1024,1536,2048,fp32,0,0,10,searched,calibration_coupled_counterfactual,BASE,0.20629449483269277,"{""runtime_risk_score"":0.20629449483269277}",12:512:256:2048:128:256:32:16:8:1:1:0:8:4:2:2:1:2:1:1:6:0:0,,1,1,numeric_signed_axes_full_v3,,0.102301998138,,0.102290661795,,0.102040664488,,1.00011082481,1.00256107358,1.13363431582e-05,0.011082481,0.000261333649906,0.256107358,within_noise,within_noise,1,,,,
net_log26:cal_v1_fp32_nn:rank11,net_log26,Ascend910B3,20,8.1.RC1+toolkit-7.7.0.1.225,cal_v1_fp32_nn,1024,1536,2048,fp32,0,0,11,searched,calibration_coupled_counterfactual,BASE,0.2345840578657406,"{""runtime_risk_score"":0.2345840578657406}",12:256:512:2048:256:128:32:8:16:1:1:0:4:8:2:2:1:1:1:4:3:0:0,,1,1,numeric_signed_axes_full_v3,,0.103258800507,,0.104213002199,,0.103958306711,,0.990843736656,0.99327128128,-0.000954201692003,-0.9156263344,-0.000699506204469,-0.672871872,within_noise,within_noise,1,,,,
net_log26:cal_v1_fp32_nn:rank12,net_log26,Ascend910B3,20,8.1.RC1+toolkit-7.7.0.1.225,cal_v1_fp32_nn,1024,1536,2048,fp32,0,0,12,searched,calibration_coupled_counterfactual,BASE,0.21364886267246264,"{""runtime_risk_score"":0.21364886267246264}",20:128:256:2048:128:256:32:16:8:1:1:0:8:4:2:2:1:1:2:8:4:0:0,,1,1,numeric_signed_axes_full_v3,,0.102936000824,,0.103562455366,,0.103309349808,,0.993950949308,0.996386106532,-0.000626454542299,-0.6049050692,-0.000373348984456,-0.3613893468,within_noise,within_noise,1,,,,
net_log26:cal_v1_fp32_nn:rank13,net_log26,Ascend910B3,20,8.1.RC1+toolkit-7.7.0.1.225,cal_v1_fp32_nn,1024,1536,2048,fp32,0,0,13,searched,calibration_coupled_counterfactual,BASE,0.20947459319132336,"{""runtime_risk_score"":0.20947459319132336}",16:128:768:2048:128:256:32:16:8:1:1:0:8:4:2:2:1:3:1:3:2:0:0,,1,1,numeric_signed_axes_full_v3,,0.102278795242,,0.102244266407,,0.102242273025,,1.00033770925,1.00035721249,3.45288345253e-05,0.033770925,3.65222169305e-05,0.035721249,within_noise,within_noise,1,,,,
net_log26:cal_v1_fp32_nn:rank14,net_log26,Ascend910B3,20,8.1.RC1+toolkit-7.7.0.1.225,cal_v1_fp32_nn,1024,1536,2048,fp32,0,0,14,searched,calibration_template_probe,DETERMINISTIC_SPLIT_K,0.1991201768723741,"{""runtime_risk_score"":0.1991201768723741}",1:1024:384:192:128:128:64:6:9:1:3:0:3:3:2:2:2:1:1:1:4:1:3,,1,1,numeric_signed_axes_full_v3,,0.102600803375,,0.102889078705,,0.102887072751,,0.997198193108,0.997217635139,-0.000288275329827,-0.2801806892,-0.000286269375873,-0.2782364861,within_noise,within_noise,1,,,,
net_log26:cal_v1_fp32_nn:rank15,net_log26,Ascend910B3,20,8.1.RC1+toolkit-7.7.0.1.225,cal_v1_fp32_nn,1024,1536,2048,fp32,0,0,15,searched,calibration_template_probe,DETERMINISTIC_SPLIT_K,0.2003757456859144,"{""runtime_risk_score"":0.2003757456859144}",2:384:1536:192:128:128:64:9:6:3:1:1:3:3:2:2:2:1:1:3:1:0:3,,1,1,numeric_signed_axes_full_v3,,0.102258796692,,0.102204286719,,0.102202294117,,1.00053334331,1.00055285036,5.45099725751e-05,0.053334331,5.65025750954e-05,0.055285036,within_noise,within_noise,1,,,,
net_log26:cal_v1_fp32_nn:rank16,net_log26,Ascend910B3,20,8.1.RC1+toolkit-7.7.0.1.225,cal_v1_fp32_nn,1024,1536,2048,fp32,0,0,16,searched,calibration_template_probe,SINGLE_CORE_SPLIT_K,0.2690363977423544,"{""runtime_risk_score"":0.2690363977423544}",3:384:1536:192:128:128:64:9:6:3:1:1:3:3:2:2:2:2:1:2:1:0:2,,1,1,numeric_signed_axes_full_v3,,0.103283596039,,0.104263057537,,0.104261024796,,0.990605862507,0.990625176009,-0.000979461497943,-0.9394137493,-0.00097742875658,-0.9374823991,within_noise,within_noise,1,,,,
net_log26:cal_v1_fp32_nt:rank1,net_log26,Ascend910B3,20,8.1.RC1+toolkit-7.7.0.1.225,cal_v1_fp32_nt,64,480,4096,fp32,0,1,1,searched,calibration_local_counterfactual,BASE,0.18421229926553576,"{""runtime_risk_score"":0.18421229926553576}",20:64:32:4096:64:32:128:8:16:1:1:0:4:8:2:2:1:1:3:1:7:0:0,,1,1,numeric_signed_axes_full_v3,,0.0253904008865,,0.0253455486875,,0.025301116667,,1.00176962825,1.00352886478,4.48521989692e-05,0.176962825,8.92842195008e-05,0.352886478,within_noise,within_noise,1,,,,
net_log26:cal_v1_fp32_nt:rank2,net_log26,Ascend910B3,20,8.1.RC1+toolkit-7.7.0.1.225,cal_v1_fp32_nt,64,480,4096,fp32,0,1,2,searched,calibration_local_counterfactual,BASE,0.20920544660154972,"{""runtime_risk_score"":0.20920544660154972}",20:64:32:4096:64:32:128:8:16:1:1:0:4:8:2:2:1:1:15:1:1:0:0,,1,1,numeric_signed_axes_full_v3,,0.0254468011856,,0.0254582750852,,0.0254136454497,,0.999549305694,1.00130464305,-1.14738996215e-05,-0.0450694306,3.31557359111e-05,0.130464305,within_noise,within_noise,1,,,,
net_log26:cal_v1_fp32_nt:rank3,net_log26,Ascend910B3,20,8.1.RC1+toolkit-7.7.0.1.225,cal_v1_fp32_nt,64,480,4096,fp32,0,1,3,searched,calibration_local_counterfactual,BASE,0.18921289290043403,"{""runtime_risk_score"":0.18921289290043403}",20:64:32:4096:64:32:128:8:16:1:1:0:4:8:2:2:1:1:2:1:9:0:0,,1,1,numeric_signed_axes_full_v3,,0.0251939988136,,0.024954954974,,0.0249112076838,,1.00957901306,1.01135196388,0.000239043839608,0.957901306,0.000282791129833,1.135196388,within_noise,within_noise,1,,,,
net_log26:cal_v1_fp32_nt:rank4,net_log26,Ascend910B3,20,8.1.RC1+toolkit-7.7.0.1.225,cal_v1_fp32_nt,64,480,4096,fp32,0,1,4,searched,calibration_local_counterfactual,BASE,0.17706999702078002,"{""runtime_risk_score"":0.17706999702078002}",20:64:32:4096:64:32:128:8:16:1:1:0:4:8:2:2:1:1:8:1:2:0:0,,1,1,numeric_signed_axes_full_v3,,0.0245672011375,,0.0237286999391,,0.0236871023357,,1.03533700542,1.03715519059,0.000838501198359,3.533700542,0.000880098801807,3.715519059,improved,improved,1,,,,
net_log26:cal_v1_fp32_nt:rank5,net_log26,Ascend910B3,20,8.1.RC1+toolkit-7.7.0.1.225,cal_v1_fp32_nt,64,480,4096,fp32,0,1,5,searched,calibration_local_counterfactual,BASE,,{},20:64:32:4096:64:32:128:8:16:1:1:0:4:8:2:2:1:1:2:1:11:0:0,,1,1,numeric_signed_axes_full_v3,paired baseline drift; latency excluded,0.0247936010361,,,,,,,,,,,,,,0,,,,
net_log26:cal_v1_fp32_nt:rank6,net_log26,Ascend910B3,20,8.1.RC1+toolkit-7.7.0.1.225,cal_v1_fp32_nt,64,480,4096,fp32,0,1,6,searched,calibration_local_counterfactual,BASE,,{},20:64:32:4096:64:32:128:8:16:1:1:0:4:8:2:2:1:1:3:1:5:0:0,,1,1,numeric_signed_axes_full_v3,paired baseline drift; latency excluded,0.0254200005531,,,,,,,,,,,,,,0,,,,
net_log26:cal_v1_fp32_nt:rank7,net_log26,Ascend910B3,20,8.1.RC1+toolkit-7.7.0.1.225,cal_v1_fp32_nt,64,480,4096,fp32,0,1,7,searched,calibration_coupled_counterfactual,BASE,,{},6:256:80:4096:256:64:32:8:32:1:1:0:4:16:2:2:2:1:2:1:5:0:0,,1,1,numeric_signed_axes_full_v3,paired baseline drift; latency excluded,0.0245088005066,,,,,,,,,,,,,,0,,,,
net_log26:cal_v1_fp32_nt:rank8,net_log26,Ascend910B3,20,8.1.RC1+toolkit-7.7.0.1.225,cal_v1_fp32_nt,64,480,4096,fp32,0,1,8,searched,calibration_coupled_counterfactual,BASE,,{},1:256:480:4096:256:128:32:8:16:1:1:0:4:8:2:2:1:1:1:1:1:0:0,,1,1,numeric_signed_axes_full_v3,paired baseline drift; latency excluded,0.0248848009109,,,,,,,,,,,,,,0,,,,
net_log26:cal_v1_fp32_nt:rank9,net_log26,Ascend910B3,20,8.1.RC1+toolkit-7.7.0.1.225,cal_v1_fp32_nt,64,480,4096,fp32,0,1,9,searched,calibration_coupled_counterfactual,BASE,,{},2:64:256:4096:64:256:32:32:8:1:1:0:16:4:2:2:2:1:2:1:1:0:0,,1,1,numeric_signed_axes_full_v3,paired baseline drift; latency excluded,0.0253979992867,,,,,,,,,,,,,,0,,,,
net_log26:cal_v1_fp32_nt:rank10,net_log26,Ascend910B3,20,8.1.RC1+toolkit-7.7.0.1.225,cal_v1_fp32_nt,64,480,4096,fp32,0,1,10,searched,calibration_coupled_counterfactual,BASE,,{},8:256:64:4096:256:64:32:8:32:1:1:0:4:16:2:2:2:1:8:1:1:0:0,,1,1,numeric_signed_axes_full_v3,paired baseline drift; latency excluded,0.0255371999741,,,,,,,,,,,,,,0,,,,
net_log26:cal_v1_fp32_nt:rank11,net_log26,Ascend910B3,20,8.1.RC1+toolkit-7.7.0.1.225,cal_v1_fp32_nt,64,480,4096,fp32,0,1,11,searched,calibration_coupled_counterfactual,BASE,,{},2:128:256:4096:128:256:32:16:8:1:1:0:8:4:2:2:1:1:2:1:1:0:0,,1,1,numeric_signed_axes_full_v3,paired baseline drift; latency excluded,0.0245356011391,,,,,,,,,,,,,,0,,,,
net_log26:cal_v1_fp32_nt:rank12,net_log26,Ascend910B3,20,8.1.RC1+toolkit-7.7.0.1.225,cal_v1_fp32_nt,64,480,4096,fp32,0,1,12,searched,calibration_coupled_counterfactual,BASE,,{},3:256:160:4096:256:128:32:8:16:1:1:0:4:8:2:2:1:1:2:1:2:0:0,,1,1,numeric_signed_axes_full_v3,paired baseline drift; latency excluded,0.0256028008461,,,,,,,,,,,,,,0,,,,
net_log26:cal_v1_fp32_nt:rank13,net_log26,Ascend910B3,20,8.1.RC1+toolkit-7.7.0.1.225,cal_v1_fp32_nt,64,480,4096,fp32,0,1,13,searched,calibration_coupled_counterfactual,BASE,,{},3:128:160:4096:128:128:32:16:16:1:1:0:8:8:2:2:2:1:2:1:2:0:0,,1,1,numeric_signed_axes_full_v3,paired baseline drift; latency excluded,0.025422000885,,,,,,,,,,,,,,0,,,,
net_log26:cal_v1_fp32_nt:rank14,net_log26,Ascend910B3,20,8.1.RC1+toolkit-7.7.0.1.225,cal_v1_fp32_nt,64,480,4096,fp32,0,1,14,searched,calibration_template_probe,DETERMINISTIC_SPLIT_K,,{},4:384:480:192:128:128:64:9:6:3:1:1:3:3:2:2:2:1:1:1:1:0:3,,1,1,numeric_signed_axes_full_v3,paired baseline drift; latency excluded,0.0254155993462,,,,,,,,,,,,,,0,,,,
net_log26:cal_v1_fp32_nt:rank15,net_log26,Ascend910B3,20,8.1.RC1+toolkit-7.7.0.1.225,cal_v1_fp32_nt,64,480,4096,fp32,0,1,15,searched,calibration_template_probe,DETERMINISTIC_SPLIT_K,,{},1:128:384:192:128:128:64:6:9:1:3:0:3:3:2:2:2:1:1:1:2:1:3,,1,1,numeric_signed_axes_full_v3,paired baseline drift; latency excluded,0.0248128008842,,,,,,,,,,,,,,0,,,,
net_log26:cal_v1_fp32_nt:rank16,net_log26,Ascend910B3,20,8.1.RC1+toolkit-7.7.0.1.225,cal_v1_fp32_nt,64,480,4096,fp32,0,1,16,searched,calibration_template_probe,SINGLE_CORE_SPLIT_K,,{},4:384:128:192:128:128:64:9:6:3:1:1:3:3:2:2:2:1:2:1:3:0:2,,1,1,numeric_signed_axes_full_v3,paired baseline drift; latency excluded,0.0254496002197,,,,,,,,,,,,,,0,,,,
net_log26:cal_v1_fp32_tn:rank1,net_log26,Ascend910B3,20,8.1.RC1+toolkit-7.7.0.1.225,cal_v1_fp32_tn,768,1152,1536,fp32,1,0,1,searched,calibration_local_counterfactual,BASE,0.21479912829326556,"{""runtime_risk_score"":0.21479912829326556}",20:128:256:1536:128:256:32:16:8:1:1:0:8:4:2:2:1:2:2:5:3:0:0,,1,1,numeric_signed_axes_full_v3,,0.0520196008682,,0.0529847822149,,0.0528330576996,,0.981783800814,0.984603260405,-0.000965181346653,-1.8216199186,-0.000813456831408,-1.5396739595,regressed,regressed,1,,,,
net_log26:cal_v1_fp32_tn:rank2,net_log26,Ascend910B3,20,8.1.RC1+toolkit-7.7.0.1.225,cal_v1_fp32_tn,768,1152,1536,fp32,1,0,2,searched,calibration_local_counterfactual,BASE,0.24537136189320521,"{""runtime_risk_score"":0.24537136189320521}",20:128:256:1536:128:256:32:16:8:1:1:0:8:4:2:2:1:6:1:1:5:0:0,,1,1,numeric_signed_axes_full_v3,,0.0517880010605,,0.0525140385597,,0.0523636620419,,0.98617441128,0.989006479705,-0.000726037499152,-1.382558872,-0.000575660981378,-1.0993520295,within_noise,within_noise,1,,,,
net_log26:cal_v1_fp32_tn:rank3,net_log26,Ascend910B3,20,8.1.RC1+toolkit-7.7.0.1.225,cal_v1_fp32_tn,768,1152,1536,fp32,1,0,3,searched,calibration_local_counterfactual,BASE,0.226711277028079,"{""runtime_risk_score"":0.226711277028079}",20:128:256:1536:128:256:32:16:8:1:1:0:8:4:2:2:1:2:2:3:3:0:0,,1,1,numeric_signed_axes_full_v3,,0.0510296010971,,0.0509872359379,,0.0508412314944,,1.00083089735,1.00370505586,4.23651592246e-05,0.083089735,0.000188369602678,0.370505586,within_noise,within_noise,1,,,,
net_log26:cal_v1_fp32_tn:rank4,net_log26,Ascend910B3,20,8.1.RC1+toolkit-7.7.0.1.225,cal_v1_fp32_tn,768,1152,1536,fp32,1,0,4,searched,calibration_local_counterfactual,BASE,0.25595834866068484,"{""runtime_risk_score"":0.25595834866068484}",20:128:256:1536:128:256:32:16:8:1:1:0:8:4:2:2:1:1:1:6:5:1:0,,1,1,numeric_signed_axes_full_v3,,0.0520020008087,,0.0529489350515,,0.0527973131864,,0.982116085208,0.984936499044,-0.000946934242788,-1.7883914792,-0.000795312377657,-1.5063500956,regressed,regressed,1,,,,
net_log26:cal_v1_fp32_tn:rank5,net_log26,Ascend910B3,20,8.1.RC1+toolkit-7.7.0.1.225,cal_v1_fp32_tn,768,1152,1536,fp32,1,0,5,searched,calibration_local_counterfactual,BASE,0.25789396895306627,"{""runtime_risk_score"":0.25789396895306627}",20:128:256:1536:128:256:32:16:8:1:1:1:8:4:2:2:1:1:1:6:5:0:0,,1,1,numeric_signed_axes_full_v3,,0.0510027980804,,0.0509336884755,,0.0508911745314,,1.00135685451,1.00219337734,6.91096049189e-05,0.135685451,0.000111623549023,0.219337734,within_noise,within_noise,1,,,,
net_log26:cal_v1_fp32_tn:rank6,net_log26,Ascend910B3,20,8.1.RC1+toolkit-7.7.0.1.225,cal_v1_fp32_tn,768,1152,1536,fp32,1,0,6,searched,calibration_local_counterfactual,BASE,0.20644907792806078,"{""runtime_risk_score"":0.20644907792806078}",20:128:256:1536:128:256:32:16:8:1:1:0:8:4:2:2:1:2:2:4:3:0:0,,1,1,numeric_signed_axes_full_v3,,0.051076798439,,0.0510815958714,,0.0510389584706,,0.999906082958,1.00074139382,-4.79743238488e-06,-0.0093917042,3.78399683894e-05,0.074139382,within_noise,within_noise,1,,,,
net_log26:cal_v1_fp32_tn:rank7,net_log26,Ascend910B3,20,8.1.RC1+toolkit-7.7.0.1.225,cal_v1_fp32_tn,768,1152,1536,fp32,1,0,7,searched,calibration_coupled_counterfactual,BASE,0.23902969288018577,"{""runtime_risk_score"":0.23902969288018577}",12:128:576:1536:128:256:32:16:8:1:1:0:8:4:2:2:1:2:1:5:2:0:0,,1,1,numeric_signed_axes_full_v3,,0.0520319986343,,0.0530100408175,,0.052965793759,,0.981549869267,0.982369845547,-0.000978042183245,-1.8450130733,-0.000933795124697,-1.7630154453,regressed,regressed,1,,,,
net_log26:cal_v1_fp32_tn:rank8,net_log26,Ascend910B3,20,8.1.RC1+toolkit-7.7.0.1.225,cal_v1_fp32_tn,768,1152,1536,fp32,1,0,8,searched,calibration_coupled_counterfactual,BASE,0.2396783735620814,"{""runtime_risk_score"":0.2396783735620814}",16:192:288:1536:128:256:32:16:8:1:1:0:8:4:2:2:1:1:4:4:1:0:0,,1,1,numeric_signed_axes_full_v3,,0.0510232019424,,0.0509744490557,,0.0509319010895,,1.00095641812,1.00179260642,4.87528867339e-05,0.095641812,9.13008528759e-05,0.179260642,within_noise,within_noise,1,,,,
net_log26:cal_v1_fp32_tn:rank9,net_log26,Ascend910B3,20,8.1.RC1+toolkit-7.7.0.1.225,cal_v1_fp32_tn,768,1152,1536,fp32,1,0,9,searched,calibration_coupled_counterfactual,BASE,0.24721708748115062,"{""runtime_risk_score"":0.24721708748115062}",18:384:128:1536:128:128:32:16:16:1:1:0:8:8:2:2:2:1:1:2:9:0:0,,1,1,numeric_signed_axes_full_v3,,0.051062002182,,0.0508634458465,,0.0510093921631,,1.0039037138,1.00103137906,0.000198556335467,0.39037138,5.26100189403e-05,0.103137906,within_noise,within_noise,1,,,,
net_log26:cal_v1_fp32_tn:rank10,net_log26,Ascend910B3,20,8.1.RC1+toolkit-7.7.0.1.225,cal_v1_fp32_tn,768,1152,1536,fp32,1,0,10,searched,calibration_coupled_counterfactual,BASE,0.22395049952854834,"{""runtime_risk_score"":0.22395049952854834}",20:128:256:1536:128:256:32:16:8:1:1:0:8:4:2:2:1:1:3:6:2:0:0,,1,1,numeric_signed_axes_full_v3,,0.0519203996658,,0.0525879393073,,0.0527388338427,,0.987306221725,0.984481375161,-0.000667539641506,-1.2693778275,-0.00081843417685,-1.5518624839,regressed,regressed,1,,,,
net_log26:cal_v1_fp32_tn:rank11,net_log26,Ascend910B3,20,8.1.RC1+toolkit-7.7.0.1.225,cal_v1_fp32_tn,768,1152,1536,fp32,1,0,11,searched,calibration_coupled_counterfactual,BASE,0.21234157963097208,"{""runtime_risk_score"":0.21234157963097208}",12:256:288:1536:256:128:32:8:16:1:1:0:4:8:2:2:1:1:1:3:4:0:0,,1,1,numeric_signed_axes_full_v3,,0.0516839981079,,0.0521101475819,,0.0522596711535,,0.991822140336,0.988984372981,-0.000426149473995,-0.8177859664,-0.000575673045562,-1.1015627019,within_noise,regressed,1,,,,
net_log26:cal_v1_fp32_tn:rank12,net_log26,Ascend910B3,20,8.1.RC1+toolkit-7.7.0.1.225,cal_v1_fp32_tn,768,1152,1536,fp32,1,0,12,searched,calibration_coupled_counterfactual,BASE,0.21080050725001756,"{""runtime_risk_score"":0.21080050725001756}",18:384:128:1536:256:128:32:8:16:1:1:0:4:8:2:2:1:1:2:2:8:0:0,,1,1,numeric_signed_axes_full_v3,,0.0519167995453,,0.0525806467458,,0.052731520356,,0.987374685525,0.984549643075,-0.000663847200464,-1.2625314475,-0.000814720810698,-1.5450356925,regressed,regressed,1,,,,
net_log26:cal_v1_fp32_tn:rank13,net_log26,Ascend910B3,20,8.1.RC1+toolkit-7.7.0.1.225,cal_v1_fp32_tn,768,1152,1536,fp32,1,0,13,searched,calibration_coupled_counterfactual,BASE,0.22714349245222779,"{""runtime_risk_score"":0.22714349245222779}",18:384:128:1536:256:128:32:8:16:1:1:0:4:8:2:2:1:1:2:2:5:0:0,,1,1,numeric_signed_axes_full_v3,,0.0520760011673,,0.0529036157631,,0.0531392761174,,0.984356180879,0.979990789718,-0.000827614595846,-1.5643819121,-0.00106327495007,-2.0009210282,regressed,regressed,1,,,,
net_log26:cal_v1_fp32_tn:rank14,net_log26,Ascend910B3,20,8.1.RC1+toolkit-7.7.0.1.225,cal_v1_fp32_tn,768,1152,1536,fp32,1,0,14,searched,calibration_template_probe,DETERMINISTIC_SPLIT_K,0.17580459800735052,"{""runtime_risk_score"":0.17580459800735052}",1:768:384:192:128:128:64:6:9:1:3:0:3:3:2:2:2:1:1:1:3:1:3,,1,1,numeric_signed_axes_full_v3,,0.0510419988632,,0.0508236025817,,0.0510499974703,,1.00429714287,0.999843318168,0.000218396281462,0.429714287,-7.99860712725e-06,-0.0156681832,within_noise,within_noise,1,,,,
net_log26:cal_v1_fp32_tn:rank15,net_log26,Ascend910B3,20,8.1.RC1+toolkit-7.7.0.1.225,cal_v1_fp32_tn,768,1152,1536,fp32,1,0,15,searched,calibration_template_probe,DETERMINISTIC_SPLIT_K,0.17809722892946872,"{""runtime_risk_score"":0.17809722892946872}",2:384:1152:192:128:128:64:9:6:3:1:1:3:3:2:2:2:1:1:2:1:0:3,,1,1,numeric_signed_axes_full_v3,,0.0519432020187,,0.052634140495,,0.0528686004656,,0.986872807842,0.982496256025,-0.00069093847635,-1.3127192158,-0.000925398446866,-1.7503743975,regressed,regressed,1,,,,
net_log26:cal_v1_fp32_tn:rank16,net_log26,Ascend910B3,20,8.1.RC1+toolkit-7.7.0.1.225,cal_v1_fp32_tn,768,1152,1536,fp32,1,0,16,searched,calibration_template_probe,SINGLE_CORE_SPLIT_K,0.26349610866356155,"{""runtime_risk_score"":0.26349610866356155}",2:384:1152:192:128:128:64:9:6:3:1:1:3:3:2:2:2:2:1:1:1:0:2,,1,1,numeric_signed_axes_full_v3,,0.05102039814,,0.0507805950864,,0.0510067983968,,1.00472233642,1.00026662609,0.000239803053606,0.472233642,1.35997432199e-05,0.026662609,within_noise,within_noise,1,,,,
net_log26:cal_v1_fp32_tt:rank1,net_log26,Ascend910B3,20,8.1.RC1+toolkit-7.7.0.1.225,cal_v1_fp32_tt,512,768,1024,fp32,1,1,1,searched,calibration_local_counterfactual,BASE,,{},20:256:80:1024:256:80:32:8:24:1:1:0:4:12:2:2:1:2:2:1:9:0:0,,1,1,numeric_signed_axes_full_v3,paired baseline drift; latency excluded,0.0236619997025,,,,,,,,,,,,,,0,,,,
net_log26:cal_v1_fp32_tt:rank2,net_log26,Ascend910B3,20,8.1.RC1+toolkit-7.7.0.1.225,cal_v1_fp32_tt,512,768,1024,fp32,1,1,2,searched,calibration_local_counterfactual,BASE,,{},20:256:80:1024:256:80:32:8:24:1:1:0:4:12:2:2:1:1:5:2:2:0:0,,1,1,numeric_signed_axes_full_v3,paired baseline drift; latency excluded,0.023914000988,,,,,,,,,,,,,,0,,,,
net_log26:cal_v1_fp32_tt:rank3,net_log26,Ascend910B3,20,8.1.RC1+toolkit-7.7.0.1.225,cal_v1_fp32_tt,512,768,1024,fp32,1,1,3,searched,calibration_local_counterfactual,BASE,,{},20:256:80:1024:256:80:32:8:24:1:1:0:4:12:2:2:1:1:2:2:6:0:0,,1,1,numeric_signed_axes_full_v3,paired baseline drift; latency excluded,0.0236175990105,,,,,,,,,,,,,,0,,,,
net_log26:cal_v1_fp32_tt:rank4,net_log26,Ascend910B3,20,8.1.RC1+toolkit-7.7.0.1.225,cal_v1_fp32_tt,512,768,1024,fp32,1,1,4,searched,calibration_local_counterfactual,BASE,,{},20:256:80:1024:256:80:32:8:24:1:1:0:4:12:2:2:1:2:3:1:4:0:0,,1,1,numeric_signed_axes_full_v3,paired baseline drift; latency excluded,0.0229484009743,,,,,,,,,,,,,,0,,,,
net_log26:cal_v1_fp32_tt:rank5,net_log26,Ascend910B3,20,8.1.RC1+toolkit-7.7.0.1.225,cal_v1_fp32_tt,512,768,1024,fp32,1,1,5,searched,calibration_local_counterfactual,BASE,,{},20:256:80:1024:256:80:32:8:24:1:1:0:4:12:2:2:1:2:1:1:10:0:0,,1,1,numeric_signed_axes_full_v3,paired baseline drift; latency excluded,0.022966799736,,,,,,,,,,,,,,0,,,,
net_log26:cal_v1_fp32_tt:rank6,net_log26,Ascend910B3,20,8.1.RC1+toolkit-7.7.0.1.225,cal_v1_fp32_tt,512,768,1024,fp32,1,1,6,searched,calibration_local_counterfactual,BASE,,{},20:256:80:1024:256:80:32:8:24:1:1:0:4:12:2:2:1:1:2:2:8:0:0,,1,1,numeric_signed_axes_full_v3,paired baseline drift; latency excluded,0.0232516002655,,,,,,,,,,,,,,0,,,,
net_log26:cal_v1_fp32_tt:rank7,net_log26,Ascend910B3,20,8.1.RC1+toolkit-7.7.0.1.225,cal_v1_fp32_tt,512,768,1024,fp32,1,1,7,searched,calibration_coupled_counterfactual,BASE,,{},12:128:256:1024:128:128:32:16:16:1:1:0:8:8:2:2:2:2:2:3:2:0:0,,1,1,numeric_signed_axes_full_v3,paired baseline drift; latency excluded,0.0239436006546,,,,,,,,,,,,,,0,,,,
net_log26:cal_v1_fp32_tt:rank8,net_log26,Ascend910B3,20,8.1.RC1+toolkit-7.7.0.1.225,cal_v1_fp32_tt,512,768,1024,fp32,1,1,8,searched,calibration_coupled_counterfactual,BASE,,{},8:256:192:1024:256:128:32:8:16:1:1:0:4:8:2:2:1:2:4:1:1:0:0,,1,1,numeric_signed_axes_full_v3,paired baseline drift; latency excluded,0.0229728007317,,,,,,,,,,,,,,0,,,,
net_log26:cal_v1_fp32_tt:rank9,net_log26,Ascend910B3,20,8.1.RC1+toolkit-7.7.0.1.225,cal_v1_fp32_tt,512,768,1024,fp32,1,1,9,searched,calibration_coupled_counterfactual,BASE,,{},16:128:192:1024:128:128:32:16:16:1:1:0:8:8:2:2:2:4:1:1:4:0:0,,1,1,numeric_signed_axes_full_v3,paired baseline drift; latency excluded,0.0238915991783,,,,,,,,,,,,,,0,,,,
net_log26:cal_v1_fp32_tt:rank10,net_log26,Ascend910B3,20,8.1.RC1+toolkit-7.7.0.1.225,cal_v1_fp32_tt,512,768,1024,fp32,1,1,10,searched,calibration_coupled_counterfactual,BASE,,{},8:256:192:1024:256:128:32:8:16:1:1:0:4:8:2:2:1:1:2:2:3:0:0,,1,1,numeric_signed_axes_full_v3,paired baseline drift; latency excluded,0.0238308000565,,,,,,,,,,,,,,0,,,,
net_log26:cal_v1_fp32_tt:rank11,net_log26,Ascend910B3,20,8.1.RC1+toolkit-7.7.0.1.225,cal_v1_fp32_tt,512,768,1024,fp32,1,1,11,searched,calibration_coupled_counterfactual,BASE,,{},12:256:128:1024:256:128:32:8:16:1:1:0:4:8:2:2:1:2:1:1:6:0:0,,1,1,numeric_signed_axes_full_v3,paired baseline drift; latency excluded,0.0232540011406,,,,,,,,,,,,,,0,,,,
net_log26:cal_v1_fp32_tt:rank12,net_log26,Ascend910B3,20,8.1.RC1+toolkit-7.7.0.1.225,cal_v1_fp32_tt,512,768,1024,fp32,1,1,12,searched,calibration_coupled_counterfactual,BASE,,{},16:64:384:1024:64:256:32:32:8:1:1:0:16:4:2:2:2:2:1:5:2:0:0,,1,1,numeric_signed_axes_full_v3,paired baseline drift; latency excluded,0.0238283991814,,,,,,,,,,,,,,0,,,,
net_log26:cal_v1_fp32_tt:rank13,net_log26,Ascend910B3,20,8.1.RC1+toolkit-7.7.0.1.225,cal_v1_fp32_tt,512,768,1024,fp32,1,1,13,searched,calibration_coupled_counterfactual,BASE,0.3060282180239728,"{""runtime_risk_score"":0.3060282180239728}",12:256:128:1024:256:128:32:8:16:1:1:0:4:8:2:2:1:2:2:1:4:0:0,,1,1,numeric_signed_axes_full_v3,,0.0232076001167,,0.0228552967385,,0.0235618592445,,1.01541451779,0.984964720986,0.000352303378172,1.541451779,-0.00035425912783,-1.5035279014,improved,regressed,1,,,,
net_log26:cal_v1_fp32_tt:rank14,net_log26,Ascend910B3,20,8.1.RC1+toolkit-7.7.0.1.225,cal_v1_fp32_tt,512,768,1024,fp32,1,1,14,searched,calibration_template_probe,DETERMINISTIC_SPLIT_K,0.3860553683840345,"{""runtime_risk_score"":0.3860553683840345}",1:512:384:192:128:128:64:6:9:1:3:0:3:3:2:2:2:1:1:1:2:1:3,,1,1,numeric_signed_axes_full_v3,,0.0238052010536,,0.0240475095851,,0.0247909288822,,0.989923757776,0.960238366491,-0.000242308531463,-1.0076242224,-0.00098572782856,-3.9761633509,regressed,regressed,1,,,,
net_log26:cal_v1_fp32_tt:rank15,net_log26,Ascend910B3,20,8.1.RC1+toolkit-7.7.0.1.225,cal_v1_fp32_tt,512,768,1024,fp32,1,1,15,searched,calibration_template_probe,DETERMINISTIC_SPLIT_K,0.3898882913876826,"{""runtime_risk_score"":0.3898882913876826}",4:384:768:192:128:128:64:9:6:3:1:1:3:3:2:2:2:1:1:2:1:0:3,,1,1,numeric_signed_axes_full_v3,,0.0238308000565,,0.0240992565336,,0.0248442755673,,0.988860383442,0.959206880151,-0.000268456477117,-1.1139616558,-0.00101347551078,-4.0793119849,regressed,regressed,1,,,,
net_log26:cal_v1_fp32_tt:rank16,net_log26,Ascend910B3,20,8.1.RC1+toolkit-7.7.0.1.225,cal_v1_fp32_tt,512,768,1024,fp32,1,1,16,searched,calibration_template_probe,SINGLE_CORE_SPLIT_K,0.33557254674118536,"{""runtime_risk_score"":0.33557254674118536}",6:512:128:192:128:128:64:9:6:3:1:1:3:3:2:2:2:1:2:1:5:0:2,,1,1,numeric_signed_axes_full_v3,,0.0232696008682,,0.0229775789594,,0.0236879217722,,1.01270899381,0.982340329049,0.000292021908764,1.270899381,-0.00041832090401,-1.7659670951,improved,regressed,1,,,,
net_log26:cal_v1_template_al1:rank1,net_log26,Ascend910B3,20,8.1.RC1+toolkit-7.7.0.1.225,cal_v1_template_al1,32,384,4096,fp32,0,1,1,searched,calibration_local_counterfactual,BASE,0.19729890100495312,"{""runtime_risk_score"":0.19729890100495312}",20:32:32:4096:32:32:128:16:16:1:1:0:8:8:2:2:1:1:2:1:11:0:0,,1,1,numeric_signed_axes_full_v3,,0.0338332009315,,0.0329507056987,,0.0337618848106,,1.02678228627,1.00211232641,0.000882495232821,2.678228627,7.13161209367e-05,0.211232641,improved,within_noise,1,,,,
net_log26:cal_v1_template_al1:rank2,net_log26,Ascend910B3,20,8.1.RC1+toolkit-7.7.0.1.225,cal_v1_template_al1,32,384,4096,fp32,0,1,2,searched,calibration_local_counterfactual,BASE,0.24248414049325032,"{""runtime_risk_score"":0.24248414049325032}",20:32:32:4096:32:32:128:16:16:1:1:0:8:8:2:2:1:1:12:1:1:0:0,,1,1,numeric_signed_axes_full_v3,,0.0338527989388,,0.0329888903921,,0.0338010095333,,1.02618786314,1.00153218517,0.000863908546728,2.618786314,5.17894055379e-05,0.153218517,improved,within_noise,1,,,,
net_log26:cal_v1_template_al1:rank3,net_log26,Ascend910B3,20,8.1.RC1+toolkit-7.7.0.1.225,cal_v1_template_al1,32,384,4096,fp32,0,1,3,searched,calibration_local_counterfactual,BASE,0.23650491112442712,"{""runtime_risk_score"":0.23650491112442712}",20:32:32:4096:32:32:128:16:16:1:1:0:8:8:2:2:1:1:2:1:7:0:0,,1,1,numeric_signed_axes_full_v3,,0.0347000002861,,0.0346607136977,,0.0355139897159,,1.00113346161,0.977079752618,3.92865883516e-05,0.113346161,-0.00081398942981,-2.2920247382,within_noise,regressed,1,,,,
net_log26:cal_v1_template_al1:rank4,net_log26,Ascend910B3,20,8.1.RC1+toolkit-7.7.0.1.225,cal_v1_template_al1,32,384,4096,fp32,0,1,4,searched,calibration_local_counterfactual,BASE,0.21730875878539532,"{""runtime_risk_score"":0.21730875878539532}",20:32:32:4096:32:32:128:16:16:1:1:0:8:8:2:2:1:1:3:1:5:0:0,,1,1,numeric_signed_axes_full_v3,,0.0345088005066,,0.0342797994163,,0.0351236981026,,1.00668035094,0.98249336974,0.000229001090254,0.668035094,-0.000614897596047,-1.750663026,within_noise,regressed,1,,,,
net_log26:cal_v1_template_al1:rank5,net_log26,Ascend910B3,20,8.1.RC1+toolkit-7.7.0.1.225,cal_v1_template_al1,32,384,4096,fp32,0,1,5,searched,calibration_local_counterfactual,BASE,,{},20:32:32:4096:32:32:128:16:16:1:1:0:8:8:2:2:1:1:2:1:6:0:0,,1,1,numeric_signed_axes_full_v3,paired baseline drift; latency excluded,0.0347011995316,,,,,,,,,,,,,,0,,,,
net_log26:cal_v1_template_al1:rank6,net_log26,Ascend910B3,20,8.1.RC1+toolkit-7.7.0.1.225,cal_v1_template_al1,32,384,4096,fp32,0,1,6,searched,calibration_local_counterfactual,BASE,,{},20:32:32:4096:32:32:128:16:16:1:1:0:8:8:2:2:1:1:1:1:12:1:0,,1,1,numeric_signed_axes_full_v3,paired baseline drift; latency excluded,0.0347431993484,,,,,,,,,,,,,,0,,,,
net_log26:cal_v1_template_al1:rank7,net_log26,Ascend910B3,20,8.1.RC1+toolkit-7.7.0.1.225,cal_v1_template_al1,32,384,4096,fp32,0,1,7,searched,calibration_coupled_counterfactual,BASE,,{},6:256:64:4096:256:64:32:8:32:1:1:0:4:16:2:2:2:1:2:1:5:0:0,,1,1,numeric_signed_axes_full_v3,paired baseline drift; latency excluded,0.034666800499,,,,,,,,,,,,,,0,,,,
net_log26:cal_v1_template_al1:rank8,net_log26,Ascend910B3,20,8.1.RC1+toolkit-7.7.0.1.225,cal_v1_template_al1,32,384,4096,fp32,0,1,8,searched,calibration_coupled_counterfactual,BASE,,{},1:256:384:4096:256:128:32:8:16:1:1:0:4:8:2:2:1:1:1:1:1:0:0,,1,1,numeric_signed_axes_full_v3,paired baseline drift; latency excluded,0.0344772005081,,,,,,,,,,,,,,0,,,,
net_log26:cal_v1_template_al1:rank9,net_log26,Ascend910B3,20,8.1.RC1+toolkit-7.7.0.1.225,cal_v1_template_al1,32,384,4096,fp32,0,1,9,searched,calibration_coupled_counterfactual,BASE,,{},6:256:64:4096:256:64:32:8:32:1:1:0:4:16:2:2:2:1:6:1:1:0:0,,1,1,numeric_signed_axes_full_v3,paired baseline drift; latency excluded,0.0344368004799,,,,,,,,,,,,,,0,,,,
net_log26:cal_v1_template_al1:rank10,net_log26,Ascend910B3,20,8.1.RC1+toolkit-7.7.0.1.225,cal_v1_template_al1,32,384,4096,fp32,0,1,10,searched,calibration_coupled_counterfactual,BASE,,{},1:64:384:4096:64:256:32:32:8:1:1:0:16:4:2:2:2:1:1:1:1:0:0,,1,1,numeric_signed_axes_full_v3,paired baseline drift; latency excluded,0.0340316009521,,,,,,,,,,,,,,0,,,,
net_log26:cal_v1_template_al1:rank11,net_log26,Ascend910B3,20,8.1.RC1+toolkit-7.7.0.1.225,cal_v1_template_al1,32,384,4096,fp32,0,1,11,searched,calibration_coupled_counterfactual,BASE,,{},3:256:128:4096:256:128:32:8:16:1:1:0:4:8:2:2:1:1:2:1:2:0:0,,1,1,numeric_signed_axes_full_v3,paired baseline drift; latency excluded,0.0338752007484,,,,,,,,,,,,,,0,,,,
net_log26:cal_v1_template_al1:rank12,net_log26,Ascend910B3,20,8.1.RC1+toolkit-7.7.0.1.225,cal_v1_template_al1,32,384,4096,fp32,0,1,12,searched,calibration_coupled_counterfactual,BASE,,{},6:256:64:4096:256:64:32:8:32:1:1:0:4:16:2:2:2:1:1:1:6:0:0,,1,1,numeric_signed_axes_full_v3,paired baseline drift; latency excluded,0.0346672010422,,,,,,,,,,,,,,0,,,,
net_log26:cal_v1_template_al1:rank13,net_log26,Ascend910B3,20,8.1.RC1+toolkit-7.7.0.1.225,cal_v1_template_al1,32,384,4096,fp32,0,1,13,searched,calibration_coupled_counterfactual,BASE,0.2746268092439711,"{""runtime_risk_score"":0.2746268092439711}",2:128:256:4096:128:256:32:16:8:1:1:0:8:4:2:2:1:1:2:1:1:0:0,,1,1,numeric_signed_axes_full_v3,,0.0339696002007,,0.0339199380008,,0.0339865435191,,1.00146410055,0.999501469797,4.9662199883e-05,0.146410055,-1.69433184399e-05,-0.0498530203,within_noise,within_noise,1,,,,
net_log26:cal_v1_template_al1:rank14,net_log26,Ascend910B3,20,8.1.RC1+toolkit-7.7.0.1.225,cal_v1_template_al1,32,384,4096,fp32,0,1,14,searched,calibration_template_probe,DETERMINISTIC_SPLIT_K,0.13634295234370658,"{""runtime_risk_score"":0.13634295234370658}",16:384:384:192:128:128:64:9:6:3:1:1:3:3:2:2:2:1:1:1:1:0:3,,1,1,numeric_signed_axes_full_v3,,0.0348115992546,,0.0356223141548,,0.0356922624754,,0.977241374698,0.97532621471,-0.00081071490024,-2.2758625302,-0.000880663220833,-2.467378529,regressed,regressed,1,,,,
net_log26:cal_v1_template_al1:rank15,net_log26,Ascend910B3,20,8.1.RC1+toolkit-7.7.0.1.225,cal_v1_template_al1,32,384,4096,fp32,0,1,15,searched,calibration_template_probe,DETERMINISTIC_SPLIT_K,0.21010222018872016,"{""runtime_risk_score"":0.21010222018872016}",1:128:384:192:128:128:64:6:9:1:3:0:3:3:2:2:2:1:1:1:1:1:3,,1,1,numeric_signed_axes_full_v3,,0.0340547990799,,0.0340903000187,,0.0341572400615,,0.998958620522,0.997000899913,-3.55009388384e-05,-0.1041379478,-0.00010244098164,-0.2999100087,within_noise,within_noise,1,,,,
net_log26:cal_v1_template_al1:rank16,net_log26,Ascend910B3,20,8.1.RC1+toolkit-7.7.0.1.225,cal_v1_template_al1,32,384,4096,fp32,0,1,16,searched,calibration_template_probe,SINGLE_CORE_SPLIT_K,0.40590865532815223,"{""runtime_risk_score"":0.40590865532815223}",3:384:128:192:128:128:64:9:6:3:1:1:3:3:2:2:2:1:2:1:2:0:2,,1,1,numeric_signed_axes_full_v3,,0.0347063994408,,0.0354073399205,,0.0354768661156,,0.980203526126,0.978282561028,-0.000700940479684,-1.9796473874,-0.000770466674783,-2.1717438972,regressed,regressed,1,,,,
net_log26:cal_v1_template_bl1:rank1,net_log26,Ascend910B3,20,8.1.RC1+toolkit-7.7.0.1.225,cal_v1_template_bl1,45056,224,192,fp16,0,0,1,searched,calibration_local_counterfactual,BASE,0.5549825984544453,"{""runtime_risk_score"":0.5549825984544453}",20:128:224:192:128:224:64:16:8:1:1:0:8:4:2:2:1:88:1:4:1:0:0,,1,1,numeric_signed_axes_full_v3,,0.0584747982025,,0.059013854481,,0.0607775061737,,0.990865597862,0.96211249661,-0.000539056278543,-0.9134402138,-0.00230270797119,-3.788750339,within_noise,regressed,1,,,,
net_log26:cal_v1_template_bl1:rank2,net_log26,Ascend910B3,20,8.1.RC1+toolkit-7.7.0.1.225,cal_v1_template_bl1,45056,224,192,fp16,0,0,2,searched,calibration_local_counterfactual,BASE,0.5106651710753319,"{""runtime_risk_score"":0.5106651710753319}",20:128:224:192:128:224:64:16:8:1:1:0:8:4:2:2:1:1:1:352:1:1:0,,1,1,numeric_signed_axes_full_v3,,0.0561079978943,,0.0543332973455,,0.0559570687917,,1.03266322192,1.00269723032,0.00177470054884,3.266322192,0.000150929102563,0.269723032,improved,within_noise,1,,,,
net_log26:cal_v1_template_bl1:rank3,net_log26,Ascend910B3,20,8.1.RC1+toolkit-7.7.0.1.225,cal_v1_template_bl1,45056,224,192,fp16,0,0,3,searched,calibration_local_counterfactual,BASE,0.4641853619811239,"{""runtime_risk_score"":0.4641853619811239}",20:128:224:192:128:224:64:16:8:1:1:1:8:4:2:2:1:1:1:352:1:0:0,,1,1,numeric_signed_axes_full_v3,,0.0584416007996,,0.0589468666281,,0.0607085163631,,0.991428453158,0.962659018878,-0.000505265828492,-0.8571546842,-0.00226691556346,-3.7340981122,within_noise,regressed,1,,,,
net_log26:cal_v1_template_bl1:rank4,net_log26,Ascend910B3,20,8.1.RC1+toolkit-7.7.0.1.225,cal_v1_template_bl1,45056,224,192,fp16,0,0,4,searched,calibration_local_counterfactual,BASE,0.5192423571104011,"{""runtime_risk_score"":0.5192423571104011}",20:128:224:192:128:224:64:16:8:1:1:0:8:4:2:2:1:2:1:195:1:0:0,,1,1,numeric_signed_axes_full_v3,,0.0562468004227,,0.0546024542466,,0.0562342695503,,1.03011487668,1.00022283338,0.00164434617606,3.011487668,1.25308723557e-05,0.022283338,improved,within_noise,1,,,,
net_log26:cal_v1_template_bl1:rank5,net_log26,Ascend910B3,20,8.1.RC1+toolkit-7.7.0.1.225,cal_v1_template_bl1,45056,224,192,fp16,0,0,5,searched,calibration_local_counterfactual,BASE,0.5167155585650337,"{""runtime_risk_score"":0.5167155585650337}",20:128:224:192:128:224:64:16:8:1:1:0:8:4:2:2:1:3:1:120:1:0:0,,1,1,numeric_signed_axes_full_v3,,0.0579067993164,,0.0574728761833,,0.0593577296984,,1.00755005077,0.975556167842,0.000433923133082,0.755005077,-0.00145093038203,-2.4443832158,within_noise,regressed,1,,,,
net_log26:cal_v1_template_bl1:rank6,net_log26,Ascend910B3,20,8.1.RC1+toolkit-7.7.0.1.225,cal_v1_template_bl1,45056,224,192,fp16,0,0,6,searched,calibration_local_counterfactual,BASE,0.5174216576446866,"{""runtime_risk_score"":0.5174216576446866}",20:128:224:192:128:224:64:16:8:1:1:0:8:4:2:2:1:6:1:60:1:0:0,,1,1,numeric_signed_axes_full_v3,,0.0561072015762,,0.0539561590691,,0.0557256799779,,1.03986648687,1.00684642338,0.00215104250708,3.986648687,0.000381521598267,0.684642338,improved,within_noise,1,,,,
net_log26:cal_v1_template_bl1:rank7,net_log26,Ascend910B3,20,8.1.RC1+toolkit-7.7.0.1.225,cal_v1_template_bl1,45056,224,192,fp16,0,0,7,searched,calibration_local_counterfactual,BASE,0.5166351896277841,"{""runtime_risk_score"":0.5166351896277841}",20:128:224:192:128:224:64:16:8:1:1:0:8:4:2:2:1:2:1:177:1:0:0,,1,1,numeric_signed_axes_full_v3,,0.058487200737,,0.0586307543647,,0.06055358111,,0.997551564375,0.96587517476,-0.000143553627707,-0.2448435625,-0.00206638037304,-3.412482524,within_noise,regressed,1,,,,
net_log26:cal_v1_template_bl1:rank8,net_log26,Ascend910B3,20,8.1.RC1+toolkit-7.7.0.1.225,cal_v1_template_bl1,45056,224,192,fp16,0,0,8,searched,calibration_local_counterfactual,BASE,0.5162133087452817,"{""runtime_risk_score"":0.5162133087452817}",20:128:224:192:128:224:64:16:8:1:1:0:8:4:2:2:1:6:1:59:1:0:0,,1,1,numeric_signed_axes_full_v3,,0.0565263986588,,0.054765422708,,0.0565614838479,,1.03215488649,0.99937969822,0.00176097595075,3.215488649,-3.50851891103e-05,-0.062030178,improved,within_noise,1,,,,
net_log26:cal_v1_template_bl1:rank9,net_log26,Ascend910B3,20,8.1.RC1+toolkit-7.7.0.1.225,cal_v1_template_bl1,45056,224,192,fp16,0,0,9,searched,calibration_coupled_counterfactual,BASE,0.5760800203062391,"{""runtime_risk_score"":0.5760800203062391}",11:4096:224:192:128:128:64:16:16:1:1:0:8:8:2:2:2:2:1:10:1:0:0,,1,1,numeric_signed_axes_full_v3,,0.0579188013077,,0.0577938721993,,0.0598677136765,,1.00216163243,0.967446353817,0.000124929108401,0.216163243,-0.00194891236881,-3.2553646183,within_noise,regressed,1,,,,
net_log26:cal_v1_template_bl1:rank10,net_log26,Ascend910B3,20,8.1.RC1+toolkit-7.7.0.1.225,cal_v1_template_bl1,45056,224,192,fp16,0,0,10,searched,calibration_coupled_counterfactual,BASE,0.5752810495002795,"{""runtime_risk_score"":0.5752810495002795}",8:5632:256:192:128:256:64:16:8:1:1:0:8:4:2:2:1:1:1:8:1:0:0,,1,1,numeric_signed_axes_full_v3,,0.0563596010208,,0.0547240817599,,0.056687768674,,1.02988664603,0.99421096189,0.00163551926088,2.988664603,-0.000328167653225,-0.578903811,improved,within_noise,1,,,,
net_log26:cal_v1_template_bl1:rank11,net_log26,Ascend910B3,20,8.1.RC1+toolkit-7.7.0.1.225,cal_v1_template_bl1,45056,224,192,fp16,0,0,11,searched,calibration_coupled_counterfactual,BASE,0.5615062501467138,"{""runtime_risk_score"":0.5615062501467138}",16:2816:256:192:128:256:64:16:8:1:1:0:8:4:2:2:1:4:1:4:1:0:0,,1,1,numeric_signed_axes_full_v3,,0.0579131984711,,0.0577826912376,,0.0598561315033,,1.00225858697,0.967539949819,0.000130507233521,0.225858697,-0.00194293303224,-3.2460050181,within_noise,regressed,1,,,,
net_log26:cal_v1_template_bl1:rank12,net_log26,Ascend910B3,20,8.1.RC1+toolkit-7.7.0.1.225,cal_v1_template_bl1,45056,224,192,fp16,0,0,12,searched,calibration_coupled_counterfactual,BASE,0.5566686300411989,"{""runtime_risk_score"":0.5566686300411989}",20:2256:224:192:256:128:64:8:16:1:1:0:4:8:2:2:1:1:1:20:1:0:0,,1,1,numeric_signed_axes_full_v3,,0.0563348007202,,0.0546759311325,,0.0566378902377,,1.0303400336,0.994648643933,0.00165886958767,3.03400336,-0.000303089517546,-0.5351356067,improved,within_noise,1,,,,
net_log26:cal_v1_template_bl1:rank13,net_log26,Ascend910B3,20,8.1.RC1+toolkit-7.7.0.1.225,cal_v1_template_bl1,45056,224,192,fp16,0,0,13,searched,calibration_coupled_counterfactual,BASE,0.5556543448344051,"{""runtime_risk_score"":0.5556543448344051}",16:2816:224:192:256:128:64:8:16:1:1:0:4:8:2:2:1:2:1:11:1:0:0,,1,1,numeric_signed_axes_full_v3,,0.0585351991653,,0.0590305546443,,0.0611487725101,,0.99160849018,0.957258776627,-0.000495355478978,-0.839150982,-0.00261357334484,-4.2741223373,within_noise,regressed,1,,,,
net_log26:cal_v1_template_bl1:rank14,net_log26,Ascend910B3,20,8.1.RC1+toolkit-7.7.0.1.225,cal_v1_template_bl1,45056,224,192,fp16,0,0,14,searched,calibration_coupled_counterfactual,BASE,0.5337932358019956,"{""runtime_risk_score"":0.5337932358019956}",8:5632:256:192:128:256:64:16:8:1:1:0:8:4:2:2:1:2:1:5:1:0:0,,1,1,numeric_signed_axes_full_v3,,0.0562519979477,,0.0545153202341,,0.0564715160716,,1.03185669104,0.996112763758,0.00173667771364,3.185669104,-0.000219518123914,-0.3887236242,improved,within_noise,1,,,,
net_log26:cal_v1_template_bl1:rank15,net_log26,Ascend910B3,20,8.1.RC1+toolkit-7.7.0.1.225,cal_v1_template_bl1,45056,224,192,fp16,0,0,15,searched,calibration_coupled_counterfactual,BASE,0.585383894575016,"{""runtime_risk_score"":0.585383894575016}",20:2256:224:192:128:128:64:16:16:1:1:0:8:8:2:2:2:2:1:15:1:0:0,,1,1,numeric_signed_axes_full_v3,,0.0584276008606,,0.0588137363875,,0.060924174074,,0.993434603026,0.959021632196,-0.000386135526908,-0.6565396974,-0.00249657321336,-4.0978367804,within_noise,regressed,1,,,,
net_log26:cal_v1_template_bl1:rank16,net_log26,Ascend910B3,20,8.1.RC1+toolkit-7.7.0.1.225,cal_v1_template_bl1,45056,224,192,fp16,0,0,16,searched,calibration_coupled_counterfactual,BASE,0.5316125017047185,"{""runtime_risk_score"":0.5316125017047185}",11:4096:256:192:128:256:64:16:8:1:1:0:8:4:2:2:1:3:1:5:1:0:0,,1,1,numeric_signed_axes_full_v3,,0.056104798317,,0.0542303833109,,0.0561763546384,,1.03456392693,0.998726219922,0.00187441500614,3.456392693,-7.15563213931e-05,-0.1273780078,improved,within_noise,1,,,,
net_log26:cal_v1_layout_tn_tall:rank1,net_log26,Ascend910B3,20,8.1.RC1+toolkit-7.7.0.1.225,cal_v1_layout_tn_tall,3456,1792,5376,fp16,1,0,1,searched,calibration_local_counterfactual,BASE,0.6803279792890131,"{""runtime_risk_score"":0.6803279792890131}",20:256:128:5376:256:128:64:8:16:1:1:0:4:8:2:2:1:2:2:10:8:0:0,,1,1,numeric_signed_axes_full_v3,,0.305480804443,,0.306173186443,,0.30559631263,,0.997738593611,0.999622023622,-0.000692381999963,-0.2261406389,-0.000115508187378,-0.0377976378,within_noise,within_noise,1,,,,
net_log26:cal_v1_layout_tn_tall:rank2,net_log26,Ascend910B3,20,8.1.RC1+toolkit-7.7.0.1.225,cal_v1_layout_tn_tall,3456,1792,5376,fp16,1,0,2,searched,calibration_local_counterfactual,BASE,0.6860816467075159,"{""runtime_risk_score"":0.6860816467075159}",20:256:128:5376:256:128:64:8:16:1:1:0:4:8:2:2:1:3:2:5:7:0:0,,1,1,numeric_signed_axes_full_v3,,0.30650800705,,0.308235709908,,0.307654950008,,0.9943948647,0.996271982758,-0.00172770285833,-0.56051353,-0.00114694295822,-0.3728017242,within_noise,within_noise,1,,,,
net_log26:cal_v1_layout_tn_tall:rank3,net_log26,Ascend910B3,20,8.1.RC1+toolkit-7.7.0.1.225,cal_v1_layout_tn_tall,3456,1792,5376,fp16,1,0,3,searched,calibration_local_counterfactual,BASE,0.6975318856457134,"{""runtime_risk_score"":0.6975318856457134}",20:256:128:5376:256:128:64:8:16:1:1:0:4:8:2:2:1:1:1:14:14:1:0,,1,1,numeric_signed_axes_full_v3,,0.305685195923,,0.306583032987,,0.306005386965,,0.997071471779,0.998953642465,-0.000897837064183,-0.2928528221,-0.000320191042402,-0.1046357535,within_noise,within_noise,1,,,,
net_log26:cal_v1_layout_tn_tall:rank4,net_log26,Ascend910B3,20,8.1.RC1+toolkit-7.7.0.1.225,cal_v1_layout_tn_tall,3456,1792,5376,fp16,1,0,4,searched,calibration_local_counterfactual,BASE,0.6901084347787205,"{""runtime_risk_score"":0.6901084347787205}",20:256:128:5376:256:128:64:8:16:1:1:1:4:8:2:2:1:1:1:14:14:0:0,,1,1,numeric_signed_axes_full_v3,,0.305487995148,,0.306187600619,,0.305610699648,,0.99771510842,0.999598494098,-0.000699605470554,-0.228489158,-0.000122704499623,-0.0401505902,within_noise,within_noise,1,,,,
net_log26:cal_v1_layout_tn_tall:rank5,net_log26,Ascend910B3,20,8.1.RC1+toolkit-7.7.0.1.225,cal_v1_layout_tn_tall,3456,1792,5376,fp16,1,0,5,searched,calibration_local_counterfactual,BASE,0.6859170290164969,"{""runtime_risk_score"":0.6859170290164969}",20:256:128:5376:256:128:64:8:16:1:1:0:4:8:2:2:1:2:2:7:7:0:0,,1,1,numeric_signed_axes_full_v3,,0.306478805542,,0.309491596,,0.308943259574,,0.990265356162,0.992022955817,-0.00301279045791,-0.9734643838,-0.00246445403166,-0.7977044183,within_noise,within_noise,1,,,,
net_log26:cal_v1_layout_tn_tall:rank6,net_log26,Ascend910B3,20,8.1.RC1+toolkit-7.7.0.1.225,cal_v1_layout_tn_tall,3456,1792,5376,fp16,1,0,6,searched,calibration_local_counterfactual,BASE,0.682810692820421,"{""runtime_risk_score"":0.682810692820421}",20:256:128:5376:256:128:64:8:16:1:1:0:4:8:2:2:1:1:2:14:9:0:0,,1,1,numeric_signed_axes_full_v3,,0.305115203857,,0.306743709947,,0.30620024204,,0.994690987828,0.996456442438,-0.00162850608979,-0.5309012172,-0.00108503818317,-0.3543557562,within_noise,within_noise,1,,,,
net_log26:cal_v1_layout_tn_tall:rank7,net_log26,Ascend910B3,20,8.1.RC1+toolkit-7.7.0.1.225,cal_v1_layout_tn_tall,3456,1792,5376,fp16,1,0,7,searched,calibration_coupled_counterfactual,BASE,0.7527320277607195,"{""runtime_risk_score"":0.7527320277607195}",18:384:896:5376:256:64:64:8:32:1:1:0:4:16:2:2:2:2:1:8:2:0:0,,0,0,npu_structured_numeric_rejected,"official structured numeric preflight failed at C index=64, actual=203.250000, expected=5376.000000",,,,,,,,,,,,,runtime_rejected,runtime_rejected,0,,,,
net_log26:cal_v1_layout_tn_tall:rank8,net_log26,Ascend910B3,20,8.1.RC1+toolkit-7.7.0.1.225,cal_v1_layout_tn_tall,3456,1792,5376,fp16,1,0,8,searched,calibration_coupled_counterfactual,BASE,0.7572034860662713,"{""runtime_risk_score"":0.7572034860662713}",16:432:896:5376:64:256:64:32:8:1:1:0:16:4:2:2:2:1:1:8:2:0:0,,0,0,npu_structured_numeric_rejected,"official structured numeric preflight failed at C index=256, actual=203.250000, expected=-5376.000000",,,,,,,,,,,,,runtime_rejected,runtime_rejected,0,,,,
net_log26:cal_v1_layout_tn_tall:rank9,net_log26,Ascend910B3,20,8.1.RC1+toolkit-7.7.0.1.225,cal_v1_layout_tn_tall,3456,1792,5376,fp16,1,0,9,searched,calibration_coupled_counterfactual,BASE,0.7653089122824064,"{""runtime_risk_score"":0.7653089122824064}",16:432:896:5376:256:128:64:8:16:1:1:0:4:8:2:2:1:2:1:5:2:0:0,,0,0,npu_structured_numeric_rejected,"official structured numeric preflight failed at C index=128, actual=203.250000, expected=5376.000000",,,,,,,,,,,,,runtime_rejected,runtime_rejected,0,,,,
net_log26:cal_v1_layout_tn_tall:rank10,net_log26,Ascend910B3,20,8.1.RC1+toolkit-7.7.0.1.225,cal_v1_layout_tn_tall,3456,1792,5376,fp16,1,0,10,searched,calibration_coupled_counterfactual,BASE,0.6794643437512317,"{""runtime_risk_score"":0.6794643437512317}",20:256:128:5376:256:128:64:8:16:1:1:0:4:8:2:2:1:2:1:10:14:0:0,,1,1,numeric_signed_axes_full_v3,,0.305135192871,,0.306783902668,,0.306240363551,,0.994625826901,0.996391165858,-0.00164870979692,-0.5374173099,-0.00110517067964,-0.3608834142,within_noise,within_noise,1,,,,
net_log26:cal_v1_layout_tn_tall:rank11,net_log26,Ascend910B3,20,8.1.RC1+toolkit-7.7.0.1.225,cal_v1_layout_tn_tall,3456,1792,5376,fp16,1,0,11,searched,calibration_coupled_counterfactual,BASE,0.7455022890506441,"{""runtime_risk_score"":0.7455022890506441}",18:384:896:5376:128:256:64:16:8:1:1:0:8:4:2:2:1:2:1:8:2:0:0,,0,0,npu_structured_numeric_rejected,"official structured numeric preflight failed at C index=256, actual=203.250000, expected=-5376.000000",,,,,,,,,,,,,runtime_rejected,runtime_rejected,0,,,,
net_log26:cal_v1_layout_tn_tall:rank12,net_log26,Ascend910B3,20,8.1.RC1+toolkit-7.7.0.1.225,cal_v1_layout_tn_tall,3456,1792,5376,fp16,1,0,12,searched,calibration_coupled_counterfactual,BASE,0.75686052147873,"{""runtime_risk_score"":0.75686052147873}",18:192:1792:5376:128:128:64:16:16:1:1:0:8:8:2:2:2:1:1:18:1:0:0,,0,0,npu_structured_numeric_rejected,"official structured numeric preflight failed at C index=128, actual=203.250000, expected=5376.000000",,,,,,,,,,,,,runtime_rejected,runtime_rejected,0,,,,
net_log26:cal_v1_layout_tn_tall:rank13,net_log26,Ascend910B3,20,8.1.RC1+toolkit-7.7.0.1.225,cal_v1_layout_tn_tall,3456,1792,5376,fp16,1,0,13,searched,calibration_coupled_counterfactual,BASE,0.7555061058147701,"{""runtime_risk_score"":0.7555061058147701}",16:432:896:5376:64:256:64:32:8:1:1:0:16:4:2:2:2:2:1:7:2:0:0,,0,0,npu_structured_numeric_rejected,"official structured numeric preflight failed at C index=256, actual=203.250000, expected=-5376.000000",,,,,,,,,,,,,runtime_rejected,runtime_rejected,0,,,,
net_log26:cal_v1_layout_tn_tall:rank14,net_log26,Ascend910B3,20,8.1.RC1+toolkit-7.7.0.1.225,cal_v1_layout_tn_tall,3456,1792,5376,fp16,1,0,14,searched,calibration_template_probe,DETERMINISTIC_SPLIT_K,0.13043628645503108,"{""runtime_risk_score"":0.13043628645503108}",8:3456:384:384:128:128:128:6:9:1:3:0:3:3:2:2:2:1:1:1:5:1:3,,1,1,numeric_signed_axes_full_v3,,0.718152389526,,1.69619514355,,1.69774381403,,0.423390193195,0.423003979511,-0.978042754029,-57.6609806805,-0.979591424507,-57.6996020489,regressed,regressed,1,,,,
net_log26:cal_v1_layout_tn_tall:rank15,net_log26,Ascend910B3,20,8.1.RC1+toolkit-7.7.0.1.225,cal_v1_layout_tn_tall,3456,1792,5376,fp16,1,0,15,searched,calibration_template_probe,DETERMINISTIC_SPLIT_K,0.31750710646753083,"{""runtime_risk_score"":0.31750710646753083}",1:384:1792:384:128:128:128:9:6:3:1:1:3:3:2:2:2:1:1:9:1:0:3,,0,0,npu_structured_numeric_rejected,"official structured numeric preflight failed at C index=0, actual=-65536.000000, expected=5376.000000",,,,,,,,,,,,,runtime_rejected,runtime_rejected,0,,,,
net_log26:cal_v1_layout_tn_tall:rank16,net_log26,Ascend910B3,20,8.1.RC1+toolkit-7.7.0.1.225,cal_v1_layout_tn_tall,3456,1792,5376,fp16,1,0,16,searched,calibration_template_probe,SINGLE_CORE_SPLIT_K,0.3959735402564561,"{""runtime_risk_score"":0.3959735402564561}",7:512:1792:384:128:128:128:9:6:3:1:1:3:3:2:2:2:2:1:6:1:0:2,,1,1,numeric_signed_axes_full_v3,,0.750103988647,,1.85048489896,,1.85217444001,,0.405355368785,0.404985606346,-1.10038091031,-59.4644631215,-1.10207045137,-59.5014393654,regressed,regressed,1,,,,
net_log26:cal_v1_layout_tn_wide:rank1,net_log26,Ascend910B3,20,8.1.RC1+toolkit-7.7.0.1.225,cal_v1_layout_tn_wide,1152,4608,6656,fp16,1,0,1,searched,calibration_local_counterfactual,BASE,0.6755033494357531,"{""runtime_risk_score"":0.6755033494357531}",20:128:256:6656:128:256:64:16:8:1:1:0:8:4:2:2:1:3:1:4:18:0:0,,1,1,numeric_signed_axes_full_v3,,0.285150794983,,0.284232556549,,0.285103608631,,1.00323058852,1.00016550598,0.000918238434197,0.323058852,4.7186352148e-05,0.016550598,within_noise,within_noise,1,,,,
net_log26:cal_v1_layout_tn_wide:rank2,net_log26,Ascend910B3,20,8.1.RC1+toolkit-7.7.0.1.225,cal_v1_layout_tn_wide,1152,4608,6656,fp16,1,0,2,searched,calibration_local_counterfactual,BASE,0.6851254459820494,"{""runtime_risk_score"":0.6851254459820494}",20:128:256:6656:128:256:64:16:8:1:1:0:8:4:2:2:1:2:2:5:11:0:0,,1,1,numeric_signed_axes_full_v3,,0.285569992065,,0.285068865199,,0.285942480212,,1.00175791511,0.9986973319,0.000501126865525,0.175791511,-0.000372488147408,-0.13026681,within_noise,within_noise,1,,,,
net_log26:cal_v1_layout_tn_wide:rank3,net_log26,Ascend910B3,20,8.1.RC1+toolkit-7.7.0.1.225,cal_v1_layout_tn_wide,1152,4608,6656,fp16,1,0,3,searched,calibration_local_counterfactual,BASE,0.6850766038547481,"{""runtime_risk_score"":0.6850766038547481}",20:128:256:6656:128:256:64:16:8:1:1:0:8:4:2:2:1:2:3:5:6:0:0,,1,1,numeric_signed_axes_full_v3,,0.28635799408,,0.286644274208,,0.28752271718,,0.999001270375,0.995949109304,-0.000286280128489,-0.0998729625,-0.00116472309991,-0.4050890696,within_noise,within_noise,1,,,,
net_log26:cal_v1_layout_tn_wide:rank4,net_log26,Ascend910B3,20,8.1.RC1+toolkit-7.7.0.1.225,cal_v1_layout_tn_wide,1152,4608,6656,fp16,1,0,4,searched,calibration_local_counterfactual,BASE,0.754248590723455,"{""runtime_risk_score"":0.754248590723455}",20:128:256:6656:128:256:64:16:8:1:1:0:8:4:2:2:1:1:1:9:18:1:0,,1,1,numeric_signed_axes_full_v3,,0.286263599396,,0.28645532725,,0.287333191179,,0.999330688469,0.996277520955,-0.000191727853645,-0.0669311531,-0.0010695917831,-0.3722479045,within_noise,within_noise,1,,,,
net_log26:cal_v1_layout_tn_wide:rank5,net_log26,Ascend910B3,20,8.1.RC1+toolkit-7.7.0.1.225,cal_v1_layout_tn_wide,1152,4608,6656,fp16,1,0,5,searched,calibration_local_counterfactual,BASE,0.6904700237704803,"{""runtime_risk_score"":0.6904700237704803}",20:128:256:6656:128:256:64:16:8:1:1:1:8:4:2:2:1:1:1:9:18:0:0,,1,1,numeric_signed_axes_full_v3,,0.285199604034,,0.28432986863,,0.284475061111,,1.00305889567,1.00254694707,0.000869735404004,0.305889567,0.000724542923384,0.254694707,within_noise,within_noise,1,,,,
net_log26:cal_v1_layout_tn_wide:rank6,net_log26,Ascend910B3,20,8.1.RC1+toolkit-7.7.0.1.225,cal_v1_layout_tn_wide,1152,4608,6656,fp16,1,0,6,searched,calibration_local_counterfactual,BASE,0.6797392714079615,"{""runtime_risk_score"":0.6797392714079615}",20:128:256:6656:128:256:64:16:8:1:1:0:8:4:2:2:1:2:2:5:13:0:0,,1,1,numeric_signed_axes_full_v3,,0.285464801788,,0.284858892507,,0.285004355133,,1.00212705061,1.00161557761,0.000605909281071,0.212705061,0.000460446654906,0.161557761,within_noise,within_noise,1,,,,
net_log26:cal_v1_layout_tn_wide:rank7,net_log26,Ascend910B3,20,8.1.RC1+toolkit-7.7.0.1.225,cal_v1_layout_tn_wide,1152,4608,6656,fp16,1,0,7,searched,calibration_coupled_counterfactual,BASE,0.7483726581328236,"{""runtime_risk_score"":0.7483726581328236}",18:576:512:6656:256:64:64:8:32:1:1:0:4:16:2:2:2:1:2:2:8:0:0,,0,0,npu_structured_numeric_rejected,"official structured numeric preflight failed at C index=64, actual=203.250000, expected=6656.000000",,,,,,,,,,,,,runtime_rejected,runtime_rejected,0,,,,
net_log26:cal_v1_layout_tn_wide:rank8,net_log26,Ascend910B3,20,8.1.RC1+toolkit-7.7.0.1.225,cal_v1_layout_tn_wide,1152,4608,6656,fp16,1,0,8,searched,calibration_coupled_counterfactual,BASE,0.744070073836929,"{""runtime_risk_score"":0.744070073836929}",18:1152:256:6656:64:256:64:32:8:1:1:0:16:4:2:2:2:1:1:1:18:0:0,,0,0,npu_structured_numeric_rejected,"official structured numeric preflight failed at C index=294912, actual=203.250000, expected=-6656.000000",,,,,,,,,,,,,runtime_rejected,runtime_rejected,0,,,,
net_log26:cal_v1_layout_tn_wide:rank9,net_log26,Ascend910B3,20,8.1.RC1+toolkit-7.7.0.1.225,cal_v1_layout_tn_wide,1152,4608,6656,fp16,1,0,9,searched,calibration_coupled_counterfactual,BASE,0.6775756225837775,"{""runtime_risk_score"":0.6775756225837775}",20:128:256:6656:128:256:64:16:8:1:1:0:8:4:2:2:1:3:4:4:5:0:0,,1,1,numeric_signed_axes_full_v3,,0.287732391357,,0.288960007419,,0.288134685166,,0.995751605653,0.99860379944,-0.00122761606203,-0.4248394347,-0.000402293808784,-0.139620056,within_noise,within_noise,1,,,,
net_log26:cal_v1_layout_tn_wide:rank10,net_log26,Ascend910B3,20,8.1.RC1+toolkit-7.7.0.1.225,cal_v1_layout_tn_wide,1152,4608,6656,fp16,1,0,10,searched,calibration_coupled_counterfactual,BASE,0.7551232666685247,"{""runtime_risk_score"":0.7551232666685247}",18:1152:256:6656:128:256:64:16:8:1:1:0:8:4:2:2:1:1:2:1:12:0:0,,0,0,npu_structured_numeric_rejected,"official structured numeric preflight failed at C index=589824, actual=203.250000, expected=6656.000000",,,,,,,,,,,,,runtime_rejected,runtime_rejected,0,,,,
net_log26:cal_v1_layout_tn_wide:rank11,net_log26,Ascend910B3,20,8.1.RC1+toolkit-7.7.0.1.225,cal_v1_layout_tn_wide,1152,4608,6656,fp16,1,0,11,searched,calibration_coupled_counterfactual,BASE,0.75083141766959,"{""runtime_risk_score"":0.75083141766959}",18:192:1536:6656:128:128:64:16:16:1:1:0:8:8:2:2:2:1:1:6:3:0:0,,0,0,npu_structured_numeric_rejected,"official structured numeric preflight failed at C index=128, actual=203.250000, expected=6656.000000",,,,,,,,,,,,,runtime_rejected,runtime_rejected,0,,,,
net_log26:cal_v1_layout_tn_wide:rank12,net_log26,Ascend910B3,20,8.1.RC1+toolkit-7.7.0.1.225,cal_v1_layout_tn_wide,1152,4608,6656,fp16,1,0,12,searched,calibration_coupled_counterfactual,BASE,0.7467734108857326,"{""runtime_risk_score"":0.7467734108857326}",18:1152:256:6656:64:256:64:32:8:1:1:0:16:4:2:2:2:1:2:1:15:0:0,,0,0,npu_structured_numeric_rejected,"official structured numeric preflight failed at C index=294912, actual=203.250000, expected=-6656.000000",,,,,,,,,,,,,runtime_rejected,runtime_rejected,0,,,,
net_log26:cal_v1_layout_tn_wide:rank13,net_log26,Ascend910B3,20,8.1.RC1+toolkit-7.7.0.1.225,cal_v1_layout_tn_wide,1152,4608,6656,fp16,1,0,13,searched,calibration_coupled_counterfactual,BASE,0.7531069668430554,"{""runtime_risk_score"":0.7531069668430554}",18:192:1536:6656:128:256:64:16:8:1:1:0:8:4:2:2:1:2:2:4:2:0:0,,0,0,npu_structured_numeric_rejected,"official structured numeric preflight failed at C index=256, actual=203.250000, expected=-6656.000000",,,,,,,,,,,,,runtime_rejected,runtime_rejected,0,,,,
net_log26:cal_v1_layout_tn_wide:rank14,net_log26,Ascend910B3,20,8.1.RC1+toolkit-7.7.0.1.225,cal_v1_layout_tn_wide,1152,4608,6656,fp16,1,0,14,searched,calibration_template_probe,DETERMINISTIC_SPLIT_K,0.1487558203979959,"{""runtime_risk_score"":0.1487558203979959}",8:384:4608:384:128:128:128:9:6:3:1:1:3:3:2:2:2:1:1:3:1:0:3,,1,1,numeric_signed_axes_full_v3,,0.938390426636,,3.08772723232,,3.077698065,,0.303909754985,0.304900093127,-2.14933680569,-69.6090245015,-2.13930763837,-69.5099906873,regressed,regressed,1,,,,
net_log26:cal_v1_layout_tn_wide:rank15,net_log26,Ascend910B3,20,8.1.RC1+toolkit-7.7.0.1.225,cal_v1_layout_tn_wide,1152,4608,6656,fp16,1,0,15,searched,calibration_template_probe,DETERMINISTIC_SPLIT_K,0.2598589285940175,"{""runtime_risk_score"":0.2598589285940175}",1:1152:384:384:128:128:128:6:9:1:3:0:3:3:2:2:2:1:1:1:12:1:3,,0,0,npu_structured_numeric_rejected,"official structured numeric preflight failed at C index=384, actual=0.000000, expected=6656.000000",,,,,,,,,,,,,runtime_rejected,runtime_rejected,0,,,,
net_log26:cal_v1_layout_tn_wide:rank16,net_log26,Ascend910B3,20,8.1.RC1+toolkit-7.7.0.1.225,cal_v1_layout_tn_wide,1152,4608,6656,fp16,1,0,16,searched,calibration_template_probe,SINGLE_CORE_SPLIT_K,0.4290610916086886,"{""runtime_risk_score"":0.4290610916086886}",3:384:4608:384:128:128:128:9:6:3:1:1:3:3:2:2:2:2:1:2:1:0:2,,1,1,numeric_signed_axes_full_v3,,1.73386077881,,10.5414471657,,10.5072077625,,0.164480336671,0.165016321938,-8.80758638687,-83.5519663329,-8.77334698371,-83.4983678062,regressed,regressed,1,,,,
net_log26:cal_v1_layout_nt_tall:rank1,net_log26,Ascend910B3,20,8.1.RC1+toolkit-7.7.0.1.225,cal_v1_layout_nt_tall,3584,1664,5888,fp16,0,1,1,searched,calibration_local_counterfactual,BASE,0.708080723912025,"{""runtime_risk_score"":0.708080723912025}",20:256:128:5888:256:128:64:8:16:1:1:0:4:8:2:2:1:1:3:14:6:0:0,,1,1,numeric_signed_axes_full_v3,,0.285501995087,,0.285394022783,,0.285944683054,,1.00037832714,0.998451840538,0.000107972304412,0.037832714,-0.000442687966678,-0.1548159462,within_noise,within_noise,1,,,,
net_log26:cal_v1_layout_nt_tall:rank2,net_log26,Ascend910B3,20,8.1.RC1+toolkit-7.7.0.1.225,cal_v1_layout_nt_tall,3584,1664,5888,fp16,0,1,2,searched,calibration_local_counterfactual,BASE,0.7028149368893366,"{""runtime_risk_score"":0.7028149368893366}",20:256:128:5888:256:128:64:8:16:1:1:0:4:8:2:2:1:3:2:5:8:0:0,,1,1,numeric_signed_axes_full_v3,,0.285435600281,,0.285261298824,,0.285811703008,,1.00061102385,0.99868408913,0.000174301457063,0.061102385,-0.000376102726761,-0.131591087,within_noise,within_noise,1,,,,
net_log26:cal_v1_layout_nt_tall:rank3,net_log26,Ascend910B3,20,8.1.RC1+toolkit-7.7.0.1.225,cal_v1_layout_nt_tall,3584,1664,5888,fp16,0,1,3,searched,calibration_local_counterfactual,BASE,0.7040191174185385,"{""runtime_risk_score"":0.7040191174185385}",20:256:128:5888:256:128:64:8:16:1:1:0:4:8:2:2:1:2:1:10:13:0:0,,1,1,numeric_signed_axes_full_v3,,0.284730396271,,0.2838534933,,0.28440118116,,1.00308928018,1.00115757294,0.000876902970876,0.308928018,0.000329215111414,0.115757294,within_noise,within_noise,1,,,,
net_log26:cal_v1_layout_nt_tall:rank4,net_log26,Ascend910B3,20,8.1.RC1+toolkit-7.7.0.1.225,cal_v1_layout_nt_tall,3584,1664,5888,fp16,0,1,4,searched,calibration_local_counterfactual,BASE,0.6844688513556328,"{""runtime_risk_score"":0.6844688513556328}",20:256:128:5888:256:128:64:8:16:1:1:0:4:8:2:2:1:1:1:14:13:1:0,,1,1,numeric_signed_axes_full_v3,,0.285284805298,,0.28495997264,,0.285509795423,,1.00113992381,0.999211970558,0.00032483265771,0.113992381,-0.000224990124773,-0.0788029442,within_noise,within_noise,1,,,,
net_log26:cal_v1_layout_nt_tall:rank5,net_log26,Ascend910B3,20,8.1.RC1+toolkit-7.7.0.1.225,cal_v1_layout_nt_tall,3584,1664,5888,fp16,0,1,5,searched,calibration_local_counterfactual,BASE,0.6797355274440956,"{""runtime_risk_score"":0.6797355274440956}",20:256:128:5888:256:128:64:8:16:1:1:1:4:8:2:2:1:1:1:14:13:0:0,,1,1,numeric_signed_axes_full_v3,,0.285914001465,,0.287624859083,,0.287243498915,,0.994051774162,0.995371531628,-0.00171085761845,-0.5948225838,-0.00132949744979,-0.4628468372,within_noise,within_noise,1,,,,
net_log26:cal_v1_layout_nt_tall:rank6,net_log26,Ascend910B3,20,8.1.RC1+toolkit-7.7.0.1.225,cal_v1_layout_nt_tall,3584,1664,5888,fp16,0,1,6,searched,calibration_local_counterfactual,BASE,0.69602802490989,"{""runtime_risk_score"":0.69602802490989}",20:256:128:5888:256:128:64:8:16:1:1:0:4:8:2:2:1:3:1:5:13:0:0,,1,1,numeric_signed_axes_full_v3,,0.285546398163,,0.286885728597,,0.286505348437,,0.995331484629,0.996652941108,-0.00133933043367,-0.4668515371,-0.000958950274092,-0.3347058892,within_noise,within_noise,1,,,,
net_log26:cal_v1_layout_nt_tall:rank7,net_log26,Ascend910B3,20,8.1.RC1+toolkit-7.7.0.1.225,cal_v1_layout_nt_tall,3584,1664,5888,fp16,0,1,7,searched,calibration_coupled_counterfactual,BASE,0.7807480963363501,"{""runtime_risk_score"":0.7807480963363501}",16:448:832:5888:256:64:64:8:32:1:1:0:4:16:2:2:2:2:1:7:2:0:0,,0,0,npu_structured_numeric_rejected,"official structured numeric preflight failed at C index=64, actual=203.250000, expected=5888.000000",,,,,,,,,,,,,runtime_rejected,runtime_rejected,0,,,,
net_log26:cal_v1_layout_nt_tall:rank8,net_log26,Ascend910B3,20,8.1.RC1+toolkit-7.7.0.1.225,cal_v1_layout_nt_tall,3584,1664,5888,fp16,0,1,8,searched,calibration_coupled_counterfactual,BASE,0.7663130738647961,"{""runtime_risk_score"":0.7663130738647961}",16:896:416:5888:64:256:64:32:8:1:1:0:16:4:2:2:2:1:1:4:4:0:0,,0,0,npu_structured_numeric_rejected,"official structured numeric preflight failed at C index=256, actual=203.250000, expected=-5888.000000",,,,,,,,,,,,,runtime_rejected,runtime_rejected,0,,,,
net_log26:cal_v1_layout_nt_tall:rank9,net_log26,Ascend910B3,20,8.1.RC1+toolkit-7.7.0.1.225,cal_v1_layout_nt_tall,3584,1664,5888,fp16,0,1,9,searched,calibration_coupled_counterfactual,BASE,0.7631107434102906,"{""runtime_risk_score"":0.7631107434102906}",14:256:1664:5888:256:128:64:8:16:1:1:0:4:8:2:2:1:1:1:14:1:0:0,,0,0,npu_structured_numeric_rejected,"official structured numeric preflight failed at C index=128, actual=203.250000, expected=5888.000000",,,,,,,,,,,,,runtime_rejected,runtime_rejected,0,,,,
net_log26:cal_v1_layout_nt_tall:rank10,net_log26,Ascend910B3,20,8.1.RC1+toolkit-7.7.0.1.225,cal_v1_layout_nt_tall,3584,1664,5888,fp16,0,1,10,searched,calibration_coupled_counterfactual,BASE,0.7881119166702056,"{""runtime_risk_score"":0.7881119166702056}",16:896:416:5888:64:256:64:32:8:1:1:0:16:4:2:2:2:4:1:1:4:0:0,,0,0,npu_structured_numeric_rejected,"official structured numeric preflight failed at C index=256, actual=203.250000, expected=-5888.000000",,,,,,,,,,,,,runtime_rejected,runtime_rejected,0,,,,
net_log26:cal_v1_layout_nt_tall:rank11,net_log26,Ascend910B3,20,8.1.RC1+toolkit-7.7.0.1.225,cal_v1_layout_nt_tall,3584,1664,5888,fp16,0,1,11,searched,calibration_coupled_counterfactual,BASE,0.7849423266831552,"{""runtime_risk_score"":0.7849423266831552}",16:448:832:5888:256:64:64:8:32:1:1:0:4:16:2:2:2:1:2:8:1:0:0,,0,0,npu_structured_numeric_rejected,"official structured numeric preflight failed at C index=64, actual=203.250000, expected=5888.000000",,,,,,,,,,,,,runtime_rejected,runtime_rejected,0,,,,
net_log26:cal_v1_layout_nt_tall:rank12,net_log26,Ascend910B3,20,8.1.RC1+toolkit-7.7.0.1.225,cal_v1_layout_nt_tall,3584,1664,5888,fp16,0,1,12,searched,calibration_coupled_counterfactual,BASE,0.7083020457771816,"{""runtime_risk_score"":0.7083020457771816}",20:256:128:5888:256:128:64:8:16:1:1:0:4:8:2:2:1:4:3:4:5:0:0,,1,1,numeric_signed_axes_full_v3,,0.284214000702,,0.284441519574,,0.284250671032,,0.999200120742,0.999870992988,-0.000227518871621,-0.0799879258,-3.66703297288e-05,-0.0129007012,within_noise,within_noise,1,,,,
net_log26:cal_v1_layout_nt_tall:rank13,net_log26,Ascend910B3,20,8.1.RC1+toolkit-7.7.0.1.225,cal_v1_layout_nt_tall,3584,1664,5888,fp16,0,1,13,searched,calibration_coupled_counterfactual,BASE,0.7937984862336422,"{""runtime_risk_score"":0.7937984862336422}",16:448:832:5888:128:256:64:16:8:1:1:0:8:4:2:2:1:2:1:7:2:0:0,,0,0,npu_structured_numeric_rejected,"official structured numeric preflight failed at C index=256, actual=203.250000, expected=-5888.000000",,,,,,,,,,,,,runtime_rejected,runtime_rejected,0,,,,
net_log26:cal_v1_layout_nt_tall:rank14,net_log26,Ascend910B3,20,8.1.RC1+toolkit-7.7.0.1.225,cal_v1_layout_nt_tall,3584,1664,5888,fp16,0,1,14,searched,calibration_template_probe,DETERMINISTIC_SPLIT_K,0.3314343211640015,"{""runtime_risk_score"":0.3314343211640015}",1:384:1664:384:128:128:128:9:6:3:1:1:3:3:2:2:2:1:1:10:1:0:3,,0,0,npu_structured_numeric_rejected,"official structured numeric preflight failed at C index=256, actual=-65536.000000, expected=-5888.000000",,,,,,,,,,,,,runtime_rejected,runtime_rejected,0,,,,
net_log26:cal_v1_layout_nt_tall:rank15,net_log26,Ascend910B3,20,8.1.RC1+toolkit-7.7.0.1.225,cal_v1_layout_nt_tall,3584,1664,5888,fp16,0,1,15,searched,calibration_template_probe,DETERMINISTIC_SPLIT_K,0.14680856165786982,"{""runtime_risk_score"":0.14680856165786982}",16:3584:384:384:128:128:128:6:9:1:3:0:3:3:2:2:2:1:1:1:5:1:3,,1,1,numeric_signed_axes_full_v3,,0.468041191101,,0.771383253079,,0.770865686694,,0.606755707014,0.607163088434,-0.303342061978,-39.3244292986,-0.302824495593,-39.2836911566,regressed,regressed,1,,,,
net_log26:cal_v1_layout_nt_tall:rank16,net_log26,Ascend910B3,20,8.1.RC1+toolkit-7.7.0.1.225,cal_v1_layout_nt_tall,3584,1664,5888,fp16,0,1,16,searched,calibration_template_probe,SINGLE_CORE_SPLIT_K,0.34866328755891346,"{""runtime_risk_score"":0.34866328755891346}",7:3584:256:384:128:128:128:9:6:3:1:1:3:3:2:2:2:1:2:1:6:0:2,,1,1,numeric_signed_axes_full_v3,,1.11892196655,,4.40860972271,,4.4056517272,,0.253803815018,0.253974221258,-3.28968775616,-74.6196184982,-3.28672976065,-74.6025778742,regressed,regressed,1,,,,
net_log26:cal_v1_layout_nt_wide:rank1,net_log26,Ascend910B3,20,8.1.RC1+toolkit-7.7.0.1.225,cal_v1_layout_nt_wide,1408,4992,6272,fp16,0,1,1,searched,calibration_local_counterfactual,BASE,0.7025076853610696,"{""runtime_risk_score"":0.7025076853610696}",20:128:256:6272:128:256:64:16:8:1:1:0:8:4:2:2:1:3:1:5:20:0:0,,1,1,numeric_signed_axes_full_v3,,0.330539207458,,0.331718594418,,0.331068592977,,0.996444616071,0.998400979342,-0.00117938695954,-0.3555383929,-0.000529385519386,-0.1599020658,within_noise,within_noise,1,,,,
net_log26:cal_v1_layout_nt_wide:rank2,net_log26,Ascend910B3,20,8.1.RC1+toolkit-7.7.0.1.225,cal_v1_layout_nt_wide,1408,4992,6272,fp16,0,1,2,searched,calibration_local_counterfactual,BASE,0.701883867016772,"{""runtime_risk_score"":0.701883867016772}",20:128:256:6272:128:256:64:16:8:1:1:0:8:4:2:2:1:2:4:7:5:0:0,,1,1,numeric_signed_axes_full_v3,,0.331643600464,,0.333938964681,,0.333284612433,,0.99312639596,0.995076244424,-0.00229536421674,-0.687360404,-0.00164101196886,-0.4923755576,within_noise,within_noise,1,,,,
net_log26:cal_v1_layout_nt_wide:rank3,net_log26,Ascend910B3,20,8.1.RC1+toolkit-7.7.0.1.225,cal_v1_layout_nt_wide,1408,4992,6272,fp16,0,1,3,searched,calibration_local_counterfactual,BASE,0.6925311114890793,"{""runtime_risk_score"":0.6925311114890793}",20:128:256:6272:128:256:64:16:8:1:1:0:8:4:2:2:1:1:2:11:11:0:0,,1,1,numeric_signed_axes_full_v3,,0.3301512146,,0.330940296988,,0.330291820619,,0.997615635221,0.999574297604,-0.00078908238809,-0.2384364779,-0.000140606019417,-0.0425702396,within_noise,within_noise,1,,,,
net_log26:cal_v1_layout_nt_wide:rank4,net_log26,Ascend910B3,20,8.1.RC1+toolkit-7.7.0.1.225,cal_v1_layout_nt_wide,1408,4992,6272,fp16,0,1,4,searched,calibration_local_counterfactual,BASE,0.6824976635257622,"{""runtime_risk_score"":0.6824976635257622}",20:128:256:6272:128:256:64:16:8:1:1:0:8:4:2:2:1:1:1:11:20:1:0,,1,1,numeric_signed_axes_full_v3,,0.330081596375,,0.330800742469,,0.330152539557,,0.997826044497,0.999785119986,-0.000719146094488,-0.2173955503,-7.09431823222e-05,-0.0214880014,within_noise,within_noise,1,,,,
net_log26:cal_v1_layout_nt_wide:rank5,net_log26,Ascend910B3,20,8.1.RC1+toolkit-7.7.0.1.225,cal_v1_layout_nt_wide,1408,4992,6272,fp16,0,1,5,searched,calibration_local_counterfactual,BASE,0.6779677701763277,"{""runtime_risk_score"":0.6779677701763277}",20:128:256:6272:128:256:64:16:8:1:1:1:8:4:2:2:1:1:1:11:20:0:0,,1,1,numeric_signed_axes_full_v3,,0.329324798584,,0.329285588165,,0.328700102084,,1.00011907724,1.00190050595,3.92104190104e-05,0.011907724,0.000624696499777,0.190050595,within_noise,within_noise,1,,,,
net_log26:cal_v1_layout_nt_wide:rank6,net_log26,Ascend910B3,20,8.1.RC1+toolkit-7.7.0.1.225,cal_v1_layout_nt_wide,1408,4992,6272,fp16,0,1,6,searched,calibration_local_counterfactual,BASE,0.7037922749373686,"{""runtime_risk_score"":0.7037922749373686}",20:128:256:6272:128:256:64:16:8:1:1:0:8:4:2:2:1:1:2:11:14:0:0,,1,1,numeric_signed_axes_full_v3,,0.330844802856,,0.332332249527,,0.331741346333,,0.995524218089,0.997297462356,-0.00148744667087,-0.4475781911,-0.000896543476535,-0.2702537644,within_noise,within_noise,1,,,,
net_log26:cal_v1_layout_nt_wide:rank7,net_log26,Ascend910B3,20,8.1.RC1+toolkit-7.7.0.1.225,cal_v1_layout_nt_wide,1408,4992,6272,fp16,0,1,7,searched,calibration_coupled_counterfactual,BASE,0.7853691073266702,"{""runtime_risk_score"":0.7853691073266702}",18:704:560:6272:256:64:64:8:32:1:1:0:4:16:2:2:2:1:2:2:8:0:0,,0,0,npu_structured_numeric_rejected,"official structured numeric preflight failed at C index=64, actual=203.250000, expected=6272.000000",,,,,,,,,,,,,runtime_rejected,runtime_rejected,0,,,,
net_log26:cal_v1_layout_nt_wide:rank8,net_log26,Ascend910B3,20,8.1.RC1+toolkit-7.7.0.1.225,cal_v1_layout_nt_wide,1408,4992,6272,fp16,0,1,8,searched,calibration_coupled_counterfactual,BASE,0.7627929163485371,"{""runtime_risk_score"":0.7627929163485371}",16:176:2496:6272:128:128:64:16:16:1:1:0:8:8:2:2:2:1:1:8:2:0:0,,0,0,npu_structured_numeric_rejected,"official structured numeric preflight failed at C index=128, actual=203.250000, expected=6272.000000",,,,,,,,,,,,,runtime_rejected,runtime_rejected,0,,,,
net_log26:cal_v1_layout_nt_wide:rank9,net_log26,Ascend910B3,20,8.1.RC1+toolkit-7.7.0.1.225,cal_v1_layout_nt_wide,1408,4992,6272,fp16,0,1,9,searched,calibration_coupled_counterfactual,BASE,0.7867501551490781,"{""runtime_risk_score"":0.7867501551490781}",20:352:1008:6272:256:64:64:8:32:1:1:0:4:16:2:2:2:4:1:1:5:0:0,,0,0,npu_structured_numeric_rejected,"official structured numeric preflight failed at C index=64, actual=203.250000, expected=6272.000000",,,,,,,,,,,,,runtime_rejected,runtime_rejected,0,,,,
net_log26:cal_v1_layout_nt_wide:rank10,net_log26,Ascend910B3,20,8.1.RC1+toolkit-7.7.0.1.225,cal_v1_layout_nt_wide,1408,4992,6272,fp16,0,1,10,searched,calibration_coupled_counterfactual,BASE,0.771831708956417,"{""runtime_risk_score"":0.771831708956417}",18:704:560:6272:256:128:64:8:16:1:1:0:4:8:2:2:1:1:1:2:9:0:0,,0,0,npu_structured_numeric_rejected,"official structured numeric preflight failed at C index=128, actual=203.250000, expected=6272.000000",,,,,,,,,,,,,runtime_rejected,runtime_rejected,0,,,,
net_log26:cal_v1_layout_nt_wide:rank11,net_log26,Ascend910B3,20,8.1.RC1+toolkit-7.7.0.1.225,cal_v1_layout_nt_wide,1408,4992,6272,fp16,0,1,11,searched,calibration_coupled_counterfactual,BASE,0.757442243071012,"{""runtime_risk_score"":0.757442243071012}",11:128:4992:6272:128:256:64:16:8:1:1:0:8:4:2:2:1:1:1:11:1:0:0,,0,0,npu_structured_numeric_rejected,"official structured numeric preflight failed at C index=256, actual=203.250000, expected=-6272.000000",,,,,,,,,,,,,runtime_rejected,runtime_rejected,0,,,,
net_log26:cal_v1_layout_nt_wide:rank12,net_log26,Ascend910B3,20,8.1.RC1+toolkit-7.7.0.1.225,cal_v1_layout_nt_wide,1408,4992,6272,fp16,0,1,12,searched,calibration_coupled_counterfactual,BASE,0.69702773358911,"{""runtime_risk_score"":0.69702773358911}",20:128:256:6272:128:256:64:16:8:1:1:0:8:4:2:2:1:2:1:7:20:0:0,,1,1,numeric_signed_axes_full_v3,,0.329187583923,,0.328594895329,,0.329194514102,,1.00180370603,0.999978948073,0.000592688594132,0.180370603,-6.93017887965e-06,-0.0021051927,within_noise,within_noise,1,,,,
net_log26:cal_v1_layout_nt_wide:rank13,net_log26,Ascend910B3,20,8.1.RC1+toolkit-7.7.0.1.225,cal_v1_layout_nt_wide,1408,4992,6272,fp16,0,1,13,searched,calibration_coupled_counterfactual,BASE,0.7913666538094076,"{""runtime_risk_score"":0.7913666538094076}",16:176:2496:6272:128:256:64:16:8:1:1:0:8:4:2:2:1:2:1:7:2:0:0,,0,0,npu_structured_numeric_rejected,"official structured numeric preflight failed at C index=256, actual=203.250000, expected=-6272.000000",,,,,,,,,,,,,runtime_rejected,runtime_rejected,0,,,,
net_log26:cal_v1_layout_nt_wide:rank14,net_log26,Ascend910B3,20,8.1.RC1+toolkit-7.7.0.1.225,cal_v1_layout_nt_wide,1408,4992,6272,fp16,0,1,14,searched,calibration_template_probe,DETERMINISTIC_SPLIT_K,0.14959514471861796,"{""runtime_risk_score"":0.14959514471861796}",17:384:4992:384:128:128:128:9:6:3:1:1:3:3:2:2:2:1:1:4:1:0:3,,1,1,numeric_signed_axes_full_v3,,0.997219619751,,3.02381148419,,3.02355429521,,0.32978895178,0.329817004223,-2.02659186444,-67.021104822,-2.02633467546,-67.0182995777,regressed,regressed,1,,,,
net_log26:cal_v1_layout_nt_wide:rank15,net_log26,Ascend910B3,20,8.1.RC1+toolkit-7.7.0.1.225,cal_v1_layout_nt_wide,1408,4992,6272,fp16,0,1,15,searched,calibration_template_probe,DETERMINISTIC_SPLIT_K,0.7485082129044077,"{""runtime_risk_score"":0.7485082129044077}",1:1408:384:384:128:128:128:6:9:1:3:0:3:3:2:2:2:1:1:1:13:1:3,,0,0,npu_structured_numeric_rejected,"official structured numeric preflight failed at C index=384, actual=-65536.000000, expected=6272.000000",,,,,,,,,,,,,runtime_rejected,runtime_rejected,0,,,,
net_log26:cal_v1_layout_nt_wide:rank16,net_log26,Ascend910B3,20,8.1.RC1+toolkit-7.7.0.1.225,cal_v1_layout_nt_wide,1408,4992,6272,fp16,0,1,16,searched,calibration_template_probe,SINGLE_CORE_SPLIT_K,0.3126144341839453,"{""runtime_risk_score"":0.3126144341839453}",10:1408:512:384:128:128:128:9:6:3:1:1:3:3:2:2:2:1:2:1:7:0:2,,1,1,numeric_signed_axes_full_v3,,0.794503631592,,1.91939719856,,1.91923394505,,0.413933933106,0.413969143074,-1.12489356697,-58.6066066894,-1.12473031346,-58.6030856926,regressed,regressed,1,,,,
net_log26:cal_v1_layout_tt_balanced:rank1,net_log26,Ascend910B3,20,8.1.RC1+toolkit-7.7.0.1.225,cal_v1_layout_tt_balanced,2688,1920,4992,fp16,1,1,1,searched,calibration_local_counterfactual,BASE,0.41621160679060565,"{""runtime_risk_score"":0.41621160679060565}",20:256:128:4992:256:128:64:8:16:1:1:0:4:8:2:2:1:1:3:11:7:0:0,,1,1,numeric_signed_axes_full_v3,,0.228051605225,,0.228099225768,,0.227347390447,,0.999791228828,1.00309752743,-4.76205426958e-05,-0.0208771172,0.000704214778048,0.309752743,within_noise,within_noise,1,,,,
net_log26:cal_v1_layout_tt_balanced:rank2,net_log26,Ascend910B3,20,8.1.RC1+toolkit-7.7.0.1.225,cal_v1_layout_tt_balanced,2688,1920,4992,fp16,1,1,2,searched,calibration_local_counterfactual,BASE,0.38887641600788597,"{""runtime_risk_score"":0.38887641600788597}",20:256:128:4992:256:128:64:8:16:1:1:0:4:8:2:2:1:2:2:7:9:0:0,,1,1,numeric_signed_axes_full_v3,,0.23527759552,,0.242783233009,,0.241982997894,,0.969085025372,0.972289778899,-0.00750563748856,-3.0914974628,-0.00670540237433,-2.7710221101,regressed,regressed,1,,,,
net_log26:cal_v1_layout_tt_balanced:rank3,net_log26,Ascend910B3,20,8.1.RC1+toolkit-7.7.0.1.225,cal_v1_layout_tt_balanced,2688,1920,4992,fp16,1,1,3,searched,calibration_local_counterfactual,BASE,0.36592058942577427,"{""runtime_risk_score"":0.36592058942577427}",20:256:128:4992:256:128:64:8:16:1:1:0:4:8:2:2:1:2:3:6:5:0:0,,1,1,numeric_signed_axes_full_v3,,0.236301193237,,0.244900331757,,0.244093118497,,0.964887191218,0.968078062554,-0.00859913851962,-3.5112808782,-0.00779192525965,-3.1921937446,regressed,regressed,1,,,,
net_log26:cal_v1_layout_tt_balanced:rank4,net_log26,Ascend910B3,20,8.1.RC1+toolkit-7.7.0.1.225,cal_v1_layout_tt_balanced,2688,1920,4992,fp16,1,1,4,searched,calibration_local_counterfactual,BASE,0.4158687876303904,"{""runtime_risk_score"":0.4158687876303904}",20:256:128:4992:256:128:64:8:16:1:1:0:4:8:2:2:1:1:1:11:15:1:0,,1,1,numeric_signed_axes_full_v3,,0.236611995697,,0.245544980912,,0.244735642831,,0.963619760496,0.966806440452,-0.00893298521457,-3.6380239504,-0.00812364713382,-3.3193559548,regressed,regressed,1,,,,
net_log26:cal_v1_layout_tt_balanced:rank5,net_log26,Ascend910B3,20,8.1.RC1+toolkit-7.7.0.1.225,cal_v1_layout_tt_balanced,2688,1920,4992,fp16,1,1,5,searched,calibration_local_counterfactual,BASE,0.5437469944874527,"{""runtime_risk_score"":0.5437469944874527}",20:256:128:4992:256:128:64:8:16:1:1:1:4:8:2:2:1:1:1:11:15:0:0,,1,1,numeric_signed_axes_full_v3,,0.228716392517,,0.229431016295,,0.229910992203,,0.996885234656,0.994804077548,-0.000714623778396,-0.3114765344,-0.00119459968635,-0.5195922452,within_noise,within_noise,1,,,,
net_log26:cal_v1_layout_tt_balanced:rank6,net_log26,Ascend910B3,20,8.1.RC1+toolkit-7.7.0.1.225,cal_v1_layout_tt_balanced,2688,1920,4992,fp16,1,1,6,searched,calibration_local_counterfactual,BASE,0.38012247851980235,"{""runtime_risk_score"":0.38012247851980235}",20:256:128:4992:256:128:64:8:16:1:1:0:4:8:2:2:1:1:2:11:10:0:0,,1,1,numeric_signed_axes_full_v3,,0.228572006226,,0.229141432878,,0.22962080297,,0.997514955522,0.995432483771,-0.000569426652456,-0.2485044478,-0.00104879674408,-0.4567516229,within_noise,within_noise,1,,,,
net_log26:cal_v1_layout_tt_balanced:rank7,net_log26,Ascend910B3,20,8.1.RC1+toolkit-7.7.0.1.225,cal_v1_layout_tt_balanced,2688,1920,4992,fp16,1,1,7,searched,calibration_coupled_counterfactual,BASE,0.43860763744887415,"{""runtime_risk_score"":0.43860763744887415}",18:896:320:4992:64:256:64:32:8:1:1:0:16:4:2:2:2:1:2:3:5:0:0,,0,0,npu_structured_numeric_rejected,"official structured numeric preflight failed at C index=256, actual=203.250000, expected=-4992.000000",,,,,,,,,,,,,runtime_rejected,runtime_rejected,0,,,,
net_log26:cal_v1_layout_tt_balanced:rank8,net_log26,Ascend910B3,20,8.1.RC1+toolkit-7.7.0.1.225,cal_v1_layout_tt_balanced,2688,1920,4992,fp16,1,1,8,searched,calibration_coupled_counterfactual,BASE,0.38579076295161985,"{""runtime_risk_score"":0.38579076295161985}",20:672:384:4992:64:256:64:32:8:1:1:0:16:4:2:2:2:1:1:4:5:0:0,,0,0,npu_structured_numeric_rejected,"official structured numeric preflight failed at C index=256, actual=203.250000, expected=-4992.000000",,,,,,,,,,,,,runtime_rejected,runtime_rejected,0,,,,
net_log26:cal_v1_layout_tt_balanced:rank9,net_log26,Ascend910B3,20,8.1.RC1+toolkit-7.7.0.1.225,cal_v1_layout_tt_balanced,2688,1920,4992,fp16,1,1,9,searched,calibration_coupled_counterfactual,BASE,0.41952800321928474,"{""runtime_risk_score"":0.41952800321928474}",20:672:384:4992:64:256:64:32:8:1:1:0:16:4:2:2:2:4:1:1:5:0:0,,0,0,npu_structured_numeric_rejected,"official structured numeric preflight failed at C index=256, actual=203.250000, expected=-4992.000000",,,,,,,,,,,,,runtime_rejected,runtime_rejected,0,,,,
net_log26:cal_v1_layout_tt_balanced:rank10,net_log26,Ascend910B3,20,8.1.RC1+toolkit-7.7.0.1.225,cal_v1_layout_tt_balanced,2688,1920,4992,fp16,1,1,10,searched,calibration_coupled_counterfactual,BASE,0.48888744995421535,"{""runtime_risk_score"":0.48888744995421535}",20:672:384:4992:256:64:64:8:32:1:1:0:4:16:2:2:2:1:3:4:2:0:0,,0,0,npu_structured_numeric_rejected,"official structured numeric preflight failed at C index=64, actual=203.250000, expected=4992.000000",,,,,,,,,,,,,runtime_rejected,runtime_rejected,0,,,,
net_log26:cal_v1_layout_tt_balanced:rank11,net_log26,Ascend910B3,20,8.1.RC1+toolkit-7.7.0.1.225,cal_v1_layout_tt_balanced,2688,1920,4992,fp16,1,1,11,searched,calibration_coupled_counterfactual,BASE,0.38000356468364516,"{""runtime_risk_score"":0.38000356468364516}",20:256:128:4992:256:128:64:8:16:1:1:0:4:8:2:2:1:2:3:7:5:0:0,,1,1,numeric_signed_axes_full_v3,,0.235374393463,,0.243461405586,,0.243491373052,,0.966783186421,0.966664200512,-0.00808701212303,-3.3216813579,-0.00811697958912,-3.3335799488,regressed,regressed,1,,,,
net_log26:cal_v1_layout_tt_balanced:rank12,net_log26,Ascend910B3,20,8.1.RC1+toolkit-7.7.0.1.225,cal_v1_layout_tt_balanced,2688,1920,4992,fp16,1,1,12,searched,calibration_coupled_counterfactual,BASE,0.48726598098297375,"{""runtime_risk_score"":0.48726598098297375}",20:672:384:4992:64:256:64:32:8:1:1:0:16:4:2:2:2:1:2:4:3:0:0,,0,0,npu_structured_numeric_rejected,"official structured numeric preflight failed at C index=256, actual=203.250000, expected=-4992.000000",,,,,,,,,,,,,runtime_rejected,runtime_rejected,0,,,,
net_log26:cal_v1_layout_tt_balanced:rank13,net_log26,Ascend910B3,20,8.1.RC1+toolkit-7.7.0.1.225,cal_v1_layout_tt_balanced,2688,1920,4992,fp16,1,1,13,searched,calibration_coupled_counterfactual,BASE,0.49614426224324537,"{""runtime_risk_score"":0.49614426224324537}",20:672:384:4992:256:64:64:8:32:1:1:0:4:16:2:2:2:1:2:4:4:0:0,,0,0,npu_structured_numeric_rejected,"official structured numeric preflight failed at C index=64, actual=203.250000, expected=4992.000000",,,,,,,,,,,,,runtime_rejected,runtime_rejected,0,,,,
net_log26:cal_v1_layout_tt_balanced:rank14,net_log26,Ascend910B3,20,8.1.RC1+toolkit-7.7.0.1.225,cal_v1_layout_tt_balanced,2688,1920,4992,fp16,1,1,14,searched,calibration_template_probe,DETERMINISTIC_SPLIT_K,0.26622630743261144,"{""runtime_risk_score"":0.26622630743261144}",1:384:1920:384:128:128:128:9:6:3:1:1:3:3:2:2:2:1:1:7:1:0:3,,0,0,npu_structured_numeric_rejected,"official structured numeric preflight failed at C index=512, actual=65536.000000, expected=4992.000000",,,,,,,,,,,,,runtime_rejected,runtime_rejected,0,,,,
net_log26:cal_v1_layout_tt_balanced:rank15,net_log26,Ascend910B3,20,8.1.RC1+toolkit-7.7.0.1.225,cal_v1_layout_tt_balanced,2688,1920,4992,fp16,1,1,15,searched,calibration_template_probe,DETERMINISTIC_SPLIT_K,0.1105446998118983,"{""runtime_risk_score"":0.1105446998118983}",13:2688:384:384:128:128:128:6:9:1:3:0:3:3:2:2:2:1:1:1:5:1:3,,1,1,numeric_signed_axes_full_v3,,0.338161582947,,0.502527962826,,0.501663788061,,0.672920927714,0.674080113005,-0.164366379879,-32.7079072286,-0.163502205114,-32.5919886995,regressed,regressed,1,,,,
net_log26:cal_v1_layout_tt_balanced:rank16,net_log26,Ascend910B3,20,8.1.RC1+toolkit-7.7.0.1.225,cal_v1_layout_tt_balanced,2688,1920,4992,fp16,1,1,16,searched,calibration_template_probe,SINGLE_CORE_SPLIT_K,0.463122111400908,"{""runtime_risk_score"":0.463122111400908}",7:384:2048:384:128:128:128:9:6:3:1:1:3:3:2:2:2:2:1:6:1:0:2,,1,1,numeric_signed_axes_full_v3,,0.559802398682,,1.37714987585,,1.37478165307,,0.406493445991,0.407193678669,-0.817347477172,-59.3506554009,-0.814979254392,-59.2806321331,regressed,regressed,1,,,,
net_log26:cal_v1_layout_tt_wide:rank1,net_log26,Ascend910B3,20,8.1.RC1+toolkit-7.7.0.1.225,cal_v1_layout_tt_wide,896,4352,5760,fp16,1,1,1,searched,calibration_local_counterfactual,BASE,0.3996839472950472,"{""runtime_risk_score"":0.3996839472950472}",20:256:128:5760:256:128:64:8:16:1:1:0:4:8:2:2:1:1:3:4:14:0:0,,1,1,numeric_signed_axes_full_v3,,0.212849998474,,0.212910017402,,0.213161111959,,0.999718101905,0.998540477283,-6.00189283121e-05,-0.0281898095,-0.000311113485286,-0.1459522717,within_noise,within_noise,1,,,,
net_log26:cal_v1_layout_tt_wide:rank2,net_log26,Ascend910B3,20,8.1.RC1+toolkit-7.7.0.1.225,cal_v1_layout_tt_wide,896,4352,5760,fp16,1,1,2,searched,calibration_local_counterfactual,BASE,0.3900661806349346,"{""runtime_risk_score"":0.3900661806349346}",20:256:128:5760:256:128:64:8:16:1:1:0:4:8:2:2:1:1:4:4:9:0:0,,1,1,numeric_signed_axes_full_v3,,0.212621192932,,0.212452523309,,0.212703078322,,1.00079391678,0.999615024895,0.000168669623208,0.079391678,-8.18853899108e-05,-0.0384975105,within_noise,within_noise,1,,,,
net_log26:cal_v1_layout_tt_wide:rank3,net_log26,Ascend910B3,20,8.1.RC1+toolkit-7.7.0.1.225,cal_v1_layout_tt_wide,896,4352,5760,fp16,1,1,3,searched,calibration_local_counterfactual,BASE,0.4459377615438112,"{""runtime_risk_score"":0.4459377615438112}",20:256:128:5760:256:128:64:8:16:1:1:0:4:8:2:2:1:1:1:4:34:1:0,,1,1,numeric_signed_axes_full_v3,,0.212858791351,,0.212927608478,,0.213178723781,,0.999676805052,0.998499229076,-6.88171273499e-05,-0.0323194948,-0.000319932430266,-0.1500770924,within_noise,within_noise,1,,,,
net_log26:cal_v1_layout_tt_wide:rank4,net_log26,Ascend910B3,20,8.1.RC1+toolkit-7.7.0.1.225,cal_v1_layout_tt_wide,896,4352,5760,fp16,1,1,4,searched,calibration_local_counterfactual,BASE,0.47313811084879753,"{""runtime_risk_score"":0.47313811084879753}",20:256:128:5760:256:128:64:8:16:1:1:1:4:8:2:2:1:1:1:4:34:0:0,,1,1,numeric_signed_axes_full_v3,,0.212675590515,,0.212561246075,,0.21281192931,,1.00053793644,0.999359346088,0.000114344439996,0.053793644,-0.000136338795033,-0.0640653912,within_noise,within_noise,1,,,,
net_log26:cal_v1_layout_tt_wide:rank5,net_log26,Ascend910B3,20,8.1.RC1+toolkit-7.7.0.1.225,cal_v1_layout_tt_wide,896,4352,5760,fp16,1,1,5,searched,calibration_local_counterfactual,BASE,0.390114773949409,"{""runtime_risk_score"":0.390114773949409}",20:256:128:5760:256:128:64:8:16:1:1:0:4:8:2:2:1:1:2:4:21:0:0,,1,1,numeric_signed_axes_full_v3,,0.212959194183,,0.213128526437,,0.213191301005,,0.999205492307,0.998911274426,-0.000169332253852,-0.0794507693,-0.000232106821558,-0.1088725574,within_noise,within_noise,1,,,,
net_log26:cal_v1_layout_tt_wide:rank6,net_log26,Ascend910B3,20,8.1.RC1+toolkit-7.7.0.1.225,cal_v1_layout_tt_wide,896,4352,5760,fp16,1,1,6,searched,calibration_local_counterfactual,BASE,0.37039461738603935,"{""runtime_risk_score"":0.37039461738603935}",20:256:128:5760:256:128:64:8:16:1:1:0:4:8:2:2:1:2:1:2:34:0:0,,1,1,numeric_signed_axes_full_v3,,0.212337207794,,0.211885382597,,0.211947791012,,1.00213240381,1.00183732409,0.000451825197133,0.213240381,0.000389416782248,0.183732409,within_noise,within_noise,1,,,,
net_log26:cal_v1_layout_tt_wide:rank7,net_log26,Ascend910B3,20,8.1.RC1+toolkit-7.7.0.1.225,cal_v1_layout_tt_wide,896,4352,5760,fp16,1,1,7,searched,calibration_coupled_counterfactual,BASE,0.36067794154391497,"{""runtime_risk_score"":0.36067794154391497}",17:896:256:5760:64:256:64:32:8:1:1:0:16:4:2:2:2:1:2:1:15:0:0,,1,1,numeric_signed_axes_full_v3,,0.212784805298,,0.212779614258,,0.212842286057,,1.00002439632,0.999729937314,5.19103955893e-06,0.002439632,-5.74807594671e-05,-0.0270062686,within_noise,within_noise,1,,,,
net_log26:cal_v1_layout_tt_wide:rank8,net_log26,Ascend910B3,20,8.1.RC1+toolkit-7.7.0.1.225,cal_v1_layout_tt_wide,896,4352,5760,fp16,1,1,8,searched,calibration_coupled_counterfactual,BASE,0.4149740440449094,"{""runtime_risk_score"":0.4149740440449094}",18:448:496:5760:256:64:64:8:32:1:1:0:4:16:2:2:2:1:3:2:3:0:0,,1,1,numeric_signed_axes_full_v3,,0.212721996307,,0.21265401788,,0.212716652686,,1.00031966679,1.00002512084,6.79784272762e-05,0.031966679,5.34362099744e-06,0.00251208399999,within_noise,within_noise,1,,,,
net_log26:cal_v1_layout_tt_wide:rank9,net_log26,Ascend910B3,20,8.1.RC1+toolkit-7.7.0.1.225,cal_v1_layout_tt_wide,896,4352,5760,fp16,1,1,9,searched,calibration_coupled_counterfactual,BASE,0.35416536053264486,"{""runtime_risk_score"":0.35416536053264486}",20:256:128:5760:256:128:64:8:16:1:1:0:4:8:2:2:1:1:2:4:29:0:0,,1,1,numeric_signed_axes_full_v3,,0.212428798676,,0.212177222045,,0.212301010121,,1.00118569104,1.00060192156,0.000251576631071,0.118569104,0.000127788555201,0.060192156,within_noise,within_noise,1,,,,
net_log26:cal_v1_layout_tt_wide:rank10,net_log26,Ascend910B3,20,8.1.RC1+toolkit-7.7.0.1.225,cal_v1_layout_tt_wide,896,4352,5760,fp16,1,1,10,searched,calibration_coupled_counterfactual,BASE,0.44614293799606175,"{""runtime_risk_score"":0.44614293799606175}",17:896:256:5760:128:256:64:16:8:1:1:0:8:4:2:2:1:1:2:1:10:0:0,,1,1,numeric_signed_axes_full_v3,,0.212734394073,,0.212788128116,,0.212912272607,,0.999747476311,0.999164545419,-5.37340430873e-05,-0.0252523689,-0.0001778785335,-0.0835454581,within_noise,within_noise,1,,,,
net_log26:cal_v1_layout_tt_wide:rank11,net_log26,Ascend910B3,20,8.1.RC1+toolkit-7.7.0.1.225,cal_v1_layout_tt_wide,896,4352,5760,fp16,1,1,11,searched,calibration_coupled_counterfactual,BASE,0.3298857059587119,"{""runtime_risk_score"":0.3298857059587119}",14:128:2176:5760:128:128:64:16:16:1:1:0:8:8:2:2:2:1:1:7:2:0:0,,1,1,numeric_signed_axes_full_v3,,0.213120002747,,0.213560239406,,0.21368483436,,0.997938583229,0.997356707063,-0.000440236659131,-0.2061416771,-0.000564831613409,-0.2643292937,within_noise,within_noise,1,,,,
net_log26:cal_v1_layout_tt_wide:rank12,net_log26,Ascend910B3,20,8.1.RC1+toolkit-7.7.0.1.225,cal_v1_layout_tt_wide,896,4352,5760,fp16,1,1,12,searched,calibration_coupled_counterfactual,BASE,0.42987006793710814,"{""runtime_risk_score"":0.42987006793710814}",20:448:448:5760:256:64:64:8:32:1:1:0:4:16:2:2:2:1:2:2:7:0:0,,1,1,numeric_signed_axes_full_v3,,0.212603206635,,0.212525767888,,0.212649759312,,1.00036437345,0.99978108286,7.74387472592e-05,0.036437345,-4.65526771303e-05,-0.021891714,within_noise,within_noise,1,,,,
net_log26:cal_v1_layout_tt_wide:rank13,net_log26,Ascend910B3,20,8.1.RC1+toolkit-7.7.0.1.225,cal_v1_layout_tt_wide,896,4352,5760,fp16,1,1,13,searched,calibration_coupled_counterfactual,BASE,0.42483993798604275,"{""runtime_risk_score"":0.42483993798604275}",17:896:256:5760:64:256:64:32:8:1:1:0:16:4:2:2:2:1:2:1:9:0:0,,1,1,numeric_signed_axes_full_v3,,0.212955608368,,0.213230898548,,0.213380065295,,0.998708957369,0.998010793901,-0.000275290180272,-0.1291042631,-0.00042445692729,-0.1989206099,within_noise,within_noise,1,,,,
net_log26:cal_v1_layout_tt_wide:rank14,net_log26,Ascend910B3,20,8.1.RC1+toolkit-7.7.0.1.225,cal_v1_layout_tt_wide,896,4352,5760,fp16,1,1,14,searched,calibration_template_probe,DETERMINISTIC_SPLIT_K,0.13666248167436665,"{""runtime_risk_score"":0.13666248167436665}",8:384:4352:384:128:128:128:9:6:3:1:1:3:3:2:2:2:1:1:3:1:0:3,,1,1,numeric_signed_axes_full_v3,,0.212775192261,,0.212869752929,,0.213018667034,,0.999555781569,0.998857026116,-9.45606676533e-05,-0.0444218431,-0.000243474773225,-0.1142973884,within_noise,within_noise,1,,,,
net_log26:cal_v1_layout_tt_wide:rank15,net_log26,Ascend910B3,20,8.1.RC1+toolkit-7.7.0.1.225,cal_v1_layout_tt_wide,896,4352,5760,fp16,1,1,15,searched,calibration_template_probe,DETERMINISTIC_SPLIT_K,0.40338052608516456,"{""runtime_risk_score"":0.40338052608516456}",1:896:384:384:128:128:128:6:9:1:3:0:3:3:2:2:2:1:1:1:12:1:3,,1,1,numeric_signed_axes_full_v3,,0.21294960022,,0.213218866888,,0.213368025219,,0.998737134887,0.998038951721,-0.000269266668427,-0.1262865113,-0.000418424998649,-0.1961048279,within_noise,within_noise,1,,,,
net_log26:cal_v1_layout_tt_wide:rank16,net_log26,Ascend910B3,20,8.1.RC1+toolkit-7.7.0.1.225,cal_v1_layout_tt_wide,896,4352,5760,fp16,1,1,16,searched,calibration_template_probe,SINGLE_CORE_SPLIT_K,0.46988262216573956,"{""runtime_risk_score"":0.46988262216573956}",3:384:4352:384:128:128:128:9:6:3:1:1:3:3:2:2:2:2:1:2:1:0:2,,1,1,numeric_signed_axes_full_v3,,0.212504806519,,0.212329084864,,0.212477620743,,1.00082759107,1.00012794654,0.000175721654535,0.082759107,2.71857764014e-05,0.012794654,within_noise,within_noise,1,,,,
net_log26:cal_v1_bf16_third:rank1,net_log26,Ascend910B3,20,8.1.RC1+toolkit-7.7.0.1.225,cal_v1_bf16_third,2049,2689,4097,bf16,0,0,1,searched,calibration_local_counterfactual,BASE,0.6366199363442286,"{""runtime_risk_score"":0.6366199363442286}",20:128:256:4097:128:256:64:16:8:1:1:0:8:4:2:2:1:3:1:8:11:0:0,,1,1,numeric_signed_axes_full_v3,,0.27138759613,,0.26958655371,,0.268104734694,,1.00668075761,1.01224469773,0.00180104242025,0.668075761,0.00328286143631,1.224469773,within_noise,improved,1,,,,
net_log26:cal_v1_bf16_third:rank2,net_log26,Ascend910B3,20,8.1.RC1+toolkit-7.7.0.1.225,cal_v1_bf16_third,2049,2689,4097,bf16,0,0,2,searched,calibration_local_counterfactual,BASE,0.6435218007954735,"{""runtime_risk_score"":0.6435218007954735}",20:128:256:4097:128:256:64:16:8:1:1:0:8:4:2:2:1:1:2:17:7:0:0,,1,1,numeric_signed_axes_full_v3,,0.285086402893,,0.297489229632,,0.295854039778,,0.958308316726,0.963604901617,-0.0124028267393,-4.1691683274,-0.0107676368847,-3.6395098383,regressed,regressed,1,,,,
net_log26:cal_v1_bf16_third:rank3,net_log26,Ascend910B3,20,8.1.RC1+toolkit-7.7.0.1.225,cal_v1_bf16_third,2049,2689,4097,bf16,0,0,3,searched,calibration_local_counterfactual,BASE,0.6582681456430526,"{""runtime_risk_score"":0.6582681456430526}",20:128:256:4097:128:256:64:16:8:1:1:0:8:4:2:2:1:3:2:6:6:0:0,,1,1,numeric_signed_axes_full_v3,,0.283030796051,,0.293214622262,,0.291602928366,,0.965268354857,0.970603407986,-0.0101838262111,-3.4731645143,-0.00857213231527,-2.9396592014,regressed,regressed,1,,,,
net_log26:cal_v1_bf16_third:rank4,net_log26,Ascend910B3,20,8.1.RC1+toolkit-7.7.0.1.225,cal_v1_bf16_third,2049,2689,4097,bf16,0,0,4,searched,calibration_local_counterfactual,BASE,0.7437381636382994,"{""runtime_risk_score"":0.7437381636382994}",20:128:256:4097:128:256:64:16:8:1:1:0:8:4:2:2:1:1:1:17:11:1:0,,1,1,numeric_signed_axes_full_v3,,0.2808452034,,0.288703640512,,0.287116741839,,0.972780263186,0.978156834748,-0.00785843711198,-2.7219736814,-0.0062715384386,-2.1843165252,regressed,regressed,1,,,,
net_log26:cal_v1_bf16_third:rank5,net_log26,Ascend910B3,20,8.1.RC1+toolkit-7.7.0.1.225,cal_v1_bf16_third,2049,2689,4097,bf16,0,0,5,searched,calibration_local_counterfactual,BASE,0.5318432887407676,"{""runtime_risk_score"":0.5318432887407676}",20:128:256:4097:128:256:64:16:8:1:1:1:8:4:2:2:1:1:1:17:11:0:0,,1,1,numeric_signed_axes_full_v3,,0.27587600708,,0.278577541694,,0.275346363341,,0.990302396246,1.00192355451,-0.00270153461411,-0.9697603754,0.000529643739017,0.192355451,within_noise,within_noise,1,,,,
net_log26:cal_v1_bf16_third:rank6,net_log26,Ascend910B3,20,8.1.RC1+toolkit-7.7.0.1.225,cal_v1_bf16_third,2049,2689,4097,bf16,0,0,6,searched,calibration_local_counterfactual,BASE,0.6396154078519262,"{""runtime_risk_score"":0.6396154078519262}",20:128:256:4097:128:256:64:16:8:1:1:0:8:4:2:2:1:2:1:13:11:0:0,,1,1,numeric_signed_axes_full_v3,,0.27569360733,,0.278209291648,,0.274982384572,,0.990957583398,1.00258643025,-0.00251568431763,-0.9042416602,0.000711222757675,0.258643025,within_noise,within_noise,1,,,,
net_log26:cal_v1_bf16_third:rank7,net_log26,Ascend910B3,20,8.1.RC1+toolkit-7.7.0.1.225,cal_v1_bf16_third,2049,2689,4097,bf16,0,0,7,searched,calibration_coupled_counterfactual,BASE,0.6801280227665716,"{""runtime_risk_score"":0.6801280227665716}",18:1040:304:4097:256:64:64:8:32:1:1:0:4:16:2:2:2:1:2:2:8:0:0,,0,0,npu_structured_numeric_rejected,"official structured numeric preflight failed at C index=64, actual=15340386230730752.000000, expected=4096.000000",,,,,,,,,,,,,runtime_rejected,runtime_rejected,0,,,,
net_log26:cal_v1_bf16_third:rank8,net_log26,Ascend910B3,20,8.1.RC1+toolkit-7.7.0.1.225,cal_v1_bf16_third,2049,2689,4097,bf16,0,0,8,searched,calibration_coupled_counterfactual,BASE,0.7102049744491683,"{""runtime_risk_score"":0.7102049744491683}",10:208:2704:4097:128:256:64:16:8:1:1:0:8:4:2:2:1:2:1:5:1:0:0,,0,0,npu_structured_numeric_rejected,"official structured numeric preflight failed at C index=256, actual=15340386230730752.000000, expected=-4096.000000",,,,,,,,,,,,,runtime_rejected,runtime_rejected,0,,,,
net_log26:cal_v1_bf16_third:rank9,net_log26,Ascend910B3,20,8.1.RC1+toolkit-7.7.0.1.225,cal_v1_bf16_third,2049,2689,4097,bf16,0,0,9,searched,calibration_coupled_counterfactual,BASE,0.7083511374119202,"{""runtime_risk_score"":0.7083511374119202}",19:2064:144:4097:128:128:64:16:16:1:1:0:8:8:2:2:2:1:1:1:19:0:0,,0,0,npu_structured_numeric_rejected,"official structured numeric preflight failed at C index=128, actual=15340386230730752.000000, expected=4096.000000",,,,,,,,,,,,,runtime_rejected,runtime_rejected,0,,,,
net_log26:cal_v1_bf16_third:rank10,net_log26,Ascend910B3,20,8.1.RC1+toolkit-7.7.0.1.225,cal_v1_bf16_third,2049,2689,4097,bf16,0,0,10,searched,calibration_coupled_counterfactual,BASE,0.6438611967656508,"{""runtime_risk_score"":0.6438611967656508}",20:128:256:4097:128:256:64:16:8:1:1:0:8:4:2:2:1:5:3:4:5:0:0,,1,1,numeric_signed_axes_full_v3,,0.26909280777,,0.263440865315,,0.261972474449,,1.02145431176,1.02717970022,0.0056519424548,2.145431176,0.0071203333214,2.717970022,improved,improved,1,,,,
net_log26:cal_v1_bf16_third:rank11,net_log26,Ascend910B3,20,8.1.RC1+toolkit-7.7.0.1.225,cal_v1_bf16_third,2049,2689,4097,bf16,0,0,11,searched,calibration_coupled_counterfactual,BASE,0.6829723381029792,"{""runtime_risk_score"":0.6829723381029792}",20:1040:272:4097:128:256:64:16:8:1:1:0:8:4:2:2:1:1:2:2:6:0:0,,0,0,npu_structured_numeric_rejected,"official structured numeric preflight failed at C index=256, actual=15340386230730752.000000, expected=-4096.000000",,,,,,,,,,,,,runtime_rejected,runtime_rejected,0,,,,
net_log26:cal_v1_bf16_third:rank12,net_log26,Ascend910B3,20,8.1.RC1+toolkit-7.7.0.1.225,cal_v1_bf16_third,2049,2689,4097,bf16,0,0,12,searched,calibration_coupled_counterfactual,BASE,0.7219209096435721,"{""runtime_risk_score"":0.7219209096435721}",18:1040:304:4097:256:64:64:8:32:1:1:0:4:16:2:2:2:1:3:2:3:0:0,,0,0,npu_structured_numeric_rejected,"official structured numeric preflight failed at C index=64, actual=15340386230730752.000000, expected=4096.000000",,,,,,,,,,,,,runtime_rejected,runtime_rejected,0,,,,
net_log26:cal_v1_bf16_third:rank13,net_log26,Ascend910B3,20,8.1.RC1+toolkit-7.7.0.1.225,cal_v1_bf16_third,2049,2689,4097,bf16,0,0,13,searched,calibration_coupled_counterfactual,BASE,0.6595392514960108,"{""runtime_risk_score"":0.6595392514960108}",18:1040:304:4097:256:128:64:8:16:1:1:0:4:8:2:2:1:1:1:2:9:0:0,,0,0,npu_structured_numeric_rejected,"official structured numeric preflight failed at C index=128, actual=15340386230730752.000000, expected=4096.000000",,,,,,,,,,,,,runtime_rejected,runtime_rejected,0,,,,
net_log26:cal_v1_bf16_third:rank14,net_log26,Ascend910B3,20,8.1.RC1+toolkit-7.7.0.1.225,cal_v1_bf16_third,2049,2689,4097,bf16,0,0,14,searched,calibration_template_probe,DETERMINISTIC_SPLIT_K,0.16117412627776603,"{""runtime_risk_score"":0.16117412627776603}",1:2064:384:384:128:128:128:6:9:1:3:0:3:3:2:2:2:1:1:1:8:1:3,,0,0,npu_structured_numeric_rejected,"official structured numeric preflight failed at C index=384, actual=-4096.000000, expected=4096.000000",,,,,,,,,,,,,runtime_rejected,runtime_rejected,0,,,,
net_log26:cal_v1_bf16_third:rank15,net_log26,Ascend910B3,20,8.1.RC1+toolkit-7.7.0.1.225,cal_v1_bf16_third,2049,2689,4097,bf16,0,0,15,searched,calibration_template_probe,DETERMINISTIC_SPLIT_K,0.37699375358274434,"{""runtime_risk_score"":0.37699375358274434}",11:384:2704:384:128:128:128:9:6:3:1:1:3:3:2:2:2:1:1:6:1:0:3,,0,0,npu_structured_numeric_rejected,"official structured numeric preflight failed at C index=1920, actual=-4224.000000, expected=-4096.000000",,,,,,,,,,,,,runtime_rejected,runtime_rejected,0,,,,
net_log26:cal_v1_bf16_third:rank16,net_log26,Ascend910B3,20,8.1.RC1+toolkit-7.7.0.1.225,cal_v1_bf16_third,2049,2689,4097,bf16,0,0,16,searched,calibration_template_probe,SINGLE_CORE_SPLIT_K,0.2456195353000006,"{""runtime_risk_score"":0.2456195353000006}",6:384:2816:384:128:128:128:9:6:3:1:1:3:3:2:2:2:2:1:5:1:0:2,,1,1,numeric_signed_axes_full_v3,,0.991571578979,,3.60768434207,,3.55252772843,,0.274849871818,0.279117196199,-2.6161127631,-72.5150128182,-2.56095614945,-72.0882803801,regressed,regressed,1,,,,
net_log26:cal_v1_fp32_nn_tall:rank1,net_log26,Ascend910B3,20,8.1.RC1+toolkit-7.7.0.1.225,cal_v1_fp32_nn_tall,1536,896,2304,fp32,0,0,1,searched,calibration_local_counterfactual,BASE,0.23757065680129513,"{""runtime_risk_score"":0.23757065680129513}",20:128:256:2304:128:256:32:16:8:1:1:0:8:4:2:2:1:2:2:9:2:0:0,,1,1,numeric_signed_axes_full_v3,,0.105901603699,,0.106469571143,,0.10556560963,,0.994665448187,1.00318279855,-0.000567967443769,-0.5334551813,0.000335994069259,0.318279855,within_noise,within_noise,1,,,,
net_log26:cal_v1_fp32_nn_tall:rank2,net_log26,Ascend910B3,20,8.1.RC1+toolkit-7.7.0.1.225,cal_v1_fp32_nn_tall,1536,896,2304,fp32,0,0,2,searched,calibration_local_counterfactual,BASE,0.20991953870013366,"{""runtime_risk_score"":0.20991953870013366}",20:128:256:2304:128:256:32:16:8:1:1:0:8:4:2:2:1:2:2:7:2:0:0,,1,1,numeric_signed_axes_full_v3,,0.105303602219,,0.105270548709,,0.104376767289,,1.0003139863,1.00887970526,3.30535100881e-05,0.03139863,0.000926834929522,0.887970526,within_noise,within_noise,1,,,,
net_log26:cal_v1_fp32_nn_tall:rank3,net_log26,Ascend910B3,20,8.1.RC1+toolkit-7.7.0.1.225,cal_v1_fp32_nn_tall,1536,896,2304,fp32,0,0,3,searched,calibration_local_counterfactual,BASE,0.19305380072880207,"{""runtime_risk_score"":0.19305380072880207}",20:128:256:2304:128:256:32:16:8:1:1:0:8:4:2:2:1:4:1:3:4:0:0,,1,1,numeric_signed_axes_full_v3,,0.106300802231,,0.107273762998,,0.106362973632,,0.990930114319,0.999415478908,-0.000972960766962,-0.9069885681,-6.2171401496e-05,-0.0584521092,within_noise,within_noise,1,,,,
net_log26:cal_v1_fp32_nn_tall:rank4,net_log26,Ascend910B3,20,8.1.RC1+toolkit-7.7.0.1.225,cal_v1_fp32_nn_tall,1536,896,2304,fp32,0,0,4,searched,calibration_local_counterfactual,BASE,0.2170349449252753,"{""runtime_risk_score"":0.2170349449252753}",20:128:256:2304:128:256:32:16:8:1:1:0:8:4:2:2:1:1:1:12:4:1:0,,1,1,numeric_signed_axes_full_v3,,0.105310001373,,0.105283343389,,0.104389453337,,1.00025320229,1.00881840077,2.6657983645e-05,0.025320229,0.00092054803569,0.881840077,within_noise,within_noise,1,,,,
net_log26:cal_v1_fp32_nn_tall:rank5,net_log26,Ascend910B3,20,8.1.RC1+toolkit-7.7.0.1.225,cal_v1_fp32_nn_tall,1536,896,2304,fp32,0,0,5,searched,calibration_local_counterfactual,BASE,0.22355429982735495,"{""runtime_risk_score"":0.22355429982735495}",20:128:256:2304:128:256:32:16:8:1:1:1:8:4:2:2:1:1:1:12:4:0:0,,1,1,numeric_signed_axes_full_v3,,0.106198396683,,0.107104461007,,0.106894662035,,0.991540368018,0.99348643479,-0.000906064323748,-0.8459631982,-0.000696265351764,-0.651356521,within_noise,within_noise,1,,,,
net_log26:cal_v1_fp32_nn_tall:rank6,net_log26,Ascend910B3,20,8.1.RC1+toolkit-7.7.0.1.225,cal_v1_fp32_nn_tall,1536,896,2304,fp32,0,0,6,searched,calibration_local_counterfactual,BASE,0.2272922356140586,"{""runtime_risk_score"":0.2272922356140586}",20:128:256:2304:128:256:32:16:8:1:1:0:8:4:2:2:1:2:2:8:2:0:0,,1,1,numeric_signed_axes_full_v3,,0.106231603622,,0.107171451987,,0.106961521792,,0.991230422396,0.993175880846,-0.000939848365135,-0.8769577604,-0.000729918169599,-0.6824119154,within_noise,within_noise,1,,,,
net_log26:cal_v1_fp32_nn_tall:rank7,net_log26,Ascend910B3,20,8.1.RC1+toolkit-7.7.0.1.225,cal_v1_fp32_nn_tall,1536,896,2304,fp32,0,0,7,searched,calibration_coupled_counterfactual,BASE,0.22763063908784578,"{""runtime_risk_score"":0.22763063908784578}",16:384:224:2304:256:64:32:8:32:1:1:0:4:16:2:2:2:4:1:1:4:0:0,,1,1,numeric_signed_axes_full_v3,,0.105323600769,,0.105347209499,,0.105140852676,,0.999775896012,1.00173812641,-2.36087297733e-05,-0.0224103988,0.000182748092806,0.173812641,within_noise,within_noise,1,,,,
net_log26:cal_v1_fp32_nn_tall:rank8,net_log26,Ascend910B3,20,8.1.RC1+toolkit-7.7.0.1.225,cal_v1_fp32_nn_tall,1536,896,2304,fp32,0,0,8,searched,calibration_coupled_counterfactual,BASE,0.22837913306572424,"{""runtime_risk_score"":0.22837913306572424}",16:384:224:2304:256:128:32:8:16:1:1:0:4:8:2:2:1:2:1:3:4:0:0,,1,1,numeric_signed_axes_full_v3,,0.105291204453,,0.10528241231,,0.105076182414,,1.00008351008,1.00204634422,8.79214267463e-06,0.00835100800001,0.000215022038543,0.204634422,within_noise,within_noise,1,,,,
net_log26:cal_v1_fp32_nn_tall:rank9,net_log26,Ascend910B3,20,8.1.RC1+toolkit-7.7.0.1.225,cal_v1_fp32_nn_tall,1536,896,2304,fp32,0,0,9,searched,calibration_coupled_counterfactual,BASE,0.2842820160122179,"{""runtime_risk_score"":0.2842820160122179}",12:128:896:2304:64:256:32:32:8:1:1:0:16:4:2:2:2:1:1:12:1:0:0,,1,1,numeric_signed_axes_full_v3,,0.105318002701,,0.105336011151,,0.105129676264,,0.999829038051,1.00179137275,-1.80084497662e-05,-0.0170961949,0.000188326437275,0.179137275,within_noise,within_noise,1,,,,
net_log26:cal_v1_fp32_nn_tall:rank10,net_log26,Ascend910B3,20,8.1.RC1+toolkit-7.7.0.1.225,cal_v1_fp32_nn_tall,1536,896,2304,fp32,0,0,10,searched,calibration_coupled_counterfactual,BASE,0.22282195557806542,"{""runtime_risk_score"":0.22282195557806542}",12:128:896:2304:128:256:32:16:8:1:1:0:8:4:2:2:1:2:1:6:1:0:0,,1,1,numeric_signed_axes_full_v3,,0.106236000061,,0.107180322841,,0.106970375269,,0.991189401611,0.993134779551,-0.000944322779753,-0.8810598389,-0.000734375207732,-0.6865220449,within_noise,within_noise,1,,,,
net_log26:cal_v1_fp32_nn_tall:rank11,net_log26,Ascend910B3,20,8.1.RC1+toolkit-7.7.0.1.225,cal_v1_fp32_nn_tall,1536,896,2304,fp32,0,0,11,searched,calibration_coupled_counterfactual,BASE,0.23484118583047248,"{""runtime_risk_score"":0.23484118583047248}",20:128:256:2304:128:256:32:16:8:1:1:0:8:4:2:2:1:2:1:8:4:0:0,,1,1,numeric_signed_axes_full_v3,,0.105298404694,,0.105296812082,,0.10509055398,,1.00001512498,1.0019778249,1.5926121768e-06,0.001512498,0.000207850714416,0.19778249,within_noise,within_noise,1,,,,
net_log26:cal_v1_fp32_nn_tall:rank12,net_log26,Ascend910B3,20,8.1.RC1+toolkit-7.7.0.1.225,cal_v1_fp32_nn_tall,1536,896,2304,fp32,0,0,12,searched,calibration_coupled_counterfactual,BASE,0.2494335902144496,"{""runtime_risk_score"":0.2494335902144496}",14:768:128:2304:256:128:32:8:16:1:1:0:4:8:2:2:1:1:1:2:7:0:0,,1,1,numeric_signed_axes_full_v3,,0.105675601959,,0.106052546368,,0.105844807914,,0.996445682617,0.998401376904,-0.000376944409067,-0.3554317383,-0.000169205954522,-0.1598623096,within_noise,within_noise,1,,,,
net_log26:cal_v1_fp32_nn_tall:rank13,net_log26,Ascend910B3,20,8.1.RC1+toolkit-7.7.0.1.225,cal_v1_fp32_nn_tall,1536,896,2304,fp32,0,0,13,searched,calibration_coupled_counterfactual,BASE,0.218604656451086,"{""runtime_risk_score"":0.218604656451086}",14:768:128:2304:256:128:32:8:16:1:1:0:4:8:2:2:1:1:2:2:4:0:0,,1,1,numeric_signed_axes_full_v3,,0.106216802597,,0.107140231646,,0.10710225675,,0.99138111767,0.99173262843,-0.000923429049369,-0.861888233,-0.000885454152534,-0.826737157,within_noise,within_noise,1,,,,
net_log26:cal_v1_fp32_nn_tall:rank14,net_log26,Ascend910B3,20,8.1.RC1+toolkit-7.7.0.1.225,cal_v1_fp32_nn_tall,1536,896,2304,fp32,0,0,14,searched,calibration_template_probe,DETERMINISTIC_SPLIT_K,0.21344189291421387,"{""runtime_risk_score"":0.21344189291421387}",1:384:896:192:128:128:64:9:6:3:1:1:3:3:2:2:2:1:1:4:1:0:3,,1,1,numeric_signed_axes_full_v3,,0.105310401917,,0.105319472141,,0.105282142596,,0.999913878944,1.00026841514,-9.07022415816e-06,-0.0086121056,2.82593210444e-05,0.026841514,within_noise,within_noise,1,,,,
net_log26:cal_v1_fp32_nn_tall:rank15,net_log26,Ascend910B3,20,8.1.RC1+toolkit-7.7.0.1.225,cal_v1_fp32_nn_tall,1536,896,2304,fp32,0,0,15,searched,calibration_template_probe,DETERMINISTIC_SPLIT_K,0.14090197693325568,"{""runtime_risk_score"":0.14090197693325568}",12:1536:384:192:128:128:64:6:9:1:3:0:3:3:2:2:2:1:1:1:3:1:3,,1,1,numeric_signed_axes_full_v3,,0.105289201736,,0.105277072395,,0.105239757878,,1.00011521351,1.00046982109,1.21293410331e-05,0.011521351,4.94438577577e-05,0.046982109,within_noise,within_noise,1,,,,
net_log26:cal_v1_fp32_nn_tall:rank16,net_log26,Ascend910B3,20,8.1.RC1+toolkit-7.7.0.1.225,cal_v1_fp32_nn_tall,1536,896,2304,fp32,0,0,16,searched,calibration_template_probe,SINGLE_CORE_SPLIT_K,0.27601914716056425,"{""runtime_risk_score"":0.27601914716056425}",4:384:896:192:128:128:64:9:6:3:1:1:3:3:2:2:2:2:1:3:1:0:2,,1,1,numeric_signed_axes_full_v3,,0.105575199127,,0.10584977805,,0.105812260543,,0.997405956557,0.997759603525,-0.000274578922693,-0.2594043443,-0.000237061415531,-0.2240396475,within_noise,within_noise,1,,,,
net_log26:cal_v1_fp32_nn_wide:rank1,net_log26,Ascend910B3,20,8.1.RC1+toolkit-7.7.0.1.225,cal_v1_fp32_nn_wide,896,1408,1792,fp32,0,0,1,searched,calibration_local_counterfactual,BASE,0.2291849264565211,"{""runtime_risk_score"":0.2291849264565211}",20:128:256:1792:128:256:32:16:8:1:1:0:8:4:2:2:1:2:2:6:3:0:0,,1,1,numeric_signed_axes_full_v3,,0.0822179985046,,0.0822113344505,,0.0822273328569,,1.00008106004,0.99988648115,6.66405405902e-06,0.00810600400001,-9.33435226448e-06,-0.011351885,within_noise,within_noise,1,,,,
net_log26:cal_v1_fp32_nn_wide:rank2,net_log26,Ascend910B3,20,8.1.RC1+toolkit-7.7.0.1.225,cal_v1_fp32_nn_wide,896,1408,1792,fp32,0,0,2,searched,calibration_local_counterfactual,BASE,0.20044822524130002,"{""runtime_risk_score"":0.20044822524130002}",20:128:256:1792:128:256:32:16:8:1:1:0:8:4:2:2:1:2:2:4:4:0:0,,1,1,numeric_signed_axes_full_v3,,0.0831180000305,,0.0840210426983,,0.0840373932754,,0.989252184467,0.989059712479,-0.000903042667812,-1.0747815533,-0.000919393244949,-1.0940287521,regressed,regressed,1,,,,
net_log26:cal_v1_fp32_nn_wide:rank3,net_log26,Ascend910B3,20,8.1.RC1+toolkit-7.7.0.1.225,cal_v1_fp32_nn_wide,896,1408,1792,fp32,0,0,3,searched,calibration_local_counterfactual,BASE,0.18728516473097961,"{""runtime_risk_score"":0.18728516473097961}",20:128:256:1792:128:256:32:16:8:1:1:0:8:4:2:2:1:2:2:4:3:0:0,,1,1,numeric_signed_axes_full_v3,,0.0821844005585,,0.0821441577331,,0.0821601430671,,1.0004899049,1.00029524646,4.02428253798e-05,0.04899049,2.42574913936e-05,0.029524646,within_noise,within_noise,1,,,,
net_log26:cal_v1_fp32_nn_wide:rank4,net_log26,Ascend910B3,20,8.1.RC1+toolkit-7.7.0.1.225,cal_v1_fp32_nn_wide,896,1408,1792,fp32,0,0,4,searched,calibration_local_counterfactual,BASE,0.18358074402583383,"{""runtime_risk_score"":0.18358074402583383}",20:128:256:1792:128:256:32:16:8:1:1:0:8:4:2:2:1:1:1:7:6:1:0,,1,1,numeric_signed_axes_full_v3,,0.0821967983246,,0.0821689429938,,0.0821849331502,,1.00033900072,1.00014437165,2.78553308365e-05,0.033900072,1.1865174404e-05,0.014437165,within_noise,within_noise,1,,,,
net_log26:cal_v1_fp32_nn_wide:rank5,net_log26,Ascend910B3,20,8.1.RC1+toolkit-7.7.0.1.225,cal_v1_fp32_nn_wide,896,1408,1792,fp32,0,0,5,searched,calibration_local_counterfactual,BASE,0.1915721961377289,"{""runtime_risk_score"":0.1915721961377289}",20:128:256:1792:128:256:32:16:8:1:1:1:8:4:2:2:1:1:1:7:6:0:0,,1,1,numeric_signed_axes_full_v3,,0.0825815963745,,0.0829400790803,,0.0829562193009,,0.995677810899,0.995484088721,-0.000358482705837,-0.4322189101,-0.000374622926404,-0.4515911279,within_noise,within_noise,1,,,,
net_log26:cal_v1_fp32_nn_wide:rank6,net_log26,Ascend910B3,20,8.1.RC1+toolkit-7.7.0.1.225,cal_v1_fp32_nn_wide,896,1408,1792,fp32,0,0,6,searched,calibration_local_counterfactual,BASE,0.18255506827384244,"{""runtime_risk_score"":0.18255506827384244}",20:128:256:1792:128:256:32:16:8:1:1:0:8:4:2:2:1:1:2:7:3:0:0,,1,1,numeric_signed_axes_full_v3,,0.0825520038605,,0.0828806477833,,0.0828967764385,,0.996034732696,0.995840941074,-0.000328643922789,-0.3965267304,-0.000344772577983,-0.4159058926,within_noise,within_noise,1,,,,
net_log26:cal_v1_fp32_nn_wide:rank7,net_log26,Ascend910B3,20,8.1.RC1+toolkit-7.7.0.1.225,cal_v1_fp32_nn_wide,896,1408,1792,fp32,0,0,7,searched,calibration_coupled_counterfactual,BASE,0.23510468416089203,"{""runtime_risk_score"":0.23510468416089203}",18:448:160:1792:256:128:32:8:16:1:1:0:4:8:2:2:1:1:3:2:4:0:0,,1,1,numeric_signed_axes_full_v3,,0.0821804046631,,0.0821361700505,,0.0821521538288,,1.00053855217,1.00034388428,4.42346126162e-05,0.053855217,2.82508342699e-05,0.034388428,within_noise,within_noise,1,,,,
net_log26:cal_v1_fp32_nn_wide:rank8,net_log26,Ascend910B3,20,8.1.RC1+toolkit-7.7.0.1.225,cal_v1_fp32_nn_wide,896,1408,1792,fp32,0,0,8,searched,calibration_coupled_counterfactual,BASE,0.2027451167336676,"{""runtime_risk_score"":0.2027451167336676}",16:224:352:1792:64:256:32:32:8:1:1:0:16:4:2:2:2:2:2:2:2:0:0,,1,1,numeric_signed_axes_full_v3,,0.0831175994873,,0.0840202329104,,0.0840365833299,,0.989256951667,0.989064478752,-0.000902633423106,-1.0743048333,-0.000918983842614,-1.0935521248,regressed,regressed,1,,,,
net_log26:cal_v1_fp32_nn_wide:rank9,net_log26,Ascend910B3,20,8.1.RC1+toolkit-7.7.0.1.225,cal_v1_fp32_nn_wide,896,1408,1792,fp32,0,0,9,searched,calibration_coupled_counterfactual,BASE,0.20577692978620266,"{""runtime_risk_score"":0.20577692978620266}",14:128:704:1792:128:256:32:16:8:1:1:0:8:4:2:2:1:2:2:4:1:0:0,,1,1,numeric_signed_axes_full_v3,,0.08221159935,,0.0821698829724,,0.0821978703222,,1.00050768452,1.00016702413,4.17163775953e-05,0.050768452,1.37290277784e-05,0.016702413,within_noise,within_noise,1,,,,
net_log26:cal_v1_fp32_nn_wide:rank10,net_log26,Ascend910B3,20,8.1.RC1+toolkit-7.7.0.1.225,cal_v1_fp32_nn_wide,896,1408,1792,fp32,0,0,10,searched,calibration_coupled_counterfactual,BASE,0.21155560813438973,"{""runtime_risk_score"":0.21155560813438973}",20:128:256:1792:128:256:32:16:8:1:1:0:8:4:2:2:1:1:2:7:4:0:0,,1,1,numeric_signed_axes_full_v3,,0.0822204017639,,0.0821874798092,,0.0822154731526,,1.00040057141,1.00005994749,3.29219546715e-05,0.040057141,4.92861125467e-06,0.005994749,within_noise,within_noise,1,,,,
net_log26:cal_v1_fp32_nn_wide:rank11,net_log26,Ascend910B3,20,8.1.RC1+toolkit-7.7.0.1.225,cal_v1_fp32_nn_wide,896,1408,1792,fp32,0,0,11,searched,calibration_coupled_counterfactual,BASE,0.2557790082269269,"{""runtime_risk_score"":0.2557790082269269}",16:224:352:1792:128:256:32:16:8:1:1:0:8:4:2:2:1:1:1:4:4:0:0,,1,1,numeric_signed_axes_full_v3,,0.082540397644,,0.0828284602117,,0.0828566718754,,0.996522178887,0.99618287551,-0.000288062567681,-0.3477821113,-0.000316274231375,-0.381712449,within_noise,within_noise,1,,,,
net_log26:cal_v1_fp32_nn_wide:rank12,net_log26,Ascend910B3,20,8.1.RC1+toolkit-7.7.0.1.225,cal_v1_fp32_nn_wide,896,1408,1792,fp32,0,0,12,searched,calibration_coupled_counterfactual,BASE,0.20477130433140386,"{""runtime_risk_score"":0.20477130433140386}",16:224:352:1792:128:256:32:16:8:1:1:0:8:4:2:2:1:2:1:2:4:0:0,,1,1,numeric_signed_axes_full_v3,,0.0828320026398,,0.0834147393816,,0.0834431507341,,0.993013983546,0.992675874665,-0.000582736741826,-0.6986016454,-0.000611148094324,-0.7324125335,within_noise,within_noise,1,,,,
net_log26:cal_v1_fp32_nn_wide:rank13,net_log26,Ascend910B3,20,8.1.RC1+toolkit-7.7.0.1.225,cal_v1_fp32_nn_wide,896,1408,1792,fp32,0,0,13,searched,calibration_coupled_counterfactual,BASE,0.20850313763758332,"{""runtime_risk_score"":0.20850313763758332}",20:448:144:1792:256:128:32:8:16:1:1:0:4:8:2:2:1:1:2:2:6:0:0,,1,1,numeric_signed_axes_full_v3,,0.0821868038177,,0.0821316485457,,0.0821482950169,,1.00067154712,1.00046877176,5.51552720417e-05,0.067154712,3.85088008361e-05,0.046877176,within_noise,within_noise,1,,,,
net_log26:cal_v1_fp32_nn_wide:rank14,net_log26,Ascend910B3,20,8.1.RC1+toolkit-7.7.0.1.225,cal_v1_fp32_nn_wide,896,1408,1792,fp32,0,0,14,searched,calibration_template_probe,DETERMINISTIC_SPLIT_K,0.1780616380957387,"{""runtime_risk_score"":0.1780616380957387}",1:896:384:192:128:128:64:6:9:1:3:0:3:3:2:2:2:1:1:1:4:1:3,,1,1,numeric_signed_axes_full_v3,,0.0831727981567,,0.0841141348556,,0.0841311831377,,0.988808816729,0.988608445225,-0.00094133669885,-1.1191183271,-0.000958384980999,-1.1391554775,regressed,regressed,1,,,,
net_log26:cal_v1_fp32_nn_wide:rank15,net_log26,Ascend910B3,20,8.1.RC1+toolkit-7.7.0.1.225,cal_v1_fp32_nn_wide,896,1408,1792,fp32,0,0,15,searched,calibration_template_probe,DETERMINISTIC_SPLIT_K,0.15108804287841682,"{""runtime_risk_score"":0.15108804287841682}",10:384:1408:192:128:128:64:9:6:3:1:1:3:3:2:2:2:1:1:3:1:0:3,,1,1,numeric_signed_axes_full_v3,,0.0822015953064,,0.0821612143299,,0.0821778667933,,1.00049148466,1.00028874579,4.03809764901e-05,0.049148466,2.37285130678e-05,0.028874579,within_noise,within_noise,1,,,,
net_log26:cal_v1_fp32_nn_wide:rank16,net_log26,Ascend910B3,20,8.1.RC1+toolkit-7.7.0.1.225,cal_v1_fp32_nn_wide,896,1408,1792,fp32,0,0,16,searched,calibration_template_probe,SINGLE_CORE_SPLIT_K,0.25919614973824534,"{""runtime_risk_score"":0.25919614973824534}",3:384:1408:192:128:128:64:9:6:3:1:1:3:3:2:2:2:2:1:2:1:0:2,,1,1,numeric_signed_axes_full_v3,,0.0821988010406,,0.082155628639,,0.0821722799701,,1.00052549536,1.0003227496,4.31724016477e-05,0.052549536,2.65210704914e-05,0.03227496,within_noise,within_noise,1,,,,
net_log26:cal_v1_fp32_nt_third:rank1,net_log26,Ascend910B3,20,8.1.RC1+toolkit-7.7.0.1.225,cal_v1_fp32_nt_third,192,832,3584,fp32,0,1,1,searched,calibration_local_counterfactual,BASE,0.18887230204056815,"{""runtime_risk_score"":0.18887230204056815}",20:128:96:3584:128:96:64:8:8:1:1:0:4:4:2:2:1:2:2:1:8:0:0,,1,1,numeric_signed_axes_full_v3,,0.0325880002975,,0.0321895977213,,0.0321987075545,,1.01237674915,1.01209032202,0.000398402576236,1.237674915,0.000389292742962,1.209032202,improved,improved,1,,,,
net_log26:cal_v1_fp32_nt_third:rank2,net_log26,Ascend910B3,20,8.1.RC1+toolkit-7.7.0.1.225,cal_v1_fp32_nt_third,192,832,3584,fp32,0,1,2,searched,calibration_local_counterfactual,BASE,0.19140208516710924,"{""runtime_risk_score"":0.19140208516710924}",20:128:96:3584:128:96:64:8:8:1:1:0:4:4:2:2:1:1:9:2:1:0:0,,1,1,numeric_signed_axes_full_v3,,0.03267359972,,0.0323589256818,,0.0323680834359,,1.00972448966,1.00943881292,0.000314674038201,0.972448966,0.00030551628413,0.943881292,within_noise,within_noise,1,,,,
net_log26:cal_v1_fp32_nt_third:rank3,net_log26,Ascend910B3,20,8.1.RC1+toolkit-7.7.0.1.225,cal_v1_fp32_nt_third,192,832,3584,fp32,0,1,3,searched,calibration_local_counterfactual,BASE,0.17918741399163501,"{""runtime_risk_score"":0.17918741399163501}",20:128:96:3584:128:96:64:8:8:1:1:0:4:4:2:2:1:1:2:2:6:0:0,,1,1,numeric_signed_axes_full_v3,,0.032307600975,,0.0316380382501,,0.0316469919888,,1.02116321877,1.02087430573,0.00066956272494,2.116321877,0.000660608986209,2.087430573,improved,improved,1,,,,
net_log26:cal_v1_fp32_nt_third:rank4,net_log26,Ascend910B3,20,8.1.RC1+toolkit-7.7.0.1.225,cal_v1_fp32_nt_third,192,832,3584,fp32,0,1,4,searched,calibration_local_counterfactual,BASE,0.2050671285431432,"{""runtime_risk_score"":0.2050671285431432}",20:128:96:3584:128:96:64:8:8:1:1:0:4:4:2:2:1:2:1:1:9:0:0,,1,1,numeric_signed_axes_full_v3,,0.0326711988449,,0.0323541703513,,0.0323633267595,,1.00979869025,1.00951299252,0.000317028493568,0.979869025,0.000307872085386,0.951299252,within_noise,within_noise,1,,,,
net_log26:cal_v1_fp32_nt_third:rank5,net_log26,Ascend910B3,20,8.1.RC1+toolkit-7.7.0.1.225,cal_v1_fp32_nt_third,192,832,3584,fp32,0,1,5,searched,calibration_local_counterfactual,BASE,0.1766747566891913,"{""runtime_risk_score"":0.1766747566891913}",20:128:96:3584:128:96:64:8:8:1:1:0:4:4:2:2:1:1:5:2:2:0:0,,1,1,numeric_signed_axes_full_v3,,0.0323223996162,,0.0320556853936,,0.0322974850207,,1.00832034066,1.00077140977,0.000266714222565,0.832034066,2.49145954914e-05,0.077140977,within_noise,within_noise,1,,,,
net_log26:cal_v1_fp32_nt_third:rank6,net_log26,Ascend910B3,20,8.1.RC1+toolkit-7.7.0.1.225,cal_v1_fp32_nt_third,192,832,3584,fp32,0,1,6,searched,calibration_local_counterfactual,BASE,0.1904439758940335,"{""runtime_risk_score"":0.1904439758940335}",20:128:96:3584:128:96:64:8:8:1:1:0:4:4:2:2:1:1:2:2:8:0:0,,1,1,numeric_signed_axes_full_v3,,0.0323463988304,,0.0321033054266,,0.0323454642567,,1.0075722235,1.0000288935,0.000243093403779,0.75722235,9.345736715e-07,0.00288934999999,within_noise,within_noise,1,,,,
net_log26:cal_v1_fp32_nt_third:rank7,net_log26,Ascend910B3,20,8.1.RC1+toolkit-7.7.0.1.225,cal_v1_fp32_nt_third,192,832,3584,fp32,0,1,7,searched,calibration_coupled_counterfactual,BASE,0.22320640967651825,"{""runtime_risk_score"":0.22320640967651825}",8:128:256:3584:128:256:32:16:8:1:1:0:8:4:2:2:1:2:2:1:3:0:0,,1,1,numeric_signed_axes_full_v3,,0.0332179999352,,0.0338567164457,,0.0341121014516,,0.981134717788,0.973789315862,-0.00063871651052,-1.8865282212,-0.000894101516432,-2.6210684138,regressed,regressed,1,,,,
net_log26:cal_v1_fp32_nt_third:rank8,net_log26,Ascend910B3,20,8.1.RC1+toolkit-7.7.0.1.225,cal_v1_fp32_nt_third,192,832,3584,fp32,0,1,8,searched,calibration_coupled_counterfactual,BASE,0.302243923129735,"{""runtime_risk_score"":0.302243923129735}",6:64:416:3584:64:256:32:32:8:1:1:0:16:4:2:2:2:1:2:3:1:0:0,,1,1,numeric_signed_axes_full_v3,,0.0331584000587,,0.0337353337075,,0.0339898031098,,0.982898237979,0.975539633213,-0.000576933648764,-1.7101762021,-0.000831403051083,-2.4460366787,regressed,regressed,1,,,,
net_log26:cal_v1_fp32_nt_third:rank9,net_log26,Ascend910B3,20,8.1.RC1+toolkit-7.7.0.1.225,cal_v1_fp32_nt_third,192,832,3584,fp32,0,1,9,searched,calibration_coupled_counterfactual,BASE,0.28918962738725906,"{""runtime_risk_score"":0.28918962738725906}",2:128:832:3584:128:256:32:16:8:1:1:0:8:4:2:2:1:1:1:2:1:0:0,,1,1,numeric_signed_axes_full_v3,,0.0323067998886,,0.0320247508534,,0.0323109345959,,1.00880722028,0.999872033807,0.000282049035178,0.880722028,-4.13470729251e-06,-0.0127966193,within_noise,within_noise,1,,,,
net_log26:cal_v1_fp32_nt_third:rank10,net_log26,Ascend910B3,20,8.1.RC1+toolkit-7.7.0.1.225,cal_v1_fp32_nt_third,192,832,3584,fp32,0,1,10,searched,calibration_coupled_counterfactual,BASE,0.26199115690550234,"{""runtime_risk_score"":0.26199115690550234}",7:256:128:3584:256:128:32:8:16:1:1:0:4:8:2:2:1:1:7:1:1:0:0,,1,1,numeric_signed_axes_full_v3,,0.0322884011269,,0.0319882849712,,0.0322741428424,,1.00938206459,1.00044178662,0.000300116155723,0.938206459,1.42582844797e-05,0.044178662,within_noise,within_noise,1,,,,
net_log26:cal_v1_fp32_nt_third:rank11,net_log26,Ascend910B3,20,8.1.RC1+toolkit-7.7.0.1.225,cal_v1_fp32_nt_third,192,832,3584,fp32,0,1,11,searched,calibration_coupled_counterfactual,BASE,0.30443040961466883,"{""runtime_risk_score"":0.30443040961466883}",12:64:256:3584:64:256:32:32:8:1:1:0:16:4:2:2:2:1:1:3:4:0:0,,1,1,numeric_signed_axes_full_v3,,0.0329372000694,,0.0332867375716,,0.0335841988441,,0.989499196144,0.980735024299,-0.000349537502246,-1.0500803856,-0.000646998774669,-1.9264975701,regressed,regressed,1,,,,
net_log26:cal_v1_fp32_nt_third:rank12,net_log26,Ascend910B3,20,8.1.RC1+toolkit-7.7.0.1.225,cal_v1_fp32_nt_third,192,832,3584,fp32,0,1,12,searched,calibration_coupled_counterfactual,BASE,0.2665126668550551,"{""runtime_risk_score"":0.2665126668550551}",14:128:128:3584:128:128:32:16:16:1:1:0:8:8:2:2:2:2:1:1:7:0:0,,1,1,numeric_signed_axes_full_v3,,0.0331823992729,,0.0337841849482,,0.0340860915745,,0.982187355527,0.973487945966,-0.000601785675292,-1.7812644473,-0.000903692301632,-2.6512054034,regressed,regressed,1,,,,
net_log26:cal_v1_fp32_nt_third:rank13,net_log26,Ascend910B3,20,8.1.RC1+toolkit-7.7.0.1.225,cal_v1_fp32_nt_third,192,832,3584,fp32,0,1,13,searched,calibration_coupled_counterfactual,BASE,0.24067780146940926,"{""runtime_risk_score"":0.24067780146940926}",7:256:128:3584:256:128:32:8:16:1:1:0:4:8:2:2:1:1:2:1:4:0:0,,1,1,numeric_signed_axes_full_v3,,0.0332324004173,,0.033890236426,,0.0341888947307,,0.980589217484,0.972023245531,-0.000657836008681,-1.9410782516,-0.000956494313449,-2.7976754469,regressed,regressed,1,,,,
net_log26:cal_v1_fp32_nt_third:rank14,net_log26,Ascend910B3,20,8.1.RC1+toolkit-7.7.0.1.225,cal_v1_fp32_nt_third,192,832,3584,fp32,0,1,14,searched,calibration_template_probe,DETERMINISTIC_SPLIT_K,0.2091434127535368,"{""runtime_risk_score"":0.2091434127535368}",16:384:832:192:128:128:64:9:6:3:1:1:3:3:2:2:2:1:1:1:1:0:3,,1,1,numeric_signed_axes_full_v3,,0.0332128000259,,0.033850271452,,0.0341485775648,,0.981167908002,0.972596880878,-0.000637471426142,-1.8832091998,-0.000935777538854,-2.7403119122,regressed,regressed,1,,,,
net_log26:cal_v1_fp32_nt_third:rank15,net_log26,Ascend910B3,20,8.1.RC1+toolkit-7.7.0.1.225,cal_v1_fp32_nt_third,192,832,3584,fp32,0,1,15,searched,calibration_template_probe,DETERMINISTIC_SPLIT_K,0.30789793077299654,"{""runtime_risk_score"":0.30789793077299654}",1:192:384:192:128:128:64:6:9:1:3:0:3:3:2:2:2:1:1:1:3:1:3,,1,1,numeric_signed_axes_full_v3,,0.032905600071,,0.033226974995,,0.0335197882967,,0.990327890997,0.981676846516,-0.000321374923992,-0.9672109003,-0.000614188225712,-1.8323153484,within_noise,regressed,1,,,,
net_log26:cal_v1_fp32_nt_third:rank16,net_log26,Ascend910B3,20,8.1.RC1+toolkit-7.7.0.1.225,cal_v1_fp32_nt_third,192,832,3584,fp32,0,1,16,searched,calibration_template_probe,SINGLE_CORE_SPLIT_K,0.4067119937372795,"{""runtime_risk_score"":0.4067119937372795}",7:384:128:192:128:128:64:9:6:3:1:1:3:3:2:2:2:1:2:1:6:0:2,,1,1,numeric_signed_axes_full_v3,,0.0323128008842,,0.0320405810538,,0.032322939238,,1.00849609531,0.999686341836,0.000272219830421,0.849609531,-1.01383537765e-05,-0.0313658164,within_noise,within_noise,1,,,,
net_log26:cal_v1_fp32_tn_tall:rank1,net_log26,Ascend910B3,20,8.1.RC1+toolkit-7.7.0.1.225,cal_v1_fp32_tn_tall,896,1280,1664,fp32,1,0,1,searched,calibration_local_counterfactual,BASE,0.20518756470910582,"{""runtime_risk_score"":0.20518756470910582}",20:128:256:1664:128:256:32:16:8:1:1:0:8:4:2:2:1:2:2:6:4:0:0,,1,1,numeric_signed_axes_full_v3,,0.0677511978149,,0.0673020628563,,0.067393628098,,1.00667342039,1.00530569027,0.000449134958555,0.667342039,0.00035756971686,0.530569027,within_noise,within_noise,1,,,,
net_log26:cal_v1_fp32_tn_tall:rank2,net_log26,Ascend910B3,20,8.1.RC1+toolkit-7.7.0.1.225,cal_v1_fp32_tn_tall,896,1280,1664,fp32,1,0,2,searched,calibration_local_counterfactual,BASE,0.24587844304546191,"{""runtime_risk_score"":0.24587844304546191}",20:128:256:1664:128:256:32:16:8:1:1:0:8:4:2:2:1:1:5:7:1:0:0,,1,1,numeric_signed_axes_full_v3,,0.0677967977524,,0.0673926886384,,0.0674843771776,,1.00599633465,1.00462952446,0.000404109114039,0.599633465,0.000312420574812,0.462952446,within_noise,within_noise,1,,,,
net_log26:cal_v1_fp32_tn_tall:rank3,net_log26,Ascend910B3,20,8.1.RC1+toolkit-7.7.0.1.225,cal_v1_fp32_tn_tall,896,1280,1664,fp32,1,0,3,searched,calibration_local_counterfactual,BASE,0.21728615001337412,"{""runtime_risk_score"":0.21728615001337412}",20:128:256:1664:128:256:32:16:8:1:1:0:8:4:2:2:1:4:1:2:5:0:0,,1,1,numeric_signed_axes_full_v3,,0.0683915996552,,0.068580388973,,0.0686736933928,,0.997247182166,0.995892259122,-0.000188789317828,-0.2752817834,-0.000282093737593,-0.4107740878,within_noise,within_noise,1,,,,
net_log26:cal_v1_fp32_tn_tall:rank4,net_log26,Ascend910B3,20,8.1.RC1+toolkit-7.7.0.1.225,cal_v1_fp32_tn_tall,896,1280,1664,fp32,1,0,4,searched,calibration_local_counterfactual,BASE,0.2657607653787012,"{""runtime_risk_score"":0.2657607653787012}",20:128:256:1664:128:256:32:16:8:1:1:0:8:4:2:2:1:1:1:7:5:1:0,,1,1,numeric_signed_axes_full_v3,,0.0683951997757,,0.0685876092797,,0.0686809235228,,0.997194690032,0.995839838307,-0.000192409503994,-0.2805309968,-0.000285723747079,-0.4160161693,within_noise,within_noise,1,,,,
net_log26:cal_v1_fp32_tn_tall:rank5,net_log26,Ascend910B3,20,8.1.RC1+toolkit-7.7.0.1.225,cal_v1_fp32_tn_tall,896,1280,1664,fp32,1,0,5,searched,calibration_local_counterfactual,BASE,0.25399793057900577,"{""runtime_risk_score"":0.25399793057900577}",20:128:256:1664:128:256:32:16:8:1:1:1:8:4:2:2:1:1:1:7:5:0:0,,1,1,numeric_signed_axes_full_v3,,0.067823600769,,0.0676112012816,,0.0675377467319,,1.00314148371,1.00423250776,0.00021239948744,0.314148371,0.000285854037136,0.423250776,within_noise,within_noise,1,,,,
net_log26:cal_v1_fp32_tn_tall:rank6,net_log26,Ascend910B3,20,8.1.RC1+toolkit-7.7.0.1.225,cal_v1_fp32_tn_tall,896,1280,1664,fp32,1,0,6,searched,calibration_local_counterfactual,BASE,0.23682675990638005,"{""runtime_risk_score"":0.23682675990638005}",20:128:256:1664:128:256:32:16:8:1:1:0:8:4:2:2:1:2:2:4:3:0:0,,1,1,numeric_signed_axes_full_v3,,0.0686859989166,,0.0693415274456,,0.0692661930249,,0.99054637887,0.991623704393,-0.000655528529047,-0.945362113,-0.000580194108348,-0.8376295607,within_noise,within_noise,1,,,,
net_log26:cal_v1_fp32_tn_tall:rank7,net_log26,Ascend910B3,20,8.1.RC1+toolkit-7.7.0.1.225,cal_v1_fp32_tn_tall,896,1280,1664,fp32,1,0,7,searched,calibration_coupled_counterfactual,BASE,0.21594808467126275,"{""runtime_risk_score"":0.21594808467126275}",20:448:128:1664:256:128:32:8:16:1:1:0:4:8:2:2:1:1:2:2:9:0:0,,1,1,numeric_signed_axes_full_v3,,0.068709602356,,0.0693891930481,,0.0693138068423,,0.990206101811,0.991283057246,-0.00067959069213,-0.9793898189,-0.000604204486306,-0.8716942754,within_noise,within_noise,1,,,,
net_log26:cal_v1_fp32_tn_tall:rank8,net_log26,Ascend910B3,20,8.1.RC1+toolkit-7.7.0.1.225,cal_v1_fp32_tn_tall,896,1280,1664,fp32,1,0,8,searched,calibration_coupled_counterfactual,BASE,0.22807781851098904,"{""runtime_risk_score"":0.22807781851098904}",20:224:256:1664:128:128:32:16:16:1:1:0:8:8:2:2:2:2:2:2:3:0:0,,1,1,numeric_signed_axes_full_v3,,0.0687024021149,,0.0693746508961,,0.0692992804892,,0.990309878716,0.99138694702,-0.000672248781219,-0.9690121284,-0.00059687837433,-0.861305298,within_noise,within_noise,1,,,,
net_log26:cal_v1_fp32_tn_tall:rank9,net_log26,Ascend910B3,20,8.1.RC1+toolkit-7.7.0.1.225,cal_v1_fp32_tn_tall,896,1280,1664,fp32,1,0,9,searched,calibration_coupled_counterfactual,BASE,0.24890776208607535,"{""runtime_risk_score"":0.24890776208607535}",16:224:320:1664:128:256:32:16:8:1:1:0:8:4:2:2:1:4:1:1:4:0:0,,1,1,numeric_signed_axes_full_v3,,0.0687323999405,,0.0697057241164,,0.0690152939913,,0.986036667888,0.995900994773,-0.000973324175945,-1.3963332112,-0.000282894050813,-0.4099005227,regressed,within_noise,1,,,,
net_log26:cal_v1_fp32_tn_tall:rank10,net_log26,Ascend910B3,20,8.1.RC1+toolkit-7.7.0.1.225,cal_v1_fp32_tn_tall,896,1280,1664,fp32,1,0,10,searched,calibration_coupled_counterfactual,BASE,0.2205358602374676,"{""runtime_risk_score"":0.2205358602374676}",20:448:128:1664:256:128:32:8:16:1:1:0:4:8:2:2:1:1:2:2:6:0:0,,1,1,numeric_signed_axes_full_v3,,0.0686840009689,,0.0696075899745,,0.0689181318609,,0.986731489972,0.996602767869,-0.000923589005602,-1.3268510028,-0.000234130891966,-0.3397232131,regressed,within_noise,1,,,,
net_log26:cal_v1_fp32_tn_tall:rank11,net_log26,Ascend910B3,20,8.1.RC1+toolkit-7.7.0.1.225,cal_v1_fp32_tn_tall,896,1280,1664,fp32,1,0,11,searched,calibration_coupled_counterfactual,BASE,0.2367186407582063,"{""runtime_risk_score"":0.2367186407582063}",14:128:640:1664:128:256:32:16:8:1:1:0:8:4:2:2:1:2:1:4:2:0:0,,1,1,numeric_signed_axes_full_v3,,0.0684083986282,,0.0690500940383,,0.0683661578811,,0.990706813379,1.00061786048,-0.000641695410095,-0.9293186621,4.22407471242e-05,0.061786048,within_noise,within_noise,1,,,,
net_log26:cal_v1_fp32_tn_tall:rank12,net_log26,Ascend910B3,20,8.1.RC1+toolkit-7.7.0.1.225,cal_v1_fp32_tn_tall,896,1280,1664,fp32,1,0,12,searched,calibration_coupled_counterfactual,BASE,0.24377530698588376,"{""runtime_risk_score"":0.24377530698588376}",20:224:256:1664:128:256:32:16:8:1:1:0:8:4:2:2:1:2:1:2:5:0:0,,1,1,numeric_signed_axes_full_v3,,0.0680399990082,,0.068308385908,,0.0676317963161,,0.996070952399,1.00603566243,-0.00026838689978,-0.3929047601,0.000408202692098,0.603566243,within_noise,within_noise,1,,,,
net_log26:cal_v1_fp32_tn_tall:rank13,net_log26,Ascend910B3,20,8.1.RC1+toolkit-7.7.0.1.225,cal_v1_fp32_tn_tall,896,1280,1664,fp32,1,0,13,searched,calibration_coupled_counterfactual,BASE,0.2207655324507811,"{""runtime_risk_score"":0.2207655324507811}",20:128:256:1664:128:256:32:16:8:1:1:0:8:4:2:2:1:2:1:5:5:0:0,,1,1,numeric_signed_axes_full_v3,,0.0680287981033,,0.0682858975845,,0.0676095307377,,0.996234954943,1.00620130566,-0.000257099481163,-0.3765045057,0.000419267365633,0.620130566,within_noise,within_noise,1,,,,
net_log26:cal_v1_fp32_tn_tall:rank14,net_log26,Ascend910B3,20,8.1.RC1+toolkit-7.7.0.1.225,cal_v1_fp32_tn_tall,896,1280,1664,fp32,1,0,14,searched,calibration_template_probe,DETERMINISTIC_SPLIT_K,0.15361839760066098,"{""runtime_risk_score"":0.15361839760066098}",1:896:384:192:128:128:64:6:9:1:3:0:3:3:2:2:2:1:1:1:4:1:3,,1,1,numeric_signed_axes_full_v3,,0.0677916002274,,0.067810539131,,0.0671388806755,,0.999720708553,1.0097219308,-1.89389035957e-05,-0.0279291447,0.000652719551917,0.97219308,within_noise,within_noise,1,,,,
net_log26:cal_v1_fp32_tn_tall:rank15,net_log26,Ascend910B3,20,8.1.RC1+toolkit-7.7.0.1.225,cal_v1_fp32_tn_tall,896,1280,1664,fp32,1,0,15,searched,calibration_template_probe,DETERMINISTIC_SPLIT_K,0.1150188024132069,"{""runtime_risk_score"":0.1150188024132069}",9:384:1280:192:128:128:64:9:6:3:1:1:3:3:2:2:2:1:1:3:1:0:3,,1,1,numeric_signed_axes_full_v3,,0.0677756023407,,0.0677785381953,,0.0671071967063,,0.999956684599,1.00996026756,-2.93585456113e-06,-0.00433154010001,0.000668405634396,0.996026756,within_noise,within_noise,1,,,,
net_log26:cal_v1_fp32_tn_tall:rank16,net_log26,Ascend910B3,20,8.1.RC1+toolkit-7.7.0.1.225,cal_v1_fp32_tn_tall,896,1280,1664,fp32,1,0,16,searched,calibration_template_probe,SINGLE_CORE_SPLIT_K,0.226507555251116,"{""runtime_risk_score"":0.226507555251116}",3:384:1280:192:128:128:64:9:6:3:1:1:3:3:2:2:2:2:1:2:1:0:2,,1,1,numeric_signed_axes_full_v3,,0.0678312015533,,0.0678897870497,,0.0672173436492,,0.999137049932,1.00913243325,-5.8585496351e-05,-0.0862950068,0.000613857904118,0.913243325,within_noise,within_noise,1,,,,
net_log26:cal_v1_fp32_tn_wide:rank1,net_log26,Ascend910B3,20,8.1.RC1+toolkit-7.7.0.1.225,cal_v1_fp32_tn_wide,320,1792,2816,fp32,1,0,1,searched,calibration_local_counterfactual,BASE,0.2622420158528167,"{""runtime_risk_score"":0.2622420158528167}",20:128:256:2816:128:256:32:16:8:1:1:0:8:4:2:2:1:3:2:1:6:0:0,,1,1,numeric_signed_axes_full_v3,,0.0593832015991,,0.0594097494501,,0.0597230018704,,0.999553139826,0.994310395314,-2.65478509766e-05,-0.0446860174,-0.000339800271304,-0.5689604686,within_noise,within_noise,1,,,,
net_log26:cal_v1_fp32_tn_wide:rank2,net_log26,Ascend910B3,20,8.1.RC1+toolkit-7.7.0.1.225,cal_v1_fp32_tn_wide,320,1792,2816,fp32,1,0,2,searched,calibration_local_counterfactual,BASE,0.28113760028055945,"{""runtime_risk_score"":0.28113760028055945}",20:128:256:2816:128:256:32:16:8:1:1:0:8:4:2:2:1:3:2:1:4:0:0,,1,1,numeric_signed_axes_full_v3,,0.0599395990372,,0.0605282573699,,0.0608474073965,,0.990274652563,0.985080574536,-0.000588658332678,-0.9725347437,-0.00090780835933,-1.4919425464,within_noise,regressed,1,,,,
net_log26:cal_v1_fp32_tn_wide:rank3,net_log26,Ascend910B3,20,8.1.RC1+toolkit-7.7.0.1.225,cal_v1_fp32_tn_wide,320,1792,2816,fp32,1,0,3,searched,calibration_local_counterfactual,BASE,0.25516672412176283,"{""runtime_risk_score"":0.25516672412176283}",20:128:256:2816:128:256:32:16:8:1:1:0:8:4:2:2:1:1:4:3:2:0:0,,1,1,numeric_signed_axes_full_v3,,0.0599599981308,,0.0605694632409,,0.0608888305356,,0.989937749528,0.984745438587,-0.000609465110084,-1.0062250472,-0.000928832404771,-1.5254561413,regressed,regressed,1,,,,
net_log26:cal_v1_fp32_tn_wide:rank4,net_log26,Ascend910B3,20,8.1.RC1+toolkit-7.7.0.1.225,cal_v1_fp32_tn_wide,320,1792,2816,fp32,1,0,4,searched,calibration_local_counterfactual,BASE,0.31011445379967917,"{""runtime_risk_score"":0.31011445379967917}",20:128:256:2816:128:256:32:16:8:1:1:0:8:4:2:2:1:1:7:3:1:0:0,,1,1,numeric_signed_axes_full_v3,,0.0599368000031,,0.0605226044559,,0.0608417246761,,0.99032089815,0.985126577561,-0.000585804452755,-0.967910185,-0.000904924673025,-1.4873422439,within_noise,regressed,1,,,,
net_log26:cal_v1_fp32_tn_wide:rank5,net_log26,Ascend910B3,20,8.1.RC1+toolkit-7.7.0.1.225,cal_v1_fp32_tn_wide,320,1792,2816,fp32,1,0,5,searched,calibration_local_counterfactual,BASE,0.32699905008959623,"{""runtime_risk_score"":0.32699905008959623}",20:128:256:2816:128:256:32:16:8:1:1:0:8:4:2:2:1:1:1:3:7:1:0,,1,1,numeric_signed_axes_full_v3,,0.059071598053,,0.0584256724545,,0.059097873131,,1.01105550987,0.999555397232,0.000645925598482,1.105550987,-2.62750779769e-05,-0.0444602768,improved,within_noise,1,,,,
net_log26:cal_v1_fp32_tn_wide:rank6,net_log26,Ascend910B3,20,8.1.RC1+toolkit-7.7.0.1.225,cal_v1_fp32_tn_wide,320,1792,2816,fp32,1,0,6,searched,calibration_local_counterfactual,BASE,0.30239824995638787,"{""runtime_risk_score"":0.30239824995638787}",20:128:256:2816:128:256:32:16:8:1:1:1:8:4:2:2:1:1:1:3:7:0:0,,1,1,numeric_signed_axes_full_v3,,0.0599592018127,,0.0601946599582,,0.0608872132388,,0.996088388145,0.98475851699,-0.0002354581455,-0.3911611855,-0.000928011426105,-1.524148301,within_noise,regressed,1,,,,
net_log26:cal_v1_fp32_tn_wide:rank7,net_log26,Ascend910B3,20,8.1.RC1+toolkit-7.7.0.1.225,cal_v1_fp32_tn_wide,320,1792,2816,fp32,1,0,7,searched,calibration_coupled_counterfactual,BASE,0.28148066269980465,"{""runtime_risk_score"":0.28148066269980465}",7:320:256:2816:128:256:32:16:8:1:1:0:8:4:2:2:1:1:2:1:6:0:0,,1,1,numeric_signed_axes_full_v3,,0.0599828004837,,0.0602420519672,,0.0609351505037,,0.995696503106,0.984371089393,-0.000259251483529,-0.4303496894,-0.000952350020047,-1.5628910607,within_noise,regressed,1,,,,
net_log26:cal_v1_fp32_tn_wide:rank8,net_log26,Ascend910B3,20,8.1.RC1+toolkit-7.7.0.1.225,cal_v1_fp32_tn_wide,320,1792,2816,fp32,1,0,8,searched,calibration_coupled_counterfactual,BASE,0.2440868098157732,"{""runtime_risk_score"":0.2440868098157732}",19:320:96:2816:256:64:32:8:32:1:1:0:4:16:2:2:2:1:2:1:14:0:0,,1,1,numeric_signed_axes_full_v3,,0.0593275976181,,0.0589331703661,,0.0596112099217,,1.00669278862,0.995242299159,0.000394427251967,0.669278862,-0.000283612303577,-0.4757700841,within_noise,within_noise,1,,,,
net_log26:cal_v1_fp32_tn_wide:rank9,net_log26,Ascend910B3,20,8.1.RC1+toolkit-7.7.0.1.225,cal_v1_fp32_tn_wide,320,1792,2816,fp32,1,0,9,searched,calibration_coupled_counterfactual,BASE,0.29542440929851216,"{""runtime_risk_score"":0.29542440929851216}",7:320:256:2816:128:256:32:16:8:1:1:0:8:4:2:2:1:1:7:1:1:0:0,,1,1,numeric_signed_axes_full_v3,,0.0590348005295,,0.0589736658285,,0.0589523831866,,1.00103664407,1.00139803242,6.11347009673e-05,0.103664407,8.24173429311e-05,0.139803242,within_noise,within_noise,1,,,,
net_log26:cal_v1_fp32_tn_wide:rank10,net_log26,Ascend910B3,20,8.1.RC1+toolkit-7.7.0.1.225,cal_v1_fp32_tn_wide,320,1792,2816,fp32,1,0,10,searched,calibration_coupled_counterfactual,BASE,0.2580645006088021,"{""runtime_risk_score"":0.2580645006088021}",14:160:256:2816:128:256:32:16:8:1:1:0:8:4:2:2:1:1:1:2:7:0:0,,1,1,numeric_signed_axes_full_v3,,0.0596587991714,,0.0602269595672,,0.0602052246318,,0.990566344376,0.990923952801,-0.000568160395838,-0.9433655624,-0.000546425460384,-0.9076047199,within_noise,within_noise,1,,,,
net_log26:cal_v1_fp32_tn_wide:rank11,net_log26,Ascend910B3,20,8.1.RC1+toolkit-7.7.0.1.225,cal_v1_fp32_tn_wide,320,1792,2816,fp32,1,0,11,searched,calibration_coupled_counterfactual,BASE,0.25521062977537917,"{""runtime_risk_score"":0.25521062977537917}",20:128:256:2816:128:256:32:16:8:1:1:0:8:4:2:2:1:2:2:2:4:0:0,,1,1,numeric_signed_axes_full_v3,,0.0591003990173,,0.0591047997572,,0.0590834697911,,0.999925543443,1.00028653067,-4.40073989209e-06,-0.0074456557,1.69292261852e-05,0.028653067,within_noise,within_noise,1,,,,
net_log26:cal_v1_fp32_tn_wide:rank12,net_log26,Ascend910B3,20,8.1.RC1+toolkit-7.7.0.1.225,cal_v1_fp32_tn_wide,320,1792,2816,fp32,1,0,12,searched,calibration_coupled_counterfactual,BASE,0.2618646782619747,"{""runtime_risk_score"":0.2618646782619747}",12:128:448:2816:128:256:32:16:8:1:1:0:8:4:2:2:1:2:1:2:4:0:0,,1,1,numeric_signed_axes_full_v3,,0.0596888017654,,0.0602875514465,,0.0602657946445,,0.990068435908,0.990425864581,-0.000598749681141,-0.9931564092,-0.00057699287906,-0.9574135419,within_noise,within_noise,1,,,,
net_log26:cal_v1_fp32_tn_wide:rank13,net_log26,Ascend910B3,20,8.1.RC1+toolkit-7.7.0.1.225,cal_v1_fp32_tn_wide,320,1792,2816,fp32,1,0,13,searched,calibration_coupled_counterfactual,BASE,0.26422842637861726,"{""runtime_risk_score"":0.26422842637861726}",7:320:256:2816:128:256:32:16:8:1:1:0:8:4:2:2:1:1:2:1:4:0:0,,1,1,numeric_signed_axes_full_v3,,0.0600252008438,,0.060969013493,,0.0603097424637,,0.984519797924,0.995281995773,-0.000943812649247,-1.5480202076,-0.000284541619873,-0.4718004227,within_noise,within_noise,1,,,,
net_log26:cal_v1_fp32_tn_wide:rank14,net_log26,Ascend910B3,20,8.1.RC1+toolkit-7.7.0.1.225,cal_v1_fp32_tn_wide,320,1792,2816,fp32,1,0,14,searched,calibration_template_probe,DETERMINISTIC_SPLIT_K,0.207102771026161,"{""runtime_risk_score"":0.207102771026161}",1:320:384:192:128:128:64:6:9:1:3:0:3:3:2:2:2:1:1:1:5:1:3,,1,1,numeric_signed_axes_full_v3,,0.0599355983734,,0.0607871266612,,0.0601298224132,,0.985991634503,0.996769921613,-0.000851528287782,-1.4008365497,-0.000194224039791,-0.3230078387,within_noise,within_noise,1,,,,
net_log26:cal_v1_fp32_tn_wide:rank15,net_log26,Ascend910B3,20,8.1.RC1+toolkit-7.7.0.1.225,cal_v1_fp32_tn_wide,320,1792,2816,fp32,1,0,15,searched,calibration_template_probe,DETERMINISTIC_SPLIT_K,0.1956478844298875,"{""runtime_risk_score"":0.1956478844298875}",15:384:1792:192:128:128:64:9:6:3:1:1:3:3:2:2:2:1:1:1:1:0:3,,1,1,numeric_signed_axes_full_v3,,0.0597024011612,,0.0603150262039,,0.0596628268797,,0.989842911771,1.0006632988,-0.000612625042687,-1.0157088229,3.95742814739e-05,0.06632988,within_noise,within_noise,1,,,,
net_log26:cal_v1_fp32_tn_wide:rank16,net_log26,Ascend910B3,20,8.1.RC1+toolkit-7.7.0.1.225,cal_v1_fp32_tn_wide,320,1792,2816,fp32,1,0,16,searched,calibration_template_probe,SINGLE_CORE_SPLIT_K,0.3181218795739963,"{""runtime_risk_score"":0.3181218795739963}",1:384:1792:192:128:128:64:9:6:3:1:1:3:3:2:2:2:1:1:1:1:0:2,,1,1,numeric_signed_axes_full_v3,,0.0590556001663,,0.0590152293439,,0.058377085002,,1.00068407465,1.01162297097,4.03708223581e-05,0.068407465,0.000678515164292,1.162297097,within_noise,improved,1,,,,
net_log26:cal_v1_fp32_tt_balanced:rank1,net_log26,Ascend910B3,20,8.1.RC1+toolkit-7.7.0.1.225,cal_v1_fp32_tt_balanced,640,896,1152,fp32,1,1,1,searched,calibration_local_counterfactual,BASE,0.3165905092725072,"{""runtime_risk_score"":0.3165905092725072}",20:256:128:1152:256:128:32:8:16:1:1:0:4:8:2:2:1:3:2:1:6:0:0,,1,1,numeric_signed_axes_full_v3,,0.0306067991257,,0.0315469498141,,0.0315228865822,,0.970198364852,0.970938973051,-0.000940150688392,-2.9801635148,-0.000916087456475,-2.9061026949,regressed,regressed,1,,,,
net_log26:cal_v1_fp32_tt_balanced:rank2,net_log26,Ascend910B3,20,8.1.RC1+toolkit-7.7.0.1.225,cal_v1_fp32_tt_balanced,640,896,1152,fp32,1,1,2,searched,calibration_local_counterfactual,BASE,0.2934745093795015,"{""runtime_risk_score"":0.2934745093795015}",20:256:128:1152:256:128:32:8:16:1:1:0:4:8:2:2:1:3:2:1:4:0:0,,1,1,numeric_signed_axes_full_v3,,0.0296591997147,,0.0296237753251,,0.0296011790431,,1.00119580942,1.00196007975,3.54243895897e-05,0.119580942,5.80206716185e-05,0.196007975,within_noise,within_noise,1,,,,
net_log26:cal_v1_fp32_tt_balanced:rank3,net_log26,Ascend910B3,20,8.1.RC1+toolkit-7.7.0.1.225,cal_v1_fp32_tt_balanced,640,896,1152,fp32,1,1,3,searched,calibration_local_counterfactual,BASE,0.2814462567703277,"{""runtime_risk_score"":0.2814462567703277}",20:256:128:1152:256:128:32:8:16:1:1:0:4:8:2:2:1:1:4:3:2:0:0,,1,1,numeric_signed_axes_full_v3,,0.0297424006462,,0.02979021156,,0.0297674883245,,0.998395079749,0.999157212123,-4.78109138142e-05,-0.1604920251,-2.50876782886e-05,-0.0842787877,within_noise,within_noise,1,,,,
net_log26:cal_v1_fp32_tt_balanced:rank4,net_log26,Ascend910B3,20,8.1.RC1+toolkit-7.7.0.1.225,cal_v1_fp32_tt_balanced,640,896,1152,fp32,1,1,4,searched,calibration_local_counterfactual,BASE,0.2766529074058403,"{""runtime_risk_score"":0.2766529074058403}",20:256:128:1152:256:128:32:8:16:1:1:0:4:8:2:2:1:1:7:3:1:0:0,,1,1,numeric_signed_axes_full_v3,,0.0296907997131,,0.0296869334647,,0.0296642890071,,1.00013023401,1.00089369093,3.86624838971e-06,0.013023401,2.65107060305e-05,0.089369093,within_noise,within_noise,1,,,,
net_log26:cal_v1_fp32_tt_balanced:rank5,net_log26,Ascend910B3,20,8.1.RC1+toolkit-7.7.0.1.225,cal_v1_fp32_tt_balanced,640,896,1152,fp32,1,1,5,searched,calibration_local_counterfactual,BASE,0.31447567583742375,"{""runtime_risk_score"":0.31447567583742375}",20:256:128:1152:256:128:32:8:16:1:1:0:4:8:2:2:1:1:1:3:7:1:0,,1,1,numeric_signed_axes_full_v3,,0.0302744007111,,0.0308654532117,,0.0305262110212,,0.980850678052,0.991751013254,-0.000591052500622,-1.9149321948,-0.00025181031012,-0.8248986746,regressed,within_noise,1,,,,
net_log26:cal_v1_fp32_tt_balanced:rank6,net_log26,Ascend910B3,20,8.1.RC1+toolkit-7.7.0.1.225,cal_v1_fp32_tt_balanced,640,896,1152,fp32,1,1,6,searched,calibration_local_counterfactual,BASE,0.33995084272034887,"{""runtime_risk_score"":0.33995084272034887}",20:256:128:1152:256:128:32:8:16:1:1:1:4:8:2:2:1:1:1:3:7:0:0,,1,1,numeric_signed_axes_full_v3,,0.0306067991257,,0.0315469498141,,0.0312002172946,,0.970198364852,0.980980319359,-0.000940150688392,-2.9801635148,-0.000593418168873,-1.9019680641,regressed,regressed,1,,,,
net_log26:cal_v1_fp32_tt_balanced:rank7,net_log26,Ascend910B3,20,8.1.RC1+toolkit-7.7.0.1.225,cal_v1_fp32_tt_balanced,640,896,1152,fp32,1,1,7,searched,calibration_coupled_counterfactual,BASE,0.34066183406734646,"{""runtime_risk_score"":0.34066183406734646}",7:640:128:1152:256:128:32:8:16:1:1:0:4:8:2:2:1:1:1:1:7:0:0,,1,1,numeric_signed_axes_full_v3,,0.0296395993233,,0.0295846343005,,0.0292594695904,,1.0018578909,1.01299168229,5.49650228466e-05,0.18578909,0.000380129732892,1.299168229,within_noise,improved,1,,,,
net_log26:cal_v1_fp32_tt_balanced:rank8,net_log26,Ascend910B3,20,8.1.RC1+toolkit-7.7.0.1.225,cal_v1_fp32_tt_balanced,640,896,1152,fp32,1,1,8,searched,calibration_coupled_counterfactual,BASE,0.2905966270140879,"{""runtime_risk_score"":0.2905966270140879}",20:128:224:1152:128:128:32:16:16:1:1:0:8:8:2:2:2:3:1:2:4:0:0,,1,1,numeric_signed_axes_full_v3,,0.029969201088,,0.0302462738522,,0.0299138370618,,0.990839441395,1.00185078317,-0.000277072764206,-0.9160558605,5.53640261841e-05,0.185078317,within_noise,within_noise,1,,,,
net_log26:cal_v1_fp32_tt_balanced:rank9,net_log26,Ascend910B3,20,8.1.RC1+toolkit-7.7.0.1.225,cal_v1_fp32_tt_balanced,640,896,1152,fp32,1,1,9,searched,calibration_coupled_counterfactual,BASE,,{},20:64:448:1152:64:256:32:32:8:1:1:0:16:4:2:2:2:1:1:10:2:0:0,,1,1,numeric_signed_axes_full_v3,paired baseline drift; latency excluded,0.0297239995003,,,,,,,,,,,,,,0,,,,
net_log26:cal_v1_fp32_tt_balanced:rank10,net_log26,Ascend910B3,20,8.1.RC1+toolkit-7.7.0.1.225,cal_v1_fp32_tt_balanced,640,896,1152,fp32,1,1,10,searched,calibration_coupled_counterfactual,BASE,,{},16:160:224:1152:128:128:32:16:16:1:1:0:8:8:2:2:2:1:2:4:2:0:0,,1,1,numeric_signed_axes_full_v3,paired baseline drift; latency excluded,0.0296323990822,,,,,,,,,,,,,,0,,,,
net_log26:cal_v1_fp32_tt_balanced:rank11,net_log26,Ascend910B3,20,8.1.RC1+toolkit-7.7.0.1.225,cal_v1_fp32_tt_balanced,640,896,1152,fp32,1,1,11,searched,calibration_coupled_counterfactual,BASE,,{},15:128:304:1152:128:256:32:16:8:1:1:0:8:4:2:2:1:1:1:5:3:0:0,,1,1,numeric_signed_axes_full_v3,paired baseline drift; latency excluded,0.0306211996078,,,,,,,,,,,,,,0,,,,
net_log26:cal_v1_fp32_tt_balanced:rank12,net_log26,Ascend910B3,20,8.1.RC1+toolkit-7.7.0.1.225,cal_v1_fp32_tt_balanced,640,896,1152,fp32,1,1,12,searched,calibration_coupled_counterfactual,BASE,,{},12:256:224:1152:256:128:32:8:16:1:1:0:4:8:2:2:1:1:2:3:2:0:0,,1,1,numeric_signed_axes_full_v3,paired baseline drift; latency excluded,0.0296167993546,,,,,,,,,,,,,,0,,,,
net_log26:cal_v1_fp32_tt_balanced:rank13,net_log26,Ascend910B3,20,8.1.RC1+toolkit-7.7.0.1.225,cal_v1_fp32_tt_balanced,640,896,1152,fp32,1,1,13,searched,calibration_coupled_counterfactual,BASE,0.3013090512151144,"{""runtime_risk_score"":0.3013090512151144}",14:320:128:1152:128:128:32:16:16:1:1:0:8:8:2:2:2:1:1:2:7:0:0,,1,1,numeric_signed_axes_full_v3,,0.029676399231,,0.029557278219,,0.029636850284,,1.00403017528,1.00133445176,0.000119121012022,0.403017528,3.95489470223e-05,0.133445176,within_noise,within_noise,1,,,,
net_log26:cal_v1_fp32_tt_balanced:rank14,net_log26,Ascend910B3,20,8.1.RC1+toolkit-7.7.0.1.225,cal_v1_fp32_tt_balanced,640,896,1152,fp32,1,1,14,searched,calibration_template_probe,DETERMINISTIC_SPLIT_K,0.2796856114372977,"{""runtime_risk_score"":0.2796856114372977}",1:640:384:192:128:128:64:6:9:1:3:0:3:3:2:2:2:1:1:1:3:1:3,,1,1,numeric_signed_axes_full_v3,,0.0296431994438,,0.0294911821646,,0.0295705762904,,1.00515466889,1.00245592621,0.000152017279233,0.515466889,7.26231533565e-05,0.245592621,within_noise,within_noise,1,,,,
net_log26:cal_v1_fp32_tt_balanced:rank15,net_log26,Ascend910B3,20,8.1.RC1+toolkit-7.7.0.1.225,cal_v1_fp32_tt_balanced,640,896,1152,fp32,1,1,15,searched,calibration_template_probe,DETERMINISTIC_SPLIT_K,0.2089446080805089,"{""runtime_risk_score"":0.2089446080805089}",6:384:896:192:128:128:64:9:6:3:1:1:3:3:2:2:2:1:1:2:1:0:3,,1,1,numeric_signed_axes_full_v3,,0.0305636000633,,0.0313509745853,,0.0314353755159,,0.974885166014,0.972267694014,-0.000787374522009,-2.5114833986,-0.000871775452592,-2.7732305986,regressed,regressed,1,,,,
net_log26:cal_v1_fp32_tt_balanced:rank16,net_log26,Ascend910B3,20,8.1.RC1+toolkit-7.7.0.1.225,cal_v1_fp32_tt_balanced,640,896,1152,fp32,1,1,16,searched,calibration_template_probe,SINGLE_CORE_SPLIT_K,0.2955626159325093,"{""runtime_risk_score"":0.2955626159325093}",7:640:128:192:128:128:64:9:6:3:1:1:3:3:2:2:2:1:2:1:6:0:2,,1,1,numeric_signed_axes_full_v3,,0.0306132006645,,0.0314528139618,,0.0315374890574,,0.973305622246,0.970692391167,-0.000839613297323,-2.6694377754,-0.000924288392868,-2.9307608833,regressed,regressed,1,,,,
net_log26:cal_v1_fp32_tt_wide:rank1,net_log26,Ascend910B3,20,8.1.RC1+toolkit-7.7.0.1.225,cal_v1_fp32_tt_wide,256,1344,1920,fp32,1,1,1,searched,calibration_local_counterfactual,BASE,0.34248500051577035,"{""runtime_risk_score"":0.34248500051577035}",20:256:80:1920:256:80:32:8:24:1:1:0:4:12:2:2:1:1:3:1:8:0:0,,1,1,numeric_signed_axes_full_v3,,0.0332128000259,,0.0338274341719,,0.0336225948131,,0.98183030546,0.987811922624,-0.000614634145975,-1.816969454,-0.000409794787164,-1.2188077376,regressed,regressed,1,,,,
net_log26:cal_v1_fp32_tt_wide:rank2,net_log26,Ascend910B3,20,8.1.RC1+toolkit-7.7.0.1.225,cal_v1_fp32_tt_wide,256,1344,1920,fp32,1,1,2,searched,calibration_local_counterfactual,BASE,0.32043521963264876,"{""runtime_risk_score"":0.32043521963264876}",20:256:80:1920:256:80:32:8:24:1:1:0:4:12:2:2:1:1:3:1:6:0:0,,1,1,numeric_signed_axes_full_v3,,0.0334640002251,,0.0343410670389,,0.0341331174168,,0.974460117596,0.980396833272,-0.000877066813801,-2.5539882404,-0.000669117191667,-1.9603166728,regressed,regressed,1,,,,
net_log26:cal_v1_fp32_tt_wide:rank3,net_log26,Ascend910B3,20,8.1.RC1+toolkit-7.7.0.1.225,cal_v1_fp32_tt_wide,256,1344,1920,fp32,1,1,3,searched,calibration_local_counterfactual,BASE,0.3342196446609666,"{""runtime_risk_score"":0.3342196446609666}",20:256:80:1920:256:80:32:8:24:1:1:0:4:12:2:2:1:1:9:1:2:0:0,,1,1,numeric_signed_axes_full_v3,,0.0328588008881,,0.0331101766515,,0.032909680589,,0.992407900265,0.998453959444,-0.000251375763382,-0.7592099735,-5.08797008756e-05,-0.1546040556,within_noise,within_noise,1,,,,
net_log26:cal_v1_fp32_tt_wide:rank4,net_log26,Ascend910B3,20,8.1.RC1+toolkit-7.7.0.1.225,cal_v1_fp32_tt_wide,256,1344,1920,fp32,1,1,4,searched,calibration_local_counterfactual,BASE,0.31293867420222143,"{""runtime_risk_score"":0.31293867420222143}",20:256:80:1920:256:80:32:8:24:1:1:0:4:12:2:2:1:1:2:1:12:0:0,,1,1,numeric_signed_axes_full_v3,,0.0326663994789,,0.0327235652277,,0.0325254102602,,0.998253070886,1.00433474067,-5.71657488102e-05,-0.1746929114,0.000140989218663,0.433474067,within_noise,within_noise,1,,,,
net_log26:cal_v1_fp32_tt_wide:rank5,net_log26,Ascend910B3,20,8.1.RC1+toolkit-7.7.0.1.225,cal_v1_fp32_tt_wide,256,1344,1920,fp32,1,1,5,searched,calibration_local_counterfactual,BASE,0.2958018120786583,"{""runtime_risk_score"":0.2958018120786583}",20:256:80:1920:256:80:32:8:24:1:1:0:4:12:2:2:1:1:2:1:10:0:0,,1,1,numeric_signed_axes_full_v3,,0.0332796001434,,0.0337401539766,,0.033752493333,,0.986349978322,0.985989384993,-0.0004605538332,-1.3650021678,-0.000472893189615,-1.4010615007,regressed,regressed,1,,,,
net_log26:cal_v1_fp32_tt_wide:rank6,net_log26,Ascend910B3,20,8.1.RC1+toolkit-7.7.0.1.225,cal_v1_fp32_tt_wide,256,1344,1920,fp32,1,1,6,searched,calibration_local_counterfactual,BASE,0.3770049876704728,"{""runtime_risk_score"":0.3770049876704728}",20:256:80:1920:256:80:32:8:24:1:1:0:4:12:2:2:1:1:1:1:17:1:0,,1,1,numeric_signed_axes_full_v3,,0.0325631999969,,0.0323031604254,,0.0323149742485,,1.00804997307,1.00768144658,0.0002600395715,0.804997307,0.000248225748424,0.768144658,within_noise,within_noise,1,,,,
net_log26:cal_v1_fp32_tt_wide:rank7,net_log26,Ascend910B3,20,8.1.RC1+toolkit-7.7.0.1.225,cal_v1_fp32_tt_wide,256,1344,1920,fp32,1,1,7,searched,calibration_coupled_counterfactual,BASE,0.3248856636554643,"{""runtime_risk_score"":0.3248856636554643}",14:128:192:1920:128:128:32:16:16:1:1:0:8:8:2:2:2:1:4:2:2:0:0,,1,1,numeric_signed_axes_full_v3,,0.0335495996475,,0.0342898468272,,0.0343023872158,,0.978412059306,0.97805436795,-0.000740247179712,-2.1587940694,-0.000752787568274,-2.194563205,regressed,regressed,1,,,,
net_log26:cal_v1_fp32_tt_wide:rank8,net_log26,Ascend910B3,20,8.1.RC1+toolkit-7.7.0.1.225,cal_v1_fp32_tt_wide,256,1344,1920,fp32,1,1,8,searched,calibration_coupled_counterfactual,BASE,0.3566374420801542,"{""runtime_risk_score"":0.3566374420801542}",12:128:256:1920:128:256:32:16:8:1:1:0:8:4:2:2:1:2:2:1:3:0:0,,1,1,numeric_signed_axes_full_v3,,0.0326020002365,,0.0323801870741,,0.0323920290672,,1.00685027427,1.00648218637,0.000221813162372,0.685027427,0.000209971169316,0.648218637,within_noise,within_noise,1,,,,
net_log26:cal_v1_fp32_tt_wide:rank9,net_log26,Ascend910B3,20,8.1.RC1+toolkit-7.7.0.1.225,cal_v1_fp32_tt_wide,256,1344,1920,fp32,1,1,9,searched,calibration_coupled_counterfactual,BASE,0.3553205270703745,"{""runtime_risk_score"":0.3553205270703745}",12:128:256:1920:128:256:32:16:8:1:1:0:8:4:2:2:1:1:2:2:5:0:0,,1,1,numeric_signed_axes_full_v3,,0.0325300002098,,0.0324475424852,,0.0322491144218,,1.00254126255,1.00870987601,8.24577245573e-05,0.254126255,0.000280885788046,0.870987601,within_noise,within_noise,1,,,,
net_log26:cal_v1_fp32_tt_wide:rank10,net_log26,Ascend910B3,20,8.1.RC1+toolkit-7.7.0.1.225,cal_v1_fp32_tt_wide,256,1344,1920,fp32,1,1,10,searched,calibration_coupled_counterfactual,BASE,0.33629075710149064,"{""runtime_risk_score"":0.33629075710149064}",16:64:336:1920:64:256:32:32:8:1:1:0:16:4:2:2:2:2:1:2:4:0:0,,1,1,numeric_signed_axes_full_v3,,0.0331760001183,,0.0337490634425,,0.0335426761235,,0.983019874753,0.989068373559,-0.000573063324223,-1.6980125247,-0.000366676005214,-1.0931626441,regressed,regressed,1,,,,
net_log26:cal_v1_fp32_tt_wide:rank11,net_log26,Ascend910B3,20,8.1.RC1+toolkit-7.7.0.1.225,cal_v1_fp32_tt_wide,256,1344,1920,fp32,1,1,11,searched,calibration_coupled_counterfactual,BASE,0.3569906301699893,"{""runtime_risk_score"":0.3569906301699893}",7:256:192:1920:256:128:32:8:16:1:1:0:4:8:2:2:1:1:4:1:2:0:0,,1,1,numeric_signed_axes_full_v3,,0.0326887989044,,0.0327651080499,,0.032564737962,,0.997671024147,1.00380967114,-7.63091454691e-05,-0.2328975853,0.000124060942396,0.380967114,within_noise,within_noise,1,,,,
net_log26:cal_v1_fp32_tt_wide:rank12,net_log26,Ascend910B3,20,8.1.RC1+toolkit-7.7.0.1.225,cal_v1_fp32_tt_wide,256,1344,1920,fp32,1,1,12,searched,calibration_coupled_counterfactual,BASE,0.35812021492072027,"{""runtime_risk_score"":0.35812021492072027}",12:128:224:1920:128:128:32:16:16:1:1:0:8:8:2:2:2:1:1:2:6:0:0,,1,1,numeric_signed_axes_full_v3,,0.0334543991089,,0.034317855796,,0.0341079901129,,0.97483943367,0.980837598409,-0.000863456687058,-2.516056633,-0.000653591004005,-1.9162401591,regressed,regressed,1,,,,
net_log26:cal_v1_fp32_tt_wide:rank13,net_log26,Ascend910B3,20,8.1.RC1+toolkit-7.7.0.1.225,cal_v1_fp32_tt_wide,256,1344,1920,fp32,1,1,13,searched,calibration_coupled_counterfactual,BASE,0.3510147873531088,"{""runtime_risk_score"":0.3510147873531088}",11:256:128:1920:256:128:32:8:16:1:1:0:4:8:2:2:1:1:2:1:7:0:0,,1,1,numeric_signed_axes_full_v3,,0.0326503992081,,0.0326881745894,,0.0326408017088,,0.998844371649,1.00029403381,-3.77753812979e-05,-0.1155628351,9.5974992879e-06,0.029403381,within_noise,within_noise,1,,,,
net_log26:cal_v1_fp32_tt_wide:rank14,net_log26,Ascend910B3,20,8.1.RC1+toolkit-7.7.0.1.225,cal_v1_fp32_tt_wide,256,1344,1920,fp32,1,1,14,searched,calibration_template_probe,DETERMINISTIC_SPLIT_K,0.27922813477085306,"{""runtime_risk_score"":0.27922813477085306}",10:384:1344:192:128:128:64:9:6:3:1:1:3:3:2:2:2:1:1:1:1:0:3,,1,1,numeric_signed_axes_full_v3,,0.0325735998154,,0.0325345789499,,0.0324874286655,,1.00119936593,1.00265244599,3.90208655394e-05,0.119936593,8.61711498892e-05,0.265244599,within_noise,within_noise,1,,,,
net_log26:cal_v1_fp32_tt_wide:rank15,net_log26,Ascend910B3,20,8.1.RC1+toolkit-7.7.0.1.225,cal_v1_fp32_tt_wide,256,1344,1920,fp32,1,1,15,searched,calibration_template_probe,DETERMINISTIC_SPLIT_K,0.3289670129996112,"{""runtime_risk_score"":0.3289670129996112}",1:256:384:192:128:128:64:6:9:1:3:0:3:3:2:2:2:1:1:1:4:1:3,,1,1,numeric_signed_axes_full_v3,,0.033473200798,,0.0343564405553,,0.0343066499634,,0.974291872412,0.975705900568,-0.000883239757264,-2.5708127588,-0.000833449165389,-2.4294099432,regressed,regressed,1,,,,
net_log26:cal_v1_fp32_tt_wide:rank16,net_log26,Ascend910B3,20,8.1.RC1+toolkit-7.7.0.1.225,cal_v1_fp32_tt_wide,256,1344,1920,fp32,1,1,16,searched,calibration_template_probe,SINGLE_CORE_SPLIT_K,0.3328440884452951,"{""runtime_risk_score"":0.3328440884452951}",6:384:256:192:128:128:64:9:6:3:1:1:3:3:2:2:2:1:2:1:5:0:2,,1,1,numeric_signed_axes_full_v3,,0.0326284003258,,0.0326441407602,,0.032596831695,,0.999517817468,1.00096845703,-1.57404344467e-05,-0.0482182532,3.15686308107e-05,0.096845703,within_noise,within_noise,1,,,,
net_log26:oneshot_v3_01:rank1,net_log26,Ascend910B3,20,8.1.RC1+toolkit-7.7.0.1.225,oneshot_v3_01,3328,4096,6144,fp16,0,0,1,searched,one_shot_research_candidate,DETERMINISTIC_SPLIT_K,0.14474049863646762,"{""predicted_latency_ratio"":1.953164640893175,""runtime_risk_score"":0.14474049863646762}",16:384:4096:384:128:128:128:9:6:3:1:1:3:3:2:2:2:1:1:9:1:0:3,20:128:256:6144:128:256:64:16:8:1:1:0:8:4:2:2:1:2:1:13:16:0:0,1,1,numeric_signed_axes_full_v3,,1.26456840515,,2.61002027874,,2.61297712902,,0.484505203063,0.483956935982,-1.34545187359,-51.5494796937,-1.34840872387,-51.6043064018,regressed,regressed,1,,,,
net_log26:oneshot_v3_02:rank1,net_log26,Ascend910B3,20,8.1.RC1+toolkit-7.7.0.1.225,oneshot_v3_02,2719,3551,6017,fp16,0,0,1,searched,one_shot_research_candidate,DETERMINISTIC_SPLIT_K,,{},16:2720:384:384:128:128:128:6:9:1:3:0:3:3:2:2:2:1:1:1:10:1:3,20:128:256:6017:128:256:64:16:8:1:1:0:8:4:2:2:1:1:1:22:14:0:0,1,1,numeric_signed_axes_full_v3,paired baseline drift; latency excluded,0.859085235596,,,,,,,,,,,,,,0,,,,
net_log26:oneshot_v3_03:rank1,net_log26,Ascend910B3,20,8.1.RC1+toolkit-7.7.0.1.225,oneshot_v3_03,6656,1536,7168,fp16,0,0,1,searched,one_shot_research_candidate,DETERMINISTIC_SPLIT_K,0.12899652225913677,"{""predicted_latency_ratio"":1.598558465418162,""runtime_risk_score"":0.12899652225913677}",19:6656:384:384:128:128:128:6:9:1:3:0:3:3:2:2:2:1:1:1:4:1:3,20:128:256:7168:128:256:64:16:8:1:1:0:8:4:2:2:1:2:1:26:6:0:0,1,1,numeric_signed_axes_full_v3,,1.66650726318,,5.09875927797,,5.08334768373,,0.326845644661,0.327836568904,-3.43225201479,-67.3154355339,-3.41684042055,-67.2163431096,regressed,regressed,1,,,,
net_log26:oneshot_v3_04:rank1,net_log26,Ascend910B3,20,8.1.RC1+toolkit-7.7.0.1.225,oneshot_v3_04,1536,6656,7168,fp16,0,0,1,searched,one_shot_research_candidate,DETERMINISTIC_SPLIT_K,0.1185889537558083,"{""predicted_latency_ratio"":2.71000336968166,""runtime_risk_score"":0.1185889537558083}",8:384:6656:384:128:128:128:9:6:3:1:1:3:3:2:2:2:1:1:4:1:0:3,20:128:256:7168:128:256:64:16:8:1:1:0:8:4:2:2:1:1:2:12:13:0:0,1,1,numeric_signed_axes_full_v3,,1.81816635132,,6.07622330047,,6.07435493699,,0.299226388072,0.299318424784,-4.25805694915,-70.0773611928,-4.25618858567,-70.0681575216,regressed,regressed,1,,,,
net_log26:oneshot_v3_05:rank1,net_log26,Ascend910B3,20,8.1.RC1+toolkit-7.7.0.1.225,oneshot_v3_05,7168,7680,8704,fp16,0,0,1,searched,one_shot_research_candidate,DETERMINISTIC_SPLIT_K,0.10839081977602642,"{""predicted_latency_ratio"":2.83981118229689,""runtime_risk_score"":0.10839081977602642}",20:7168:384:384:128:128:128:6:9:1:3:0:3:3:2:2:2:1:1:1:20:1:3,20:128:256:8704:128:256:64:16:8:1:1:0:8:4:2:2:1:4:3:14:10:0:0,1,1,numeric_signed_axes_full_v3,,12.6648547363,,44.7584363292,,44.8334170207,,0.282960169635,0.282486938938,-32.0935815929,-71.7039830365,-32.1685622844,-71.7513061062,regressed,regressed,1,,,,
net_log26:oneshot_v3_06:rank1,net_log26,Ascend910B3,20,8.1.RC1+toolkit-7.7.0.1.225,oneshot_v3_06,2944,3200,512,fp16,0,0,1,searched,one_shot_research_candidate,BASE,0.12087914678225367,"{""predicted_latency_ratio"":1.0016653060917364,""runtime_risk_score"":0.12087914678225367}",16:368:1600:512:128:256:64:16:8:1:1:0:8:4:2:2:1:2:1:7:2:0:0,20:128:256:512:128:256:64:16:8:1:1:0:8:4:2:2:1:1:1:23:13:0:0,1,1,numeric_signed_axes_full_v3,,0.0623248004913,,0.0625242364087,,0.062529603681,,0.996810262247,0.996724700339,-0.00019943591735,-0.3189737753,-0.000204803189739,-0.3275299661,within_noise,within_noise,1,,,,
net_log26:oneshot_v3_07:rank1,net_log26,Ascend910B3,20,8.1.RC1+toolkit-7.7.0.1.225,oneshot_v3_07,2560,3072,30720,fp16,0,0,1,searched,one_shot_research_candidate,SINGLE_CORE_SPLIT_K,0.18536552144715826,"{""predicted_latency_ratio"":2.7701211948209714,""runtime_risk_score"":0.18536552144715826}",20:384:128:384:128:128:128:9:6:3:1:1:3:3:2:2:2:4:4:2:7:0:2,20:256:1536:512:128:128:128:8:8:2:1:1:4:4:2:2:2:4:3:5:4:0:2,1,1,numeric_signed_axes_full_v3,,5.59513549805,,14.72190011,,14.7153630449,,0.380055254841,0.380224088321,-9.12676461195,-61.9944745159,-9.12022754682,-61.9775911679,regressed,regressed,1,,,,
net_log26:oneshot_v3_08:rank1,net_log26,Ascend910B3,20,8.1.RC1+toolkit-7.7.0.1.225,oneshot_v3_08,512,352,30720,fp16,0,0,1,searched,one_shot_research_candidate,DETERMINISTIC_SPLIT_K,0.10655539767075027,"{""predicted_latency_ratio"":1.0315630965,""runtime_risk_score"":0.10655539767075027}",20:512:384:384:128:128:128:6:9:1:3:0:3:3:2:2:2:1:1:1:1:0:3,20:512:384:384:128:128:128:6:9:1:3:0:3:3:2:2:2:1:1:8:3:0:3,1,1,numeric_signed_axes_full_v3,,0.101371202469,,0.121372463022,,0.102024586343,,0.83520759112,0.993595819422,-0.0200012605531,-16.479240888,-0.000653383874338,-0.6404180578,regressed,within_noise,1,,,,
net_log26:oneshot_v3_09:rank1,net_log26,Ascend910B3,20,8.1.RC1+toolkit-7.7.0.1.225,oneshot_v3_09,927,701,19457,fp16,0,0,1,searched,one_shot_research_candidate,BASE,0.12880117233973315,"{""predicted_latency_ratio"":1.0005811270889393,""runtime_risk_score"":0.12880117233973315}",20:128:256:19457:128:256:64:16:8:1:1:0:8:4:2:2:1:1:1:8:3:1:0,20:128:256:19457:128:256:64:16:8:1:1:0:8:4:2:2:1:1:1:8:3:0:0,1,1,numeric_signed_axes_full_v3,,0.448115615845,,0.448135910954,,0.448123893891,,0.999954712156,0.999981527328,-2.02951092261e-05,-0.0045287844,-8.27804570719e-06,-0.00184726719999,within_noise,within_noise,1,,,,
net_log26:oneshot_v3_10:rank1,net_log26,Ascend910B3,20,8.1.RC1+toolkit-7.7.0.1.225,oneshot_v3_10,129,5888,14848,fp16,0,0,1,searched,one_shot_research_candidate,DETERMINISTIC_SPLIT_K,,{},20:144:384:384:128:128:128:6:9:1:3:0:3:3:2:2:2:1:1:1:16:1:3,20:128:128:14848:128:128:64:16:16:1:1:0:8:8:2:2:1:1:10:2:5:0:0,1,1,numeric_signed_axes_full_v3,paired baseline drift; latency excluded,0.211675205231,,,,,,,,,,,,,,0,,,,
net_log26:oneshot_v3_11:rank1,net_log26,Ascend910B3,20,8.1.RC1+toolkit-7.7.0.1.225,oneshot_v3_11,5888,143,14848,fp16,0,0,1,searched,one_shot_research_candidate,BASE,0.12004012532596385,"{""predicted_latency_ratio"":1.00145692051,""runtime_risk_score"":0.12004012532596385}",20:128:144:14848:128:144:64:16:8:1:1:0:8:4:2:2:1:2:1:25:1:0:0,20:128:144:14848:128:144:64:16:8:1:1:0:8:4:2:2:1:12:1:4:1:0:0,1,1,numeric_signed_axes_full_v3,,0.659505615234,,0.670578750506,,0.652444320241,,0.983487196301,1.01082283158,-0.0110731352718,-1.6512803699,0.00706129499329,1.082283158,regressed,improved,1,,,,
net_log26:oneshot_v3_12:rank1,net_log26,Ascend910B3,20,8.1.RC1+toolkit-7.7.0.1.225,oneshot_v3_12,2816,3584,5504,fp16,1,0,1,searched,one_shot_research_candidate,BASE,0.10098495554711157,"{""predicted_latency_ratio"":1.0026188661463586,""runtime_risk_score"":0.10098495554711157}",20:128:256:5504:128:256:64:16:8:1:1:0:8:4:2:2:1:2:1:18:14:0:0,20:128:256:5504:128:256:64:16:8:1:1:0:8:4:2:2:1:1:1:22:14:0:0,1,1,numeric_signed_axes_full_v3,,0.421866798401,,0.421972969066,,0.42246843823,,0.99974839463,0.998575894021,-0.000106170665012,-0.025160537,-0.000601639828822,-0.1424105979,within_noise,within_noise,1,,,,
net_log26:oneshot_v3_13:rank1,net_log26,Ascend910B3,20,8.1.RC1+toolkit-7.7.0.1.225,oneshot_v3_13,2688,3456,5120,fp16,0,1,1,searched,one_shot_research_candidate,BASE,0.10257101462515371,"{""predicted_latency_ratio"":1.0014836714024842,""runtime_risk_score"":0.10257101462515371}",20:128:256:5120:128:256:64:16:8:1:1:0:8:4:2:2:1:1:1:21:14:1:0,20:128:256:5120:128:256:64:16:8:1:1:0:8:4:2:2:1:1:1:21:14:0:0,1,1,numeric_signed_axes_full_v3,,0.364523200989,,0.36008378806,,0.359426012324,,1.01232883311,1.01418146848,0.00443941292861,1.232883311,0.00509718866467,1.418146848,improved,improved,1,,,,
net_log26:oneshot_v3_14:rank1,net_log26,Ascend910B3,20,8.1.RC1+toolkit-7.7.0.1.225,oneshot_v3_14,2176,2816,4608,fp16,1,1,1,searched,one_shot_research_candidate,DETERMINISTIC_SPLIT_K,0.0898334981322142,"{""predicted_latency_ratio"":1.8433748952165308,""runtime_risk_score"":0.0898334981322142}",12:2176:384:384:128:128:128:6:9:1:3:0:3:3:2:2:2:1:1:1:8:1:3,20:256:128:4608:256:128:64:8:16:1:1:0:4:8:2:2:1:1:1:9:22:0:0,1,1,numeric_signed_axes_full_v3,,0.394211196899,,0.678419828135,,0.678015320796,,0.5810726346,0.581419305446,-0.284208631236,-41.89273654,-0.283804123897,-41.8580694554,regressed,regressed,1,,,,
net_log26:oneshot_v3_15:rank1,net_log26,Ascend910B3,20,8.1.RC1+toolkit-7.7.0.1.225,oneshot_v3_15,4096,5120,7168,bf16,0,0,1,searched,one_shot_research_candidate,DETERMINISTIC_SPLIT_K,0.10625622941586349,"{""predicted_latency_ratio"":1.56615512115,""runtime_risk_score"":0.10625622941586349}",19:4096:384:384:128:128:128:6:9:1:3:0:3:3:2:2:2:1:1:1:14:1:3,20:128:256:7168:128:256:64:16:8:1:1:0:8:4:2:2:1:4:1:8:20:0:0,1,1,numeric_signed_axes_full_v3,,2.77072479248,,7.08956016079,,7.09027119751,,0.390817586654,0.390778394126,-4.31883536831,-60.9182413346,-4.31954640503,-60.9221605874,regressed,regressed,1,,,,
net_log26:oneshot_v3_16:rank1,net_log26,Ascend910B3,20,8.1.RC1+toolkit-7.7.0.1.225,oneshot_v3_16,1535,2177,4351,bf16,0,0,1,searched,one_shot_research_candidate,BASE,0.088128629211496,"{""predicted_latency_ratio"":1.0050179289359789,""runtime_risk_score"":0.088128629211496}",20:128:256:4351:128:256:64:16:8:1:1:0:8:4:2:2:1:2:2:6:6:0:0,20:128:256:4351:128:256:64:16:8:1:1:0:8:4:2:2:1:1:1:12:9:0:0,1,1,numeric_signed_axes_full_v3,,0.196844005585,,0.197155171996,,0.197317816106,,0.998421718243,0.997598744348,-0.00031116641126,-0.1578281757,-0.000473810521165,-0.2401255652,within_noise,within_noise,1,,,,
net_log26:oneshot_v3_17:rank1,net_log26,Ascend910B3,20,8.1.RC1+toolkit-7.7.0.1.225,oneshot_v3_17,1344,1984,2688,fp32,0,0,1,searched,one_shot_research_candidate,BASE,0.12126818677552002,"{""predicted_latency_ratio"":0.9994636222125854,""runtime_risk_score"":0.12126818677552002}",20:336:400:2688:256:64:32:8:32:1:1:0:4:16:2:2:2:2:1:3:5:0:0,20:128:256:2688:128:256:32:16:8:1:1:0:8:4:2:2:1:1:1:11:8:0:0,1,1,numeric_signed_axes_full_v3,,0.232558403015,,0.23320594345,,0.232269823667,,0.997223310757,1.00124243151,-0.00064754043458,-0.2776689243,0.000288579347746,0.124243151,within_noise,within_noise,1,,,,
net_log26:oneshot_v3_18:rank1,net_log26,Ascend910B3,20,8.1.RC1+toolkit-7.7.0.1.225,oneshot_v3_18,112,640,4352,fp32,0,1,1,searched,one_shot_research_candidate,BASE,,{},20:64:64:4352:64:64:128:8:8:1:1:0:4:4:2:2:1:1:1:2:10:1:0,20:64:64:4352:64:64:128:8:8:1:1:0:4:4:2:2:1:1:1:2:10:0:0,1,1,numeric_signed_axes_full_v3,paired baseline drift; latency excluded,0.0272316002846,,,,,,,,,,,,,,0,,,,
net_log26:oneshot_v3_19:rank1,net_log26,Ascend910B3,20,8.1.RC1+toolkit-7.7.0.1.225,oneshot_v3_19,1024,1472,2048,fp32,1,0,1,searched,one_shot_research_candidate,BASE,0.1237027787035285,"{""predicted_latency_ratio"":1.0097057747754463,""runtime_risk_score"":0.1237027787035285}",8:128:1472:2048:128:256:32:16:8:1:1:0:8:4:2:2:1:1:1:8:1:0:0,20:128:256:2048:128:256:32:16:8:1:1:0:8:4:2:2:1:1:1:8:6:0:0,1,1,numeric_signed_axes_full_v3,,0.121135997772,,0.121690519266,,0.121129330365,,0.995443182447,1.0000550437,-0.000554521494226,-0.4556817553,6.66740652183e-06,0.00550437,within_noise,within_noise,1,,,,
net_log26:oneshot_v3_20:rank1,net_log26,Ascend910B3,20,8.1.RC1+toolkit-7.7.0.1.225,oneshot_v3_20,768,1024,1536,fp32,1,1,1,searched,one_shot_research_candidate,BASE,0.18966363466294658,"{""predicted_latency_ratio"":1.0135795335107216,""runtime_risk_score"":0.18966363466294658}",16:192:256:1536:64:256:32:32:8:1:1:0:16:4:2:2:2:1:2:4:2:0:0,20:256:128:1536:256:128:32:8:16:1:1:0:4:8:2:2:1:1:1:3:8:0:0,1,1,numeric_signed_axes_full_v3,,0.0522728013992,,0.053121838594,,0.0525019370077,,0.984017172272,0.995635673243,-0.000849037194843,-1.5982827728,-0.000229135608477,-0.4364326757,regressed,within_noise,1,,,,
net_log26:oneshot_v3_21:rank1,net_log26,Ascend910B3,20,8.1.RC1+toolkit-7.7.0.1.225,oneshot_v3_21,80,544,4352,fp32,0,1,1,searched,one_shot_research_candidate,BASE,0.23361604226618934,"{""predicted_latency_ratio"":1.002161418577521,""runtime_risk_score"":0.23361604226618934}",20:80:32:4352:80:32:64:12:24:1:1:0:6:12:2:2:1:1:1:1:17:1:0,20:80:32:4352:80:32:64:12:24:1:1:0:6:12:2:2:1:1:1:1:17:0:0,1,1,numeric_signed_axes_full_v3,,0.0357136011124,,0.0357225360968,,0.0357405547917,,0.999749878219,0.999245851682,-8.93498435036e-06,-0.0250121781,-2.69536792805e-05,-0.0754148318,within_noise,within_noise,1,,,,
net_log26:oneshot_v3_22:rank1,net_log26,Ascend910B3,20,8.1.RC1+toolkit-7.7.0.1.225,oneshot_v3_22,53248,352,384,fp16,0,0,1,searched,one_shot_research_candidate,BASE,0.15790679755316223,"{""predicted_latency_ratio"":1.0047138621010627,""runtime_risk_score"":0.15790679755316223}",16:6656:176:384:256:64:64:8:32:1:1:0:4:16:2:2:2:1:1:8:2:0:0,20:128:256:384:128:256:64:16:8:1:1:0:8:4:2:2:1:1:1:416:2:0:0,1,1,numeric_signed_axes_full_v3,,0.13636639595,,0.136042232459,,0.136106614988,,1.00238281514,1.00190865787,0.000324163491182,0.238281514,0.000259780961856,0.190865787,within_noise,within_noise,1,,,,
net_log26:oneshot_v3_23:rank1,net_log26,Ascend910B3,20,8.1.RC1+toolkit-7.7.0.1.225,oneshot_v3_23,352,240,13312,fp32,0,0,1,searched,one_shot_research_candidate,DETERMINISTIC_SPLIT_K,0.27471151991954373,"{""predicted_latency_ratio"":1.0,""runtime_risk_score"":0.27471151991954373}",2:384:240:192:128:128:64:9:6:3:1:1:3:3:2:2:2:1:1:1:1:0:3,20:352:384:192:128:128:64:6:9:1:3:0:3:3:2:2:2:1:1:11:2:0:3,1,1,numeric_signed_axes_full_v3,,0.13665599823,,0.136756064201,,0.136708677246,,0.999268288598,0.999614662235,-0.000100065971469,-0.0731711402,-5.26790161461e-05,-0.0385337765,within_noise,within_noise,1,,,,
net_log26:oneshot_v3_24:rank1,net_log26,Ascend910B3,20,8.1.RC1+toolkit-7.7.0.1.225,oneshot_v3_24,1792,2560,384,bf16,0,0,1,searched,one_shot_research_candidate,BASE,0.16602406107196474,"{""predicted_latency_ratio"":1.0036847472161523,""runtime_risk_score"":0.16602406107196474}",20:128:256:384:128:256:64:16:8:1:1:0:8:4:2:2:1:2:1:8:10:0:0,20:128:256:384:128:256:64:16:8:1:1:0:8:4:2:2:1:1:1:14:10:0:0,1,1,numeric_signed_axes_full_v3,,0.021268799305,,0.0211654374185,,0.0208724585316,,1.00488352234,1.01898869617,0.000103361886469,0.488352234,0.000396340773378,1.898869617,within_noise,improved,1,,,,
