record_id,run_id,soc,aic,toolkit,workload_id,m,n,k,dtype,trans_a,trans_b,candidate_role,candidate_source,tiling_signature,bank_tiling_signature,success,preflight_mode,median_ms,official_ms,bank_ms,status_vs_official,status_vs_bank,pair_validated
net_log30:template_v2_al1_01:rank1,net_log30,Ascend910B3,20,8.1.RC1+toolkit-7.7.0.1.225,template_v2_al1_01,96,5248,1024,fp16,0,0,searched,calibration_template_probe,15:96:352:1024:48:16:32:32:1:1:1:1:32:1:1:1:1:1:1:1:15:1:10,,1,numeric_signed_axes_full_v3,0.012910399437,0.0127608001232064,0.012899600267398,regressed,within_noise,1
net_log30:template_v2_al1_01:rank2,net_log30,Ascend910B3,20,8.1.RC1+toolkit-7.7.0.1.225,template_v2_al1_01,96,5248,1024,fp16,0,0,searched,calibration_template_probe,20:96:272:1024:32:32:16:64:2:1:1:0:64:1:2:2:2:1:1:1:20:0:10,,1,numeric_signed_axes_full_v3,0.0127611994743,0.0127608001232053,0.0128996002674101,within_noise,within_noise,1
net_log30:template_v2_al1_01:rank3,net_log30,Ascend910B3,20,8.1.RC1+toolkit-7.7.0.1.225,template_v2_al1_01,96,5248,1024,fp16,0,0,searched,calibration_template_probe,20:96:272:1024:16:48:64:16:2:1:1:1:16:1:2:1:1:1:1:1:20:2:10,,1,numeric_signed_axes_full_v3,0.0129040002823,0.0127608001231959,0.0128996002674058,within_noise,within_noise,1
net_log30:template_v2_al1_01:rank4,net_log30,Ascend910B3,20,8.1.RC1+toolkit-7.7.0.1.225,template_v2_al1_01,96,5248,1024,fp16,0,0,searched,calibration_template_probe,19:96:288:1024:16:16:80:13:2:1:1:0:13:1:1:2:1:1:1:1:19:2:10,,1,numeric_signed_axes_full_v3,0.0129012000561,0.0127608001231982,0.0128996002674025,regressed,within_noise,1
net_log30:template_v2_al1_01:rank5,net_log30,Ascend910B3,20,8.1.RC1+toolkit-7.7.0.1.225,template_v2_al1_01,96,5248,1024,fp16,0,0,searched,calibration_template_probe,17:96:320:1024:32:160:16:64:1:1:1:0:64:1:2:1:1:1:1:1:17:1:10,,1,numeric_signed_axes_full_v3,0.0128608000278,0.0127608001231937,0.0128996002674581,within_noise,within_noise,1
net_log30:template_v2_al1_01:rank6,net_log30,Ascend910B3,20,8.1.RC1+toolkit-7.7.0.1.225,template_v2_al1_01,96,5248,1024,fp16,0,0,searched,calibration_template_probe,20:96:272:1024:64:32:16:64:1:1:1:1:64:1:1:2:1:1:1:1:20:0:10,,1,numeric_signed_axes_full_v3,0.012907999754,0.0127608001232012,0.0128996002673962,regressed,within_noise,1
net_log30:template_v2_al1_01:rank7,net_log30,Ascend910B3,20,8.1.RC1+toolkit-7.7.0.1.225,template_v2_al1_01,96,5248,1024,fp16,0,0,searched,calibration_template_probe,15:96:352:1024:48:32:32:32:1:1:1:1:32:1:2:2:2:1:1:1:15:2:10,,1,numeric_signed_axes_full_v3,0.0129043996334,0.0127608001232031,0.0128996002674015,regressed,within_noise,1
net_log30:template_v2_al1_01:rank8,net_log30,Ascend910B3,20,8.1.RC1+toolkit-7.7.0.1.225,template_v2_al1_01,96,5248,1024,fp16,0,0,searched,calibration_template_probe,20:96:272:1024:48:32:64:16:1:1:1:0:16:1:1:1:1:1:1:1:20:0:10,,1,numeric_signed_axes_full_v3,0.0127727997303,0.0127608001232009,0.0128996002674085,within_noise,within_noise,1
net_log30:template_v2_al1_01:rank9,net_log30,Ascend910B3,20,8.1.RC1+toolkit-7.7.0.1.225,template_v2_al1_01,96,5248,1024,fp16,0,0,searched,calibration_template_probe,20:96:272:1024:64:16:16:64:2:1:1:0:64:1:2:2:1:1:1:1:20:1:10,,1,numeric_signed_axes_full_v3,0.0127771997452,0.0129032003879592,0.0127579998970025,within_noise,within_noise,1
net_log30:template_v2_al1_01:rank10,net_log30,Ascend910B3,20,8.1.RC1+toolkit-7.7.0.1.225,template_v2_al1_01,96,5248,1024,fp16,0,0,searched,calibration_template_probe,20:96:272:1024:48:80:32:32:2:1:1:1:32:1:1:1:1:1:1:1:20:2:10,,1,numeric_signed_axes_full_v3,0.0128872001171,0.012903200387939,0.012757999896997,within_noise,within_noise,1
net_log30:template_v2_al1_01:rank11,net_log30,Ascend910B3,20,8.1.RC1+toolkit-7.7.0.1.225,template_v2_al1_01,96,5248,1024,fp16,0,0,searched,calibration_template_probe,17:96:320:1024:16:16:160:7:2:1:1:1:7:1:1:1:1:1:1:1:17:2:10,,1,numeric_signed_axes_full_v3,0.0129136002064,0.0129032003880004,0.0127579998969938,within_noise,within_noise,1
net_log30:template_v2_al1_01:rank12,net_log30,Ascend910B3,20,8.1.RC1+toolkit-7.7.0.1.225,template_v2_al1_01,96,5248,1024,fp16,0,0,searched,calibration_template_probe,17:96:320:1024:16:32:80:13:1:1:1:0:13:1:2:1:1:1:1:1:17:0:10,,1,numeric_signed_axes_full_v3,0.0128004002571,0.0129032003880484,0.0127579998970002,within_noise,within_noise,1
net_log30:template_v2_al1_01:rank13,net_log30,Ascend910B3,20,8.1.RC1+toolkit-7.7.0.1.225,template_v2_al1_01,96,5248,1024,fp16,0,0,searched,calibration_template_probe,15:96:352:1024:16:48:64:16:1:1:1:1:16:1:2:1:1:1:1:1:15:1:10,,1,numeric_signed_axes_full_v3,0.0128972005844,0.0129032003880352,0.0127579998970023,within_noise,within_noise,1
net_log30:template_v2_al1_01:rank14,net_log30,Ascend910B3,20,8.1.RC1+toolkit-7.7.0.1.225,template_v2_al1_01,96,5248,1024,fp16,0,0,searched,calibration_template_probe,16:96:336:1024:64:48:16:64:1:1:1:0:64:1:1:1:1:1:1:1:16:1:10,,1,numeric_signed_axes_full_v3,0.0129004001617,0.0129032003879641,0.0127579998969974,within_noise,within_noise,1
net_log30:template_v2_al1_01:rank15,net_log30,Ascend910B3,20,8.1.RC1+toolkit-7.7.0.1.225,template_v2_al1_01,96,5248,1024,fp16,0,0,searched,calibration_template_probe,16:96:336:1024:32:32:48:22:1:1:1:1:22:1:1:2:1:1:1:1:16:2:10,,1,numeric_signed_axes_full_v3,0.0127727997303,0.0129032003880486,0.0127579998969981,within_noise,within_noise,1
net_log30:template_v2_al1_01:rank16,net_log30,Ascend910B3,20,8.1.RC1+toolkit-7.7.0.1.225,template_v2_al1_01,96,5248,1024,fp16,0,0,searched,calibration_template_probe,15:96:352:1024:48:64:48:22:1:1:1:1:22:1:1:1:1:1:1:1:15:0:10,,1,numeric_signed_axes_full_v3,0.0129235994816,0.0129032003879956,0.0127579998970007,within_noise,within_noise,1
net_log30:template_v2_al1_01:rank17,net_log30,Ascend910B3,20,8.1.RC1+toolkit-7.7.0.1.225,template_v2_al1_01,96,5248,1024,fp16,0,0,searched,calibration_template_probe,20:96:272:1024:16:32:80:13:2:1:1:0:13:1:2:1:1:1:1:1:20:1:10,,1,numeric_signed_axes_full_v3,0.0128919994831,0.0127771997451948,0.0127579998969976,within_noise,regressed,1
net_log30:template_v2_al1_01:rank18,net_log30,Ascend910B3,20,8.1.RC1+toolkit-7.7.0.1.225,template_v2_al1_01,96,5248,1024,fp16,0,0,searched,calibration_template_probe,20:96:272:1024:64:32:32:32:1:1:1:0:32:1:1:2:1:1:1:1:20:2:10,,1,numeric_signed_axes_full_v3,0.0129447996616,0.0127771997451962,0.0127579998969935,within_noise,within_noise,1
net_log30:template_v2_al1_01:rank19,net_log30,Ascend910B3,20,8.1.RC1+toolkit-7.7.0.1.225,template_v2_al1_01,96,5248,1024,fp16,0,0,searched,calibration_template_probe,20:96:272:1024:32:16:32:32:2:1:1:0:32:1:2:2:2:1:1:1:20:2:10,,1,numeric_signed_axes_full_v3,0.0127540004253,0.0127771997452037,0.012757999896941,within_noise,within_noise,1
net_log30:template_v2_al1_01:rank20,net_log30,Ascend910B3,20,8.1.RC1+toolkit-7.7.0.1.225,template_v2_al1_01,96,5248,1024,fp16,0,0,searched,calibration_template_probe,20:96:272:1024:32:16:64:16:2:1:1:1:16:1:1:1:1:1:1:1:20:0:10,,1,numeric_signed_axes_full_v3,0.012903200388,0.0127771997451936,0.0127579998970031,within_noise,regressed,1
net_log30:template_v2_al1_01:rank21,net_log30,Ascend910B3,20,8.1.RC1+toolkit-7.7.0.1.225,template_v2_al1_01,96,5248,1024,fp16,0,0,searched,calibration_template_probe,20:96:272:1024:48:96:16:64:1:1:1:0:64:1:2:2:1:1:1:1:20:1:10,,1,numeric_signed_axes_full_v3,0.0130340003967,0.0127771997452004,0.0127579998969989,regressed,regressed,1
net_log30:template_v2_al1_01:rank22,net_log30,Ascend910B3,20,8.1.RC1+toolkit-7.7.0.1.225,template_v2_al1_01,96,5248,1024,fp16,0,0,searched,calibration_template_probe,15:96:352:1024:48:16:48:22:1:1:1:1:22:1:1:2:1:1:1:1:15:0:10,,1,numeric_signed_axes_full_v3,0.0127644002438,0.012777199745251,0.0127579998970026,within_noise,within_noise,1
net_log30:template_v2_al1_01:rank23,net_log30,Ascend910B3,20,8.1.RC1+toolkit-7.7.0.1.225,template_v2_al1_01,96,5248,1024,fp16,0,0,searched,calibration_template_probe,20:96:272:1024:32:160:16:64:2:1:1:0:64:1:2:1:1:1:1:1:20:2:10,,1,numeric_signed_axes_full_v3,0.0129340004921,0.0127771997451951,0.0127579998969944,regressed,regressed,1
net_log30:template_v2_al1_01:rank24,net_log30,Ascend910B3,20,8.1.RC1+toolkit-7.7.0.1.225,template_v2_al1_01,96,5248,1024,fp16,0,0,searched,calibration_template_probe,15:96:352:1024:48:16:32:32:2:1:1:1:32:1:2:2:2:1:1:1:15:0:10,,1,numeric_signed_axes_full_v3,0.0130560004711,0.0127771997452013,0.0127579998970064,regressed,regressed,1
net_log30:template_v2_al1_01:rank25,net_log30,Ascend910B3,20,8.1.RC1+toolkit-7.7.0.1.225,template_v2_al1_01,96,5248,1024,fp16,0,0,searched,calibration_template_probe,20:96:272:1024:48:16:64:16:2:1:1:0:16:1:1:1:1:1:1:1:20:1:10,,1,numeric_signed_axes_full_v3,0.012903200388,0.0127771997451936,0.012914400100647,within_noise,within_noise,1
net_log30:template_v2_al1_01:rank26,net_log30,Ascend910B3,20,8.1.RC1+toolkit-7.7.0.1.225,template_v2_al1_01,96,5248,1024,fp16,0,0,searched,calibration_template_probe,20:96:272:1024:32:96:32:32:2:1:1:0:32:1:2:1:1:1:1:1:20:0:10,,1,numeric_signed_axes_full_v3,0.0127567994595,0.0127771997452614,0.0129144001007467,within_noise,improved,1
net_log30:template_v2_al1_01:rank27,net_log30,Ascend910B3,20,8.1.RC1+toolkit-7.7.0.1.225,template_v2_al1_01,96,5248,1024,fp16,0,0,searched,calibration_template_probe,15:96:352:1024:48:32:48:22:2:1:1:1:22:1:1:2:1:1:1:1:15:1:10,,1,numeric_signed_axes_full_v3,0.0130571997166,0.0127771997451959,0.0129144001007015,regressed,within_noise,1
net_log30:template_v2_al1_01:rank28,net_log30,Ascend910B3,20,8.1.RC1+toolkit-7.7.0.1.225,template_v2_al1_01,96,5248,1024,fp16,0,0,searched,calibration_template_probe,20:96:272:1024:48:16:32:32:2:1:1:0:32:1:2:2:1:1:1:1:20:2:10,,1,numeric_signed_axes_full_v3,0.0129191994667,0.0127771997451942,0.0129144001006939,regressed,within_noise,1
net_log30:template_v2_al1_01:rank29,net_log30,Ascend910B3,20,8.1.RC1+toolkit-7.7.0.1.225,template_v2_al1_01,96,5248,1024,fp16,0,0,searched,calibration_template_probe,20:96:272:1024:48:32:16:64:2:1:1:0:64:1:2:2:2:1:1:1:20:1:10,,1,numeric_signed_axes_full_v3,0.0127724003792,0.0127771997451794,0.0129144001006434,within_noise,improved,1
net_log30:template_v2_al1_01:rank30,net_log30,Ascend910B3,20,8.1.RC1+toolkit-7.7.0.1.225,template_v2_al1_01,96,5248,1024,fp16,0,0,searched,calibration_template_probe,20:96:272:1024:48:64:48:22:2:1:1:1:22:1:1:1:1:1:1:1:20:1:10,,1,numeric_signed_axes_full_v3,0.0128928005695,0.0127771997451947,0.0129144001006949,within_noise,within_noise,1
net_log30:template_v2_al1_01:rank31,net_log30,Ascend910B3,20,8.1.RC1+toolkit-7.7.0.1.225,template_v2_al1_01,96,5248,1024,fp16,0,0,searched,calibration_template_probe,20:96:272:1024:48:32:32:32:2:1:1:0:32:1:2:1:1:1:1:1:20:0:10,,1,numeric_signed_axes_full_v3,0.0129260003567,0.0127771997451943,0.0129144001006991,regressed,within_noise,1
net_log30:template_v2_al1_01:rank32,net_log30,Ascend910B3,20,8.1.RC1+toolkit-7.7.0.1.225,template_v2_al1_01,96,5248,1024,fp16,0,0,searched,calibration_template_probe,15:96:352:1024:48:32:64:16:2:1:1:0:16:1:1:1:1:1:1:1:15:1:10,,1,numeric_signed_axes_full_v3,0.0127916002274,0.0127771997451957,0.0129144001007354,within_noise,within_noise,1
net_log30:template_v2_al1_01:rank33,net_log30,Ascend910B3,20,8.1.RC1+toolkit-7.7.0.1.225,template_v2_al1_01,96,5248,1024,fp16,0,0,searched,calibration_template_probe,16:96:336:1024:48:32:32:32:1:1:1:0:32:1:2:2:1:1:1:1:16:1:10,,1,numeric_signed_axes_full_v3,0.0127616000175,0.0128919994830521,0.0127760004997108,within_noise,within_noise,1
net_log30:template_v2_al1_01:rank34,net_log30,Ascend910B3,20,8.1.RC1+toolkit-7.7.0.1.225,template_v2_al1_01,96,5248,1024,fp16,0,0,searched,calibration_template_probe,17:96:320:1024:48:16:64:16:1:1:1:0:16:1:1:2:1:1:1:1:17:2:10,,1,numeric_signed_axes_full_v3,0.0129908001423,0.0128919994830977,0.0127760004996962,within_noise,regressed,1
net_log30:template_v2_al1_01:rank35,net_log30,Ascend910B3,20,8.1.RC1+toolkit-7.7.0.1.225,template_v2_al1_01,96,5248,1024,fp16,0,0,searched,calibration_template_probe,17:96:320:1024:32:80:32:32:2:1:1:0:32:1:1:1:1:1:1:1:17:1:10,,1,numeric_signed_axes_full_v3,0.0129156005383,0.0128919994830997,0.0127760004996954,within_noise,regressed,1
net_log30:template_v2_al1_01:rank36,net_log30,Ascend910B3,20,8.1.RC1+toolkit-7.7.0.1.225,template_v2_al1_01,96,5248,1024,fp16,0,0,searched,calibration_template_probe,20:96:272:1024:16:48:64:16:1:1:1:1:16:1:2:1:1:1:1:1:20:1:10,,1,numeric_signed_axes_full_v3,0.0127504003048,0.0128919994830551,0.0127760004997526,within_noise,within_noise,1
net_log30:template_v2_al1_01:rank37,net_log30,Ascend910B3,20,8.1.RC1+toolkit-7.7.0.1.225,template_v2_al1_01,96,5248,1024,fp16,0,0,searched,calibration_template_probe,15:96:352:1024:16:48:64:16:2:1:1:1:16:1:2:1:1:1:1:1:15:2:10,,1,numeric_signed_axes_full_v3,0.0129584002495,0.0128919994831025,0.0127760004996957,within_noise,within_noise,1
net_log30:template_v2_al1_01:rank38,net_log30,Ascend910B3,20,8.1.RC1+toolkit-7.7.0.1.225,template_v2_al1_01,96,5248,1024,fp16,0,0,searched,calibration_template_probe,20:96:272:1024:48:64:48:22:1:1:1:1:22:1:1:1:1:1:1:1:20:0:10,,1,numeric_signed_axes_full_v3,0.0129367995262,0.0128919994831032,0.0127760004996946,within_noise,regressed,1
net_log30:template_v2_al1_01:rank39,net_log30,Ascend910B3,20,8.1.RC1+toolkit-7.7.0.1.225,template_v2_al1_01,96,5248,1024,fp16,0,0,searched,calibration_template_probe,15:96:352:1024:48:32:64:16:1:1:1:0:16:1:1:1:1:1:1:1:15:0:10,,1,numeric_signed_axes_full_v3,0.0127572000027,0.0128919994831457,0.0127760004997308,within_noise,within_noise,1
net_log30:template_v2_al1_01:rank40,net_log30,Ascend910B3,20,8.1.RC1+toolkit-7.7.0.1.225,template_v2_al1_01,96,5248,1024,fp16,0,0,searched,calibration_template_probe,20:96:272:1024:32:32:32:32:2:1:1:0:32:1:2:2:1:1:1:1:20:1:10,,1,numeric_signed_axes_full_v3,0.0129120004177,0.0128919994831052,0.0127760004996996,within_noise,within_noise,1
net_log30:template_v2_al1_01:rank41,net_log30,Ascend910B3,20,8.1.RC1+toolkit-7.7.0.1.225,template_v2_al1_01,96,5248,1024,fp16,0,0,searched,calibration_template_probe,18:96:304:1024:48:112:16:64:2:1:1:0:64:1:2:1:1:1:1:1:18:0:10,,1,numeric_signed_axes_full_v3,0.0130151998997,0.0127823996543987,0.0127760004996975,regressed,regressed,1
net_log30:template_v2_al1_01:rank42,net_log30,Ascend910B3,20,8.1.RC1+toolkit-7.7.0.1.225,template_v2_al1_01,96,5248,1024,fp16,0,0,searched,calibration_template_probe,20:96:272:1024:64:32:16:64:2:1:1:1:64:1:1:2:1:1:1:1:20:1:10,,1,numeric_signed_axes_full_v3,0.0129076004028,0.0127823996544045,0.012776000499704,within_noise,within_noise,1
net_log30:template_v2_al1_01:rank43,net_log30,Ascend910B3,20,8.1.RC1+toolkit-7.7.0.1.225,template_v2_al1_01,96,5248,1024,fp16,0,0,searched,calibration_template_probe,20:96:272:1024:32:32:16:64:1:1:1:0:64:1:2:2:2:1:1:1:20:2:10,,1,numeric_signed_axes_full_v3,0.0127483999729,0.012782399654383,0.0127760004996586,within_noise,within_noise,1
net_log30:template_v2_al1_01:rank44,net_log30,Ascend910B3,20,8.1.RC1+toolkit-7.7.0.1.225,template_v2_al1_01,96,5248,1024,fp16,0,0,searched,calibration_template_probe,15:96:352:1024:48:32:48:22:1:1:1:1:22:1:1:2:1:1:1:1:15:0:10,,1,numeric_signed_axes_full_v3,0.0129200005531,0.0127823996543955,0.0127760004996988,within_noise,within_noise,1
net_log30:template_v2_al1_01:rank45,net_log30,Ascend910B3,20,8.1.RC1+toolkit-7.7.0.1.225,template_v2_al1_01,96,5248,1024,fp16,0,0,searched,calibration_template_probe,20:96:272:1024:48:32:64:16:2:1:1:0:16:1:1:1:1:1:1:1:20:1:10,,1,numeric_signed_axes_full_v3,0.0128856003284,0.0127823996543957,0.0127760004997055,within_noise,within_noise,1
net_log30:template_v2_al1_01:rank46,net_log30,Ascend910B3,20,8.1.RC1+toolkit-7.7.0.1.225,template_v2_al1_01,96,5248,1024,fp16,0,0,searched,calibration_template_probe,20:96:272:1024:16:16:160:7:2:1:1:1:7:1:1:1:1:1:1:1:20:2:10,,1,numeric_signed_axes_full_v3,0.0127699995041,0.012782399654409,0.012776000499751,within_noise,within_noise,1
net_log30:template_v2_al1_01:rank47,net_log30,Ascend910B3,20,8.1.RC1+toolkit-7.7.0.1.225,template_v2_al1_01,96,5248,1024,fp16,0,0,searched,calibration_template_probe,20:96:272:1024:16:32:80:13:1:1:1:0:13:1:2:1:1:1:1:1:20:0:10,,1,numeric_signed_axes_full_v3,0.012905600071,0.0127823996544031,0.0127760004996949,within_noise,within_noise,1
net_log30:template_v2_al1_01:rank48,net_log30,Ascend910B3,20,8.1.RC1+toolkit-7.7.0.1.225,template_v2_al1_01,96,5248,1024,fp16,0,0,searched,calibration_template_probe,17:96:320:1024:16:32:80:13:2:1:1:0:13:1:2:1:1:1:1:1:17:1:10,,1,numeric_signed_axes_full_v3,0.0129216003418,0.0127823996544043,0.0127760004996998,within_noise,within_noise,1
net_log30:template_v2_al1_01:rank49,net_log30,Ascend910B3,20,8.1.RC1+toolkit-7.7.0.1.225,template_v2_al1_01,96,5248,1024,fp16,0,0,searched,calibration_template_probe,20:96:272:1024:32:160:16:64:1:1:1:0:64:1:2:1:1:1:1:1:20:1:10,,1,numeric_signed_axes_full_v3,0.0129167997837,0.0127823996543971,0.0129051995277009,within_noise,within_noise,1
net_log30:template_v2_al1_01:rank50,net_log30,Ascend910B3,20,8.1.RC1+toolkit-7.7.0.1.225,template_v2_al1_01,96,5248,1024,fp16,0,0,searched,calibration_template_probe,20:96:272:1024:32:32:64:16:2:1:1:0:16:1:1:1:1:1:1:1:20:0:10,,1,numeric_signed_axes_full_v3,0.0127828001976,0.0127823996543975,0.0129051995276374,within_noise,within_noise,1
net_log30:template_v2_al1_01:rank51,net_log30,Ascend910B3,20,8.1.RC1+toolkit-7.7.0.1.225,template_v2_al1_01,96,5248,1024,fp16,0,0,searched,calibration_template_probe,20:96:272:1024:48:80:32:32:1:1:1:1:32:1:1:1:1:1:1:1:20:1:10,,1,numeric_signed_axes_full_v3,0.0128919994831,0.0127823996544033,0.0129051995277574,within_noise,within_noise,1
net_log30:template_v2_al1_01:rank52,net_log30,Ascend910B3,20,8.1.RC1+toolkit-7.7.0.1.225,template_v2_al1_01,96,5248,1024,fp16,0,0,searched,calibration_template_probe,20:96:272:1024:48:32:16:64:1:1:1:0:64:1:2:2:2:1:1:1:20:0:10,,1,numeric_signed_axes_full_v3,0.012912800312,0.0127823996544011,0.0129051995277,within_noise,within_noise,1
net_log30:template_v2_al1_01:rank53,net_log30,Ascend910B3,20,8.1.RC1+toolkit-7.7.0.1.225,template_v2_al1_01,96,5248,1024,fp16,0,0,searched,calibration_template_probe,18:96:304:1024:16:48:64:16:2:1:1:1:16:1:2:1:1:1:1:1:18:2:10,,1,numeric_signed_axes_full_v3,0.0127784001827,0.0127823996544324,0.0129051995276501,within_noise,within_noise,1
net_log30:template_v2_al1_01:rank54,net_log30,Ascend910B3,20,8.1.RC1+toolkit-7.7.0.1.225,template_v2_al1_01,96,5248,1024,fp16,0,0,searched,calibration_template_probe,16:96:336:1024:16:48:64:16:2:1:1:1:16:1:2:1:1:1:1:1:16:2:10,,1,numeric_signed_axes_full_v3,0.0129063999653,0.0127823996544009,0.012905199527694,within_noise,within_noise,1
net_log30:template_v2_al1_01:rank55,net_log30,Ascend910B3,20,8.1.RC1+toolkit-7.7.0.1.225,template_v2_al1_01,96,5248,1024,fp16,0,0,searched,calibration_template_probe,19:96:288:1024:16:48:64:16:1:1:1:1:16:1:2:1:1:1:1:1:19:1:10,,1,numeric_signed_axes_full_v3,0.0129304003716,0.0127823996544064,0.0129051995276949,within_noise,within_noise,1
net_log30:template_v2_al1_01:rank56,net_log30,Ascend910B3,20,8.1.RC1+toolkit-7.7.0.1.225,template_v2_al1_01,96,5248,1024,fp16,0,0,searched,calibration_template_probe,19:96:288:1024:16:48:64:16:2:1:1:1:16:1:2:1:1:1:1:1:19:2:10,,1,numeric_signed_axes_full_v3,0.0127644002438,0.0127823996544159,0.012905199527647,within_noise,within_noise,1
net_log30:template_v2_al1_02:rank1,net_log30,Ascend910B3,20,8.1.RC1+toolkit-7.7.0.1.225,template_v2_al1_02,128,5376,1024,bf16,0,1,searched,calibration_template_probe,20:128:272:1024:64:16:16:64:2:1:1:1:64:1:1:1:1:1:1:1:20:1:10,,1,numeric_signed_axes_full_v3,0.0142480003834,0.0140675997734056,0.0141955995559929,within_noise,within_noise,1
net_log30:template_v2_al1_02:rank2,net_log30,Ascend910B3,20,8.1.RC1+toolkit-7.7.0.1.225,template_v2_al1_02,128,5376,1024,bf16,0,1,searched,calibration_template_probe,17:128:320:1024:48:32:16:64:1:1:1:0:64:1:2:2:2:1:1:1:17:0:10,,1,numeric_signed_axes_full_v3,0.0140567994118,0.0140675997734199,0.0141955995560542,within_noise,within_noise,1
net_log30:template_v2_al1_02:rank3,net_log30,Ascend910B3,20,8.1.RC1+toolkit-7.7.0.1.225,template_v2_al1_02,128,5376,1024,bf16,0,1,searched,calibration_template_probe,20:128:272:1024:16:16:80:13:2:1:1:0:13:1:1:2:1:1:1:1:20:2:10,,1,numeric_signed_axes_full_v3,0.0142071998119,0.0140675997734059,0.0141955995559948,within_noise,within_noise,1
net_log30:template_v2_al1_02:rank4,net_log30,Ascend910B3,20,8.1.RC1+toolkit-7.7.0.1.225,template_v2_al1_02,128,5376,1024,bf16,0,1,searched,calibration_template_probe,15:128:368:1024:16:48:64:16:2:1:1:1:16:1:2:1:1:1:1:1:15:2:10,,1,numeric_signed_axes_full_v3,0.0142060005665,0.0140675997734016,0.014195599556003,within_noise,within_noise,1
net_log30:template_v2_al1_02:rank5,net_log30,Ascend910B3,20,8.1.RC1+toolkit-7.7.0.1.225,template_v2_al1_02,128,5376,1024,bf16,0,1,searched,calibration_template_probe,17:128:320:1024:32:160:16:64:1:1:1:0:64:1:2:1:1:1:1:1:17:1:10,,1,numeric_signed_axes_full_v3,0.0140708005428,0.0140675997734039,0.0141955995560315,within_noise,within_noise,1
net_log30:template_v2_al1_02:rank6,net_log30,Ascend910B3,20,8.1.RC1+toolkit-7.7.0.1.225,template_v2_al1_02,128,5376,1024,bf16,0,1,searched,calibration_template_probe,14:128:384:1024:128:32:16:64:2:1:1:1:64:1:1:2:1:1:1:1:14:0:10,,1,numeric_signed_axes_full_v3,0.0142104005814,0.0140675997733966,0.0141955995559997,within_noise,within_noise,1
net_log30:template_v2_al1_02:rank7,net_log30,Ascend910B3,20,8.1.RC1+toolkit-7.7.0.1.225,template_v2_al1_02,128,5376,1024,bf16,0,1,searched,calibration_template_probe,14:128:384:1024:48:32:64:16:1:1:1:0:16:1:1:1:1:1:1:1:14:0:10,,1,numeric_signed_axes_full_v3,0.0142123997211,0.0140675997734037,0.0141955995560056,within_noise,within_noise,1
net_log30:template_v2_al1_02:rank8,net_log30,Ascend910B3,20,8.1.RC1+toolkit-7.7.0.1.225,template_v2_al1_02,128,5376,1024,bf16,0,1,searched,calibration_template_probe,16:128:336:1024:64:96:16:64:1:1:1:0:64:1:1:2:1:1:1:1:16:1:10,,1,numeric_signed_axes_full_v3,0.0140856003761,0.0140675997734021,0.014195599556001,within_noise,within_noise,1
net_log30:template_v2_al1_02:rank9,net_log30,Ascend910B3,20,8.1.RC1+toolkit-7.7.0.1.225,template_v2_al1_02,128,5376,1024,bf16,0,1,searched,calibration_template_probe,20:128:272:1024:16:32:80:13:1:1:1:0:13:1:2:1:1:1:1:1:20:0:10,,1,numeric_signed_axes_full_v3,0.0140804004669,0.0141967999935472,0.0140812003613558,within_noise,within_noise,1
net_log30:template_v2_al1_02:rank10,net_log30,Ascend910B3,20,8.1.RC1+toolkit-7.7.0.1.225,template_v2_al1_02,128,5376,1024,bf16,0,1,searched,calibration_template_probe,20:128:272:1024:48:80:32:32:2:1:1:1:32:1:1:1:1:1:1:1:20:2:10,,1,numeric_signed_axes_full_v3,0.0142359995842,0.0141967999935051,0.0140812003613028,within_noise,within_noise,1
net_log30:template_v2_al1_02:rank11,net_log30,Ascend910B3,20,8.1.RC1+toolkit-7.7.0.1.225,template_v2_al1_02,128,5376,1024,bf16,0,1,searched,calibration_template_probe,20:128:272:1024:64:16:16:64:2:1:1:0:64:1:2:2:1:1:1:1:20:1:10,,1,numeric_signed_axes_full_v3,0.0142276000977,0.014196799993507,0.0140812003612997,within_noise,regressed,1
net_log30:template_v2_al1_02:rank12,net_log30,Ascend910B3,20,8.1.RC1+toolkit-7.7.0.1.225,template_v2_al1_02,128,5376,1024,bf16,0,1,searched,calibration_template_probe,15:128:368:1024:48:32:32:32:2:1:1:0:32:1:2:2:1:1:1:1:15:2:10,,1,numeric_signed_axes_full_v3,0.0140796005726,0.0141967999935349,0.0140812003613016,within_noise,within_noise,1
net_log30:template_v2_al1_02:rank13,net_log30,Ascend910B3,20,8.1.RC1+toolkit-7.7.0.1.225,template_v2_al1_02,128,5376,1024,bf16,0,1,searched,calibration_template_probe,15:128:368:1024:48:32:48:22:2:1:1:1:22:1:1:2:1:1:1:1:15:1:10,,1,numeric_signed_axes_full_v3,0.0141939997673,0.0141967999934978,0.0140812003613024,within_noise,within_noise,1
net_log30:template_v2_al1_02:rank14,net_log30,Ascend910B3,20,8.1.RC1+toolkit-7.7.0.1.225,template_v2_al1_02,128,5376,1024,bf16,0,1,searched,calibration_template_probe,20:128:272:1024:16:16:160:7:2:1:1:1:7:1:1:1:1:1:1:1:20:2:10,,1,numeric_signed_axes_full_v3,0.0142455995083,0.014196799993502,0.0140812003612959,within_noise,regressed,1
net_log30:template_v2_al1_02:rank15,net_log30,Ascend910B3,20,8.1.RC1+toolkit-7.7.0.1.225,template_v2_al1_02,128,5376,1024,bf16,0,1,searched,calibration_template_probe,20:128:272:1024:48:32:64:16:2:1:1:0:16:1:1:1:1:1:1:1:20:1:10,,1,numeric_signed_axes_full_v3,0.0140851998329,0.0141967999934423,0.0140812003612958,within_noise,within_noise,1
net_log30:template_v2_al1_02:rank16,net_log30,Ascend910B3,20,8.1.RC1+toolkit-7.7.0.1.225,template_v2_al1_02,128,5376,1024,bf16,0,1,searched,calibration_template_probe,20:128:272:1024:32:16:64:16:2:1:1:1:16:1:1:1:1:1:1:1:20:0:10,,1,numeric_signed_axes_full_v3,0.0142100000381,0.0141967999934943,0.0140812003613003,within_noise,within_noise,1
net_log30:template_v2_al1_02:rank17,net_log30,Ascend910B3,20,8.1.RC1+toolkit-7.7.0.1.225,template_v2_al1_02,128,5376,1024,bf16,0,1,searched,calibration_template_probe,20:128:272:1024:16:48:64:16:1:1:1:1:16:1:2:1:1:1:1:1:20:1:10,,1,numeric_signed_axes_full_v3,0.0142007994652,0.014075200557694,0.0140812003613009,within_noise,within_noise,1
net_log30:template_v2_al1_02:rank18,net_log30,Ascend910B3,20,8.1.RC1+toolkit-7.7.0.1.225,template_v2_al1_02,128,5376,1024,bf16,0,1,searched,calibration_template_probe,20:128:272:1024:64:96:16:64:2:1:1:0:64:1:1:1:1:1:1:1:20:0:10,,1,numeric_signed_axes_full_v3,0.0142379999161,0.0140752005577017,0.0140812003612951,within_noise,regressed,1
net_log30:template_v2_al1_02:rank19,net_log30,Ascend910B3,20,8.1.RC1+toolkit-7.7.0.1.225,template_v2_al1_02,128,5376,1024,bf16,0,1,searched,calibration_template_probe,19:128:288:1024:128:32:16:64:1:1:1:1:64:1:1:2:1:1:1:1:19:2:10,,1,numeric_signed_axes_full_v3,0.0140851998329,0.0140752005576982,0.0140812003612958,within_noise,within_noise,1
net_log30:template_v2_al1_02:rank20,net_log30,Ascend910B3,20,8.1.RC1+toolkit-7.7.0.1.225,template_v2_al1_02,128,5376,1024,bf16,0,1,searched,calibration_template_probe,20:128:272:1024:64:32:32:32:1:1:1:0:32:1:1:2:1:1:1:1:20:2:10,,1,numeric_signed_axes_full_v3,0.0141988003254,0.0140752005576941,0.0140812003612991,within_noise,within_noise,1
net_log30:template_v2_al1_02:rank21,net_log30,Ascend910B3,20,8.1.RC1+toolkit-7.7.0.1.225,template_v2_al1_02,128,5376,1024,bf16,0,1,searched,calibration_template_probe,17:128:320:1024:16:32:80:13:2:1:1:0:13:1:2:1:1:1:1:1:17:1:10,,1,numeric_signed_axes_full_v3,0.0142320001125,0.0140752005577035,0.0140812003613038,within_noise,regressed,1
net_log30:template_v2_al1_02:rank22,net_log30,Ascend910B3,20,8.1.RC1+toolkit-7.7.0.1.225,template_v2_al1_02,128,5376,1024,bf16,0,1,searched,calibration_template_probe,19:128:288:1024:64:32:16:64:1:1:1:1:64:1:1:2:1:1:1:1:19:0:10,,1,numeric_signed_axes_full_v3,0.0141727995872,0.014075200557697,0.0140812003613027,within_noise,within_noise,1
net_log30:template_v2_al1_02:rank23,net_log30,Ascend910B3,20,8.1.RC1+toolkit-7.7.0.1.225,template_v2_al1_02,128,5376,1024,bf16,0,1,searched,calibration_template_probe,20:128:272:1024:32:16:80:13:2:1:1:1:13:1:1:2:1:1:1:1:20:2:10,,1,numeric_signed_axes_full_v3,0.0141776001453,0.0140752005577005,0.0140812003613061,within_noise,within_noise,1
net_log30:template_v2_al1_02:rank24,net_log30,Ascend910B3,20,8.1.RC1+toolkit-7.7.0.1.225,template_v2_al1_02,128,5376,1024,bf16,0,1,searched,calibration_template_probe,15:128:368:1024:48:64:48:22:1:1:1:1:22:1:1:1:1:1:1:1:15:0:10,,1,numeric_signed_axes_full_v3,0.014240000248,0.014075200557696,0.0140812003612941,within_noise,regressed,1
net_log30:template_v2_al1_02:rank25,net_log30,Ascend910B3,20,8.1.RC1+toolkit-7.7.0.1.225,template_v2_al1_02,128,5376,1024,bf16,0,1,searched,calibration_template_probe,14:128:384:1024:48:16:64:16:2:1:1:0:16:1:1:1:1:1:1:1:14:1:10,,1,numeric_signed_axes_full_v3,0.0142315995693,0.014075200557701,0.0142159998417042,within_noise,within_noise,1
net_log30:template_v2_al1_02:rank26,net_log30,Ascend910B3,20,8.1.RC1+toolkit-7.7.0.1.225,template_v2_al1_02,128,5376,1024,bf16,0,1,searched,calibration_template_probe,20:128:272:1024:32:160:16:64:2:1:1:0:64:1:2:1:1:1:1:1:20:2:10,,1,numeric_signed_axes_full_v3,0.014078400135,0.0140752005576966,0.014215999841713,within_noise,within_noise,1
net_log30:template_v2_al1_02:rank27,net_log30,Ascend910B3,20,8.1.RC1+toolkit-7.7.0.1.225,template_v2_al1_02,128,5376,1024,bf16,0,1,searched,calibration_template_probe,14:128:384:1024:64:32:32:32:2:1:1:0:32:1:1:2:1:1:1:1:14:0:10,,1,numeric_signed_axes_full_v3,0.0141963994503,0.0140752005576941,0.0142159998416535,within_noise,within_noise,1
net_log30:template_v2_al1_02:rank28,net_log30,Ascend910B3,20,8.1.RC1+toolkit-7.7.0.1.225,template_v2_al1_02,128,5376,1024,bf16,0,1,searched,calibration_template_probe,20:128:272:1024:48:32:16:64:2:1:1:0:64:1:2:2:2:1:1:1:20:1:10,,1,numeric_signed_axes_full_v3,0.014240000248,0.014075200557696,0.0142159998417054,within_noise,within_noise,1
net_log30:template_v2_al1_02:rank29,net_log30,Ascend910B3,20,8.1.RC1+toolkit-7.7.0.1.225,template_v2_al1_02,128,5376,1024,bf16,0,1,searched,calibration_template_probe,16:128:336:1024:64:48:16:64:1:1:1:0:64:1:1:1:1:1:1:1:16:1:10,,1,numeric_signed_axes_full_v3,0.0140608000755,0.0140752005576492,0.014215999841669,within_noise,improved,1
net_log30:template_v2_al1_02:rank30,net_log30,Ascend910B3,20,8.1.RC1+toolkit-7.7.0.1.225,template_v2_al1_02,128,5376,1024,bf16,0,1,searched,calibration_template_probe,20:128:272:1024:32:96:32:32:2:1:1:0:32:1:2:1:1:1:1:1:20:0:10,,1,numeric_signed_axes_full_v3,0.0142208003998,0.0140752005577013,0.0142159998417031,within_noise,within_noise,1
net_log30:template_v2_al1_02:rank31,net_log30,Ascend910B3,20,8.1.RC1+toolkit-7.7.0.1.225,template_v2_al1_02,128,5376,1024,bf16,0,1,searched,calibration_template_probe,15:128:368:1024:48:16:32:32:1:1:1:1:32:1:1:1:1:1:1:1:15:1:10,,1,numeric_signed_axes_full_v3,0.0142276000977,0.0140752005576963,0.0142159998416995,within_noise,within_noise,1
net_log30:template_v2_al1_02:rank32,net_log30,Ascend910B3,20,8.1.RC1+toolkit-7.7.0.1.225,template_v2_al1_02,128,5376,1024,bf16,0,1,searched,calibration_template_probe,20:128:272:1024:48:64:48:22:2:1:1:1:22:1:1:1:1:1:1:1:20:1:10,,1,numeric_signed_axes_full_v3,0.0140931999683,0.0140752005577031,0.0142159998416656,within_noise,within_noise,1
net_log30:template_v2_al1_02:rank33,net_log30,Ascend910B3,20,8.1.RC1+toolkit-7.7.0.1.225,template_v2_al1_02,128,5376,1024,bf16,0,1,searched,calibration_template_probe,17:128:320:1024:48:16:64:16:1:1:1:0:16:1:1:2:1:1:1:1:17:2:10,,1,numeric_signed_axes_full_v3,0.0140815997124,0.0141856002808309,0.0140719997883027,within_noise,within_noise,1
net_log30:template_v2_al1_02:rank34,net_log30,Ascend910B3,20,8.1.RC1+toolkit-7.7.0.1.225,template_v2_al1_02,128,5376,1024,bf16,0,1,searched,calibration_template_probe,20:128:272:1024:48:32:32:32:2:1:1:0:32:1:2:1:1:1:1:1:20:0:10,,1,numeric_signed_axes_full_v3,0.0141895997524,0.0141856002807958,0.014071999788303,within_noise,within_noise,1
net_log30:template_v2_al1_02:rank35,net_log30,Ascend910B3,20,8.1.RC1+toolkit-7.7.0.1.225,template_v2_al1_02,128,5376,1024,bf16,0,1,searched,calibration_template_probe,20:128:272:1024:48:16:32:32:2:1:1:0:32:1:2:2:1:1:1:1:20:2:10,,1,numeric_signed_axes_full_v3,0.014240000248,0.0141856002808028,0.0140719997882975,within_noise,within_noise,1
net_log30:template_v2_al1_02:rank36,net_log30,Ascend910B3,20,8.1.RC1+toolkit-7.7.0.1.225,template_v2_al1_02,128,5376,1024,bf16,0,1,searched,calibration_template_probe,20:128:272:1024:16:48:64:16:2:1:1:1:16:1:2:1:1:1:1:1:20:2:10,,1,numeric_signed_axes_full_v3,0.0141035997868,0.014185600280863,0.0140719997882962,within_noise,within_noise,1
net_log30:template_v2_al1_02:rank37,net_log30,Ascend910B3,20,8.1.RC1+toolkit-7.7.0.1.225,template_v2_al1_02,128,5376,1024,bf16,0,1,searched,calibration_template_probe,20:128:272:1024:48:64:48:22:1:1:1:1:22:1:1:1:1:1:1:1:20:0:10,,1,numeric_signed_axes_full_v3,0.014214400053,0.0141856002808049,0.0140719997883008,within_noise,regressed,1
net_log30:template_v2_al1_02:rank38,net_log30,Ascend910B3,20,8.1.RC1+toolkit-7.7.0.1.225,template_v2_al1_02,128,5376,1024,bf16,0,1,searched,calibration_template_probe,20:128:272:1024:64:32:16:64:2:1:1:1:64:1:1:2:1:1:1:1:20:1:10,,1,numeric_signed_axes_full_v3,0.0142488002777,0.0141856002807974,0.0140719997883036,within_noise,regressed,1
net_log30:template_v2_al1_02:rank39,net_log30,Ascend910B3,20,8.1.RC1+toolkit-7.7.0.1.225,template_v2_al1_02,128,5376,1024,bf16,0,1,searched,calibration_template_probe,20:128:272:1024:128:32:16:64:2:1:1:1:64:1:1:2:1:1:1:1:20:0:10,,1,numeric_signed_axes_full_v3,0.0140752005577,0.0141856002808565,0.0140719997882936,within_noise,within_noise,1
net_log30:template_v2_al1_02:rank40,net_log30,Ascend910B3,20,8.1.RC1+toolkit-7.7.0.1.225,template_v2_al1_02,128,5376,1024,bf16,0,1,searched,calibration_template_probe,20:128:272:1024:48:32:64:16:1:1:1:0:16:1:1:1:1:1:1:1:20:0:10,,1,numeric_signed_axes_full_v3,0.014195599556,0.0141856002808054,0.0140719997883015,within_noise,within_noise,1
net_log30:template_v2_al1_02:rank41,net_log30,Ascend910B3,20,8.1.RC1+toolkit-7.7.0.1.225,template_v2_al1_02,128,5376,1024,bf16,0,1,searched,calibration_template_probe,15:128:368:1024:128:32:16:64:1:1:1:1:64:1:1:2:1:1:1:1:15:2:10,,1,numeric_signed_axes_full_v3,0.0141843998432,0.0140520000458007,0.0140719997883029,within_noise,within_noise,1
net_log30:template_v2_al1_02:rank42,net_log30,Ascend910B3,20,8.1.RC1+toolkit-7.7.0.1.225,template_v2_al1_02,128,5376,1024,bf16,0,1,searched,calibration_template_probe,16:128:336:1024:16:48:64:16:1:1:1:1:16:1:2:1:1:1:1:1:16:1:10,,1,numeric_signed_axes_full_v3,0.0142483997345,0.0140520000457965,0.0140719997883032,regressed,regressed,1
net_log30:template_v2_al1_02:rank43,net_log30,Ascend910B3,20,8.1.RC1+toolkit-7.7.0.1.225,template_v2_al1_02,128,5376,1024,bf16,0,1,searched,calibration_template_probe,15:128:368:1024:48:32:64:16:2:1:1:0:16:1:1:1:1:1:1:1:15:1:10,,1,numeric_signed_axes_full_v3,0.0140748000145,0.0140520000457988,0.0140719997882933,within_noise,within_noise,1
net_log30:template_v2_al1_02:rank44,net_log30,Ascend910B3,20,8.1.RC1+toolkit-7.7.0.1.225,template_v2_al1_02,128,5376,1024,bf16,0,1,searched,calibration_template_probe,20:128:272:1024:48:16:64:16:2:1:1:0:16:1:1:1:1:1:1:1:20:1:10,,1,numeric_signed_axes_full_v3,0.0142048001289,0.0140520000458055,0.0140719997882964,regressed,within_noise,1
net_log30:template_v2_al1_02:rank45,net_log30,Ascend910B3,20,8.1.RC1+toolkit-7.7.0.1.225,template_v2_al1_02,128,5376,1024,bf16,0,1,searched,calibration_template_probe,17:128:320:1024:16:16:160:7:2:1:1:1:7:1:1:1:1:1:1:1:17:2:10,,1,numeric_signed_axes_full_v3,0.014230799675,0.0140520000458008,0.0140719997882974,regressed,regressed,1
net_log30:template_v2_al1_02:rank46,net_log30,Ascend910B3,20,8.1.RC1+toolkit-7.7.0.1.225,template_v2_al1_02,128,5376,1024,bf16,0,1,searched,calibration_template_probe,17:128:320:1024:16:32:80:13:1:1:1:0:13:1:2:1:1:1:1:1:17:0:10,,1,numeric_signed_axes_full_v3,0.0140859997272,0.0140520000457953,0.0140719997882968,within_noise,within_noise,1
net_log30:template_v2_al1_02:rank47,net_log30,Ascend910B3,20,8.1.RC1+toolkit-7.7.0.1.225,template_v2_al1_02,128,5376,1024,bf16,0,1,searched,calibration_template_probe,20:128:272:1024:16:32:80:13:2:1:1:0:13:1:2:1:1:1:1:1:20:1:10,,1,numeric_signed_axes_full_v3,0.0142079997063,0.0140520000457958,0.0140719997882935,regressed,within_noise,1
net_log30:template_v2_al1_02:rank48,net_log30,Ascend910B3,20,8.1.RC1+toolkit-7.7.0.1.225,template_v2_al1_02,128,5376,1024,bf16,0,1,searched,calibration_template_probe,20:128:272:1024:32:160:16:64:1:1:1:0:64:1:2:1:1:1:1:1:20:1:10,,1,numeric_signed_axes_full_v3,0.0142332005501,0.0140520000458026,0.0140719997883004,regressed,regressed,1
net_log30:template_v2_al1_02:rank49,net_log30,Ascend910B3,20,8.1.RC1+toolkit-7.7.0.1.225,template_v2_al1_02,128,5376,1024,bf16,0,1,searched,calibration_template_probe,20:128:272:1024:48:80:32:32:1:1:1:1:32:1:1:1:1:1:1:1:20:1:10,,1,numeric_signed_axes_full_v3,0.0142159998417,0.0140520000458056,0.0141936004162061,regressed,within_noise,1
net_log30:template_v2_al1_02:rank50,net_log30,Ascend910B3,20,8.1.RC1+toolkit-7.7.0.1.225,template_v2_al1_02,128,5376,1024,bf16,0,1,searched,calibration_template_probe,18:128:304:1024:16:48:64:16:2:1:1:1:16:1:2:1:1:1:1:1:18:2:10,,1,numeric_signed_axes_full_v3,0.014078400135,0.0140520000458051,0.0141936004161304,within_noise,within_noise,1
net_log30:template_v2_al1_02:rank51,net_log30,Ascend910B3,20,8.1.RC1+toolkit-7.7.0.1.225,template_v2_al1_02,128,5376,1024,bf16,0,1,searched,calibration_template_probe,18:128:304:1024:16:48:64:16:1:1:1:1:16:1:2:1:1:1:1:1:18:1:10,,1,numeric_signed_axes_full_v3,0.014195599556,0.0140520000457941,0.0141936004162035,regressed,within_noise,1
net_log30:template_v2_al1_02:rank52,net_log30,Ascend910B3,20,8.1.RC1+toolkit-7.7.0.1.225,template_v2_al1_02,128,5376,1024,bf16,0,1,searched,calibration_template_probe,16:128:336:1024:16:48:64:16:2:1:1:1:16:1:2:1:1:1:1:1:16:2:10,,1,numeric_signed_axes_full_v3,0.0142216002941,0.0140520000458045,0.0141936004162048,regressed,within_noise,1
net_log30:template_v2_al1_02:rank53,net_log30,Ascend910B3,20,8.1.RC1+toolkit-7.7.0.1.225,template_v2_al1_02,128,5376,1024,bf16,0,1,searched,calibration_template_probe,14:128:384:1024:48:32:64:16:2:1:1:0:16:1:1:1:1:1:1:1:14:1:10,,1,numeric_signed_axes_full_v3,0.014071199894,0.0140520000457951,0.0141936004161788,within_noise,within_noise,1
net_log30:template_v2_al1_02:rank54,net_log30,Ascend910B3,20,8.1.RC1+toolkit-7.7.0.1.225,template_v2_al1_02,128,5376,1024,bf16,0,1,searched,calibration_template_probe,14:128:384:1024:128:32:16:64:1:1:1:1:64:1:1:2:1:1:1:1:14:2:10,,1,numeric_signed_axes_full_v3,0.0141879999638,0.0140520000458049,0.0141936004161521,within_noise,within_noise,1
net_log30:template_v2_al1_02:rank55,net_log30,Ascend910B3,20,8.1.RC1+toolkit-7.7.0.1.225,template_v2_al1_02,128,5376,1024,bf16,0,1,searched,calibration_template_probe,19:128:288:1024:16:48:64:16:1:1:1:1:16:1:2:1:1:1:1:1:19:1:10,,1,numeric_signed_axes_full_v3,0.0140843999386,0.0140520000457992,0.0141936004162222,within_noise,within_noise,1
net_log30:template_v2_al1_02:rank56,net_log30,Ascend910B3,20,8.1.RC1+toolkit-7.7.0.1.225,template_v2_al1_02,128,5376,1024,bf16,0,1,searched,calibration_template_probe,19:128:288:1024:16:48:64:16:2:1:1:1:16:1:2:1:1:1:1:1:19:2:10,,1,numeric_signed_axes_full_v3,0.0140864002705,0.014052000045803,0.0141936004162091,within_noise,within_noise,1
net_log30:template_v2_al1_03:rank1,net_log30,Ascend910B3,20,8.1.RC1+toolkit-7.7.0.1.225,template_v2_al1_03,144,5504,512,fp32,1,0,searched,calibration_template_probe,15:144:368:512:64:16:16:32:1:1:1:1:32:1:1:1:1:1:1:1:15:1:10,,1,numeric_signed_axes_full_v3,0.0357312011719,0.0347991991042926,0.0356592011451831,within_noise,within_noise,1
net_log30:template_v2_al1_03:rank2,net_log30,Ascend910B3,20,8.1.RC1+toolkit-7.7.0.1.225,template_v2_al1_03,144,5504,512,fp32,1,0,searched,calibration_template_probe,20:144:288:512:32:32:48:11:2:1:1:0:11:1:2:2:2:1:1:1:20:2:10,,1,numeric_signed_axes_full_v3,0.0348844003677,0.0347991991042845,0.0356592011451057,within_noise,improved,1
net_log30:template_v2_al1_03:rank3,net_log30,Ascend910B3,20,8.1.RC1+toolkit-7.7.0.1.225,template_v2_al1_03,144,5504,512,fp32,1,0,searched,calibration_template_probe,20:144:288:512:16:96:16:32:2:1:1:1:32:1:2:1:1:1:1:1:20:0:10,,1,numeric_signed_axes_full_v3,0.035658800602,0.0347991991043061,0.0356592011451832,regressed,within_noise,1
net_log30:template_v2_al1_03:rank4,net_log30,Ascend910B3,20,8.1.RC1+toolkit-7.7.0.1.225,template_v2_al1_03,144,5504,512,fp32,1,0,searched,calibration_template_probe,20:144:288:512:16:16:160:4:2:1:1:0:4:1:1:1:1:1:1:1:20:2:10,,1,numeric_signed_axes_full_v3,0.0356992006302,0.034799199104312,0.0356592011452016,regressed,within_noise,1
net_log30:template_v2_al1_03:rank5,net_log30,Ascend910B3,20,8.1.RC1+toolkit-7.7.0.1.225,template_v2_al1_03,144,5504,512,fp32,1,0,searched,calibration_template_probe,15:144:368:512:48:48:32:16:2:1:1:0:16:1:1:2:1:1:1:1:15:0:10,,1,numeric_signed_axes_full_v3,0.0349672007561,0.0347991991042955,0.0356592011450454,within_noise,improved,1
net_log30:template_v2_al1_03:rank6,net_log30,Ascend910B3,20,8.1.RC1+toolkit-7.7.0.1.225,template_v2_al1_03,144,5504,512,fp32,1,0,searched,calibration_template_probe,20:144:288:512:80:96:16:32:2:1:1:0:32:1:2:1:1:1:1:1:20:0:10,,1,numeric_signed_axes_full_v3,0.0356812000275,0.0347991991043035,0.0356592011452163,regressed,within_noise,1
net_log30:template_v2_al1_03:rank7,net_log30,Ascend910B3,20,8.1.RC1+toolkit-7.7.0.1.225,template_v2_al1_03,144,5504,512,fp32,1,0,searched,calibration_template_probe,15:144:368:512:48:48:32:16:2:1:1:1:16:1:2:1:1:1:1:1:15:2:10,,1,numeric_signed_axes_full_v3,0.035724799633,0.0347991991043025,0.0356592011451984,regressed,within_noise,1
net_log30:template_v2_al1_03:rank8,net_log30,Ascend910B3,20,8.1.RC1+toolkit-7.7.0.1.225,template_v2_al1_03,144,5504,512,fp32,1,0,searched,calibration_template_probe,20:144:288:512:96:16:16:32:2:1:1:0:32:1:1:1:1:1:1:1:20:2:10,,1,numeric_signed_axes_full_v3,0.0348327994347,0.0347991991042833,0.0356592011450289,within_noise,improved,1
net_log30:template_v2_al1_03:rank9,net_log30,Ascend910B3,20,8.1.RC1+toolkit-7.7.0.1.225,template_v2_al1_03,144,5504,512,fp32,1,0,searched,calibration_template_probe,20:144:288:512:48:32:16:32:1:1:1:1:32:1:2:2:2:1:1:1:20:1:10,,1,numeric_signed_axes_full_v3,0.0349399995804,0.0348264002800105,0.0357471990584042,within_noise,improved,1
net_log30:template_v2_al1_03:rank10,net_log30,Ascend910B3,20,8.1.RC1+toolkit-7.7.0.1.225,template_v2_al1_03,144,5504,512,fp32,1,0,searched,calibration_template_probe,20:144:288:512:16:16:80:7:2:1:1:0:7:1:2:1:1:1:1:1:20:1:10,,1,numeric_signed_axes_full_v3,0.0356663990021,0.0348264002800152,0.0357471990583822,regressed,within_noise,1
net_log30:template_v2_al1_03:rank11,net_log30,Ascend910B3,20,8.1.RC1+toolkit-7.7.0.1.225,template_v2_al1_03,144,5504,512,fp32,1,0,searched,calibration_template_probe,17:144:336:512:32:32:80:7:2:1:1:1:7:1:1:1:1:1:1:1:17:0:10,,1,numeric_signed_axes_full_v3,0.0347695994377,0.0348264002799267,0.0357471990586581,within_noise,improved,1
net_log30:template_v2_al1_03:rank12,net_log30,Ascend910B3,20,8.1.RC1+toolkit-7.7.0.1.225,template_v2_al1_03,144,5504,512,fp32,1,0,searched,calibration_template_probe,20:144:288:512:16:80:16:32:1:1:1:0:32:1:2:1:1:1:1:1:20:2:10,,1,numeric_signed_axes_full_v3,0.0357807993889,0.034826400280017,0.035747199058509,regressed,within_noise,1
net_log30:template_v2_al1_03:rank13,net_log30,Ascend910B3,20,8.1.RC1+toolkit-7.7.0.1.225,template_v2_al1_03,144,5504,512,fp32,1,0,searched,calibration_template_probe,15:144:368:512:80:64:16:32:2:1:1:0:32:1:2:2:1:1:1:1:15:2:10,,1,numeric_signed_axes_full_v3,0.035703599453,0.0348264002799867,0.0357471990584257,regressed,within_noise,1
net_log30:template_v2_al1_03:rank14,net_log30,Ascend910B3,20,8.1.RC1+toolkit-7.7.0.1.225,template_v2_al1_03,144,5504,512,fp32,1,0,searched,calibration_template_probe,20:144:288:512:16:16:80:7:1:1:1:1:7:1:2:2:2:1:1:1:20:0:10,,1,numeric_signed_axes_full_v3,0.0349187994003,0.0348264002800101,0.0357471990583864,within_noise,improved,1
net_log30:template_v2_al1_03:rank15,net_log30,Ascend910B3,20,8.1.RC1+toolkit-7.7.0.1.225,template_v2_al1_03,144,5504,512,fp32,1,0,searched,calibration_template_probe,19:144:304:512:80:16:16:32:1:1:1:1:32:1:1:2:1:1:1:1:19:0:10,,1,numeric_signed_axes_full_v3,0.0357471990585,0.0348264002800038,0.0357471990585,regressed,within_noise,1
net_log30:template_v2_al1_03:rank16,net_log30,Ascend910B3,20,8.1.RC1+toolkit-7.7.0.1.225,template_v2_al1_03,144,5504,512,fp32,1,0,searched,calibration_template_probe,20:144:288:512:48:16:16:32:2:1:1:0:32:1:2:2:1:1:1:1:20:0:10,,1,numeric_signed_axes_full_v3,0.0357376003265,0.0348264002799858,0.0357471990585521,regressed,within_noise,1
net_log30:template_v2_al1_03:rank17,net_log30,Ascend910B3,20,8.1.RC1+toolkit-7.7.0.1.225,template_v2_al1_03,144,5504,512,fp32,1,0,searched,calibration_template_probe,15:144:368:512:64:64:48:11:2:1:1:0:11:1:1:1:1:1:1:1:15:1:10,,1,numeric_signed_axes_full_v3,0.0356507992744,0.0348264002799871,0.0356951999662749,regressed,within_noise,1
net_log30:template_v2_al1_03:rank18,net_log30,Ascend910B3,20,8.1.RC1+toolkit-7.7.0.1.225,template_v2_al1_03,144,5504,512,fp32,1,0,searched,calibration_template_probe,20:144:288:512:96:128:16:32:1:1:1:1:32:1:1:1:1:1:1:1:20:1:10,,1,numeric_signed_axes_full_v3,0.034756000042,0.0348264002799759,0.0356951999665208,within_noise,improved,1
net_log30:template_v2_al1_03:rank19,net_log30,Ascend910B3,20,8.1.RC1+toolkit-7.7.0.1.225,template_v2_al1_03,144,5504,512,fp32,1,0,searched,calibration_template_probe,14:144:400:512:112:64:16:32:2:1:1:1:32:1:1:1:1:1:1:1:14:0:10,,1,numeric_signed_axes_full_v3,0.0363991999626,0.0348264002799946,0.0356951999663968,regressed,regressed,1
net_log30:template_v2_al1_03:rank20,net_log30,Ascend910B3,20,8.1.RC1+toolkit-7.7.0.1.225,template_v2_al1_03,144,5504,512,fp32,1,0,searched,calibration_template_probe,20:144:288:512:48:32:32:16:2:1:1:0:16:1:1:1:1:1:1:1:20:0:10,,1,numeric_signed_axes_full_v3,0.0359103989601,0.0348264002800172,0.0356951999663866,regressed,within_noise,1
net_log30:template_v2_al1_03:rank21,net_log30,Ascend910B3,20,8.1.RC1+toolkit-7.7.0.1.225,template_v2_al1_03,144,5504,512,fp32,1,0,searched,calibration_template_probe,20:144:288:512:48:48:32:16:1:1:1:0:16:1:1:2:1:1:1:1:20:2:10,,1,numeric_signed_axes_full_v3,0.0349252009392,0.0348264002800021,0.0356951999662703,within_noise,improved,1
net_log30:template_v2_al1_03:rank22,net_log30,Ascend910B3,20,8.1.RC1+toolkit-7.7.0.1.225,template_v2_al1_03,144,5504,512,fp32,1,0,searched,calibration_template_probe,20:144:288:512:48:48:32:16:1:1:1:1:16:1:2:1:1:1:1:1:20:1:10,,1,numeric_signed_axes_full_v3,0.034852399826,0.0348264002800018,0.0356951999664501,within_noise,improved,1
net_log30:template_v2_al1_03:rank23,net_log30,Ascend910B3,20,8.1.RC1+toolkit-7.7.0.1.225,template_v2_al1_03,144,5504,512,fp32,1,0,searched,calibration_template_probe,15:144:368:512:64:32:16:32:1:1:1:1:32:1:1:2:1:1:1:1:15:2:10,,1,numeric_signed_axes_full_v3,0.0357331991196,0.0348264002800011,0.0356951999664078,regressed,within_noise,1
net_log30:template_v2_al1_03:rank24,net_log30,Ascend910B3,20,8.1.RC1+toolkit-7.7.0.1.225,template_v2_al1_03,144,5504,512,fp32,1,0,searched,calibration_template_probe,19:144:304:512:96:16:16:32:2:1:1:0:32:1:1:2:1:1:1:1:19:1:10,,1,numeric_signed_axes_full_v3,0.0350239992142,0.0348264002799864,0.0356951999662604,within_noise,improved,1
net_log30:template_v2_al1_03:rank25,net_log30,Ascend910B3,20,8.1.RC1+toolkit-7.7.0.1.225,template_v2_al1_03,144,5504,512,fp32,1,0,searched,calibration_template_probe,20:144:288:512:48:96:16:32:1:1:1:1:32:1:1:1:1:1:1:1:20:0:10,,1,numeric_signed_axes_full_v3,0.0349376010895,0.0348880004882827,0.034947199821567,within_noise,within_noise,1
net_log30:template_v2_al1_03:rank26,net_log30,Ascend910B3,20,8.1.RC1+toolkit-7.7.0.1.225,template_v2_al1_03,144,5504,512,fp32,1,0,searched,calibration_template_probe,15:144:368:512:96:128:16:32:2:1:1:1:32:1:1:1:1:1:1:1:15:2:10,,1,numeric_signed_axes_full_v3,0.0348668003082,0.0348880004883845,0.0349471998213259,within_noise,within_noise,1
net_log30:template_v2_al1_03:rank27,net_log30,Ascend910B3,20,8.1.RC1+toolkit-7.7.0.1.225,template_v2_al1_03,144,5504,512,fp32,1,0,searched,calibration_template_probe,20:144:288:512:16:32:48:11:2:1:1:1:11:1:2:1:1:1:1:1:20:1:10,,1,numeric_signed_axes_full_v3,0.0356547999382,0.0348880004883028,0.0349471998214988,regressed,regressed,1
net_log30:template_v2_al1_03:rank28,net_log30,Ascend910B3,20,8.1.RC1+toolkit-7.7.0.1.225,template_v2_al1_03,144,5504,512,fp32,1,0,searched,calibration_template_probe,15:144:368:512:96:16:16:32:1:1:1:0:32:1:1:2:1:1:1:1:15:0:10,,1,numeric_signed_axes_full_v3,0.034896800518,0.0348880004883095,0.0349471998215329,within_noise,within_noise,1
net_log30:template_v2_al1_03:rank29,net_log30,Ascend910B3,20,8.1.RC1+toolkit-7.7.0.1.225,template_v2_al1_03,144,5504,512,fp32,1,0,searched,calibration_template_probe,20:144:288:512:64:16:16:32:2:1:1:1:32:1:1:1:1:1:1:1:20:2:10,,1,numeric_signed_axes_full_v3,0.0362619996071,0.0348880004883118,0.0349471998215148,regressed,regressed,1
net_log30:template_v2_al1_03:rank30,net_log30,Ascend910B3,20,8.1.RC1+toolkit-7.7.0.1.225,template_v2_al1_03,144,5504,512,fp32,1,0,searched,calibration_template_probe,20:144:288:512:48:64:16:32:1:1:1:1:32:1:2:2:2:1:1:1:20:2:10,,1,numeric_signed_axes_full_v3,0.0357371997833,0.0348880004883133,0.0349471998215,regressed,regressed,1
net_log30:template_v2_al1_03:rank31,net_log30,Ascend910B3,20,8.1.RC1+toolkit-7.7.0.1.225,template_v2_al1_03,144,5504,512,fp32,1,0,searched,calibration_template_probe,15:144:368:512:64:48:16:32:2:1:1:0:32:1:1:1:1:1:1:1:15:2:10,,1,numeric_signed_axes_full_v3,0.0349559998512,0.0348880004882902,0.0349471998214871,within_noise,within_noise,1
net_log30:template_v2_al1_03:rank32,net_log30,Ascend910B3,20,8.1.RC1+toolkit-7.7.0.1.225,template_v2_al1_03,144,5504,512,fp32,1,0,searched,calibration_template_probe,20:144:288:512:16:16:48:11:2:1:1:0:11:1:2:1:1:1:1:1:20:2:10,,1,numeric_signed_axes_full_v3,0.0348352003098,0.0348880004883078,0.0349471998213521,within_noise,within_noise,1
net_log30:template_v2_al1_03:rank33,net_log30,Ascend910B3,20,8.1.RC1+toolkit-7.7.0.1.225,template_v2_al1_03,144,5504,512,fp32,1,0,searched,calibration_template_probe,20:144:288:512:16:48:32:16:1:1:1:1:16:1:2:1:1:1:1:1:20:2:10,,1,numeric_signed_axes_full_v3,0.0348936009407,0.0349803996087417,0.0349099993706067,within_noise,within_noise,1
net_log30:template_v2_al1_03:rank34,net_log30,Ascend910B3,20,8.1.RC1+toolkit-7.7.0.1.225,template_v2_al1_03,144,5504,512,fp32,1,0,searched,calibration_template_probe,20:144:288:512:16:16:160:4:1:1:1:0:4:1:1:1:1:1:1:1:20:1:10,,1,numeric_signed_axes_full_v3,0.0356556010246,0.0349803996086056,0.0349099993706156,regressed,regressed,1
net_log30:template_v2_al1_03:rank35,net_log30,Ascend910B3,20,8.1.RC1+toolkit-7.7.0.1.225,template_v2_al1_03,144,5504,512,fp32,1,0,searched,calibration_template_probe,20:144:288:512:48:32:16:32:2:1:1:0:32:1:2:1:1:1:1:1:20:2:10,,1,numeric_signed_axes_full_v3,0.0352191996574,0.0349803996085908,0.0349099993706172,within_noise,within_noise,1
net_log30:template_v2_al1_03:rank36,net_log30,Ascend910B3,20,8.1.RC1+toolkit-7.7.0.1.225,template_v2_al1_03,144,5504,512,fp32,1,0,searched,calibration_template_probe,20:144:288:512:112:64:16:32:2:1:1:1:32:1:1:1:1:1:1:1:20:0:10,,1,numeric_signed_axes_full_v3,0.0348352003098,0.034980399608636,0.0349099993705094,within_noise,within_noise,1
net_log30:template_v2_al1_03:rank37,net_log30,Ascend910B3,20,8.1.RC1+toolkit-7.7.0.1.225,template_v2_al1_03,144,5504,512,fp32,1,0,searched,calibration_template_probe,20:144:288:512:16:32:48:11:1:1:1:1:11:1:2:1:1:1:1:1:20:0:10,,1,numeric_signed_axes_full_v3,0.0357252001762,0.0349803996085823,0.0349099993706024,regressed,regressed,1
net_log30:template_v2_al1_03:rank38,net_log30,Ascend910B3,20,8.1.RC1+toolkit-7.7.0.1.225,template_v2_al1_03,144,5504,512,fp32,1,0,searched,calibration_template_probe,15:144:368:512:64:64:48:11:1:1:1:0:11:1:1:1:1:1:1:1:15:0:10,,1,numeric_signed_axes_full_v3,0.034950799942,0.0349803996084546,0.0349099993706106,within_noise,within_noise,1
net_log30:template_v2_al1_03:rank39,net_log30,Ascend910B3,20,8.1.RC1+toolkit-7.7.0.1.225,template_v2_al1_03,144,5504,512,fp32,1,0,searched,calibration_template_probe,14:144:400:512:96:128:16:32:1:1:1:1:32:1:1:1:1:1:1:1:14:1:10,,1,numeric_signed_axes_full_v3,0.0348408007622,0.0349803996085659,0.0349099993705812,within_noise,within_noise,1
net_log30:template_v2_al1_03:rank40,net_log30,Ascend910B3,20,8.1.RC1+toolkit-7.7.0.1.225,template_v2_al1_03,144,5504,512,fp32,1,0,searched,calibration_template_probe,20:144:288:512:48:48:32:16:2:1:1:0:16:1:1:2:1:1:1:1:20:0:10,,1,numeric_signed_axes_full_v3,0.0356412005424,0.0349803996085854,0.0349099993705893,regressed,regressed,1
net_log30:template_v2_al1_03:rank41,net_log30,Ascend910B3,20,8.1.RC1+toolkit-7.7.0.1.225,template_v2_al1_03,144,5504,512,fp32,1,0,searched,calibration_template_probe,20:144:288:512:48:48:32:16:2:1:1:1:16:1:2:1:1:1:1:1:20:2:10,,1,numeric_signed_axes_full_v3,0.0356735992432,0.0348699998855947,0.0349099993706122,regressed,regressed,1
net_log30:template_v2_al1_03:rank42,net_log30,Ascend910B3,20,8.1.RC1+toolkit-7.7.0.1.225,template_v2_al1_03,144,5504,512,fp32,1,0,searched,calibration_template_probe,20:144:288:512:64:48:16:32:2:1:1:0:32:1:1:1:1:1:1:1:20:2:10,,1,numeric_signed_axes_full_v3,0.0348271989822,0.0348699998854545,0.0349099993706668,within_noise,within_noise,1
net_log30:template_v2_al1_03:rank43,net_log30,Ascend910B3,20,8.1.RC1+toolkit-7.7.0.1.225,template_v2_al1_03,144,5504,512,fp32,1,0,searched,calibration_template_probe,20:144:288:512:48:16:32:16:2:1:1:0:16:1:1:1:1:1:1:1:20:2:10,,1,numeric_signed_axes_full_v3,0.0348043990135,0.0348699998855514,0.0349099993704926,within_noise,within_noise,1
net_log30:template_v2_al1_03:rank44,net_log30,Ascend910B3,20,8.1.RC1+toolkit-7.7.0.1.225,template_v2_al1_03,144,5504,512,fp32,1,0,searched,calibration_template_probe,20:144:288:512:80:16:16:32:2:1:1:1:32:1:1:2:1:1:1:1:20:1:10,,1,numeric_signed_axes_full_v3,0.0356996011734,0.0348699998856087,0.034909999370584,regressed,regressed,1
net_log30:template_v2_al1_03:rank45,net_log30,Ascend910B3,20,8.1.RC1+toolkit-7.7.0.1.225,template_v2_al1_03,144,5504,512,fp32,1,0,searched,calibration_template_probe,15:144:368:512:80:16:16:32:1:1:1:1:32:1:1:2:1:1:1:1:15:0:10,,1,numeric_signed_axes_full_v3,0.0349819993973,0.0348699998855875,0.0349099993706143,within_noise,within_noise,1
net_log30:template_v2_al1_03:rank46,net_log30,Ascend910B3,20,8.1.RC1+toolkit-7.7.0.1.225,template_v2_al1_03,144,5504,512,fp32,1,0,searched,calibration_template_probe,19:144:304:512:64:16:16:32:1:1:1:1:32:1:1:1:1:1:1:1:19:1:10,,1,numeric_signed_axes_full_v3,0.0348307991028,0.0348699998857651,0.0349099993706497,within_noise,within_noise,1
net_log30:template_v2_al1_03:rank47,net_log30,Ascend910B3,20,8.1.RC1+toolkit-7.7.0.1.225,template_v2_al1_03,144,5504,512,fp32,1,0,searched,calibration_template_probe,20:144:288:512:64:64:48:11:1:1:1:0:11:1:1:1:1:1:1:1:20:0:10,,1,numeric_signed_axes_full_v3,0.0357335996628,0.0348699998855856,0.0349099993705949,regressed,regressed,1
net_log30:template_v2_al1_03:rank48,net_log30,Ascend910B3,20,8.1.RC1+toolkit-7.7.0.1.225,template_v2_al1_03,144,5504,512,fp32,1,0,searched,calibration_template_probe,14:144:400:512:112:64:16:32:1:1:1:1:32:1:1:1:1:1:1:1:14:2:10,,1,numeric_signed_axes_full_v3,0.0349839997292,0.0348699998856116,0.0349099993705901,within_noise,within_noise,1
net_log30:template_v2_al1_03:rank49,net_log30,Ascend910B3,20,8.1.RC1+toolkit-7.7.0.1.225,template_v2_al1_03,144,5504,512,fp32,1,0,searched,calibration_template_probe,20:144:288:512:64:32:16:32:2:1:1:1:32:1:1:2:1:1:1:1:20:0:10,,1,numeric_signed_axes_full_v3,0.034946000576,0.0348699998855907,0.0348803997039892,within_noise,within_noise,1
net_log30:template_v2_al1_03:rank50,net_log30,Ascend910B3,20,8.1.RC1+toolkit-7.7.0.1.225,template_v2_al1_03,144,5504,512,fp32,1,0,searched,calibration_template_probe,20:144:288:512:64:96:16:32:2:1:1:1:32:1:1:1:1:1:1:1:20:1:10,,1,numeric_signed_axes_full_v3,0.0348104000092,0.0348699998857597,0.0348803997040616,within_noise,within_noise,1
net_log30:template_v2_al1_03:rank51,net_log30,Ascend910B3,20,8.1.RC1+toolkit-7.7.0.1.225,template_v2_al1_03,144,5504,512,fp32,1,0,searched,calibration_template_probe,20:144:288:512:16:48:32:16:2:1:1:1:16:1:2:1:1:1:1:1:20:0:10,,1,numeric_signed_axes_full_v3,0.0356784009933,0.0348699998855984,0.0348803997039973,regressed,regressed,1
net_log30:template_v2_al1_03:rank52,net_log30,Ascend910B3,20,8.1.RC1+toolkit-7.7.0.1.225,template_v2_al1_03,144,5504,512,fp32,1,0,searched,calibration_template_probe,20:144:288:512:16:96:16:32:1:1:1:1:32:1:2:1:1:1:1:1:20:2:10,,1,numeric_signed_axes_full_v3,0.0349408006668,0.0348699998856151,0.0348803997039953,within_noise,within_noise,1
net_log30:template_v2_al1_03:rank53,net_log30,Ascend910B3,20,8.1.RC1+toolkit-7.7.0.1.225,template_v2_al1_03,144,5504,512,fp32,1,0,searched,calibration_template_probe,20:144:288:512:48:32:32:16:1:1:1:0:16:1:1:1:1:1:1:1:20:2:10,,1,numeric_signed_axes_full_v3,0.034807600975,0.0348699998856523,0.0348803997041524,within_noise,within_noise,1
net_log30:template_v2_al1_03:rank54,net_log30,Ascend910B3,20,8.1.RC1+toolkit-7.7.0.1.225,template_v2_al1_03,144,5504,512,fp32,1,0,searched,calibration_template_probe,20:144:288:512:32:32:80:7:2:1:1:1:7:1:1:1:1:1:1:1:20:0:10,,1,numeric_signed_axes_full_v3,0.0357259988785,0.0348699998856115,0.0348803997039857,regressed,regressed,1
net_log30:template_v2_al1_03:rank55,net_log30,Ascend910B3,20,8.1.RC1+toolkit-7.7.0.1.225,template_v2_al1_03,144,5504,512,fp32,1,0,searched,calibration_template_probe,14:144:400:512:96:128:16:32:2:1:1:1:32:1:1:1:1:1:1:1:14:2:10,,1,numeric_signed_axes_full_v3,0.034934399128,0.0348699998856115,0.0348803997039877,within_noise,within_noise,1
net_log30:template_v2_al1_03:rank56,net_log30,Ascend910B3,20,8.1.RC1+toolkit-7.7.0.1.225,template_v2_al1_03,144,5504,512,fp32,1,0,searched,calibration_template_probe,15:144:368:512:112:64:16:32:2:1:1:1:32:1:1:1:1:1:1:1:15:0:10,,1,numeric_signed_axes_full_v3,0.0348600006104,0.0348699998857435,0.0348803997038884,within_noise,within_noise,1
net_log30:template_v2_al1_04:rank1,net_log30,Ascend910B3,20,8.1.RC1+toolkit-7.7.0.1.225,template_v2_al1_04,176,5632,512,fp32,1,1,searched,calibration_template_probe,15:176:384:512:64:16:16:32:2:1:1:1:32:1:1:1:1:1:1:1:15:2:10,,1,numeric_signed_axes_full_v3,0.0414699983597,,,,,0
net_log30:template_v2_al1_04:rank2,net_log30,Ascend910B3,20,8.1.RC1+toolkit-7.7.0.1.225,template_v2_al1_04,176,5632,512,fp32,1,1,searched,calibration_template_probe,20:176:288:512:16:16:80:7:1:1:1:1:7:1:2:2:2:1:1:1:20:0:10,,1,numeric_signed_axes_full_v3,0.0416535997391,,,,,0
net_log30:template_v2_al1_04:rank3,net_log30,Ascend910B3,20,8.1.RC1+toolkit-7.7.0.1.225,template_v2_al1_04,176,5632,512,fp32,1,1,searched,calibration_template_probe,18:176:320:512:80:64:16:32:1:1:1:0:32:1:2:2:1:1:1:1:18:1:10,,1,numeric_signed_axes_full_v3,0.0425676012039,,,,,0
net_log30:template_v2_al1_04:rank4,net_log30,Ascend910B3,20,8.1.RC1+toolkit-7.7.0.1.225,template_v2_al1_04,176,5632,512,fp32,1,1,searched,calibration_template_probe,20:176:288:512:16:16:160:4:1:1:1:0:4:1:1:1:1:1:1:1:20:1:10,,1,numeric_signed_axes_full_v3,0.0419284009933,,,,,0
net_log30:template_v2_al1_04:rank5,net_log30,Ascend910B3,20,8.1.RC1+toolkit-7.7.0.1.225,template_v2_al1_04,176,5632,512,fp32,1,1,searched,calibration_template_probe,20:176:288:512:16:96:16:32:2:1:1:1:32:1:2:1:1:1:1:1:20:0:10,,1,numeric_signed_axes_full_v3,0.04200319767,,,,,0
net_log30:template_v2_al1_04:rank6,net_log30,Ascend910B3,20,8.1.RC1+toolkit-7.7.0.1.225,template_v2_al1_04,176,5632,512,fp32,1,1,searched,calibration_template_probe,15:176:384:512:64:64:48:11:1:1:1:0:11:1:1:1:1:1:1:1:15:0:10,,1,numeric_signed_axes_full_v3,0.0426567983627,,,,,0
net_log30:template_v2_al1_04:rank7,net_log30,Ascend910B3,20,8.1.RC1+toolkit-7.7.0.1.225,template_v2_al1_04,176,5632,512,fp32,1,1,searched,calibration_template_probe,20:176:288:512:96:128:16:32:1:1:1:1:32:1:1:1:1:1:1:1:20:1:10,,1,numeric_signed_axes_full_v3,0.0420868015289,,,,,0
net_log30:template_v2_al1_04:rank8,net_log30,Ascend910B3,20,8.1.RC1+toolkit-7.7.0.1.225,template_v2_al1_04,176,5632,512,fp32,1,1,searched,calibration_template_probe,20:176:288:512:64:32:16:32:2:1:1:1:32:1:1:2:1:1:1:1:20:0:10,,1,numeric_signed_axes_full_v3,0.0416563987732,,,,,0
net_log30:template_v2_al1_04:rank9,net_log30,Ascend910B3,20,8.1.RC1+toolkit-7.7.0.1.225,template_v2_al1_04,176,5632,512,fp32,1,1,searched,calibration_template_probe,20:176:288:512:48:64:16:32:1:1:1:1:32:1:2:2:2:1:1:1:20:2:10,,1,numeric_signed_axes_full_v3,0.0416504001617,0.0415131998061884,0.0414707994460892,within_noise,within_noise,1
net_log30:template_v2_al1_04:rank10,net_log30,Ascend910B3,20,8.1.RC1+toolkit-7.7.0.1.225,template_v2_al1_04,176,5632,512,fp32,1,1,searched,calibration_template_probe,20:176:288:512:16:16:48:11:2:1:1:0:11:1:2:1:1:1:1:1:20:2:10,,1,numeric_signed_axes_full_v3,0.0425619983673,0.0415131998062165,0.0414707994461037,regressed,regressed,1
net_log30:template_v2_al1_04:rank11,net_log30,Ascend910B3,20,8.1.RC1+toolkit-7.7.0.1.225,template_v2_al1_04,176,5632,512,fp32,1,1,searched,calibration_template_probe,20:176:288:512:48:48:32:16:1:1:1:0:16:1:1:2:1:1:1:1:20:2:10,,1,numeric_signed_axes_full_v3,0.04188560009,0.0415131998061987,0.0414707994461153,within_noise,regressed,1
net_log30:template_v2_al1_04:rank12,net_log30,Ascend910B3,20,8.1.RC1+toolkit-7.7.0.1.225,template_v2_al1_04,176,5632,512,fp32,1,1,searched,calibration_template_probe,20:176:288:512:32:32:80:7:2:1:1:1:7:1:1:1:1:1:1:1:20:0:10,,1,numeric_signed_axes_full_v3,0.0419888019562,0.0415131998062101,0.0414707994460988,regressed,regressed,1
net_log30:template_v2_al1_04:rank13,net_log30,Ascend910B3,20,8.1.RC1+toolkit-7.7.0.1.225,template_v2_al1_04,176,5632,512,fp32,1,1,searched,calibration_template_probe,15:176:384:512:96:16:16:32:1:1:1:0:32:1:1:2:1:1:1:1:15:0:10,,1,numeric_signed_axes_full_v3,0.0427184009552,0.0415131998062136,0.0414707994461031,regressed,regressed,1
net_log30:template_v2_al1_04:rank14,net_log30,Ascend910B3,20,8.1.RC1+toolkit-7.7.0.1.225,template_v2_al1_04,176,5632,512,fp32,1,1,searched,calibration_template_probe,15:176:384:512:80:96:16:32:1:1:1:0:32:1:2:1:1:1:1:1:15:2:10,,1,numeric_signed_axes_full_v3,0.0420452022552,0.0415131998062158,0.041470799446119,regressed,regressed,1
net_log30:template_v2_al1_04:rank15,net_log30,Ascend910B3,20,8.1.RC1+toolkit-7.7.0.1.225,template_v2_al1_04,176,5632,512,fp32,1,1,searched,calibration_template_probe,20:176:288:512:48:16:16:32:2:1:1:0:32:1:2:2:1:1:1:1:20:0:10,,1,numeric_signed_axes_full_v3,0.0417076015472,0.0415131998062017,0.0414707994461057,within_noise,within_noise,1
net_log30:template_v2_al1_04:rank16,net_log30,Ascend910B3,20,8.1.RC1+toolkit-7.7.0.1.225,template_v2_al1_04,176,5632,512,fp32,1,1,searched,calibration_template_probe,20:176:288:512:48:48:32:16:2:1:1:1:16:1:2:1:1:1:1:1:20:2:10,,1,numeric_signed_axes_full_v3,0.0427335977554,0.0415131998061879,0.0414707994460962,regressed,regressed,1
net_log30:template_v2_al1_04:rank17,net_log30,Ascend910B3,20,8.1.RC1+toolkit-7.7.0.1.225,template_v2_al1_04,176,5632,512,fp32,1,1,searched,calibration_template_probe,14:176:416:512:112:64:16:32:2:1:1:1:32:1:1:1:1:1:1:1:14:0:10,,1,numeric_signed_axes_full_v3,0.0425263977051,0.0415131998061951,0.0416152000427102,regressed,regressed,1
net_log30:template_v2_al1_04:rank18,net_log30,Ascend910B3,20,8.1.RC1+toolkit-7.7.0.1.225,template_v2_al1_04,176,5632,512,fp32,1,1,searched,calibration_template_probe,20:176:288:512:96:16:16:32:2:1:1:0:32:1:1:1:1:1:1:1:20:2:10,,1,numeric_signed_axes_full_v3,0.0419712018967,0.041513199806183,0.0416152000427085,regressed,within_noise,1
net_log30:template_v2_al1_04:rank19,net_log30,Ascend910B3,20,8.1.RC1+toolkit-7.7.0.1.225,template_v2_al1_04,176,5632,512,fp32,1,1,searched,calibration_template_probe,19:176:304:512:32:32:48:11:2:1:1:0:11:1:2:2:2:1:1:1:19:2:10,,1,numeric_signed_axes_full_v3,0.0420272016525,0.0415131998062067,0.0416152000426965,regressed,within_noise,1
net_log30:template_v2_al1_04:rank20,net_log30,Ascend910B3,20,8.1.RC1+toolkit-7.7.0.1.225,template_v2_al1_04,176,5632,512,fp32,1,1,searched,calibration_template_probe,20:176:288:512:16:32:48:11:2:1:1:1:11:1:2:1:1:1:1:1:20:1:10,,1,numeric_signed_axes_full_v3,0.0426560020447,0.0415131998061971,0.0416152000427213,regressed,regressed,1
net_log30:template_v2_al1_04:rank21,net_log30,Ascend910B3,20,8.1.RC1+toolkit-7.7.0.1.225,template_v2_al1_04,176,5632,512,fp32,1,1,searched,calibration_template_probe,20:176:288:512:64:64:48:11:2:1:1:0:11:1:1:1:1:1:1:1:20:1:10,,1,numeric_signed_axes_full_v3,0.0421496009827,0.0415131998062181,0.041615200042705,regressed,regressed,1
net_log30:template_v2_al1_04:rank22,net_log30,Ascend910B3,20,8.1.RC1+toolkit-7.7.0.1.225,template_v2_al1_04,176,5632,512,fp32,1,1,searched,calibration_template_probe,20:176:288:512:16:16:160:4:2:1:1:0:4:1:1:1:1:1:1:1:20:2:10,,1,numeric_signed_axes_full_v3,0.0416739988327,0.0415131998061796,0.0416152000427057,within_noise,within_noise,1
net_log30:template_v2_al1_04:rank23,net_log30,Ascend910B3,20,8.1.RC1+toolkit-7.7.0.1.225,template_v2_al1_04,176,5632,512,fp32,1,1,searched,calibration_template_probe,20:176:288:512:48:96:16:32:1:1:1:1:32:1:1:1:1:1:1:1:20:0:10,,1,numeric_signed_axes_full_v3,0.0427464008331,0.0415131998061986,0.0416152000427119,regressed,regressed,1
net_log30:template_v2_al1_04:rank24,net_log30,Ascend910B3,20,8.1.RC1+toolkit-7.7.0.1.225,template_v2_al1_04,176,5632,512,fp32,1,1,searched,calibration_template_probe,17:176:336:512:16:16:80:7:2:1:1:1:7:1:2:2:2:1:1:1:17:1:10,,1,numeric_signed_axes_full_v3,0.041459197998,0.0415131998061237,0.0416152000426076,within_noise,within_noise,1
net_log30:template_v2_al1_04:rank25,net_log30,Ascend910B3,20,8.1.RC1+toolkit-7.7.0.1.225,template_v2_al1_04,176,5632,512,fp32,1,1,searched,calibration_template_probe,19:176:304:512:96:16:16:32:2:1:1:0:32:1:1:2:1:1:1:1:19:1:10,,1,numeric_signed_axes_full_v3,0.0419299983978,0.0416820001602062,0.0419823980329316,within_noise,within_noise,1
net_log30:template_v2_al1_04:rank26,net_log30,Ascend910B3,20,8.1.RC1+toolkit-7.7.0.1.225,template_v2_al1_04,176,5632,512,fp32,1,1,searched,calibration_template_probe,15:176:384:512:96:128:16:32:2:1:1:1:32:1:1:1:1:1:1:1:15:2:10,,1,numeric_signed_axes_full_v3,0.0419647979736,0.0416820001602108,0.0419823980329508,within_noise,within_noise,1
net_log30:template_v2_al1_04:rank27,net_log30,Ascend910B3,20,8.1.RC1+toolkit-7.7.0.1.225,template_v2_al1_04,176,5632,512,fp32,1,1,searched,calibration_template_probe,15:176:384:512:64:32:16:32:1:1:1:1:32:1:1:2:1:1:1:1:15:2:10,,1,numeric_signed_axes_full_v3,0.0426832008362,0.0416820001601802,0.0419823980331176,regressed,regressed,1
net_log30:template_v2_al1_04:rank28,net_log30,Ascend910B3,20,8.1.RC1+toolkit-7.7.0.1.225,template_v2_al1_04,176,5632,512,fp32,1,1,searched,calibration_template_probe,20:176:288:512:48:32:16:32:1:1:1:1:32:1:2:2:2:1:1:1:20:1:10,,1,numeric_signed_axes_full_v3,0.042108798027,0.0416820001602073,0.0419823980330985,regressed,within_noise,1
net_log30:template_v2_al1_04:rank29,net_log30,Ascend910B3,20,8.1.RC1+toolkit-7.7.0.1.225,template_v2_al1_04,176,5632,512,fp32,1,1,searched,calibration_template_probe,20:176:288:512:16:96:16:32:1:1:1:1:32:1:2:1:1:1:1:1:20:2:10,,1,numeric_signed_axes_full_v3,0.0417044019699,0.0416820001602026,0.0419823980330559,within_noise,within_noise,1
net_log30:template_v2_al1_04:rank30,net_log30,Ascend910B3,20,8.1.RC1+toolkit-7.7.0.1.225,template_v2_al1_04,176,5632,512,fp32,1,1,searched,calibration_template_probe,15:176:384:512:64:48:16:32:2:1:1:0:32:1:1:1:1:1:1:1:15:2:10,,1,numeric_signed_axes_full_v3,0.0426891994476,0.0416820001602197,0.0419823980331157,regressed,regressed,1
net_log30:template_v2_al1_04:rank31,net_log30,Ascend910B3,20,8.1.RC1+toolkit-7.7.0.1.225,template_v2_al1_04,176,5632,512,fp32,1,1,searched,calibration_template_probe,20:176:288:512:48:32:16:32:2:1:1:0:32:1:2:1:1:1:1:1:20:2:10,,1,numeric_signed_axes_full_v3,0.0415240001678,0.0416820001602458,0.0419823980331662,within_noise,improved,1
net_log30:template_v2_al1_04:rank32,net_log30,Ascend910B3,20,8.1.RC1+toolkit-7.7.0.1.225,template_v2_al1_04,176,5632,512,fp32,1,1,searched,calibration_template_probe,15:176:384:512:48:48:32:16:2:1:1:0:16:1:1:2:1:1:1:1:15:0:10,,1,numeric_signed_axes_full_v3,0.0417087984085,0.0416820001602154,0.0419823980329476,within_noise,within_noise,1
net_log30:template_v2_al1_04:rank33,net_log30,Ascend910B3,20,8.1.RC1+toolkit-7.7.0.1.225,template_v2_al1_04,176,5632,512,fp32,1,1,searched,calibration_template_probe,20:176:288:512:16:32:48:11:1:1:1:1:11:1:2:1:1:1:1:1:20:0:10,,1,numeric_signed_axes_full_v3,0.0420359992981,0.041941599845888,0.0419823980330996,within_noise,within_noise,1
net_log30:template_v2_al1_04:rank34,net_log30,Ascend910B3,20,8.1.RC1+toolkit-7.7.0.1.225,template_v2_al1_04,176,5632,512,fp32,1,1,searched,calibration_template_probe,20:176:288:512:16:16:80:7:2:1:1:0:7:1:2:1:1:1:1:1:20:1:10,,1,numeric_signed_axes_full_v3,0.0428272008896,0.041941599845916,0.0419823980330873,regressed,regressed,1
net_log30:template_v2_al1_04:rank35,net_log30,Ascend910B3,20,8.1.RC1+toolkit-7.7.0.1.225,template_v2_al1_04,176,5632,512,fp32,1,1,searched,calibration_template_probe,20:176:288:512:48:32:32:16:2:1:1:0:16:1:1:1:1:1:1:1:20:0:10,,1,numeric_signed_axes_full_v3,0.0420663976669,0.041941599845897,0.0419823980330845,within_noise,within_noise,1
net_log30:template_v2_al1_04:rank36,net_log30,Ascend910B3,20,8.1.RC1+toolkit-7.7.0.1.225,template_v2_al1_04,176,5632,512,fp32,1,1,searched,calibration_template_probe,20:176:288:512:80:16:16:32:2:1:1:1:32:1:1:2:1:1:1:1:20:1:10,,1,numeric_signed_axes_full_v3,0.0416923999786,0.0419415998459833,0.0419823980332042,within_noise,within_noise,1
net_log30:template_v2_al1_04:rank37,net_log30,Ascend910B3,20,8.1.RC1+toolkit-7.7.0.1.225,template_v2_al1_04,176,5632,512,fp32,1,1,searched,calibration_template_probe,20:176:288:512:112:64:16:32:2:1:1:1:32:1:1:1:1:1:1:1:20:0:10,,1,numeric_signed_axes_full_v3,0.0426940011978,0.0419415998459206,0.0419823980331023,regressed,regressed,1
net_log30:template_v2_al1_04:rank38,net_log30,Ascend910B3,20,8.1.RC1+toolkit-7.7.0.1.225,template_v2_al1_04,176,5632,512,fp32,1,1,searched,calibration_template_probe,15:176:384:512:80:16:16:32:1:1:1:1:32:1:1:2:1:1:1:1:15:0:10,,1,numeric_signed_axes_full_v3,0.0415291976929,0.0419415998460723,0.0419823980331228,within_noise,improved,1
net_log30:template_v2_al1_04:rank39,net_log30,Ascend910B3,20,8.1.RC1+toolkit-7.7.0.1.225,template_v2_al1_04,176,5632,512,fp32,1,1,searched,calibration_template_probe,20:176:288:512:80:96:16:32:2:1:1:1:32:1:1:2:1:1:1:1:20:1:10,,1,numeric_signed_axes_full_v3,0.0416491985321,0.0419415998457547,0.0419823980332935,within_noise,within_noise,1
net_log30:template_v2_al1_04:rank40,net_log30,Ascend910B3,20,8.1.RC1+toolkit-7.7.0.1.225,template_v2_al1_04,176,5632,512,fp32,1,1,searched,calibration_template_probe,14:176:416:512:96:128:16:32:1:1:1:1:32:1:1:1:1:1:1:1:14:1:10,,1,numeric_signed_axes_full_v3,0.0424983978271,0.0419415998458926,0.041982398033097,regressed,regressed,1
net_log30:template_v2_al1_04:rank41,net_log30,Ascend910B3,20,8.1.RC1+toolkit-7.7.0.1.225,template_v2_al1_04,176,5632,512,fp32,1,1,searched,calibration_template_probe,20:176:288:512:48:16:32:16:2:1:1:0:16:1:1:1:1:1:1:1:20:2:10,,1,numeric_signed_axes_full_v3,0.0426616001129,0.0419415998459057,0.0419931983948083,regressed,regressed,1
net_log30:template_v2_al1_04:rank42,net_log30,Ascend910B3,20,8.1.RC1+toolkit-7.7.0.1.225,template_v2_al1_04,176,5632,512,fp32,1,1,searched,calibration_template_probe,20:176:288:512:48:48:32:16:1:1:1:1:16:1:2:1:1:1:1:1:20:1:10,,1,numeric_signed_axes_full_v3,0.0420747995377,0.0419415998459053,0.0419931983948009,within_noise,within_noise,1
net_log30:template_v2_al1_04:rank43,net_log30,Ascend910B3,20,8.1.RC1+toolkit-7.7.0.1.225,template_v2_al1_04,176,5632,512,fp32,1,1,searched,calibration_template_probe,20:176:288:512:48:48:32:16:2:1:1:0:16:1:1:2:1:1:1:1:20:0:10,,1,numeric_signed_axes_full_v3,0.0417176008224,0.0419415998459957,0.0419931983949035,within_noise,within_noise,1
net_log30:template_v2_al1_04:rank44,net_log30,Ascend910B3,20,8.1.RC1+toolkit-7.7.0.1.225,template_v2_al1_04,176,5632,512,fp32,1,1,searched,calibration_template_probe,15:176:384:512:48:48:32:16:2:1:1:1:16:1:2:1:1:1:1:1:15:2:10,,1,numeric_signed_axes_full_v3,0.0427504014969,0.0419415998458857,0.0419931983948101,regressed,regressed,1
net_log30:template_v2_al1_04:rank45,net_log30,Ascend910B3,20,8.1.RC1+toolkit-7.7.0.1.225,template_v2_al1_04,176,5632,512,fp32,1,1,searched,calibration_template_probe,20:176:288:512:64:48:16:32:2:1:1:0:32:1:1:1:1:1:1:1:20:2:10,,1,numeric_signed_axes_full_v3,0.0415208005905,0.0419415998459568,0.0419931983946512,improved,improved,1
net_log30:template_v2_al1_04:rank46,net_log30,Ascend910B3,20,8.1.RC1+toolkit-7.7.0.1.225,template_v2_al1_04,176,5632,512,fp32,1,1,searched,calibration_template_probe,20:176:288:512:64:64:48:11:1:1:1:0:11:1:1:1:1:1:1:1:20:0:10,,1,numeric_signed_axes_full_v3,0.0416639995575,0.0419415998457459,0.0419931983947627,within_noise,within_noise,1
net_log30:template_v2_al1_04:rank47,net_log30,Ascend910B3,20,8.1.RC1+toolkit-7.7.0.1.225,template_v2_al1_04,176,5632,512,fp32,1,1,searched,calibration_template_probe,14:176:416:512:112:64:16:32:1:1:1:1:32:1:1:1:1:1:1:1:14:2:10,,1,numeric_signed_axes_full_v3,0.042607998848,0.0419415998459209,0.0419931983948207,regressed,regressed,1
net_log30:template_v2_al1_04:rank48,net_log30,Ascend910B3,20,8.1.RC1+toolkit-7.7.0.1.225,template_v2_al1_04,176,5632,512,fp32,1,1,searched,calibration_template_probe,20:176:288:512:64:96:16:32:2:1:1:1:32:1:1:1:1:1:1:1:20:1:10,,1,numeric_signed_axes_full_v3,0.0419267988205,0.0419415998458528,0.041993198394932,within_noise,within_noise,1
net_log30:template_v2_al1_04:rank49,net_log30,Ascend910B3,20,8.1.RC1+toolkit-7.7.0.1.225,template_v2_al1_04,176,5632,512,fp32,1,1,searched,calibration_template_probe,20:176:288:512:16:48:32:16:2:1:1:1:16:1:2:1:1:1:1:1:20:0:10,,1,numeric_signed_axes_full_v3,0.0420387983322,0.0419863986969066,0.0420675992966469,within_noise,within_noise,1
net_log30:template_v2_al1_04:rank50,net_log30,Ascend910B3,20,8.1.RC1+toolkit-7.7.0.1.225,template_v2_al1_04,176,5632,512,fp32,1,1,searched,calibration_template_probe,20:176:288:512:16:48:32:16:1:1:1:1:16:1:2:1:1:1:1:1:20:2:10,,1,numeric_signed_axes_full_v3,0.0416864013672,0.0419863986968465,0.042067599296658,within_noise,within_noise,1
net_log30:template_v2_al1_04:rank51,net_log30,Ascend910B3,20,8.1.RC1+toolkit-7.7.0.1.225,template_v2_al1_04,176,5632,512,fp32,1,1,searched,calibration_template_probe,20:176:288:512:48:32:32:16:1:1:1:0:16:1:1:1:1:1:1:1:20:2:10,,1,numeric_signed_axes_full_v3,0.0427279996872,0.0419863986969082,0.0420675992966081,regressed,regressed,1
net_log30:template_v2_al1_04:rank52,net_log30,Ascend910B3,20,8.1.RC1+toolkit-7.7.0.1.225,template_v2_al1_04,176,5632,512,fp32,1,1,searched,calibration_template_probe,17:176:336:512:96:128:16:32:1:1:1:1:32:1:1:1:1:1:1:1:17:1:10,,1,numeric_signed_axes_full_v3,0.0414964008331,0.0419863986969069,0.0420675992964087,improved,improved,1
net_log30:template_v2_al1_04:rank53,net_log30,Ascend910B3,20,8.1.RC1+toolkit-7.7.0.1.225,template_v2_al1_04,176,5632,512,fp32,1,1,searched,calibration_template_probe,18:176:320:512:32:32:80:7:2:1:1:1:7:1:1:1:1:1:1:1:18:0:10,,1,numeric_signed_axes_full_v3,0.0416796016693,0.0419863986968308,0.0420675992965103,within_noise,within_noise,1
net_log30:template_v2_al1_04:rank54,net_log30,Ascend910B3,20,8.1.RC1+toolkit-7.7.0.1.225,template_v2_al1_04,176,5632,512,fp32,1,1,searched,calibration_template_probe,14:176:416:512:96:128:16:32:2:1:1:1:32:1:1:1:1:1:1:1:14:2:10,,1,numeric_signed_axes_full_v3,0.0425831985474,0.0419863986969026,0.0420675992966145,regressed,regressed,1
net_log30:template_v2_al1_04:rank55,net_log30,Ascend910B3,20,8.1.RC1+toolkit-7.7.0.1.225,template_v2_al1_04,176,5632,512,fp32,1,1,searched,calibration_template_probe,15:176:384:512:96:128:16:32:1:1:1:1:32:1:1:1:1:1:1:1:15:1:10,,1,numeric_signed_axes_full_v3,0.0419475984573,0.0419863986968233,0.0420675992966273,within_noise,within_noise,1
net_log30:template_v2_al1_04:rank56,net_log30,Ascend910B3,20,8.1.RC1+toolkit-7.7.0.1.225,template_v2_al1_04,176,5632,512,fp32,1,1,searched,calibration_template_probe,15:176:384:512:112:64:16:32:2:1:1:1:32:1:1:1:1:1:1:1:15:0:10,,1,numeric_signed_axes_full_v3,0.0422011995316,0.0419863986969147,0.0420675992965822,within_noise,within_noise,1
net_log30:template_v2_al1_05:rank1,net_log30,Ascend910B3,20,8.1.RC1+toolkit-7.7.0.1.225,template_v2_al1_05,192,5760,1024,fp16,0,0,searched,calibration_template_probe,15:192:384:1024:48:16:32:32:1:1:1:1:32:1:1:1:1:1:1:1:15:1:10,,1,numeric_signed_axes_full_v3,0.0183987998962,0.0183552002907016,0.0183684003353033,within_noise,within_noise,1
net_log30:template_v2_al1_05:rank2,net_log30,Ascend910B3,20,8.1.RC1+toolkit-7.7.0.1.225,template_v2_al1_05,192,5760,1024,fp16,0,0,searched,calibration_template_probe,17:192:352:1024:48:32:16:64:1:1:1:0:64:1:2:2:2:1:1:1:17:0:10,,1,numeric_signed_axes_full_v3,0.0183975994587,0.0183552002906985,0.0183684003353046,within_noise,within_noise,1
net_log30:template_v2_al1_05:rank3,net_log30,Ascend910B3,20,8.1.RC1+toolkit-7.7.0.1.225,template_v2_al1_05,192,5760,1024,fp16,0,0,searched,calibration_template_probe,20:192:288:1024:16:16:80:13:2:1:1:0:13:1:1:2:1:1:1:1:20:2:10,,1,numeric_signed_axes_full_v3,0.0186135995388,0.0183552002906926,0.0183684003353067,regressed,regressed,1
net_log30:template_v2_al1_05:rank4,net_log30,Ascend910B3,20,8.1.RC1+toolkit-7.7.0.1.225,template_v2_al1_05,192,5760,1024,fp16,0,0,searched,calibration_template_probe,20:192:288:1024:32:160:16:64:1:1:1:0:64:1:2:1:1:1:1:1:20:1:10,,1,numeric_signed_axes_full_v3,0.0183780002594,0.0183552002906946,0.0183684003353076,within_noise,within_noise,1
net_log30:template_v2_al1_05:rank5,net_log30,Ascend910B3,20,8.1.RC1+toolkit-7.7.0.1.225,template_v2_al1_05,192,5760,1024,fp16,0,0,searched,calibration_template_probe,20:192:288:1024:128:32:16:64:2:1:1:1:64:1:1:2:1:1:1:1:20:0:10,,1,numeric_signed_axes_full_v3,0.0184031999111,0.0183552002906929,0.0183684003353059,within_noise,within_noise,1
net_log30:template_v2_al1_05:rank6,net_log30,Ascend910B3,20,8.1.RC1+toolkit-7.7.0.1.225,template_v2_al1_05,192,5760,1024,fp16,0,0,searched,calibration_template_probe,15:192:384:1024:16:48:64:16:2:1:1:1:16:1:2:1:1:1:1:1:15:2:10,,1,numeric_signed_axes_full_v3,0.0186412000656,0.018355200290691,0.018368400335308,regressed,regressed,1
net_log30:template_v2_al1_05:rank7,net_log30,Ascend910B3,20,8.1.RC1+toolkit-7.7.0.1.225,template_v2_al1_05,192,5760,1024,fp16,0,0,searched,calibration_template_probe,20:192:288:1024:48:32:64:16:1:1:1:0:16:1:1:1:1:1:1:1:20:0:10,,1,numeric_signed_axes_full_v3,0.0183384001255,0.0183552002907202,0.018368400335315,within_noise,within_noise,1
net_log30:template_v2_al1_05:rank8,net_log30,Ascend910B3,20,8.1.RC1+toolkit-7.7.0.1.225,template_v2_al1_05,192,5760,1024,fp16,0,0,searched,calibration_template_probe,15:192:384:1024:64:96:16:64:1:1:1:0:64:1:1:2:1:1:1:1:15:1:10,,1,numeric_signed_axes_full_v3,0.0183531999588,0.0183552002907649,0.0183684003352165,within_noise,within_noise,1
net_log30:template_v2_al1_05:rank9,net_log30,Ascend910B3,20,8.1.RC1+toolkit-7.7.0.1.225,template_v2_al1_05,192,5760,1024,fp16,0,0,searched,calibration_template_probe,15:192:384:1024:64:48:16:64:2:1:1:1:64:1:2:1:1:1:1:1:15:0:10,,1,numeric_signed_axes_full_v3,0.0183987998962,0.0183879995345959,0.0183684003353033,within_noise,within_noise,1
net_log30:template_v2_al1_05:rank10,net_log30,Ascend910B3,20,8.1.RC1+toolkit-7.7.0.1.225,template_v2_al1_05,192,5760,1024,fp16,0,0,searched,calibration_template_probe,20:192:288:1024:48:80:32:32:2:1:1:1:32:1:1:1:1:1:1:1:20:2:10,,1,numeric_signed_axes_full_v3,0.0186220002174,0.018387999534591,0.0183684003353032,regressed,regressed,1
net_log30:template_v2_al1_05:rank11,net_log30,Ascend910B3,20,8.1.RC1+toolkit-7.7.0.1.225,template_v2_al1_05,192,5760,1024,fp16,0,0,searched,calibration_template_probe,15:192:384:1024:48:32:32:32:2:1:1:0:32:1:2:2:1:1:1:1:15:2:10,,1,numeric_signed_axes_full_v3,0.0183891999722,0.0183879995346043,0.0183684003352961,within_noise,within_noise,1
net_log30:template_v2_al1_05:rank12,net_log30,Ascend910B3,20,8.1.RC1+toolkit-7.7.0.1.225,template_v2_al1_05,192,5760,1024,fp16,0,0,searched,calibration_template_probe,20:192:288:1024:48:32:48:22:2:1:1:1:22:1:1:2:1:1:1:1:20:1:10,,1,numeric_signed_axes_full_v3,0.0183788001537,0.0183879995345681,0.0183684003352917,within_noise,within_noise,1
net_log30:template_v2_al1_05:rank13,net_log30,Ascend910B3,20,8.1.RC1+toolkit-7.7.0.1.225,template_v2_al1_05,192,5760,1024,fp16,0,0,searched,calibration_template_probe,17:192:352:1024:16:32:80:13:1:1:1:0:13:1:2:1:1:1:1:1:17:0:10,,1,numeric_signed_axes_full_v3,0.0186391997337,0.0183879995345998,0.0183684003352976,regressed,regressed,1
net_log30:template_v2_al1_05:rank14,net_log30,Ascend910B3,20,8.1.RC1+toolkit-7.7.0.1.225,template_v2_al1_05,192,5760,1024,fp16,0,0,searched,calibration_template_probe,20:192:288:1024:16:16:160:7:2:1:1:1:7:1:1:1:1:1:1:1:20:2:10,,1,numeric_signed_axes_full_v3,0.0183720004559,0.0183879995346561,0.0183684003352948,within_noise,within_noise,1
net_log30:template_v2_al1_05:rank15,net_log30,Ascend910B3,20,8.1.RC1+toolkit-7.7.0.1.225,template_v2_al1_05,192,5760,1024,fp16,0,0,searched,calibration_template_probe,20:192:288:1024:16:48:64:16:1:1:1:1:16:1:2:1:1:1:1:1:20:1:10,,1,numeric_signed_axes_full_v3,0.0183547997475,0.0183879995346618,0.01836840033529,within_noise,within_noise,1
net_log30:template_v2_al1_05:rank16,net_log30,Ascend910B3,20,8.1.RC1+toolkit-7.7.0.1.225,template_v2_al1_05,192,5760,1024,fp16,0,0,searched,calibration_template_probe,14:192:416:1024:128:32:16:64:1:1:1:1:64:1:1:2:1:1:1:1:14:2:10,,1,numeric_signed_axes_full_v3,0.0186352002621,0.0183879995345936,0.0183684003352915,regressed,regressed,1
net_log30:template_v2_al1_05:rank17,net_log30,Ascend910B3,20,8.1.RC1+toolkit-7.7.0.1.225,template_v2_al1_05,192,5760,1024,fp16,0,0,searched,calibration_template_probe,15:192:384:1024:48:16:48:22:1:1:1:1:22:1:1:2:1:1:1:1:15:0:10,,1,numeric_signed_axes_full_v3,0.0186552000046,0.0183879995345962,0.0184068000317081,within_noise,within_noise,1
net_log30:template_v2_al1_05:rank18,net_log30,Ascend910B3,20,8.1.RC1+toolkit-7.7.0.1.225,template_v2_al1_05,192,5760,1024,fp16,0,0,searched,calibration_template_probe,20:192:288:1024:64:32:32:32:1:1:1:0:32:1:1:2:1:1:1:1:20:2:10,,1,numeric_signed_axes_full_v3,0.0183891999722,0.0183879995346043,0.0184068000316526,within_noise,within_noise,1
net_log30:template_v2_al1_05:rank19,net_log30,Ascend910B3,20,8.1.RC1+toolkit-7.7.0.1.225,template_v2_al1_05,192,5760,1024,fp16,0,0,searched,calibration_template_probe,15:192:384:1024:64:16:16:64:1:1:1:0:64:1:2:2:1:1:1:1:15:0:10,,1,numeric_signed_axes_full_v3,0.0183972001076,0.0183879995345937,0.0184068000317198,within_noise,within_noise,1
net_log30:template_v2_al1_05:rank20,net_log30,Ascend910B3,20,8.1.RC1+toolkit-7.7.0.1.225,template_v2_al1_05,192,5760,1024,fp16,0,0,searched,calibration_template_probe,15:192:384:1024:48:64:48:22:1:1:1:1:22:1:1:1:1:1:1:1:15:0:10,,1,numeric_signed_axes_full_v3,0.0186240005493,0.0183879995345918,0.0184068000317027,regressed,regressed,1
net_log30:template_v2_al1_05:rank21,net_log30,Ascend910B3,20,8.1.RC1+toolkit-7.7.0.1.225,template_v2_al1_05,192,5760,1024,fp16,0,0,searched,calibration_template_probe,15:192:384:1024:16:32:80:13:2:1:1:0:13:1:2:1:1:1:1:1:15:1:10,,1,numeric_signed_axes_full_v3,0.0183588004112,0.0183879995345095,0.0184068000316864,within_noise,within_noise,1
net_log30:template_v2_al1_05:rank22,net_log30,Ascend910B3,20,8.1.RC1+toolkit-7.7.0.1.225,template_v2_al1_05,192,5760,1024,fp16,0,0,searched,calibration_template_probe,20:192:288:1024:32:16:64:16:2:1:1:1:16:1:1:1:1:1:1:1:20:0:10,,1,numeric_signed_axes_full_v3,0.0183599996567,0.0183879995345188,0.0184068000316937,within_noise,within_noise,1
net_log30:template_v2_al1_05:rank23,net_log30,Ascend910B3,20,8.1.RC1+toolkit-7.7.0.1.225,template_v2_al1_05,192,5760,1024,fp16,0,0,searched,calibration_template_probe,20:192:288:1024:32:16:80:13:2:1:1:1:13:1:1:2:1:1:1:1:20:2:10,,1,numeric_signed_axes_full_v3,0.0186075997353,0.0183879995345913,0.0184068000317025,within_noise,regressed,1
net_log30:template_v2_al1_05:rank24,net_log30,Ascend910B3,20,8.1.RC1+toolkit-7.7.0.1.225,template_v2_al1_05,192,5760,1024,fp16,0,0,searched,calibration_template_probe,20:192:288:1024:32:96:32:32:2:1:1:0:32:1:2:1:1:1:1:1:20:0:10,,1,numeric_signed_axes_full_v3,0.0183508002758,0.0183879995346404,0.0184068000317369,within_noise,within_noise,1
net_log30:template_v2_al1_05:rank25,net_log30,Ascend910B3,20,8.1.RC1+toolkit-7.7.0.1.225,template_v2_al1_05,192,5760,1024,fp16,0,0,searched,calibration_template_probe,20:192:288:1024:48:16:64:16:2:1:1:0:16:1:1:1:1:1:1:1:20:1:10,,1,numeric_signed_axes_full_v3,0.0183827996254,0.018579200506207,0.0186124002934444,within_noise,improved,1
net_log30:template_v2_al1_05:rank26,net_log30,Ascend910B3,20,8.1.RC1+toolkit-7.7.0.1.225,template_v2_al1_05,192,5760,1024,fp16,0,0,searched,calibration_template_probe,20:192:288:1024:48:32:16:64:2:1:1:0:64:1:2:2:2:1:1:1:20:1:10,,1,numeric_signed_axes_full_v3,0.0183931994438,0.0185792005061652,0.0186124002933303,within_noise,improved,1
net_log30:template_v2_al1_05:rank27,net_log30,Ascend910B3,20,8.1.RC1+toolkit-7.7.0.1.225,template_v2_al1_05,192,5760,1024,fp16,0,0,searched,calibration_template_probe,16:192:368:1024:64:48:16:64:1:1:1:0:64:1:1:1:1:1:1:1:16:1:10,,1,numeric_signed_axes_full_v3,0.0186575996876,0.0185792005061965,0.0186124002933932,within_noise,within_noise,1
net_log30:template_v2_al1_05:rank28,net_log30,Ascend910B3,20,8.1.RC1+toolkit-7.7.0.1.225,template_v2_al1_05,192,5760,1024,fp16,0,0,searched,calibration_template_probe,15:192:384:1024:32:16:80:13:1:1:1:1:13:1:1:2:1:1:1:1:15:1:10,,1,numeric_signed_axes_full_v3,0.0183843994141,0.0185792005062472,0.0186124002934501,within_noise,improved,1
net_log30:template_v2_al1_05:rank29,net_log30,Ascend910B3,20,8.1.RC1+toolkit-7.7.0.1.225,template_v2_al1_05,192,5760,1024,fp16,0,0,searched,calibration_template_probe,16:192:368:1024:64:32:16:64:2:1:1:1:64:1:1:2:1:1:1:1:16:1:10,,1,numeric_signed_axes_full_v3,0.01837479949,0.0185792005061383,0.0186124002934071,within_noise,improved,1
net_log30:template_v2_al1_05:rank30,net_log30,Ascend910B3,20,8.1.RC1+toolkit-7.7.0.1.225,template_v2_al1_05,192,5760,1024,fp16,0,0,searched,calibration_template_probe,20:192:288:1024:64:16:16:64:2:1:1:1:64:1:1:1:1:1:1:1:20:1:10,,1,numeric_signed_axes_full_v3,0.0186212003231,0.0185792005062057,0.0186124002934031,within_noise,within_noise,1
net_log30:template_v2_al1_05:rank31,net_log30,Ascend910B3,20,8.1.RC1+toolkit-7.7.0.1.225,template_v2_al1_05,192,5760,1024,fp16,0,0,searched,calibration_template_probe,17:192:352:1024:48:16:64:16:1:1:1:0:16:1:1:2:1:1:1:1:17:2:10,,1,numeric_signed_axes_full_v3,0.0183832001686,0.0185792005062725,0.018612400293338,within_noise,improved,1
net_log30:template_v2_al1_05:rank32,net_log30,Ascend910B3,20,8.1.RC1+toolkit-7.7.0.1.225,template_v2_al1_05,192,5760,1024,fp16,0,0,searched,calibration_template_probe,20:192:288:1024:48:64:48:22:2:1:1:1:22:1:1:1:1:1:1:1:20:1:10,,1,numeric_signed_axes_full_v3,0.0183624005318,0.0185792005062571,0.0186124002934495,within_noise,improved,1
net_log30:template_v2_al1_05:rank33,net_log30,Ascend910B3,20,8.1.RC1+toolkit-7.7.0.1.225,template_v2_al1_05,192,5760,1024,fp16,0,0,searched,calibration_template_probe,20:192:288:1024:48:32:32:32:2:1:1:0:32:1:2:1:1:1:1:1:20:0:10,,1,numeric_signed_axes_full_v3,0.0184707999229,0.0184104001521997,0.0183739995956081,within_noise,within_noise,1
net_log30:template_v2_al1_05:rank34,net_log30,Ascend910B3,20,8.1.RC1+toolkit-7.7.0.1.225,template_v2_al1_05,192,5760,1024,fp16,0,0,searched,calibration_template_probe,20:192:288:1024:32:160:16:64:2:1:1:0:64:1:2:1:1:1:1:1:20:2:10,,1,numeric_signed_axes_full_v3,0.0186404001713,0.0184104001522062,0.018373999595607,within_noise,within_noise,1
net_log30:template_v2_al1_05:rank35,net_log30,Ascend910B3,20,8.1.RC1+toolkit-7.7.0.1.225,template_v2_al1_05,192,5760,1024,fp16,0,0,searched,calibration_template_probe,20:192:288:1024:48:16:32:32:2:1:1:0:32:1:2:2:1:1:1:1:20:2:10,,1,numeric_signed_axes_full_v3,0.0183487999439,0.0184104001521322,0.0183739995956455,within_noise,within_noise,1
net_log30:template_v2_al1_05:rank36,net_log30,Ascend910B3,20,8.1.RC1+toolkit-7.7.0.1.225,template_v2_al1_05,192,5760,1024,fp16,0,0,searched,calibration_template_probe,20:192:288:1024:16:32:80:13:2:1:1:0:13:1:2:1:1:1:1:1:20:1:10,,1,numeric_signed_axes_full_v3,0.0183843994141,0.0184104001521413,0.018373999595591,within_noise,within_noise,1
net_log30:template_v2_al1_05:rank37,net_log30,Ascend910B3,20,8.1.RC1+toolkit-7.7.0.1.225,template_v2_al1_05,192,5760,1024,fp16,0,0,searched,calibration_template_probe,20:192:288:1024:16:48:64:16:2:1:1:1:16:1:2:1:1:1:1:1:20:2:10,,1,numeric_signed_axes_full_v3,0.0187303996086,0.0184104001521911,0.0183739995955975,within_noise,within_noise,1
net_log30:template_v2_al1_05:rank38,net_log30,Ascend910B3,20,8.1.RC1+toolkit-7.7.0.1.225,template_v2_al1_05,192,5760,1024,fp16,0,0,searched,calibration_template_probe,15:192:384:1024:16:48:64:16:1:1:1:1:16:1:2:1:1:1:1:1:15:1:10,,1,numeric_signed_axes_full_v3,0.0183703994751,0.0184104001521394,0.018373999595583,within_noise,within_noise,1
net_log30:template_v2_al1_05:rank39,net_log30,Ascend910B3,20,8.1.RC1+toolkit-7.7.0.1.225,template_v2_al1_05,192,5760,1024,fp16,0,0,searched,calibration_template_probe,15:192:384:1024:64:32:16:64:1:1:1:1:64:1:1:2:1:1:1:1:15:0:10,,1,numeric_signed_axes_full_v3,0.0184212005138,0.0184104001522045,0.0183739995956081,within_noise,within_noise,1
net_log30:template_v2_al1_05:rank40,net_log30,Ascend910B3,20,8.1.RC1+toolkit-7.7.0.1.225,template_v2_al1_05,192,5760,1024,fp16,0,0,searched,calibration_template_probe,20:192:288:1024:48:64:48:22:1:1:1:1:22:1:1:1:1:1:1:1:20:0:10,,1,numeric_signed_axes_full_v3,0.0186251997948,0.0184104001522057,0.0183739995955994,within_noise,regressed,1
net_log30:template_v2_al1_05:rank41,net_log30,Ascend910B3,20,8.1.RC1+toolkit-7.7.0.1.225,template_v2_al1_05,192,5760,1024,fp16,0,0,searched,calibration_template_probe,15:192:384:1024:48:32:48:22:2:1:1:1:22:1:1:2:1:1:1:1:15:1:10,,1,numeric_signed_axes_full_v3,0.0186287999153,0.0184104001521946,0.018373999595602,regressed,regressed,1
net_log30:template_v2_al1_05:rank42,net_log30,Ascend910B3,20,8.1.RC1+toolkit-7.7.0.1.225,template_v2_al1_05,192,5760,1024,fp16,0,0,searched,calibration_template_probe,18:192:320:1024:48:112:16:64:2:1:1:0:64:1:2:1:1:1:1:1:18:0:10,,1,numeric_signed_axes_full_v3,0.018358399868,0.0184104001522019,0.0183739995955472,within_noise,within_noise,1
net_log30:template_v2_al1_05:rank43,net_log30,Ascend910B3,20,8.1.RC1+toolkit-7.7.0.1.225,template_v2_al1_05,192,5760,1024,fp16,0,0,searched,calibration_template_probe,16:192:368:1024:128:32:16:64:2:1:1:1:64:1:1:2:1:1:1:1:16:0:10,,1,numeric_signed_axes_full_v3,0.0183759999275,0.0184104001521835,0.0183739995956057,within_noise,within_noise,1
net_log30:template_v2_al1_05:rank44,net_log30,Ascend910B3,20,8.1.RC1+toolkit-7.7.0.1.225,template_v2_al1_05,192,5760,1024,fp16,0,0,searched,calibration_template_probe,20:192:288:1024:64:32:16:64:2:1:1:1:64:1:1:2:1:1:1:1:20:1:10,,1,numeric_signed_axes_full_v3,0.0186147999763,0.0184104001522043,0.0183739995955961,within_noise,regressed,1
net_log30:template_v2_al1_05:rank45,net_log30,Ascend910B3,20,8.1.RC1+toolkit-7.7.0.1.225,template_v2_al1_05,192,5760,1024,fp16,0,0,searched,calibration_template_probe,20:192:288:1024:48:32:64:16:2:1:1:0:16:1:1:1:1:1:1:1:20:1:10,,1,numeric_signed_axes_full_v3,0.0183827996254,0.0184104001521322,0.0183739995955935,within_noise,within_noise,1
net_log30:template_v2_al1_05:rank46,net_log30,Ascend910B3,20,8.1.RC1+toolkit-7.7.0.1.225,template_v2_al1_05,192,5760,1024,fp16,0,0,searched,calibration_template_probe,17:192:352:1024:16:16:160:7:2:1:1:1:7:1:1:1:1:1:1:1:17:2:10,,1,numeric_signed_axes_full_v3,0.0184212005138,0.0184104001522045,0.0183739995956081,within_noise,within_noise,1
net_log30:template_v2_al1_05:rank47,net_log30,Ascend910B3,20,8.1.RC1+toolkit-7.7.0.1.225,template_v2_al1_05,192,5760,1024,fp16,0,0,searched,calibration_template_probe,20:192:288:1024:16:32:80:13:1:1:1:0:13:1:2:1:1:1:1:1:20:0:10,,1,numeric_signed_axes_full_v3,0.0186919999123,0.0184104001522076,0.0183739995956025,regressed,regressed,1
net_log30:template_v2_al1_05:rank48,net_log30,Ascend910B3,20,8.1.RC1+toolkit-7.7.0.1.225,template_v2_al1_05,192,5760,1024,fp16,0,0,searched,calibration_template_probe,20:192:288:1024:48:80:32:32:1:1:1:1:32:1:1:1:1:1:1:1:20:1:10,,1,numeric_signed_axes_full_v3,0.0183891999722,0.0184104001522678,0.0183739995956014,within_noise,within_noise,1
net_log30:template_v2_al1_05:rank49,net_log30,Ascend910B3,20,8.1.RC1+toolkit-7.7.0.1.225,template_v2_al1_05,192,5760,1024,fp16,0,0,searched,calibration_template_probe,17:192:352:1024:16:32:80:13:2:1:1:0:13:1:2:1:1:1:1:1:17:1:10,,1,numeric_signed_axes_full_v3,0.0183539998531,0.0184692001343223,0.0183700001240818,within_noise,within_noise,1
net_log30:template_v2_al1_05:rank50,net_log30,Ascend910B3,20,8.1.RC1+toolkit-7.7.0.1.225,template_v2_al1_05,192,5760,1024,fp16,0,0,searched,calibration_template_probe,17:192:352:1024:16:48:64:16:1:1:1:1:16:1:2:1:1:1:1:1:17:1:10,,1,numeric_signed_axes_full_v3,0.0183544003963,0.0184692001342524,0.0183700001240507,within_noise,within_noise,1
net_log30:template_v2_al1_05:rank51,net_log30,Ascend910B3,20,8.1.RC1+toolkit-7.7.0.1.225,template_v2_al1_05,192,5760,1024,fp16,0,0,searched,calibration_template_probe,17:192:352:1024:16:48:64:16:2:1:1:1:16:1:2:1:1:1:1:1:17:2:10,,1,numeric_signed_axes_full_v3,0.0186380004883,0.018469200134292,0.0183700001240023,within_noise,regressed,1
net_log30:template_v2_al1_05:rank52,net_log30,Ascend910B3,20,8.1.RC1+toolkit-7.7.0.1.225,template_v2_al1_05,192,5760,1024,fp16,0,0,searched,calibration_template_probe,14:192:416:1024:128:32:16:64:2:1:1:1:64:1:1:2:1:1:1:1:14:0:10,,1,numeric_signed_axes_full_v3,0.0183764004707,0.0184692001342612,0.018370000124006,within_noise,within_noise,1
net_log30:template_v2_al1_05:rank53,net_log30,Ascend910B3,20,8.1.RC1+toolkit-7.7.0.1.225,template_v2_al1_05,192,5760,1024,fp16,0,0,searched,calibration_template_probe,18:192:320:1024:32:160:16:64:1:1:1:0:64:1:2:1:1:1:1:1:18:1:10,,1,numeric_signed_axes_full_v3,0.0184203994274,0.0184692001342245,0.0183700001240053,within_noise,within_noise,1
net_log30:template_v2_al1_05:rank54,net_log30,Ascend910B3,20,8.1.RC1+toolkit-7.7.0.1.225,template_v2_al1_05,192,5760,1024,fp16,0,0,searched,calibration_template_probe,19:192:304:1024:16:48:64:16:1:1:1:1:16:1:2:1:1:1:1:1:19:1:10,,1,numeric_signed_axes_full_v3,0.0186311995983,0.0184692001343017,0.0183700001239993,within_noise,regressed,1
net_log30:template_v2_al1_05:rank55,net_log30,Ascend910B3,20,8.1.RC1+toolkit-7.7.0.1.225,template_v2_al1_05,192,5760,1024,fp16,0,0,searched,calibration_template_probe,19:192:304:1024:16:48:64:16:2:1:1:1:16:1:2:1:1:1:1:1:19:2:10,,1,numeric_signed_axes_full_v3,0.0184135997295,0.0184692001343224,0.0183700001239925,within_noise,within_noise,1
net_log30:template_v2_al1_05:rank56,net_log30,Ascend910B3,20,8.1.RC1+toolkit-7.7.0.1.225,template_v2_al1_05,192,5760,1024,fp16,0,0,searched,calibration_template_probe,15:192:384:1024:128:32:16:64:1:1:1:1:64:1:1:2:1:1:1:1:15:2:10,,1,numeric_signed_axes_full_v3,0.0184060001373,0.0184692001343479,0.0183700001239979,within_noise,within_noise,1
net_log30:template_v2_al1_06:rank1,net_log30,Ascend910B3,20,8.1.RC1+toolkit-7.7.0.1.225,template_v2_al1_06,208,5888,1024,bf16,0,1,searched,calibration_template_probe,15:208:400:1024:48:16:32:32:1:1:1:1:32:1:1:1:1:1:1:1:15:1:10,,1,numeric_signed_axes_full_v3,0.0184860002995,0.0184660005569092,0.0184643995762063,within_noise,within_noise,1
net_log30:template_v2_al1_06:rank2,net_log30,Ascend910B3,20,8.1.RC1+toolkit-7.7.0.1.225,template_v2_al1_06,208,5888,1024,bf16,0,1,searched,calibration_template_probe,20:208:304:1024:32:32:16:64:2:1:1:0:64:1:2:2:2:1:1:1:20:0:10,,1,numeric_signed_axes_full_v3,0.0186368000507,0.0184660005569054,0.0184643995762019,within_noise,within_noise,1
net_log30:template_v2_al1_06:rank3,net_log30,Ascend910B3,20,8.1.RC1+toolkit-7.7.0.1.225,template_v2_al1_06,208,5888,1024,bf16,0,1,searched,calibration_template_probe,20:208:304:1024:16:48:64:16:2:1:1:1:16:1:2:1:1:1:1:1:20:2:10,,1,numeric_signed_axes_full_v3,0.0187012004852,0.0184660005568923,0.0184643995761991,regressed,regressed,1
net_log30:template_v2_al1_06:rank4,net_log30,Ascend910B3,20,8.1.RC1+toolkit-7.7.0.1.225,template_v2_al1_06,208,5888,1024,bf16,0,1,searched,calibration_template_probe,20:208:304:1024:128:32:16:64:2:1:1:1:64:1:1:2:1:1:1:1:20:0:10,,1,numeric_signed_axes_full_v3,0.0184739995003,0.0184660005569084,0.0184643995762064,within_noise,within_noise,1
net_log30:template_v2_al1_06:rank5,net_log30,Ascend910B3,20,8.1.RC1+toolkit-7.7.0.1.225,template_v2_al1_06,208,5888,1024,bf16,0,1,searched,calibration_template_probe,19:208:320:1024:16:16:80:13:2:1:1:0:13:1:1:2:1:1:1:1:19:2:10,,1,numeric_signed_axes_full_v3,0.0185096001625,0.018466000556897,0.0184643995761942,within_noise,within_noise,1
net_log30:template_v2_al1_06:rank6,net_log30,Ascend910B3,20,8.1.RC1+toolkit-7.7.0.1.225,template_v2_al1_06,208,5888,1024,bf16,0,1,searched,calibration_template_probe,19:208:320:1024:32:160:16:64:1:1:1:0:64:1:2:1:1:1:1:1:19:1:10,,1,numeric_signed_axes_full_v3,0.0186924004555,0.0184660005568971,0.018464399576201,regressed,regressed,1
net_log30:template_v2_al1_06:rank7,net_log30,Ascend910B3,20,8.1.RC1+toolkit-7.7.0.1.225,template_v2_al1_06,208,5888,1024,bf16,0,1,searched,calibration_template_probe,20:208:304:1024:48:32:64:16:1:1:1:0:16:1:1:1:1:1:1:1:20:0:10,,1,numeric_signed_axes_full_v3,0.0184355998039,0.0184660005568835,0.0184643995762124,within_noise,within_noise,1
net_log30:template_v2_al1_06:rank8,net_log30,Ascend910B3,20,8.1.RC1+toolkit-7.7.0.1.225,template_v2_al1_06,208,5888,1024,bf16,0,1,searched,calibration_template_probe,15:208:400:1024:48:32:32:32:1:1:1:1:32:1:2:2:2:1:1:1:15:2:10,,1,numeric_signed_axes_full_v3,0.0184668004513,0.0184660005569078,0.0184643995762023,within_noise,within_noise,1
net_log30:template_v2_al1_06:rank9,net_log30,Ascend910B3,20,8.1.RC1+toolkit-7.7.0.1.225,template_v2_al1_06,208,5888,1024,bf16,0,1,searched,calibration_template_probe,20:208:304:1024:64:48:16:64:1:1:1:1:64:1:2:2:1:1:1:1:20:1:10,,1,numeric_signed_axes_full_v3,0.0187039995193,0.0185064005852035,0.0184643995761928,within_noise,within_noise,1
net_log30:template_v2_al1_06:rank10,net_log30,Ascend910B3,20,8.1.RC1+toolkit-7.7.0.1.225,template_v2_al1_06,208,5888,1024,bf16,0,1,searched,calibration_template_probe,20:208:304:1024:48:80:32:32:2:1:1:1:32:1:1:1:1:1:1:1:20:2:10,,1,numeric_signed_axes_full_v3,0.0187108004093,0.0185064005851986,0.0184643995761912,regressed,regressed,1
net_log30:template_v2_al1_06:rank11,net_log30,Ascend910B3,20,8.1.RC1+toolkit-7.7.0.1.225,template_v2_al1_06,208,5888,1024,bf16,0,1,searched,calibration_template_probe,17:208:352:1024:16:16:160:7:2:1:1:1:7:1:1:1:1:1:1:1:17:2:10,,1,numeric_signed_axes_full_v3,0.0184596002102,0.0185064005852237,0.0184643995761145,within_noise,within_noise,1
net_log30:template_v2_al1_06:rank12,net_log30,Ascend910B3,20,8.1.RC1+toolkit-7.7.0.1.225,template_v2_al1_06,208,5888,1024,bf16,0,1,searched,calibration_template_probe,17:208:352:1024:16:32:80:13:1:1:1:0:13:1:2:1:1:1:1:1:17:0:10,,1,numeric_signed_axes_full_v3,0.0184959995747,0.0185064005851373,0.018464399576197,within_noise,within_noise,1
net_log30:template_v2_al1_06:rank13,net_log30,Ascend910B3,20,8.1.RC1+toolkit-7.7.0.1.225,template_v2_al1_06,208,5888,1024,bf16,0,1,searched,calibration_template_probe,20:208:304:1024:48:16:32:32:2:1:1:0:32:1:2:2:1:1:1:1:20:2:10,,1,numeric_signed_axes_full_v3,0.0186688005924,0.0185064005851914,0.0184643995762013,within_noise,regressed,1
net_log30:template_v2_al1_06:rank14,net_log30,Ascend910B3,20,8.1.RC1+toolkit-7.7.0.1.225,template_v2_al1_06,208,5888,1024,bf16,0,1,searched,calibration_template_probe,15:208:400:1024:16:48:64:16:1:1:1:1:16:1:2:1:1:1:1:1:15:1:10,,1,numeric_signed_axes_full_v3,0.0184660005569,0.0185064005851917,0.0184643995762015,within_noise,within_noise,1
net_log30:template_v2_al1_06:rank15,net_log30,Ascend910B3,20,8.1.RC1+toolkit-7.7.0.1.225,template_v2_al1_06,208,5888,1024,bf16,0,1,searched,calibration_template_probe,15:208:400:1024:48:32:48:22:1:1:1:1:22:1:1:2:1:1:1:1:15:0:10,,1,numeric_signed_axes_full_v3,0.0184596002102,0.0185064005852237,0.0184643995761145,within_noise,within_noise,1
net_log30:template_v2_al1_06:rank16,net_log30,Ascend910B3,20,8.1.RC1+toolkit-7.7.0.1.225,template_v2_al1_06,208,5888,1024,bf16,0,1,searched,calibration_template_probe,14:208:432:1024:128:32:16:64:1:1:1:1:64:1:1:2:1:1:1:1:14:2:10,,1,numeric_signed_axes_full_v3,0.0186767995358,0.0185064005852083,0.0184643995761947,within_noise,regressed,1
net_log30:template_v2_al1_06:rank17,net_log30,Ascend910B3,20,8.1.RC1+toolkit-7.7.0.1.225,template_v2_al1_06,208,5888,1024,bf16,0,1,searched,calibration_template_probe,17:208:352:1024:32:80:32:32:2:1:1:0:32:1:1:1:1:1:1:1:17:1:10,,1,numeric_signed_axes_full_v3,0.0187111997604,0.0185064005851977,0.018537199497191,regressed,within_noise,1
net_log30:template_v2_al1_06:rank18,net_log30,Ascend910B3,20,8.1.RC1+toolkit-7.7.0.1.225,template_v2_al1_06,208,5888,1024,bf16,0,1,searched,calibration_template_probe,16:208:368:1024:48:32:32:32:1:1:1:0:32:1:2:2:1:1:1:1:16:1:10,,1,numeric_signed_axes_full_v3,0.0184624004364,0.0185064005852075,0.0185371994971818,within_noise,within_noise,1
net_log30:template_v2_al1_06:rank19,net_log30,Ascend910B3,20,8.1.RC1+toolkit-7.7.0.1.225,template_v2_al1_06,208,5888,1024,bf16,0,1,searched,calibration_template_probe,20:208:304:1024:16:32:80:13:2:1:1:0:13:1:2:1:1:1:1:1:20:1:10,,1,numeric_signed_axes_full_v3,0.0184935998917,0.0185064005852845,0.0185371994971731,within_noise,within_noise,1
net_log30:template_v2_al1_06:rank20,net_log30,Ascend910B3,20,8.1.RC1+toolkit-7.7.0.1.225,template_v2_al1_06,208,5888,1024,bf16,0,1,searched,calibration_template_probe,20:208:304:1024:32:16:64:16:2:1:1:1:16:1:1:1:1:1:1:1:20:0:10,,1,numeric_signed_axes_full_v3,0.0187119996548,0.0185064005851947,0.0185371994971936,regressed,within_noise,1
net_log30:template_v2_al1_06:rank21,net_log30,Ascend910B3,20,8.1.RC1+toolkit-7.7.0.1.225,template_v2_al1_06,208,5888,1024,bf16,0,1,searched,calibration_template_probe,16:208:368:1024:48:64:48:22:1:1:1:1:22:1:1:1:1:1:1:1:16:0:10,,1,numeric_signed_axes_full_v3,0.0184384000301,0.0185064005851887,0.0185371994972795,within_noise,within_noise,1
net_log30:template_v2_al1_06:rank22,net_log30,Ascend910B3,20,8.1.RC1+toolkit-7.7.0.1.225,template_v2_al1_06,208,5888,1024,bf16,0,1,searched,calibration_template_probe,15:208:400:1024:48:16:32:32:2:1:1:1:32:1:2:2:2:1:1:1:15:0:10,,1,numeric_signed_axes_full_v3,0.0184684002399,0.0185064005851309,0.0185371994971915,within_noise,within_noise,1
net_log30:template_v2_al1_06:rank23,net_log30,Ascend910B3,20,8.1.RC1+toolkit-7.7.0.1.225,template_v2_al1_06,208,5888,1024,bf16,0,1,searched,calibration_template_probe,20:208:304:1024:48:16:64:16:2:1:1:0:16:1:1:1:1:1:1:1:20:1:10,,1,numeric_signed_axes_full_v3,0.0187251996994,0.0185064005851966,0.0185371994972048,regressed,regressed,1
net_log30:template_v2_al1_06:rank24,net_log30,Ascend910B3,20,8.1.RC1+toolkit-7.7.0.1.225,template_v2_al1_06,208,5888,1024,bf16,0,1,searched,calibration_template_probe,20:208:304:1024:64:32:32:32:2:1:1:0:32:1:1:2:1:1:1:1:20:0:10,,1,numeric_signed_axes_full_v3,0.0185055994987,0.018506400585191,0.0185371994971846,within_noise,within_noise,1
net_log30:template_v2_al1_06:rank25,net_log30,Ascend910B3,20,8.1.RC1+toolkit-7.7.0.1.225,template_v2_al1_06,208,5888,1024,bf16,0,1,searched,calibration_template_probe,20:208:304:1024:32:96:32:32:2:1:1:0:32:1:2:1:1:1:1:1:20:0:10,,1,numeric_signed_axes_full_v3,0.018478000164,0.0185336005688616,0.0184756004809984,within_noise,within_noise,1
net_log30:template_v2_al1_06:rank26,net_log30,Ascend910B3,20,8.1.RC1+toolkit-7.7.0.1.225,template_v2_al1_06,208,5888,1024,bf16,0,1,searched,calibration_template_probe,20:208:304:1024:48:112:16:64:1:1:1:0:64:1:2:1:1:1:1:1:20:2:10,,1,numeric_signed_axes_full_v3,0.0184739995003,0.0185336005687343,0.0184756004809282,within_noise,within_noise,1
net_log30:template_v2_al1_06:rank27,net_log30,Ascend910B3,20,8.1.RC1+toolkit-7.7.0.1.225,template_v2_al1_06,208,5888,1024,bf16,0,1,searched,calibration_template_probe,17:208:352:1024:48:32:48:22:2:1:1:1:22:1:1:2:1:1:1:1:17:1:10,,1,numeric_signed_axes_full_v3,0.0187044000626,0.0185336005687985,0.0184756004810025,within_noise,within_noise,1
net_log30:template_v2_al1_06:rank28,net_log30,Ascend910B3,20,8.1.RC1+toolkit-7.7.0.1.225,template_v2_al1_06,208,5888,1024,bf16,0,1,searched,calibration_template_probe,20:208:304:1024:32:16:32:32:2:1:1:0:32:1:2:2:2:1:1:1:20:2:10,,1,numeric_signed_axes_full_v3,0.0184308004379,0.0185336005687913,0.018475600481076,within_noise,within_noise,1
net_log30:template_v2_al1_06:rank29,net_log30,Ascend910B3,20,8.1.RC1+toolkit-7.7.0.1.225,template_v2_al1_06,208,5888,1024,bf16,0,1,searched,calibration_template_probe,20:208:304:1024:48:32:16:64:2:1:1:0:64:1:2:2:2:1:1:1:20:1:10,,1,numeric_signed_axes_full_v3,0.0184660005569,0.0185336005687683,0.0184756004810414,within_noise,within_noise,1
net_log30:template_v2_al1_06:rank30,net_log30,Ascend910B3,20,8.1.RC1+toolkit-7.7.0.1.225,template_v2_al1_06,208,5888,1024,bf16,0,1,searched,calibration_template_probe,17:208:352:1024:48:16:64:16:1:1:1:0:16:1:1:2:1:1:1:1:17:2:10,,1,numeric_signed_axes_full_v3,0.0186971998215,0.0185336005688002,0.0184756004810089,within_noise,regressed,1
net_log30:template_v2_al1_06:rank31,net_log30,Ascend910B3,20,8.1.RC1+toolkit-7.7.0.1.225,template_v2_al1_06,208,5888,1024,bf16,0,1,searched,calibration_template_probe,19:208:320:1024:64:32:16:64:1:1:1:1:64:1:1:2:1:1:1:1:19:0:10,,1,numeric_signed_axes_full_v3,0.0184728002548,0.0185336005688505,0.0184756004810122,within_noise,within_noise,1
net_log30:template_v2_al1_06:rank32,net_log30,Ascend910B3,20,8.1.RC1+toolkit-7.7.0.1.225,template_v2_al1_06,208,5888,1024,bf16,0,1,searched,calibration_template_probe,20:208:304:1024:64:16:16:64:2:1:1:1:64:1:1:1:1:1:1:1:20:1:10,,1,numeric_signed_axes_full_v3,0.0185352003574,0.0185336005687988,0.0184756004810014,within_noise,within_noise,1
net_log30:template_v2_al1_06:rank33,net_log30,Ascend910B3,20,8.1.RC1+toolkit-7.7.0.1.225,template_v2_al1_06,208,5888,1024,bf16,0,1,searched,calibration_template_probe,20:208:304:1024:48:64:48:22:2:1:1:1:22:1:1:1:1:1:1:1:20:1:10,,1,numeric_signed_axes_full_v3,0.0186459994316,0.0184464001656006,0.0184756004809911,within_noise,within_noise,1
net_log30:template_v2_al1_06:rank34,net_log30,Ascend910B3,20,8.1.RC1+toolkit-7.7.0.1.225,template_v2_al1_06,208,5888,1024,bf16,0,1,searched,calibration_template_probe,15:208:400:1024:48:32:64:16:1:1:1:0:16:1:1:1:1:1:1:1:15:0:10,,1,numeric_signed_axes_full_v3,0.0189608001709,0.0184464001656094,0.0184756004809923,regressed,regressed,1
net_log30:template_v2_al1_06:rank35,net_log30,Ascend910B3,20,8.1.RC1+toolkit-7.7.0.1.225,template_v2_al1_06,208,5888,1024,bf16,0,1,searched,calibration_template_probe,15:208:400:1024:16:48:64:16:2:1:1:1:16:1:2:1:1:1:1:1:15:2:10,,1,numeric_signed_axes_full_v3,0.018416800499,0.0184464001656667,0.018475600480958,within_noise,within_noise,1
net_log30:template_v2_al1_06:rank36,net_log30,Ascend910B3,20,8.1.RC1+toolkit-7.7.0.1.225,template_v2_al1_06,208,5888,1024,bf16,0,1,searched,calibration_template_probe,20:208:304:1024:48:32:32:32:2:1:1:0:32:1:2:1:1:1:1:1:20:0:10,,1,numeric_signed_axes_full_v3,0.0184500002861,0.0184464001656066,0.018475600481046,within_noise,within_noise,1
net_log30:template_v2_al1_06:rank37,net_log30,Ascend910B3,20,8.1.RC1+toolkit-7.7.0.1.225,template_v2_al1_06,208,5888,1024,bf16,0,1,searched,calibration_template_probe,20:208:304:1024:64:32:16:64:2:1:1:1:64:1:1:2:1:1:1:1:20:1:10,,1,numeric_signed_axes_full_v3,0.0186808001995,0.018446400165599,0.0184756004810073,regressed,regressed,1
net_log30:template_v2_al1_06:rank38,net_log30,Ascend910B3,20,8.1.RC1+toolkit-7.7.0.1.225,template_v2_al1_06,208,5888,1024,bf16,0,1,searched,calibration_template_probe,20:208:304:1024:32:32:32:32:2:1:1:0:32:1:2:2:1:1:1:1:20:1:10,,1,numeric_signed_axes_full_v3,0.0184979999065,0.0184464001655988,0.0184756004810026,within_noise,within_noise,1
net_log30:template_v2_al1_06:rank39,net_log30,Ascend910B3,20,8.1.RC1+toolkit-7.7.0.1.225,template_v2_al1_06,208,5888,1024,bf16,0,1,searched,calibration_template_probe,18:208:336:1024:48:112:16:64:2:1:1:0:64:1:2:1:1:1:1:1:18:0:10,,1,numeric_signed_axes_full_v3,0.0185484004021,0.018446400165591,0.018475600481001,within_noise,within_noise,1
net_log30:template_v2_al1_06:rank40,net_log30,Ascend910B3,20,8.1.RC1+toolkit-7.7.0.1.225,template_v2_al1_06,208,5888,1024,bf16,0,1,searched,calibration_template_probe,16:208:368:1024:128:32:16:64:2:1:1:1:64:1:1:2:1:1:1:1:16:0:10,,1,numeric_signed_axes_full_v3,0.0187036001682,0.0184464001656045,0.018475600481005,regressed,regressed,1
net_log30:template_v2_al1_06:rank41,net_log30,Ascend910B3,20,8.1.RC1+toolkit-7.7.0.1.225,template_v2_al1_06,208,5888,1024,bf16,0,1,searched,calibration_template_probe,20:208:304:1024:48:64:48:22:1:1:1:1:22:1:1:1:1:1:1:1:20:0:10,,1,numeric_signed_axes_full_v3,0.0186907994747,0.0184464001655991,0.0184324002266093,regressed,regressed,1
net_log30:template_v2_al1_06:rank42,net_log30,Ascend910B3,20,8.1.RC1+toolkit-7.7.0.1.225,template_v2_al1_06,208,5888,1024,bf16,0,1,searched,calibration_template_probe,20:208:304:1024:32:32:16:64:1:1:1:0:64:1:2:2:2:1:1:1:20:2:10,,1,numeric_signed_axes_full_v3,0.0184555995464,0.0184464001655925,0.0184324002266071,within_noise,within_noise,1
net_log30:template_v2_al1_06:rank43,net_log30,Ascend910B3,20,8.1.RC1+toolkit-7.7.0.1.225,template_v2_al1_06,208,5888,1024,bf16,0,1,searched,calibration_template_probe,20:208:304:1024:32:160:16:64:2:1:1:0:64:1:2:1:1:1:1:1:20:2:10,,1,numeric_signed_axes_full_v3,0.0186028003693,0.0184464001656009,0.0184324002266043,within_noise,within_noise,1
net_log30:template_v2_al1_06:rank44,net_log30,Ascend910B3,20,8.1.RC1+toolkit-7.7.0.1.225,template_v2_al1_06,208,5888,1024,bf16,0,1,searched,calibration_template_probe,20:208:304:1024:48:32:64:16:2:1:1:0:16:1:1:1:1:1:1:1:20:1:10,,1,numeric_signed_axes_full_v3,0.0184948003292,0.0184464001656001,0.0184324002265977,within_noise,within_noise,1
net_log30:template_v2_al1_06:rank45,net_log30,Ascend910B3,20,8.1.RC1+toolkit-7.7.0.1.225,template_v2_al1_06,208,5888,1024,bf16,0,1,searched,calibration_template_probe,15:208:400:1024:48:16:48:22:1:1:1:1:22:1:1:2:1:1:1:1:15:0:10,,1,numeric_signed_axes_full_v3,0.0184984004498,0.0184464001656023,0.0184324002265962,within_noise,within_noise,1
net_log30:template_v2_al1_06:rank46,net_log30,Ascend910B3,20,8.1.RC1+toolkit-7.7.0.1.225,template_v2_al1_06,208,5888,1024,bf16,0,1,searched,calibration_template_probe,20:208:304:1024:16:16:160:7:2:1:1:1:7:1:1:1:1:1:1:1:20:2:10,,1,numeric_signed_axes_full_v3,0.0187051999569,0.0184464001655951,0.0184324002266079,regressed,regressed,1
net_log30:template_v2_al1_06:rank47,net_log30,Ascend910B3,20,8.1.RC1+toolkit-7.7.0.1.225,template_v2_al1_06,208,5888,1024,bf16,0,1,searched,calibration_template_probe,20:208:304:1024:16:32:80:13:1:1:1:0:13:1:2:1:1:1:1:1:20:0:10,,1,numeric_signed_axes_full_v3,0.018531999588,0.0184464001655962,0.0184324002266067,within_noise,within_noise,1
net_log30:template_v2_al1_06:rank48,net_log30,Ascend910B3,20,8.1.RC1+toolkit-7.7.0.1.225,template_v2_al1_06,208,5888,1024,bf16,0,1,searched,calibration_template_probe,17:208:352:1024:16:32:80:13:2:1:1:0:13:1:2:1:1:1:1:1:17:1:10,,1,numeric_signed_axes_full_v3,0.0185451996326,0.0184464001656042,0.0184324002266046,within_noise,within_noise,1
net_log30:template_v2_al1_06:rank49,net_log30,Ascend910B3,20,8.1.RC1+toolkit-7.7.0.1.225,template_v2_al1_06,208,5888,1024,bf16,0,1,searched,calibration_template_probe,20:208:304:1024:32:32:64:16:2:1:1:0:16:1:1:1:1:1:1:1:20:0:10,,1,numeric_signed_axes_full_v3,0.0184391999245,0.0185171997546632,0.0184324002265914,within_noise,within_noise,1
net_log30:template_v2_al1_06:rank50,net_log30,Ascend910B3,20,8.1.RC1+toolkit-7.7.0.1.225,template_v2_al1_06,208,5888,1024,bf16,0,1,searched,calibration_template_probe,20:208:304:1024:48:80:32:32:1:1:1:1:32:1:1:1:1:1:1:1:20:1:10,,1,numeric_signed_axes_full_v3,0.0185775995255,0.0185171997547014,0.0184324002266051,within_noise,within_noise,1
net_log30:template_v2_al1_06:rank51,net_log30,Ascend910B3,20,8.1.RC1+toolkit-7.7.0.1.225,template_v2_al1_06,208,5888,1024,bf16,0,1,searched,calibration_template_probe,14:208:432:1024:128:32:16:64:2:1:1:1:64:1:1:2:1:1:1:1:14:0:10,,1,numeric_signed_axes_full_v3,0.0184832000732,0.0185171997546797,0.0184324002265989,within_noise,within_noise,1
net_log30:template_v2_al1_06:rank52,net_log30,Ascend910B3,20,8.1.RC1+toolkit-7.7.0.1.225,template_v2_al1_06,208,5888,1024,bf16,0,1,searched,calibration_template_probe,20:208:304:1024:48:32:16:64:1:1:1:0:64:1:2:2:2:1:1:1:20:0:10,,1,numeric_signed_axes_full_v3,0.0184979999065,0.0185171997547443,0.0184324002266047,within_noise,within_noise,1
net_log30:template_v2_al1_06:rank53,net_log30,Ascend910B3,20,8.1.RC1+toolkit-7.7.0.1.225,template_v2_al1_06,208,5888,1024,bf16,0,1,searched,calibration_template_probe,17:208:352:1024:16:48:64:16:2:1:1:1:16:1:2:1:1:1:1:1:17:2:10,,1,numeric_signed_axes_full_v3,0.0187168002129,0.0185171997546943,0.0184324002266034,regressed,regressed,1
net_log30:template_v2_al1_06:rank54,net_log30,Ascend910B3,20,8.1.RC1+toolkit-7.7.0.1.225,template_v2_al1_06,208,5888,1024,bf16,0,1,searched,calibration_template_probe,15:208:400:1024:48:64:48:22:1:1:1:1:22:1:1:1:1:1:1:1:15:0:10,,1,numeric_signed_axes_full_v3,0.0185176002979,0.0185171997547059,0.0184324002266069,within_noise,within_noise,1
net_log30:template_v2_al1_06:rank55,net_log30,Ascend910B3,20,8.1.RC1+toolkit-7.7.0.1.225,template_v2_al1_06,208,5888,1024,bf16,0,1,searched,calibration_template_probe,15:208:400:1024:128:32:16:64:1:1:1:1:64:1:1:2:1:1:1:1:15:2:10,,1,numeric_signed_axes_full_v3,0.0185547995567,0.0185171997547004,0.0184324002265912,within_noise,within_noise,1
net_log30:template_v2_al1_06:rank56,net_log30,Ascend910B3,20,8.1.RC1+toolkit-7.7.0.1.225,template_v2_al1_06,208,5888,1024,bf16,0,1,searched,calibration_template_probe,20:208:304:1024:32:160:16:64:1:1:1:0:64:1:2:1:1:1:1:1:20:1:10,,1,numeric_signed_axes_full_v3,0.0186596000195,0.0185171997546922,0.0184324002265998,within_noise,regressed,1
net_log30:template_v2_bl1_fix_01:rank1,net_log30,Ascend910B3,20,8.1.RC1+toolkit-7.7.0.1.225,template_v2_bl1_fix_01,20736,608,128,fp16,0,0,searched,calibration_template_probe,20:576:608:128:288:48:16:16:104:1:13:1:8:8:1:1:1:1:1:36:1:1:20,,1,numeric_signed_axes_full_v3,0.0669564008713,0.0668260002135982,0.067038002014335,within_noise,within_noise,1
net_log30:template_v2_bl1_fix_01:rank2,net_log30,Ascend910B3,20,8.1.RC1+toolkit-7.7.0.1.225,template_v2_bl1_fix_01,20736,608,128,fp16,0,0,searched,calibration_template_probe,20:576:608:128:288:48:32:8:52:1:13:0:4:4:2:2:2:1:1:36:1:1:20,,1,numeric_signed_axes_full_v3,0.0666832017899,0.0668260002136273,0.0670380020140605,within_noise,within_noise,1
net_log30:template_v2_bl1_fix_01:rank3,net_log30,Ascend910B3,20,8.1.RC1+toolkit-7.7.0.1.225,template_v2_bl1_fix_01,20736,608,128,fp16,0,0,searched,calibration_template_probe,20:224:608:128:112:464:16:16:16:1:2:1:8:8:1:2:1:1:1:93:1:1:20,,1,numeric_signed_axes_full_v3,0.0670291996002,0.0668260002136217,0.0670380020141122,within_noise,within_noise,1
net_log30:template_v2_bl1_fix_01:rank4,net_log30,Ascend910B3,20,8.1.RC1+toolkit-7.7.0.1.225,template_v2_bl1_fix_01,20736,608,128,fp16,0,0,searched,calibration_template_probe,18:1216:608:128:608:80:16:16:64:1:8:0:8:8:2:1:1:1:1:18:1:1:20,,1,numeric_signed_axes_full_v3,0.0668580007553,0.0668260002136158,0.0670380020145323,within_noise,within_noise,1
net_log30:template_v2_bl1_fix_01:rank5,net_log30,Ascend910B3,20,8.1.RC1+toolkit-7.7.0.1.225,template_v2_bl1_fix_01,20736,608,128,fp16,0,0,searched,calibration_template_probe,20:832:608:128:416:96:16:16:56:1:7:1:8:8:2:2:1:1:1:25:1:1:20,,1,numeric_signed_axes_full_v3,0.0673740005493,0.0668260002136115,0.0670380020142262,within_noise,within_noise,1
net_log30:template_v2_bl1_fix_01:rank6,net_log30,Ascend910B3,20,8.1.RC1+toolkit-7.7.0.1.225,template_v2_bl1_fix_01,20736,608,128,fp16,0,0,searched,calibration_template_probe,20:832:608:128:416:144:16:16:40:1:5:1:8:8:1:1:1:1:1:25:1:1:20,,1,numeric_signed_axes_full_v3,0.06744120121,0.066826000213604,0.0670380020142248,within_noise,within_noise,1
net_log30:template_v2_bl1_fix_01:rank7,net_log30,Ascend910B3,20,8.1.RC1+toolkit-7.7.0.1.225,template_v2_bl1_fix_01,20736,608,128,fp16,0,0,searched,calibration_template_probe,20:576:608:128:288:96:32:8:28:1:7:0:4:4:1:2:1:1:1:36:1:1:20,,1,numeric_signed_axes_full_v3,0.0674172019958,0.0668260002136167,0.0670380020141726,within_noise,within_noise,1
net_log30:template_v2_bl1_fix_01:rank8,net_log30,Ascend910B3,20,8.1.RC1+toolkit-7.7.0.1.225,template_v2_bl1_fix_01,20736,608,128,fp16,0,0,searched,calibration_template_probe,20:672:608:128:336:80:16:16:64:1:8:0:8:8:2:1:1:1:1:31:1:1:20,,1,numeric_signed_axes_full_v3,0.0669659996033,0.0668260002135849,0.0670380020139451,within_noise,within_noise,1
net_log30:template_v2_bl1_fix_01:rank9,net_log30,Ascend910B3,20,8.1.RC1+toolkit-7.7.0.1.225,template_v2_bl1_fix_01,20736,608,128,fp16,0,0,searched,calibration_template_probe,20:224:608:128:112:464:16:16:16:1:2:0:8:8:2:1:1:1:1:93:1:1:20,,1,numeric_signed_axes_full_v3,0.0666775989532,0.0670463991167202,0.066718401909147,within_noise,within_noise,1
net_log30:template_v2_bl1_fix_01:rank10,net_log30,Ascend910B3,20,8.1.RC1+toolkit-7.7.0.1.225,template_v2_bl1_fix_01,20736,608,128,fp16,0,0,searched,calibration_template_probe,20:576:608:128:288:192:32:8:16:1:4:0:4:4:1:1:1:1:1:36:1:1:20,,1,numeric_signed_axes_full_v3,0.0671500015259,0.0670463991164998,0.0667184019088718,within_noise,within_noise,1
net_log30:template_v2_bl1_fix_01:rank11,net_log30,Ascend910B3,20,8.1.RC1+toolkit-7.7.0.1.225,template_v2_bl1_fix_01,20736,608,128,fp16,0,0,searched,calibration_template_probe,20:384:608:128:192:64:16:16:80:1:10:1:8:8:2:2:2:1:1:54:1:1:20,,1,numeric_signed_axes_full_v3,0.0675731992722,0.0670463991165269,0.0667184019088695,within_noise,regressed,1
net_log30:template_v2_bl1_fix_01:rank12,net_log30,Ascend910B3,20,8.1.RC1+toolkit-7.7.0.1.225,template_v2_bl1_fix_01,20736,608,128,fp16,0,0,searched,calibration_template_probe,20:544:608:128:272:176:16:16:32:1:4:1:8:8:1:2:1:1:1:39:1:1:20,,1,numeric_signed_axes_full_v3,0.0668684005737,0.0670463991165219,0.0667184019088694,within_noise,within_noise,1
net_log30:template_v2_bl1_fix_01:rank13,net_log30,Ascend910B3,20,8.1.RC1+toolkit-7.7.0.1.225,template_v2_bl1_fix_01,20736,608,128,fp16,0,0,searched,calibration_template_probe,20:640:608:128:320:16:16:16:304:1:38:0:8:8:2:2:2:1:1:33:1:1:20,,1,numeric_signed_axes_full_v3,0.0666871976852,0.0670463991167116,0.0667184019087255,within_noise,within_noise,1
net_log30:template_v2_bl1_fix_01:rank14,net_log30,Ascend910B3,20,8.1.RC1+toolkit-7.7.0.1.225,template_v2_bl1_fix_01,20736,608,128,fp16,0,0,searched,calibration_template_probe,18:1216:608:128:608:96:16:16:56:1:7:1:8:8:1:1:1:1:1:18:1:1:20,,1,numeric_signed_axes_full_v3,0.0674283981323,0.0670463991165143,0.0667184019088974,within_noise,regressed,1
net_log30:template_v2_bl1_fix_01:rank15,net_log30,Ascend910B3,20,8.1.RC1+toolkit-7.7.0.1.225,template_v2_bl1_fix_01,20736,608,128,fp16,0,0,searched,calibration_template_probe,18:1216:608:128:608:48:16:16:104:1:13:0:8:8:1:1:1:1:1:18:1:1:20,,1,numeric_signed_axes_full_v3,0.0667971992493,0.067046399116338,0.0667184019088914,within_noise,within_noise,1
net_log30:template_v2_bl1_fix_01:rank16,net_log30,Ascend910B3,20,8.1.RC1+toolkit-7.7.0.1.225,template_v2_bl1_fix_01,20736,608,128,fp16,0,0,searched,calibration_template_probe,20:608:608:128:304:208:16:16:24:1:3:0:8:8:2:1:1:1:1:35:1:1:20,,1,numeric_signed_axes_full_v3,0.0674567985535,0.0670463991165229,0.0667184019089023,within_noise,regressed,1
net_log30:template_v2_bl1_fix_01:rank17,net_log30,Ascend910B3,20,8.1.RC1+toolkit-7.7.0.1.225,template_v2_bl1_fix_01,20736,608,128,fp16,0,0,searched,calibration_template_probe,20:576:608:128:288:192:16:16:32:1:4:0:8:8:2:2:1:1:1:36:1:1:20,,1,numeric_signed_axes_full_v3,0.0671316003799,0.0667148017882821,0.0667184019089251,within_noise,within_noise,1
net_log30:template_v2_bl1_fix_01:rank18,net_log30,Ascend910B3,20,8.1.RC1+toolkit-7.7.0.1.225,template_v2_bl1_fix_01,20736,608,128,fp16,0,0,searched,calibration_template_probe,20:672:608:128:336:80:16:16:64:1:8:1:8:8:1:2:1:1:1:31:1:1:20,,1,numeric_signed_axes_full_v3,0.0674660015106,0.0667148017883001,0.0667184019088703,regressed,regressed,1
net_log30:template_v2_bl1_fix_01:rank19,net_log30,Ascend910B3,20,8.1.RC1+toolkit-7.7.0.1.225,template_v2_bl1_fix_01,20736,608,128,fp16,0,0,searched,calibration_template_probe,20:640:608:128:320:48:16:16:104:1:13:1:8:8:2:2:2:1:1:33:1:1:20,,1,numeric_signed_axes_full_v3,0.0668387985229,0.066714801788321,0.0667184019088803,within_noise,within_noise,1
net_log30:template_v2_bl1_fix_01:rank20,net_log30,Ascend910B3,20,8.1.RC1+toolkit-7.7.0.1.225,template_v2_bl1_fix_01,20736,608,128,fp16,0,0,searched,calibration_template_probe,20:576:608:128:288:144:32:8:20:1:5:1:4:4:1:1:1:1:1:36:1:1:20,,1,numeric_signed_axes_full_v3,0.0667223978043,0.0667148017883181,0.0667184019089199,within_noise,within_noise,1
net_log30:template_v2_bl1_fix_01:rank21,net_log30,Ascend910B3,20,8.1.RC1+toolkit-7.7.0.1.225,template_v2_bl1_fix_01,20736,608,128,fp16,0,0,searched,calibration_template_probe,20:832:608:128:416:128:16:16:40:1:5:0:8:8:2:1:1:1:1:25:1:1:20,,1,numeric_signed_axes_full_v3,0.0674771976471,0.0667148017882664,0.0667184019089092,regressed,regressed,1
net_log30:template_v2_bl1_fix_01:rank22,net_log30,Ascend910B3,20,8.1.RC1+toolkit-7.7.0.1.225,template_v2_bl1_fix_01,20736,608,128,fp16,0,0,searched,calibration_template_probe,20:736:608:128:368:176:16:16:32:1:4:1:8:8:1:2:1:1:1:29:1:1:20,,1,numeric_signed_axes_full_v3,0.0668552017212,0.066714801788279,0.0667184019088681,within_noise,within_noise,1
net_log30:template_v2_bl1_fix_01:rank23,net_log30,Ascend910B3,20,8.1.RC1+toolkit-7.7.0.1.225,template_v2_bl1_fix_01,20736,608,128,fp16,0,0,searched,calibration_template_probe,20:384:608:128:192:192:16:16:32:1:4:0:8:8:2:1:1:1:1:54:1:1:20,,1,numeric_signed_axes_full_v3,0.0674963998795,0.0667148017883228,0.0667184019088697,regressed,regressed,1
net_log30:template_v2_bl1_fix_01:rank24,net_log30,Ascend910B3,20,8.1.RC1+toolkit-7.7.0.1.225,template_v2_bl1_fix_01,20736,608,128,fp16,0,0,searched,calibration_template_probe,20:736:608:128:368:112:16:16:48:1:6:0:8:8:1:1:1:1:1:29:1:1:20,,1,numeric_signed_axes_full_v3,0.0669748020172,0.066714801788281,0.0667184019089248,within_noise,within_noise,1
net_log30:template_v2_bl1_fix_01:rank25,net_log30,Ascend910B3,20,8.1.RC1+toolkit-7.7.0.1.225,template_v2_bl1_fix_01,20736,608,128,fp16,0,0,searched,calibration_template_probe,20:576:608:128:288:16:16:16:304:1:38:0:8:8:1:2:1:1:1:36:1:1:20,,1,numeric_signed_axes_full_v3,0.0675303983688,0.0666111993789767,0.0666631984710867,regressed,regressed,1
net_log30:template_v2_bl1_fix_01:rank26,net_log30,Ascend910B3,20,8.1.RC1+toolkit-7.7.0.1.225,template_v2_bl1_fix_01,20736,608,128,fp16,0,0,searched,calibration_template_probe,20:736:608:128:368:112:16:16:48:1:6:1:8:8:2:1:1:1:1:29:1:1:20,,1,numeric_signed_axes_full_v3,0.0668735980988,0.0666111993790176,0.0666631984710742,within_noise,within_noise,1
net_log30:template_v2_bl1_fix_01:rank27,net_log30,Ascend910B3,20,8.1.RC1+toolkit-7.7.0.1.225,template_v2_bl1_fix_01,20736,608,128,fp16,0,0,searched,calibration_template_probe,20:640:608:128:320:16:16:16:304:1:38:1:8:8:2:2:1:1:1:33:1:1:20,,1,numeric_signed_axes_full_v3,0.0666964006424,0.0666111993790233,0.0666631984711135,within_noise,within_noise,1
net_log30:template_v2_bl1_fix_01:rank28,net_log30,Ascend910B3,20,8.1.RC1+toolkit-7.7.0.1.225,template_v2_bl1_fix_01,20736,608,128,fp16,0,0,searched,calibration_template_probe,20:544:608:128:272:176:16:16:32:1:4:0:8:8:2:1:1:1:1:39:1:1:20,,1,numeric_signed_axes_full_v3,0.067490401268,0.0666111993789921,0.0666631984710933,regressed,regressed,1
net_log30:template_v2_bl1_fix_01:rank29,net_log30,Ascend910B3,20,8.1.RC1+toolkit-7.7.0.1.225,template_v2_bl1_fix_01,20736,608,128,fp16,0,0,searched,calibration_template_probe,20:640:608:128:320:64:16:16:80:1:10:0:8:8:1:1:1:1:1:33:1:1:20,,1,numeric_signed_axes_full_v3,0.0668427991867,0.0666111993790302,0.066663198471128,within_noise,within_noise,1
net_log30:template_v2_bl1_fix_01:rank30,net_log30,Ascend910B3,20,8.1.RC1+toolkit-7.7.0.1.225,template_v2_bl1_fix_01,20736,608,128,fp16,0,0,searched,calibration_template_probe,20:768:608:128:384:96:16:16:56:1:7:0:8:8:2:2:1:1:1:27:1:1:20,,1,numeric_signed_axes_full_v3,0.0672592020035,0.0666111993789737,0.066663198471079,within_noise,within_noise,1
net_log30:template_v2_bl1_fix_01:rank31,net_log30,Ascend910B3,20,8.1.RC1+toolkit-7.7.0.1.225,template_v2_bl1_fix_01,20736,608,128,fp16,0,0,searched,calibration_template_probe,20:576:608:128:288:144:16:16:40:1:5:1:8:8:2:2:1:1:1:36:1:1:20,,1,numeric_signed_axes_full_v3,0.067202000618,0.0666111993789874,0.0666631984711331,within_noise,within_noise,1
net_log30:template_v2_bl1_fix_01:rank32,net_log30,Ascend910B3,20,8.1.RC1+toolkit-7.7.0.1.225,template_v2_bl1_fix_01,20736,608,128,fp16,0,0,searched,calibration_template_probe,20:640:608:128:320:64:16:16:80:1:10:1:8:8:2:1:1:1:1:33:1:1:20,,1,numeric_signed_axes_full_v3,0.0666631984711,0.066611199378986,0.0666631984711,within_noise,within_noise,1
net_log30:template_v2_bl1_fix_01:rank33,net_log30,Ascend910B3,20,8.1.RC1+toolkit-7.7.0.1.225,template_v2_bl1_fix_01,20736,608,128,fp16,0,0,searched,calibration_template_probe,20:736:608:128:368:128:16:16:40:1:5:1:8:8:1:2:1:1:1:29:1:1:20,,1,numeric_signed_axes_full_v3,0.0670955991745,0.0666111993789982,0.0666631984711093,within_noise,within_noise,1
net_log30:template_v2_bl1_fix_01:rank34,net_log30,Ascend910B3,20,8.1.RC1+toolkit-7.7.0.1.225,template_v2_bl1_fix_01,20736,608,128,fp16,0,0,searched,calibration_template_probe,20:640:608:128:320:32:16:16:152:1:19:0:8:8:2:2:2:1:1:33:1:1:20,,1,numeric_signed_axes_full_v3,0.0668595981598,0.0666111993790072,0.0666631984711047,within_noise,within_noise,1
net_log30:template_v2_bl1_fix_01:rank35,net_log30,Ascend910B3,20,8.1.RC1+toolkit-7.7.0.1.225,template_v2_bl1_fix_01,20736,608,128,fp16,0,0,searched,calibration_template_probe,20:672:608:128:336:160:16:16:32:1:4:0:8:8:2:2:1:1:1:31:1:1:20,,1,numeric_signed_axes_full_v3,0.0673875999451,0.0666111993790232,0.0666631984711097,regressed,regressed,1
net_log30:template_v2_bl1_fix_01:rank36,net_log30,Ascend910B3,20,8.1.RC1+toolkit-7.7.0.1.225,template_v2_bl1_fix_01,20736,608,128,fp16,0,0,searched,calibration_template_probe,20:384:608:128:192:272:16:16:24:1:3:0:8:8:2:1:1:1:1:54:1:1:20,,1,numeric_signed_axes_full_v3,0.0668251991272,0.0666111993789934,0.0666631984710722,within_noise,within_noise,1
net_log30:template_v2_bl1_fix_01:rank37,net_log30,Ascend910B3,20,8.1.RC1+toolkit-7.7.0.1.225,template_v2_bl1_fix_01,20736,608,128,fp16,0,0,searched,calibration_template_probe,20:544:608:128:272:48:16:16:104:1:13:1:8:8:2:2:2:1:1:39:1:1:20,,1,numeric_signed_axes_full_v3,0.067262802124,0.06661119937897,0.0666631984711147,within_noise,within_noise,1
net_log30:template_v2_bl1_fix_01:rank38,net_log30,Ascend910B3,20,8.1.RC1+toolkit-7.7.0.1.225,template_v2_bl1_fix_01,20736,608,128,fp16,0,0,searched,calibration_template_probe,20:576:608:128:288:96:16:16:56:1:7:1:8:8:1:1:1:1:1:36:1:1:20,,1,numeric_signed_axes_full_v3,0.0671803998947,0.0666111993789828,0.0666631984710858,within_noise,within_noise,1
net_log30:template_v2_bl1_fix_01:rank39,net_log30,Ascend910B3,20,8.1.RC1+toolkit-7.7.0.1.225,template_v2_bl1_fix_01,20736,608,128,fp16,0,0,searched,calibration_template_probe,20:576:608:128:288:144:16:16:40:1:5:0:8:8:1:1:1:1:1:36:1:1:20,,1,numeric_signed_axes_full_v3,0.0669695997238,0.0666111993789908,0.0666631984711013,within_noise,within_noise,1
net_log30:template_v2_bl1_fix_01:rank40,net_log30,Ascend910B3,20,8.1.RC1+toolkit-7.7.0.1.225,template_v2_bl1_fix_01,20736,608,128,fp16,0,0,searched,calibration_template_probe,20:672:608:128:336:80:16:16:64:1:8:0:8:8:2:2:1:1:1:31:1:1:20,,1,numeric_signed_axes_full_v3,0.0666571998596,0.0666111993790262,0.0666631984709969,within_noise,within_noise,1
net_log30:template_v2_bl1_fix_01:rank41,net_log30,Ascend910B3,20,8.1.RC1+toolkit-7.7.0.1.225,template_v2_bl1_fix_01,20736,608,128,fp16,0,0,searched,calibration_template_probe,20:768:608:128:384:96:16:16:56:1:7:0:8:8:2:1:1:1:1:27:1:1:20,,1,numeric_signed_axes_full_v3,0.066815199852,0.0666692018508969,0.066846799850213,within_noise,within_noise,1
net_log30:template_v2_bl1_fix_01:rank42,net_log30,Ascend910B3,20,8.1.RC1+toolkit-7.7.0.1.225,template_v2_bl1_fix_01,20736,608,128,fp16,0,0,searched,calibration_template_probe,20:576:608:128:288:48:16:16:104:1:13:1:8:8:1:2:1:1:1:36:1:1:20,,1,numeric_signed_axes_full_v3,0.0673676013947,0.066669201850927,0.0668467998505061,regressed,within_noise,1
net_log30:template_v2_bl1_fix_01:rank43,net_log30,Ascend910B3,20,8.1.RC1+toolkit-7.7.0.1.225,template_v2_bl1_fix_01,20736,608,128,fp16,0,0,searched,calibration_template_probe,20:576:608:128:288:32:16:16:152:1:19:0:8:8:2:1:1:1:1:36:1:1:20,,1,numeric_signed_axes_full_v3,0.0668183994293,0.066669201850931,0.0668467998502977,within_noise,within_noise,1
net_log30:template_v2_bl1_fix_01:rank44,net_log30,Ascend910B3,20,8.1.RC1+toolkit-7.7.0.1.225,template_v2_bl1_fix_01,20736,608,128,fp16,0,0,searched,calibration_template_probe,20:608:608:128:304:208:16:16:24:1:3:1:8:8:1:2:1:1:1:35:1:1:20,,1,numeric_signed_axes_full_v3,0.0672760009766,0.0666692018508923,0.0668467998504745,within_noise,within_noise,1
net_log30:template_v2_bl1_fix_01:rank45,net_log30,Ascend910B3,20,8.1.RC1+toolkit-7.7.0.1.225,template_v2_bl1_fix_01,20736,608,128,fp16,0,0,searched,calibration_template_probe,20:672:608:128:336:160:16:16:32:1:4:0:8:8:2:1:1:1:1:31:1:1:20,,1,numeric_signed_axes_full_v3,0.0672419977188,0.0666692018509137,0.0668467998505001,within_noise,within_noise,1
net_log30:template_v2_bl1_fix_01:rank46,net_log30,Ascend910B3,20,8.1.RC1+toolkit-7.7.0.1.225,template_v2_bl1_fix_01,20736,608,128,fp16,0,0,searched,calibration_template_probe,20:832:608:128:416:128:16:16:40:1:5:1:8:8:1:2:1:1:1:25:1:1:20,,1,numeric_signed_axes_full_v3,0.0666968011856,0.0666692018509131,0.0668467998503635,within_noise,within_noise,1
net_log30:template_v2_bl1_fix_01:rank47,net_log30,Ascend910B3,20,8.1.RC1+toolkit-7.7.0.1.225,template_v2_bl1_fix_01,20736,608,128,fp16,0,0,searched,calibration_template_probe,20:768:608:128:384:96:16:16:56:1:7:1:8:8:1:2:1:1:1:27:1:1:20,,1,numeric_signed_axes_full_v3,0.0665959978104,0.0666692018507019,0.0668467998505491,within_noise,within_noise,1
net_log30:template_v2_bl1_fix_01:rank48,net_log30,Ascend910B3,20,8.1.RC1+toolkit-7.7.0.1.225,template_v2_bl1_fix_01,20736,608,128,fp16,0,0,searched,calibration_template_probe,20:576:608:128:288:96:16:16:56:1:7:0:8:8:2:1:1:1:1:36:1:1:20,,1,numeric_signed_axes_full_v3,0.0666344022751,0.066669201851138,0.0668467998508159,within_noise,within_noise,1
net_log30:template_v2_bl1_fix_01:rank49,net_log30,Ascend910B3,20,8.1.RC1+toolkit-7.7.0.1.225,template_v2_bl1_fix_01,20736,608,128,fp16,0,0,searched,calibration_template_probe,18:1216:608:128:608:96:16:16:56:1:7:0:8:8:2:1:1:1:1:18:1:1:20,,1,numeric_signed_axes_full_v3,0.0674032020569,0.0668671989441275,0.0668467998505302,within_noise,within_noise,1
net_log30:template_v2_bl1_fix_01:rank50,net_log30,Ascend910B3,20,8.1.RC1+toolkit-7.7.0.1.225,template_v2_bl1_fix_01,20736,608,128,fp16,0,0,searched,calibration_template_probe,20:544:608:128:272:176:32:8:16:1:4:0:4:4:1:1:1:1:1:39:1:1:20,,1,numeric_signed_axes_full_v3,0.066810002327,0.0668671989438901,0.0668467998505563,within_noise,within_noise,1
net_log30:template_v2_bl1_fix_01:rank51,net_log30,Ascend910B3,20,8.1.RC1+toolkit-7.7.0.1.225,template_v2_bl1_fix_01,20736,608,128,fp16,0,0,searched,calibration_template_probe,20:544:608:128:272:176:16:16:32:1:4:0:8:8:2:2:1:1:1:39:1:1:20,,1,numeric_signed_axes_full_v3,0.0672639989853,0.0668671989441131,0.0668467998504677,within_noise,within_noise,1
net_log30:template_v2_bl1_fix_01:rank52,net_log30,Ascend910B3,20,8.1.RC1+toolkit-7.7.0.1.225,template_v2_bl1_fix_01,20736,608,128,fp16,0,0,searched,calibration_template_probe,20:576:608:128:288:192:16:16:32:1:4:0:8:8:2:1:1:1:1:36:1:1:20,,1,numeric_signed_axes_full_v3,0.0672539997101,0.0668671989441211,0.0668467998505314,within_noise,within_noise,1
net_log30:template_v2_bl1_fix_01:rank53,net_log30,Ascend910B3,20,8.1.RC1+toolkit-7.7.0.1.225,template_v2_bl1_fix_01,20736,608,128,fp16,0,0,searched,calibration_template_probe,20:576:608:128:288:192:16:16:32:1:4:1:8:8:1:2:1:1:1:36:1:1:20,,1,numeric_signed_axes_full_v3,0.0666775989532,0.0668671989441904,0.0668467998502744,within_noise,within_noise,1
net_log30:template_v2_bl1_fix_01:rank54,net_log30,Ascend910B3,20,8.1.RC1+toolkit-7.7.0.1.225,template_v2_bl1_fix_01,20736,608,128,fp16,0,0,searched,calibration_template_probe,20:832:608:128:416:144:16:16:40:1:5:0:8:8:2:1:1:1:1:25:1:1:20,,1,numeric_signed_axes_full_v3,0.0666495990753,0.066867198943783,0.0668467998502379,within_noise,within_noise,1
net_log30:template_v2_bl1_fix_01:rank55,net_log30,Ascend910B3,20,8.1.RC1+toolkit-7.7.0.1.225,template_v2_bl1_fix_01,20736,608,128,fp16,0,0,searched,calibration_template_probe,20:736:608:128:368:128:16:16:40:1:5:0:8:8:2:1:1:1:1:29:1:1:20,,1,numeric_signed_axes_full_v3,0.0667636013031,0.0668671989440563,0.06684679985044,within_noise,within_noise,1
net_log30:template_v2_bl1_fix_01:rank56,net_log30,Ascend910B3,20,8.1.RC1+toolkit-7.7.0.1.225,template_v2_bl1_fix_01,20736,608,128,fp16,0,0,searched,calibration_template_probe,20:672:608:128:336:160:16:16:32:1:4:1:8:8:1:2:1:1:1:31:1:1:20,,1,numeric_signed_axes_full_v3,0.0671375989914,0.0668671989441087,0.0668467998505259,within_noise,within_noise,1
net_log30:template_v2_bl1_fix_01:rank57,net_log30,Ascend910B3,20,8.1.RC1+toolkit-7.7.0.1.225,template_v2_bl1_fix_01,20736,608,128,fp16,0,0,searched,calibration_template_probe,20:640:608:128:320:112:16:16:48:1:6:1:8:8:1:2:1:1:1:33:1:1:20,,1,numeric_signed_axes_full_v3,0.0667971992493,0.0668671989440793,0.0668624019619968,within_noise,within_noise,1
net_log30:template_v2_bl1_fix_01:rank58,net_log30,Ascend910B3,20,8.1.RC1+toolkit-7.7.0.1.225,template_v2_bl1_fix_01,20736,608,128,fp16,0,0,searched,calibration_template_probe,20:576:608:128:288:48:16:16:104:1:13:1:8:8:2:2:2:1:1:36:1:1:20,,1,numeric_signed_axes_full_v3,0.0672459983826,0.0668671989441285,0.0668624019623329,within_noise,within_noise,1
net_log30:template_v2_bl1_fix_01:rank59,net_log30,Ascend910B3,20,8.1.RC1+toolkit-7.7.0.1.225,template_v2_bl1_fix_01,20736,608,128,fp16,0,0,searched,calibration_template_probe,20:640:608:128:320:16:16:16:304:1:38:1:8:8:2:1:1:1:1:33:1:1:20,,1,numeric_signed_axes_full_v3,0.0672236013412,0.0668671989440672,0.0668624019623247,within_noise,within_noise,1
net_log30:template_v2_bl1_fix_01:rank60,net_log30,Ascend910B3,20,8.1.RC1+toolkit-7.7.0.1.225,template_v2_bl1_fix_01,20736,608,128,fp16,0,0,searched,calibration_template_probe,20:128:608:128:128:256:32:8:24:1:3:0:4:4:2:2:1:1:1:0:0:0:1020,,1,numeric_signed_axes_full_v3,0.0667252016068,0.0668671989438442,0.0668624019623404,within_noise,within_noise,1
net_log30:template_v2_bl1_fix_01:rank61,net_log30,Ascend910B3,20,8.1.RC1+toolkit-7.7.0.1.225,template_v2_bl1_fix_01,20736,608,128,fp16,0,0,searched,calibration_template_probe,20:384:608:128:384:16:32:8:304:1:38:0:4:4:2:2:1:1:1:0:0:0:1020,,1,numeric_signed_axes_full_v3,0.0666071987152,0.0668671989442518,0.0668624019624058,within_noise,within_noise,1
net_log30:template_v2_bl1_fix_01:rank62,net_log30,Ascend910B3,20,8.1.RC1+toolkit-7.7.0.1.225,template_v2_bl1_fix_01,20736,608,128,fp16,0,0,searched,calibration_template_probe,20:256:608:128:256:96:16:16:112:1:7:0:8:8:2:2:1:1:1:0:0:0:1020,,1,numeric_signed_axes_full_v3,0.0666627979279,0.0668671989442663,0.0668624019619898,within_noise,within_noise,1
net_log30:template_v2_bl1_fix_01:rank63,net_log30,Ascend910B3,20,8.1.RC1+toolkit-7.7.0.1.225,template_v2_bl1_fix_01,20736,608,128,fp16,0,0,searched,calibration_template_probe,20:192:608:128:192:32:64:4:76:1:19:0:2:2:2:2:1:1:1:0:0:0:1020,,1,numeric_signed_axes_full_v3,0.0670724010468,0.066867198944071,0.0668624019623014,within_noise,within_noise,1
net_log30:template_v2_bl1_fix_01:rank64,net_log30,Ascend910B3,20,8.1.RC1+toolkit-7.7.0.1.225,template_v2_bl1_fix_01,20736,608,128,fp16,0,0,searched,calibration_template_probe,20:128:608:128:128:192:64:4:16:1:4:0:2:2:2:2:1:1:1:0:0:0:1020,,1,numeric_signed_axes_full_v3,0.0668484020233,0.0668671989443058,0.0668624019624716,within_noise,within_noise,1
net_log30:template_v2_bl1_fix_01:rank65,net_log30,Ascend910B3,20,8.1.RC1+toolkit-7.7.0.1.225,template_v2_bl1_fix_01,20736,608,128,fp16,0,0,searched,calibration_template_probe,20:256:608:128:256:128:32:8:40:1:5:0:4:4:2:2:1:1:1:0:0:0:1020,,1,numeric_signed_axes_full_v3,0.0672747993469,0.0668440008163335,0.0668624019622753,within_noise,within_noise,1
net_log30:template_v2_bl1_fix_01:rank66,net_log30,Ascend910B3,20,8.1.RC1+toolkit-7.7.0.1.225,template_v2_bl1_fix_01,20736,608,128,fp16,0,0,searched,calibration_template_probe,20:384:608:128:384:80:32:8:64:1:8:0:4:4:2:2:1:1:1:0:0:0:1020,,1,numeric_signed_axes_full_v3,0.0672259998322,0.066844000816321,0.0668624019623054,within_noise,within_noise,1
net_log30:template_v2_bl1_fix_01:rank67,net_log30,Ascend910B3,20,8.1.RC1+toolkit-7.7.0.1.225,template_v2_bl1_fix_01,20736,608,128,fp16,0,0,searched,calibration_template_probe,20:256:608:128:256:128:16:16:80:1:5:0:8:8:2:2:1:1:1:0:0:0:1020,,1,numeric_signed_axes_full_v3,0.0667295980453,0.0668440008163155,0.0668624019620762,within_noise,within_noise,1
net_log30:template_v2_bl1_fix_01:rank68,net_log30,Ascend910B3,20,8.1.RC1+toolkit-7.7.0.1.225,template_v2_bl1_fix_01,20736,608,128,fp16,0,0,searched,calibration_template_probe,20:192:608:128:192:112:64:4:24:1:6:0:2:2:2:2:1:1:1:0:0:0:1020,,1,numeric_signed_axes_full_v3,0.0666071987152,0.0668440008165707,0.0668624019624058,within_noise,within_noise,1
net_log30:template_v2_bl1_fix_01:rank69,net_log30,Ascend910B3,20,8.1.RC1+toolkit-7.7.0.1.225,template_v2_bl1_fix_01,20736,608,128,fp16,0,0,searched,calibration_template_probe,20:256:608:128:256:32:32:8:152:1:19:0:4:4:2:2:1:1:1:0:0:0:1020,,1,numeric_signed_axes_full_v3,0.0666092014313,0.0668440008159967,0.066862401962253,within_noise,within_noise,1
net_log30:template_v2_bl1_fix_01:rank70,net_log30,Ascend910B3,20,8.1.RC1+toolkit-7.7.0.1.225,template_v2_bl1_fix_01,20736,608,128,fp16,0,0,searched,calibration_template_probe,20:384:608:128:384:32:32:8:152:1:19:0:4:4:2:2:1:1:1:0:0:0:1020,,1,numeric_signed_axes_full_v3,0.0670476007462,0.0668440008162755,0.0668624019623141,within_noise,within_noise,1
net_log30:template_v2_bl1_fix_01:rank71,net_log30,Ascend910B3,20,8.1.RC1+toolkit-7.7.0.1.225,template_v2_bl1_fix_01,20736,608,128,fp16,0,0,searched,calibration_template_probe,20:192:608:128:192:80:64:4:32:1:8:0:2:2:2:2:1:1:1:0:0:0:1020,,1,numeric_signed_axes_full_v3,0.0667899990082,0.0668440008162646,0.0668624019625843,within_noise,within_noise,1
net_log30:template_v2_bl1_fix_01:rank72,net_log30,Ascend910B3,20,8.1.RC1+toolkit-7.7.0.1.225,template_v2_bl1_fix_01,20736,608,128,fp16,0,0,searched,calibration_template_probe,20:256:608:128:256:96:32:8:56:1:7:0:4:4:2:2:1:1:1:0:0:0:1020,,1,numeric_signed_axes_full_v3,0.0673744010925,0.0668440008162993,0.0668624019622786,within_noise,within_noise,1
net_log30:template_v2_bl1_fix_01:rank73,net_log30,Ascend910B3,20,8.1.RC1+toolkit-7.7.0.1.225,template_v2_bl1_fix_01,20736,608,128,fp16,0,0,searched,calibration_template_probe,20:192:608:128:192:160:64:4:16:1:4:0:2:2:2:2:1:1:1:0:0:0:1020,,1,numeric_signed_axes_full_v3,0.067207198143,0.0666204023361169,0.0666667985916083,within_noise,within_noise,1
net_log30:template_v2_bl1_fix_01:rank74,net_log30,Ascend910B3,20,8.1.RC1+toolkit-7.7.0.1.225,template_v2_bl1_fix_01,20736,608,128,fp16,0,0,searched,calibration_template_probe,20:256:608:128:256:64:32:8:80:1:10:0:4:4:2:2:1:1:1:0:0:0:1020,,1,numeric_signed_axes_full_v3,0.0667348003387,0.0666204023361262,0.0666667985915906,within_noise,within_noise,1
net_log30:template_v2_bl1_fix_02:rank1,net_log30,Ascend910B3,20,8.1.RC1+toolkit-7.7.0.1.225,template_v2_bl1_fix_02,20992,608,144,bf16,0,1,searched,calibration_template_probe,20:576:608:144:288:48:16:18:117:1:13:1:9:9:1:1:1:1:1:37:1:1:20,,1,numeric_signed_axes_full_v3,0.14373840332,0.0701427984238678,0.0724448013305442,regressed,regressed,1
net_log30:template_v2_bl1_fix_02:rank2,net_log30,Ascend910B3,20,8.1.RC1+toolkit-7.7.0.1.225,template_v2_bl1_fix_02,20992,608,144,bf16,0,1,searched,calibration_template_probe,20:384:608:144:192:80:16:18:72:1:8:0:9:9:2:2:2:1:1:55:1:1:20,,1,numeric_signed_axes_full_v3,0.105570802689,0.0701427984237593,0.0724448013305557,regressed,regressed,1
net_log30:template_v2_bl1_fix_02:rank3,net_log30,Ascend910B3,20,8.1.RC1+toolkit-7.7.0.1.225,template_v2_bl1_fix_02,20992,608,144,bf16,0,1,searched,calibration_template_probe,20:736:608:144:368:176:16:18:36:1:4:0:9:9:1:1:1:1:1:29:1:1:20,,0,runtime_rejected,,,,runtime_rejected,runtime_rejected,0
net_log30:template_v2_bl1_fix_02:rank4,net_log30,Ascend910B3,20,8.1.RC1+toolkit-7.7.0.1.225,template_v2_bl1_fix_02,20992,608,144,bf16,0,1,searched,calibration_template_probe,20:384:608:144:192:176:16:18:36:1:4:0:9:9:2:1:1:1:1:55:1:1:20,,0,runtime_rejected,,,,runtime_rejected,runtime_rejected,0
net_log30:template_v2_bl1_fix_02:rank5,net_log30,Ascend910B3,20,8.1.RC1+toolkit-7.7.0.1.225,template_v2_bl1_fix_02,20992,608,144,bf16,0,1,searched,calibration_template_probe,20:672:608:144:336:160:16:18:36:1:4:1:9:9:2:2:1:1:1:32:1:1:20,,0,runtime_rejected,,,,runtime_rejected,runtime_rejected,0
net_log30:template_v2_bl1_fix_02:rank6,net_log30,Ascend910B3,20,8.1.RC1+toolkit-7.7.0.1.225,template_v2_bl1_fix_02,20992,608,144,bf16,0,1,searched,calibration_template_probe,20:640:608:144:320:16:16:18:342:1:38:0:9:9:2:2:2:1:1:33:1:1:20,,1,numeric_signed_axes_full_v3,0.174728794098,0.0701427984238611,0.0724448013305887,regressed,regressed,1
net_log30:template_v2_bl1_fix_02:rank7,net_log30,Ascend910B3,20,8.1.RC1+toolkit-7.7.0.1.225,template_v2_bl1_fix_02,20992,608,144,bf16,0,1,searched,calibration_template_probe,20:576:608:144:288:96:48:6:21:1:7:0:3:3:1:2:1:1:1:37:1:1:20,,1,numeric_signed_axes_full_v3,0.092044801712,0.0701427984238336,0.0724448013306411,regressed,regressed,1
net_log30:template_v2_bl1_fix_02:rank8,net_log30,Ascend910B3,20,8.1.RC1+toolkit-7.7.0.1.225,template_v2_bl1_fix_02,20992,608,144,bf16,0,1,searched,calibration_template_probe,20:384:608:144:192:48:16:18:117:1:13:1:9:9:2:2:2:1:1:55:1:1:20,,1,numeric_signed_axes_full_v3,0.110145196915,0.0701427984237673,0.0724448013305814,regressed,regressed,1
net_log30:template_v2_bl1_fix_02:rank9,net_log30,Ascend910B3,20,8.1.RC1+toolkit-7.7.0.1.225,template_v2_bl1_fix_02,20992,608,144,bf16,0,1,searched,calibration_template_probe,20:576:608:144:288:192:32:10:20:1:4:1:5:5:1:1:1:1:1:37:1:1:20,,0,runtime_rejected,,,,runtime_rejected,runtime_rejected,0
net_log30:template_v2_bl1_fix_02:rank10,net_log30,Ascend910B3,20,8.1.RC1+toolkit-7.7.0.1.225,template_v2_bl1_fix_02,20992,608,144,bf16,0,1,searched,calibration_template_probe,20:384:608:144:192:272:48:6:9:1:3:0:3:3:1:1:1:1:1:55:1:1:20,,0,runtime_rejected,,,,runtime_rejected,runtime_rejected,0
net_log30:template_v2_bl1_fix_02:rank11,net_log30,Ascend910B3,20,8.1.RC1+toolkit-7.7.0.1.225,template_v2_bl1_fix_02,20992,608,144,bf16,0,1,searched,calibration_template_probe,20:576:608:144:288:96:48:6:21:1:7:0:3:3:2:1:1:1:1:37:1:1:20,,1,numeric_signed_axes_full_v3,0.0917376041412,0.0717691993713334,0.0720319986342608,regressed,regressed,1
net_log30:template_v2_bl1_fix_02:rank12,net_log30,Ascend910B3,20,8.1.RC1+toolkit-7.7.0.1.225,template_v2_bl1_fix_02,20992,608,144,bf16,0,1,searched,calibration_template_probe,20:768:608:144:384:96:16:18:63:1:7:0:9:9:2:2:1:1:1:28:1:1:20,,0,runtime_rejected,,,,runtime_rejected,runtime_rejected,0
net_log30:template_v2_bl1_fix_02:rank13,net_log30,Ascend910B3,20,8.1.RC1+toolkit-7.7.0.1.225,template_v2_bl1_fix_02,20992,608,144,bf16,0,1,searched,calibration_template_probe,20:576:608:144:288:192:16:18:36:1:4:0:9:9:1:2:1:1:1:37:1:1:20,,0,runtime_rejected,,,,runtime_rejected,runtime_rejected,0
net_log30:template_v2_bl1_fix_02:rank14,net_log30,Ascend910B3,20,8.1.RC1+toolkit-7.7.0.1.225,template_v2_bl1_fix_02,20992,608,144,bf16,0,1,searched,calibration_template_probe,20:736:608:144:368:48:16:18:117:1:13:1:9:9:2:1:1:1:1:29:1:1:20,,1,numeric_signed_axes_full_v3,0.15679599762,0.0717691993713613,0.0720319986343703,regressed,regressed,1
net_log30:template_v2_bl1_fix_02:rank15,net_log30,Ascend910B3,20,8.1.RC1+toolkit-7.7.0.1.225,template_v2_bl1_fix_02,20992,608,144,bf16,0,1,searched,calibration_template_probe,20:576:608:144:288:32:16:18:171:1:19:0:9:9:2:1:1:1:1:37:1:1:20,,1,numeric_signed_axes_full_v3,0.159938001633,0.0717691993713746,0.0720319986342683,regressed,regressed,1
net_log30:template_v2_bl1_fix_02:rank16,net_log30,Ascend910B3,20,8.1.RC1+toolkit-7.7.0.1.225,template_v2_bl1_fix_02,20992,608,144,bf16,0,1,searched,calibration_template_probe,20:672:608:144:336:80:16:18:72:1:8:1:9:9:1:2:1:1:1:32:1:1:20,,1,numeric_signed_axes_full_v3,0.134217996597,0.0717691993713391,0.0720319986342813,regressed,regressed,1
net_log30:template_v2_bl1_fix_02:rank17,net_log30,Ascend910B3,20,8.1.RC1+toolkit-7.7.0.1.225,template_v2_bl1_fix_02,20992,608,144,bf16,0,1,searched,calibration_template_probe,20:576:608:144:288:16:48:6:114:1:38:1:3:3:2:2:2:1:1:37:1:1:20,,1,numeric_signed_axes_full_v3,0.161090393066,0.0699344015121576,0.0720319986343061,regressed,regressed,1
net_log30:template_v2_bl1_fix_02:rank18,net_log30,Ascend910B3,20,8.1.RC1+toolkit-7.7.0.1.225,template_v2_bl1_fix_02,20992,608,144,bf16,0,1,searched,calibration_template_probe,20:224:608:144:112:464:16:18:18:1:2:0:9:9:2:1:1:1:1:94:1:1:20,,0,runtime_rejected,,,,runtime_rejected,runtime_rejected,0
net_log30:template_v2_bl1_fix_02:rank19,net_log30,Ascend910B3,20,8.1.RC1+toolkit-7.7.0.1.225,template_v2_bl1_fix_02,20992,608,144,bf16,0,1,searched,calibration_template_probe,20:736:608:144:368:64:16:18:90:1:10:0:9:9:1:1:1:1:1:29:1:1:20,,1,numeric_signed_axes_full_v3,0.134865999222,0.0699344015120328,0.0720319986343594,regressed,regressed,1
net_log30:template_v2_bl1_fix_02:rank20,net_log30,Ascend910B3,20,8.1.RC1+toolkit-7.7.0.1.225,template_v2_bl1_fix_02,20992,608,144,bf16,0,1,searched,calibration_template_probe,20:640:608:144:320:48:16:18:117:1:13:0:9:9:2:2:2:1:1:33:1:1:20,,1,numeric_signed_axes_full_v3,0.120035200119,0.0699344015121591,0.0720319986342401,regressed,regressed,1
net_log30:template_v2_bl1_fix_02:rank21,net_log30,Ascend910B3,20,8.1.RC1+toolkit-7.7.0.1.225,template_v2_bl1_fix_02,20992,608,144,bf16,0,1,searched,calibration_template_probe,20:640:608:144:320:128:48:6:15:1:5:0:3:3:2:2:1:1:1:33:1:1:20,,0,runtime_rejected,,,,runtime_rejected,runtime_rejected,0
net_log30:template_v2_bl1_fix_02:rank22,net_log30,Ascend910B3,20,8.1.RC1+toolkit-7.7.0.1.225,template_v2_bl1_fix_02,20992,608,144,bf16,0,1,searched,calibration_template_probe,20:576:608:144:288:16:16:18:342:1:38:0:9:9:1:2:1:1:1:37:1:1:20,,1,numeric_signed_axes_full_v3,0.208658790588,0.0699344015120598,0.0720319986342382,regressed,regressed,1
net_log30:template_v2_bl1_fix_02:rank23,net_log30,Ascend910B3,20,8.1.RC1+toolkit-7.7.0.1.225,template_v2_bl1_fix_02,20992,608,144,bf16,0,1,searched,calibration_template_probe,20:352:608:144:176:256:16:18:27:1:3:0:9:9:1:2:1:1:1:60:1:1:20,,0,runtime_rejected,,,,runtime_rejected,runtime_rejected,0
net_log30:template_v2_bl1_fix_02:rank24,net_log30,Ascend910B3,20,8.1.RC1+toolkit-7.7.0.1.225,template_v2_bl1_fix_02,20992,608,144,bf16,0,1,searched,calibration_template_probe,20:576:608:144:288:144:16:18:45:1:5:0:9:9:1:1:1:1:1:37:1:1:20,,0,runtime_rejected,,,,runtime_rejected,runtime_rejected,0
net_log30:template_v2_bl1_fix_02:rank25,net_log30,Ascend910B3,20,8.1.RC1+toolkit-7.7.0.1.225,template_v2_bl1_fix_02,20992,608,144,bf16,0,1,searched,calibration_template_probe,20:544:608:144:272:176:16:18:36:1:4:1:9:9:1:2:1:1:1:39:1:1:20,,0,runtime_rejected,,,,runtime_rejected,runtime_rejected,0
net_log30:template_v2_bl1_fix_02:rank26,net_log30,Ascend910B3,20,8.1.RC1+toolkit-7.7.0.1.225,template_v2_bl1_fix_02,20992,608,144,bf16,0,1,searched,calibration_template_probe,20:640:608:144:320:16:16:18:342:1:38:1:9:9:2:2:1:1:1:33:1:1:20,,1,numeric_signed_axes_full_v3,0.176791191101,0.0699344015120215,0.0716455984116765,regressed,regressed,1
net_log30:template_v2_bl1_fix_02:rank27,net_log30,Ascend910B3,20,8.1.RC1+toolkit-7.7.0.1.225,template_v2_bl1_fix_02,20992,608,144,bf16,0,1,searched,calibration_template_probe,20:640:608:144:320:112:16:18:54:1:6:1:9:9:1:1:1:1:1:33:1:1:20,,0,runtime_rejected,,,,runtime_rejected,runtime_rejected,0
net_log30:template_v2_bl1_fix_02:rank28,net_log30,Ascend910B3,20,8.1.RC1+toolkit-7.7.0.1.225,template_v2_bl1_fix_02,20992,608,144,bf16,0,1,searched,calibration_template_probe,20:736:608:144:368:128:16:18:45:1:5:0:9:9:2:1:1:1:1:29:1:1:20,,0,runtime_rejected,,,,runtime_rejected,runtime_rejected,0
net_log30:template_v2_bl1_fix_02:rank29,net_log30,Ascend910B3,20,8.1.RC1+toolkit-7.7.0.1.225,template_v2_bl1_fix_02,20992,608,144,bf16,0,1,searched,calibration_template_probe,20:640:608:144:320:32:16:18:171:1:19:0:9:9:2:2:2:1:1:33:1:1:20,,1,numeric_signed_axes_full_v3,0.12319560051,0.0699344015120414,0.071645598411659,regressed,regressed,1
net_log30:template_v2_bl1_fix_02:rank30,net_log30,Ascend910B3,20,8.1.RC1+toolkit-7.7.0.1.225,template_v2_bl1_fix_02,20992,608,144,bf16,0,1,searched,calibration_template_probe,20:544:608:144:272:48:48:6:39:1:13:1:3:3:2:1:1:1:1:39:1:1:20,,1,numeric_signed_axes_full_v3,0.101244001389,0.0699344015120681,0.0716455984116133,regressed,regressed,1
net_log30:template_v2_bl1_fix_02:rank31,net_log30,Ascend910B3,20,8.1.RC1+toolkit-7.7.0.1.225,template_v2_bl1_fix_02,20992,608,144,bf16,0,1,searched,calibration_template_probe,20:544:608:144:272:32:16:18:171:1:19:1:9:9:1:2:1:1:1:39:1:1:20,,1,numeric_signed_axes_full_v3,0.158367996216,0.0699344015120515,0.0716455984115933,regressed,regressed,1
net_log30:template_v2_bl1_fix_02:rank32,net_log30,Ascend910B3,20,8.1.RC1+toolkit-7.7.0.1.225,template_v2_bl1_fix_02,20992,608,144,bf16,0,1,searched,calibration_template_probe,20:736:608:144:368:128:16:18:45:1:5:1:9:9:1:2:1:1:1:29:1:1:20,,0,runtime_rejected,,,,runtime_rejected,runtime_rejected,0
net_log30:template_v2_bl1_fix_02:rank33,net_log30,Ascend910B3,20,8.1.RC1+toolkit-7.7.0.1.225,template_v2_bl1_fix_02,20992,608,144,bf16,0,1,searched,calibration_template_probe,20:576:608:144:288:144:16:18:45:1:5:1:9:9:2:2:1:1:1:37:1:1:20,,0,runtime_rejected,,,,runtime_rejected,runtime_rejected,0
net_log30:template_v2_bl1_fix_02:rank34,net_log30,Ascend910B3,20,8.1.RC1+toolkit-7.7.0.1.225,template_v2_bl1_fix_02,20992,608,144,bf16,0,1,searched,calibration_template_probe,20:608:608:144:304:208:16:18:27:1:3:0:9:9:1:2:1:1:1:35:1:1:20,,0,runtime_rejected,,,,runtime_rejected,runtime_rejected,0
net_log30:template_v2_bl1_fix_02:rank35,net_log30,Ascend910B3,20,8.1.RC1+toolkit-7.7.0.1.225,template_v2_bl1_fix_02,20992,608,144,bf16,0,1,searched,calibration_template_probe,20:384:608:144:192:272:16:18:27:1:3:0:9:9:2:1:1:1:1:55:1:1:20,,0,runtime_rejected,,,,runtime_rejected,runtime_rejected,0
net_log30:template_v2_bl1_fix_02:rank36,net_log30,Ascend910B3,20,8.1.RC1+toolkit-7.7.0.1.225,template_v2_bl1_fix_02,20992,608,144,bf16,0,1,searched,calibration_template_probe,20:544:608:144:272:176:16:18:36:1:4:0:9:9:2:1:1:1:1:39:1:1:20,,0,runtime_rejected,,,,runtime_rejected,runtime_rejected,0
net_log30:template_v2_bl1_fix_02:rank37,net_log30,Ascend910B3,20,8.1.RC1+toolkit-7.7.0.1.225,template_v2_bl1_fix_02,20992,608,144,bf16,0,1,searched,calibration_template_probe,20:640:608:144:320:112:16:18:54:1:6:0:9:9:2:1:1:1:1:33:1:1:20,,0,runtime_rejected,,,,runtime_rejected,runtime_rejected,0
net_log30:template_v2_bl1_fix_02:rank38,net_log30,Ascend910B3,20,8.1.RC1+toolkit-7.7.0.1.225,template_v2_bl1_fix_02,20992,608,144,bf16,0,1,searched,calibration_template_probe,20:576:608:144:288:192:16:18:36:1:4:1:9:9:2:2:1:1:1:37:1:1:20,,0,runtime_rejected,,,,runtime_rejected,runtime_rejected,0
net_log30:template_v2_bl1_fix_02:rank39,net_log30,Ascend910B3,20,8.1.RC1+toolkit-7.7.0.1.225,template_v2_bl1_fix_02,20992,608,144,bf16,0,1,searched,calibration_template_probe,20:576:608:144:288:144:32:10:25:1:5:1:5:5:1:1:1:1:1:37:1:1:20,,0,runtime_rejected,,,,runtime_rejected,runtime_rejected,0
net_log30:template_v2_bl1_fix_02:rank40,net_log30,Ascend910B3,20,8.1.RC1+toolkit-7.7.0.1.225,template_v2_bl1_fix_02,20992,608,144,bf16,0,1,searched,calibration_template_probe,20:640:608:144:320:160:48:6:12:1:4:0:3:3:2:1:1:1:1:33:1:1:20,,0,runtime_rejected,,,,runtime_rejected,runtime_rejected,0
net_log30:template_v2_bl1_fix_02:rank41,net_log30,Ascend910B3,20,8.1.RC1+toolkit-7.7.0.1.225,template_v2_bl1_fix_02,20992,608,144,bf16,0,1,searched,calibration_template_probe,20:576:608:144:288:192:16:18:36:1:4:0:9:9:1:1:1:1:1:37:1:1:20,,0,runtime_rejected,,,,runtime_rejected,runtime_rejected,0
net_log30:template_v2_bl1_fix_02:rank42,net_log30,Ascend910B3,20,8.1.RC1+toolkit-7.7.0.1.225,template_v2_bl1_fix_02,20992,608,144,bf16,0,1,searched,calibration_template_probe,20:736:608:144:368:176:16:18:36:1:4:1:9:9:2:2:1:1:1:29:1:1:20,,0,runtime_rejected,,,,runtime_rejected,runtime_rejected,0
net_log30:template_v2_bl1_fix_02:rank43,net_log30,Ascend910B3,20,8.1.RC1+toolkit-7.7.0.1.225,template_v2_bl1_fix_02,20992,608,144,bf16,0,1,searched,calibration_template_probe,20:672:608:144:336:160:16:18:36:1:4:0:9:9:1:1:1:1:1:32:1:1:20,,0,runtime_rejected,,,,runtime_rejected,runtime_rejected,0
net_log30:template_v2_bl1_fix_02:rank44,net_log30,Ascend910B3,20,8.1.RC1+toolkit-7.7.0.1.225,template_v2_bl1_fix_02,20992,608,144,bf16,0,1,searched,calibration_template_probe,20:736:608:144:368:176:16:18:36:1:4:0:9:9:1:2:1:1:1:29:1:1:20,,0,runtime_rejected,,,,runtime_rejected,runtime_rejected,0
net_log30:template_v2_bl1_fix_02:rank45,net_log30,Ascend910B3,20,8.1.RC1+toolkit-7.7.0.1.225,template_v2_bl1_fix_02,20992,608,144,bf16,0,1,searched,calibration_template_probe,20:544:608:144:272:176:32:10:20:1:4:0:5:5:1:1:1:1:1:39:1:1:20,,0,runtime_rejected,,,,runtime_rejected,runtime_rejected,0
net_log30:template_v2_bl1_fix_02:rank46,net_log30,Ascend910B3,20,8.1.RC1+toolkit-7.7.0.1.225,template_v2_bl1_fix_02,20992,608,144,bf16,0,1,searched,calibration_template_probe,20:640:608:144:320:64:16:18:90:1:10:1:9:9:2:1:1:1:1:33:1:1:20,,1,numeric_signed_axes_full_v3,0.123812398911,0.0689211988448468,0.0711524009705316,regressed,regressed,1
net_log30:template_v2_bl1_fix_02:rank47,net_log30,Ascend910B3,20,8.1.RC1+toolkit-7.7.0.1.225,template_v2_bl1_fix_02,20992,608,144,bf16,0,1,searched,calibration_template_probe,20:736:608:144:368:32:16:18:171:1:19:0:9:9:2:2:2:1:1:29:1:1:20,,1,numeric_signed_axes_full_v3,0.134057998657,0.0689211988448528,0.0711524009704659,regressed,regressed,1
net_log30:template_v2_bl1_fix_02:rank48,net_log30,Ascend910B3,20,8.1.RC1+toolkit-7.7.0.1.225,template_v2_bl1_fix_02,20992,608,144,bf16,0,1,searched,calibration_template_probe,20:384:608:144:192:64:16:18:90:1:10:1:9:9:2:2:2:1:1:55:1:1:20,,1,numeric_signed_axes_full_v3,0.10552280426,0.0689211988448777,0.0711524009705089,regressed,regressed,1
net_log30:template_v2_bl1_fix_02:rank49,net_log30,Ascend910B3,20,8.1.RC1+toolkit-7.7.0.1.225,template_v2_bl1_fix_02,20992,608,144,bf16,0,1,searched,calibration_template_probe,20:640:608:144:320:64:16:18:90:1:10:0:9:9:1:1:1:1:1:33:1:1:20,,1,numeric_signed_axes_full_v3,0.123018398285,0.0689211988448556,0.0716251993179579,regressed,regressed,1
net_log30:template_v2_bl1_fix_02:rank50,net_log30,Ascend910B3,20,8.1.RC1+toolkit-7.7.0.1.225,template_v2_bl1_fix_02,20992,608,144,bf16,0,1,searched,calibration_template_probe,20:576:608:144:288:96:16:18:63:1:7:0:9:9:2:1:1:1:1:37:1:1:20,,1,numeric_signed_axes_full_v3,0.114711999893,0.0689211988449348,0.0716251993179009,regressed,regressed,1
net_log30:template_v2_bl1_fix_02:rank51,net_log30,Ascend910B3,20,8.1.RC1+toolkit-7.7.0.1.225,template_v2_bl1_fix_02,20992,608,144,bf16,0,1,searched,calibration_template_probe,20:544:608:144:272:48:16:18:117:1:13:1:9:9:2:2:2:1:1:39:1:1:20,,1,numeric_signed_axes_full_v3,0.108048400879,0.068921198844944,0.071625199317897,regressed,regressed,1
net_log30:template_v2_bl1_fix_02:rank52,net_log30,Ascend910B3,20,8.1.RC1+toolkit-7.7.0.1.225,template_v2_bl1_fix_02,20992,608,144,bf16,0,1,searched,calibration_template_probe,20:576:608:144:288:96:16:18:63:1:7:1:9:9:1:2:1:1:1:37:1:1:20,,1,numeric_signed_axes_full_v3,0.114399995804,0.0689211988448812,0.0716251993178902,regressed,regressed,1
net_log30:template_v2_bl1_fix_02:rank53,net_log30,Ascend910B3,20,8.1.RC1+toolkit-7.7.0.1.225,template_v2_bl1_fix_02,20992,608,144,bf16,0,1,searched,calibration_template_probe,20:768:608:144:384:96:16:18:63:1:7:0:9:9:2:1:1:1:1:28:1:1:20,,0,runtime_rejected,,,,runtime_rejected,runtime_rejected,0
net_log30:template_v2_bl1_fix_02:rank54,net_log30,Ascend910B3,20,8.1.RC1+toolkit-7.7.0.1.225,template_v2_bl1_fix_02,20992,608,144,bf16,0,1,searched,calibration_template_probe,20:768:608:144:384:96:16:18:63:1:7:1:9:9:1:2:1:1:1:28:1:1:20,,0,runtime_rejected,,,,runtime_rejected,runtime_rejected,0
net_log30:template_v2_bl1_fix_02:rank55,net_log30,Ascend910B3,20,8.1.RC1+toolkit-7.7.0.1.225,template_v2_bl1_fix_02,20992,608,144,bf16,0,1,searched,calibration_template_probe,20:608:608:144:304:16:16:18:342:1:38:1:9:9:1:2:1:1:1:35:1:1:20,,1,numeric_signed_axes_full_v3,0.213208007812,0.0689211988449016,0.0716251993179592,regressed,regressed,1
net_log30:template_v2_bl1_fix_02:rank56,net_log30,Ascend910B3,20,8.1.RC1+toolkit-7.7.0.1.225,template_v2_bl1_fix_02,20992,608,144,bf16,0,1,searched,calibration_template_probe,20:576:608:144:288:48:16:18:117:1:13:0:9:9:2:2:2:1:1:37:1:1:20,,1,numeric_signed_axes_full_v3,0.114288396835,0.0689211988449438,0.0716251993179527,regressed,regressed,1
net_log30:template_v2_bl1_fix_02:rank57,net_log30,Ascend910B3,20,8.1.RC1+toolkit-7.7.0.1.225,template_v2_bl1_fix_02,20992,608,144,bf16,0,1,searched,calibration_template_probe,20:416:608:144:208:64:16:18:90:1:10:0:9:9:2:2:2:1:1:51:1:1:20,,1,numeric_signed_axes_full_v3,0.106738004684,0.0691192007064497,0.0711651992798405,regressed,regressed,1
net_log30:template_v2_bl1_fix_02:rank58,net_log30,Ascend910B3,20,8.1.RC1+toolkit-7.7.0.1.225,template_v2_bl1_fix_02,20992,608,144,bf16,0,1,searched,calibration_template_probe,20:640:608:144:320:16:16:18:342:1:38:1:9:9:2:1:1:1:1:33:1:1:20,,1,numeric_signed_axes_full_v3,0.213902797699,0.0691192007063986,0.0711651992798915,regressed,regressed,1
net_log30:template_v2_bl1_fix_02:rank59,net_log30,Ascend910B3,20,8.1.RC1+toolkit-7.7.0.1.225,template_v2_bl1_fix_02,20992,608,144,bf16,0,1,searched,calibration_template_probe,20:384:608:144:192:192:16:18:36:1:4:0:9:9:2:1:1:1:1:55:1:1:20,,0,runtime_rejected,,,,runtime_rejected,runtime_rejected,0
net_log30:template_v2_bl1_fix_02:rank60,net_log30,Ascend910B3,20,8.1.RC1+toolkit-7.7.0.1.225,template_v2_bl1_fix_02,20992,608,144,bf16,0,1,searched,calibration_template_probe,20:576:608:144:288:176:48:6:12:1:4:0:3:3:2:1:1:1:1:37:1:1:20,,0,runtime_rejected,,,,runtime_rejected,runtime_rejected,0
net_log30:template_v2_bl1_fix_02:rank61,net_log30,Ascend910B3,20,8.1.RC1+toolkit-7.7.0.1.225,template_v2_bl1_fix_02,20992,608,144,bf16,0,1,searched,calibration_template_probe,20:640:608:144:320:32:16:18:171:1:19:1:9:9:2:2:1:1:1:33:1:1:20,,1,numeric_signed_axes_full_v3,0.123842802048,0.0691192007065042,0.07116519927975,regressed,regressed,1
net_log30:template_v2_bl1_fix_02:rank62,net_log30,Ascend910B3,20,8.1.RC1+toolkit-7.7.0.1.225,template_v2_bl1_fix_02,20992,608,144,bf16,0,1,searched,calibration_template_probe,20:256:608:144:256:32:16:9:342:1:19:0:9:9:2:2:1:1:1:0:0:0:1020,,0,runtime_rejected,,,,runtime_rejected,runtime_rejected,0
net_log30:template_v2_bl1_fix_02:rank63,net_log30,Ascend910B3,20,8.1.RC1+toolkit-7.7.0.1.225,template_v2_bl1_fix_02,20992,608,144,bf16,0,1,searched,calibration_template_probe,20:384:608:144:384:80:32:10:40:1:8:0:5:5:2:2:1:1:1:0:0:0:1020,,0,runtime_rejected,,,,runtime_rejected,runtime_rejected,0
net_log30:template_v2_bl1_fix_02:rank64,net_log30,Ascend910B3,20,8.1.RC1+toolkit-7.7.0.1.225,template_v2_bl1_fix_02,20992,608,144,bf16,0,1,searched,calibration_template_probe,20:512:608:144:512:64:16:18:90:1:10:0:9:9:2:2:1:1:1:0:0:0:1020,,0,runtime_rejected,,,,runtime_rejected,runtime_rejected,0
net_log30:template_v2_bl1_fix_02:rank65,net_log30,Ascend910B3,20,8.1.RC1+toolkit-7.7.0.1.225,template_v2_bl1_fix_02,20992,608,144,bf16,0,1,searched,calibration_template_probe,20:768:608:144:768:16:16:9:342:1:38:0:9:9:2:2:1:1:1:0:0:0:1020,,0,runtime_rejected,,,,runtime_rejected,runtime_rejected,0
net_log30:template_v2_bl1_fix_02:rank66,net_log30,Ascend910B3,20,8.1.RC1+toolkit-7.7.0.1.225,template_v2_bl1_fix_02,20992,608,144,bf16,0,1,searched,calibration_template_probe,20:256:608:144:256:128:16:18:90:1:5:0:9:9:2:2:1:1:1:0:0:0:1020,,0,runtime_rejected,,,,runtime_rejected,runtime_rejected,0
net_log30:template_v2_bl1_fix_02:rank67,net_log30,Ascend910B3,20,8.1.RC1+toolkit-7.7.0.1.225,template_v2_bl1_fix_02,20992,608,144,bf16,0,1,searched,calibration_template_probe,20:128:608:144:128:128:32:10:50:1:5:0:5:5:2:2:1:1:1:0:0:0:1020,,0,runtime_rejected,,,,runtime_rejected,runtime_rejected,0
net_log30:template_v2_bl1_fix_02:rank68,net_log30,Ascend910B3,20,8.1.RC1+toolkit-7.7.0.1.225,template_v2_bl1_fix_02,20992,608,144,bf16,0,1,searched,calibration_template_probe,20:256:608:144:256:32:16:18:342:1:19:0:9:9:2:2:1:1:1:0:0:0:1020,,0,runtime_rejected,,,,runtime_rejected,runtime_rejected,0
net_log30:template_v2_bl1_fix_02:rank69,net_log30,Ascend910B3,20,8.1.RC1+toolkit-7.7.0.1.225,template_v2_bl1_fix_02,20992,608,144,bf16,0,1,searched,calibration_template_probe,20:256:608:144:256:128:16:9:90:1:5:0:9:9:2:2:1:1:1:0:0:0:1020,,0,runtime_rejected,,,,runtime_rejected,runtime_rejected,0
net_log30:template_v2_bl1_fix_02:rank70,net_log30,Ascend910B3,20,8.1.RC1+toolkit-7.7.0.1.225,template_v2_bl1_fix_02,20992,608,144,bf16,0,1,searched,calibration_template_probe,20:384:608:144:384:16:32:10:190:1:38:0:5:5:2:2:1:1:1:0:0:0:1020,,0,runtime_rejected,,,,runtime_rejected,runtime_rejected,0
net_log30:template_v2_bl1_fix_02:rank71,net_log30,Ascend910B3,20,8.1.RC1+toolkit-7.7.0.1.225,template_v2_bl1_fix_02,20992,608,144,bf16,0,1,searched,calibration_template_probe,20:256:608:144:256:96:16:9:126:1:7:0:9:9:2:2:1:1:1:0:0:0:1020,,0,runtime_rejected,,,,runtime_rejected,runtime_rejected,0
net_log30:template_v2_bl1_fix_02:rank72,net_log30,Ascend910B3,20,8.1.RC1+toolkit-7.7.0.1.225,template_v2_bl1_fix_02,20992,608,144,bf16,0,1,searched,calibration_template_probe,20:384:608:144:384:32:32:10:95:1:19:0:5:5:2:2:1:1:1:0:0:0:1020,,0,runtime_rejected,,,,runtime_rejected,runtime_rejected,0
net_log30:template_v2_bl1_fix_02:rank73,net_log30,Ascend910B3,20,8.1.RC1+toolkit-7.7.0.1.225,template_v2_bl1_fix_02,20992,608,144,bf16,0,1,searched,calibration_template_probe,20:256:608:144:256:64:16:18:180:1:10:0:9:9:2:2:1:1:1:0:0:0:1020,,0,runtime_rejected,,,,runtime_rejected,runtime_rejected,0
net_log30:template_v2_bl1_fix_02:rank74,net_log30,Ascend910B3,20,8.1.RC1+toolkit-7.7.0.1.225,template_v2_bl1_fix_02,20992,608,144,bf16,0,1,searched,calibration_template_probe,20:768:608:144:768:32:16:9:171:1:19:0:9:9:2:2:1:1:1:0:0:0:1020,,0,runtime_rejected,,,,runtime_rejected,runtime_rejected,0
net_log30:template_v2_bl1_fix_02:rank75,net_log30,Ascend910B3,20,8.1.RC1+toolkit-7.7.0.1.225,template_v2_bl1_fix_02,20992,608,144,bf16,0,1,searched,calibration_template_probe,20:256:608:144:256:64:16:9:180:1:10:0:9:9:2:2:1:1:1:0:0:0:1020,,0,runtime_rejected,,,,runtime_rejected,runtime_rejected,0
net_log30:template_v2_bl1_fix_02:rank76,net_log30,Ascend910B3,20,8.1.RC1+toolkit-7.7.0.1.225,template_v2_bl1_fix_02,20992,608,144,bf16,0,1,searched,calibration_template_probe,20:384:608:144:384:48:32:10:65:1:13:0:5:5:2:2:1:1:1:0:0:0:1020,,0,runtime_rejected,,,,runtime_rejected,runtime_rejected,0
net_log30:template_v2_bl1_fix_02:rank77,net_log30,Ascend910B3,20,8.1.RC1+toolkit-7.7.0.1.225,template_v2_bl1_fix_02,20992,608,144,bf16,0,1,searched,calibration_template_probe,20:128:608:144:128:64:32:10:100:1:10:0:5:5:2:2:1:1:1:0:0:0:1020,,0,runtime_rejected,,,,runtime_rejected,runtime_rejected,0
net_log30:template_v2_bl1_fix_03:rank1,net_log30,Ascend910B3,20,8.1.RC1+toolkit-7.7.0.1.225,template_v2_bl1_fix_03,21248,624,160,fp16,1,0,searched,calibration_template_probe,20:544:624:160:272:32:16:20:200:1:20:1:10:10:1:2:1:1:1:40:1:1:20,,1,numeric_signed_axes_full_v3,0.0827964019775,0.0828291988370109,0.0827779960632015,within_noise,within_noise,1
net_log30:template_v2_bl1_fix_03:rank2,net_log30,Ascend910B3,20,8.1.RC1+toolkit-7.7.0.1.225,template_v2_bl1_fix_03,21248,624,160,fp16,1,0,searched,calibration_template_probe,20:608:624:160:304:208:32:10:15:1:3:0:5:5:2:1:1:1:1:35:1:1:20,,1,numeric_signed_axes_full_v3,0.082802400589,0.0828291988374169,0.0827779960631753,within_noise,within_noise,1
net_log30:template_v2_bl1_fix_03:rank3,net_log30,Ascend910B3,20,8.1.RC1+toolkit-7.7.0.1.225,template_v2_bl1_fix_03,21248,624,160,fp16,1,0,searched,calibration_template_probe,20:160:624:160:80:608:16:20:20:1:2:0:10:10:1:2:1:1:1:133:1:1:20,,1,numeric_signed_axes_full_v3,0.0828400039673,0.0828291988373349,0.0827779960632005,within_noise,within_noise,1
net_log30:template_v2_bl1_fix_03:rank4,net_log30,Ascend910B3,20,8.1.RC1+toolkit-7.7.0.1.225,template_v2_bl1_fix_03,21248,624,160,fp16,1,0,searched,calibration_template_probe,20:736:624:160:368:32:16:20:200:1:20:1:10:10:2:2:2:1:1:29:1:1:20,,1,numeric_signed_axes_full_v3,0.0827715969086,0.0828291988374177,0.0827779960635286,within_noise,within_noise,1
net_log30:template_v2_bl1_fix_03:rank5,net_log30,Ascend910B3,20,8.1.RC1+toolkit-7.7.0.1.225,template_v2_bl1_fix_03,21248,624,160,fp16,1,0,searched,calibration_template_probe,20:544:624:160:272:176:32:10:20:1:4:1:5:5:1:1:1:1:1:40:1:1:20,,1,numeric_signed_axes_full_v3,0.0827900028229,0.0828291988373907,0.0827779960632394,within_noise,within_noise,1
net_log30:template_v2_bl1_fix_03:rank6,net_log30,Ascend910B3,20,8.1.RC1+toolkit-7.7.0.1.225,template_v2_bl1_fix_03,21248,624,160,fp16,1,0,searched,calibration_template_probe,20:576:624:160:288:32:16:20:200:1:20:0:10:10:2:1:1:1:1:37:1:1:20,,1,numeric_signed_axes_full_v3,0.0828487968445,0.0828291988373332,0.0827779960631868,within_noise,within_noise,1
net_log30:template_v2_bl1_fix_03:rank7,net_log30,Ascend910B3,20,8.1.RC1+toolkit-7.7.0.1.225,template_v2_bl1_fix_03,21248,624,160,fp16,1,0,searched,calibration_template_probe,20:416:624:160:208:192:16:20:40:1:4:0:10:10:2:2:1:1:1:52:1:1:20,,1,numeric_signed_axes_full_v3,0.0828147983551,0.0828291988373653,0.0827779960631762,within_noise,within_noise,1
net_log30:template_v2_bl1_fix_03:rank8,net_log30,Ascend910B3,20,8.1.RC1+toolkit-7.7.0.1.225,template_v2_bl1_fix_03,21248,624,160,fp16,1,0,searched,calibration_template_probe,20:576:624:160:288:48:80:4:26:1:13:0:2:2:1:2:1:1:1:37:1:1:20,,1,numeric_signed_axes_full_v3,0.0828948020935,0.0828291988372624,0.0827779960632261,within_noise,within_noise,1
net_log30:template_v2_bl1_fix_03:rank9,net_log30,Ascend910B3,20,8.1.RC1+toolkit-7.7.0.1.225,template_v2_bl1_fix_03,21248,624,160,fp16,1,0,searched,calibration_template_probe,20:384:624:160:192:272:16:20:30:1:3:0:10:10:1:1:1:1:1:56:1:1:20,,1,numeric_signed_axes_full_v3,0.0830031967163,0.0828052043915128,0.0827731990814018,within_noise,within_noise,1
net_log30:template_v2_bl1_fix_03:rank10,net_log30,Ascend910B3,20,8.1.RC1+toolkit-7.7.0.1.225,template_v2_bl1_fix_03,21248,624,160,fp16,1,0,searched,calibration_template_probe,20:384:624:160:192:272:32:10:15:1:3:1:5:5:1:2:1:1:1:56:1:1:20,,1,numeric_signed_axes_full_v3,0.0827952003479,0.0828052043917759,0.0827731990813648,within_noise,within_noise,1
net_log30:template_v2_bl1_fix_03:rank11,net_log30,Ascend910B3,20,8.1.RC1+toolkit-7.7.0.1.225,template_v2_bl1_fix_03,21248,624,160,fp16,1,0,searched,calibration_template_probe,20:640:624:160:320:16:16:20:390:1:39:0:10:10:2:2:2:1:1:34:1:1:20,,1,numeric_signed_axes_full_v3,0.0828199958801,0.0828052043914943,0.082773199081378,within_noise,within_noise,1
net_log30:template_v2_bl1_fix_03:rank12,net_log30,Ascend910B3,20,8.1.RC1+toolkit-7.7.0.1.225,template_v2_bl1_fix_03,21248,624,160,fp16,1,0,searched,calibration_template_probe,20:544:624:160:272:176:16:20:40:1:4:1:10:10:2:2:1:1:1:40:1:1:20,,1,numeric_signed_axes_full_v3,0.0827464008331,0.082805204391567,0.0827731990816463,within_noise,within_noise,1
net_log30:template_v2_bl1_fix_03:rank13,net_log30,Ascend910B3,20,8.1.RC1+toolkit-7.7.0.1.225,template_v2_bl1_fix_03,21248,624,160,fp16,1,0,searched,calibration_template_probe,20:576:624:160:288:48:32:10:65:1:13:0:5:5:2:2:2:1:1:37:1:1:20,,1,numeric_signed_axes_full_v3,0.0828384017944,0.0828052043915299,0.0827731990813906,within_noise,within_noise,1
net_log30:template_v2_bl1_fix_03:rank14,net_log30,Ascend910B3,20,8.1.RC1+toolkit-7.7.0.1.225,template_v2_bl1_fix_03,21248,624,160,fp16,1,0,searched,calibration_template_probe,20:672:624:160:336:160:16:20:40:1:4:1:10:10:1:2:1:1:1:32:1:1:20,,1,numeric_signed_axes_full_v3,0.082870798111,0.0828052043914879,0.0827731990814002,within_noise,within_noise,1
net_log30:template_v2_bl1_fix_03:rank15,net_log30,Ascend910B3,20,8.1.RC1+toolkit-7.7.0.1.225,template_v2_bl1_fix_03,21248,624,160,fp16,1,0,searched,calibration_template_probe,20:640:624:160:320:32:16:20:200:1:20:1:10:10:2:2:1:1:1:34:1:1:20,,1,numeric_signed_axes_full_v3,0.0828392028809,0.0828052043915093,0.0827731990814337,within_noise,within_noise,1
net_log30:template_v2_bl1_fix_03:rank16,net_log30,Ascend910B3,20,8.1.RC1+toolkit-7.7.0.1.225,template_v2_bl1_fix_03,21248,624,160,fp16,1,0,searched,calibration_template_probe,20:640:624:160:320:144:16:20:50:1:5:0:10:10:1:1:1:1:1:34:1:1:20,,1,numeric_signed_axes_full_v3,0.082875995636,0.0828052043914647,0.0827731990813941,within_noise,within_noise,1
net_log30:template_v2_bl1_fix_03:rank17,net_log30,Ascend910B3,20,8.1.RC1+toolkit-7.7.0.1.225,template_v2_bl1_fix_03,21248,624,160,fp16,1,0,searched,calibration_template_probe,20:288:624:160:144:304:16:20:30:1:3:0:10:10:2:1:1:1:1:74:1:1:20,,1,numeric_signed_axes_full_v3,0.0827696037292,0.082723999023379,0.0827731990810407,within_noise,within_noise,1
net_log30:template_v2_bl1_fix_03:rank18,net_log30,Ascend910B3,20,8.1.RC1+toolkit-7.7.0.1.225,template_v2_bl1_fix_03,21248,624,160,fp16,1,0,searched,calibration_template_probe,20:160:624:160:80:608:16:20:20:1:2:1:10:10:2:2:1:1:1:133:1:1:20,,1,numeric_signed_axes_full_v3,0.0827676010132,0.0827239990234395,0.0827731990810068,within_noise,within_noise,1
net_log30:template_v2_bl1_fix_03:rank19,net_log30,Ascend910B3,20,8.1.RC1+toolkit-7.7.0.1.225,template_v2_bl1_fix_03,21248,624,160,fp16,1,0,searched,calibration_template_probe,20:672:624:160:336:160:16:20:40:1:4:0:10:10:2:2:1:1:1:32:1:1:20,,1,numeric_signed_axes_full_v3,0.0827651977539,0.0827239990233724,0.0827731990810482,within_noise,within_noise,1
net_log30:template_v2_bl1_fix_03:rank20,net_log30,Ascend910B3,20,8.1.RC1+toolkit-7.7.0.1.225,template_v2_bl1_fix_03,21248,624,160,fp16,1,0,searched,calibration_template_probe,20:576:624:160:288:96:16:20:70:1:7:0:10:10:2:2:1:1:1:37:1:1:20,,1,numeric_signed_axes_full_v3,0.0828668022156,0.0827239990234323,0.0827731990814366,within_noise,within_noise,1
net_log30:template_v2_bl1_fix_03:rank21,net_log30,Ascend910B3,20,8.1.RC1+toolkit-7.7.0.1.225,template_v2_bl1_fix_03,21248,624,160,fp16,1,0,searched,calibration_template_probe,20:576:624:160:288:144:16:20:50:1:5:0:10:10:2:1:1:1:1:37:1:1:20,,1,numeric_signed_axes_full_v3,0.0828015995026,0.0827239990233862,0.0827731990814168,within_noise,within_noise,1
net_log30:template_v2_bl1_fix_03:rank22,net_log30,Ascend910B3,20,8.1.RC1+toolkit-7.7.0.1.225,template_v2_bl1_fix_03,21248,624,160,fp16,1,0,searched,calibration_template_probe,20:608:624:160:304:208:32:10:15:1:3:1:5:5:1:1:1:1:1:35:1:1:20,,1,numeric_signed_axes_full_v3,0.0828124046326,0.0827239990234195,0.0827731990814104,within_noise,within_noise,1
net_log30:template_v2_bl1_fix_03:rank23,net_log30,Ascend910B3,20,8.1.RC1+toolkit-7.7.0.1.225,template_v2_bl1_fix_03,21248,624,160,fp16,1,0,searched,calibration_template_probe,20:608:624:160:304:208:16:20:30:1:3:1:10:10:2:1:1:1:1:35:1:1:20,,1,numeric_signed_axes_full_v3,0.0828559970856,0.082723999023391,0.0827731990814153,within_noise,within_noise,1
net_log30:template_v2_bl1_fix_03:rank24,net_log30,Ascend910B3,20,8.1.RC1+toolkit-7.7.0.1.225,template_v2_bl1_fix_03,21248,624,160,fp16,1,0,searched,calibration_template_probe,20:640:624:160:320:112:16:20:60:1:6:1:10:10:1:1:1:1:1:34:1:1:20,,1,numeric_signed_axes_full_v3,0.0827600002289,0.082723999023411,0.0827731990817413,within_noise,within_noise,1
net_log30:template_v2_bl1_fix_03:rank25,net_log30,Ascend910B3,20,8.1.RC1+toolkit-7.7.0.1.225,template_v2_bl1_fix_03,21248,624,160,fp16,1,0,searched,calibration_template_probe,20:384:624:160:192:272:16:20:30:1:3:1:10:10:2:2:1:1:1:56:1:1:20,,1,numeric_signed_axes_full_v3,0.0827591991425,0.0827239990233622,0.0827859973904984,within_noise,within_noise,1
net_log30:template_v2_bl1_fix_03:rank26,net_log30,Ascend910B3,20,8.1.RC1+toolkit-7.7.0.1.225,template_v2_bl1_fix_03,21248,624,160,fp16,1,0,searched,calibration_template_probe,20:672:624:160:336:80:16:20:80:1:8:1:10:10:1:2:1:1:1:32:1:1:20,,1,numeric_signed_axes_full_v3,0.0827324008942,0.0827239990234283,0.0827859973907237,within_noise,within_noise,1
net_log30:template_v2_bl1_fix_03:rank27,net_log30,Ascend910B3,20,8.1.RC1+toolkit-7.7.0.1.225,template_v2_bl1_fix_03,21248,624,160,fp16,1,0,searched,calibration_template_probe,20:576:624:160:288:16:16:20:390:1:39:0:10:10:1:2:1:1:1:37:1:1:20,,1,numeric_signed_axes_full_v3,0.082881603241,0.0827239990233661,0.0827859973907146,within_noise,within_noise,1
net_log30:template_v2_bl1_fix_03:rank28,net_log30,Ascend910B3,20,8.1.RC1+toolkit-7.7.0.1.225,template_v2_bl1_fix_03,21248,624,160,fp16,1,0,searched,calibration_template_probe,20:576:624:160:288:96:32:10:35:1:7:0:5:5:1:2:1:1:1:37:1:1:20,,1,numeric_signed_axes_full_v3,0.0828335952759,0.0827239990233639,0.0827859973907352,within_noise,within_noise,1
net_log30:template_v2_bl1_fix_03:rank29,net_log30,Ascend910B3,20,8.1.RC1+toolkit-7.7.0.1.225,template_v2_bl1_fix_03,21248,624,160,fp16,1,0,searched,calibration_template_probe,20:640:624:160:320:32:32:10:100:1:20:1:5:5:2:2:1:1:1:34:1:1:20,,1,numeric_signed_axes_full_v3,0.082886800766,0.0827239990233811,0.0827859973906907,within_noise,within_noise,1
net_log30:template_v2_bl1_fix_03:rank30,net_log30,Ascend910B3,20,8.1.RC1+toolkit-7.7.0.1.225,template_v2_bl1_fix_03,21248,624,160,fp16,1,0,searched,calibration_template_probe,20:608:624:160:304:208:16:20:30:1:3:0:10:10:1:1:1:1:1:35:1:1:20,,1,numeric_signed_axes_full_v3,0.0827544021606,0.0827239990234384,0.0827859973908136,within_noise,within_noise,1
net_log30:template_v2_bl1_fix_03:rank31,net_log30,Ascend910B3,20,8.1.RC1+toolkit-7.7.0.1.225,template_v2_bl1_fix_03,21248,624,160,fp16,1,0,searched,calibration_template_probe,20:544:624:160:272:176:16:20:40:1:4:0:10:10:1:2:1:1:1:40:1:1:20,,1,numeric_signed_axes_full_v3,0.0828295993805,0.0827239990233951,0.0827859973906915,within_noise,within_noise,1
net_log30:template_v2_bl1_fix_03:rank32,net_log30,Ascend910B3,20,8.1.RC1+toolkit-7.7.0.1.225,template_v2_bl1_fix_03,21248,624,160,fp16,1,0,searched,calibration_template_probe,20:576:624:160:288:144:16:20:50:1:5:1:10:10:1:2:1:1:1:37:1:1:20,,1,numeric_signed_axes_full_v3,0.0827859973907,0.0827239990234001,0.0827859973907,within_noise,within_noise,1
net_log30:template_v2_bl1_fix_03:rank33,net_log30,Ascend910B3,20,8.1.RC1+toolkit-7.7.0.1.225,template_v2_bl1_fix_03,21248,624,160,fp16,1,0,searched,calibration_template_probe,20:576:624:160:288:48:16:20:130:1:13:1:10:10:2:2:2:1:1:37:1:1:20,,1,numeric_signed_axes_full_v3,0.0827676010132,0.0827651977539349,0.0827859973904569,within_noise,within_noise,1
net_log30:template_v2_bl1_fix_03:rank34,net_log30,Ascend910B3,20,8.1.RC1+toolkit-7.7.0.1.225,template_v2_bl1_fix_03,21248,624,160,fp16,1,0,searched,calibration_template_probe,20:224:624:160:112:464:16:20:20:1:2:0:10:10:1:1:1:1:1:95:1:1:20,,1,numeric_signed_axes_full_v3,0.0828252029419,0.082765197753864,0.0827859973907348,within_noise,within_noise,1
net_log30:template_v2_bl1_fix_03:rank35,net_log30,Ascend910B3,20,8.1.RC1+toolkit-7.7.0.1.225,template_v2_bl1_fix_03,21248,624,160,fp16,1,0,searched,calibration_template_probe,20:640:624:160:320:16:16:20:390:1:39:1:10:10:2:1:1:1:1:34:1:1:20,,1,numeric_signed_axes_full_v3,0.0828796005249,0.0827651977539301,0.0827859973907016,within_noise,within_noise,1
net_log30:template_v2_bl1_fix_03:rank36,net_log30,Ascend910B3,20,8.1.RC1+toolkit-7.7.0.1.225,template_v2_bl1_fix_03,21248,624,160,fp16,1,0,searched,calibration_template_probe,20:576:624:160:288:192:32:10:20:1:4:0:5:5:1:1:1:1:1:37:1:1:20,,1,numeric_signed_axes_full_v3,0.0828999996185,0.0827651977539152,0.082785997390679,within_noise,within_noise,1
net_log30:template_v2_bl1_fix_03:rank37,net_log30,Ascend910B3,20,8.1.RC1+toolkit-7.7.0.1.225,template_v2_bl1_fix_03,21248,624,160,fp16,1,0,searched,calibration_template_probe,20:640:624:160:320:32:32:10:100:1:20:0:5:5:2:2:2:1:1:34:1:1:20,,1,numeric_signed_axes_full_v3,0.0827836036682,0.0827651977539012,0.0827859973908692,within_noise,within_noise,1
net_log30:template_v2_bl1_fix_03:rank38,net_log30,Ascend910B3,20,8.1.RC1+toolkit-7.7.0.1.225,template_v2_bl1_fix_03,21248,624,160,fp16,1,0,searched,calibration_template_probe,20:288:624:160:144:304:16:20:30:1:3:1:10:10:1:2:1:1:1:74:1:1:20,,1,numeric_signed_axes_full_v3,0.0828787994385,0.0827651977538758,0.082785997390669,within_noise,within_noise,1
net_log30:template_v2_bl1_fix_03:rank39,net_log30,Ascend910B3,20,8.1.RC1+toolkit-7.7.0.1.225,template_v2_bl1_fix_03,21248,624,160,fp16,1,0,searched,calibration_template_probe,20:576:624:160:288:32:80:4:40:1:20:1:2:2:1:2:1:1:1:37:1:1:20,,1,numeric_signed_axes_full_v3,0.0828479957581,0.0827651977538996,0.0827859973906917,within_noise,within_noise,1
net_log30:template_v2_bl1_fix_03:rank40,net_log30,Ascend910B3,20,8.1.RC1+toolkit-7.7.0.1.225,template_v2_bl1_fix_03,21248,624,160,fp16,1,0,searched,calibration_template_probe,20:576:624:160:288:192:16:20:40:1:4:0:10:10:2:2:1:1:1:37:1:1:20,,1,numeric_signed_axes_full_v3,0.0827964019775,0.0827651977538923,0.0827859973906629,within_noise,within_noise,1
net_log30:template_v2_bl1_fix_03:rank41,net_log30,Ascend910B3,20,8.1.RC1+toolkit-7.7.0.1.225,template_v2_bl1_fix_03,21248,624,160,fp16,1,0,searched,calibration_template_probe,20:384:624:160:192:192:16:20:40:1:4:0:10:10:2:1:1:1:1:56:1:1:20,,1,numeric_signed_axes_full_v3,0.0828188037872,0.082740802764914,0.0827867984772058,within_noise,within_noise,1
net_log30:template_v2_bl1_fix_03:rank42,net_log30,Ascend910B3,20,8.1.RC1+toolkit-7.7.0.1.225,template_v2_bl1_fix_03,21248,624,160,fp16,1,0,searched,calibration_template_probe,20:576:624:160:288:192:16:20:40:1:4:1:10:10:1:2:1:1:1:37:1:1:20,,1,numeric_signed_axes_full_v3,0.0828507995605,0.0827408027648983,0.0827867984771708,within_noise,within_noise,1
net_log30:template_v2_bl1_fix_03:rank43,net_log30,Ascend910B3,20,8.1.RC1+toolkit-7.7.0.1.225,template_v2_bl1_fix_03,21248,624,160,fp16,1,0,searched,calibration_template_probe,20:640:624:160:320:32:16:20:200:1:20:1:10:10:2:2:2:1:1:34:1:1:20,,1,numeric_signed_axes_full_v3,0.0828804016113,0.0827408027648702,0.0827867984771705,within_noise,within_noise,1
net_log30:template_v2_bl1_fix_03:rank44,net_log30,Ascend910B3,20,8.1.RC1+toolkit-7.7.0.1.225,template_v2_bl1_fix_03,21248,624,160,fp16,1,0,searched,calibration_template_probe,20:640:624:160:320:144:32:10:25:1:5:1:5:5:1:1:1:1:1:34:1:1:20,,1,numeric_signed_axes_full_v3,0.0827768039703,0.0827408027649146,0.0827867984772054,within_noise,within_noise,1
net_log30:template_v2_bl1_fix_03:rank45,net_log30,Ascend910B3,20,8.1.RC1+toolkit-7.7.0.1.225,template_v2_bl1_fix_03,21248,624,160,fp16,1,0,searched,calibration_template_probe,20:288:624:160:144:304:16:20:30:1:3:0:10:10:2:2:1:1:1:74:1:1:20,,1,numeric_signed_axes_full_v3,0.0828680038452,0.082740802764883,0.0827867984772232,within_noise,within_noise,1
net_log30:template_v2_bl1_fix_03:rank46,net_log30,Ascend910B3,20,8.1.RC1+toolkit-7.7.0.1.225,template_v2_bl1_fix_03,21248,624,160,fp16,1,0,searched,calibration_template_probe,20:576:624:160:288:192:16:20:40:1:4:0:10:10:2:1:1:1:1:37:1:1:20,,1,numeric_signed_axes_full_v3,0.0827560043335,0.0827408027648884,0.0827867984774511,within_noise,within_noise,1
net_log30:template_v2_bl1_fix_03:rank47,net_log30,Ascend910B3,20,8.1.RC1+toolkit-7.7.0.1.225,template_v2_bl1_fix_03,21248,624,160,fp16,1,0,searched,calibration_template_probe,20:640:624:160:320:144:16:20:50:1:5:0:10:10:1:2:1:1:1:34:1:1:20,,1,numeric_signed_axes_full_v3,0.0828116035461,0.08274080276487,0.0827867984771985,within_noise,within_noise,1
net_log30:template_v2_bl1_fix_03:rank48,net_log30,Ascend910B3,20,8.1.RC1+toolkit-7.7.0.1.225,template_v2_bl1_fix_03,21248,624,160,fp16,1,0,searched,calibration_template_probe,20:672:624:160:336:160:16:20:40:1:4:0:10:10:2:1:1:1:1:32:1:1:20,,1,numeric_signed_axes_full_v3,0.0827987957001,0.0827408027649272,0.0827867984771872,within_noise,within_noise,1
net_log30:template_v2_bl1_fix_03:rank49,net_log30,Ascend910B3,20,8.1.RC1+toolkit-7.7.0.1.225,template_v2_bl1_fix_03,21248,624,160,fp16,1,0,searched,calibration_template_probe,20:160:624:160:80:608:16:20:20:1:2:0:10:10:1:1:1:1:1:133:1:1:20,,1,numeric_signed_axes_full_v3,0.082853603363,0.0827408027649026,0.0828287982941262,within_noise,within_noise,1
net_log30:template_v2_bl1_fix_03:rank50,net_log30,Ascend910B3,20,8.1.RC1+toolkit-7.7.0.1.225,template_v2_bl1_fix_03,21248,624,160,fp16,1,0,searched,calibration_template_probe,20:544:624:160:272:176:16:20:40:1:4:0:10:10:1:1:1:1:1:40:1:1:20,,1,numeric_signed_axes_full_v3,0.0828652000427,0.0827408027648692,0.0828287982941292,within_noise,within_noise,1
net_log30:template_v2_bl1_fix_03:rank51,net_log30,Ascend910B3,20,8.1.RC1+toolkit-7.7.0.1.225,template_v2_bl1_fix_03,21248,624,160,fp16,1,0,searched,calibration_template_probe,20:640:624:160:320:112:16:20:60:1:6:0:10:10:2:1:1:1:1:34:1:1:20,,1,numeric_signed_axes_full_v3,0.0828011989594,0.0827408027648889,0.0828287982939537,within_noise,within_noise,1
net_log30:template_v2_bl1_fix_03:rank52,net_log30,Ascend910B3,20,8.1.RC1+toolkit-7.7.0.1.225,template_v2_bl1_fix_03,21248,624,160,fp16,1,0,searched,calibration_template_probe,20:608:624:160:304:16:16:20:390:1:39:1:10:10:1:2:1:1:1:35:1:1:20,,1,numeric_signed_axes_full_v3,0.0828596019745,0.0827408027649112,0.0828287982941132,within_noise,within_noise,1
net_log30:template_v2_bl1_fix_03:rank53,net_log30,Ascend910B3,20,8.1.RC1+toolkit-7.7.0.1.225,template_v2_bl1_fix_03,21248,624,160,fp16,1,0,searched,calibration_template_probe,20:576:624:160:288:144:32:10:25:1:5:0:5:5:1:1:1:1:1:37:1:1:20,,1,numeric_signed_axes_full_v3,0.0827803993225,0.082740802764906,0.0828287982943697,within_noise,within_noise,1
net_log30:template_v2_bl1_fix_03:rank54,net_log30,Ascend910B3,20,8.1.RC1+toolkit-7.7.0.1.225,template_v2_bl1_fix_03,21248,624,160,fp16,1,0,searched,calibration_template_probe,20:640:624:160:320:144:16:20:50:1:5:1:10:10:2:2:1:1:1:34:1:1:20,,1,numeric_signed_axes_full_v3,0.0828335952759,0.0827408027648708,0.082828798294097,within_noise,within_noise,1
net_log30:template_v2_bl1_fix_03:rank55,net_log30,Ascend910B3,20,8.1.RC1+toolkit-7.7.0.1.225,template_v2_bl1_fix_03,21248,624,160,fp16,1,0,searched,calibration_template_probe,20:576:624:160:288:96:16:20:70:1:7:1:10:10:1:2:1:1:1:37:1:1:20,,1,numeric_signed_axes_full_v3,0.0828048038483,0.0827408027648875,0.0828287982940208,within_noise,within_noise,1
net_log30:template_v2_bl1_fix_03:rank56,net_log30,Ascend910B3,20,8.1.RC1+toolkit-7.7.0.1.225,template_v2_bl1_fix_03,21248,624,160,fp16,1,0,searched,calibration_template_probe,20:576:624:160:288:96:16:20:70:1:7:0:10:10:2:1:1:1:1:37:1:1:20,,1,numeric_signed_axes_full_v3,0.0827696037292,0.0827408027648883,0.0828287982943154,within_noise,within_noise,1
net_log30:template_v2_bl1_fix_03:rank57,net_log30,Ascend910B3,20,8.1.RC1+toolkit-7.7.0.1.225,template_v2_bl1_fix_03,21248,624,160,fp16,1,0,searched,calibration_template_probe,20:576:624:160:288:48:16:20:130:1:13:1:10:10:1:2:1:1:1:37:1:1:20,,1,numeric_signed_axes_full_v3,0.0827927970886,0.0828007984163305,0.0828287982936941,within_noise,within_noise,1
net_log30:template_v2_bl1_fix_03:rank58,net_log30,Ascend910B3,20,8.1.RC1+toolkit-7.7.0.1.225,template_v2_bl1_fix_03,21248,624,160,fp16,1,0,searched,calibration_template_probe,20:640:624:160:320:16:16:20:390:1:39:1:10:10:2:2:1:1:1:34:1:1:20,,1,numeric_signed_axes_full_v3,0.082742395401,0.0828007984158286,0.0828287982943234,within_noise,within_noise,1
net_log30:template_v2_bl1_fix_03:rank59,net_log30,Ascend910B3,20,8.1.RC1+toolkit-7.7.0.1.225,template_v2_bl1_fix_03,21248,624,160,fp16,1,0,searched,calibration_template_probe,20:576:624:160:288:80:80:4:16:1:8:0:2:2:1:2:1:1:1:37:1:1:20,,1,numeric_signed_axes_full_v3,0.0828664016724,0.0828007984160934,0.0828287982941283,within_noise,within_noise,1
net_log30:template_v2_bl1_fix_03:rank60,net_log30,Ascend910B3,20,8.1.RC1+toolkit-7.7.0.1.225,template_v2_bl1_fix_03,21248,624,160,fp16,1,0,searched,calibration_template_probe,20:128:624:160:128:64:32:10:100:1:10:0:5:5:2:2:1:1:1:0:0:0:1020,,1,numeric_signed_axes_full_v3,0.0827824020386,0.0828007984158407,0.082828798294276,within_noise,within_noise,1
net_log30:template_v2_bl1_fix_03:rank61,net_log30,Ascend910B3,20,8.1.RC1+toolkit-7.7.0.1.225,template_v2_bl1_fix_03,21248,624,160,fp16,1,0,searched,calibration_template_probe,20:768:624:160:768:32:16:10:200:1:20:0:10:10:2:2:1:1:1:0:0:0:1020,,1,numeric_signed_axes_full_v3,0.08278840065,0.0828007984158289,0.0828287982940589,within_noise,within_noise,1
net_log30:template_v2_bl1_fix_03:rank62,net_log30,Ascend910B3,20,8.1.RC1+toolkit-7.7.0.1.225,template_v2_bl1_fix_03,21248,624,160,fp16,1,0,searched,calibration_template_probe,20:384:624:160:384:16:32:5:390:1:39:0:5:5:2:2:1:1:1:0:0:0:1020,,1,numeric_signed_axes_full_v3,0.0828771972656,0.0828007984160738,0.0828287982940943,within_noise,within_noise,1
net_log30:template_v2_bl1_fix_03:rank63,net_log30,Ascend910B3,20,8.1.RC1+toolkit-7.7.0.1.225,template_v2_bl1_fix_03,21248,624,160,fp16,1,0,searched,calibration_template_probe,20:256:624:160:256:96:16:20:70:1:7:0:10:10:2:2:1:1:1:0:0:0:1020,,1,numeric_signed_axes_full_v3,0.0827492046356,0.0828007984163161,0.0828287982944784,within_noise,within_noise,1
net_log30:template_v2_bl1_fix_03:rank64,net_log30,Ascend910B3,20,8.1.RC1+toolkit-7.7.0.1.225,template_v2_bl1_fix_03,21248,624,160,fp16,1,0,searched,calibration_template_probe,20:384:624:160:384:80:32:5:40:1:8:0:5:5:2:2:1:1:1:0:0:0:1020,,1,numeric_signed_axes_full_v3,0.0828367996216,0.0828007984160604,0.0828287982941,within_noise,within_noise,1
net_log30:template_v2_bl1_fix_03:rank65,net_log30,Ascend910B3,20,8.1.RC1+toolkit-7.7.0.1.225,template_v2_bl1_fix_03,21248,624,160,fp16,1,0,searched,calibration_template_probe,20:256:624:160:256:128:16:10:100:1:5:0:10:10:2:2:1:1:1:0:0:0:1020,,1,numeric_signed_axes_full_v3,0.0827560043335,0.0828660011292973,0.0827812004086426,within_noise,within_noise,1
net_log30:template_v2_bl1_fix_03:rank66,net_log30,Ascend910B3,20,8.1.RC1+toolkit-7.7.0.1.225,template_v2_bl1_fix_03,21248,624,160,fp16,1,0,searched,calibration_template_probe,20:384:624:160:384:80:32:10:40:1:8:0:5:5:2:2:1:1:1:0:0:0:1020,,1,numeric_signed_axes_full_v3,0.0828439998627,0.0828660011289681,0.0827812004089199,within_noise,within_noise,1
net_log30:template_v2_bl1_fix_03:rank67,net_log30,Ascend910B3,20,8.1.RC1+toolkit-7.7.0.1.225,template_v2_bl1_fix_03,21248,624,160,fp16,1,0,searched,calibration_template_probe,20:256:624:160:256:128:16:20:50:1:5:0:10:10:2:2:1:1:1:0:0:0:1020,,1,numeric_signed_axes_full_v3,0.0827575969696,0.082866001129319,0.0827812004086575,within_noise,within_noise,1
net_log30:template_v2_bl1_fix_03:rank68,net_log30,Ascend910B3,20,8.1.RC1+toolkit-7.7.0.1.225,template_v2_bl1_fix_03,21248,624,160,fp16,1,0,searched,calibration_template_probe,20:256:624:160:256:96:16:10:140:1:7:0:10:10:2:2:1:1:1:0:0:0:1020,,1,numeric_signed_axes_full_v3,0.0828419971466,0.0828660011288936,0.0827812004089391,within_noise,within_noise,1
net_log30:template_v2_bl1_fix_03:rank69,net_log30,Ascend910B3,20,8.1.RC1+toolkit-7.7.0.1.225,template_v2_bl1_fix_03,21248,624,160,fp16,1,0,searched,calibration_template_probe,20:384:624:160:384:16:32:10:195:1:39:0:5:5:2:2:1:1:1:0:0:0:1020,,1,numeric_signed_axes_full_v3,0.0828244018555,0.0828660011294195,0.0827812004088751,within_noise,within_noise,1
net_log30:template_v2_bl1_fix_03:rank70,net_log30,Ascend910B3,20,8.1.RC1+toolkit-7.7.0.1.225,template_v2_bl1_fix_03,21248,624,160,fp16,1,0,searched,calibration_template_probe,20:384:624:160:384:48:32:5:130:1:13:0:5:5:2:2:1:1:1:0:0:0:1020,,1,numeric_signed_axes_full_v3,0.0828635978699,0.0828660011288549,0.0827812004089361,within_noise,within_noise,1
net_log30:template_v2_bl1_fix_03:rank71,net_log30,Ascend910B3,20,8.1.RC1+toolkit-7.7.0.1.225,template_v2_bl1_fix_03,21248,624,160,fp16,1,0,searched,calibration_template_probe,20:384:624:160:384:32:32:5:100:1:20:0:5:5:2:2:1:1:1:0:0:0:1020,,1,numeric_signed_axes_full_v3,0.0828612041473,0.0828660011290724,0.0827812004088776,within_noise,within_noise,1
net_log30:template_v2_bl1_fix_03:rank72,net_log30,Ascend910B3,20,8.1.RC1+toolkit-7.7.0.1.225,template_v2_bl1_fix_03,21248,624,160,fp16,1,0,searched,calibration_template_probe,20:384:624:160:384:32:32:10:100:1:20:0:5:5:2:2:1:1:1:0:0:0:1020,,1,numeric_signed_axes_full_v3,0.0828771972656,0.0828660011291795,0.0827812004089362,within_noise,within_noise,1
net_log30:template_v2_bl1_fix_03:rank73,net_log30,Ascend910B3,20,8.1.RC1+toolkit-7.7.0.1.225,template_v2_bl1_fix_03,21248,624,160,fp16,1,0,searched,calibration_template_probe,20:768:624:160:768:16:16:10:390:1:39:0:10:10:2:2:1:1:1:0:0:0:1020,,1,numeric_signed_axes_full_v3,0.0828252029419,0.0828032016754112,0.0827812004089225,within_noise,within_noise,1
net_log30:template_v2_bl1_fix_03:rank74,net_log30,Ascend910B3,20,8.1.RC1+toolkit-7.7.0.1.225,template_v2_bl1_fix_03,21248,624,160,fp16,1,0,searched,calibration_template_probe,20:128:624:160:128:128:32:10:50:1:5:0:5:5:2:2:1:1:1:0:0:0:1020,,1,numeric_signed_axes_full_v3,0.082783203125,0.0828032016751468,0.082781200408915,within_noise,within_noise,1
net_log30:template_v2_bl1_fix_04:rank1,net_log30,Ascend910B3,20,8.1.RC1+toolkit-7.7.0.1.225,template_v2_bl1_fix_04,21504,640,176,bf16,1,1,searched,calibration_template_probe,20:576:640:176:288:48:16:22:154:1:14:1:11:11:1:1:1:1:1:38:1:1:20,,1,numeric_signed_axes_full_v3,0.0495344018936,0.0495427989961203,0.0495940017701669,within_noise,within_noise,1
net_log30:template_v2_bl1_fix_04:rank2,net_log30,Ascend910B3,20,8.1.RC1+toolkit-7.7.0.1.225,template_v2_bl1_fix_04,21504,640,176,bf16,1,1,searched,calibration_template_probe,20:192:640:176:96:608:16:22:22:1:2:0:11:11:2:2:1:1:1:112:1:1:20,,1,numeric_signed_axes_full_v3,0.0496555995941,0.0495427989959899,0.0495940017700196,within_noise,within_noise,1
net_log30:template_v2_bl1_fix_04:rank3,net_log30,Ascend910B3,20,8.1.RC1+toolkit-7.7.0.1.225,template_v2_bl1_fix_04,21504,640,176,bf16,1,1,searched,calibration_template_probe,20:576:640:176:288:48:16:22:154:1:14:1:11:11:2:2:2:1:1:38:1:1:20,,1,numeric_signed_axes_full_v3,0.0498040008545,0.0495427989960141,0.0495940017700232,within_noise,within_noise,1
net_log30:template_v2_bl1_fix_04:rank4,net_log30,Ascend910B3,20,8.1.RC1+toolkit-7.7.0.1.225,template_v2_bl1_fix_04,21504,640,176,bf16,1,1,searched,calibration_template_probe,20:608:640:176:304:208:16:22:44:1:4:0:11:11:1:1:1:1:1:36:1:1:20,,1,numeric_signed_axes_full_v3,0.0496984004974,0.0495427989960118,0.0495940017700244,within_noise,within_noise,1
net_log30:template_v2_bl1_fix_04:rank5,net_log30,Ascend910B3,20,8.1.RC1+toolkit-7.7.0.1.225,template_v2_bl1_fix_04,21504,640,176,bf16,1,1,searched,calibration_template_probe,20:224:640:176:112:288:16:22:33:1:3:1:11:11:1:2:1:1:1:96:1:1:20,,1,numeric_signed_axes_full_v3,0.0497911977768,0.0495427989959822,0.0495940017699838,within_noise,within_noise,1
net_log30:template_v2_bl1_fix_04:rank6,net_log30,Ascend910B3,20,8.1.RC1+toolkit-7.7.0.1.225,template_v2_bl1_fix_04,21504,640,176,bf16,1,1,searched,calibration_template_probe,20:384:640:176:192:32:16:22:220:1:20:0:11:11:2:2:2:1:1:56:1:1:20,,1,numeric_signed_axes_full_v3,0.0497480010986,0.0495427989960082,0.049594001769993,within_noise,within_noise,1
net_log30:template_v2_bl1_fix_04:rank7,net_log30,Ascend910B3,20,8.1.RC1+toolkit-7.7.0.1.225,template_v2_bl1_fix_04,21504,640,176,bf16,1,1,searched,calibration_template_probe,20:384:640:176:192:272:16:22:33:1:3:1:11:11:2:1:1:1:1:56:1:1:20,,1,numeric_signed_axes_full_v3,0.0495319986343,0.0495427989959587,0.0495940017698312,within_noise,within_noise,1
net_log30:template_v2_bl1_fix_04:rank8,net_log30,Ascend910B3,20,8.1.RC1+toolkit-7.7.0.1.225,template_v2_bl1_fix_04,21504,640,176,bf16,1,1,searched,calibration_template_probe,20:640:640:176:320:16:16:22:440:1:40:1:11:11:2:2:1:1:1:34:1:1:20,,1,numeric_signed_axes_full_v3,0.0500956010818,0.0495427989959934,0.049594001770024,regressed,regressed,1
net_log30:template_v2_bl1_fix_04:rank9,net_log30,Ascend910B3,20,8.1.RC1+toolkit-7.7.0.1.225,template_v2_bl1_fix_04,21504,640,176,bf16,1,1,searched,calibration_template_probe,20:576:640:176:288:96:16:22:77:1:7:0:11:11:2:1:1:1:1:38:1:1:20,,1,numeric_signed_axes_full_v3,0.0496700000763,0.0495427989959753,0.0496144008636102,within_noise,within_noise,1
net_log30:template_v2_bl1_fix_04:rank10,net_log30,Ascend910B3,20,8.1.RC1+toolkit-7.7.0.1.225,template_v2_bl1_fix_04,21504,640,176,bf16,1,1,searched,calibration_template_probe,20:224:640:176:112:288:16:22:33:1:3:0:11:11:2:1:1:1:1:96:1:1:20,,1,numeric_signed_axes_full_v3,0.0498360013962,0.0495427989960004,0.0496144008635809,within_noise,within_noise,1
net_log30:template_v2_bl1_fix_04:rank11,net_log30,Ascend910B3,20,8.1.RC1+toolkit-7.7.0.1.225,template_v2_bl1_fix_04,21504,640,176,bf16,1,1,searched,calibration_template_probe,20:672:640:176:336:160:16:22:44:1:4:0:11:11:2:2:1:1:1:32:1:1:20,,1,numeric_signed_axes_full_v3,0.0496343994141,0.049542798996018,0.0496144008635943,within_noise,within_noise,1
net_log30:template_v2_bl1_fix_04:rank12,net_log30,Ascend910B3,20,8.1.RC1+toolkit-7.7.0.1.225,template_v2_bl1_fix_04,21504,640,176,bf16,1,1,searched,calibration_template_probe,20:416:640:176:208:192:16:22:44:1:4:0:11:11:1:2:1:1:1:52:1:1:20,,1,numeric_signed_axes_full_v3,0.0498016023636,0.0495427989959796,0.0496144008636162,within_noise,within_noise,1
net_log30:template_v2_bl1_fix_04:rank13,net_log30,Ascend910B3,20,8.1.RC1+toolkit-7.7.0.1.225,template_v2_bl1_fix_04,21504,640,176,bf16,1,1,searched,calibration_template_probe,20:384:640:176:192:48:16:22:154:1:14:0:11:11:1:1:1:1:1:56:1:1:20,,1,numeric_signed_axes_full_v3,0.0497652006149,0.0495427989960245,0.0496144008635991,within_noise,within_noise,1
net_log30:template_v2_bl1_fix_04:rank14,net_log30,Ascend910B3,20,8.1.RC1+toolkit-7.7.0.1.225,template_v2_bl1_fix_04,21504,640,176,bf16,1,1,searched,calibration_template_probe,20:576:640:176:288:192:16:22:44:1:4:1:11:11:1:2:1:1:1:38:1:1:20,,1,numeric_signed_axes_full_v3,0.0495363998413,0.0495427989960328,0.0496144008635651,within_noise,within_noise,1
net_log30:template_v2_bl1_fix_04:rank15,net_log30,Ascend910B3,20,8.1.RC1+toolkit-7.7.0.1.225,template_v2_bl1_fix_04,21504,640,176,bf16,1,1,searched,calibration_template_probe,20:384:640:176:192:80:16:22:88:1:8:0:11:11:2:2:2:1:1:56:1:1:20,,1,numeric_signed_axes_full_v3,0.0500691986084,0.0495427989959985,0.0496144008635852,regressed,within_noise,1
net_log30:template_v2_bl1_fix_04:rank16,net_log30,Ascend910B3,20,8.1.RC1+toolkit-7.7.0.1.225,template_v2_bl1_fix_04,21504,640,176,bf16,1,1,searched,calibration_template_probe,20:576:640:176:288:16:16:22:440:1:40:0:11:11:1:2:1:1:1:38:1:1:20,,1,numeric_signed_axes_full_v3,0.0496040010452,0.0495427989960114,0.0496144008638065,within_noise,within_noise,1
net_log30:template_v2_bl1_fix_04:rank17,net_log30,Ascend910B3,20,8.1.RC1+toolkit-7.7.0.1.225,template_v2_bl1_fix_04,21504,640,176,bf16,1,1,searched,calibration_template_probe,20:224:640:176:112:464:16:22:22:1:2:0:11:11:1:1:1:1:1:96:1:1:20,,1,numeric_signed_axes_full_v3,0.049807600975,0.0495548009871807,0.0496820020676175,within_noise,within_noise,1
net_log30:template_v2_bl1_fix_04:rank18,net_log30,Ascend910B3,20,8.1.RC1+toolkit-7.7.0.1.225,template_v2_bl1_fix_04,21504,640,176,bf16,1,1,searched,calibration_template_probe,20:448:640:176:224:224:16:22:33:1:3:1:11:11:2:2:1:1:1:48:1:1:20,,1,numeric_signed_axes_full_v3,0.0496903991699,0.0495548009872205,0.0496820020676067,within_noise,within_noise,1
net_log30:template_v2_bl1_fix_04:rank19,net_log30,Ascend910B3,20,8.1.RC1+toolkit-7.7.0.1.225,template_v2_bl1_fix_04,21504,640,176,bf16,1,1,searched,calibration_template_probe,20:192:640:176:96:464:16:22:22:1:2:1:11:11:2:2:1:1:1:112:1:1:20,,1,numeric_signed_axes_full_v3,0.049777598381,0.0495548009872111,0.0496820020676201,within_noise,within_noise,1
net_log30:template_v2_bl1_fix_04:rank20,net_log30,Ascend910B3,20,8.1.RC1+toolkit-7.7.0.1.225,template_v2_bl1_fix_04,21504,640,176,bf16,1,1,searched,calibration_template_probe,20:640:640:176:320:16:16:22:440:1:40:0:11:11:2:2:2:1:1:34:1:1:20,,1,numeric_signed_axes_full_v3,0.0498116016388,0.0495548009871752,0.0496820020675957,within_noise,within_noise,1
net_log30:template_v2_bl1_fix_04:rank21,net_log30,Ascend910B3,20,8.1.RC1+toolkit-7.7.0.1.225,template_v2_bl1_fix_04,21504,640,176,bf16,1,1,searched,calibration_template_probe,20:192:640:176:96:608:16:22:22:1:2:1:11:11:1:2:1:1:1:112:1:1:20,,1,numeric_signed_axes_full_v3,0.0495111989975,0.0495548009873664,0.0496820020673613,within_noise,within_noise,1
net_log30:template_v2_bl1_fix_04:rank22,net_log30,Ascend910B3,20,8.1.RC1+toolkit-7.7.0.1.225,template_v2_bl1_fix_04,21504,640,176,bf16,1,1,searched,calibration_template_probe,20:672:640:176:336:80:16:22:88:1:8:1:11:11:1:2:1:1:1:32:1:1:20,,1,numeric_signed_axes_full_v3,0.0500260019302,0.0495548009871848,0.0496820020676247,within_noise,within_noise,1
net_log30:template_v2_bl1_fix_04:rank23,net_log30,Ascend910B3,20,8.1.RC1+toolkit-7.7.0.1.225,template_v2_bl1_fix_04,21504,640,176,bf16,1,1,searched,calibration_template_probe,20:576:640:176:288:192:16:22:44:1:4:0:11:11:2:1:1:1:1:38:1:1:20,,1,numeric_signed_axes_full_v3,0.0495268011093,0.0495548009872535,0.0496820020676936,within_noise,within_noise,1
net_log30:template_v2_bl1_fix_04:rank24,net_log30,Ascend910B3,20,8.1.RC1+toolkit-7.7.0.1.225,template_v2_bl1_fix_04,21504,640,176,bf16,1,1,searched,calibration_template_probe,20:416:640:176:208:128:16:22:55:1:5:1:11:11:1:1:1:1:1:52:1:1:20,,1,numeric_signed_axes_full_v3,0.0495351982117,0.0495548009872036,0.0496820020675241,within_noise,within_noise,1
net_log30:template_v2_bl1_fix_04:rank25,net_log30,Ascend910B3,20,8.1.RC1+toolkit-7.7.0.1.225,template_v2_bl1_fix_04,21504,640,176,bf16,1,1,searched,calibration_template_probe,20:480:640:176:240:48:16:22:154:1:14:0:11:11:2:2:2:1:1:45:1:1:20,,1,numeric_signed_axes_full_v3,0.0500400018692,0.049554800987215,0.04983560085302,within_noise,within_noise,1
net_log30:template_v2_bl1_fix_04:rank26,net_log30,Ascend910B3,20,8.1.RC1+toolkit-7.7.0.1.225,template_v2_bl1_fix_04,21504,640,176,bf16,1,1,searched,calibration_template_probe,20:448:640:176:224:224:16:22:33:1:3:0:11:11:1:1:1:1:1:48:1:1:20,,1,numeric_signed_axes_full_v3,0.049538397789,0.0495548009873651,0.0498356008528307,within_noise,within_noise,1
net_log30:template_v2_bl1_fix_04:rank27,net_log30,Ascend910B3,20,8.1.RC1+toolkit-7.7.0.1.225,template_v2_bl1_fix_04,21504,640,176,bf16,1,1,searched,calibration_template_probe,20:384:640:176:192:304:16:22:33:1:3:0:11:11:2:1:1:1:1:56:1:1:20,,1,numeric_signed_axes_full_v3,0.049657201767,0.0495548009871771,0.0498356008527694,within_noise,within_noise,1
net_log30:template_v2_bl1_fix_04:rank28,net_log30,Ascend910B3,20,8.1.RC1+toolkit-7.7.0.1.225,template_v2_bl1_fix_04,21504,640,176,bf16,1,1,searched,calibration_template_probe,20:384:640:176:192:304:16:22:33:1:3:1:11:11:1:2:1:1:1:56:1:1:20,,1,numeric_signed_axes_full_v3,0.0500411987305,0.0495548009872193,0.0498356008529916,within_noise,within_noise,1
net_log30:template_v2_bl1_fix_04:rank29,net_log30,Ascend910B3,20,8.1.RC1+toolkit-7.7.0.1.225,template_v2_bl1_fix_04,21504,640,176,bf16,1,1,searched,calibration_template_probe,20:416:640:176:208:96:16:22:77:1:7:0:11:11:2:1:1:1:1:52:1:1:20,,1,numeric_signed_axes_full_v3,0.0500468015671,0.0495548009872024,0.0498356008529836,within_noise,within_noise,1
net_log30:template_v2_bl1_fix_04:rank30,net_log30,Ascend910B3,20,8.1.RC1+toolkit-7.7.0.1.225,template_v2_bl1_fix_04,21504,640,176,bf16,1,1,searched,calibration_template_probe,20:384:640:176:192:192:16:22:44:1:4:1:11:11:2:2:1:1:1:56:1:1:20,,1,numeric_signed_axes_full_v3,0.0496008014679,0.0495548009871818,0.0498356008530424,within_noise,within_noise,1
net_log30:template_v2_bl1_fix_04:rank31,net_log30,Ascend910B3,20,8.1.RC1+toolkit-7.7.0.1.225,template_v2_bl1_fix_04,21504,640,176,bf16,1,1,searched,calibration_template_probe,20:576:640:176:288:144:16:22:55:1:5:0:11:11:1:2:1:1:1:38:1:1:20,,1,numeric_signed_axes_full_v3,0.0494992017746,0.0495548009872407,0.0498356008530348,within_noise,within_noise,1
net_log30:template_v2_bl1_fix_04:rank32,net_log30,Ascend910B3,20,8.1.RC1+toolkit-7.7.0.1.225,template_v2_bl1_fix_04,21504,640,176,bf16,1,1,searched,calibration_template_probe,20:384:640:176:192:192:16:22:44:1:4:0:11:11:1:1:1:1:1:56:1:1:20,,1,numeric_signed_axes_full_v3,0.049608798027,0.049554800987197,0.0498356008528865,within_noise,within_noise,1
net_log30:template_v2_bl1_fix_04:rank33,net_log30,Ascend910B3,20,8.1.RC1+toolkit-7.7.0.1.225,template_v2_bl1_fix_04,21504,640,176,bf16,1,1,searched,calibration_template_probe,20:544:640:176:272:32:16:22:220:1:20:1:11:11:1:2:1:1:1:40:1:1:20,,1,numeric_signed_axes_full_v3,0.0495416021347,0.049849200248538,0.0495459985733916,within_noise,within_noise,1
net_log30:template_v2_bl1_fix_04:rank34,net_log30,Ascend910B3,20,8.1.RC1+toolkit-7.7.0.1.225,template_v2_bl1_fix_04,21504,640,176,bf16,1,1,searched,calibration_template_probe,20:544:640:176:272:48:16:22:154:1:14:0:11:11:2:2:2:1:1:40:1:1:20,,1,numeric_signed_axes_full_v3,0.0497499990463,0.0498492002488833,0.0495459985732854,within_noise,within_noise,1
net_log30:template_v2_bl1_fix_04:rank35,net_log30,Ascend910B3,20,8.1.RC1+toolkit-7.7.0.1.225,template_v2_bl1_fix_04,21504,640,176,bf16,1,1,searched,calibration_template_probe,20:416:640:176:208:64:16:22:110:1:10:1:11:11:2:2:2:1:1:52:1:1:20,,1,numeric_signed_axes_full_v3,0.0500767993927,0.049849200248721,0.0495459985733144,within_noise,regressed,1
net_log30:template_v2_bl1_fix_04:rank36,net_log30,Ascend910B3,20,8.1.RC1+toolkit-7.7.0.1.225,template_v2_bl1_fix_04,21504,640,176,bf16,1,1,searched,calibration_template_probe,20:224:640:176:112:464:16:22:22:1:2:1:11:11:2:1:1:1:1:96:1:1:20,,1,numeric_signed_axes_full_v3,0.0500400018692,0.0498492002486975,0.0495459985732843,within_noise,within_noise,1
net_log30:template_v2_bl1_fix_04:rank37,net_log30,Ascend910B3,20,8.1.RC1+toolkit-7.7.0.1.225,template_v2_bl1_fix_04,21504,640,176,bf16,1,1,searched,calibration_template_probe,20:544:640:176:272:176:16:22:44:1:4:1:11:11:2:2:1:1:1:40:1:1:20,,1,numeric_signed_axes_full_v3,0.049563999176,0.0498492002488608,0.049545998573285,within_noise,within_noise,1
net_log30:template_v2_bl1_fix_04:rank38,net_log30,Ascend910B3,20,8.1.RC1+toolkit-7.7.0.1.225,template_v2_bl1_fix_04,21504,640,176,bf16,1,1,searched,calibration_template_probe,20:544:640:176:272:176:16:22:44:1:4:0:11:11:1:1:1:1:1:40:1:1:20,,1,numeric_signed_axes_full_v3,0.0495011997223,0.0498492002488797,0.0495459985733751,within_noise,within_noise,1
net_log30:template_v2_bl1_fix_04:rank39,net_log30,Ascend910B3,20,8.1.RC1+toolkit-7.7.0.1.225,template_v2_bl1_fix_04,21504,640,176,bf16,1,1,searched,calibration_template_probe,20:288:640:176:144:304:16:22:33:1:3:0:11:11:1:2:1:1:1:75:1:1:20,,1,numeric_signed_axes_full_v3,0.049554400444,0.0498492002486589,0.0495459985733042,within_noise,within_noise,1
net_log30:template_v2_bl1_fix_04:rank40,net_log30,Ascend910B3,20,8.1.RC1+toolkit-7.7.0.1.225,template_v2_bl1_fix_04,21504,640,176,bf16,1,1,searched,calibration_template_probe,20:224:640:176:112:512:16:22:22:1:2:0:11:11:2:1:1:1:1:96:1:1:20,,1,numeric_signed_axes_full_v3,0.0498091983795,0.0498492002488274,0.0495459985733154,within_noise,within_noise,1
net_log30:template_v2_bl1_fix_04:rank41,net_log30,Ascend910B3,20,8.1.RC1+toolkit-7.7.0.1.225,template_v2_bl1_fix_04,21504,640,176,bf16,1,1,searched,calibration_template_probe,20:384:640:176:192:272:16:22:33:1:3:0:11:11:1:1:1:1:1:56:1:1:20,,1,numeric_signed_axes_full_v3,0.0496587991714,0.0497947978972469,0.0495459985733006,within_noise,within_noise,1
net_log30:template_v2_bl1_fix_04:rank42,net_log30,Ascend910B3,20,8.1.RC1+toolkit-7.7.0.1.225,template_v2_bl1_fix_04,21504,640,176,bf16,1,1,searched,calibration_template_probe,20:384:640:176:192:304:16:22:33:1:3:0:11:11:2:2:1:1:1:56:1:1:20,,1,numeric_signed_axes_full_v3,0.0497751998901,0.0497947978974718,0.0495459985732822,within_noise,within_noise,1
net_log30:template_v2_bl1_fix_04:rank43,net_log30,Ascend910B3,20,8.1.RC1+toolkit-7.7.0.1.225,template_v2_bl1_fix_04,21504,640,176,bf16,1,1,searched,calibration_template_probe,20:640:640:176:320:16:16:22:440:1:40:1:11:11:2:1:1:1:1:34:1:1:20,,1,numeric_signed_axes_full_v3,0.0500220012665,0.0497947978972848,0.049545998573282,within_noise,within_noise,1
net_log30:template_v2_bl1_fix_04:rank44,net_log30,Ascend910B3,20,8.1.RC1+toolkit-7.7.0.1.225,template_v2_bl1_fix_04,21504,640,176,bf16,1,1,searched,calibration_template_probe,20:384:640:176:192:48:16:22:154:1:14:0:11:11:2:2:2:1:1:56:1:1:20,,1,numeric_signed_axes_full_v3,0.0495056009293,0.0497947978972599,0.0495459985734348,within_noise,within_noise,1
net_log30:template_v2_bl1_fix_04:rank45,net_log30,Ascend910B3,20,8.1.RC1+toolkit-7.7.0.1.225,template_v2_bl1_fix_04,21504,640,176,bf16,1,1,searched,calibration_template_probe,20:384:640:176:192:64:16:22:110:1:10:0:11:11:2:2:2:1:1:56:1:1:20,,1,numeric_signed_axes_full_v3,0.0497751998901,0.0497947978974718,0.0495459985732822,within_noise,within_noise,1
net_log30:template_v2_bl1_fix_04:rank46,net_log30,Ascend910B3,20,8.1.RC1+toolkit-7.7.0.1.225,template_v2_bl1_fix_04,21504,640,176,bf16,1,1,searched,calibration_template_probe,20:448:640:176:224:208:16:22:44:1:4:1:11:11:2:2:1:1:1:48:1:1:20,,1,numeric_signed_axes_full_v3,0.049995598793,0.0497947978972822,0.0495459985733066,within_noise,within_noise,1
net_log30:template_v2_bl1_fix_04:rank47,net_log30,Ascend910B3,20,8.1.RC1+toolkit-7.7.0.1.225,template_v2_bl1_fix_04,21504,640,176,bf16,1,1,searched,calibration_template_probe,20:544:640:176:272:32:16:22:220:1:20:0:11:11:2:1:1:1:1:40:1:1:20,,1,numeric_signed_axes_full_v3,0.0496424007416,0.0497947978974978,0.0495459985733056,within_noise,within_noise,1
net_log30:template_v2_bl1_fix_04:rank48,net_log30,Ascend910B3,20,8.1.RC1+toolkit-7.7.0.1.225,template_v2_bl1_fix_04,21504,640,176,bf16,1,1,searched,calibration_template_probe,20:288:640:176:144:304:16:22:33:1:3:0:11:11:1:1:1:1:1:75:1:1:20,,1,numeric_signed_axes_full_v3,0.0496112012863,0.0497947978974632,0.0495459985732988,within_noise,within_noise,1
net_log30:template_v2_bl1_fix_04:rank49,net_log30,Ascend910B3,20,8.1.RC1+toolkit-7.7.0.1.225,template_v2_bl1_fix_04,21504,640,176,bf16,1,1,searched,calibration_template_probe,20:288:640:176:144:304:16:22:33:1:3:1:11:11:2:2:1:1:1:75:1:1:20,,1,numeric_signed_axes_full_v3,0.0498048019409,0.0496812009811236,0.0496555995941124,within_noise,within_noise,1
net_log30:template_v2_bl1_fix_04:rank50,net_log30,Ascend910B3,20,8.1.RC1+toolkit-7.7.0.1.225,template_v2_bl1_fix_04,21504,640,176,bf16,1,1,searched,calibration_template_probe,20:608:640:176:304:16:16:22:440:1:40:1:11:11:1:2:1:1:1:36:1:1:20,,1,numeric_signed_axes_full_v3,0.0499787998199,0.0496812009811043,0.0496555995940892,within_noise,within_noise,1
net_log30:template_v2_bl1_fix_04:rank51,net_log30,Ascend910B3,20,8.1.RC1+toolkit-7.7.0.1.225,template_v2_bl1_fix_04,21504,640,176,bf16,1,1,searched,calibration_template_probe,20:224:640:176:112:512:16:22:22:1:2:0:11:11:2:2:1:1:1:96:1:1:20,,1,numeric_signed_axes_full_v3,0.0495136022568,0.0496812009812804,0.0496555995939593,within_noise,within_noise,1
net_log30:template_v2_bl1_fix_04:rank52,net_log30,Ascend910B3,20,8.1.RC1+toolkit-7.7.0.1.225,template_v2_bl1_fix_04,21504,640,176,bf16,1,1,searched,calibration_template_probe,20:192:640:176:96:608:16:22:22:1:2:0:11:11:2:1:1:1:1:112:1:1:20,,1,numeric_signed_axes_full_v3,0.0497643995285,0.0496812009810955,0.0496555995940921,within_noise,within_noise,1
net_log30:template_v2_bl1_fix_04:rank53,net_log30,Ascend910B3,20,8.1.RC1+toolkit-7.7.0.1.225,template_v2_bl1_fix_04,21504,640,176,bf16,1,1,searched,calibration_template_probe,20:224:640:176:112:512:16:22:22:1:2:1:11:11:1:2:1:1:1:96:1:1:20,,1,numeric_signed_axes_full_v3,0.050044798851,0.04968120098109,0.0496555995941193,within_noise,within_noise,1
net_log30:template_v2_bl1_fix_04:rank54,net_log30,Ascend910B3,20,8.1.RC1+toolkit-7.7.0.1.225,template_v2_bl1_fix_04,21504,640,176,bf16,1,1,searched,calibration_template_probe,20:416:640:176:208:128:16:22:55:1:5:0:11:11:2:1:1:1:1:52:1:1:20,,1,numeric_signed_axes_full_v3,0.0496471977234,0.0496812009808899,0.0496555995941345,within_noise,within_noise,1
net_log30:template_v2_bl1_fix_04:rank55,net_log30,Ascend910B3,20,8.1.RC1+toolkit-7.7.0.1.225,template_v2_bl1_fix_04,21504,640,176,bf16,1,1,searched,calibration_template_probe,20:416:640:176:208:48:16:22:154:1:14:0:11:11:2:2:2:1:1:52:1:1:20,,1,numeric_signed_axes_full_v3,0.0496780014038,0.0496812009810554,0.049655599594123,within_noise,within_noise,1
net_log30:template_v2_bl1_fix_04:rank56,net_log30,Ascend910B3,20,8.1.RC1+toolkit-7.7.0.1.225,template_v2_bl1_fix_04,21504,640,176,bf16,1,1,searched,calibration_template_probe,20:416:640:176:208:192:16:22:44:1:4:1:11:11:2:2:1:1:1:52:1:1:20,,1,numeric_signed_axes_full_v3,0.0497860002518,0.0496812009811031,0.0496555995941017,within_noise,within_noise,1
net_log30:template_v2_bl1_fix_04:rank57,net_log30,Ascend910B3,20,8.1.RC1+toolkit-7.7.0.1.225,template_v2_bl1_fix_04,21504,640,176,bf16,1,1,searched,calibration_template_probe,20:416:640:176:208:192:16:22:44:1:4:0:11:11:1:1:1:1:1:52:1:1:20,,1,numeric_signed_axes_full_v3,0.0500487995148,0.0496812009811155,0.0497832012176902,within_noise,within_noise,1
net_log30:template_v2_bl1_fix_04:rank58,net_log30,Ascend910B3,20,8.1.RC1+toolkit-7.7.0.1.225,template_v2_bl1_fix_04,21504,640,176,bf16,1,1,searched,calibration_template_probe,20:416:640:176:208:32:16:22:220:1:20:0:11:11:2:2:2:1:1:52:1:1:20,,1,numeric_signed_axes_full_v3,0.049470000267,0.0496812009813296,0.0497832012178469,within_noise,within_noise,1
net_log30:template_v2_bl1_fix_04:rank59,net_log30,Ascend910B3,20,8.1.RC1+toolkit-7.7.0.1.225,template_v2_bl1_fix_04,21504,640,176,bf16,1,1,searched,calibration_template_probe,20:576:640:176:288:32:16:22:220:1:20:0:11:11:2:1:1:1:1:38:1:1:20,,1,numeric_signed_axes_full_v3,0.0497951984406,0.0496812009811048,0.04978320121771,within_noise,within_noise,1
net_log30:template_v2_bl1_fix_04:rank60,net_log30,Ascend910B3,20,8.1.RC1+toolkit-7.7.0.1.225,template_v2_bl1_fix_04,21504,640,176,bf16,1,1,searched,calibration_template_probe,20:256:640:176:256:32:16:22:220:1:20:0:11:11:2:2:1:1:1:0:0:0:1020,,1,numeric_signed_axes_full_v3,0.0500992012024,0.0496812009810966,0.0497832012177052,within_noise,within_noise,1
net_log30:template_v2_bl1_fix_04:rank61,net_log30,Ascend910B3,20,8.1.RC1+toolkit-7.7.0.1.225,template_v2_bl1_fix_04,21504,640,176,bf16,1,1,searched,calibration_template_probe,20:384:640:176:384:48:32:6:84:1:14:0:6:6:2:2:1:1:1:0:0:0:1020,,1,numeric_signed_axes_full_v3,0.0496787977219,0.0496812009809347,0.0497832012176678,within_noise,within_noise,1
net_log30:template_v2_bl1_fix_04:rank62,net_log30,Ascend910B3,20,8.1.RC1+toolkit-7.7.0.1.225,template_v2_bl1_fix_04,21504,640,176,bf16,1,1,searched,calibration_template_probe,20:768:640:176:768:16:16:11:440:1:40:0:11:11:2:2:1:1:1:0:0:0:1020,,1,numeric_signed_axes_full_v3,0.0496152019501,0.0496812009813346,0.0497832012178873,within_noise,within_noise,1
net_log30:template_v2_bl1_fix_04:rank63,net_log30,Ascend910B3,20,8.1.RC1+toolkit-7.7.0.1.225,template_v2_bl1_fix_04,21504,640,176,bf16,1,1,searched,calibration_template_probe,20:512:640:176:512:48:16:11:154:1:14:0:11:11:2:2:1:1:1:0:0:0:1020,,1,numeric_signed_axes_full_v3,0.0497688007355,0.049681200981118,0.0497832012175523,within_noise,within_noise,1
net_log30:template_v2_bl1_fix_04:rank64,net_log30,Ascend910B3,20,8.1.RC1+toolkit-7.7.0.1.225,template_v2_bl1_fix_04,21504,640,176,bf16,1,1,searched,calibration_template_probe,20:256:640:176:256:32:32:12:120:1:20:0:6:6:2:2:1:1:1:0:0:0:1020,,1,numeric_signed_axes_full_v3,0.0496320009232,0.049681200981286,0.0497832012176777,within_noise,within_noise,1
net_log30:template_v2_bl1_fix_04:rank65,net_log30,Ascend910B3,20,8.1.RC1+toolkit-7.7.0.1.225,template_v2_bl1_fix_04,21504,640,176,bf16,1,1,searched,calibration_template_probe,20:256:640:176:256:96:16:22:77:1:7:0:11:11:2:2:1:1:1:0:0:0:1020,,1,numeric_signed_axes_full_v3,0.0495179986954,0.0497508001326245,0.0499828004835118,within_noise,within_noise,1
net_log30:template_v2_bl1_fix_04:rank66,net_log30,Ascend910B3,20,8.1.RC1+toolkit-7.7.0.1.225,template_v2_bl1_fix_04,21504,640,176,bf16,1,1,searched,calibration_template_probe,20:256:640:176:256:128:16:22:55:1:5:0:11:11:2:2:1:1:1:0:0:0:1020,,1,numeric_signed_axes_full_v3,0.0497495985031,0.0497508001330124,0.0499828004838698,within_noise,within_noise,1
net_log30:template_v2_bl1_fix_04:rank67,net_log30,Ascend910B3,20,8.1.RC1+toolkit-7.7.0.1.225,template_v2_bl1_fix_04,21504,640,176,bf16,1,1,searched,calibration_template_probe,20:384:640:176:384:16:32:6:240:1:40:0:6:6:2:2:1:1:1:0:0:0:1020,,1,numeric_signed_axes_full_v3,0.0500523996353,0.0497508001328178,0.0499828004837067,within_noise,within_noise,1
net_log30:template_v2_bl1_fix_04:rank68,net_log30,Ascend910B3,20,8.1.RC1+toolkit-7.7.0.1.225,template_v2_bl1_fix_04,21504,640,176,bf16,1,1,searched,calibration_template_probe,20:512:640:176:512:16:16:11:440:1:40:0:11:11:2:2:1:1:1:0:0:0:1020,,1,numeric_signed_axes_full_v3,0.0496275997162,0.049750800132744,0.0499828004835351,within_noise,within_noise,1
net_log30:template_v2_bl1_fix_04:rank69,net_log30,Ascend910B3,20,8.1.RC1+toolkit-7.7.0.1.225,template_v2_bl1_fix_04,21504,640,176,bf16,1,1,searched,calibration_template_probe,20:768:640:176:768:32:16:11:220:1:20:0:11:11:2:2:1:1:1:0:0:0:1020,,1,numeric_signed_axes_full_v3,0.0497047996521,0.0497508001329654,0.0499828004838454,within_noise,within_noise,1
net_log30:template_v2_bl1_fix_04:rank70,net_log30,Ascend910B3,20,8.1.RC1+toolkit-7.7.0.1.225,template_v2_bl1_fix_04,21504,640,176,bf16,1,1,searched,calibration_template_probe,20:512:640:176:512:32:16:11:220:1:20:0:11:11:2:2:1:1:1:0:0:0:1020,,1,numeric_signed_axes_full_v3,0.0500063991547,0.0497508001327824,0.0499828004837056,within_noise,within_noise,1
net_log30:template_v2_bl1_fix_04:rank71,net_log30,Ascend910B3,20,8.1.RC1+toolkit-7.7.0.1.225,template_v2_bl1_fix_04,21504,640,176,bf16,1,1,searched,calibration_template_probe,20:384:640:176:384:32:32:6:120:1:20:0:6:6:2:2:1:1:1:0:0:0:1020,,1,numeric_signed_axes_full_v3,0.0497384023666,0.0497508001329204,0.0499828004835442,within_noise,within_noise,1
net_log30:template_v2_bl1_fix_04:rank72,net_log30,Ascend910B3,20,8.1.RC1+toolkit-7.7.0.1.225,template_v2_bl1_fix_04,21504,640,176,bf16,1,1,searched,calibration_template_probe,20:384:640:176:384:80:32:6:48:1:8:0:6:6:2:2:1:1:1:0:0:0:1020,,1,numeric_signed_axes_full_v3,0.0501955986023,0.0497508001327808,0.04998280048368,within_noise,within_noise,1
net_log30:template_v2_bl1_fix_04:rank73,net_log30,Ascend910B3,20,8.1.RC1+toolkit-7.7.0.1.225,template_v2_bl1_fix_04,21504,640,176,bf16,1,1,searched,calibration_template_probe,20:512:640:176:512:64:16:11:110:1:10:0:11:11:2:2:1:1:1:0:0:0:1020,,1,numeric_signed_axes_full_v3,0.0496916007996,0.0496816015243932,0.0500144004820047,within_noise,within_noise,1
net_log30:template_v2_bl1_fix_04:rank74,net_log30,Ascend910B3,20,8.1.RC1+toolkit-7.7.0.1.225,template_v2_bl1_fix_04,21504,640,176,bf16,1,1,searched,calibration_template_probe,20:256:640:176:256:64:16:22:110:1:10:0:11:11:2:2:1:1:1:0:0:0:1020,,1,numeric_signed_axes_full_v3,0.0500619983673,0.0496816015243793,0.0500144004822188,within_noise,within_noise,1
net_log30:template_v2_bl1_fix_05:rank1,net_log30,Ascend910B3,20,8.1.RC1+toolkit-7.7.0.1.225,template_v2_bl1_fix_05,21760,656,192,fp16,0,0,searched,calibration_template_probe,20:544:656:192:272:32:16:24:252:1:21:1:12:12:1:2:1:1:1:40:1:1:20,,1,numeric_signed_axes_full_v3,0.0892831993103,0.0892144012451146,0.0892947959898887,within_noise,within_noise,1
net_log30:template_v2_bl1_fix_05:rank2,net_log30,Ascend910B3,20,8.1.RC1+toolkit-7.7.0.1.225,template_v2_bl1_fix_05,21760,656,192,fp16,0,0,searched,calibration_template_probe,20:640:656:192:320:48:16:24:168:1:14:0:12:12:2:2:2:1:1:34:1:1:20,,1,numeric_signed_axes_full_v3,0.0892720031738,0.0892144012451423,0.0892947959900603,within_noise,within_noise,1
net_log30:template_v2_bl1_fix_05:rank3,net_log30,Ascend910B3,20,8.1.RC1+toolkit-7.7.0.1.225,template_v2_bl1_fix_05,21760,656,192,fp16,0,0,searched,calibration_template_probe,20:288:656:192:144:448:16:24:24:1:2:0:12:12:1:1:1:1:1:76:1:1:20,,1,numeric_signed_axes_full_v3,0.0892763996124,0.0892144012451208,0.0892947959903312,within_noise,within_noise,1
net_log30:template_v2_bl1_fix_05:rank4,net_log30,Ascend910B3,20,8.1.RC1+toolkit-7.7.0.1.225,template_v2_bl1_fix_05,21760,656,192,fp16,0,0,searched,calibration_template_probe,20:576:656:192:288:128:48:8:24:1:6:1:4:4:2:1:1:1:1:38:1:1:20,,1,numeric_signed_axes_full_v3,0.0892908000946,0.089214401245142,0.0892947959900546,within_noise,within_noise,1
net_log30:template_v2_bl1_fix_05:rank5,net_log30,Ascend910B3,20,8.1.RC1+toolkit-7.7.0.1.225,template_v2_bl1_fix_05,21760,656,192,fp16,0,0,searched,calibration_template_probe,20:416:656:192:208:128:16:24:72:1:6:0:12:12:2:1:1:1:1:53:1:1:20,,1,numeric_signed_axes_full_v3,0.089259595871,0.0892144012451256,0.0892947959897784,within_noise,within_noise,1
net_log30:template_v2_bl1_fix_05:rank6,net_log30,Ascend910B3,20,8.1.RC1+toolkit-7.7.0.1.225,template_v2_bl1_fix_05,21760,656,192,fp16,0,0,searched,calibration_template_probe,20:416:656:192:208:48:32:12:84:1:14:1:6:6:2:2:2:1:1:53:1:1:20,,1,numeric_signed_axes_full_v3,0.0893208026886,0.0892144012451325,0.0892947959900074,within_noise,within_noise,1
net_log30:template_v2_bl1_fix_05:rank7,net_log30,Ascend910B3,20,8.1.RC1+toolkit-7.7.0.1.225,template_v2_bl1_fix_05,21760,656,192,fp16,0,0,searched,calibration_template_probe,20:576:656:192:288:144:16:24:60:1:5:0:12:12:1:2:1:1:1:38:1:1:20,,1,numeric_signed_axes_full_v3,0.0892527961731,0.0892144012451227,0.0892947959899192,within_noise,within_noise,1
net_log30:template_v2_bl1_fix_05:rank8,net_log30,Ascend910B3,20,8.1.RC1+toolkit-7.7.0.1.225,template_v2_bl1_fix_05,21760,656,192,fp16,0,0,searched,calibration_template_probe,20:640:656:192:320:16:16:24:492:1:41:1:12:12:2:1:1:1:1:34:1:1:20,,1,numeric_signed_axes_full_v3,0.089270401001,0.0892144012451336,0.0892947959904343,within_noise,within_noise,1
net_log30:template_v2_bl1_fix_05:rank9,net_log30,Ascend910B3,20,8.1.RC1+toolkit-7.7.0.1.225,template_v2_bl1_fix_05,21760,656,192,fp16,0,0,searched,calibration_template_probe,20:384:656:192:192:272:32:12:18:1:3:1:6:6:1:2:1:1:1:57:1:1:20,,1,numeric_signed_axes_full_v3,0.0892632007599,0.089247598648113,0.0892947959902134,within_noise,within_noise,1
net_log30:template_v2_bl1_fix_05:rank10,net_log30,Ascend910B3,20,8.1.RC1+toolkit-7.7.0.1.225,template_v2_bl1_fix_05,21760,656,192,fp16,0,0,searched,calibration_template_probe,20:640:656:192:320:16:16:24:492:1:41:0:12:12:2:2:2:1:1:34:1:1:20,,1,numeric_signed_axes_full_v3,0.0893035984039,0.0892475986481156,0.0892947959900395,within_noise,within_noise,1
net_log30:template_v2_bl1_fix_05:rank11,net_log30,Ascend910B3,20,8.1.RC1+toolkit-7.7.0.1.225,template_v2_bl1_fix_05,21760,656,192,fp16,0,0,searched,calibration_template_probe,20:384:656:192:192:304:16:24:36:1:3:0:12:12:2:2:1:1:1:57:1:1:20,,1,numeric_signed_axes_full_v3,0.0893080043793,0.0892475986480984,0.0892947959899826,within_noise,within_noise,1
net_log30:template_v2_bl1_fix_05:rank12,net_log30,Ascend910B3,20,8.1.RC1+toolkit-7.7.0.1.225,template_v2_bl1_fix_05,21760,656,192,fp16,0,0,searched,calibration_template_probe,20:640:656:192:320:112:32:12:36:1:6:1:6:6:1:1:1:1:1:34:1:1:20,,1,numeric_signed_axes_full_v3,0.0892959976196,0.0892475986481136,0.0892947959899702,within_noise,within_noise,1
net_log30:template_v2_bl1_fix_05:rank13,net_log30,Ascend910B3,20,8.1.RC1+toolkit-7.7.0.1.225,template_v2_bl1_fix_05,21760,656,192,fp16,0,0,searched,calibration_template_probe,20:384:656:192:192:16:16:24:492:1:41:0:12:12:2:2:1:1:1:57:1:1:20,,1,numeric_signed_axes_full_v3,0.0892656040192,0.0892475986481424,0.0892947959899871,within_noise,within_noise,1
net_log30:template_v2_bl1_fix_05:rank14,net_log30,Ascend910B3,20,8.1.RC1+toolkit-7.7.0.1.225,template_v2_bl1_fix_05,21760,656,192,fp16,0,0,searched,calibration_template_probe,20:384:656:192:192:176:32:12:24:1:4:1:6:6:1:1:1:1:1:57:1:1:20,,1,numeric_signed_axes_full_v3,0.0893120002747,0.0892475986481004,0.0892947959900357,within_noise,within_noise,1
net_log30:template_v2_bl1_fix_05:rank15,net_log30,Ascend910B3,20,8.1.RC1+toolkit-7.7.0.1.225,template_v2_bl1_fix_05,21760,656,192,fp16,0,0,searched,calibration_template_probe,20:576:656:192:288:192:32:12:24:1:4:0:6:6:1:1:1:1:1:38:1:1:20,,1,numeric_signed_axes_full_v3,0.0892543983459,0.0892475986480813,0.0892947959897757,within_noise,within_noise,1
net_log30:template_v2_bl1_fix_05:rank16,net_log30,Ascend910B3,20,8.1.RC1+toolkit-7.7.0.1.225,template_v2_bl1_fix_05,21760,656,192,fp16,0,0,searched,calibration_template_probe,20:320:656:192:160:80:16:24:108:1:9:0:12:12:2:2:2:1:1:68:1:1:20,,1,numeric_signed_axes_full_v3,0.0893268013,0.0892475986481117,0.0892947959899949,within_noise,within_noise,1
net_log30:template_v2_bl1_fix_05:rank17,net_log30,Ascend910B3,20,8.1.RC1+toolkit-7.7.0.1.225,template_v2_bl1_fix_05,21760,656,192,fp16,0,0,searched,calibration_template_probe,20:544:656:192:272:176:16:24:48:1:4:1:12:12:2:2:1:1:1:40:1:1:20,,1,numeric_signed_axes_full_v3,0.0892451953888,0.089275197983163,0.0892584037776722,within_noise,within_noise,1
net_log30:template_v2_bl1_fix_05:rank18,net_log30,Ascend910B3,20,8.1.RC1+toolkit-7.7.0.1.225,template_v2_bl1_fix_05,21760,656,192,fp16,0,0,searched,calibration_template_probe,20:576:656:192:288:16:48:8:164:1:41:0:4:4:2:2:1:1:1:38:1:1:20,,1,numeric_signed_axes_full_v3,0.0892932033539,0.0892751979827979,0.0892584037780983,within_noise,within_noise,1
net_log30:template_v2_bl1_fix_05:rank19,net_log30,Ascend910B3,20,8.1.RC1+toolkit-7.7.0.1.225,template_v2_bl1_fix_05,21760,656,192,fp16,0,0,searched,calibration_template_probe,20:416:656:192:208:32:16:24:252:1:21:0:12:12:2:2:2:1:1:53:1:1:20,,1,numeric_signed_axes_full_v3,0.0892576026917,0.089275197983116,0.0892584037777916,within_noise,within_noise,1
net_log30:template_v2_bl1_fix_05:rank20,net_log30,Ascend910B3,20,8.1.RC1+toolkit-7.7.0.1.225,template_v2_bl1_fix_05,21760,656,192,fp16,0,0,searched,calibration_template_probe,20:320:656:192:160:320:16:24:36:1:3:1:12:12:2:2:1:1:1:68:1:1:20,,1,numeric_signed_axes_full_v3,0.0893192005157,0.0892751979827622,0.0892584037781352,within_noise,within_noise,1
net_log30:template_v2_bl1_fix_05:rank21,net_log30,Ascend910B3,20,8.1.RC1+toolkit-7.7.0.1.225,template_v2_bl1_fix_05,21760,656,192,fp16,0,0,searched,calibration_template_probe,20:384:656:192:192:272:16:24:36:1:3:1:12:12:2:1:1:1:1:57:1:1:20,,1,numeric_signed_axes_full_v3,0.0892387962341,0.0892751979830727,0.0892584037779466,within_noise,within_noise,1
net_log30:template_v2_bl1_fix_05:rank22,net_log30,Ascend910B3,20,8.1.RC1+toolkit-7.7.0.1.225,template_v2_bl1_fix_05,21760,656,192,fp16,0,0,searched,calibration_template_probe,20:576:656:192:288:48:16:24:168:1:14:1:12:12:2:2:2:1:1:38:1:1:20,,1,numeric_signed_axes_full_v3,0.0893111991882,0.0892751979827755,0.0892584037780582,within_noise,within_noise,1
net_log30:template_v2_bl1_fix_05:rank23,net_log30,Ascend910B3,20,8.1.RC1+toolkit-7.7.0.1.225,template_v2_bl1_fix_05,21760,656,192,fp16,0,0,searched,calibration_template_probe,20:384:656:192:192:192:16:24:48:1:4:0:12:12:1:1:1:1:1:57:1:1:20,,1,numeric_signed_axes_full_v3,0.0894139957428,0.0892751979827746,0.0892584037781013,within_noise,within_noise,1
net_log30:template_v2_bl1_fix_05:rank24,net_log30,Ascend910B3,20,8.1.RC1+toolkit-7.7.0.1.225,template_v2_bl1_fix_05,21760,656,192,fp16,0,0,searched,calibration_template_probe,20:384:656:192:192:80:32:12:54:1:9:1:6:6:2:2:2:1:1:57:1:1:20,,1,numeric_signed_axes_full_v3,0.0893171977997,0.0892751979828185,0.0892584037781007,within_noise,within_noise,1
net_log30:template_v2_bl1_fix_05:rank25,net_log30,Ascend910B3,20,8.1.RC1+toolkit-7.7.0.1.225,template_v2_bl1_fix_05,21760,656,192,fp16,0,0,searched,calibration_template_probe,20:544:656:192:272:48:48:8:56:1:14:0:4:4:2:1:1:1:1:40:1:1:20,,1,numeric_signed_axes_full_v3,0.0892479991913,0.0892463970183584,0.0892584037783795,within_noise,within_noise,1
net_log30:template_v2_bl1_fix_05:rank26,net_log30,Ascend910B3,20,8.1.RC1+toolkit-7.7.0.1.225,template_v2_bl1_fix_05,21760,656,192,fp16,0,0,searched,calibration_template_probe,20:576:656:192:288:192:16:24:48:1:4:1:12:12:1:2:1:1:1:38:1:1:20,,1,numeric_signed_axes_full_v3,0.0893432044983,0.0892463970183978,0.0892584037781209,within_noise,within_noise,1
net_log30:template_v2_bl1_fix_05:rank27,net_log30,Ascend910B3,20,8.1.RC1+toolkit-7.7.0.1.225,template_v2_bl1_fix_05,21760,656,192,fp16,0,0,searched,calibration_template_probe,20:544:656:192:272:32:16:24:252:1:21:0:12:12:2:1:1:1:1:40:1:1:20,,1,numeric_signed_axes_full_v3,0.0892603969574,0.0892463970184443,0.0892584037780916,within_noise,within_noise,1
net_log30:template_v2_bl1_fix_05:rank28,net_log30,Ascend910B3,20,8.1.RC1+toolkit-7.7.0.1.225,template_v2_bl1_fix_05,21760,656,192,fp16,0,0,searched,calibration_template_probe,20:384:656:192:192:304:32:12:18:1:3:0:6:6:1:2:1:1:1:57:1:1:20,,1,numeric_signed_axes_full_v3,0.0892712020874,0.0892463970183589,0.0892584037781107,within_noise,within_noise,1
net_log30:template_v2_bl1_fix_05:rank29,net_log30,Ascend910B3,20,8.1.RC1+toolkit-7.7.0.1.225,template_v2_bl1_fix_05,21760,656,192,fp16,0,0,searched,calibration_template_probe,20:384:656:192:192:192:16:24:48:1:4:1:12:12:2:2:1:1:1:57:1:1:20,,1,numeric_signed_axes_full_v3,0.0892720031738,0.0892463970183849,0.0892584037781295,within_noise,within_noise,1
net_log30:template_v2_bl1_fix_05:rank30,net_log30,Ascend910B3,20,8.1.RC1+toolkit-7.7.0.1.225,template_v2_bl1_fix_05,21760,656,192,fp16,0,0,searched,calibration_template_probe,20:544:656:192:272:176:32:12:24:1:4:1:6:6:1:1:1:1:1:40:1:1:20,,1,numeric_signed_axes_full_v3,0.0893435955048,0.0892463970183638,0.0892584037780999,within_noise,within_noise,1
net_log30:template_v2_bl1_fix_05:rank31,net_log30,Ascend910B3,20,8.1.RC1+toolkit-7.7.0.1.225,template_v2_bl1_fix_05,21760,656,192,fp16,0,0,searched,calibration_template_probe,20:576:656:192:288:16:16:24:492:1:41:0:12:12:1:2:1:1:1:38:1:1:20,,1,numeric_signed_axes_full_v3,0.089245595932,0.0892463970183182,0.0892584037780918,within_noise,within_noise,1
net_log30:template_v2_bl1_fix_05:rank32,net_log30,Ascend910B3,20,8.1.RC1+toolkit-7.7.0.1.225,template_v2_bl1_fix_05,21760,656,192,fp16,0,0,searched,calibration_template_probe,20:448:656:192:224:224:16:24:36:1:3:0:12:12:1:1:1:1:1:49:1:1:20,,1,numeric_signed_axes_full_v3,0.0893288040161,0.0892463970183814,0.0892584037781441,within_noise,within_noise,1
net_log30:template_v2_bl1_fix_05:rank33,net_log30,Ascend910B3,20,8.1.RC1+toolkit-7.7.0.1.225,template_v2_bl1_fix_05,21760,656,192,fp16,0,0,searched,calibration_template_probe,20:544:656:192:272:48:16:24:168:1:14:0:12:12:2:2:2:1:1:40:1:1:20,,1,numeric_signed_axes_full_v3,0.089240398407,0.0892463970180747,0.0893023967745038,within_noise,within_noise,1
net_log30:template_v2_bl1_fix_05:rank34,net_log30,Ascend910B3,20,8.1.RC1+toolkit-7.7.0.1.225,template_v2_bl1_fix_05,21760,656,192,fp16,0,0,searched,calibration_template_probe,20:448:656:192:224:224:16:24:36:1:3:1:12:12:2:2:1:1:1:49:1:1:20,,1,numeric_signed_axes_full_v3,0.0893132019043,0.0892463970183638,0.0893023967742885,within_noise,within_noise,1
net_log30:template_v2_bl1_fix_05:rank35,net_log30,Ascend910B3,20,8.1.RC1+toolkit-7.7.0.1.225,template_v2_bl1_fix_05,21760,656,192,fp16,0,0,searched,calibration_template_probe,20:384:656:192:192:272:16:24:36:1:3:0:12:12:1:1:1:1:1:57:1:1:20,,1,numeric_signed_axes_full_v3,0.0893171977997,0.0892463970184145,0.0893023967742565,within_noise,within_noise,1
net_log30:template_v2_bl1_fix_05:rank36,net_log30,Ascend910B3,20,8.1.RC1+toolkit-7.7.0.1.225,template_v2_bl1_fix_05,21760,656,192,fp16,0,0,searched,calibration_template_probe,20:288:656:192:144:448:16:24:24:1:2:1:12:12:2:2:1:1:1:76:1:1:20,,1,numeric_signed_axes_full_v3,0.089256401062,0.0892463970183801,0.0893023967741327,within_noise,within_noise,1
net_log30:template_v2_bl1_fix_05:rank37,net_log30,Ascend910B3,20,8.1.RC1+toolkit-7.7.0.1.225,template_v2_bl1_fix_05,21760,656,192,fp16,0,0,searched,calibration_template_probe,20:288:656:192:144:304:16:24:36:1:3:0:12:12:1:1:1:1:1:76:1:1:20,,1,numeric_signed_axes_full_v3,0.0892735958099,0.0892463970184381,0.08930239677441,within_noise,within_noise,1
net_log30:template_v2_bl1_fix_05:rank38,net_log30,Ascend910B3,20,8.1.RC1+toolkit-7.7.0.1.225,template_v2_bl1_fix_05,21760,656,192,fp16,0,0,searched,calibration_template_probe,20:416:656:192:208:64:32:12:66:1:11:0:6:6:2:2:2:1:1:53:1:1:20,,1,numeric_signed_axes_full_v3,0.0893019962311,0.0892463970183741,0.0893023967746646,within_noise,within_noise,1
net_log30:template_v2_bl1_fix_05:rank39,net_log30,Ascend910B3,20,8.1.RC1+toolkit-7.7.0.1.225,template_v2_bl1_fix_05,21760,656,192,fp16,0,0,searched,calibration_template_probe,20:576:656:192:288:192:16:24:48:1:4:0:12:12:2:2:1:1:1:38:1:1:20,,1,numeric_signed_axes_full_v3,0.0892127990723,0.0892463970183489,0.0893023967746411,within_noise,within_noise,1
net_log30:template_v2_bl1_fix_05:rank40,net_log30,Ascend910B3,20,8.1.RC1+toolkit-7.7.0.1.225,template_v2_bl1_fix_05,21760,656,192,fp16,0,0,searched,calibration_template_probe,20:416:656:192:208:48:16:24:168:1:14:0:12:12:2:2:2:1:1:53:1:1:20,,1,numeric_signed_axes_full_v3,0.0893072032928,0.0892463970184427,0.0893023967742962,within_noise,within_noise,1
net_log30:template_v2_bl1_fix_05:rank41,net_log30,Ascend910B3,20,8.1.RC1+toolkit-7.7.0.1.225,template_v2_bl1_fix_05,21760,656,192,fp16,0,0,searched,calibration_template_probe,20:640:656:192:320:112:16:24:72:1:6:0:12:12:1:2:1:1:1:34:1:1:20,,1,numeric_signed_axes_full_v3,0.0892504024506,0.0892479991912686,0.089295597076533,within_noise,within_noise,1
net_log30:template_v2_bl1_fix_05:rank42,net_log30,Ascend910B3,20,8.1.RC1+toolkit-7.7.0.1.225,template_v2_bl1_fix_05,21760,656,192,fp16,0,0,searched,calibration_template_probe,20:448:656:192:224:224:16:24:36:1:3:0:12:12:1:2:1:1:1:49:1:1:20,,1,numeric_signed_axes_full_v3,0.0892984008789,0.089247999191296,0.0892955970763683,within_noise,within_noise,1
net_log30:template_v2_bl1_fix_05:rank43,net_log30,Ascend910B3,20,8.1.RC1+toolkit-7.7.0.1.225,template_v2_bl1_fix_05,21760,656,192,fp16,0,0,searched,calibration_template_probe,20:576:656:192:288:192:16:24:48:1:4:0:12:12:2:1:1:1:1:38:1:1:20,,1,numeric_signed_axes_full_v3,0.0892800045013,0.0892479991912822,0.0892955970764189,within_noise,within_noise,1
net_log30:template_v2_bl1_fix_05:rank44,net_log30,Ascend910B3,20,8.1.RC1+toolkit-7.7.0.1.225,template_v2_bl1_fix_05,21760,656,192,fp16,0,0,searched,calibration_template_probe,20:640:656:192:320:16:16:24:492:1:41:1:12:12:2:2:1:1:1:34:1:1:20,,1,numeric_signed_axes_full_v3,0.0892803955078,0.0892479991912558,0.089295597076291,within_noise,within_noise,1
net_log30:template_v2_bl1_fix_05:rank45,net_log30,Ascend910B3,20,8.1.RC1+toolkit-7.7.0.1.225,template_v2_bl1_fix_05,21760,656,192,fp16,0,0,searched,calibration_template_probe,20:416:656:192:208:64:16:24:132:1:11:1:12:12:2:2:2:1:1:53:1:1:20,,1,numeric_signed_axes_full_v3,0.0892267990112,0.0892479991915729,0.0892955970767121,within_noise,within_noise,1
net_log30:template_v2_bl1_fix_05:rank46,net_log30,Ascend910B3,20,8.1.RC1+toolkit-7.7.0.1.225,template_v2_bl1_fix_05,21760,656,192,fp16,0,0,searched,calibration_template_probe,20:416:656:192:208:304:16:24:36:1:3:0:12:12:1:1:1:1:1:53:1:1:20,,1,numeric_signed_axes_full_v3,0.0892712020874,0.0892479991912977,0.0892955970761407,within_noise,within_noise,1
net_log30:template_v2_bl1_fix_05:rank47,net_log30,Ascend910B3,20,8.1.RC1+toolkit-7.7.0.1.225,template_v2_bl1_fix_05,21760,656,192,fp16,0,0,searched,calibration_template_probe,20:544:656:192:272:176:16:24:48:1:4:0:12:12:1:1:1:1:1:40:1:1:20,,1,numeric_signed_axes_full_v3,0.0892292022705,0.0892479991916367,0.0892955970765669,within_noise,within_noise,1
net_log30:template_v2_bl1_fix_05:rank48,net_log30,Ascend910B3,20,8.1.RC1+toolkit-7.7.0.1.225,template_v2_bl1_fix_05,21760,656,192,fp16,0,0,searched,calibration_template_probe,20:576:656:192:288:96:16:24:84:1:7:0:12:12:2:1:1:1:1:38:1:1:20,,1,numeric_signed_axes_full_v3,0.0892695999146,0.0892479991913229,0.0892955970762247,within_noise,within_noise,1
net_log30:template_v2_bl1_fix_05:rank49,net_log30,Ascend910B3,20,8.1.RC1+toolkit-7.7.0.1.225,template_v2_bl1_fix_05,21760,656,192,fp16,0,0,searched,calibration_template_probe,20:640:656:192:320:144:32:12:30:1:5:1:6:6:1:1:1:1:1:34:1:1:20,,1,numeric_signed_axes_full_v3,0.0892179965973,0.0892479991909895,0.0892955970760391,within_noise,within_noise,1
net_log30:template_v2_bl1_fix_05:rank50,net_log30,Ascend910B3,20,8.1.RC1+toolkit-7.7.0.1.225,template_v2_bl1_fix_05,21760,656,192,fp16,0,0,searched,calibration_template_probe,20:608:656:192:304:16:16:24:492:1:41:1:12:12:1:2:1:1:1:36:1:1:20,,1,numeric_signed_axes_full_v3,0.0894027996063,0.0892479991912648,0.08929559707638,within_noise,within_noise,1
net_log30:template_v2_bl1_fix_05:rank51,net_log30,Ascend910B3,20,8.1.RC1+toolkit-7.7.0.1.225,template_v2_bl1_fix_05,21760,656,192,fp16,0,0,searched,calibration_template_probe,20:320:656:192:160:64:16:24:132:1:11:0:12:12:2:2:2:1:1:68:1:1:20,,1,numeric_signed_axes_full_v3,0.0892383956909,0.0892479991915079,0.0892955970759783,within_noise,within_noise,1
net_log30:template_v2_bl1_fix_05:rank52,net_log30,Ascend910B3,20,8.1.RC1+toolkit-7.7.0.1.225,template_v2_bl1_fix_05,21760,656,192,fp16,0,0,searched,calibration_template_probe,20:384:656:192:192:64:16:24:132:1:11:0:12:12:2:2:2:1:1:57:1:1:20,,1,numeric_signed_axes_full_v3,0.0893208026886,0.0892479991912849,0.0892955970763992,within_noise,within_noise,1
net_log30:template_v2_bl1_fix_05:rank53,net_log30,Ascend910B3,20,8.1.RC1+toolkit-7.7.0.1.225,template_v2_bl1_fix_05,21760,656,192,fp16,0,0,searched,calibration_template_probe,20:384:656:192:192:64:32:12:66:1:11:1:6:6:2:2:2:1:1:57:1:1:20,,1,numeric_signed_axes_full_v3,0.0892792034149,0.0892479991913362,0.0892955970765011,within_noise,within_noise,1
net_log30:template_v2_bl1_fix_05:rank54,net_log30,Ascend910B3,20,8.1.RC1+toolkit-7.7.0.1.225,template_v2_bl1_fix_05,21760,656,192,fp16,0,0,searched,calibration_template_probe,20:576:656:192:288:48:32:12:84:1:14:0:6:6:2:2:2:1:1:38:1:1:20,,1,numeric_signed_axes_full_v3,0.0893655967712,0.0892479991913439,0.0892955970763719,within_noise,within_noise,1
net_log30:template_v2_bl1_fix_05:rank55,net_log30,Ascend910B3,20,8.1.RC1+toolkit-7.7.0.1.225,template_v2_bl1_fix_05,21760,656,192,fp16,0,0,searched,calibration_template_probe,20:608:656:192:304:80:48:8:36:1:9:1:4:4:2:1:1:1:1:36:1:1:20,,1,numeric_signed_axes_full_v3,0.0892380046844,0.0892479991910048,0.0892955970766299,within_noise,within_noise,1
net_log30:template_v2_bl1_fix_05:rank56,net_log30,Ascend910B3,20,8.1.RC1+toolkit-7.7.0.1.225,template_v2_bl1_fix_05,21760,656,192,fp16,0,0,searched,calibration_template_probe,20:384:656:192:192:48:16:24:168:1:14:0:12:12:2:2:2:1:1:57:1:1:20,,1,numeric_signed_axes_full_v3,0.0893616008759,0.0892479991913108,0.0892955970763712,within_noise,within_noise,1
net_log30:template_v2_bl1_fix_05:rank57,net_log30,Ascend910B3,20,8.1.RC1+toolkit-7.7.0.1.225,template_v2_bl1_fix_05,21760,656,192,fp16,0,0,searched,calibration_template_probe,20:416:656:192:208:192:16:24:48:1:4:1:12:12:2:2:1:1:1:53:1:1:20,,1,numeric_signed_axes_full_v3,0.0892504024506,0.0892724037172488,0.0892263984680203,within_noise,within_noise,1
net_log30:template_v2_bl1_fix_05:rank58,net_log30,Ascend910B3,20,8.1.RC1+toolkit-7.7.0.1.225,template_v2_bl1_fix_05,21760,656,192,fp16,0,0,searched,calibration_template_probe,20:384:656:192:192:32:16:24:252:1:21:0:12:12:2:2:2:1:1:57:1:1:20,,1,numeric_signed_axes_full_v3,0.0892656040192,0.0892724037167895,0.0892263984679904,within_noise,within_noise,1
net_log30:template_v2_bl1_fix_05:rank59,net_log30,Ascend910B3,20,8.1.RC1+toolkit-7.7.0.1.225,template_v2_bl1_fix_05,21760,656,192,fp16,0,0,searched,calibration_template_probe,20:576:656:192:288:176:48:8:16:1:4:1:4:4:2:1:1:1:1:38:1:1:20,,1,numeric_signed_axes_full_v3,0.0892679977417,0.0892724037172695,0.0892263984680434,within_noise,within_noise,1
net_log30:template_v2_bl1_fix_05:rank60,net_log30,Ascend910B3,20,8.1.RC1+toolkit-7.7.0.1.225,template_v2_bl1_fix_05,21760,656,192,fp16,0,0,searched,calibration_template_probe,20:256:656:192:256:128:16:12:72:1:6:0:12:12:2:2:1:1:1:0:0:0:1020,,1,numeric_signed_axes_full_v3,0.0893187999725,0.0892724037170007,0.0892263984680353,within_noise,within_noise,1
net_log30:template_v2_bl1_fix_05:rank61,net_log30,Ascend910B3,20,8.1.RC1+toolkit-7.7.0.1.225,template_v2_bl1_fix_05,21760,656,192,fp16,0,0,searched,calibration_template_probe,20:256:656:192:256:32:16:24:252:1:21:0:12:12:2:2:1:1:1:0:0:0:1020,,1,numeric_signed_axes_full_v3,0.0901447963715,0.089272403717012,0.0892263984680213,within_noise,within_noise,1
net_log30:template_v2_bl1_fix_05:rank62,net_log30,Ascend910B3,20,8.1.RC1+toolkit-7.7.0.1.225,template_v2_bl1_fix_05,21760,656,192,fp16,0,0,searched,calibration_template_probe,20:192:656:192:192:32:64:6:63:1:21:0:3:3:2:2:1:1:1:0:0:0:1020,,1,numeric_signed_axes_full_v3,0.0894036006927,0.0892724037170294,0.0892263984679728,within_noise,within_noise,1
net_log30:template_v2_bl1_fix_05:rank63,net_log30,Ascend910B3,20,8.1.RC1+toolkit-7.7.0.1.225,template_v2_bl1_fix_05,21760,656,192,fp16,0,0,searched,calibration_template_probe,20:256:656:192:256:128:32:12:36:1:6:0:6:6:2:2:1:1:1:0:0:0:1020,,1,numeric_signed_axes_full_v3,0.0893152046204,0.0892724037170325,0.089226398467967,within_noise,within_noise,1
net_log30:template_v2_bl1_fix_05:rank64,net_log30,Ascend910B3,20,8.1.RC1+toolkit-7.7.0.1.225,template_v2_bl1_fix_05,21760,656,192,fp16,0,0,searched,calibration_template_probe,20:384:656:192:384:16:32:6:246:1:41:0:6:6:2:2:1:1:1:0:0:0:1020,,1,numeric_signed_axes_full_v3,0.0892327976227,0.0892724037168198,0.0892263984679609,within_noise,within_noise,1
net_log30:template_v2_bl1_fix_05:rank65,net_log30,Ascend910B3,20,8.1.RC1+toolkit-7.7.0.1.225,template_v2_bl1_fix_05,21760,656,192,fp16,0,0,searched,calibration_template_probe,20:384:656:192:384:80:32:6:54:1:9:0:6:6:2:2:1:1:1:0:0:0:1020,,1,numeric_signed_axes_full_v3,0.0893655967712,0.0893004035949853,0.0892263984679794,within_noise,within_noise,1
net_log30:template_v2_bl1_fix_05:rank66,net_log30,Ascend910B3,20,8.1.RC1+toolkit-7.7.0.1.225,template_v2_bl1_fix_05,21760,656,192,fp16,0,0,searched,calibration_template_probe,20:256:656:192:256:32:32:12:126:1:21:0:6:6:2:2:1:1:1:0:0:0:1020,,1,numeric_signed_axes_full_v3,0.0892331981659,0.0893004035949605,0.0892263984679716,within_noise,within_noise,1
net_log30:template_v2_bl1_fix_05:rank67,net_log30,Ascend910B3,20,8.1.RC1+toolkit-7.7.0.1.225,template_v2_bl1_fix_05,21760,656,192,fp16,0,0,searched,calibration_template_probe,20:256:656:192:256:96:16:24:84:1:7:0:12:12:2:2:1:1:1:0:0:0:1020,,1,numeric_signed_axes_full_v3,0.0893387985229,0.0893004035949928,0.0892263984680335,within_noise,within_noise,1
net_log30:template_v2_bl1_fix_05:rank68,net_log30,Ascend910B3,20,8.1.RC1+toolkit-7.7.0.1.225,template_v2_bl1_fix_05,21760,656,192,fp16,0,0,searched,calibration_template_probe,20:256:656:192:256:128:16:24:72:1:6:0:12:12:2:2:1:1:1:0:0:0:1020,,1,numeric_signed_axes_full_v3,0.0892835998535,0.0893004035948361,0.0892263984679762,within_noise,within_noise,1
net_log30:template_v2_bl1_fix_05:rank69,net_log30,Ascend910B3,20,8.1.RC1+toolkit-7.7.0.1.225,template_v2_bl1_fix_05,21760,656,192,fp16,0,0,searched,calibration_template_probe,20:256:656:192:256:128:32:6:36:1:6:0:6:6:2:2:1:1:1:0:0:0:1020,,1,numeric_signed_axes_full_v3,0.0893311977386,0.0893004035949557,0.0892263984679779,within_noise,within_noise,1
net_log30:template_v2_bl1_fix_05:rank70,net_log30,Ascend910B3,20,8.1.RC1+toolkit-7.7.0.1.225,template_v2_bl1_fix_05,21760,656,192,fp16,0,0,searched,calibration_template_probe,20:384:656:192:384:32:32:6:126:1:21:0:6:6:2:2:1:1:1:0:0:0:1020,,1,numeric_signed_axes_full_v3,0.0893027973175,0.0893004035950432,0.089226398467997,within_noise,within_noise,1
net_log30:template_v2_bl1_fix_05:rank71,net_log30,Ascend910B3,20,8.1.RC1+toolkit-7.7.0.1.225,template_v2_bl1_fix_05,21760,656,192,fp16,0,0,searched,calibration_template_probe,20:256:656:192:256:96:32:12:42:1:7:0:6:6:2:2:1:1:1:0:0:0:1020,,1,numeric_signed_axes_full_v3,0.0893251991272,0.0893004035950169,0.0892263984679831,within_noise,within_noise,1
net_log30:template_v2_bl1_fix_05:rank72,net_log30,Ascend910B3,20,8.1.RC1+toolkit-7.7.0.1.225,template_v2_bl1_fix_05,21760,656,192,fp16,0,0,searched,calibration_template_probe,20:256:656:192:256:64:16:24:132:1:11:0:12:12:2:2:1:1:1:0:0:0:1020,,1,numeric_signed_axes_full_v3,0.089275598526,0.0893004035948182,0.0892263984679693,within_noise,within_noise,1
net_log30:template_v2_bl1_fix_05:rank73,net_log30,Ascend910B3,20,8.1.RC1+toolkit-7.7.0.1.225,template_v2_bl1_fix_05,21760,656,192,fp16,0,0,searched,calibration_template_probe,20:256:656:192:256:64:32:12:66:1:11:0:6:6:2:2:1:1:1:0:0:0:1020,,1,numeric_signed_axes_full_v3,0.0893363952637,0.0893004035950023,0.0892739963530614,within_noise,within_noise,1
net_log30:template_v2_bl1_fix_05:rank74,net_log30,Ascend910B3,20,8.1.RC1+toolkit-7.7.0.1.225,template_v2_bl1_fix_05,21760,656,192,fp16,0,0,searched,calibration_template_probe,20:384:656:192:384:48:32:6:84:1:14:0:6:6:2:2:1:1:1:0:0:0:1020,,1,numeric_signed_axes_full_v3,0.0892488002777,0.0893004035948751,0.0892739963528331,within_noise,within_noise,1
net_log30:template_v2_bl1_fix_06:rank1,net_log30,Ascend910B3,20,8.1.RC1+toolkit-7.7.0.1.225,template_v2_bl1_fix_06,22016,672,208,bf16,0,1,searched,calibration_template_probe,20:416:672:208:208:16:16:26:546:1:42:1:13:13:1:1:1:1:1:53:1:1:20,,1,numeric_signed_axes_full_v3,0.363590812683,0.0823824024200231,0.0837524032593831,regressed,regressed,1
net_log30:template_v2_bl1_fix_06:rank2,net_log30,Ascend910B3,20,8.1.RC1+toolkit-7.7.0.1.225,template_v2_bl1_fix_06,22016,672,208,bf16,0,1,searched,calibration_template_probe,20:256:672:208:128:128:16:26:78:1:6:0:13:13:2:2:2:1:1:86:1:1:20,,1,numeric_signed_axes_full_v3,0.127854795456,0.0823824024200026,0.0837524032592747,regressed,regressed,1
net_log30:template_v2_bl1_fix_06:rank3,net_log30,Ascend910B3,20,8.1.RC1+toolkit-7.7.0.1.225,template_v2_bl1_fix_06,22016,672,208,bf16,0,1,searched,calibration_template_probe,20:576:672:208:288:96:16:26:91:1:7:0:13:13:2:2:1:1:1:39:1:1:20,,1,numeric_signed_axes_full_v3,0.110688400269,0.0823824024199891,0.083752403259318,regressed,regressed,1
net_log30:template_v2_bl1_fix_06:rank4,net_log30,Ascend910B3,20,8.1.RC1+toolkit-7.7.0.1.225,template_v2_bl1_fix_06,22016,672,208,bf16,0,1,searched,calibration_template_probe,20:480:672:208:240:240:16:26:39:1:3:1:13:13:1:2:1:1:1:46:1:1:20,,0,runtime_rejected,,,,runtime_rejected,runtime_rejected,0
net_log30:template_v2_bl1_fix_06:rank5,net_log30,Ascend910B3,20,8.1.RC1+toolkit-7.7.0.1.225,template_v2_bl1_fix_06,22016,672,208,bf16,0,1,searched,calibration_template_probe,20:224:672:208:112:384:16:26:26:1:2:0:13:13:1:1:1:1:1:99:1:1:20,,0,runtime_rejected,,,,runtime_rejected,runtime_rejected,0
net_log30:template_v2_bl1_fix_06:rank6,net_log30,Ascend910B3,20,8.1.RC1+toolkit-7.7.0.1.225,template_v2_bl1_fix_06,22016,672,208,bf16,0,1,searched,calibration_template_probe,20:288:672:208:144:48:16:26:182:1:14:1:13:13:2:2:2:1:1:77:1:1:20,,1,numeric_signed_axes_full_v3,0.150696001053,0.0823824024200259,0.083752403259256,regressed,regressed,1
net_log30:template_v2_bl1_fix_06:rank7,net_log30,Ascend910B3,20,8.1.RC1+toolkit-7.7.0.1.225,template_v2_bl1_fix_06,22016,672,208,bf16,0,1,searched,calibration_template_probe,20:480:672:208:240:224:16:26:39:1:3:0:13:13:2:1:1:1:1:46:1:1:20,,0,runtime_rejected,,,,runtime_rejected,runtime_rejected,0
net_log30:template_v2_bl1_fix_06:rank8,net_log30,Ascend910B3,20,8.1.RC1+toolkit-7.7.0.1.225,template_v2_bl1_fix_06,22016,672,208,bf16,0,1,searched,calibration_template_probe,20:576:672:208:288:48:16:26:182:1:14:1:13:13:2:2:2:1:1:39:1:1:20,,1,numeric_signed_axes_full_v3,0.141565198898,0.0823824024200623,0.0837524032592981,regressed,regressed,1
net_log30:template_v2_bl1_fix_06:rank9,net_log30,Ascend910B3,20,8.1.RC1+toolkit-7.7.0.1.225,template_v2_bl1_fix_06,22016,672,208,bf16,0,1,searched,calibration_template_probe,20:224:672:208:112:288:16:26:39:1:3:0:13:13:2:2:1:1:1:99:1:1:20,,1,numeric_signed_axes_full_v3,0.113844003677,0.0823824024200369,0.0837524032593417,regressed,regressed,1
net_log30:template_v2_bl1_fix_06:rank10,net_log30,Ascend910B3,20,8.1.RC1+toolkit-7.7.0.1.225,template_v2_bl1_fix_06,22016,672,208,bf16,0,1,searched,calibration_template_probe,20:288:672:208:144:448:16:26:26:1:2:1:13:13:2:2:1:1:1:77:1:1:20,,0,runtime_rejected,,,,runtime_rejected,runtime_rejected,0
net_log30:template_v2_bl1_fix_06:rank11,net_log30,Ascend910B3,20,8.1.RC1+toolkit-7.7.0.1.225,template_v2_bl1_fix_06,22016,672,208,bf16,0,1,searched,calibration_template_probe,20:416:672:208:208:64:16:26:143:1:11:0:13:13:2:1:1:1:1:53:1:1:20,,1,numeric_signed_axes_full_v3,0.189932003021,0.0823824024200357,0.0837524032592701,regressed,regressed,1
net_log30:template_v2_bl1_fix_06:rank12,net_log30,Ascend910B3,20,8.1.RC1+toolkit-7.7.0.1.225,template_v2_bl1_fix_06,22016,672,208,bf16,0,1,searched,calibration_template_probe,20:576:672:208:288:48:16:26:182:1:14:1:13:13:1:2:1:1:1:39:1:1:20,,1,numeric_signed_axes_full_v3,0.188657608032,0.0823824024199126,0.0837524032593782,regressed,regressed,1
net_log30:template_v2_bl1_fix_06:rank13,net_log30,Ascend910B3,20,8.1.RC1+toolkit-7.7.0.1.225,template_v2_bl1_fix_06,22016,672,208,bf16,0,1,searched,calibration_template_probe,20:480:672:208:240:48:16:26:182:1:14:0:13:13:2:2:2:1:1:46:1:1:20,,1,numeric_signed_axes_full_v3,0.172569999695,0.082382402420063,0.083752403259359,regressed,regressed,1
net_log30:template_v2_bl1_fix_06:rank14,net_log30,Ascend910B3,20,8.1.RC1+toolkit-7.7.0.1.225,template_v2_bl1_fix_06,22016,672,208,bf16,0,1,searched,calibration_template_probe,20:288:672:208:144:16:16:26:546:1:42:0:13:13:2:2:2:1:1:77:1:1:20,,1,numeric_signed_axes_full_v3,0.357350006104,0.0823824024199101,0.083752403259255,regressed,regressed,1
net_log30:template_v2_bl1_fix_06:rank15,net_log30,Ascend910B3,20,8.1.RC1+toolkit-7.7.0.1.225,template_v2_bl1_fix_06,22016,672,208,bf16,0,1,searched,calibration_template_probe,20:288:672:208:144:224:16:26:39:1:3:1:13:13:1:2:1:1:1:77:1:1:20,,1,numeric_signed_axes_full_v3,0.140645198822,0.0823824024199683,0.0837524032592405,regressed,regressed,1
net_log30:template_v2_bl1_fix_06:rank16,net_log30,Ascend910B3,20,8.1.RC1+toolkit-7.7.0.1.225,template_v2_bl1_fix_06,22016,672,208,bf16,0,1,searched,calibration_template_probe,20:288:672:208:144:96:16:26:91:1:7:1:13:13:2:2:2:1:1:77:1:1:20,,1,numeric_signed_axes_full_v3,0.12493519783,0.0823824024200068,0.0837524032592758,regressed,regressed,1
net_log30:template_v2_bl1_fix_06:rank17,net_log30,Ascend910B3,20,8.1.RC1+toolkit-7.7.0.1.225,template_v2_bl1_fix_06,22016,672,208,bf16,0,1,searched,calibration_template_probe,20:288:672:208:144:224:16:26:39:1:3:0:13:13:2:1:1:1:1:77:1:1:20,,1,numeric_signed_axes_full_v3,0.140607204437,0.0831760025023821,0.0834696006774858,regressed,regressed,1
net_log30:template_v2_bl1_fix_06:rank18,net_log30,Ascend910B3,20,8.1.RC1+toolkit-7.7.0.1.225,template_v2_bl1_fix_06,22016,672,208,bf16,0,1,searched,calibration_template_probe,20:224:672:208:112:384:16:26:26:1:2:1:13:13:2:2:1:1:1:99:1:1:20,,0,runtime_rejected,,,,runtime_rejected,runtime_rejected,0
net_log30:template_v2_bl1_fix_06:rank19,net_log30,Ascend910B3,20,8.1.RC1+toolkit-7.7.0.1.225,template_v2_bl1_fix_06,22016,672,208,bf16,0,1,searched,calibration_template_probe,20:288:672:208:144:448:16:26:26:1:2:0:13:13:1:1:1:1:1:77:1:1:20,,0,runtime_rejected,,,,runtime_rejected,runtime_rejected,0
net_log30:template_v2_bl1_fix_06:rank20,net_log30,Ascend910B3,20,8.1.RC1+toolkit-7.7.0.1.225,template_v2_bl1_fix_06,22016,672,208,bf16,0,1,searched,calibration_template_probe,20:448:672:208:224:224:16:26:39:1:3:1:13:13:2:2:1:1:1:50:1:1:20,,0,runtime_rejected,,,,runtime_rejected,runtime_rejected,0
net_log30:template_v2_bl1_fix_06:rank21,net_log30,Ascend910B3,20,8.1.RC1+toolkit-7.7.0.1.225,template_v2_bl1_fix_06,22016,672,208,bf16,0,1,searched,calibration_template_probe,20:224:672:208:112:80:16:26:117:1:9:0:13:13:2:2:2:1:1:99:1:1:20,,1,numeric_signed_axes_full_v3,0.131603603363,0.0831760025024564,0.0834696006775494,regressed,regressed,1
net_log30:template_v2_bl1_fix_06:rank22,net_log30,Ascend910B3,20,8.1.RC1+toolkit-7.7.0.1.225,template_v2_bl1_fix_06,22016,672,208,bf16,0,1,searched,calibration_template_probe,20:416:672:208:208:32:16:26:273:1:21:0:13:13:2:2:2:1:1:53:1:1:20,,1,numeric_signed_axes_full_v3,0.158889198303,0.083176002502325,0.0834696006775712,regressed,regressed,1
net_log30:template_v2_bl1_fix_06:rank23,net_log30,Ascend910B3,20,8.1.RC1+toolkit-7.7.0.1.225,template_v2_bl1_fix_06,22016,672,208,bf16,0,1,searched,calibration_template_probe,20:416:672:208:208:128:16:26:78:1:6:1:13:13:1:1:1:1:1:53:1:1:20,,1,numeric_signed_axes_full_v3,0.153510799408,0.0831760025024238,0.0834696006774381,regressed,regressed,1
net_log30:template_v2_bl1_fix_06:rank24,net_log30,Ascend910B3,20,8.1.RC1+toolkit-7.7.0.1.225,template_v2_bl1_fix_06,22016,672,208,bf16,0,1,searched,calibration_template_probe,20:416:672:208:208:192:16:26:52:1:4:0:13:13:1:1:1:1:1:53:1:1:20,,0,runtime_rejected,,,,runtime_rejected,runtime_rejected,0
net_log30:template_v2_bl1_fix_06:rank25,net_log30,Ascend910B3,20,8.1.RC1+toolkit-7.7.0.1.225,template_v2_bl1_fix_06,22016,672,208,bf16,0,1,searched,calibration_template_probe,20:416:672:208:208:16:16:26:546:1:42:1:13:13:2:2:2:1:1:53:1:1:20,,1,numeric_signed_axes_full_v3,0.284273605347,0.0833675956726518,0.0834696006775551,regressed,regressed,1
net_log30:template_v2_bl1_fix_06:rank26,net_log30,Ascend910B3,20,8.1.RC1+toolkit-7.7.0.1.225,template_v2_bl1_fix_06,22016,672,208,bf16,0,1,searched,calibration_template_probe,20:384:672:208:192:16:16:26:546:1:42:0:13:13:2:2:1:1:1:58:1:1:20,,1,numeric_signed_axes_full_v3,0.276829605103,0.0833675956725663,0.0834696006775106,regressed,regressed,1
net_log30:template_v2_bl1_fix_06:rank27,net_log30,Ascend910B3,20,8.1.RC1+toolkit-7.7.0.1.225,template_v2_bl1_fix_06,22016,672,208,bf16,0,1,searched,calibration_template_probe,20:576:672:208:288:32:16:26:273:1:21:0:13:13:2:1:1:1:1:39:1:1:20,,1,numeric_signed_axes_full_v3,0.223634796143,0.0833675956726637,0.0834696006774228,regressed,regressed,1
net_log30:template_v2_bl1_fix_06:rank28,net_log30,Ascend910B3,20,8.1.RC1+toolkit-7.7.0.1.225,template_v2_bl1_fix_06,22016,672,208,bf16,0,1,searched,calibration_template_probe,20:320:672:208:160:368:16:26:26:1:2:0:13:13:2:1:1:1:1:69:1:1:20,,0,runtime_rejected,,,,runtime_rejected,runtime_rejected,0
net_log30:template_v2_bl1_fix_06:rank29,net_log30,Ascend910B3,20,8.1.RC1+toolkit-7.7.0.1.225,template_v2_bl1_fix_06,22016,672,208,bf16,0,1,searched,calibration_template_probe,20:384:672:208:192:16:16:26:546:1:42:0:13:13:1:1:1:1:1:58:1:1:20,,1,numeric_signed_axes_full_v3,0.362543182373,0.0833675956724484,0.0834696006775862,regressed,regressed,1
net_log30:template_v2_bl1_fix_06:rank30,net_log30,Ascend910B3,20,8.1.RC1+toolkit-7.7.0.1.225,template_v2_bl1_fix_06,22016,672,208,bf16,0,1,searched,calibration_template_probe,20:576:672:208:288:16:16:26:546:1:42:0:13:13:1:2:1:1:1:39:1:1:20,,1,numeric_signed_axes_full_v3,0.293877601624,0.0833675956727158,0.0834696006775783,regressed,regressed,1
net_log30:template_v2_bl1_fix_06:rank31,net_log30,Ascend910B3,20,8.1.RC1+toolkit-7.7.0.1.225,template_v2_bl1_fix_06,22016,672,208,bf16,0,1,searched,calibration_template_probe,20:384:672:208:192:64:16:26:143:1:11:0:13:13:2:2:2:1:1:58:1:1:20,,1,numeric_signed_axes_full_v3,0.133208799362,0.0833675956725696,0.0834696006775381,regressed,regressed,1
net_log30:template_v2_bl1_fix_06:rank32,net_log30,Ascend910B3,20,8.1.RC1+toolkit-7.7.0.1.225,template_v2_bl1_fix_06,22016,672,208,bf16,0,1,searched,calibration_template_probe,20:256:672:208:128:96:16:26:91:1:7:0:13:13:2:2:2:1:1:86:1:1:20,,1,numeric_signed_axes_full_v3,0.135087604523,0.0833675956725777,0.0834696006774931,regressed,regressed,1
net_log30:template_v2_bl1_fix_06:rank33,net_log30,Ascend910B3,20,8.1.RC1+toolkit-7.7.0.1.225,template_v2_bl1_fix_06,22016,672,208,bf16,0,1,searched,calibration_template_probe,20:416:672:208:208:64:16:26:143:1:11:1:13:13:2:2:2:1:1:53:1:1:20,,1,numeric_signed_axes_full_v3,0.138317604065,0.0835811996460502,0.0838588047027788,regressed,regressed,1
net_log30:template_v2_bl1_fix_06:rank34,net_log30,Ascend910B3,20,8.1.RC1+toolkit-7.7.0.1.225,template_v2_bl1_fix_06,22016,672,208,bf16,0,1,searched,calibration_template_probe,20:448:672:208:224:224:16:26:39:1:3:0:13:13:1:1:1:1:1:50:1:1:20,,0,runtime_rejected,,,,runtime_rejected,runtime_rejected,0
net_log30:template_v2_bl1_fix_06:rank35,net_log30,Ascend910B3,20,8.1.RC1+toolkit-7.7.0.1.225,template_v2_bl1_fix_06,22016,672,208,bf16,0,1,searched,calibration_template_probe,20:576:672:208:288:96:16:26:91:1:7:1:13:13:1:2:1:1:1:39:1:1:20,,1,numeric_signed_axes_full_v3,0.144458398819,0.0835811996460714,0.0838588047027526,regressed,regressed,1
net_log30:template_v2_bl1_fix_06:rank36,net_log30,Ascend910B3,20,8.1.RC1+toolkit-7.7.0.1.225,template_v2_bl1_fix_06,22016,672,208,bf16,0,1,searched,calibration_template_probe,20:256:672:208:128:304:16:26:39:1:3:0:13:13:1:1:1:1:1:86:1:1:20,,0,runtime_rejected,,,,runtime_rejected,runtime_rejected,0
net_log30:template_v2_bl1_fix_06:rank37,net_log30,Ascend910B3,20,8.1.RC1+toolkit-7.7.0.1.225,template_v2_bl1_fix_06,22016,672,208,bf16,0,1,searched,calibration_template_probe,20:576:672:208:288:48:16:26:182:1:14:1:13:13:1:1:1:1:1:39:1:1:20,,1,numeric_signed_axes_full_v3,0.18926279068,0.0835811996460585,0.0838588047027889,regressed,regressed,1
net_log30:template_v2_bl1_fix_06:rank38,net_log30,Ascend910B3,20,8.1.RC1+toolkit-7.7.0.1.225,template_v2_bl1_fix_06,22016,672,208,bf16,0,1,searched,calibration_template_probe,20:320:672:208:160:32:16:26:273:1:21:0:13:13:2:2:2:1:1:69:1:1:20,,1,numeric_signed_axes_full_v3,0.199282398224,0.0835811996459463,0.0838588047028338,regressed,regressed,1
net_log30:template_v2_bl1_fix_06:rank39,net_log30,Ascend910B3,20,8.1.RC1+toolkit-7.7.0.1.225,template_v2_bl1_fix_06,22016,672,208,bf16,0,1,searched,calibration_template_probe,20:384:672:208:192:48:16:26:182:1:14:0:13:13:2:2:2:1:1:58:1:1:20,,1,numeric_signed_axes_full_v3,0.135123996735,0.083581199646057,0.083858804702807,regressed,regressed,1
net_log30:template_v2_bl1_fix_06:rank40,net_log30,Ascend910B3,20,8.1.RC1+toolkit-7.7.0.1.225,template_v2_bl1_fix_06,22016,672,208,bf16,0,1,searched,calibration_template_probe,20:256:672:208:128:384:16:26:26:1:2:1:13:13:2:2:1:1:1:86:1:1:20,,0,runtime_rejected,,,,runtime_rejected,runtime_rejected,0
net_log30:template_v2_bl1_fix_06:rank41,net_log30,Ascend910B3,20,8.1.RC1+toolkit-7.7.0.1.225,template_v2_bl1_fix_06,22016,672,208,bf16,0,1,searched,calibration_template_probe,20:320:672:208:160:96:16:26:91:1:7:0:13:13:2:2:2:1:1:69:1:1:20,,1,numeric_signed_axes_full_v3,0.128812799454,0.0835811996459793,0.0838459968566633,regressed,regressed,1
net_log30:template_v2_bl1_fix_06:rank42,net_log30,Ascend910B3,20,8.1.RC1+toolkit-7.7.0.1.225,template_v2_bl1_fix_06,22016,672,208,bf16,0,1,searched,calibration_template_probe,20:192:672:208:96:160:16:26:65:1:5:0:13:13:2:2:2:1:1:115:1:1:20,,1,numeric_signed_axes_full_v3,0.130685596466,0.0835811996459981,0.0838459968567191,regressed,regressed,1
net_log30:template_v2_bl1_fix_06:rank43,net_log30,Ascend910B3,20,8.1.RC1+toolkit-7.7.0.1.225,template_v2_bl1_fix_06,22016,672,208,bf16,0,1,searched,calibration_template_probe,20:224:672:208:112:128:16:26:78:1:6:1:13:13:2:2:2:1:1:99:1:1:20,,1,numeric_signed_axes_full_v3,0.122086801529,0.0835811996460331,0.0838459968566567,regressed,regressed,1
net_log30:template_v2_bl1_fix_06:rank44,net_log30,Ascend910B3,20,8.1.RC1+toolkit-7.7.0.1.225,template_v2_bl1_fix_06,22016,672,208,bf16,0,1,searched,calibration_template_probe,20:416:672:208:208:96:16:26:91:1:7:1:13:13:1:1:1:1:1:53:1:1:20,,1,numeric_signed_axes_full_v3,0.155677204132,0.0835811996460169,0.0838459968567662,regressed,regressed,1
net_log30:template_v2_bl1_fix_06:rank45,net_log30,Ascend910B3,20,8.1.RC1+toolkit-7.7.0.1.225,template_v2_bl1_fix_06,22016,672,208,bf16,0,1,searched,calibration_template_probe,20:576:672:208:288:96:16:26:91:1:7:0:13:13:2:1:1:1:1:39:1:1:20,,1,numeric_signed_axes_full_v3,0.14565320015,0.0835811996459923,0.0838459968566824,regressed,regressed,1
net_log30:template_v2_bl1_fix_06:rank46,net_log30,Ascend910B3,20,8.1.RC1+toolkit-7.7.0.1.225,template_v2_bl1_fix_06,22016,672,208,bf16,0,1,searched,calibration_template_probe,20:288:672:208:144:304:16:26:39:1:3:0:13:13:1:1:1:1:1:77:1:1:20,,0,runtime_rejected,,,,runtime_rejected,runtime_rejected,0
net_log30:template_v2_bl1_fix_06:rank47,net_log30,Ascend910B3,20,8.1.RC1+toolkit-7.7.0.1.225,template_v2_bl1_fix_06,22016,672,208,bf16,0,1,searched,calibration_template_probe,20:224:672:208:112:112:16:26:78:1:6:0:13:13:2:2:2:1:1:99:1:1:20,,1,numeric_signed_axes_full_v3,0.128265600204,0.0835811996460578,0.0838459968567577,regressed,regressed,1
net_log30:template_v2_bl1_fix_06:rank48,net_log30,Ascend910B3,20,8.1.RC1+toolkit-7.7.0.1.225,template_v2_bl1_fix_06,22016,672,208,bf16,0,1,searched,calibration_template_probe,20:288:672:208:144:80:16:26:117:1:9:0:13:13:2:2:2:1:1:77:1:1:20,,1,numeric_signed_axes_full_v3,0.141395597458,0.083581199645937,0.083845996856633,regressed,regressed,1
net_log30:template_v2_bl1_fix_06:rank49,net_log30,Ascend910B3,20,8.1.RC1+toolkit-7.7.0.1.225,template_v2_bl1_fix_06,22016,672,208,bf16,0,1,searched,calibration_template_probe,20:288:672:208:144:112:16:26:78:1:6:0:13:13:2:2:2:1:1:77:1:1:20,,1,numeric_signed_axes_full_v3,0.124368801117,0.0835836029052591,0.0838459968566575,regressed,regressed,1
net_log30:template_v2_bl1_fix_06:rank50,net_log30,Ascend910B3,20,8.1.RC1+toolkit-7.7.0.1.225,template_v2_bl1_fix_06,22016,672,208,bf16,0,1,searched,calibration_template_probe,20:192:672:208:96:384:16:26:26:1:2:1:13:13:2:2:1:1:1:115:1:1:20,,0,runtime_rejected,,,,runtime_rejected,runtime_rejected,0
net_log30:template_v2_bl1_fix_06:rank51,net_log30,Ascend910B3,20,8.1.RC1+toolkit-7.7.0.1.225,template_v2_bl1_fix_06,22016,672,208,bf16,0,1,searched,calibration_template_probe,20:192:672:208:96:384:16:26:26:1:2:0:13:13:1:1:1:1:1:115:1:1:20,,0,runtime_rejected,,,,runtime_rejected,runtime_rejected,0
net_log30:template_v2_bl1_fix_06:rank52,net_log30,Ascend910B3,20,8.1.RC1+toolkit-7.7.0.1.225,template_v2_bl1_fix_06,22016,672,208,bf16,0,1,searched,calibration_template_probe,20:416:672:208:208:32:16:26:273:1:21:0:13:13:1:1:1:1:1:53:1:1:20,,1,numeric_signed_axes_full_v3,0.221086406708,0.0835836029052955,0.0838459968567963,regressed,regressed,1
net_log30:template_v2_bl1_fix_06:rank53,net_log30,Ascend910B3,20,8.1.RC1+toolkit-7.7.0.1.225,template_v2_bl1_fix_06,22016,672,208,bf16,0,1,searched,calibration_template_probe,20:416:672:208:208:48:16:26:182:1:14:0:13:13:2:2:2:1:1:53:1:1:20,,1,numeric_signed_axes_full_v3,0.141033601761,0.083583602905271,0.0838459968566822,regressed,regressed,1
net_log30:template_v2_bl1_fix_06:rank54,net_log30,Ascend910B3,20,8.1.RC1+toolkit-7.7.0.1.225,template_v2_bl1_fix_06,22016,672,208,bf16,0,1,searched,calibration_template_probe,20:288:672:208:144:176:16:26:52:1:4:0:13:13:2:1:1:1:1:77:1:1:20,,1,numeric_signed_axes_full_v3,0.162871608734,0.0835836029052626,0.0838459968567564,regressed,regressed,1
net_log30:template_v2_bl1_fix_06:rank55,net_log30,Ascend910B3,20,8.1.RC1+toolkit-7.7.0.1.225,template_v2_bl1_fix_06,22016,672,208,bf16,0,1,searched,calibration_template_probe,20:416:672:208:208:96:16:26:91:1:7:0:13:13:2:1:1:1:1:53:1:1:20,,1,numeric_signed_axes_full_v3,0.156118803024,0.0835836029052678,0.0838459968566794,regressed,regressed,1
net_log30:template_v2_bl1_fix_06:rank56,net_log30,Ascend910B3,20,8.1.RC1+toolkit-7.7.0.1.225,template_v2_bl1_fix_06,22016,672,208,bf16,0,1,searched,calibration_template_probe,20:384:672:208:192:32:16:26:273:1:21:0:13:13:2:2:2:1:1:58:1:1:20,,1,numeric_signed_axes_full_v3,0.159985599518,0.0835836029053695,0.0838459968567576,regressed,regressed,1
net_log30:template_v2_bl1_fix_06:rank57,net_log30,Ascend910B3,20,8.1.RC1+toolkit-7.7.0.1.225,template_v2_bl1_fix_06,22016,672,208,bf16,0,1,searched,calibration_template_probe,20:416:672:208:208:16:16:26:546:1:42:0:13:13:2:2:1:1:1:53:1:1:20,,1,numeric_signed_axes_full_v3,0.276947994232,0.0816464042663482,0.0836460018157366,regressed,regressed,1
net_log30:template_v2_bl1_fix_06:rank58,net_log30,Ascend910B3,20,8.1.RC1+toolkit-7.7.0.1.225,template_v2_bl1_fix_06,22016,672,208,bf16,0,1,searched,calibration_template_probe,20:384:672:208:192:16:16:26:546:1:42:1:13:13:2:2:2:1:1:58:1:1:20,,1,numeric_signed_axes_full_v3,0.283746795654,0.0816464042663552,0.0836460018158313,regressed,regressed,1
net_log30:template_v2_bl1_fix_06:rank59,net_log30,Ascend910B3,20,8.1.RC1+toolkit-7.7.0.1.225,template_v2_bl1_fix_06,22016,672,208,bf16,0,1,searched,calibration_template_probe,20:416:672:208:208:48:16:26:182:1:14:1:13:13:1:1:1:1:1:53:1:1:20,,1,numeric_signed_axes_full_v3,0.235031204224,0.0816464042664218,0.0836460018157003,regressed,regressed,1
net_log30:template_v2_bl1_fix_06:rank60,net_log30,Ascend910B3,20,8.1.RC1+toolkit-7.7.0.1.225,template_v2_bl1_fix_06,22016,672,208,bf16,0,1,searched,calibration_template_probe,20:576:672:208:288:32:16:26:273:1:21:0:13:13:1:2:1:1:1:39:1:1:20,,1,numeric_signed_axes_full_v3,0.224512805939,0.08164640426645,0.0836460018157631,regressed,regressed,1
net_log30:template_v2_bl1_fix_06:rank61,net_log30,Ascend910B3,20,8.1.RC1+toolkit-7.7.0.1.225,template_v2_bl1_fix_06,22016,672,208,bf16,0,1,searched,calibration_template_probe,20:384:672:208:192:32:16:26:273:1:21:0:13:13:2:2:1:1:1:58:1:1:20,,1,numeric_signed_axes_full_v3,0.160658397675,0.0816464042663668,0.0836460018157899,regressed,regressed,1
net_log30:template_v2_bl1_fix_06:rank62,net_log30,Ascend910B3,20,8.1.RC1+toolkit-7.7.0.1.225,template_v2_bl1_fix_06,22016,672,208,bf16,0,1,searched,calibration_template_probe,20:256:672:208:256:32:16:13:273:1:21:0:13:13:2:2:1:1:1:0:0:0:1020,,0,runtime_rejected,,,,runtime_rejected,runtime_rejected,0
net_log30:template_v2_bl1_fix_06:rank63,net_log30,Ascend910B3,20,8.1.RC1+toolkit-7.7.0.1.225,template_v2_bl1_fix_06,22016,672,208,bf16,0,1,searched,calibration_template_probe,20:384:672:208:384:80:32:7:63:1:9:0:7:7:2:2:1:1:1:0:0:0:1020,,0,runtime_rejected,,,,runtime_rejected,runtime_rejected,0
net_log30:template_v2_bl1_fix_06:rank64,net_log30,Ascend910B3,20,8.1.RC1+toolkit-7.7.0.1.225,template_v2_bl1_fix_06,22016,672,208,bf16,0,1,searched,calibration_template_probe,20:512:672:208:512:16:16:13:546:1:42:0:13:13:2:2:1:1:1:0:0:0:1020,,0,runtime_rejected,,,,runtime_rejected,runtime_rejected,0
net_log30:template_v2_bl1_fix_06:rank65,net_log30,Ascend910B3,20,8.1.RC1+toolkit-7.7.0.1.225,template_v2_bl1_fix_06,22016,672,208,bf16,0,1,searched,calibration_template_probe,20:256:672:208:256:64:16:26:143:1:11:0:13:13:2:2:1:1:1:0:0:0:1020,,0,runtime_rejected,,,,runtime_rejected,runtime_rejected,0
net_log30:template_v2_bl1_fix_06:rank66,net_log30,Ascend910B3,20,8.1.RC1+toolkit-7.7.0.1.225,template_v2_bl1_fix_06,22016,672,208,bf16,0,1,searched,calibration_template_probe,20:256:672:208:256:96:32:7:49:1:7:0:7:7:2:2:1:1:1:0:0:0:1020,,0,runtime_rejected,,,,runtime_rejected,runtime_rejected,0
net_log30:template_v2_bl1_fix_06:rank67,net_log30,Ascend910B3,20,8.1.RC1+toolkit-7.7.0.1.225,template_v2_bl1_fix_06,22016,672,208,bf16,0,1,searched,calibration_template_probe,20:256:672:208:256:128:16:13:78:1:6:0:13:13:2:2:1:1:1:0:0:0:1020,,0,runtime_rejected,,,,runtime_rejected,runtime_rejected,0
net_log30:template_v2_bl1_fix_06:rank68,net_log30,Ascend910B3,20,8.1.RC1+toolkit-7.7.0.1.225,template_v2_bl1_fix_06,22016,672,208,bf16,0,1,searched,calibration_template_probe,20:384:672:208:384:16:32:7:294:1:42:0:7:7:2:2:1:1:1:0:0:0:1020,,0,runtime_rejected,,,,runtime_rejected,runtime_rejected,0
net_log30:template_v2_bl1_fix_06:rank69,net_log30,Ascend910B3,20,8.1.RC1+toolkit-7.7.0.1.225,template_v2_bl1_fix_06,22016,672,208,bf16,0,1,searched,calibration_template_probe,20:256:672:208:256:96:16:26:91:1:7:0:13:13:2:2:1:1:1:0:0:0:1020,,0,runtime_rejected,,,,runtime_rejected,runtime_rejected,0
net_log30:template_v2_bl1_fix_06:rank70,net_log30,Ascend910B3,20,8.1.RC1+toolkit-7.7.0.1.225,template_v2_bl1_fix_06,22016,672,208,bf16,0,1,searched,calibration_template_probe,20:256:672:208:256:96:16:13:91:1:7:0:13:13:2:2:1:1:1:0:0:0:1020,,0,runtime_rejected,,,,runtime_rejected,runtime_rejected,0
net_log30:template_v2_bl1_fix_06:rank71,net_log30,Ascend910B3,20,8.1.RC1+toolkit-7.7.0.1.225,template_v2_bl1_fix_06,22016,672,208,bf16,0,1,searched,calibration_template_probe,20:512:672:208:512:64:16:13:143:1:11:0:13:13:2:2:1:1:1:0:0:0:1020,,0,runtime_rejected,,,,runtime_rejected,runtime_rejected,0
net_log30:template_v2_bl1_fix_06:rank72,net_log30,Ascend910B3,20,8.1.RC1+toolkit-7.7.0.1.225,template_v2_bl1_fix_06,22016,672,208,bf16,0,1,searched,calibration_template_probe,20:384:672:208:384:32:32:7:147:1:21:0:7:7:2:2:1:1:1:0:0:0:1020,,0,runtime_rejected,,,,runtime_rejected,runtime_rejected,0
net_log30:template_v2_bl1_fix_06:rank73,net_log30,Ascend910B3,20,8.1.RC1+toolkit-7.7.0.1.225,template_v2_bl1_fix_06,22016,672,208,bf16,0,1,searched,calibration_template_probe,20:256:672:208:256:32:32:7:147:1:21:0:7:7:2:2:1:1:1:0:0:0:1020,,0,runtime_rejected,,,,runtime_rejected,runtime_rejected,0
net_log30:template_v2_bl1_fix_06:rank74,net_log30,Ascend910B3,20,8.1.RC1+toolkit-7.7.0.1.225,template_v2_bl1_fix_06,22016,672,208,bf16,0,1,searched,calibration_template_probe,20:256:672:208:256:32:16:26:273:1:21:0:13:13:2:2:1:1:1:0:0:0:1020,,0,runtime_rejected,,,,runtime_rejected,runtime_rejected,0
net_log30:template_v2_bl1_fix_06:rank75,net_log30,Ascend910B3,20,8.1.RC1+toolkit-7.7.0.1.225,template_v2_bl1_fix_06,22016,672,208,bf16,0,1,searched,calibration_template_probe,20:512:672:208:512:32:16:13:273:1:21:0:13:13:2:2:1:1:1:0:0:0:1020,,0,runtime_rejected,,,,runtime_rejected,runtime_rejected,0
net_log30:template_v2_bl1_fix_06:rank76,net_log30,Ascend910B3,20,8.1.RC1+toolkit-7.7.0.1.225,template_v2_bl1_fix_06,22016,672,208,bf16,0,1,searched,calibration_template_probe,20:256:672:208:256:64:16:13:143:1:11:0:13:13:2:2:1:1:1:0:0:0:1020,,0,runtime_rejected,,,,runtime_rejected,runtime_rejected,0
net_log30:template_v2_bl1_fix_06:rank77,net_log30,Ascend910B3,20,8.1.RC1+toolkit-7.7.0.1.225,template_v2_bl1_fix_06,22016,672,208,bf16,0,1,searched,calibration_template_probe,20:512:672:208:512:48:16:13:182:1:14:0:13:13:2:2:1:1:1:0:0:0:1020,,0,runtime_rejected,,,,runtime_rejected,runtime_rejected,0
net_log30:template_v2_bl1_fix_07:rank1,net_log30,Ascend910B3,20,8.1.RC1+toolkit-7.7.0.1.225,template_v2_bl1_fix_07,22272,688,224,fp16,1,0,searched,calibration_template_probe,20:288:688:224:144:16:16:28:602:1:43:1:14:14:1:1:1:1:1:78:1:1:20,,1,numeric_signed_axes_full_v3,0.0946520042419,0.0946403980255393,0.0946039962769157,within_noise,within_noise,1
net_log30:template_v2_bl1_fix_07:rank2,net_log30,Ascend910B3,20,8.1.RC1+toolkit-7.7.0.1.225,template_v2_bl1_fix_07,22272,688,224,fp16,1,0,searched,calibration_template_probe,20:448:688:224:224:64:16:28:154:1:11:0:14:14:2:2:2:1:1:50:1:1:20,,1,numeric_signed_axes_full_v3,0.0946691989899,0.0946403980255366,0.0946039962769024,within_noise,within_noise,1
net_log30:template_v2_bl1_fix_07:rank3,net_log30,Ascend910B3,20,8.1.RC1+toolkit-7.7.0.1.225,template_v2_bl1_fix_07,22272,688,224,fp16,1,0,searched,calibration_template_probe,20:256:688:224:128:448:16:28:28:1:2:1:14:14:1:2:1:1:1:87:1:1:20,,1,numeric_signed_axes_full_v3,0.0946191978455,0.0946403980252151,0.0946039962769184,within_noise,within_noise,1
net_log30:template_v2_bl1_fix_07:rank4,net_log30,Ascend910B3,20,8.1.RC1+toolkit-7.7.0.1.225,template_v2_bl1_fix_07,22272,688,224,fp16,1,0,searched,calibration_template_probe,20:192:688:224:96:64:16:28:154:1:11:1:14:14:2:2:2:1:1:116:1:1:20,,1,numeric_signed_axes_full_v3,0.0946728038788,0.0946403980254996,0.0946039962769299,within_noise,within_noise,1
net_log30:template_v2_bl1_fix_07:rank5,net_log30,Ascend910B3,20,8.1.RC1+toolkit-7.7.0.1.225,template_v2_bl1_fix_07,22272,688,224,fp16,1,0,searched,calibration_template_probe,20:192:688:224:96:464:32:14:14:1:2:0:7:7:2:1:1:1:1:116:1:1:20,,1,numeric_signed_axes_full_v3,0.0946471977234,0.0946403980254722,0.0946039962769042,within_noise,within_noise,1
net_log30:template_v2_bl1_fix_07:rank6,net_log30,Ascend910B3,20,8.1.RC1+toolkit-7.7.0.1.225,template_v2_bl1_fix_07,22272,688,224,fp16,1,0,searched,calibration_template_probe,20:448:688:224:224:64:16:28:154:1:11:0:14:14:2:2:1:1:1:50:1:1:20,,1,numeric_signed_axes_full_v3,0.0946988010406,0.0946403980254658,0.0946039962769042,within_noise,within_noise,1
net_log30:template_v2_bl1_fix_07:rank7,net_log30,Ascend910B3,20,8.1.RC1+toolkit-7.7.0.1.225,template_v2_bl1_fix_07,22272,688,224,fp16,1,0,searched,calibration_template_probe,20:416:688:224:208:64:112:4:22:1:11:0:2:2:1:1:1:1:1:54:1:1:20,,1,numeric_signed_axes_full_v3,0.0947371959686,0.0946403980254604,0.0946039962769027,within_noise,within_noise,1
net_log30:template_v2_bl1_fix_07:rank8,net_log30,Ascend910B3,20,8.1.RC1+toolkit-7.7.0.1.225,template_v2_bl1_fix_07,22272,688,224,fp16,1,0,searched,calibration_template_probe,20:288:688:224:144:144:32:14:35:1:5:0:7:7:1:2:1:1:1:78:1:1:20,,1,numeric_signed_axes_full_v3,0.0946827983856,0.0946403980254732,0.0946039962769006,within_noise,within_noise,1
net_log30:template_v2_bl1_fix_07:rank9,net_log30,Ascend910B3,20,8.1.RC1+toolkit-7.7.0.1.225,template_v2_bl1_fix_07,22272,688,224,fp16,1,0,searched,calibration_template_probe,20:160:688:224:80:160:16:28:70:1:5:0:14:14:2:2:2:1:1:140:1:1:20,,1,numeric_signed_axes_full_v3,0.0946411991119,0.0946403980255397,0.0946039962769022,within_noise,within_noise,1
net_log30:template_v2_bl1_fix_07:rank10,net_log30,Ascend910B3,20,8.1.RC1+toolkit-7.7.0.1.225,template_v2_bl1_fix_07,22272,688,224,fp16,1,0,searched,calibration_template_probe,20:288:688:224:144:96:16:28:112:1:8:0:14:14:2:1:1:1:1:78:1:1:20,,1,numeric_signed_axes_full_v3,0.094667596817,0.0946403980254867,0.0946039962769104,within_noise,within_noise,1
net_log30:template_v2_bl1_fix_07:rank11,net_log30,Ascend910B3,20,8.1.RC1+toolkit-7.7.0.1.225,template_v2_bl1_fix_07,22272,688,224,fp16,1,0,searched,calibration_template_probe,20:448:688:224:224:16:16:28:602:1:43:0:14:14:1:1:1:1:1:50:1:1:20,,1,numeric_signed_axes_full_v3,0.094627199173,0.0946403980255027,0.0946039962768868,within_noise,within_noise,1
net_log30:template_v2_bl1_fix_07:rank12,net_log30,Ascend910B3,20,8.1.RC1+toolkit-7.7.0.1.225,template_v2_bl1_fix_07,22272,688,224,fp16,1,0,searched,calibration_template_probe,20:288:688:224:144:208:32:14:28:1:4:1:7:7:2:2:1:1:1:78:1:1:20,,1,numeric_signed_axes_full_v3,0.094762802124,0.0946403980255108,0.094603996276906,within_noise,within_noise,1
net_log30:template_v2_bl1_fix_07:rank13,net_log30,Ascend910B3,20,8.1.RC1+toolkit-7.7.0.1.225,template_v2_bl1_fix_07,22272,688,224,fp16,1,0,searched,calibration_template_probe,20:224:688:224:112:288:16:28:42:1:3:1:14:14:1:1:1:1:1:100:1:1:20,,1,numeric_signed_axes_full_v3,0.0946035957336,0.0946403980251851,0.09460399627671,within_noise,within_noise,1
net_log30:template_v2_bl1_fix_07:rank14,net_log30,Ascend910B3,20,8.1.RC1+toolkit-7.7.0.1.225,template_v2_bl1_fix_07,22272,688,224,fp16,1,0,searched,calibration_template_probe,20:384:688:224:192:64:48:10:55:1:11:1:5:5:2:2:2:1:1:58:1:1:20,,1,numeric_signed_axes_full_v3,0.0946020030975,0.094640398025242,0.0946039962765635,within_noise,within_noise,1
net_log30:template_v2_bl1_fix_07:rank15,net_log30,Ascend910B3,20,8.1.RC1+toolkit-7.7.0.1.225,template_v2_bl1_fix_07,22272,688,224,fp16,1,0,searched,calibration_template_probe,20:416:688:224:208:16:16:28:602:1:43:1:14:14:2:2:2:1:1:54:1:1:20,,1,numeric_signed_axes_full_v3,0.0947311973572,0.09464039802546,0.0946039962768995,within_noise,within_noise,1
net_log30:template_v2_bl1_fix_07:rank16,net_log30,Ascend910B3,20,8.1.RC1+toolkit-7.7.0.1.225,template_v2_bl1_fix_07,22272,688,224,fp16,1,0,searched,calibration_template_probe,20:416:688:224:208:240:16:28:42:1:3:1:14:14:1:1:1:1:1:54:1:1:20,,1,numeric_signed_axes_full_v3,0.0946399974823,0.0946403980252685,0.0946039962768748,within_noise,within_noise,1
net_log30:template_v2_bl1_fix_07:rank17,net_log30,Ascend910B3,20,8.1.RC1+toolkit-7.7.0.1.225,template_v2_bl1_fix_07,22272,688,224,fp16,1,0,searched,calibration_template_probe,20:352:688:224:176:256:16:28:42:1:3:0:14:14:1:2:1:1:1:64:1:1:20,,1,numeric_signed_axes_full_v3,0.0946300029755,0.0946603965757922,0.0946523952485003,within_noise,within_noise,1
net_log30:template_v2_bl1_fix_07:rank18,net_log30,Ascend910B3,20,8.1.RC1+toolkit-7.7.0.1.225,template_v2_bl1_fix_07,22272,688,224,fp16,1,0,searched,calibration_template_probe,20:416:688:224:208:16:32:14:301:1:43:0:7:7:2:2:2:1:1:54:1:1:20,,1,numeric_signed_axes_full_v3,0.0946720027924,0.0946603965759192,0.0946523952484349,within_noise,within_noise,1
net_log30:template_v2_bl1_fix_07:rank19,net_log30,Ascend910B3,20,8.1.RC1+toolkit-7.7.0.1.225,template_v2_bl1_fix_07,22272,688,224,fp16,1,0,searched,calibration_template_probe,20:448:688:224:224:64:16:28:154:1:11:1:14:14:1:2:1:1:1:50:1:1:20,,1,numeric_signed_axes_full_v3,0.0946720027924,0.0946603965759192,0.0946523952484349,within_noise,within_noise,1
net_log30:template_v2_bl1_fix_07:rank20,net_log30,Ascend910B3,20,8.1.RC1+toolkit-7.7.0.1.225,template_v2_bl1_fix_07,22272,688,224,fp16,1,0,searched,calibration_template_probe,20:224:688:224:112:464:16:28:28:1:2:0:14:14:1:1:1:1:1:100:1:1:20,,1,numeric_signed_axes_full_v3,0.0946804046631,0.0946603965758781,0.0946523952484018,within_noise,within_noise,1
net_log30:template_v2_bl1_fix_07:rank21,net_log30,Ascend910B3,20,8.1.RC1+toolkit-7.7.0.1.225,template_v2_bl1_fix_07,22272,688,224,fp16,1,0,searched,calibration_template_probe,20:448:688:224:224:16:32:14:301:1:43:1:7:7:2:2:1:1:1:50:1:1:20,,1,numeric_signed_axes_full_v3,0.0946179962158,0.0946603965760836,0.0946523952487579,within_noise,within_noise,1
net_log30:template_v2_bl1_fix_07:rank22,net_log30,Ascend910B3,20,8.1.RC1+toolkit-7.7.0.1.225,template_v2_bl1_fix_07,22272,688,224,fp16,1,0,searched,calibration_template_probe,20:224:688:224:112:64:32:14:77:1:11:0:7:7:2:2:2:1:1:100:1:1:20,,1,numeric_signed_axes_full_v3,0.0946523952484,0.094660396575996,0.0946523952484,within_noise,within_noise,1
net_log30:template_v2_bl1_fix_07:rank23,net_log30,Ascend910B3,20,8.1.RC1+toolkit-7.7.0.1.225,template_v2_bl1_fix_07,22272,688,224,fp16,1,0,searched,calibration_template_probe,20:192:688:224:96:272:16:28:42:1:3:1:14:14:1:2:1:1:1:116:1:1:20,,1,numeric_signed_axes_full_v3,0.0946487998962,0.0946603965757184,0.0946523952482286,within_noise,within_noise,1
net_log30:template_v2_bl1_fix_07:rank24,net_log30,Ascend910B3,20,8.1.RC1+toolkit-7.7.0.1.225,template_v2_bl1_fix_07,22272,688,224,fp16,1,0,searched,calibration_template_probe,20:224:688:224:112:112:32:14:49:1:7:1:7:7:2:2:2:1:1:100:1:1:20,,1,numeric_signed_axes_full_v3,0.0946512031555,0.0946603965757509,0.0946523952485968,within_noise,within_noise,1
net_log30:template_v2_bl1_fix_07:rank25,net_log30,Ascend910B3,20,8.1.RC1+toolkit-7.7.0.1.225,template_v2_bl1_fix_07,22272,688,224,fp16,1,0,searched,calibration_template_probe,20:160:688:224:80:384:32:14:14:1:2:1:7:7:1:2:1:1:1:140:1:1:20,,1,numeric_signed_axes_full_v3,0.0946700000763,0.094862403869358,0.0946664047241246,within_noise,within_noise,1
net_log30:template_v2_bl1_fix_07:rank26,net_log30,Ascend910B3,20,8.1.RC1+toolkit-7.7.0.1.225,template_v2_bl1_fix_07,22272,688,224,fp16,1,0,searched,calibration_template_probe,20:416:688:224:208:16:32:14:301:1:43:1:7:7:1:1:1:1:1:54:1:1:20,,1,numeric_signed_axes_full_v3,0.0946811962128,0.0948624038700198,0.0946664047240634,within_noise,within_noise,1
net_log30:template_v2_bl1_fix_07:rank27,net_log30,Ascend910B3,20,8.1.RC1+toolkit-7.7.0.1.225,template_v2_bl1_fix_07,22272,688,224,fp16,1,0,searched,calibration_template_probe,20:320:688:224:160:192:16:28:56:1:4:0:14:14:2:1:1:1:1:70:1:1:20,,1,numeric_signed_axes_full_v3,0.0946611976624,0.0948624038699167,0.0946664047240312,within_noise,within_noise,1
net_log30:template_v2_bl1_fix_07:rank28,net_log30,Ascend910B3,20,8.1.RC1+toolkit-7.7.0.1.225,template_v2_bl1_fix_07,22272,688,224,fp16,1,0,searched,calibration_template_probe,20:320:688:224:160:272:32:14:21:1:3:1:7:7:1:2:1:1:1:70:1:1:20,,1,numeric_signed_axes_full_v3,0.0945851993561,0.0948624038697587,0.0946664047242173,within_noise,within_noise,1
net_log30:template_v2_bl1_fix_07:rank29,net_log30,Ascend910B3,20,8.1.RC1+toolkit-7.7.0.1.225,template_v2_bl1_fix_07,22272,688,224,fp16,1,0,searched,calibration_template_probe,20:256:688:224:128:448:16:28:28:1:2:0:14:14:2:1:1:1:1:87:1:1:20,,1,numeric_signed_axes_full_v3,0.0946459960938,0.0948624038695194,0.0946664047244594,within_noise,within_noise,1
net_log30:template_v2_bl1_fix_07:rank30,net_log30,Ascend910B3,20,8.1.RC1+toolkit-7.7.0.1.225,template_v2_bl1_fix_07,22272,688,224,fp16,1,0,searched,calibration_template_probe,20:448:688:224:224:48:16:28:210:1:15:1:14:14:2:2:2:1:1:50:1:1:20,,1,numeric_signed_axes_full_v3,0.0946947956085,0.0948624038693,0.0946664047240546,within_noise,within_noise,1
net_log30:template_v2_bl1_fix_07:rank31,net_log30,Ascend910B3,20,8.1.RC1+toolkit-7.7.0.1.225,template_v2_bl1_fix_07,22272,688,224,fp16,1,0,searched,calibration_template_probe,20:288:688:224:144:288:32:14:21:1:3:0:7:7:1:2:1:1:1:78:1:1:20,,1,numeric_signed_axes_full_v3,0.0946695995331,0.0948624038695562,0.0946664047240887,within_noise,within_noise,1
net_log30:template_v2_bl1_fix_07:rank32,net_log30,Ascend910B3,20,8.1.RC1+toolkit-7.7.0.1.225,template_v2_bl1_fix_07,22272,688,224,fp16,1,0,searched,calibration_template_probe,20:448:688:224:224:32:16:28:308:1:22:0:14:14:1:2:1:1:1:50:1:1:20,,1,numeric_signed_axes_full_v3,0.0947124004364,0.0948624038695866,0.0946664047241232,within_noise,within_noise,1
net_log30:template_v2_bl1_fix_07:rank33,net_log30,Ascend910B3,20,8.1.RC1+toolkit-7.7.0.1.225,template_v2_bl1_fix_07,22272,688,224,fp16,1,0,searched,calibration_template_probe,20:448:688:224:224:32:32:14:154:1:22:0:7:7:2:2:1:1:1:50:1:1:20,,1,numeric_signed_axes_full_v3,0.0946467971802,0.0946912002565954,0.0946664047236895,within_noise,within_noise,1
net_log30:template_v2_bl1_fix_07:rank34,net_log30,Ascend910B3,20,8.1.RC1+toolkit-7.7.0.1.225,template_v2_bl1_fix_07,22272,688,224,fp16,1,0,searched,calibration_template_probe,20:416:688:224:208:16:112:4:86:1:43:1:2:2:1:1:1:1:1:54:1:1:20,,1,numeric_signed_axes_full_v3,0.094806804657,0.0946912002563434,0.0946664047241354,within_noise,within_noise,1
net_log30:template_v2_bl1_fix_07:rank35,net_log30,Ascend910B3,20,8.1.RC1+toolkit-7.7.0.1.225,template_v2_bl1_fix_07,22272,688,224,fp16,1,0,searched,calibration_template_probe,20:448:688:224:224:16:16:28:602:1:43:0:14:14:2:2:2:1:1:50:1:1:20,,1,numeric_signed_axes_full_v3,0.0946308040619,0.0946912002563187,0.0946664047239783,within_noise,within_noise,1
net_log30:template_v2_bl1_fix_07:rank36,net_log30,Ascend910B3,20,8.1.RC1+toolkit-7.7.0.1.225,template_v2_bl1_fix_07,22272,688,224,fp16,1,0,searched,calibration_template_probe,20:256:688:224:128:96:16:28:112:1:8:0:14:14:2:2:2:1:1:87:1:1:20,,1,numeric_signed_axes_full_v3,0.0946516036987,0.0946912002562704,0.0946664047239674,within_noise,within_noise,1
net_log30:template_v2_bl1_fix_07:rank37,net_log30,Ascend910B3,20,8.1.RC1+toolkit-7.7.0.1.225,template_v2_bl1_fix_07,22272,688,224,fp16,1,0,searched,calibration_template_probe,20:384:688:224:192:64:16:28:154:1:11:0:14:14:2:2:2:1:1:58:1:1:20,,1,numeric_signed_axes_full_v3,0.0946259975433,0.094691200255913,0.0946664047244696,within_noise,within_noise,1
net_log30:template_v2_bl1_fix_07:rank38,net_log30,Ascend910B3,20,8.1.RC1+toolkit-7.7.0.1.225,template_v2_bl1_fix_07,22272,688,224,fp16,1,0,searched,calibration_template_probe,20:320:688:224:160:384:32:14:14:1:2:1:7:7:1:2:1:1:1:70:1:1:20,,1,numeric_signed_axes_full_v3,0.0946759986877,0.0946912002561144,0.0946664047240598,within_noise,within_noise,1
net_log30:template_v2_bl1_fix_07:rank39,net_log30,Ascend910B3,20,8.1.RC1+toolkit-7.7.0.1.225,template_v2_bl1_fix_07,22272,688,224,fp16,1,0,searched,calibration_template_probe,20:384:688:224:192:16:16:28:602:1:43:0:14:14:2:2:1:1:1:58:1:1:20,,1,numeric_signed_axes_full_v3,0.094687204361,0.0946912002566581,0.0946664047241127,within_noise,within_noise,1
net_log30:template_v2_bl1_fix_07:rank40,net_log30,Ascend910B3,20,8.1.RC1+toolkit-7.7.0.1.225,template_v2_bl1_fix_07,22272,688,224,fp16,1,0,searched,calibration_template_probe,20:384:688:224:192:48:16:28:210:1:15:0:14:14:2:2:2:1:1:58:1:1:20,,1,numeric_signed_axes_full_v3,0.0947087955475,0.0946912002563284,0.0946664047241451,within_noise,within_noise,1
net_log30:template_v2_bl1_fix_07:rank41,net_log30,Ascend910B3,20,8.1.RC1+toolkit-7.7.0.1.225,template_v2_bl1_fix_07,22272,688,224,fp16,1,0,searched,calibration_template_probe,20:256:688:224:128:304:16:28:42:1:3:0:14:14:1:2:1:1:1:87:1:1:20,,1,numeric_signed_axes_full_v3,0.0946656036377,0.0946912002560678,0.0946347999573053,within_noise,within_noise,1
net_log30:template_v2_bl1_fix_07:rank42,net_log30,Ascend910B3,20,8.1.RC1+toolkit-7.7.0.1.225,template_v2_bl1_fix_07,22272,688,224,fp16,1,0,searched,calibration_template_probe,20:288:688:224:144:96:16:28:112:1:8:1:14:14:2:2:2:1:1:78:1:1:20,,1,numeric_signed_axes_full_v3,0.0946288013458,0.0946912002558959,0.0946347999573073,within_noise,within_noise,1
net_log30:template_v2_bl1_fix_07:rank43,net_log30,Ascend910B3,20,8.1.RC1+toolkit-7.7.0.1.225,template_v2_bl1_fix_07,22272,688,224,fp16,1,0,searched,calibration_template_probe,20:416:688:224:208:64:16:28:154:1:11:1:14:14:2:2:2:1:1:54:1:1:20,,1,numeric_signed_axes_full_v3,0.0948843955994,0.0946912002562779,0.0946347999573143,within_noise,within_noise,1
net_log30:template_v2_bl1_fix_07:rank44,net_log30,Ascend910B3,20,8.1.RC1+toolkit-7.7.0.1.225,template_v2_bl1_fix_07,22272,688,224,fp16,1,0,searched,calibration_template_probe,20:192:688:224:96:144:16:28:70:1:5:1:14:14:2:2:2:1:1:116:1:1:20,,1,numeric_signed_axes_full_v3,0.0946819972992,0.0946912002558359,0.0946347999572842,within_noise,within_noise,1
net_log30:template_v2_bl1_fix_07:rank45,net_log30,Ascend910B3,20,8.1.RC1+toolkit-7.7.0.1.225,template_v2_bl1_fix_07,22272,688,224,fp16,1,0,searched,calibration_template_probe,20:224:688:224:112:192:32:14:28:1:4:1:7:7:2:2:1:1:1:100:1:1:20,,1,numeric_signed_axes_full_v3,0.0946967983246,0.0946912002563217,0.0946347999572527,within_noise,within_noise,1
net_log30:template_v2_bl1_fix_07:rank46,net_log30,Ascend910B3,20,8.1.RC1+toolkit-7.7.0.1.225,template_v2_bl1_fix_07,22272,688,224,fp16,1,0,searched,calibration_template_probe,20:224:688:224:112:80:16:28:126:1:9:0:14:14:2:2:2:1:1:100:1:1:20,,1,numeric_signed_axes_full_v3,0.0946720027924,0.0946912002561592,0.0946347999573211,within_noise,within_noise,1
net_log30:template_v2_bl1_fix_07:rank47,net_log30,Ascend910B3,20,8.1.RC1+toolkit-7.7.0.1.225,template_v2_bl1_fix_07,22272,688,224,fp16,1,0,searched,calibration_template_probe,20:448:688:224:224:32:16:28:308:1:22:1:14:14:1:1:1:1:1:50:1:1:20,,1,numeric_signed_axes_full_v3,0.0949932003021,0.0946912002563423,0.094634799957301,within_noise,within_noise,1
net_log30:template_v2_bl1_fix_07:rank48,net_log30,Ascend910B3,20,8.1.RC1+toolkit-7.7.0.1.225,template_v2_bl1_fix_07,22272,688,224,fp16,1,0,searched,calibration_template_probe,20:288:688:224:144:416:32:14:14:1:2:1:7:7:1:2:1:1:1:78:1:1:20,,1,numeric_signed_axes_full_v3,0.0946767997742,0.0946912002565141,0.0946347999573423,within_noise,within_noise,1
net_log30:template_v2_bl1_fix_07:rank49,net_log30,Ascend910B3,20,8.1.RC1+toolkit-7.7.0.1.225,template_v2_bl1_fix_07,22272,688,224,fp16,1,0,searched,calibration_template_probe,20:384:688:224:192:32:16:28:308:1:22:0:14:14:2:2:2:1:1:58:1:1:20,,1,numeric_signed_axes_full_v3,0.0946796035767,0.0947140026090901,0.0946347999572633,within_noise,within_noise,1
net_log30:template_v2_bl1_fix_07:rank50,net_log30,Ascend910B3,20,8.1.RC1+toolkit-7.7.0.1.225,template_v2_bl1_fix_07,22272,688,224,fp16,1,0,searched,calibration_template_probe,20:160:688:224:80:144:16:28:70:1:5:0:14:14:2:2:2:1:1:140:1:1:20,,1,numeric_signed_axes_full_v3,0.0950555992126,0.0947140026093459,0.094634799957311,within_noise,within_noise,1
net_log30:template_v2_bl1_fix_07:rank51,net_log30,Ascend910B3,20,8.1.RC1+toolkit-7.7.0.1.225,template_v2_bl1_fix_07,22272,688,224,fp16,1,0,searched,calibration_template_probe,20:288:688:224:144:64:16:28:154:1:11:1:14:14:1:1:1:1:1:78:1:1:20,,1,numeric_signed_axes_full_v3,0.0946555995941,0.0947140026092432,0.094634799957311,within_noise,within_noise,1
net_log30:template_v2_bl1_fix_07:rank52,net_log30,Ascend910B3,20,8.1.RC1+toolkit-7.7.0.1.225,template_v2_bl1_fix_07,22272,688,224,fp16,1,0,searched,calibration_template_probe,20:416:688:224:208:32:16:28:308:1:22:0:14:14:1:1:1:1:1:54:1:1:20,,1,numeric_signed_axes_full_v3,0.0946619987488,0.0947140026090023,0.0946347999572565,within_noise,within_noise,1
net_log30:template_v2_bl1_fix_07:rank53,net_log30,Ascend910B3,20,8.1.RC1+toolkit-7.7.0.1.225,template_v2_bl1_fix_07,22272,688,224,fp16,1,0,searched,calibration_template_probe,20:224:688:224:112:64:16:28:154:1:11:1:14:14:2:2:2:1:1:100:1:1:20,,1,numeric_signed_axes_full_v3,0.0946588039398,0.0947140026092781,0.0946347999573344,within_noise,within_noise,1
net_log30:template_v2_bl1_fix_07:rank54,net_log30,Ascend910B3,20,8.1.RC1+toolkit-7.7.0.1.225,template_v2_bl1_fix_07,22272,688,224,fp16,1,0,searched,calibration_template_probe,20:416:688:224:208:16:16:28:602:1:43:1:14:14:1:1:1:1:1:54:1:1:20,,1,numeric_signed_axes_full_v3,0.0946584033966,0.094714002609562,0.0946347999572904,within_noise,within_noise,1
net_log30:template_v2_bl1_fix_07:rank55,net_log30,Ascend910B3,20,8.1.RC1+toolkit-7.7.0.1.225,template_v2_bl1_fix_07,22272,688,224,fp16,1,0,searched,calibration_template_probe,20:416:688:224:208:16:16:28:602:1:43:0:14:14:2:2:1:1:1:54:1:1:20,,1,numeric_signed_axes_full_v3,0.0946984004974,0.0947140026090797,0.0946347999572912,within_noise,within_noise,1
net_log30:template_v2_bl1_fix_07:rank56,net_log30,Ascend910B3,20,8.1.RC1+toolkit-7.7.0.1.225,template_v2_bl1_fix_07,22272,688,224,fp16,1,0,searched,calibration_template_probe,20:192:688:224:96:80:32:14:63:1:9:0:7:7:2:2:2:1:1:116:1:1:20,,1,numeric_signed_axes_full_v3,0.0946039962769,0.0947140026088508,0.0946347999577439,within_noise,within_noise,1
net_log30:template_v2_bl1_fix_07:rank57,net_log30,Ascend910B3,20,8.1.RC1+toolkit-7.7.0.1.225,template_v2_bl1_fix_07,22272,688,224,fp16,1,0,searched,calibration_template_probe,20:192:688:224:96:80:16:28:126:1:9:1:14:14:2:2:2:1:1:116:1:1:20,,1,numeric_signed_axes_full_v3,0.0946164035797,0.0946368026728865,0.0946543979641239,within_noise,within_noise,1
net_log30:template_v2_bl1_fix_07:rank58,net_log30,Ascend910B3,20,8.1.RC1+toolkit-7.7.0.1.225,template_v2_bl1_fix_07,22272,688,224,fp16,1,0,searched,calibration_template_probe,20:416:688:224:208:32:112:4:44:1:22:0:2:2:1:1:1:1:1:54:1:1:20,,1,numeric_signed_axes_full_v3,0.0946364021301,0.0946368026729938,0.0946543979640408,within_noise,within_noise,1
net_log30:template_v2_bl1_fix_07:rank59,net_log30,Ascend910B3,20,8.1.RC1+toolkit-7.7.0.1.225,template_v2_bl1_fix_07,22272,688,224,fp16,1,0,searched,calibration_template_probe,20:384:688:224:192:32:16:28:308:1:22:0:14:14:2:2:1:1:1:58:1:1:20,,1,numeric_signed_axes_full_v3,0.0946704006195,0.0946368026733243,0.0946543979644989,within_noise,within_noise,1
net_log30:template_v2_bl1_fix_07:rank60,net_log30,Ascend910B3,20,8.1.RC1+toolkit-7.7.0.1.225,template_v2_bl1_fix_07,22272,688,224,fp16,1,0,searched,calibration_template_probe,20:256:688:224:256:32:16:14:308:1:22:0:14:14:2:2:1:1:1:0:0:0:1020,,1,numeric_signed_axes_full_v3,0.0946232032776,0.0946368026729335,0.0946543979645072,within_noise,within_noise,1
net_log30:template_v2_bl1_fix_07:rank61,net_log30,Ascend910B3,20,8.1.RC1+toolkit-7.7.0.1.225,template_v2_bl1_fix_07,22272,688,224,fp16,1,0,searched,calibration_template_probe,20:384:688:224:384:80:32:7:63:1:9:0:7:7:2:2:1:1:1:0:0:0:1020,,1,numeric_signed_axes_full_v3,0.0946376037598,0.0946368026733044,0.0946543979644199,within_noise,within_noise,1
net_log30:template_v2_bl1_fix_07:rank62,net_log30,Ascend910B3,20,8.1.RC1+toolkit-7.7.0.1.225,template_v2_bl1_fix_07,22272,688,224,fp16,1,0,searched,calibration_template_probe,20:128:688:224:128:256:32:7:21:1:3:0:7:7:2:2:1:1:1:0:0:0:1020,,1,numeric_signed_axes_full_v3,0.0955315971375,0.0946368026733186,0.0946543979645065,within_noise,within_noise,1
net_log30:template_v2_bl1_fix_07:rank63,net_log30,Ascend910B3,20,8.1.RC1+toolkit-7.7.0.1.225,template_v2_bl1_fix_07,22272,688,224,fp16,1,0,searched,calibration_template_probe,20:256:688:224:256:64:32:7:77:1:11:0:7:7:2:2:1:1:1:0:0:0:1020,,1,numeric_signed_axes_full_v3,0.094632396698,0.094636802673563,0.0946543979646562,within_noise,within_noise,1
net_log30:template_v2_bl1_fix_07:rank64,net_log30,Ascend910B3,20,8.1.RC1+toolkit-7.7.0.1.225,template_v2_bl1_fix_07,22272,688,224,fp16,1,0,searched,calibration_template_probe,20:128:688:224:128:192:32:14:28:1:4:0:7:7:2:2:1:1:1:0:0:0:1020,,1,numeric_signed_axes_full_v3,0.0946660041809,0.0946368026733255,0.0946543979645419,within_noise,within_noise,1
net_log30:template_v2_bl1_fix_07:rank65,net_log30,Ascend910B3,20,8.1.RC1+toolkit-7.7.0.1.225,template_v2_bl1_fix_07,22272,688,224,fp16,1,0,searched,calibration_template_probe,20:256:688:224:256:96:16:14:112:1:8:0:14:14:2:2:1:1:1:0:0:0:1020,,1,numeric_signed_axes_full_v3,0.0946527957916,0.0946368026732977,0.094659595489433,within_noise,within_noise,1
net_log30:template_v2_bl1_fix_07:rank66,net_log30,Ascend910B3,20,8.1.RC1+toolkit-7.7.0.1.225,template_v2_bl1_fix_07,22272,688,224,fp16,1,0,searched,calibration_template_probe,20:128:688:224:128:64:32:14:77:1:11:0:7:7:2:2:1:1:1:0:0:0:1020,,1,numeric_signed_axes_full_v3,0.0946792030334,0.0946368026733054,0.0946595954894832,within_noise,within_noise,1
net_log30:template_v2_bl1_fix_07:rank67,net_log30,Ascend910B3,20,8.1.RC1+toolkit-7.7.0.1.225,template_v2_bl1_fix_07,22272,688,224,fp16,1,0,searched,calibration_template_probe,20:384:688:224:384:16:32:7:301:1:43:0:7:7:2:2:1:1:1:0:0:0:1020,,1,numeric_signed_axes_full_v3,0.0947227954865,0.0946368026732914,0.0946595954894604,within_noise,within_noise,1
net_log30:template_v2_bl1_fix_07:rank68,net_log30,Ascend910B3,20,8.1.RC1+toolkit-7.7.0.1.225,template_v2_bl1_fix_07,22272,688,224,fp16,1,0,searched,calibration_template_probe,20:128:688:224:128:192:32:7:28:1:4:0:7:7:2:2:1:1:1:0:0:0:1020,,1,numeric_signed_axes_full_v3,0.0946840000153,0.0946368026733182,0.0946595954895424,within_noise,within_noise,1
net_log30:template_v2_bl1_fix_07:rank69,net_log30,Ascend910B3,20,8.1.RC1+toolkit-7.7.0.1.225,template_v2_bl1_fix_07,22272,688,224,fp16,1,0,searched,calibration_template_probe,20:128:688:224:128:256:32:14:21:1:3:0:7:7:2:2:1:1:1:0:0:0:1020,,1,numeric_signed_axes_full_v3,0.0946315956116,0.0946368026735106,0.0946595954891654,within_noise,within_noise,1
net_log30:template_v2_bl1_fix_07:rank70,net_log30,Ascend910B3,20,8.1.RC1+toolkit-7.7.0.1.225,template_v2_bl1_fix_07,22272,688,224,fp16,1,0,searched,calibration_template_probe,20:256:688:224:256:128:16:14:84:1:6:0:14:14:2:2:1:1:1:0:0:0:1020,,1,numeric_signed_axes_full_v3,0.094662399292,0.0946368026733259,0.0946595954895192,within_noise,within_noise,1
net_log30:template_v2_bl1_fix_07:rank71,net_log30,Ascend910B3,20,8.1.RC1+toolkit-7.7.0.1.225,template_v2_bl1_fix_07,22272,688,224,fp16,1,0,searched,calibration_template_probe,20:256:688:224:256:128:32:7:42:1:6:0:7:7:2:2:1:1:1:0:0:0:1020,,1,numeric_signed_axes_full_v3,0.0947087955475,0.094636802673328,0.0946595954895323,within_noise,within_noise,1
net_log30:template_v2_bl1_fix_07:rank72,net_log30,Ascend910B3,20,8.1.RC1+toolkit-7.7.0.1.225,template_v2_bl1_fix_07,22272,688,224,fp16,1,0,searched,calibration_template_probe,20:384:688:224:384:32:32:7:154:1:22:0:7:7:2:2:1:1:1:0:0:0:1020,,1,numeric_signed_axes_full_v3,0.094632396698,0.094636802673563,0.0946595954891161,within_noise,within_noise,1
net_log30:template_v2_bl1_fix_07:rank73,net_log30,Ascend910B3,20,8.1.RC1+toolkit-7.7.0.1.225,template_v2_bl1_fix_07,22272,688,224,fp16,1,0,searched,calibration_template_probe,20:256:688:224:256:32:32:7:154:1:22:0:7:7:2:2:1:1:1:0:0:0:1020,,1,numeric_signed_axes_full_v3,0.0945792007446,0.0946860027313513,0.0946315956120045,within_noise,within_noise,1
net_log30:template_v2_bl1_fix_07:rank74,net_log30,Ascend910B3,20,8.1.RC1+toolkit-7.7.0.1.225,template_v2_bl1_fix_07,22272,688,224,fp16,1,0,searched,calibration_template_probe,20:256:688:224:256:64:16:14:154:1:11:0:14:14:2:2:1:1:1:0:0:0:1020,,1,numeric_signed_axes_full_v3,0.0946172046661,0.0946860027317415,0.0946315956117695,within_noise,within_noise,1
net_log30:template_v2_bl1_fix_08:rank1,net_log30,Ascend910B3,20,8.1.RC1+toolkit-7.7.0.1.225,template_v2_bl1_fix_08,22528,688,240,bf16,1,1,searched,calibration_template_probe,20:288:688:240:144:16:16:30:645:1:43:1:15:15:1:1:1:1:1:79:1:1:20,,1,numeric_signed_axes_full_v3,0.0996059989929,0.0995631980896456,0.0996335983271073,within_noise,within_noise,1
net_log30:template_v2_bl1_fix_08:rank2,net_log30,Ascend910B3,20,8.1.RC1+toolkit-7.7.0.1.225,template_v2_bl1_fix_08,22528,688,240,bf16,1,1,searched,calibration_template_probe,20:256:688:240:128:128:16:30:90:1:6:0:15:15:2:2:2:1:1:88:1:1:20,,1,numeric_signed_axes_full_v3,0.0997216033936,0.0995631980896332,0.0996335983276018,within_noise,within_noise,1
net_log30:template_v2_bl1_fix_08:rank3,net_log30,Ascend910B3,20,8.1.RC1+toolkit-7.7.0.1.225,template_v2_bl1_fix_08,22528,688,240,bf16,1,1,searched,calibration_template_probe,20:192:688:240:96:384:32:16:16:1:2:1:8:8:1:2:1:1:1:118:1:1:20,,1,numeric_signed_axes_full_v3,0.099627199173,0.0995631980895867,0.0996335983276301,within_noise,within_noise,1
net_log30:template_v2_bl1_fix_08:rank4,net_log30,Ascend910B3,20,8.1.RC1+toolkit-7.7.0.1.225,template_v2_bl1_fix_08,22528,688,240,bf16,1,1,searched,calibration_template_probe,20:384:688:240:192:32:16:30:330:1:22:0:15:15:2:2:1:1:1:59:1:1:20,,1,numeric_signed_axes_full_v3,0.0996551990509,0.0995631980895506,0.0996335983275935,within_noise,within_noise,1
net_log30:template_v2_bl1_fix_08:rank5,net_log30,Ascend910B3,20,8.1.RC1+toolkit-7.7.0.1.225,template_v2_bl1_fix_08,22528,688,240,bf16,1,1,searched,calibration_template_probe,20:320:688:240:160:128:80:6:18:1:6:0:3:3:2:1:1:1:1:71:1:1:20,,1,numeric_signed_axes_full_v3,0.0996032047272,0.0995631980896464,0.0996335983273883,within_noise,within_noise,1
net_log30:template_v2_bl1_fix_08:rank6,net_log30,Ascend910B3,20,8.1.RC1+toolkit-7.7.0.1.225,template_v2_bl1_fix_08,22528,688,240,bf16,1,1,searched,calibration_template_probe,20:288:688:240:144:48:16:30:225:1:15:1:15:15:2:2:2:1:1:79:1:1:20,,1,numeric_signed_axes_full_v3,0.0996531963348,0.0995631980896138,0.0996335983276381,within_noise,within_noise,1
net_log30:template_v2_bl1_fix_08:rank7,net_log30,Ascend910B3,20,8.1.RC1+toolkit-7.7.0.1.225,template_v2_bl1_fix_08,22528,688,240,bf16,1,1,searched,calibration_template_probe,20:160:688:240:80:688:16:30:15:1:1:0:15:15:1:1:1:1:1:141:1:1:20,,1,numeric_signed_axes_full_v3,0.0995839977264,0.0995631980896197,0.0996335983278071,within_noise,within_noise,1
net_log30:template_v2_bl1_fix_08:rank8,net_log30,Ascend910B3,20,8.1.RC1+toolkit-7.7.0.1.225,template_v2_bl1_fix_08,22528,688,240,bf16,1,1,searched,calibration_template_probe,20:352:688:240:176:368:16:30:30:1:2:0:15:15:1:2:1:1:1:64:1:1:20,,1,numeric_signed_axes_full_v3,0.0996391963959,0.0995631980895511,0.0996335983275714,within_noise,within_noise,1
net_log30:template_v2_bl1_fix_08:rank9,net_log30,Ascend910B3,20,8.1.RC1+toolkit-7.7.0.1.225,template_v2_bl1_fix_08,22528,688,240,bf16,1,1,searched,calibration_template_probe,20:384:688:240:192:176:16:30:60:1:4:0:15:15:1:1:1:1:1:59:1:1:20,,1,numeric_signed_axes_full_v3,0.0999232006073,0.0995631980896452,0.0996415996552411,within_noise,within_noise,1
net_log30:template_v2_bl1_fix_08:rank10,net_log30,Ascend910B3,20,8.1.RC1+toolkit-7.7.0.1.225,template_v2_bl1_fix_08,22528,688,240,bf16,1,1,searched,calibration_template_probe,20:384:688:240:192:16:80:6:129:1:43:1:3:3:2:2:2:1:1:59:1:1:20,,1,numeric_signed_axes_full_v3,0.0999495983124,0.0995631980896411,0.0996415996552023,within_noise,within_noise,1
net_log30:template_v2_bl1_fix_08:rank11,net_log30,Ascend910B3,20,8.1.RC1+toolkit-7.7.0.1.225,template_v2_bl1_fix_08,22528,688,240,bf16,1,1,searched,calibration_template_probe,20:320:688:240:160:368:80:6:6:1:2:1:3:3:1:1:1:1:1:71:1:1:20,,1,numeric_signed_axes_full_v3,0.0995763969421,0.09956319808959,0.0996415996554407,within_noise,within_noise,1
net_log30:template_v2_bl1_fix_08:rank12,net_log30,Ascend910B3,20,8.1.RC1+toolkit-7.7.0.1.225,template_v2_bl1_fix_08,22528,688,240,bf16,1,1,searched,calibration_template_probe,20:384:688:240:192:32:48:10:110:1:22:1:5:5:2:1:1:1:1:59:1:1:20,,1,numeric_signed_axes_full_v3,0.0996607971191,0.0995631980896026,0.0996415996551858,within_noise,within_noise,1
net_log30:template_v2_bl1_fix_08:rank13,net_log30,Ascend910B3,20,8.1.RC1+toolkit-7.7.0.1.225,template_v2_bl1_fix_08,22528,688,240,bf16,1,1,searched,calibration_template_probe,20:288:688:240:144:128:48:10:30:1:6:0:5:5:1:2:1:1:1:79:1:1:20,,1,numeric_signed_axes_full_v3,0.0995576000214,0.0995631980894969,0.0996415996547129,within_noise,within_noise,1
net_log30:template_v2_bl1_fix_08:rank14,net_log30,Ascend910B3,20,8.1.RC1+toolkit-7.7.0.1.225,template_v2_bl1_fix_08,22528,688,240,bf16,1,1,searched,calibration_template_probe,20:384:688:240:192:16:48:10:215:1:43:0:5:5:2:2:2:1:1:59:1:1:20,,1,numeric_signed_axes_full_v3,0.0997076034546,0.0995631980896234,0.0996415996551885,within_noise,within_noise,1
net_log30:template_v2_bl1_fix_08:rank15,net_log30,Ascend910B3,20,8.1.RC1+toolkit-7.7.0.1.225,template_v2_bl1_fix_08,22528,688,240,bf16,1,1,searched,calibration_template_probe,20:160:688:240:80:176:16:30:60:1:4:1:15:15:2:2:2:1:1:141:1:1:20,,1,numeric_signed_axes_full_v3,0.0995555973053,0.0995631980894297,0.0996415996554638,within_noise,within_noise,1
net_log30:template_v2_bl1_fix_08:rank16,net_log30,Ascend910B3,20,8.1.RC1+toolkit-7.7.0.1.225,template_v2_bl1_fix_08,22528,688,240,bf16,1,1,searched,calibration_template_probe,20:288:688:240:144:48:80:6:45:1:15:1:3:3:2:2:1:1:1:79:1:1:20,,1,numeric_signed_axes_full_v3,0.0996168041229,0.0995631980895835,0.0996415996549476,within_noise,within_noise,1
net_log30:template_v2_bl1_fix_08:rank17,net_log30,Ascend910B3,20,8.1.RC1+toolkit-7.7.0.1.225,template_v2_bl1_fix_08,22528,688,240,bf16,1,1,searched,calibration_template_probe,20:384:688:240:192:176:80:6:12:1:4:0:3:3:2:2:1:1:1:59:1:1:20,,1,numeric_signed_axes_full_v3,0.0996440029144,0.0995652008056685,0.099641599655199,within_noise,within_noise,1
net_log30:template_v2_bl1_fix_08:rank18,net_log30,Ascend910B3,20,8.1.RC1+toolkit-7.7.0.1.225,template_v2_bl1_fix_08,22528,688,240,bf16,1,1,searched,calibration_template_probe,20:160:688:240:80:688:16:30:15:1:1:1:15:15:2:1:1:1:1:141:1:1:20,,1,numeric_signed_axes_full_v3,0.099646396637,0.0995652008057275,0.0996415996551811,within_noise,within_noise,1
net_log30:template_v2_bl1_fix_08:rank19,net_log30,Ascend910B3,20,8.1.RC1+toolkit-7.7.0.1.225,template_v2_bl1_fix_08,22528,688,240,bf16,1,1,searched,calibration_template_probe,20:256:688:240:128:80:16:30:135:1:9:0:15:15:1:1:1:1:1:88:1:1:20,,1,numeric_signed_axes_full_v3,0.0996448040009,0.099565200805652,0.0996415996551793,within_noise,within_noise,1
net_log30:template_v2_bl1_fix_08:rank20,net_log30,Ascend910B3,20,8.1.RC1+toolkit-7.7.0.1.225,template_v2_bl1_fix_08,22528,688,240,bf16,1,1,searched,calibration_template_probe,20:128:688:240:64:192:16:30:60:1:4:0:15:15:2:2:2:1:1:176:1:1:20,,1,numeric_signed_axes_full_v3,0.0997311973572,0.099565200805656,0.0996415996552226,within_noise,within_noise,1
net_log30:template_v2_bl1_fix_08:rank21,net_log30,Ascend910B3,20,8.1.RC1+toolkit-7.7.0.1.225,template_v2_bl1_fix_08,22528,688,240,bf16,1,1,searched,calibration_template_probe,20:320:688:240:160:144:80:6:15:1:5:0:3:3:1:2:1:1:1:71:1:1:20,,1,numeric_signed_axes_full_v3,0.099629201889,0.0995652008057416,0.0996415996552242,within_noise,within_noise,1
net_log30:template_v2_bl1_fix_08:rank22,net_log30,Ascend910B3,20,8.1.RC1+toolkit-7.7.0.1.225,template_v2_bl1_fix_08,22528,688,240,bf16,1,1,searched,calibration_template_probe,20:352:688:240:176:176:16:30:60:1:4:0:15:15:2:2:1:1:1:64:1:1:20,,1,numeric_signed_axes_full_v3,0.0996899986267,0.0995652008057061,0.0996415996552408,within_noise,within_noise,1
net_log30:template_v2_bl1_fix_08:rank23,net_log30,Ascend910B3,20,8.1.RC1+toolkit-7.7.0.1.225,template_v2_bl1_fix_08,22528,688,240,bf16,1,1,searched,calibration_template_probe,20:320:688:240:160:240:80:6:9:1:3:0:3:3:1:1:1:1:1:71:1:1:20,,1,numeric_signed_axes_full_v3,0.0995763969421,0.0995652008057336,0.0996415996554407,within_noise,within_noise,1
net_log30:template_v2_bl1_fix_08:rank24,net_log30,Ascend910B3,20,8.1.RC1+toolkit-7.7.0.1.225,template_v2_bl1_fix_08,22528,688,240,bf16,1,1,searched,calibration_template_probe,20:256:688:240:128:128:48:10:30:1:6:1:5:5:2:2:2:1:1:88:1:1:20,,1,numeric_signed_axes_full_v3,0.0996531963348,0.0995652008056502,0.0996415996551719,within_noise,within_noise,1
net_log30:template_v2_bl1_fix_08:rank25,net_log30,Ascend910B3,20,8.1.RC1+toolkit-7.7.0.1.225,template_v2_bl1_fix_08,22528,688,240,bf16,1,1,searched,calibration_template_probe,20:384:688:240:192:176:48:10:20:1:4:1:5:5:1:1:1:1:1:59:1:1:20,,1,numeric_signed_axes_full_v3,0.0996343994141,0.0996236038207799,0.0996195983886977,within_noise,within_noise,1
net_log30:template_v2_bl1_fix_08:rank26,net_log30,Ascend910B3,20,8.1.RC1+toolkit-7.7.0.1.225,template_v2_bl1_fix_08,22528,688,240,bf16,1,1,searched,calibration_template_probe,20:256:688:240:128:80:48:10:45:1:9:0:5:5:2:2:2:1:1:88:1:1:20,,1,numeric_signed_axes_full_v3,0.0996372032166,0.0996236038208195,0.0996195983887104,within_noise,within_noise,1
net_log30:template_v2_bl1_fix_08:rank27,net_log30,Ascend910B3,20,8.1.RC1+toolkit-7.7.0.1.225,template_v2_bl1_fix_08,22528,688,240,bf16,1,1,searched,calibration_template_probe,20:288:688:240:144:96:48:10:40:1:8:1:5:5:2:2:1:1:1:79:1:1:20,,1,numeric_signed_axes_full_v3,0.0996004009247,0.0996236038211514,0.0996195983890362,within_noise,within_noise,1
net_log30:template_v2_bl1_fix_08:rank28,net_log30,Ascend910B3,20,8.1.RC1+toolkit-7.7.0.1.225,template_v2_bl1_fix_08,22528,688,240,bf16,1,1,searched,calibration_template_probe,20:352:688:240:176:80:16:30:135:1:9:1:15:15:2:2:2:1:1:64:1:1:20,,1,numeric_signed_axes_full_v3,0.0997095966339,0.0996236038208487,0.0996195983887362,within_noise,within_noise,1
net_log30:template_v2_bl1_fix_08:rank29,net_log30,Ascend910B3,20,8.1.RC1+toolkit-7.7.0.1.225,template_v2_bl1_fix_08,22528,688,240,bf16,1,1,searched,calibration_template_probe,20:256:688:240:128:16:16:30:645:1:43:0:15:15:2:2:1:1:1:88:1:1:20,,1,numeric_signed_axes_full_v3,0.0995843982697,0.0996236038207483,0.099619598388865,within_noise,within_noise,1
net_log30:template_v2_bl1_fix_08:rank30,net_log30,Ascend910B3,20,8.1.RC1+toolkit-7.7.0.1.225,template_v2_bl1_fix_08,22528,688,240,bf16,1,1,searched,calibration_template_probe,20:320:688:240:160:368:48:10:10:1:2:0:5:5:1:1:1:1:1:71:1:1:20,,1,numeric_signed_axes_full_v3,0.0997675991058,0.0996236038207627,0.0996195983887065,within_noise,within_noise,1
net_log30:template_v2_bl1_fix_08:rank31,net_log30,Ascend910B3,20,8.1.RC1+toolkit-7.7.0.1.225,template_v2_bl1_fix_08,22528,688,240,bf16,1,1,searched,calibration_template_probe,20:320:688:240:160:368:16:30:30:1:2:0:15:15:2:1:1:1:1:71:1:1:20,,1,numeric_signed_axes_full_v3,0.0995755958557,0.0996236038205082,0.0996195983891776,within_noise,within_noise,1
net_log30:template_v2_bl1_fix_08:rank32,net_log30,Ascend910B3,20,8.1.RC1+toolkit-7.7.0.1.225,template_v2_bl1_fix_08,22528,688,240,bf16,1,1,searched,calibration_template_probe,20:320:688:240:160:64:32:16:88:1:11:1:8:8:2:2:2:1:1:71:1:1:20,,1,numeric_signed_axes_full_v3,0.0996920013428,0.0996236038207945,0.0996195983886858,within_noise,within_noise,1
net_log30:template_v2_bl1_fix_08:rank33,net_log30,Ascend910B3,20,8.1.RC1+toolkit-7.7.0.1.225,template_v2_bl1_fix_08,22528,688,240,bf16,1,1,searched,calibration_template_probe,20:384:688:240:192:16:48:10:215:1:43:0:5:5:1:1:1:1:1:59:1:1:20,,1,numeric_signed_axes_full_v3,0.0996772003174,0.0996280002593543,0.0996195983886968,within_noise,within_noise,1
net_log30:template_v2_bl1_fix_08:rank34,net_log30,Ascend910B3,20,8.1.RC1+toolkit-7.7.0.1.225,template_v2_bl1_fix_08,22528,688,240,bf16,1,1,searched,calibration_template_probe,20:288:688:240:144:176:80:6:12:1:4:1:3:3:2:1:1:1:1:79:1:1:20,,1,numeric_signed_axes_full_v3,0.0997119998932,0.0996280002593746,0.099619598388661,within_noise,within_noise,1
net_log30:template_v2_bl1_fix_08:rank35,net_log30,Ascend910B3,20,8.1.RC1+toolkit-7.7.0.1.225,template_v2_bl1_fix_08,22528,688,240,bf16,1,1,searched,calibration_template_probe,20:384:688:240:192:16:80:6:129:1:43:0:3:3:1:2:1:1:1:59:1:1:20,,1,numeric_signed_axes_full_v3,0.0996076011658,0.0996280002596573,0.0996195983883813,within_noise,within_noise,1
net_log30:template_v2_bl1_fix_08:rank36,net_log30,Ascend910B3,20,8.1.RC1+toolkit-7.7.0.1.225,template_v2_bl1_fix_08,22528,688,240,bf16,1,1,searched,calibration_template_probe,20:288:688:240:144:96:48:10:40:1:8:0:5:5:2:2:2:1:1:79:1:1:20,,1,numeric_signed_axes_full_v3,0.099687204361,0.0996280002594249,0.099619598388673,within_noise,within_noise,1
net_log30:template_v2_bl1_fix_08:rank37,net_log30,Ascend910B3,20,8.1.RC1+toolkit-7.7.0.1.225,template_v2_bl1_fix_08,22528,688,240,bf16,1,1,searched,calibration_template_probe,20:288:688:240:144:160:16:30:75:1:5:0:15:15:1:1:1:1:1:79:1:1:20,,1,numeric_signed_axes_full_v3,0.0996088027954,0.0996280002595144,0.0996195983884822,within_noise,within_noise,1
net_log30:template_v2_bl1_fix_08:rank38,net_log30,Ascend910B3,20,8.1.RC1+toolkit-7.7.0.1.225,template_v2_bl1_fix_08,22528,688,240,bf16,1,1,searched,calibration_template_probe,20:224:688:240:112:384:16:30:30:1:2:0:15:15:1:1:1:1:1:101:1:1:20,,1,numeric_signed_axes_full_v3,0.0995855998993,0.0996280002590062,0.0996195983882507,within_noise,within_noise,1
net_log30:template_v2_bl1_fix_08:rank39,net_log30,Ascend910B3,20,8.1.RC1+toolkit-7.7.0.1.225,template_v2_bl1_fix_08,22528,688,240,bf16,1,1,searched,calibration_template_probe,20:384:688:240:192:32:16:30:330:1:22:0:15:15:2:2:2:1:1:59:1:1:20,,1,numeric_signed_axes_full_v3,0.0996288013458,0.0996280002594011,0.0996195983887314,within_noise,within_noise,1
net_log30:template_v2_bl1_fix_08:rank40,net_log30,Ascend910B3,20,8.1.RC1+toolkit-7.7.0.1.225,template_v2_bl1_fix_08,22528,688,240,bf16,1,1,searched,calibration_template_probe,20:384:688:240:192:64:16:30:165:1:11:0:15:15:2:2:2:1:1:59:1:1:20,,1,numeric_signed_axes_full_v3,0.0997247982025,0.0996280002594116,0.0996195983887188,within_noise,within_noise,1
net_log30:template_v2_bl1_fix_08:rank41,net_log30,Ascend910B3,20,8.1.RC1+toolkit-7.7.0.1.225,template_v2_bl1_fix_08,22528,688,240,bf16,1,1,searched,calibration_template_probe,20:288:688:240:144:96:16:30:120:1:8:1:15:15:2:2:2:1:1:79:1:1:20,,1,numeric_signed_axes_full_v3,0.0995983982086,0.099629602432574,0.0996708011625874,within_noise,within_noise,1
net_log30:template_v2_bl1_fix_08:rank42,net_log30,Ascend910B3,20,8.1.RC1+toolkit-7.7.0.1.225,template_v2_bl1_fix_08,22528,688,240,bf16,1,1,searched,calibration_template_probe,20:256:688:240:128:64:16:30:165:1:11:0:15:15:2:2:2:1:1:88:1:1:20,,1,numeric_signed_axes_full_v3,0.0996520042419,0.0996296024322828,0.0996708011629844,within_noise,within_noise,1
net_log30:template_v2_bl1_fix_08:rank43,net_log30,Ascend910B3,20,8.1.RC1+toolkit-7.7.0.1.225,template_v2_bl1_fix_08,22528,688,240,bf16,1,1,searched,calibration_template_probe,20:384:688:240:192:64:48:10:55:1:11:1:5:5:2:2:2:1:1:59:1:1:20,,1,numeric_signed_axes_full_v3,0.099574804306,0.0996296024327912,0.0996708011625482,within_noise,within_noise,1
net_log30:template_v2_bl1_fix_08:rank44,net_log30,Ascend910B3,20,8.1.RC1+toolkit-7.7.0.1.225,template_v2_bl1_fix_08,22528,688,240,bf16,1,1,searched,calibration_template_probe,20:256:688:240:128:96:16:30:120:1:8:0:15:15:2:2:2:1:1:88:1:1:20,,1,numeric_signed_axes_full_v3,0.0997004032135,0.0996296024322703,0.0996708011626942,within_noise,within_noise,1
net_log30:template_v2_bl1_fix_08:rank45,net_log30,Ascend910B3,20,8.1.RC1+toolkit-7.7.0.1.225,template_v2_bl1_fix_08,22528,688,240,bf16,1,1,searched,calibration_template_probe,20:256:688:240:128:384:48:10:10:1:2:1:5:5:1:1:1:1:1:88:1:1:20,,1,numeric_signed_axes_full_v3,0.0996000003815,0.0996296024318774,0.0996708011622872,within_noise,within_noise,1
net_log30:template_v2_bl1_fix_08:rank46,net_log30,Ascend910B3,20,8.1.RC1+toolkit-7.7.0.1.225,template_v2_bl1_fix_08,22528,688,240,bf16,1,1,searched,calibration_template_probe,20:288:688:240:144:16:80:6:129:1:43:0:3:3:2:2:2:1:1:79:1:1:20,,1,numeric_signed_axes_full_v3,0.0996840000153,0.0996296024322684,0.0996708011626885,within_noise,within_noise,1
net_log30:template_v2_bl1_fix_08:rank47,net_log30,Ascend910B3,20,8.1.RC1+toolkit-7.7.0.1.225,template_v2_bl1_fix_08,22528,688,240,bf16,1,1,searched,calibration_template_probe,20:384:688:240:192:16:80:6:129:1:43:0:3:3:2:2:1:1:1:59:1:1:20,,1,numeric_signed_axes_full_v3,0.099632396698,0.0996296024323118,0.0996708011630357,within_noise,within_noise,1
net_log30:template_v2_bl1_fix_08:rank48,net_log30,Ascend910B3,20,8.1.RC1+toolkit-7.7.0.1.225,template_v2_bl1_fix_08,22528,688,240,bf16,1,1,searched,calibration_template_probe,20:288:688:240:144:80:48:10:45:1:9:1:5:5:2:2:2:1:1:79:1:1:20,,1,numeric_signed_axes_full_v3,0.0996588039398,0.0996296024323056,0.0996708011626049,within_noise,within_noise,1
net_log30:template_v2_bl1_fix_08:rank49,net_log30,Ascend910B3,20,8.1.RC1+toolkit-7.7.0.1.225,template_v2_bl1_fix_08,22528,688,240,bf16,1,1,searched,calibration_template_probe,20:320:688:240:160:240:48:10:15:1:3:1:5:5:2:1:1:1:1:71:1:1:20,,1,numeric_signed_axes_full_v3,0.099681596756,0.0995715999602823,0.0996840000155016,within_noise,within_noise,1
net_log30:template_v2_bl1_fix_08:rank50,net_log30,Ascend910B3,20,8.1.RC1+toolkit-7.7.0.1.225,template_v2_bl1_fix_08,22528,688,240,bf16,1,1,searched,calibration_template_probe,20:352:688:240:176:80:48:10:45:1:9:1:5:5:2:2:2:1:1:64:1:1:20,,1,numeric_signed_axes_full_v3,0.0997035980225,0.0995715999602717,0.0996840000152694,within_noise,within_noise,1
net_log30:template_v2_bl1_fix_08:rank51,net_log30,Ascend910B3,20,8.1.RC1+toolkit-7.7.0.1.225,template_v2_bl1_fix_08,22528,688,240,bf16,1,1,searched,calibration_template_probe,20:320:688:240:160:64:16:30:165:1:11:0:15:15:2:2:2:1:1:71:1:1:20,,1,numeric_signed_axes_full_v3,0.0996767997742,0.0995715999602995,0.0996840000155473,within_noise,within_noise,1
net_log30:template_v2_bl1_fix_08:rank52,net_log30,Ascend910B3,20,8.1.RC1+toolkit-7.7.0.1.225,template_v2_bl1_fix_08,22528,688,240,bf16,1,1,searched,calibration_template_probe,20:320:688:240:160:96:48:10:40:1:8:1:5:5:2:2:2:1:1:71:1:1:20,,1,numeric_signed_axes_full_v3,0.0996603965759,0.0995715999603324,0.0996840000156631,within_noise,within_noise,1
net_log30:template_v2_bl1_fix_08:rank53,net_log30,Ascend910B3,20,8.1.RC1+toolkit-7.7.0.1.225,template_v2_bl1_fix_08,22528,688,240,bf16,1,1,searched,calibration_template_probe,20:160:688:240:80:160:16:30:75:1:5:0:15:15:2:2:2:1:1:141:1:1:20,,1,numeric_signed_axes_full_v3,0.0995903968811,0.0995715999603356,0.0996840000148619,within_noise,within_noise,1
net_log30:template_v2_bl1_fix_08:rank54,net_log30,Ascend910B3,20,8.1.RC1+toolkit-7.7.0.1.225,template_v2_bl1_fix_08,22528,688,240,bf16,1,1,searched,calibration_template_probe,20:320:688:240:160:64:48:10:55:1:11:0:5:5:2:2:2:1:1:71:1:1:20,,1,numeric_signed_axes_full_v3,0.0997227954865,0.0995715999602743,0.0996840000153393,within_noise,within_noise,1
net_log30:template_v2_bl1_fix_08:rank55,net_log30,Ascend910B3,20,8.1.RC1+toolkit-7.7.0.1.225,template_v2_bl1_fix_08,22528,688,240,bf16,1,1,searched,calibration_template_probe,20:160:688:240:80:144:16:30:75:1:5:0:15:15:2:2:2:1:1:141:1:1:20,,1,numeric_signed_axes_full_v3,0.0996191978455,0.0995715999603289,0.0996840000151517,within_noise,within_noise,1
net_log30:template_v2_bl1_fix_08:rank56,net_log30,Ascend910B3,20,8.1.RC1+toolkit-7.7.0.1.225,template_v2_bl1_fix_08,22528,688,240,bf16,1,1,searched,calibration_template_probe,20:288:688:240:144:64:16:30:165:1:11:1:15:15:1:1:1:1:1:79:1:1:20,,1,numeric_signed_axes_full_v3,0.0996936035156,0.0995715999602793,0.0996840000153208,within_noise,within_noise,1
net_log30:template_v2_bl1_fix_08:rank57,net_log30,Ascend910B3,20,8.1.RC1+toolkit-7.7.0.1.225,template_v2_bl1_fix_08,22528,688,240,bf16,1,1,searched,calibration_template_probe,20:288:688:240:144:128:80:6:18:1:6:1:3:3:2:2:1:1:1:79:1:1:20,,1,numeric_signed_axes_full_v3,0.0996127986908,0.0995676040648968,0.0996296024325827,within_noise,within_noise,1
net_log30:template_v2_bl1_fix_08:rank58,net_log30,Ascend910B3,20,8.1.RC1+toolkit-7.7.0.1.225,template_v2_bl1_fix_08,22528,688,240,bf16,1,1,searched,calibration_template_probe,20:320:688:240:160:240:48:10:15:1:3:0:5:5:1:1:1:1:1:71:1:1:20,,1,numeric_signed_axes_full_v3,0.0999287986755,0.0995676040648895,0.0996296024322775,within_noise,within_noise,1
net_log30:template_v2_bl1_fix_08:rank59,net_log30,Ascend910B3,20,8.1.RC1+toolkit-7.7.0.1.225,template_v2_bl1_fix_08,22528,688,240,bf16,1,1,searched,calibration_template_probe,20:384:688:240:192:16:16:30:645:1:43:0:15:15:2:2:1:1:1:59:1:1:20,,1,numeric_signed_axes_full_v3,0.0995903968811,0.0995676040648648,0.0996296024324635,within_noise,within_noise,1
net_log30:template_v2_bl1_fix_08:rank60,net_log30,Ascend910B3,20,8.1.RC1+toolkit-7.7.0.1.225,template_v2_bl1_fix_08,22528,688,240,bf16,1,1,searched,calibration_template_probe,20:256:688:240:256:32:16:15:330:1:22:0:15:15:2:2:1:1:1:0:0:0:1020,,1,numeric_signed_axes_full_v3,0.0996895980835,0.0995676040649359,0.0996296024323052,within_noise,within_noise,1
net_log30:template_v2_bl1_fix_08:rank61,net_log30,Ascend910B3,20,8.1.RC1+toolkit-7.7.0.1.225,template_v2_bl1_fix_08,22528,688,240,bf16,1,1,searched,calibration_template_probe,20:256:688:240:256:96:64:4:32:1:8:0:4:4:2:2:1:1:1:0:0:0:1020,,1,numeric_signed_axes_full_v3,0.0995872020721,0.0995676040649061,0.0996296024327836,within_noise,within_noise,1
net_log30:template_v2_bl1_fix_08:rank62,net_log30,Ascend910B3,20,8.1.RC1+toolkit-7.7.0.1.225,template_v2_bl1_fix_08,22528,688,240,bf16,1,1,searched,calibration_template_probe,20:128:688:240:128:256:32:8:24:1:3:0:8:8:2:2:1:1:1:0:0:0:1020,,1,numeric_signed_axes_full_v3,0.0996560001373,0.0995676040649214,0.0996296024323268,within_noise,within_noise,1
net_log30:template_v2_bl1_fix_08:rank63,net_log30,Ascend910B3,20,8.1.RC1+toolkit-7.7.0.1.225,template_v2_bl1_fix_08,22528,688,240,bf16,1,1,searched,calibration_template_probe,20:192:688:240:192:32:64:4:88:1:22:0:4:4:2:2:1:1:1:0:0:0:1020,,1,numeric_signed_axes_full_v3,0.0995808029175,0.0995676040649197,0.0996296024322129,within_noise,within_noise,1
net_log30:template_v2_bl1_fix_08:rank64,net_log30,Ascend910B3,20,8.1.RC1+toolkit-7.7.0.1.225,template_v2_bl1_fix_08,22528,688,240,bf16,1,1,searched,calibration_template_probe,20:256:688:240:256:32:32:8:176:1:22:0:8:8:2:2:1:1:1:0:0:0:1020,,1,numeric_signed_axes_full_v3,0.099706401825,0.0995676040649486,0.0996296024322747,within_noise,within_noise,1
net_log30:template_v2_bl1_fix_08:rank65,net_log30,Ascend910B3,20,8.1.RC1+toolkit-7.7.0.1.225,template_v2_bl1_fix_08,22528,688,240,bf16,1,1,searched,calibration_template_probe,20:128:688:240:128:256:32:16:24:1:3:0:8:8:2:2:1:1:1:0:0:0:1020,,1,numeric_signed_axes_full_v3,0.0996827983856,0.0995676040648824,0.099629602432267,within_noise,within_noise,1
net_log30:template_v2_bl1_fix_08:rank66,net_log30,Ascend910B3,20,8.1.RC1+toolkit-7.7.0.1.225,template_v2_bl1_fix_08,22528,688,240,bf16,1,1,searched,calibration_template_probe,20:256:688:240:256:96:16:15:120:1:8:0:15:15:2:2:1:1:1:0:0:0:1020,,1,numeric_signed_axes_full_v3,0.0996831989288,0.0995676040648979,0.0996296024322947,within_noise,within_noise,1
net_log30:template_v2_bl1_fix_08:rank67,net_log30,Ascend910B3,20,8.1.RC1+toolkit-7.7.0.1.225,template_v2_bl1_fix_08,22528,688,240,bf16,1,1,searched,calibration_template_probe,20:192:688:240:192:160:64:4:20:1:5:0:4:4:2:2:1:1:1:0:0:0:1020,,1,numeric_signed_axes_full_v3,0.099667596817,0.0995676040649141,0.0996296024322515,within_noise,within_noise,1
net_log30:template_v2_bl1_fix_08:rank68,net_log30,Ascend910B3,20,8.1.RC1+toolkit-7.7.0.1.225,template_v2_bl1_fix_08,22528,688,240,bf16,1,1,searched,calibration_template_probe,20:256:688:240:256:32:64:4:88:1:22:0:4:4:2:2:1:1:1:0:0:0:1020,,1,numeric_signed_axes_full_v3,0.099646396637,0.0995676040648665,0.0996296024323047,within_noise,within_noise,1
net_log30:template_v2_bl1_fix_08:rank69,net_log30,Ascend910B3,20,8.1.RC1+toolkit-7.7.0.1.225,template_v2_bl1_fix_08,22528,688,240,bf16,1,1,searched,calibration_template_probe,20:256:688:240:256:128:32:8:48:1:6:0:8:8:2:2:1:1:1:0:0:0:1020,,1,numeric_signed_axes_full_v3,0.0995960044861,0.0995676040649377,0.0996296024323201,within_noise,within_noise,1
net_log30:template_v2_bl1_fix_08:rank70,net_log30,Ascend910B3,20,8.1.RC1+toolkit-7.7.0.1.225,template_v2_bl1_fix_08,22528,688,240,bf16,1,1,searched,calibration_template_probe,20:256:688:240:256:128:16:15:90:1:6:0:15:15:2:2:1:1:1:0:0:0:1020,,1,numeric_signed_axes_full_v3,0.0996599960327,0.099567604064876,0.0996296024323041,within_noise,within_noise,1
net_log30:template_v2_bl1_fix_08:rank71,net_log30,Ascend910B3,20,8.1.RC1+toolkit-7.7.0.1.225,template_v2_bl1_fix_08,22528,688,240,bf16,1,1,searched,calibration_template_probe,20:192:688:240:192:80:64:4:36:1:9:0:4:4:2:2:1:1:1:0:0:0:1020,,1,numeric_signed_axes_full_v3,0.0996123981476,0.0995676040648778,0.0996296024320003,within_noise,within_noise,1
net_log30:template_v2_bl1_fix_08:rank72,net_log30,Ascend910B3,20,8.1.RC1+toolkit-7.7.0.1.225,template_v2_bl1_fix_08,22528,688,240,bf16,1,1,searched,calibration_template_probe,20:256:688:240:256:64:64:4:44:1:11:0:4:4:2:2:1:1:1:0:0:0:1020,,1,numeric_signed_axes_full_v3,0.0996947956085,0.0995676040648895,0.0996296024322685,within_noise,within_noise,1
net_log30:template_v2_bl1_fix_08:rank73,net_log30,Ascend910B3,20,8.1.RC1+toolkit-7.7.0.1.225,template_v2_bl1_fix_08,22528,688,240,bf16,1,1,searched,calibration_template_probe,20:256:688:240:256:64:16:15:165:1:11:0:15:15:2:2:1:1:1:0:0:0:1020,,1,numeric_signed_axes_full_v3,0.100112800598,0.0996240043639673,0.0996603965759469,within_noise,within_noise,1
net_log30:template_v2_bl1_fix_08:rank74,net_log30,Ascend910B3,20,8.1.RC1+toolkit-7.7.0.1.225,template_v2_bl1_fix_08,22528,688,240,bf16,1,1,searched,calibration_template_probe,20:192:688:240:192:112:64:4:28:1:7:0:4:4:2:2:1:1:1:0:0:0:1020,,1,numeric_signed_axes_full_v3,0.099683599472,0.0996240043640323,0.0996603965759056,within_noise,within_noise,1
net_log30:template_v2_bl1_fix_09:rank1,net_log30,Ascend910B3,20,8.1.RC1+toolkit-7.7.0.1.225,template_v2_bl1_fix_09,22784,672,256,fp16,0,0,searched,calibration_template_probe,20:288:672:256:144:48:16:32:224:1:14:1:16:16:1:1:1:1:1:80:1:1:20,,1,numeric_signed_axes_full_v3,0.0868080043793,0.0866516017913691,0.0854096031189055,within_noise,regressed,1
net_log30:template_v2_bl1_fix_09:rank2,net_log30,Ascend910B3,20,8.1.RC1+toolkit-7.7.0.1.225,template_v2_bl1_fix_09,22784,672,256,fp16,0,0,searched,calibration_template_probe,20:160:672:256:80:192:16:32:64:1:4:0:16:16:2:2:2:1:1:143:1:1:20,,1,numeric_signed_axes_full_v3,0.0855387973785,0.0866516017913585,0.0854096031188771,improved,within_noise,1
net_log30:template_v2_bl1_fix_09:rank3,net_log30,Ascend910B3,20,8.1.RC1+toolkit-7.7.0.1.225,template_v2_bl1_fix_09,22784,672,256,fp16,0,0,searched,calibration_template_probe,20:320:672:256:160:112:128:4:12:1:6:1:2:2:1:2:1:1:1:72:1:1:20,,1,numeric_signed_axes_full_v3,0.0868859958649,0.0866516017914273,0.0854096031188859,within_noise,regressed,1
net_log30:template_v2_bl1_fix_09:rank4,net_log30,Ascend910B3,20,8.1.RC1+toolkit-7.7.0.1.225,template_v2_bl1_fix_09,22784,672,256,fp16,0,0,searched,calibration_template_probe,20:128:672:256:64:672:32:16:8:1:1:0:8:8:1:1:1:1:1:178:1:1:20,,1,numeric_signed_axes_full_v3,0.0857431983948,0.0866516017914952,0.0854096031189279,improved,within_noise,1
net_log30:template_v2_bl1_fix_09:rank5,net_log30,Ascend910B3,20,8.1.RC1+toolkit-7.7.0.1.225,template_v2_bl1_fix_09,22784,672,256,fp16,0,0,searched,calibration_template_probe,20:192:672:256:96:48:16:32:224:1:14:1:16:16:2:2:2:1:1:119:1:1:20,,1,numeric_signed_axes_full_v3,0.086819601059,0.0866516017914349,0.0854096031189002,within_noise,regressed,1
net_log30:template_v2_bl1_fix_09:rank6,net_log30,Ascend910B3,20,8.1.RC1+toolkit-7.7.0.1.225,template_v2_bl1_fix_09,22784,672,256,fp16,0,0,searched,calibration_template_probe,20:320:672:256:160:48:64:8:56:1:14:0:4:4:1:2:1:1:1:72:1:1:20,,1,numeric_signed_axes_full_v3,0.0855823993683,0.086651601791321,0.0854096031188741,improved,within_noise,1
net_log30:template_v2_bl1_fix_09:rank7,net_log30,Ascend910B3,20,8.1.RC1+toolkit-7.7.0.1.225,template_v2_bl1_fix_09,22784,672,256,fp16,0,0,searched,calibration_template_probe,20:256:672:256:128:192:64:8:16:1:4:1:4:4:2:1:1:1:1:89:1:1:20,,1,numeric_signed_axes_full_v3,0.0872344017029,0.0866516017913706,0.0854096031188727,within_noise,regressed,1
net_log30:template_v2_bl1_fix_09:rank8,net_log30,Ascend910B3,20,8.1.RC1+toolkit-7.7.0.1.225,template_v2_bl1_fix_09,22784,672,256,fp16,0,0,searched,calibration_template_probe,20:160:672:256:80:672:16:32:16:1:1:1:16:16:2:2:1:1:1:143:1:1:20,,1,numeric_signed_axes_full_v3,0.0856812000275,0.0866516017915174,0.085409603118902,improved,within_noise,1
net_log30:template_v2_bl1_fix_09:rank9,net_log30,Ascend910B3,20,8.1.RC1+toolkit-7.7.0.1.225,template_v2_bl1_fix_09,22784,672,256,fp16,0,0,searched,calibration_template_probe,20:256:672:256:128:16:16:32:672:1:42:0:16:16:2:1:1:1:1:89:1:1:20,,1,numeric_signed_axes_full_v3,0.0875444030762,0.0866516017913787,0.0856451988219879,regressed,regressed,1
net_log30:template_v2_bl1_fix_09:rank10,net_log30,Ascend910B3,20,8.1.RC1+toolkit-7.7.0.1.225,template_v2_bl1_fix_09,22784,672,256,fp16,0,0,searched,calibration_template_probe,20:288:672:256:144:368:64:8:8:1:2:0:4:4:2:1:1:1:1:80:1:1:20,,1,numeric_signed_axes_full_v3,0.0858016014099,0.0866516017912044,0.0856451988219606,within_noise,within_noise,1
net_log30:template_v2_bl1_fix_09:rank11,net_log30,Ascend910B3,20,8.1.RC1+toolkit-7.7.0.1.225,template_v2_bl1_fix_09,22784,672,256,fp16,0,0,searched,calibration_template_probe,20:288:672:256:144:96:32:16:56:1:7:1:8:8:2:2:2:1:1:80:1:1:20,,1,numeric_signed_axes_full_v3,0.0872095966339,0.0866516017914028,0.0856451988219892,within_noise,regressed,1
net_log30:template_v2_bl1_fix_09:rank12,net_log30,Ascend910B3,20,8.1.RC1+toolkit-7.7.0.1.225,template_v2_bl1_fix_09,22784,672,256,fp16,0,0,searched,calibration_template_probe,20:256:672:256:128:16:64:8:168:1:42:0:4:4:2:2:2:1:1:89:1:1:20,,1,numeric_signed_axes_full_v3,0.0855883979797,0.0866516017910273,0.0856451988218694,improved,within_noise,1
net_log30:template_v2_bl1_fix_09:rank13,net_log30,Ascend910B3,20,8.1.RC1+toolkit-7.7.0.1.225,template_v2_bl1_fix_09,22784,672,256,fp16,0,0,searched,calibration_template_probe,20:288:672:256:144:336:32:16:16:1:2:0:8:8:1:2:1:1:1:80:1:1:20,,1,numeric_signed_axes_full_v3,0.0875660037994,0.0866516017914373,0.0856451988220041,regressed,regressed,1
net_log30:template_v2_bl1_fix_09:rank14,net_log30,Ascend910B3,20,8.1.RC1+toolkit-7.7.0.1.225,template_v2_bl1_fix_09,22784,672,256,fp16,0,0,searched,calibration_template_probe,20:192:672:256:96:384:16:32:32:1:2:1:16:16:1:1:1:1:1:119:1:1:20,,1,numeric_signed_axes_full_v3,0.085471200943,0.0866516017909845,0.0856451988223695,improved,within_noise,1
net_log30:template_v2_bl1_fix_09:rank15,net_log30,Ascend910B3,20,8.1.RC1+toolkit-7.7.0.1.225,template_v2_bl1_fix_09,22784,672,256,fp16,0,0,searched,calibration_template_probe,20:288:672:256:144:224:16:32:48:1:3:0:16:16:1:1:1:1:1:80:1:1:20,,1,numeric_signed_axes_full_v3,0.0870567989349,0.0866516017914404,0.0856451988219828,within_noise,regressed,1
net_log30:template_v2_bl1_fix_09:rank16,net_log30,Ascend910B3,20,8.1.RC1+toolkit-7.7.0.1.225,template_v2_bl1_fix_09,22784,672,256,fp16,0,0,searched,calibration_template_probe,20:128:672:256:64:384:32:16:16:1:2:0:8:8:2:2:1:1:1:178:1:1:20,,1,numeric_signed_axes_full_v3,0.0853960037231,0.0866516017915375,0.0856451988220466,improved,within_noise,1
net_log30:template_v2_bl1_fix_09:rank17,net_log30,Ascend910B3,20,8.1.RC1+toolkit-7.7.0.1.225,template_v2_bl1_fix_09,22784,672,256,fp16,0,0,searched,calibration_template_probe,20:160:672:256:80:128:16:32:96:1:6:1:16:16:2:2:2:1:1:143:1:1:20,,1,numeric_signed_axes_full_v3,0.0868272018433,0.0869023990632879,0.0856451988219636,within_noise,regressed,1
net_log30:template_v2_bl1_fix_09:rank18,net_log30,Ascend910B3,20,8.1.RC1+toolkit-7.7.0.1.225,template_v2_bl1_fix_09,22784,672,256,fp16,0,0,searched,calibration_template_probe,20:192:672:256:96:672:16:32:16:1:1:0:16:16:1:1:1:1:1:119:1:1:20,,1,numeric_signed_axes_full_v3,0.0854100036621,0.0869023990631528,0.0856451988222236,improved,within_noise,1
net_log30:template_v2_bl1_fix_09:rank19,net_log30,Ascend910B3,20,8.1.RC1+toolkit-7.7.0.1.225,template_v2_bl1_fix_09,22784,672,256,fp16,0,0,searched,calibration_template_probe,20:320:672:256:160:16:64:8:168:1:42:0:4:4:2:2:1:1:1:72:1:1:20,,1,numeric_signed_axes_full_v3,0.0876708030701,0.0869023990631338,0.0856451988220062,within_noise,regressed,1
net_log30:template_v2_bl1_fix_09:rank20,net_log30,Ascend910B3,20,8.1.RC1+toolkit-7.7.0.1.225,template_v2_bl1_fix_09,22784,672,256,fp16,0,0,searched,calibration_template_probe,20:320:672:256:160:32:128:4:42:1:21:1:2:2:1:1:1:1:1:72:1:1:20,,1,numeric_signed_axes_full_v3,0.085400800705,0.0869023990630453,0.0856451988222678,improved,within_noise,1
net_log30:template_v2_bl1_fix_09:rank21,net_log30,Ascend910B3,20,8.1.RC1+toolkit-7.7.0.1.225,template_v2_bl1_fix_09,22784,672,256,fp16,0,0,searched,calibration_template_probe,20:160:672:256:80:384:32:16:16:1:2:1:8:8:1:2:1:1:1:143:1:1:20,,1,numeric_signed_axes_full_v3,0.0867951965332,0.0869023990632115,0.0856451988220057,within_noise,regressed,1
net_log30:template_v2_bl1_fix_09:rank22,net_log30,Ascend910B3,20,8.1.RC1+toolkit-7.7.0.1.225,template_v2_bl1_fix_09,22784,672,256,fp16,0,0,searched,calibration_template_probe,20:320:672:256:160:176:32:16:32:1:4:1:8:8:1:2:1:1:1:72:1:1:20,,1,numeric_signed_axes_full_v3,0.0854864025116,0.0869023990631021,0.0856451988223744,improved,within_noise,1
net_log30:template_v2_bl1_fix_09:rank23,net_log30,Ascend910B3,20,8.1.RC1+toolkit-7.7.0.1.225,template_v2_bl1_fix_09,22784,672,256,fp16,0,0,searched,calibration_template_probe,20:224:672:256:112:384:16:32:32:1:2:0:16:16:2:1:1:1:1:102:1:1:20,,1,numeric_signed_axes_full_v3,0.0873291969299,0.0869023990630674,0.085645198822006,within_noise,regressed,1
net_log30:template_v2_bl1_fix_09:rank24,net_log30,Ascend910B3,20,8.1.RC1+toolkit-7.7.0.1.225,template_v2_bl1_fix_09,22784,672,256,fp16,0,0,searched,calibration_template_probe,20:256:672:256:128:192:64:8:16:1:4:1:4:4:2:2:1:1:1:89:1:1:20,,1,numeric_signed_axes_full_v3,0.0856392002106,0.0869023990630303,0.085645198822081,improved,within_noise,1
net_log30:template_v2_bl1_fix_09:rank25,net_log30,Ascend910B3,20,8.1.RC1+toolkit-7.7.0.1.225,template_v2_bl1_fix_09,22784,672,256,fp16,0,0,searched,calibration_template_probe,20:288:672:256:144:16:16:32:672:1:42:0:16:16:2:2:1:1:1:80:1:1:20,,1,numeric_signed_axes_full_v3,0.0870835971832,0.0867203998566419,0.0856167984008914,within_noise,regressed,1
net_log30:template_v2_bl1_fix_09:rank26,net_log30,Ascend910B3,20,8.1.RC1+toolkit-7.7.0.1.225,template_v2_bl1_fix_09,22784,672,256,fp16,0,0,searched,calibration_template_probe,20:320:672:256:160:16:16:32:672:1:42:1:16:16:1:2:1:1:1:72:1:1:20,,1,numeric_signed_axes_full_v3,0.0857100009918,0.0867203998567374,0.085616798400884,improved,within_noise,1
net_log30:template_v2_bl1_fix_09:rank27,net_log30,Ascend910B3,20,8.1.RC1+toolkit-7.7.0.1.225,template_v2_bl1_fix_09,22784,672,256,fp16,0,0,searched,calibration_template_probe,20:192:672:256:96:32:32:16:168:1:21:0:8:8:2:2:2:1:1:119:1:1:20,,1,numeric_signed_axes_full_v3,0.0874275970459,0.086720399856588,0.0856167984009402,within_noise,regressed,1
net_log30:template_v2_bl1_fix_09:rank28,net_log30,Ascend910B3,20,8.1.RC1+toolkit-7.7.0.1.225,template_v2_bl1_fix_09,22784,672,256,fp16,0,0,searched,calibration_template_probe,20:192:672:256:96:240:32:16:24:1:3:0:8:8:1:2:1:1:1:119:1:1:20,,1,numeric_signed_axes_full_v3,0.0855195999146,0.0867203998563453,0.0856167984011846,improved,within_noise,1
net_log30:template_v2_bl1_fix_09:rank29,net_log30,Ascend910B3,20,8.1.RC1+toolkit-7.7.0.1.225,template_v2_bl1_fix_09,22784,672,256,fp16,0,0,searched,calibration_template_probe,20:256:672:256:128:192:32:16:32:1:4:0:8:8:2:1:1:1:1:89:1:1:20,,1,numeric_signed_axes_full_v3,0.0869476032257,0.0867203998566407,0.0856167984009085,within_noise,regressed,1
net_log30:template_v2_bl1_fix_09:rank30,net_log30,Ascend910B3,20,8.1.RC1+toolkit-7.7.0.1.225,template_v2_bl1_fix_09,22784,672,256,fp16,0,0,searched,calibration_template_probe,20:256:672:256:128:112:64:8:24:1:6:0:4:4:2:2:2:1:1:89:1:1:20,,1,numeric_signed_axes_full_v3,0.0855360031128,0.0867203998561969,0.08561679840098,improved,within_noise,1
net_log30:template_v2_bl1_fix_09:rank31,net_log30,Ascend910B3,20,8.1.RC1+toolkit-7.7.0.1.225,template_v2_bl1_fix_09,22784,672,256,fp16,0,0,searched,calibration_template_probe,20:288:672:256:144:80:16:32:144:1:9:0:16:16:2:2:2:1:1:80:1:1:20,,1,numeric_signed_axes_full_v3,0.0868807983398,0.0867203998565584,0.0856167984008736,within_noise,regressed,1
net_log30:template_v2_bl1_fix_09:rank32,net_log30,Ascend910B3,20,8.1.RC1+toolkit-7.7.0.1.225,template_v2_bl1_fix_09,22784,672,256,fp16,0,0,searched,calibration_template_probe,20:128:672:256:64:416:32:16:16:1:2:0:8:8:1:2:1:1:1:178:1:1:20,,1,numeric_signed_axes_full_v3,0.0852999973297,0.0867203998565126,0.0856167984012146,improved,within_noise,1
net_log30:template_v2_bl1_fix_09:rank33,net_log30,Ascend910B3,20,8.1.RC1+toolkit-7.7.0.1.225,template_v2_bl1_fix_09,22784,672,256,fp16,0,0,searched,calibration_template_probe,20:160:672:256:80:336:32:16:16:1:2:1:8:8:2:1:1:1:1:143:1:1:20,,1,numeric_signed_axes_full_v3,0.0868807983398,0.0867203998565584,0.0854967975615833,within_noise,regressed,1
net_log30:template_v2_bl1_fix_09:rank34,net_log30,Ascend910B3,20,8.1.RC1+toolkit-7.7.0.1.225,template_v2_bl1_fix_09,22784,672,256,fp16,0,0,searched,calibration_template_probe,20:320:672:256:160:16:64:8:168:1:42:1:4:4:2:2:2:1:1:72:1:1:20,,1,numeric_signed_axes_full_v3,0.0856387996674,0.0867203998566479,0.0854967975615605,improved,within_noise,1
net_log30:template_v2_bl1_fix_09:rank35,net_log30,Ascend910B3,20,8.1.RC1+toolkit-7.7.0.1.225,template_v2_bl1_fix_09,22784,672,256,fp16,0,0,searched,calibration_template_probe,20:288:672:256:144:112:16:32:96:1:6:0:16:16:2:2:2:1:1:80:1:1:20,,1,numeric_signed_axes_full_v3,0.0873128032684,0.0867203998565725,0.085496797561618,within_noise,regressed,1
net_log30:template_v2_bl1_fix_09:rank36,net_log30,Ascend910B3,20,8.1.RC1+toolkit-7.7.0.1.225,template_v2_bl1_fix_09,22784,672,256,fp16,0,0,searched,calibration_template_probe,20:288:672:256:144:16:16:32:672:1:42:0:16:16:1:1:1:1:1:80:1:1:20,,1,numeric_signed_axes_full_v3,0.0855284023285,0.0867203998568588,0.0854967975616061,improved,within_noise,1
net_log30:template_v2_bl1_fix_09:rank37,net_log30,Ascend910B3,20,8.1.RC1+toolkit-7.7.0.1.225,template_v2_bl1_fix_09,22784,672,256,fp16,0,0,searched,calibration_template_probe,20:320:672:256:160:64:128:4:22:1:11:1:2:2:1:2:1:1:1:72:1:1:20,,1,numeric_signed_axes_full_v3,0.0868715953827,0.0867203998566381,0.0854967975616262,within_noise,regressed,1
net_log30:template_v2_bl1_fix_09:rank38,net_log30,Ascend910B3,20,8.1.RC1+toolkit-7.7.0.1.225,template_v2_bl1_fix_09,22784,672,256,fp16,0,0,searched,calibration_template_probe,20:320:672:256:160:16:32:16:336:1:42:0:8:8:2:2:2:1:1:72:1:1:20,,1,numeric_signed_axes_full_v3,0.0857124042511,0.086720399856418,0.0854967975616006,improved,within_noise,1
net_log30:template_v2_bl1_fix_09:rank39,net_log30,Ascend910B3,20,8.1.RC1+toolkit-7.7.0.1.225,template_v2_bl1_fix_09,22784,672,256,fp16,0,0,searched,calibration_template_probe,20:160:672:256:80:80:32:16:72:1:9:0:8:8:2:2:2:1:1:143:1:1:20,,1,numeric_signed_axes_full_v3,0.0872420024872,0.0867203998565992,0.0854967975615648,within_noise,regressed,1
net_log30:template_v2_bl1_fix_09:rank40,net_log30,Ascend910B3,20,8.1.RC1+toolkit-7.7.0.1.225,template_v2_bl1_fix_09,22784,672,256,fp16,0,0,searched,calibration_template_probe,20:192:672:256:96:176:16:32:64:1:4:1:16:16:1:1:1:1:1:119:1:1:20,,1,numeric_signed_axes_full_v3,0.0855123996735,0.0867203998561767,0.0854967975616353,improved,within_noise,1
net_log30:template_v2_bl1_fix_09:rank41,net_log30,Ascend910B3,20,8.1.RC1+toolkit-7.7.0.1.225,template_v2_bl1_fix_09,22784,672,256,fp16,0,0,searched,calibration_template_probe,20:288:672:256:144:176:16:32:64:1:4:0:16:16:1:2:1:1:1:80:1:1:20,,1,numeric_signed_axes_full_v3,0.0871595954895,0.0868015956878701,0.0854008007049849,within_noise,regressed,1
net_log30:template_v2_bl1_fix_09:rank42,net_log30,Ascend910B3,20,8.1.RC1+toolkit-7.7.0.1.225,template_v2_bl1_fix_09,22784,672,256,fp16,0,0,searched,calibration_template_probe,20:320:672:256:160:336:32:16:16:1:2:1:8:8:1:2:1:1:1:72:1:1:20,,1,numeric_signed_axes_full_v3,0.0857164001465,0.0868015956878511,0.0854008007049664,improved,within_noise,1
net_log30:template_v2_bl1_fix_09:rank43,net_log30,Ascend910B3,20,8.1.RC1+toolkit-7.7.0.1.225,template_v2_bl1_fix_09,22784,672,256,fp16,0,0,searched,calibration_template_probe,20:160:672:256:80:672:32:16:8:1:1:0:8:8:1:1:1:1:1:143:1:1:20,,1,numeric_signed_axes_full_v3,0.0874223995209,0.0868015956879241,0.0854008007050315,within_noise,regressed,1
net_log30:template_v2_bl1_fix_09:rank44,net_log30,Ascend910B3,20,8.1.RC1+toolkit-7.7.0.1.225,template_v2_bl1_fix_09,22784,672,256,fp16,0,0,searched,calibration_template_probe,20:320:672:256:160:16:64:8:168:1:42:1:4:4:1:2:1:1:1:72:1:1:20,,1,numeric_signed_axes_full_v3,0.0854479980469,0.0868015956875423,0.0854008007049586,improved,within_noise,1
net_log30:template_v2_bl1_fix_09:rank45,net_log30,Ascend910B3,20,8.1.RC1+toolkit-7.7.0.1.225,template_v2_bl1_fix_09,22784,672,256,fp16,0,0,searched,calibration_template_probe,20:320:672:256:160:64:16:32:176:1:11:1:16:16:2:2:2:1:1:72:1:1:20,,1,numeric_signed_axes_full_v3,0.0867872047424,0.0868015956882064,0.0854008007050158,within_noise,regressed,1
net_log30:template_v2_bl1_fix_09:rank46,net_log30,Ascend910B3,20,8.1.RC1+toolkit-7.7.0.1.225,template_v2_bl1_fix_09,22784,672,256,fp16,0,0,searched,calibration_template_probe,20:192:672:256:96:416:32:16:16:1:2:1:8:8:1:2:1:1:1:119:1:1:20,,1,numeric_signed_axes_full_v3,0.0854020023346,0.0868015956876335,0.085400800705027,improved,within_noise,1
net_log30:template_v2_bl1_fix_09:rank47,net_log30,Ascend910B3,20,8.1.RC1+toolkit-7.7.0.1.225,template_v2_bl1_fix_09,22784,672,256,fp16,0,0,searched,calibration_template_probe,20:256:672:256:128:96:32:16:56:1:7:1:8:8:2:2:2:1:1:89:1:1:20,,1,numeric_signed_axes_full_v3,0.0869587993622,0.086801595687942,0.0854008007049576,within_noise,regressed,1
net_log30:template_v2_bl1_fix_09:rank48,net_log30,Ascend910B3,20,8.1.RC1+toolkit-7.7.0.1.225,template_v2_bl1_fix_09,22784,672,256,fp16,0,0,searched,calibration_template_probe,20:160:672:256:80:160:16:32:80:1:5:0:16:16:2:2:2:1:1:143:1:1:20,,1,numeric_signed_axes_full_v3,0.0857763957977,0.086801595687712,0.0854008007050273,improved,within_noise,1
net_log30:template_v2_bl1_fix_09:rank49,net_log30,Ascend910B3,20,8.1.RC1+toolkit-7.7.0.1.225,template_v2_bl1_fix_09,22784,672,256,fp16,0,0,searched,calibration_template_probe,20:192:672:256:96:384:32:16:16:1:2:0:8:8:1:2:1:1:1:119:1:1:20,,1,numeric_signed_axes_full_v3,0.0874192047119,0.0868015956879208,0.0854008007050234,within_noise,regressed,1
net_log30:template_v2_bl1_fix_09:rank50,net_log30,Ascend910B3,20,8.1.RC1+toolkit-7.7.0.1.225,template_v2_bl1_fix_09,22784,672,256,fp16,0,0,searched,calibration_template_probe,20:256:672:256:128:16:32:16:336:1:42:1:8:8:1:1:1:1:1:89:1:1:20,,1,numeric_signed_axes_full_v3,0.085476398468,0.0868015956878872,0.0854008007050321,improved,within_noise,1
net_log30:template_v2_bl1_fix_09:rank51,net_log30,Ascend910B3,20,8.1.RC1+toolkit-7.7.0.1.225,template_v2_bl1_fix_09,22784,672,256,fp16,0,0,searched,calibration_template_probe,20:288:672:256:144:48:16:32:224:1:14:0:16:16:2:1:1:1:1:80:1:1:20,,1,numeric_signed_axes_full_v3,0.0870804023743,0.0868015956879065,0.0854008007050397,within_noise,regressed,1
net_log30:template_v2_bl1_fix_09:rank52,net_log30,Ascend910B3,20,8.1.RC1+toolkit-7.7.0.1.225,template_v2_bl1_fix_09,22784,672,256,fp16,0,0,searched,calibration_template_probe,20:288:672:256:144:16:64:8:168:1:42:0:4:4:2:2:2:1:1:80:1:1:20,,1,numeric_signed_axes_full_v3,0.0854796028137,0.0868015956879829,0.0854008007049603,improved,within_noise,1
net_log30:template_v2_bl1_fix_09:rank53,net_log30,Ascend910B3,20,8.1.RC1+toolkit-7.7.0.1.225,template_v2_bl1_fix_09,22784,672,256,fp16,0,0,searched,calibration_template_probe,20:288:672:256:144:64:16:32:176:1:11:0:16:16:2:2:2:1:1:80:1:1:20,,1,numeric_signed_axes_full_v3,0.0869491958618,0.0868015956878935,0.0854008007050023,within_noise,regressed,1
net_log30:template_v2_bl1_fix_09:rank54,net_log30,Ascend910B3,20,8.1.RC1+toolkit-7.7.0.1.225,template_v2_bl1_fix_09,22784,672,256,fp16,0,0,searched,calibration_template_probe,20:288:672:256:144:176:64:8:16:1:4:0:4:4:1:2:1:1:1:80:1:1:20,,1,numeric_signed_axes_full_v3,0.0855191993713,0.0868015956882123,0.0854008007049763,improved,within_noise,1
net_log30:template_v2_bl1_fix_09:rank55,net_log30,Ascend910B3,20,8.1.RC1+toolkit-7.7.0.1.225,template_v2_bl1_fix_09,22784,672,256,fp16,0,0,searched,calibration_template_probe,20:256:672:256:128:64:32:16:88:1:11:0:8:8:2:2:2:1:1:89:1:1:20,,1,numeric_signed_axes_full_v3,0.0869299983978,0.0868015956878986,0.0854008007049777,within_noise,regressed,1
net_log30:template_v2_bl1_fix_09:rank56,net_log30,Ascend910B3,20,8.1.RC1+toolkit-7.7.0.1.225,template_v2_bl1_fix_09,22784,672,256,fp16,0,0,searched,calibration_template_probe,20:256:672:256:128:112:32:16:48:1:6:0:8:8:2:2:2:1:1:89:1:1:20,,1,numeric_signed_axes_full_v3,0.0856276035309,0.0868015956882741,0.0854008007050038,improved,within_noise,1
net_log30:template_v2_bl1_fix_09:rank57,net_log30,Ascend910B3,20,8.1.RC1+toolkit-7.7.0.1.225,template_v2_bl1_fix_09,22784,672,256,fp16,0,0,searched,calibration_template_probe,20:320:672:256:160:16:32:16:336:1:42:1:8:8:1:2:1:1:1:72:1:1:20,,1,numeric_signed_axes_full_v3,0.087124004364,0.0868400001525634,0.0857244014739807,within_noise,regressed,1
net_log30:template_v2_bl1_fix_09:rank58,net_log30,Ascend910B3,20,8.1.RC1+toolkit-7.7.0.1.225,template_v2_bl1_fix_09,22784,672,256,fp16,0,0,searched,calibration_template_probe,20:288:672:256:144:96:16:32:112:1:7:1:16:16:1:1:1:1:1:80:1:1:20,,1,numeric_signed_axes_full_v3,0.0856367969513,0.0868400001528517,0.0857244014737478,improved,within_noise,1
net_log30:template_v2_bl1_fix_09:rank59,net_log30,Ascend910B3,20,8.1.RC1+toolkit-7.7.0.1.225,template_v2_bl1_fix_09,22784,672,256,fp16,0,0,searched,calibration_template_probe,20:160:672:256:80:96:32:16:56:1:7:0:8:8:2:2:2:1:1:143:1:1:20,,1,numeric_signed_axes_full_v3,0.087298002243,0.0868400001526163,0.0857244014739895,within_noise,regressed,1
net_log30:template_v2_bl1_fix_09:rank60,net_log30,Ascend910B3,20,8.1.RC1+toolkit-7.7.0.1.225,template_v2_bl1_fix_09,22784,672,256,fp16,0,0,searched,calibration_template_probe,20:256:672:256:256:64:16:16:176:1:11:0:16:16:2:2:1:1:1:0:0:0:1020,,1,numeric_signed_axes_full_v3,0.0858292007446,0.0868400001526364,0.0857244014740016,improved,within_noise,1
net_log30:template_v2_bl1_fix_09:rank61,net_log30,Ascend910B3,20,8.1.RC1+toolkit-7.7.0.1.225,template_v2_bl1_fix_09,22784,672,256,fp16,0,0,searched,calibration_template_probe,20:256:672:256:256:96:64:4:28:1:7:0:4:4:2:2:1:1:1:0:0:0:1020,,1,numeric_signed_axes_full_v3,0.086890001297,0.0868400001525868,0.0857244014740259,within_noise,regressed,1
net_log30:template_v2_bl1_fix_09:rank62,net_log30,Ascend910B3,20,8.1.RC1+toolkit-7.7.0.1.225,template_v2_bl1_fix_09,22784,672,256,fp16,0,0,searched,calibration_template_probe,20:128:672:256:128:256:32:8:24:1:3:0:8:8:2:2:1:1:1:0:0:0:1020,,1,numeric_signed_axes_full_v3,0.0853668022156,0.0868400001525442,0.0857244014742022,improved,within_noise,1
net_log30:template_v2_bl1_fix_09:rank63,net_log30,Ascend910B3,20,8.1.RC1+toolkit-7.7.0.1.225,template_v2_bl1_fix_09,22784,672,256,fp16,0,0,searched,calibration_template_probe,20:192:672:256:192:160:64:4:20:1:5:0:4:4:2:2:1:1:1:0:0:0:1020,,1,numeric_signed_axes_full_v3,0.0868128013611,0.0868400001529408,0.0857244014740186,within_noise,regressed,1
net_log30:template_v2_bl1_fix_09:rank64,net_log30,Ascend910B3,20,8.1.RC1+toolkit-7.7.0.1.225,template_v2_bl1_fix_09,22784,672,256,fp16,0,0,searched,calibration_template_probe,20:256:672:256:256:128:32:8:48:1:6:0:8:8:2:2:1:1:1:0:0:0:1020,,1,numeric_signed_axes_full_v3,0.0858584022522,0.0868400001529725,0.08572440147397,improved,within_noise,1
net_log30:template_v2_bl1_fix_09:rank65,net_log30,Ascend910B3,20,8.1.RC1+toolkit-7.7.0.1.225,template_v2_bl1_fix_09,22784,672,256,fp16,0,0,searched,calibration_template_probe,20:128:672:256:128:256:32:16:24:1:3:0:8:8:2:2:1:1:1:0:0:0:1020,,1,numeric_signed_axes_full_v3,0.0867523956299,0.086840000152671,0.0855659961699846,within_noise,regressed,1
net_log30:template_v2_bl1_fix_09:rank66,net_log30,Ascend910B3,20,8.1.RC1+toolkit-7.7.0.1.225,template_v2_bl1_fix_09,22784,672,256,fp16,0,0,searched,calibration_template_probe,20:192:672:256:192:32:64:4:84:1:21:0:4:4:2:2:1:1:1:0:0:0:1020,,1,numeric_signed_axes_full_v3,0.0855564022064,0.0868400001526222,0.0855659961702401,improved,within_noise,1
net_log30:template_v2_bl1_fix_09:rank67,net_log30,Ascend910B3,20,8.1.RC1+toolkit-7.7.0.1.225,template_v2_bl1_fix_09,22784,672,256,fp16,0,0,searched,calibration_template_probe,20:256:672:256:256:96:16:16:112:1:7:0:16:16:2:2:1:1:1:0:0:0:1020,,1,numeric_signed_axes_full_v3,0.0872420024872,0.0868400001525771,0.0855659961699569,within_noise,regressed,1
net_log30:template_v2_bl1_fix_09:rank68,net_log30,Ascend910B3,20,8.1.RC1+toolkit-7.7.0.1.225,template_v2_bl1_fix_09,22784,672,256,fp16,0,0,searched,calibration_template_probe,20:256:672:256:256:32:32:8:168:1:21:0:8:8:2:2:1:1:1:0:0:0:1020,,1,numeric_signed_axes_full_v3,0.0856264019012,0.086840000152258,0.0855659961700373,improved,within_noise,1
net_log30:template_v2_bl1_fix_09:rank69,net_log30,Ascend910B3,20,8.1.RC1+toolkit-7.7.0.1.225,template_v2_bl1_fix_09,22784,672,256,fp16,0,0,searched,calibration_template_probe,20:256:672:256:256:128:16:16:96:1:6:0:16:16:2:2:1:1:1:0:0:0:1020,,1,numeric_signed_axes_full_v3,0.087099199295,0.0868400001526035,0.0855659961699721,within_noise,regressed,1
net_log30:template_v2_bl1_fix_09:rank70,net_log30,Ascend910B3,20,8.1.RC1+toolkit-7.7.0.1.225,template_v2_bl1_fix_09,22784,672,256,fp16,0,0,searched,calibration_template_probe,20:192:672:256:192:112:64:4:24:1:6:0:4:4:2:2:1:1:1:0:0:0:1020,,1,numeric_signed_axes_full_v3,0.0856095981598,0.086840000152202,0.0855659961699635,improved,within_noise,1
net_log30:template_v2_bl1_fix_09:rank71,net_log30,Ascend910B3,20,8.1.RC1+toolkit-7.7.0.1.225,template_v2_bl1_fix_09,22784,672,256,fp16,0,0,searched,calibration_template_probe,20:256:672:256:256:32:64:4:84:1:21:0:4:4:2:2:1:1:1:0:0:0:1020,,1,numeric_signed_axes_full_v3,0.0874328041077,0.0868400001525592,0.0855659961699833,within_noise,regressed,1
net_log30:template_v2_bl1_fix_09:rank72,net_log30,Ascend910B3,20,8.1.RC1+toolkit-7.7.0.1.225,template_v2_bl1_fix_09,22784,672,256,fp16,0,0,searched,calibration_template_probe,20:192:672:256:192:80:64:4:36:1:9:0:4:4:2:2:1:1:1:0:0:0:1020,,1,numeric_signed_axes_full_v3,0.0855811977386,0.0868400001527588,0.0855659961699615,improved,within_noise,1
net_log30:template_v2_bl1_fix_09:rank73,net_log30,Ascend910B3,20,8.1.RC1+toolkit-7.7.0.1.225,template_v2_bl1_fix_09,22784,672,256,fp16,0,0,searched,calibration_template_probe,20:256:672:256:256:32:16:16:336:1:21:0:16:16:2:2:1:1:1:0:0:0:1020,,1,numeric_signed_axes_full_v3,0.0876539993286,0.0871555995940587,0.0853715991973746,within_noise,regressed,1
net_log30:template_v2_bl1_fix_09:rank74,net_log30,Ascend910B3,20,8.1.RC1+toolkit-7.7.0.1.225,template_v2_bl1_fix_09,22784,672,256,fp16,0,0,searched,calibration_template_probe,20:256:672:256:256:64:64:4:44:1:11:0:4:4:2:2:1:1:1:0:0:0:1020,,1,numeric_signed_axes_full_v3,0.0856103992462,0.0871555995943318,0.0853715991974025,improved,within_noise,1
net_log30:template_v2_bl1_fix_10:rank1,net_log30,Ascend910B3,20,8.1.RC1+toolkit-7.7.0.1.225,template_v2_bl1_fix_10,23040,496,272,bf16,0,1,searched,calibration_template_probe,20:288:496:272:144:16:16:34:527:1:31:1:17:17:1:1:1:1:1:80:1:1:20,,1,numeric_signed_axes_full_v3,0.0883679962158,0.088442802429541,0.0872916030883708,within_noise,regressed,1
net_log30:template_v2_bl1_fix_10:rank2,net_log30,Ascend910B3,20,8.1.RC1+toolkit-7.7.0.1.225,template_v2_bl1_fix_10,23040,496,272,bf16,0,1,searched,calibration_template_probe,20:192:496:272:96:160:16:34:68:1:4:0:17:17:2:2:2:1:1:120:1:1:20,,1,numeric_signed_axes_full_v3,0.0873052024841,0.0884428024293618,0.0872916030883813,improved,within_noise,1
net_log30:template_v2_bl1_fix_10:rank3,net_log30,Ascend910B3,20,8.1.RC1+toolkit-7.7.0.1.225,template_v2_bl1_fix_10,23040,496,272,bf16,0,1,searched,calibration_template_probe,20:448:496:272:224:16:16:34:527:1:31:0:17:17:2:2:1:1:1:52:1:1:20,,1,numeric_signed_axes_full_v3,0.0887759971619,0.0884428024292136,0.0872916030883568,within_noise,regressed,1
net_log30:template_v2_bl1_fix_10:rank4,net_log30,Ascend910B3,20,8.1.RC1+toolkit-7.7.0.1.225,template_v2_bl1_fix_10,23040,496,272,bf16,0,1,searched,calibration_template_probe,20:384:496:272:192:272:16:34:34:1:2:0:17:17:1:1:1:1:1:60:1:1:20,,1,numeric_signed_axes_full_v3,0.0872163963318,0.0884428024293908,0.0872916030887919,improved,within_noise,1
net_log30:template_v2_bl1_fix_10:rank5,net_log30,Ascend910B3,20,8.1.RC1+toolkit-7.7.0.1.225,template_v2_bl1_fix_10,23040,496,272,bf16,0,1,searched,calibration_template_probe,20:288:496:272:144:32:16:34:272:1:16:1:17:17:2:2:2:1:1:80:1:1:20,,1,numeric_signed_axes_full_v3,0.0885243988037,0.0884428024291596,0.0872916030884228,within_noise,regressed,1
net_log30:template_v2_bl1_fix_10:rank6,net_log30,Ascend910B3,20,8.1.RC1+toolkit-7.7.0.1.225,template_v2_bl1_fix_10,23040,496,272,bf16,0,1,searched,calibration_template_probe,20:224:496:272:112:496:16:34:17:1:1:1:17:17:1:2:1:1:1:103:1:1:20,,1,numeric_signed_axes_full_v3,0.0876900005341,0.0884428024293724,0.0872916030884218,within_noise,within_noise,1
net_log30:template_v2_bl1_fix_10:rank7,net_log30,Ascend910B3,20,8.1.RC1+toolkit-7.7.0.1.225,template_v2_bl1_fix_10,23040,496,272,bf16,0,1,searched,calibration_template_probe,20:384:496:272:192:80:16:34:119:1:7:1:17:17:2:2:2:1:1:60:1:1:20,,1,numeric_signed_axes_full_v3,0.0885711956024,0.0884428024292414,0.0872916030883867,within_noise,regressed,1
net_log30:template_v2_bl1_fix_10:rank8,net_log30,Ascend910B3,20,8.1.RC1+toolkit-7.7.0.1.225,template_v2_bl1_fix_10,23040,496,272,bf16,0,1,searched,calibration_template_probe,20:320:496:272:160:176:32:18:27:1:3:0:9:9:1:2:1:1:1:72:1:1:20,,1,numeric_signed_axes_full_v3,0.0878931999207,0.0884428024289935,0.087291603088428,within_noise,within_noise,1
net_log30:template_v2_bl1_fix_10:rank9,net_log30,Ascend910B3,20,8.1.RC1+toolkit-7.7.0.1.225,template_v2_bl1_fix_10,23040,496,272,bf16,0,1,searched,calibration_template_probe,20:320:496:272:160:144:16:34:68:1:4:0:17:17:2:1:1:1:1:72:1:1:20,,1,numeric_signed_axes_full_v3,0.0883703994751,0.0885523986813235,0.0877443981170837,within_noise,within_noise,1
net_log30:template_v2_bl1_fix_10:rank10,net_log30,Ascend910B3,20,8.1.RC1+toolkit-7.7.0.1.225,template_v2_bl1_fix_10,23040,496,272,bf16,0,1,searched,calibration_template_probe,20:384:496:272:192:48:16:34:187:1:11:0:17:17:2:2:2:1:1:60:1:1:20,,1,numeric_signed_axes_full_v3,0.0872395992279,0.0885523986814597,0.0877443981169158,improved,within_noise,1
net_log30:template_v2_bl1_fix_10:rank11,net_log30,Ascend910B3,20,8.1.RC1+toolkit-7.7.0.1.225,template_v2_bl1_fix_10,23040,496,272,bf16,0,1,searched,calibration_template_probe,20:256:496:272:128:496:16:34:17:1:1:0:17:17:2:1:1:1:1:90:1:1:20,,1,numeric_signed_axes_full_v3,0.0891736030579,0.0885523986816332,0.0877443981171419,within_noise,regressed,1
net_log30:template_v2_bl1_fix_10:rank12,net_log30,Ascend910B3,20,8.1.RC1+toolkit-7.7.0.1.225,template_v2_bl1_fix_10,23040,496,272,bf16,0,1,searched,calibration_template_probe,20:448:496:272:224:32:16:34:272:1:16:1:17:17:1:2:1:1:1:52:1:1:20,,1,numeric_signed_axes_full_v3,0.0872507953644,0.0885523986812092,0.0877443981172368,improved,within_noise,1
net_log30:template_v2_bl1_fix_10:rank13,net_log30,Ascend910B3,20,8.1.RC1+toolkit-7.7.0.1.225,template_v2_bl1_fix_10,23040,496,272,bf16,0,1,searched,calibration_template_probe,20:416:496:272:208:32:16:34:272:1:16:1:17:17:2:1:1:1:1:56:1:1:20,,1,numeric_signed_axes_full_v3,0.0882975959778,0.0885523986815697,0.0877443981170581,within_noise,within_noise,1
net_log30:template_v2_bl1_fix_10:rank14,net_log30,Ascend910B3,20,8.1.RC1+toolkit-7.7.0.1.225,template_v2_bl1_fix_10,23040,496,272,bf16,0,1,searched,calibration_template_probe,20:416:496:272:208:16:16:34:527:1:31:0:17:17:1:1:1:1:1:56:1:1:20,,1,numeric_signed_axes_full_v3,0.0877787971497,0.0885523986814393,0.0877443981171164,within_noise,within_noise,1
net_log30:template_v2_bl1_fix_10:rank15,net_log30,Ascend910B3,20,8.1.RC1+toolkit-7.7.0.1.225,template_v2_bl1_fix_10,23040,496,272,bf16,0,1,searched,calibration_template_probe,20:288:496:272:144:224:16:34:51:1:3:1:17:17:1:1:1:1:1:80:1:1:20,,1,numeric_signed_axes_full_v3,0.0886443996429,0.088552398681579,0.087744398117137,within_noise,regressed,1
net_log30:template_v2_bl1_fix_10:rank16,net_log30,Ascend910B3,20,8.1.RC1+toolkit-7.7.0.1.225,template_v2_bl1_fix_10,23040,496,272,bf16,0,1,searched,calibration_template_probe,20:192:496:272:96:112:16:34:85:1:5:1:17:17:2:2:2:1:1:120:1:1:20,,1,numeric_signed_axes_full_v3,0.0872939968109,0.0885523986817911,0.0877443981172325,improved,within_noise,1
net_log30:template_v2_bl1_fix_10:rank17,net_log30,Ascend910B3,20,8.1.RC1+toolkit-7.7.0.1.225,template_v2_bl1_fix_10,23040,496,272,bf16,0,1,searched,calibration_template_probe,20:192:496:272:96:496:16:34:17:1:1:0:17:17:1:1:1:1:1:120:1:1:20,,1,numeric_signed_axes_full_v3,0.0883555984497,0.0878396034240561,0.087689199447639,within_noise,within_noise,1
net_log30:template_v2_bl1_fix_10:rank18,net_log30,Ascend910B3,20,8.1.RC1+toolkit-7.7.0.1.225,template_v2_bl1_fix_10,23040,496,272,bf16,0,1,searched,calibration_template_probe,20:288:496:272:144:32:16:34:272:1:16:0:17:17:1:2:1:1:1:80:1:1:20,,1,numeric_signed_axes_full_v3,0.0874800014496,0.0878396034244064,0.0876891994472001,within_noise,within_noise,1
net_log30:template_v2_bl1_fix_10:rank19,net_log30,Ascend910B3,20,8.1.RC1+toolkit-7.7.0.1.225,template_v2_bl1_fix_10,23040,496,272,bf16,0,1,searched,calibration_template_probe,20:416:496:272:208:128:16:34:68:1:4:1:17:17:1:1:1:1:1:56:1:1:20,,1,numeric_signed_axes_full_v3,0.0887071990967,0.087839603424091,0.0876891994475966,within_noise,regressed,1
net_log30:template_v2_bl1_fix_10:rank20,net_log30,Ascend910B3,20,8.1.RC1+toolkit-7.7.0.1.225,template_v2_bl1_fix_10,23040,496,272,bf16,0,1,searched,calibration_template_probe,20:384:496:272:192:16:16:34:527:1:31:0:17:17:2:2:2:1:1:60:1:1:20,,1,numeric_signed_axes_full_v3,0.0876968002319,0.0878396034239117,0.0876891994476186,within_noise,within_noise,1
net_log30:template_v2_bl1_fix_10:rank21,net_log30,Ascend910B3,20,8.1.RC1+toolkit-7.7.0.1.225,template_v2_bl1_fix_10,23040,496,272,bf16,0,1,searched,calibration_template_probe,20:256:496:272:128:128:16:34:68:1:4:0:17:17:1:1:1:1:1:90:1:1:20,,1,numeric_signed_axes_full_v3,0.0878096008301,0.0878396034239648,0.0876891994476205,within_noise,within_noise,1
net_log30:template_v2_bl1_fix_10:rank22,net_log30,Ascend910B3,20,8.1.RC1+toolkit-7.7.0.1.225,template_v2_bl1_fix_10,23040,496,272,bf16,0,1,searched,calibration_template_probe,20:288:496:272:144:16:16:34:527:1:31:1:17:17:2:2:1:1:1:80:1:1:20,,1,numeric_signed_axes_full_v3,0.0873196029663,0.0878396034240891,0.0876891994473845,within_noise,within_noise,1
net_log30:template_v2_bl1_fix_10:rank23,net_log30,Ascend910B3,20,8.1.RC1+toolkit-7.7.0.1.225,template_v2_bl1_fix_10,23040,496,272,bf16,0,1,searched,calibration_template_probe,20:384:496:272:192:32:48:12:96:1:16:0:6:6:2:1:1:1:1:60:1:1:20,,1,numeric_signed_axes_full_v3,0.087345199585,0.0878396034238413,0.0876891994473815,within_noise,within_noise,1
net_log30:template_v2_bl1_fix_10:rank24,net_log30,Ascend910B3,20,8.1.RC1+toolkit-7.7.0.1.225,template_v2_bl1_fix_10,23040,496,272,bf16,0,1,searched,calibration_template_probe,20:256:496:272:128:32:16:34:272:1:16:0:17:17:2:2:2:1:1:90:1:1:20,,1,numeric_signed_axes_full_v3,0.0873204040527,0.0878396034237651,0.0876891994477618,within_noise,within_noise,1
net_log30:template_v2_bl1_fix_10:rank25,net_log30,Ascend910B3,20,8.1.RC1+toolkit-7.7.0.1.225,template_v2_bl1_fix_10,23040,496,272,bf16,0,1,searched,calibration_template_probe,20:192:496:272:96:496:16:34:17:1:1:1:17:17:2:2:1:1:1:120:1:1:20,,1,numeric_signed_axes_full_v3,0.0877143955231,0.0874304008484106,0.0876891994476416,within_noise,within_noise,1
net_log30:template_v2_bl1_fix_10:rank26,net_log30,Ascend910B3,20,8.1.RC1+toolkit-7.7.0.1.225,template_v2_bl1_fix_10,23040,496,272,bf16,0,1,searched,calibration_template_probe,20:256:496:272:128:128:16:34:68:1:4:1:17:17:2:2:2:1:1:90:1:1:20,,1,numeric_signed_axes_full_v3,0.0871160030365,0.0874304008487718,0.0876891994472547,within_noise,within_noise,1
net_log30:template_v2_bl1_fix_10:rank27,net_log30,Ascend910B3,20,8.1.RC1+toolkit-7.7.0.1.225,template_v2_bl1_fix_10,23040,496,272,bf16,0,1,searched,calibration_template_probe,20:192:496:272:96:96:16:34:102:1:6:0:17:17:2:2:2:1:1:120:1:1:20,,1,numeric_signed_axes_full_v3,0.0872360038757,0.0874304008484446,0.0876891994477447,within_noise,within_noise,1
net_log30:template_v2_bl1_fix_10:rank28,net_log30,Ascend910B3,20,8.1.RC1+toolkit-7.7.0.1.225,template_v2_bl1_fix_10,23040,496,272,bf16,0,1,searched,calibration_template_probe,20:320:496:272:160:320:16:34:34:1:2:0:17:17:2:1:1:1:1:72:1:1:20,,1,numeric_signed_axes_full_v3,0.0880731964111,0.0874304008484217,0.0876891994476014,within_noise,within_noise,1
net_log30:template_v2_bl1_fix_10:rank29,net_log30,Ascend910B3,20,8.1.RC1+toolkit-7.7.0.1.225,template_v2_bl1_fix_10,23040,496,272,bf16,0,1,searched,calibration_template_probe,20:448:496:272:224:64:16:34:136:1:8:0:17:17:1:2:1:1:1:52:1:1:20,,1,numeric_signed_axes_full_v3,0.0874604034424,0.0874304008484083,0.087689199447616,within_noise,within_noise,1
net_log30:template_v2_bl1_fix_10:rank30,net_log30,Ascend910B3,20,8.1.RC1+toolkit-7.7.0.1.225,template_v2_bl1_fix_10,23040,496,272,bf16,0,1,searched,calibration_template_probe,20:448:496:272:224:64:16:34:136:1:8:1:17:17:2:2:1:1:1:52:1:1:20,,1,numeric_signed_axes_full_v3,0.0876272010803,0.0874304008483976,0.0876891994473951,within_noise,within_noise,1
net_log30:template_v2_bl1_fix_10:rank31,net_log30,Ascend910B3,20,8.1.RC1+toolkit-7.7.0.1.225,template_v2_bl1_fix_10,23040,496,272,bf16,0,1,searched,calibration_template_probe,20:416:496:272:208:64:16:34:136:1:8:0:17:17:2:2:2:1:1:56:1:1:20,,1,numeric_signed_axes_full_v3,0.0873007965088,0.0874304008486999,0.0876891994478491,within_noise,within_noise,1
net_log30:template_v2_bl1_fix_10:rank32,net_log30,Ascend910B3,20,8.1.RC1+toolkit-7.7.0.1.225,template_v2_bl1_fix_10,23040,496,272,bf16,0,1,searched,calibration_template_probe,20:288:496:272:144:32:16:34:272:1:16:0:17:17:2:1:1:1:1:80:1:1:20,,1,numeric_signed_axes_full_v3,0.0872391986847,0.0874304008486707,0.0876891994473086,within_noise,within_noise,1
net_log30:template_v2_bl1_fix_10:rank33,net_log30,Ascend910B3,20,8.1.RC1+toolkit-7.7.0.1.225,template_v2_bl1_fix_10,23040,496,272,bf16,0,1,searched,calibration_template_probe,20:288:496:272:144:288:32:18:18:1:2:0:9:9:1:2:1:1:1:80:1:1:20,,1,numeric_signed_axes_full_v3,0.0877192020416,0.0870668029785071,0.0876959991454683,within_noise,within_noise,1
net_log30:template_v2_bl1_fix_10:rank34,net_log30,Ascend910B3,20,8.1.RC1+toolkit-7.7.0.1.225,template_v2_bl1_fix_10,23040,496,272,bf16,0,1,searched,calibration_template_probe,20:256:496:272:128:64:16:34:136:1:8:1:17:17:2:2:2:1:1:90:1:1:20,,1,numeric_signed_axes_full_v3,0.0872811985016,0.0870668029784797,0.0876959991453814,within_noise,within_noise,1
net_log30:template_v2_bl1_fix_10:rank35,net_log30,Ascend910B3,20,8.1.RC1+toolkit-7.7.0.1.225,template_v2_bl1_fix_10,23040,496,272,bf16,0,1,searched,calibration_template_probe,20:288:496:272:144:96:16:34:102:1:6:0:17:17:2:2:2:1:1:80:1:1:20,,1,numeric_signed_axes_full_v3,0.087113199234,0.0870668029785096,0.0876959991456399,within_noise,within_noise,1
net_log30:template_v2_bl1_fix_10:rank36,net_log30,Ascend910B3,20,8.1.RC1+toolkit-7.7.0.1.225,template_v2_bl1_fix_10,23040,496,272,bf16,0,1,searched,calibration_template_probe,20:320:496:272:160:80:16:34:119:1:7:1:17:17:2:2:2:1:1:72:1:1:20,,1,numeric_signed_axes_full_v3,0.0877355957031,0.0870668029784844,0.0876959991455012,within_noise,within_noise,1
net_log30:template_v2_bl1_fix_10:rank37,net_log30,Ascend910B3,20,8.1.RC1+toolkit-7.7.0.1.225,template_v2_bl1_fix_10,23040,496,272,bf16,0,1,searched,calibration_template_probe,20:416:496:272:208:128:16:34:68:1:4:0:17:17:2:1:1:1:1:56:1:1:20,,1,numeric_signed_axes_full_v3,0.0871068000793,0.0870668029784828,0.0876959991456473,within_noise,within_noise,1
net_log30:template_v2_bl1_fix_10:rank38,net_log30,Ascend910B3,20,8.1.RC1+toolkit-7.7.0.1.225,template_v2_bl1_fix_10,23040,496,272,bf16,0,1,searched,calibration_template_probe,20:384:496:272:192:32:16:34:272:1:16:0:17:17:2:2:1:1:1:60:1:1:20,,1,numeric_signed_axes_full_v3,0.0877472019196,0.0870668029784703,0.0876959991455017,within_noise,within_noise,1
net_log30:template_v2_bl1_fix_10:rank39,net_log30,Ascend910B3,20,8.1.RC1+toolkit-7.7.0.1.225,template_v2_bl1_fix_10,23040,496,272,bf16,0,1,searched,calibration_template_probe,20:320:496:272:160:96:32:18:54:1:6:1:9:9:2:2:2:1:1:72:1:1:20,,1,numeric_signed_axes_full_v3,0.0875432014465,0.087066802978457,0.0876959991454536,within_noise,within_noise,1
net_log30:template_v2_bl1_fix_10:rank40,net_log30,Ascend910B3,20,8.1.RC1+toolkit-7.7.0.1.225,template_v2_bl1_fix_10,23040,496,272,bf16,0,1,searched,calibration_template_probe,20:288:496:272:144:64:16:34:136:1:8:0:17:17:2:2:2:1:1:80:1:1:20,,1,numeric_signed_axes_full_v3,0.0878155994415,0.0870668029785211,0.0876959991454894,within_noise,within_noise,1
net_log30:template_v2_bl1_fix_10:rank41,net_log30,Ascend910B3,20,8.1.RC1+toolkit-7.7.0.1.225,template_v2_bl1_fix_10,23040,496,272,bf16,0,1,searched,calibration_template_probe,20:352:496:272:176:176:16:34:51:1:3:1:17:17:1:1:1:1:1:66:1:1:20,,1,numeric_signed_axes_full_v3,0.0876784038544,0.0870668029784806,0.0876959991450873,within_noise,within_noise,1
net_log30:template_v2_bl1_fix_10:rank42,net_log30,Ascend910B3,20,8.1.RC1+toolkit-7.7.0.1.225,template_v2_bl1_fix_10,23040,496,272,bf16,0,1,searched,calibration_template_probe,20:384:496:272:192:16:32:18:279:1:31:1:9:9:1:2:1:1:1:60:1:1:20,,1,numeric_signed_axes_full_v3,0.0873491954803,0.0870668029785299,0.0876959991458718,within_noise,within_noise,1
net_log30:template_v2_bl1_fix_10:rank43,net_log30,Ascend910B3,20,8.1.RC1+toolkit-7.7.0.1.225,template_v2_bl1_fix_10,23040,496,272,bf16,0,1,searched,calibration_template_probe,20:448:496:272:224:32:16:34:272:1:16:1:17:17:1:1:1:1:1:52:1:1:20,,1,numeric_signed_axes_full_v3,0.0871599960327,0.0870668029785427,0.0876959991458181,within_noise,within_noise,1
net_log30:template_v2_bl1_fix_10:rank44,net_log30,Ascend910B3,20,8.1.RC1+toolkit-7.7.0.1.225,template_v2_bl1_fix_10,23040,496,272,bf16,0,1,searched,calibration_template_probe,20:416:496:272:208:32:16:34:272:1:16:0:17:17:2:2:2:1:1:56:1:1:20,,1,numeric_signed_axes_full_v3,0.0878176021576,0.087066802978476,0.0876959991455374,within_noise,within_noise,1
net_log30:template_v2_bl1_fix_10:rank45,net_log30,Ascend910B3,20,8.1.RC1+toolkit-7.7.0.1.225,template_v2_bl1_fix_10,23040,496,272,bf16,0,1,searched,calibration_template_probe,20:288:496:272:144:16:16:34:527:1:31:0:17:17:2:2:2:1:1:80:1:1:20,,1,numeric_signed_axes_full_v3,0.0874184036255,0.0870668029785034,0.0876959991454756,within_noise,within_noise,1
net_log30:template_v2_bl1_fix_10:rank46,net_log30,Ascend910B3,20,8.1.RC1+toolkit-7.7.0.1.225,template_v2_bl1_fix_10,23040,496,272,bf16,0,1,searched,calibration_template_probe,20:224:496:272:112:96:16:34:102:1:6:1:17:17:2:2:2:1:1:103:1:1:20,,1,numeric_signed_axes_full_v3,0.0873948001862,0.0870668029785077,0.0876959991453573,within_noise,within_noise,1
net_log30:template_v2_bl1_fix_10:rank47,net_log30,Ascend910B3,20,8.1.RC1+toolkit-7.7.0.1.225,template_v2_bl1_fix_10,23040,496,272,bf16,0,1,searched,calibration_template_probe,20:416:496:272:208:32:16:34:272:1:16:0:17:17:1:2:1:1:1:56:1:1:20,,1,numeric_signed_axes_full_v3,0.0871000003815,0.0870668029784796,0.0876959991456115,within_noise,within_noise,1
net_log30:template_v2_bl1_fix_10:rank48,net_log30,Ascend910B3,20,8.1.RC1+toolkit-7.7.0.1.225,template_v2_bl1_fix_10,23040,496,272,bf16,0,1,searched,calibration_template_probe,20:320:496:272:160:48:16:34:187:1:11:1:17:17:1:1:1:1:1:72:1:1:20,,1,numeric_signed_axes_full_v3,0.0874608039856,0.087066802978464,0.0876959991454153,within_noise,within_noise,1
net_log30:template_v2_bl1_fix_10:rank49,net_log30,Ascend910B3,20,8.1.RC1+toolkit-7.7.0.1.225,template_v2_bl1_fix_10,23040,496,272,bf16,0,1,searched,calibration_template_probe,20:352:496:272:176:80:16:34:119:1:7:1:17:17:2:2:2:1:1:66:1:1:20,,1,numeric_signed_axes_full_v3,0.0877571964264,0.0871076011658031,0.0877363967896351,within_noise,within_noise,1
net_log30:template_v2_bl1_fix_10:rank50,net_log30,Ascend910B3,20,8.1.RC1+toolkit-7.7.0.1.225,template_v2_bl1_fix_10,23040,496,272,bf16,0,1,searched,calibration_template_probe,20:416:496:272:208:16:16:34:527:1:31:1:17:17:2:2:1:1:1:56:1:1:20,,1,numeric_signed_axes_full_v3,0.0871611976624,0.0871076011657781,0.0877363967896413,within_noise,within_noise,1
net_log30:template_v2_bl1_fix_10:rank51,net_log30,Ascend910B3,20,8.1.RC1+toolkit-7.7.0.1.225,template_v2_bl1_fix_10,23040,496,272,bf16,0,1,searched,calibration_template_probe,20:192:496:272:96:144:16:34:68:1:4:0:17:17:2:2:2:1:1:120:1:1:20,,1,numeric_signed_axes_full_v3,0.087891998291,0.0871076011657873,0.087736396789579,within_noise,within_noise,1
net_log30:template_v2_bl1_fix_10:rank52,net_log30,Ascend910B3,20,8.1.RC1+toolkit-7.7.0.1.225,template_v2_bl1_fix_10,23040,496,272,bf16,0,1,searched,calibration_template_probe,20:384:496:272:192:64:16:34:136:1:8:0:17:17:2:2:2:1:1:60:1:1:20,,1,numeric_signed_axes_full_v3,0.087519197464,0.0871076011657748,0.0877363967899899,within_noise,within_noise,1
net_log30:template_v2_bl1_fix_10:rank53,net_log30,Ascend910B3,20,8.1.RC1+toolkit-7.7.0.1.225,template_v2_bl1_fix_10,23040,496,272,bf16,0,1,searched,calibration_template_probe,20:192:496:272:96:128:16:34:68:1:4:1:17:17:2:2:2:1:1:120:1:1:20,,1,numeric_signed_axes_full_v3,0.0878771972656,0.0871076011657676,0.0877363967895825,within_noise,within_noise,1
net_log30:template_v2_bl1_fix_10:rank54,net_log30,Ascend910B3,20,8.1.RC1+toolkit-7.7.0.1.225,template_v2_bl1_fix_10,23040,496,272,bf16,0,1,searched,calibration_template_probe,20:384:496:272:192:32:16:34:272:1:16:0:17:17:2:2:2:1:1:60:1:1:20,,1,numeric_signed_axes_full_v3,0.0874932003021,0.087107601165834,0.0877363967892546,within_noise,within_noise,1
net_log30:template_v2_bl1_fix_10:rank55,net_log30,Ascend910B3,20,8.1.RC1+toolkit-7.7.0.1.225,template_v2_bl1_fix_10,23040,496,272,bf16,0,1,searched,calibration_template_probe,20:416:496:272:208:16:16:34:527:1:31:0:17:17:2:2:2:1:1:56:1:1:20,,1,numeric_signed_axes_full_v3,0.0878124046326,0.0871076011658145,0.0877363967896341,within_noise,within_noise,1
net_log30:template_v2_bl1_fix_10:rank56,net_log30,Ascend910B3,20,8.1.RC1+toolkit-7.7.0.1.225,template_v2_bl1_fix_10,23040,496,272,bf16,0,1,searched,calibration_template_probe,20:384:496:272:192:16:16:34:527:1:31:0:17:17:1:1:1:1:1:60:1:1:20,,1,numeric_signed_axes_full_v3,0.0871424007416,0.0871076011657942,0.0877363967894367,within_noise,within_noise,1
net_log30:template_v2_bl1_fix_10:rank57,net_log30,Ascend910B3,20,8.1.RC1+toolkit-7.7.0.1.225,template_v2_bl1_fix_10,23040,496,272,bf16,0,1,searched,calibration_template_probe,20:448:496:272:224:16:16:34:527:1:31:0:17:17:1:1:1:1:1:52:1:1:20,,1,numeric_signed_axes_full_v3,0.087157201767,0.0872068023683616,0.0872272014617556,within_noise,within_noise,1
net_log30:template_v2_bl1_fix_10:rank58,net_log30,Ascend910B3,20,8.1.RC1+toolkit-7.7.0.1.225,template_v2_bl1_fix_10,23040,496,272,bf16,0,1,searched,calibration_template_probe,20:416:496:272:208:48:16:34:187:1:11:1:17:17:2:2:1:1:1:56:1:1:20,,1,numeric_signed_axes_full_v3,0.0873915958405,0.0872068023681613,0.0872272014618046,within_noise,within_noise,1
net_log30:template_v2_bl1_fix_10:rank59,net_log30,Ascend910B3,20,8.1.RC1+toolkit-7.7.0.1.225,template_v2_bl1_fix_10,23040,496,272,bf16,0,1,searched,calibration_template_probe,20:320:496:272:160:192:32:18:27:1:3:0:9:9:1:2:1:1:1:72:1:1:20,,1,numeric_signed_axes_full_v3,0.0877772045135,0.0872068023681714,0.0872272014617747,within_noise,within_noise,1
net_log30:template_v2_bl1_fix_10:rank60,net_log30,Ascend910B3,20,8.1.RC1+toolkit-7.7.0.1.225,template_v2_bl1_fix_10,23040,496,272,bf16,0,1,searched,calibration_template_probe,20:128:496:272:128:192:32:9:27:1:3:0:9:9:2:2:1:1:1:0:0:0:1020,,1,numeric_signed_axes_full_v3,0.0874483966827,0.0872068023681684,0.0872272014617839,within_noise,within_noise,1
net_log30:template_v2_bl1_fix_10:rank61,net_log30,Ascend910B3,20,8.1.RC1+toolkit-7.7.0.1.225,template_v2_bl1_fix_10,23040,496,272,bf16,0,1,searched,calibration_template_probe,20:384:496:272:384:16:32:9:279:1:31:0:9:9:2:2:1:1:1:0:0:0:1020,,1,numeric_signed_axes_full_v3,0.0876799964905,0.087206802368237,0.0872272014618109,within_noise,within_noise,1
net_log30:template_v2_bl1_fix_10:rank62,net_log30,Ascend910B3,20,8.1.RC1+toolkit-7.7.0.1.225,template_v2_bl1_fix_10,23040,496,272,bf16,0,1,searched,calibration_template_probe,20:256:496:272:256:32:16:17:272:1:16:0:17:17:2:2:1:1:1:0:0:0:1020,,1,numeric_signed_axes_full_v3,0.087178401947,0.0872068023679727,0.0872272014619339,within_noise,within_noise,1
net_log30:template_v2_bl1_fix_10:rank63,net_log30,Ascend910B3,20,8.1.RC1+toolkit-7.7.0.1.225,template_v2_bl1_fix_10,23040,496,272,bf16,0,1,searched,calibration_template_probe,20:256:496:272:256:96:32:9:54:1:6:0:9:9:2:2:1:1:1:0:0:0:1020,,1,numeric_signed_axes_full_v3,0.0873435974121,0.0872068023682094,0.0872272014618039,within_noise,within_noise,1
net_log30:template_v2_bl1_fix_10:rank64,net_log30,Ascend910B3,20,8.1.RC1+toolkit-7.7.0.1.225,template_v2_bl1_fix_10,23040,496,272,bf16,0,1,searched,calibration_template_probe,20:128:496:272:128:128:32:18:36:1:4:0:9:9:2:2:1:1:1:0:0:0:1020,,1,numeric_signed_axes_full_v3,0.0873416042328,0.087206802368235,0.0872272014617659,within_noise,within_noise,1
net_log30:template_v2_bl1_fix_10:rank65,net_log30,Ascend910B3,20,8.1.RC1+toolkit-7.7.0.1.225,template_v2_bl1_fix_10,23040,496,272,bf16,0,1,searched,calibration_template_probe,20:128:496:272:128:256:32:18:18:1:2:0:9:9:2:2:1:1:1:0:0:0:1020,,1,numeric_signed_axes_full_v3,0.0871360015869,0.0872068023678278,0.087227201461727,within_noise,within_noise,1
net_log30:template_v2_bl1_fix_10:rank66,net_log30,Ascend910B3,20,8.1.RC1+toolkit-7.7.0.1.225,template_v2_bl1_fix_10,23040,496,272,bf16,0,1,searched,calibration_template_probe,20:256:496:272:256:128:16:17:68:1:4:0:17:17:2:2:1:1:1:0:0:0:1020,,1,numeric_signed_axes_full_v3,0.0879164028168,0.0872068023681567,0.0872272014618202,within_noise,within_noise,1
net_log30:template_v2_bl1_fix_10:rank67,net_log30,Ascend910B3,20,8.1.RC1+toolkit-7.7.0.1.225,template_v2_bl1_fix_10,23040,496,272,bf16,0,1,searched,calibration_template_probe,20:128:496:272:128:192:32:18:27:1:3:0:9:9:2:2:1:1:1:0:0:0:1020,,1,numeric_signed_axes_full_v3,0.0872943973541,0.0872068023681783,0.0872272014618374,within_noise,within_noise,1
net_log30:template_v2_bl1_fix_10:rank68,net_log30,Ascend910B3,20,8.1.RC1+toolkit-7.7.0.1.225,template_v2_bl1_fix_10,23040,496,272,bf16,0,1,searched,calibration_template_probe,20:256:496:272:256:96:16:17:102:1:6:0:17:17:2:2:1:1:1:0:0:0:1020,,1,numeric_signed_axes_full_v3,0.0871047973633,0.0872068023682736,0.0872272014616733,within_noise,within_noise,1
net_log30:template_v2_bl1_fix_10:rank69,net_log30,Ascend910B3,20,8.1.RC1+toolkit-7.7.0.1.225,template_v2_bl1_fix_10,23040,496,272,bf16,0,1,searched,calibration_template_probe,20:128:496:272:128:256:32:9:18:1:2:0:9:9:2:2:1:1:1:0:0:0:1020,,1,numeric_signed_axes_full_v3,0.0877552032471,0.0872068023681649,0.0872272014618133,within_noise,within_noise,1
net_log30:template_v2_bl1_fix_10:rank70,net_log30,Ascend910B3,20,8.1.RC1+toolkit-7.7.0.1.225,template_v2_bl1_fix_10,23040,496,272,bf16,0,1,searched,calibration_template_probe,20:256:496:272:256:32:32:9:144:1:16:0:9:9:2:2:1:1:1:0:0:0:1020,,1,numeric_signed_axes_full_v3,0.0877332019806,0.0872068023682143,0.0872272014618003,within_noise,within_noise,1
net_log30:template_v2_bl1_fix_10:rank71,net_log30,Ascend910B3,20,8.1.RC1+toolkit-7.7.0.1.225,template_v2_bl1_fix_10,23040,496,272,bf16,0,1,searched,calibration_template_probe,20:384:496:272:384:32:32:9:144:1:16:0:9:9:2:2:1:1:1:0:0:0:1020,,1,numeric_signed_axes_full_v3,0.0872712039948,0.0872068023682093,0.0872272014618108,within_noise,within_noise,1
net_log30:template_v2_bl1_fix_10:rank72,net_log30,Ascend910B3,20,8.1.RC1+toolkit-7.7.0.1.225,template_v2_bl1_fix_10,23040,496,272,bf16,0,1,searched,calibration_template_probe,20:256:496:272:256:128:32:9:36:1:4:0:9:9:2:2:1:1:1:0:0:0:1020,,1,numeric_signed_axes_full_v3,0.0873104000092,0.08720680236824,0.0872272014618333,within_noise,within_noise,1
net_log30:template_v2_bl1_fix_10:rank73,net_log30,Ascend910B3,20,8.1.RC1+toolkit-7.7.0.1.225,template_v2_bl1_fix_10,23040,496,272,bf16,0,1,searched,calibration_template_probe,20:256:496:272:256:64:16:17:136:1:8:0:17:17:2:2:1:1:1:0:0:0:1020,,1,numeric_signed_axes_full_v3,0.0877608013153,0.0871955966949082,0.0871212005615262,within_noise,within_noise,1
net_log30:template_v2_bl1_fix_10:rank74,net_log30,Ascend910B3,20,8.1.RC1+toolkit-7.7.0.1.225,template_v2_bl1_fix_10,23040,496,272,bf16,0,1,searched,calibration_template_probe,20:128:496:272:128:64:32:18:72:1:8:0:9:9:2:2:1:1:1:0:0:0:1020,,1,numeric_signed_axes_full_v3,0.0876128005981,0.0871955966948653,0.0871212005614806,within_noise,within_noise,1
net_log30:template_v2_bl1_fix_11:rank1,net_log30,Ascend910B3,20,8.1.RC1+toolkit-7.7.0.1.225,template_v2_bl1_fix_11,23296,496,288,fp16,1,0,searched,calibration_template_probe,20:256:496:288:128:16:32:18:279:1:31:1:9:9:1:1:1:1:1:91:1:1:20,,1,numeric_signed_axes_full_v3,0.0705480003357,0.0703755998611004,0.070460400581385,within_noise,within_noise,1
net_log30:template_v2_bl1_fix_11:rank2,net_log30,Ascend910B3,20,8.1.RC1+toolkit-7.7.0.1.225,template_v2_bl1_fix_11,23296,496,288,fp16,1,0,searched,calibration_template_probe,20:256:496:288:128:128:48:12:24:1:4:0:6:6:2:2:2:1:1:91:1:1:20,,1,numeric_signed_axes_full_v3,0.0706091976166,0.0703755998611133,0.0704604005814113,within_noise,within_noise,1
net_log30:template_v2_bl1_fix_11:rank3,net_log30,Ascend910B3,20,8.1.RC1+toolkit-7.7.0.1.225,template_v2_bl1_fix_11,23296,496,288,fp16,1,0,searched,calibration_template_probe,20:224:496:288:112:336:16:36:36:1:2:0:18:18:2:1:1:1:1:104:1:1:20,,1,numeric_signed_axes_full_v3,0.0705183982849,0.0703755998611003,0.0704604005813965,within_noise,within_noise,1
net_log30:template_v2_bl1_fix_11:rank4,net_log30,Ascend910B3,20,8.1.RC1+toolkit-7.7.0.1.225,template_v2_bl1_fix_11,23296,496,288,fp16,1,0,searched,calibration_template_probe,20:256:496:288:128:16:16:36:558:1:31:0:18:18:2:2:2:1:1:91:1:1:20,,1,numeric_signed_axes_full_v3,0.0707251977921,0.0703755998610886,0.0704604005813691,within_noise,within_noise,1
net_log30:template_v2_bl1_fix_11:rank5,net_log30,Ascend910B3,20,8.1.RC1+toolkit-7.7.0.1.225,template_v2_bl1_fix_11,23296,496,288,fp16,1,0,searched,calibration_template_probe,20:224:496:288:112:496:16:36:18:1:1:1:18:18:1:2:1:1:1:104:1:1:20,,1,numeric_signed_axes_full_v3,0.0704288005829,0.0703755998611304,0.0704604005813713,within_noise,within_noise,1
net_log30:template_v2_bl1_fix_11:rank6,net_log30,Ascend910B3,20,8.1.RC1+toolkit-7.7.0.1.225,template_v2_bl1_fix_11,23296,496,288,fp16,1,0,searched,calibration_template_probe,20:320:496:288:160:112:48:12:30:1:5:0:6:6:1:2:1:1:1:73:1:1:20,,1,numeric_signed_axes_full_v3,0.0703904008865,0.0703755998610769,0.070460400581243,within_noise,within_noise,1
net_log30:template_v2_bl1_fix_11:rank7,net_log30,Ascend910B3,20,8.1.RC1+toolkit-7.7.0.1.225,template_v2_bl1_fix_11,23296,496,288,fp16,1,0,searched,calibration_template_probe,20:352:496:288:176:48:16:36:198:1:11:1:18:18:2:2:2:1:1:67:1:1:20,,1,numeric_signed_axes_full_v3,0.0706171989441,0.0703755998611103,0.0704604005813798,within_noise,within_noise,1
net_log30:template_v2_bl1_fix_11:rank8,net_log30,Ascend910B3,20,8.1.RC1+toolkit-7.7.0.1.225,template_v2_bl1_fix_11,23296,496,288,fp16,1,0,searched,calibration_template_probe,20:256:496:288:128:496:48:12:6:1:1:0:6:6:1:1:1:1:1:91:1:1:20,,1,numeric_signed_axes_full_v3,0.0705304002762,0.0703755998611137,0.070460400581427,within_noise,within_noise,1
net_log30:template_v2_bl1_fix_11:rank9,net_log30,Ascend910B3,20,8.1.RC1+toolkit-7.7.0.1.225,template_v2_bl1_fix_11,23296,496,288,fp16,1,0,searched,calibration_template_probe,20:256:496:288:128:256:96:6:6:1:2:1:3:3:2:1:1:1:1:91:1:1:20,,1,numeric_signed_axes_full_v3,0.070609998703,0.070419998168931,0.0703915977478257,within_noise,within_noise,1
net_log30:template_v2_bl1_fix_11:rank10,net_log30,Ascend910B3,20,8.1.RC1+toolkit-7.7.0.1.225,template_v2_bl1_fix_11,23296,496,288,fp16,1,0,searched,calibration_template_probe,20:160:496:288:80:336:32:18:18:1:2:1:9:9:2:2:1:1:1:146:1:1:20,,1,numeric_signed_axes_full_v3,0.0706468009949,0.0704199981689301,0.0703915977477926,within_noise,within_noise,1
net_log30:template_v2_bl1_fix_11:rank11,net_log30,Ascend910B3,20,8.1.RC1+toolkit-7.7.0.1.225,template_v2_bl1_fix_11,23296,496,288,fp16,1,0,searched,calibration_template_probe,20:256:496:288:128:16:96:6:93:1:31:0:3:3:2:2:1:1:1:91:1:1:20,,1,numeric_signed_axes_full_v3,0.0704144001007,0.0704199981687332,0.0703915977477756,within_noise,within_noise,1
net_log30:template_v2_bl1_fix_11:rank12,net_log30,Ascend910B3,20,8.1.RC1+toolkit-7.7.0.1.225,template_v2_bl1_fix_11,23296,496,288,fp16,1,0,searched,calibration_template_probe,20:224:496:288:112:224:32:18:27:1:3:1:9:9:1:2:1:1:1:104:1:1:20,,1,numeric_signed_axes_full_v3,0.0705524015427,0.0704199981688651,0.0703915977477729,within_noise,within_noise,1
net_log30:template_v2_bl1_fix_11:rank13,net_log30,Ascend910B3,20,8.1.RC1+toolkit-7.7.0.1.225,template_v2_bl1_fix_11,23296,496,288,fp16,1,0,searched,calibration_template_probe,20:192:496:288:96:128:16:36:72:1:4:1:18:18:2:2:2:1:1:122:1:1:20,,1,numeric_signed_axes_full_v3,0.0705212020874,0.0704199981688781,0.0703915977478076,within_noise,within_noise,1
net_log30:template_v2_bl1_fix_11:rank14,net_log30,Ascend910B3,20,8.1.RC1+toolkit-7.7.0.1.225,template_v2_bl1_fix_11,23296,496,288,fp16,1,0,searched,calibration_template_probe,20:320:496:288:160:128:96:6:12:1:4:0:3:3:1:2:1:1:1:73:1:1:20,,1,numeric_signed_axes_full_v3,0.0704752016068,0.0704199981688987,0.0703915977478283,within_noise,within_noise,1
net_log30:template_v2_bl1_fix_11:rank15,net_log30,Ascend910B3,20,8.1.RC1+toolkit-7.7.0.1.225,template_v2_bl1_fix_11,23296,496,288,fp16,1,0,searched,calibration_template_probe,20:224:496:288:112:192:32:18:27:1:3:0:9:9:2:2:1:1:1:104:1:1:20,,1,numeric_signed_axes_full_v3,0.07042719841,0.070419998168884,0.070391597747772,within_noise,within_noise,1
net_log30:template_v2_bl1_fix_11:rank16,net_log30,Ascend910B3,20,8.1.RC1+toolkit-7.7.0.1.225,template_v2_bl1_fix_11,23296,496,288,fp16,1,0,searched,calibration_template_probe,20:384:496:288:192:64:32:18:72:1:8:0:9:9:2:2:2:1:1:61:1:1:20,,1,numeric_signed_axes_full_v3,0.0704107999802,0.0704199981689868,0.0703915977477818,within_noise,within_noise,1
net_log30:template_v2_bl1_fix_11:rank17,net_log30,Ascend910B3,20,8.1.RC1+toolkit-7.7.0.1.225,template_v2_bl1_fix_11,23296,496,288,fp16,1,0,searched,calibration_template_probe,20:256:496:288:128:304:48:12:12:1:2:1:6:6:1:1:1:1:1:91:1:1:20,,1,numeric_signed_axes_full_v3,0.0706040000916,0.0704848003387231,0.0703915977477693,within_noise,within_noise,1
net_log30:template_v2_bl1_fix_11:rank18,net_log30,Ascend910B3,20,8.1.RC1+toolkit-7.7.0.1.225,template_v2_bl1_fix_11,23296,496,288,fp16,1,0,searched,calibration_template_probe,20:192:496:288:96:304:32:18:18:1:2:0:9:9:1:2:1:1:1:122:1:1:20,,1,numeric_signed_axes_full_v3,0.0705068016052,0.0704848003387073,0.0703915977478022,within_noise,within_noise,1
net_log30:template_v2_bl1_fix_11:rank19,net_log30,Ascend910B3,20,8.1.RC1+toolkit-7.7.0.1.225,template_v2_bl1_fix_11,23296,496,288,fp16,1,0,searched,calibration_template_probe,20:256:496:288:128:496:16:36:18:1:1:0:18:18:2:1:1:1:1:91:1:1:20,,1,numeric_signed_axes_full_v3,0.0704835987091,0.0704848003388649,0.0703915977478281,within_noise,within_noise,1
net_log30:template_v2_bl1_fix_11:rank20,net_log30,Ascend910B3,20,8.1.RC1+toolkit-7.7.0.1.225,template_v2_bl1_fix_11,23296,496,288,fp16,1,0,searched,calibration_template_probe,20:192:496:288:96:496:32:18:9:1:1:0:9:9:1:2:1:1:1:122:1:1:20,,1,numeric_signed_axes_full_v3,0.0705380010605,0.0704848003386672,0.0703915977477977,within_noise,within_noise,1
net_log30:template_v2_bl1_fix_11:rank21,net_log30,Ascend910B3,20,8.1.RC1+toolkit-7.7.0.1.225,template_v2_bl1_fix_11,23296,496,288,fp16,1,0,searched,calibration_template_probe,20:320:496:288:160:16:16:36:558:1:31:1:18:18:1:2:1:1:1:73:1:1:20,,1,numeric_signed_axes_full_v3,0.0704443979263,0.0704848003385979,0.0703915977477821,within_noise,within_noise,1
net_log30:template_v2_bl1_fix_11:rank22,net_log30,Ascend910B3,20,8.1.RC1+toolkit-7.7.0.1.225,template_v2_bl1_fix_11,23296,496,288,fp16,1,0,searched,calibration_template_probe,20:288:496:288:144:304:16:36:36:1:2:0:18:18:1:1:1:1:1:81:1:1:20,,1,numeric_signed_axes_full_v3,0.0705068016052,0.0704848003387073,0.0703915977478022,within_noise,within_noise,1
net_log30:template_v2_bl1_fix_11:rank23,net_log30,Ascend910B3,20,8.1.RC1+toolkit-7.7.0.1.225,template_v2_bl1_fix_11,23296,496,288,fp16,1,0,searched,calibration_template_probe,20:320:496:288:160:96:32:18:54:1:6:1:9:9:2:2:2:1:1:73:1:1:20,,1,numeric_signed_axes_full_v3,0.0705584001541,0.0704848003386936,0.070391597747811,within_noise,within_noise,1
net_log30:template_v2_bl1_fix_11:rank24,net_log30,Ascend910B3,20,8.1.RC1+toolkit-7.7.0.1.225,template_v2_bl1_fix_11,23296,496,288,fp16,1,0,searched,calibration_template_probe,20:256:496:288:128:80:48:12:42:1:7:0:6:6:2:2:2:1:1:91:1:1:20,,1,numeric_signed_axes_full_v3,0.0703692007065,0.0704848003386539,0.0703915977481464,within_noise,within_noise,1
net_log30:template_v2_bl1_fix_11:rank25,net_log30,Ascend910B3,20,8.1.RC1+toolkit-7.7.0.1.225,template_v2_bl1_fix_11,23296,496,288,fp16,1,0,searched,calibration_template_probe,20:352:496:288:176:256:16:36:36:1:2:0:18:18:2:1:1:1:1:67:1:1:20,,1,numeric_signed_axes_full_v3,0.0705376005173,0.0704720020294031,0.07053599834437,within_noise,within_noise,1
net_log30:template_v2_bl1_fix_11:rank26,net_log30,Ascend910B3,20,8.1.RC1+toolkit-7.7.0.1.225,template_v2_bl1_fix_11,23296,496,288,fp16,1,0,searched,calibration_template_probe,20:352:496:288:176:64:48:12:48:1:8:1:6:6:2:1:1:1:1:67:1:1:20,,1,numeric_signed_axes_full_v3,0.0704799985886,0.0704720020293809,0.0705359983446146,within_noise,within_noise,1
net_log30:template_v2_bl1_fix_11:rank27,net_log30,Ascend910B3,20,8.1.RC1+toolkit-7.7.0.1.225,template_v2_bl1_fix_11,23296,496,288,fp16,1,0,searched,calibration_template_probe,20:320:496:288:160:144:16:36:72:1:4:0:18:18:1:1:1:1:1:73:1:1:20,,1,numeric_signed_axes_full_v3,0.0707236003876,0.0704720020293895,0.0705359983444001,within_noise,within_noise,1
net_log30:template_v2_bl1_fix_11:rank28,net_log30,Ascend910B3,20,8.1.RC1+toolkit-7.7.0.1.225,template_v2_bl1_fix_11,23296,496,288,fp16,1,0,searched,calibration_template_probe,20:352:496:288:176:256:16:36:36:1:2:1:18:18:1:2:1:1:1:67:1:1:20,,1,numeric_signed_axes_full_v3,0.070926399231,0.0704720020294089,0.0705359983444347,within_noise,within_noise,1
net_log30:template_v2_bl1_fix_11:rank29,net_log30,Ascend910B3,20,8.1.RC1+toolkit-7.7.0.1.225,template_v2_bl1_fix_11,23296,496,288,fp16,1,0,searched,calibration_template_probe,20:320:496:288:160:16:48:12:186:1:31:0:6:6:2:2:1:1:1:73:1:1:20,,1,numeric_signed_axes_full_v3,0.0705344009399,0.0704720020293832,0.0705359983444689,within_noise,within_noise,1
net_log30:template_v2_bl1_fix_11:rank30,net_log30,Ascend910B3,20,8.1.RC1+toolkit-7.7.0.1.225,template_v2_bl1_fix_11,23296,496,288,fp16,1,0,searched,calibration_template_probe,20:256:496:288:128:304:16:36:36:1:2:1:18:18:2:1:1:1:1:91:1:1:20,,1,numeric_signed_axes_full_v3,0.0703096008301,0.0704720020290627,0.0705359983445138,within_noise,within_noise,1
net_log30:template_v2_bl1_fix_11:rank31,net_log30,Ascend910B3,20,8.1.RC1+toolkit-7.7.0.1.225,template_v2_bl1_fix_11,23296,496,288,fp16,1,0,searched,calibration_template_probe,20:224:496:288:112:496:48:12:6:1:1:1:6:6:1:1:1:1:1:104:1:1:20,,1,numeric_signed_axes_full_v3,0.0705179977417,0.0704720020293846,0.0705359983442141,within_noise,within_noise,1
net_log30:template_v2_bl1_fix_11:rank32,net_log30,Ascend910B3,20,8.1.RC1+toolkit-7.7.0.1.225,template_v2_bl1_fix_11,23296,496,288,fp16,1,0,searched,calibration_template_probe,20:320:496:288:160:80:48:12:42:1:7:0:6:6:2:1:1:1:1:73:1:1:20,,1,numeric_signed_axes_full_v3,0.0705143976212,0.0704720020294197,0.0705359983445731,within_noise,within_noise,1
net_log30:template_v2_bl1_fix_11:rank33,net_log30,Ascend910B3,20,8.1.RC1+toolkit-7.7.0.1.225,template_v2_bl1_fix_11,23296,496,288,fp16,1,0,searched,calibration_template_probe,20:224:496:288:112:336:32:18:18:1:2:0:9:9:2:2:1:1:1:104:1:1:20,,1,numeric_signed_axes_full_v3,0.0705507993698,0.0704720020293695,0.0703747987747058,within_noise,within_noise,1
net_log30:template_v2_bl1_fix_11:rank34,net_log30,Ascend910B3,20,8.1.RC1+toolkit-7.7.0.1.225,template_v2_bl1_fix_11,23296,496,288,fp16,1,0,searched,calibration_template_probe,20:320:496:288:160:128:48:12:24:1:4:1:6:6:1:1:1:1:1:73:1:1:20,,1,numeric_signed_axes_full_v3,0.0707403993607,0.0704720020294135,0.0703747987746784,within_noise,within_noise,1
net_log30:template_v2_bl1_fix_11:rank35,net_log30,Ascend910B3,20,8.1.RC1+toolkit-7.7.0.1.225,template_v2_bl1_fix_11,23296,496,288,fp16,1,0,searched,calibration_template_probe,20:256:496:288:128:32:48:12:96:1:16:1:6:6:2:2:2:1:1:91:1:1:20,,1,numeric_signed_axes_full_v3,0.0704899978638,0.0704720020294272,0.07037479877472,within_noise,within_noise,1
net_log30:template_v2_bl1_fix_11:rank36,net_log30,Ascend910B3,20,8.1.RC1+toolkit-7.7.0.1.225,template_v2_bl1_fix_11,23296,496,288,fp16,1,0,searched,calibration_template_probe,20:320:496:288:160:176:32:18:27:1:3:1:9:9:1:2:1:1:1:73:1:1:20,,1,numeric_signed_axes_full_v3,0.0705367994308,0.0704720020293888,0.0703747987747347,within_noise,within_noise,1
net_log30:template_v2_bl1_fix_11:rank37,net_log30,Ascend910B3,20,8.1.RC1+toolkit-7.7.0.1.225,template_v2_bl1_fix_11,23296,496,288,fp16,1,0,searched,calibration_template_probe,20:352:496:288:176:256:48:12:12:1:2:0:6:6:1:1:1:1:1:67:1:1:20,,1,numeric_signed_axes_full_v3,0.0705408000946,0.0704720020293789,0.0703747987747252,within_noise,within_noise,1
net_log30:template_v2_bl1_fix_11:rank38,net_log30,Ascend910B3,20,8.1.RC1+toolkit-7.7.0.1.225,template_v2_bl1_fix_11,23296,496,288,fp16,1,0,searched,calibration_template_probe,20:192:496:288:96:496:16:36:18:1:1:0:18:18:1:1:1:1:1:122:1:1:20,,1,numeric_signed_axes_full_v3,0.0705823993683,0.0704720020294226,0.0703747987747084,within_noise,within_noise,1
net_log30:template_v2_bl1_fix_11:rank39,net_log30,Ascend910B3,20,8.1.RC1+toolkit-7.7.0.1.225,template_v2_bl1_fix_11,23296,496,288,fp16,1,0,searched,calibration_template_probe,20:192:496:288:96:496:16:36:18:1:1:0:18:18:2:2:1:1:1:122:1:1:20,,1,numeric_signed_axes_full_v3,0.0704292011261,0.0704720020291911,0.0703747987746846,within_noise,within_noise,1
net_log30:template_v2_bl1_fix_11:rank40,net_log30,Ascend910B3,20,8.1.RC1+toolkit-7.7.0.1.225,template_v2_bl1_fix_11,23296,496,288,fp16,1,0,searched,calibration_template_probe,20:320:496:288:160:16:32:18:279:1:31:0:9:9:1:2:1:1:1:73:1:1:20,,1,numeric_signed_axes_full_v3,0.070436000824,0.0704720020290708,0.0703747987746752,within_noise,within_noise,1
net_log30:template_v2_bl1_fix_11:rank41,net_log30,Ascend910B3,20,8.1.RC1+toolkit-7.7.0.1.225,template_v2_bl1_fix_11,23296,496,288,fp16,1,0,searched,calibration_template_probe,20:384:496:288:192:64:16:36:144:1:8:1:18:18:2:2:2:1:1:61:1:1:20,,1,numeric_signed_axes_full_v3,0.07040599823,0.0705403995512153,0.0703596019744673,within_noise,within_noise,1
net_log30:template_v2_bl1_fix_11:rank42,net_log30,Ascend910B3,20,8.1.RC1+toolkit-7.7.0.1.225,template_v2_bl1_fix_11,23296,496,288,fp16,1,0,searched,calibration_template_probe,20:224:496:288:112:80:16:36:126:1:7:1:18:18:2:2:2:1:1:104:1:1:20,,1,numeric_signed_axes_full_v3,0.0705632019043,0.0705403995513882,0.0703596019745315,within_noise,within_noise,1
net_log30:template_v2_bl1_fix_11:rank43,net_log30,Ascend910B3,20,8.1.RC1+toolkit-7.7.0.1.225,template_v2_bl1_fix_11,23296,496,288,fp16,1,0,searched,calibration_template_probe,20:224:496:288:112:336:16:36:36:1:2:1:18:18:1:1:1:1:1:104:1:1:20,,1,numeric_signed_axes_full_v3,0.0705079984665,0.0705403995513571,0.070359601974531,within_noise,within_noise,1
net_log30:template_v2_bl1_fix_11:rank44,net_log30,Ascend910B3,20,8.1.RC1+toolkit-7.7.0.1.225,template_v2_bl1_fix_11,23296,496,288,fp16,1,0,searched,calibration_template_probe,20:224:496:288:112:112:48:12:30:1:5:1:6:6:2:2:2:1:1:104:1:1:20,,1,numeric_signed_axes_full_v3,0.0706135988235,0.0705403995514171,0.0703596019745333,within_noise,within_noise,1
net_log30:template_v2_bl1_fix_11:rank45,net_log30,Ascend910B3,20,8.1.RC1+toolkit-7.7.0.1.225,template_v2_bl1_fix_11,23296,496,288,fp16,1,0,searched,calibration_template_probe,20:224:496:288:112:320:32:18:18:1:2:1:9:9:1:2:1:1:1:104:1:1:20,,1,numeric_signed_axes_full_v3,0.070417599678,0.0705403995513019,0.070359601974508,within_noise,within_noise,1
net_log30:template_v2_bl1_fix_11:rank46,net_log30,Ascend910B3,20,8.1.RC1+toolkit-7.7.0.1.225,template_v2_bl1_fix_11,23296,496,288,fp16,1,0,searched,calibration_template_probe,20:320:496:288:160:64:32:18:72:1:8:1:9:9:2:2:2:1:1:73:1:1:20,,1,numeric_signed_axes_full_v3,0.0703456020355,0.0705403995516386,0.0703596019745248,within_noise,within_noise,1
net_log30:template_v2_bl1_fix_11:rank47,net_log30,Ascend910B3,20,8.1.RC1+toolkit-7.7.0.1.225,template_v2_bl1_fix_11,23296,496,288,fp16,1,0,searched,calibration_template_probe,20:320:496:288:160:64:48:12:48:1:8:0:6:6:2:2:2:1:1:73:1:1:20,,1,numeric_signed_axes_full_v3,0.0705796003342,0.070540399551387,0.0703596019745248,within_noise,within_noise,1
net_log30:template_v2_bl1_fix_11:rank48,net_log30,Ascend910B3,20,8.1.RC1+toolkit-7.7.0.1.225,template_v2_bl1_fix_11,23296,496,288,fp16,1,0,searched,calibration_template_probe,20:320:496:288:160:48:16:36:198:1:11:1:18:18:1:1:1:1:1:73:1:1:20,,1,numeric_signed_axes_full_v3,0.0704648017883,0.0705403995513632,0.0703596019745274,within_noise,within_noise,1
net_log30:template_v2_bl1_fix_11:rank49,net_log30,Ascend910B3,20,8.1.RC1+toolkit-7.7.0.1.225,template_v2_bl1_fix_11,23296,496,288,fp16,1,0,searched,calibration_template_probe,20:320:496:288:160:16:32:18:279:1:31:0:9:9:2:2:1:1:1:73:1:1:20,,1,numeric_signed_axes_full_v3,0.0704627990723,0.0704939985277613,0.0703516006469868,within_noise,within_noise,1
net_log30:template_v2_bl1_fix_11:rank50,net_log30,Ascend910B3,20,8.1.RC1+toolkit-7.7.0.1.225,template_v2_bl1_fix_11,23296,496,288,fp16,1,0,searched,calibration_template_probe,20:320:496:288:160:32:48:12:96:1:16:1:6:6:2:2:2:1:1:73:1:1:20,,1,numeric_signed_axes_full_v3,0.0705484008789,0.0704939985274882,0.0703516006470061,within_noise,within_noise,1
net_log30:template_v2_bl1_fix_11:rank51,net_log30,Ascend910B3,20,8.1.RC1+toolkit-7.7.0.1.225,template_v2_bl1_fix_11,23296,496,288,fp16,1,0,searched,calibration_template_probe,20:288:496:288:144:304:32:18:18:1:2:0:9:9:2:2:1:1:1:81:1:1:20,,1,numeric_signed_axes_full_v3,0.0705664014816,0.070493998527492,0.0703516006469892,within_noise,within_noise,1
net_log30:template_v2_bl1_fix_11:rank52,net_log30,Ascend910B3,20,8.1.RC1+toolkit-7.7.0.1.225,template_v2_bl1_fix_11,23296,496,288,fp16,1,0,searched,calibration_template_probe,20:320:496:288:160:80:32:18:63:1:7:1:9:9:2:2:2:1:1:73:1:1:20,,1,numeric_signed_axes_full_v3,0.0705335998535,0.0704939985275042,0.0703516006469682,within_noise,within_noise,1
net_log30:template_v2_bl1_fix_11:rank53,net_log30,Ascend910B3,20,8.1.RC1+toolkit-7.7.0.1.225,template_v2_bl1_fix_11,23296,496,288,fp16,1,0,searched,calibration_template_probe,20:320:496:288:160:192:32:18:27:1:3:0:9:9:1:2:1:1:1:73:1:1:20,,1,numeric_signed_axes_full_v3,0.0705248022079,0.0704939985275338,0.0703516006470164,within_noise,within_noise,1
net_log30:template_v2_bl1_fix_11:rank54,net_log30,Ascend910B3,20,8.1.RC1+toolkit-7.7.0.1.225,template_v2_bl1_fix_11,23296,496,288,fp16,1,0,searched,calibration_template_probe,20:256:496:288:128:496:16:36:18:1:1:1:18:18:1:2:1:1:1:91:1:1:20,,1,numeric_signed_axes_full_v3,0.070400800705,0.0704939985275474,0.0703516006469773,within_noise,within_noise,1
net_log30:template_v2_bl1_fix_11:rank55,net_log30,Ascend910B3,20,8.1.RC1+toolkit-7.7.0.1.225,template_v2_bl1_fix_11,23296,496,288,fp16,1,0,searched,calibration_template_probe,20:224:496:288:112:496:16:36:18:1:1:0:18:18:2:1:1:1:1:104:1:1:20,,1,numeric_signed_axes_full_v3,0.0704600000381,0.0704939985276694,0.0703516006469892,within_noise,within_noise,1
net_log30:template_v2_bl1_fix_11:rank56,net_log30,Ascend910B3,20,8.1.RC1+toolkit-7.7.0.1.225,template_v2_bl1_fix_11,23296,496,288,fp16,1,0,searched,calibration_template_probe,20:224:496:288:112:496:16:36:18:1:1:0:18:18:2:2:1:1:1:104:1:1:20,,1,numeric_signed_axes_full_v3,0.0704583978653,0.0704939985272475,0.0703516006470251,within_noise,within_noise,1
net_log30:template_v2_bl1_fix_11:rank57,net_log30,Ascend910B3,20,8.1.RC1+toolkit-7.7.0.1.225,template_v2_bl1_fix_11,23296,496,288,fp16,1,0,searched,calibration_template_probe,20:224:496:288:112:96:32:18:54:1:6:1:9:9:2:2:2:1:1:104:1:1:20,,1,numeric_signed_axes_full_v3,0.0705391979218,0.0704939985274953,0.0702791976929346,within_noise,within_noise,1
net_log30:template_v2_bl1_fix_11:rank58,net_log30,Ascend910B3,20,8.1.RC1+toolkit-7.7.0.1.225,template_v2_bl1_fix_11,23296,496,288,fp16,1,0,searched,calibration_template_probe,20:320:496:288:160:176:32:18:27:1:3:0:9:9:2:1:1:1:1:73:1:1:20,,1,numeric_signed_axes_full_v3,0.070604801178,0.0704939985275281,0.0702791976929164,within_noise,within_noise,1
net_log30:template_v2_bl1_fix_11:rank59,net_log30,Ascend910B3,20,8.1.RC1+toolkit-7.7.0.1.225,template_v2_bl1_fix_11,23296,496,288,fp16,1,0,searched,calibration_template_probe,20:320:496:288:160:128:32:18:36:1:4:1:9:9:1:1:1:1:1:73:1:1:20,,1,numeric_signed_axes_full_v3,0.0705295991898,0.0704939985274779,0.0702791976929075,within_noise,within_noise,1
net_log30:template_v2_bl1_fix_11:rank60,net_log30,Ascend910B3,20,8.1.RC1+toolkit-7.7.0.1.225,template_v2_bl1_fix_11,23296,496,288,fp16,1,0,searched,calibration_template_probe,20:128:496:288:128:192:32:9:27:1:3:0:9:9:2:2:1:1:1:0:0:0:1020,,1,numeric_signed_axes_full_v3,0.070311999321,0.0704939985274385,0.0702791976929026,within_noise,within_noise,1
net_log30:template_v2_bl1_fix_11:rank61,net_log30,Ascend910B3,20,8.1.RC1+toolkit-7.7.0.1.225,template_v2_bl1_fix_11,23296,496,288,fp16,1,0,searched,calibration_template_probe,20:384:496:288:384:16:32:9:279:1:31:0:9:9:2:2:1:1:1:0:0:0:1020,,1,numeric_signed_axes_full_v3,0.0704247999191,0.0704939985274748,0.0702791976929066,within_noise,within_noise,1
net_log30:template_v2_bl1_fix_11:rank62,net_log30,Ascend910B3,20,8.1.RC1+toolkit-7.7.0.1.225,template_v2_bl1_fix_11,23296,496,288,fp16,1,0,searched,calibration_template_probe,20:256:496:288:256:32:64:5:80:1:16:0:5:5:2:2:1:1:1:0:0:0:1020,,1,numeric_signed_axes_full_v3,0.070466799736,0.0704939985275694,0.0702791976929025,within_noise,within_noise,1
net_log30:template_v2_bl1_fix_11:rank63,net_log30,Ascend910B3,20,8.1.RC1+toolkit-7.7.0.1.225,template_v2_bl1_fix_11,23296,496,288,fp16,1,0,searched,calibration_template_probe,20:256:496:288:256:32:16:18:288:1:16:0:18:18:2:2:1:1:1:0:0:0:1020,,1,numeric_signed_axes_full_v3,0.0704928016663,0.0704939985276282,0.0702791976929098,within_noise,within_noise,1
net_log30:template_v2_bl1_fix_11:rank64,net_log30,Ascend910B3,20,8.1.RC1+toolkit-7.7.0.1.225,template_v2_bl1_fix_11,23296,496,288,fp16,1,0,searched,calibration_template_probe,20:128:496:288:128:256:32:18:18:1:2:0:9:9:2:2:1:1:1:0:0:0:1020,,1,numeric_signed_axes_full_v3,0.070569601059,0.0704939985274982,0.0702791976929043,within_noise,within_noise,1
net_log30:template_v2_bl1_fix_11:rank65,net_log30,Ascend910B3,20,8.1.RC1+toolkit-7.7.0.1.225,template_v2_bl1_fix_11,23296,496,288,fp16,1,0,searched,calibration_template_probe,20:128:496:288:128:128:32:18:36:1:4:0:9:9:2:2:1:1:1:0:0:0:1020,,1,numeric_signed_axes_full_v3,0.0705539989471,0.0704515981674118,0.0702791976928827,within_noise,within_noise,1
net_log30:template_v2_bl1_fix_11:rank66,net_log30,Ascend910B3,20,8.1.RC1+toolkit-7.7.0.1.225,template_v2_bl1_fix_11,23296,496,288,fp16,1,0,searched,calibration_template_probe,20:256:496:288:256:128:16:18:72:1:4:0:18:18:2:2:1:1:1:0:0:0:1020,,1,numeric_signed_axes_full_v3,0.0706139993668,0.0704515981673754,0.0702791976929072,within_noise,within_noise,1
net_log30:template_v2_bl1_fix_11:rank67,net_log30,Ascend910B3,20,8.1.RC1+toolkit-7.7.0.1.225,template_v2_bl1_fix_11,23296,496,288,fp16,1,0,searched,calibration_template_probe,20:256:496:288:256:96:16:18:108:1:6:0:18:18:2:2:1:1:1:0:0:0:1020,,1,numeric_signed_axes_full_v3,0.0705223989487,0.070451598167377,0.0702791976929131,within_noise,within_noise,1
net_log30:template_v2_bl1_fix_11:rank68,net_log30,Ascend910B3,20,8.1.RC1+toolkit-7.7.0.1.225,template_v2_bl1_fix_11,23296,496,288,fp16,1,0,searched,calibration_template_probe,20:128:496:288:128:192:32:18:27:1:3:0:9:9:2:2:1:1:1:0:0:0:1020,,1,numeric_signed_axes_full_v3,0.0705800008774,0.0704515981673971,0.0702791976928951,within_noise,within_noise,1
net_log30:template_v2_bl1_fix_11:rank69,net_log30,Ascend910B3,20,8.1.RC1+toolkit-7.7.0.1.225,template_v2_bl1_fix_11,23296,496,288,fp16,1,0,searched,calibration_template_probe,20:128:496:288:128:256:32:9:18:1:2:0:9:9:2:2:1:1:1:0:0:0:1020,,1,numeric_signed_axes_full_v3,0.0704568004608,0.0704515981673888,0.0702791976928954,within_noise,within_noise,1
net_log30:template_v2_bl1_fix_11:rank70,net_log30,Ascend910B3,20,8.1.RC1+toolkit-7.7.0.1.225,template_v2_bl1_fix_11,23296,496,288,fp16,1,0,searched,calibration_template_probe,20:256:496:288:256:96:32:9:54:1:6:0:9:9:2:2:1:1:1:0:0:0:1020,,1,numeric_signed_axes_full_v3,0.0703592014313,0.0704515981674927,0.07027919769287,within_noise,within_noise,1
net_log30:template_v2_bl1_fix_11:rank71,net_log30,Ascend910B3,20,8.1.RC1+toolkit-7.7.0.1.225,template_v2_bl1_fix_11,23296,496,288,fp16,1,0,searched,calibration_template_probe,20:256:496:288:256:32:32:9:144:1:16:0:9:9:2:2:1:1:1:0:0:0:1020,,1,numeric_signed_axes_full_v3,0.0706127977371,0.0704515981674349,0.0702791976929344,within_noise,within_noise,1
net_log30:template_v2_bl1_fix_11:rank72,net_log30,Ascend910B3,20,8.1.RC1+toolkit-7.7.0.1.225,template_v2_bl1_fix_11,23296,496,288,fp16,1,0,searched,calibration_template_probe,20:384:496:288:384:32:32:9:144:1:16:0:9:9:2:2:1:1:1:0:0:0:1020,,1,numeric_signed_axes_full_v3,0.0704788017273,0.0704515981673865,0.0702791976928884,within_noise,within_noise,1
net_log30:template_v2_bl1_fix_11:rank73,net_log30,Ascend910B3,20,8.1.RC1+toolkit-7.7.0.1.225,template_v2_bl1_fix_11,23296,496,288,fp16,1,0,searched,calibration_template_probe,20:256:496:288:256:64:16:18:144:1:8:0:18:18:2:2:1:1:1:0:0:0:1020,,1,numeric_signed_axes_full_v3,0.0705147981644,0.0704383993148915,0.0703448009490839,within_noise,within_noise,1
net_log30:template_v2_bl1_fix_11:rank74,net_log30,Ascend910B3,20,8.1.RC1+toolkit-7.7.0.1.225,template_v2_bl1_fix_11,23296,496,288,fp16,1,0,searched,calibration_template_probe,20:128:496:288:128:64:32:18:72:1:8:0:9:9:2:2:1:1:1:0:0:0:1020,,1,numeric_signed_axes_full_v3,0.0705660009384,0.070438399314891,0.0703448009491273,within_noise,within_noise,1
net_log30:template_v2_bl1_fix_12:rank1,net_log30,Ascend910B3,20,8.1.RC1+toolkit-7.7.0.1.225,template_v2_bl1_fix_12,23552,464,304,bf16,1,1,searched,calibration_template_probe,20:256:464:304:128:16:16:38:551:1:29:1:19:19:1:1:1:1:1:92:1:1:20,,1,numeric_signed_axes_full_v3,0.0777939987183,0.0775203990935752,0.0776531982421978,within_noise,within_noise,1
net_log30:template_v2_bl1_fix_12:rank2,net_log30,Ascend910B3,20,8.1.RC1+toolkit-7.7.0.1.225,template_v2_bl1_fix_12,23552,464,304,bf16,1,1,searched,calibration_template_probe,20:192:464:304:96:160:16:38:57:1:3:0:19:19:2:2:2:1:1:123:1:1:20,,1,numeric_signed_axes_full_v3,0.0776204013824,0.0775203990935696,0.0776531982421089,within_noise,within_noise,1
net_log30:template_v2_bl1_fix_12:rank3,net_log30,Ascend910B3,20,8.1.RC1+toolkit-7.7.0.1.225,template_v2_bl1_fix_12,23552,464,304,bf16,1,1,searched,calibration_template_probe,20:320:464:304:160:160:80:8:12:1:3:1:4:4:1:2:1:1:1:74:1:1:20,,1,numeric_signed_axes_full_v3,0.0776940011978,0.0775203990936017,0.0776531982421746,within_noise,within_noise,1
net_log30:template_v2_bl1_fix_12:rank4,net_log30,Ascend910B3,20,8.1.RC1+toolkit-7.7.0.1.225,template_v2_bl1_fix_12,23552,464,304,bf16,1,1,searched,calibration_template_probe,20:224:464:304:112:288:16:38:38:1:2:0:19:19:2:1:1:1:1:106:1:1:20,,1,numeric_signed_axes_full_v3,0.0775103998184,0.0775203990932597,0.0776531982418215,within_noise,within_noise,1
net_log30:template_v2_bl1_fix_12:rank5,net_log30,Ascend910B3,20,8.1.RC1+toolkit-7.7.0.1.225,template_v2_bl1_fix_12,23552,464,304,bf16,1,1,searched,calibration_template_probe,20:256:464:304:128:16:16:38:551:1:29:0:19:19:2:2:2:1:1:92:1:1:20,,1,numeric_signed_axes_full_v3,0.0778060007095,0.0775203990935782,0.0776531982422297,within_noise,within_noise,1
net_log30:template_v2_bl1_fix_12:rank6,net_log30,Ascend910B3,20,8.1.RC1+toolkit-7.7.0.1.225,template_v2_bl1_fix_12,23552,464,304,bf16,1,1,searched,calibration_template_probe,20:256:464:304:128:464:16:38:19:1:1:0:19:19:1:1:1:1:1:92:1:1:20,,1,numeric_signed_axes_full_v3,0.0776811981201,0.0775203990935815,0.0776531982421856,within_noise,within_noise,1
net_log30:template_v2_bl1_fix_12:rank7,net_log30,Ascend910B3,20,8.1.RC1+toolkit-7.7.0.1.225,template_v2_bl1_fix_12,23552,464,304,bf16,1,1,searched,calibration_template_probe,20:192:464:304:96:80:16:38:114:1:6:1:19:19:2:2:2:1:1:123:1:1:20,,1,numeric_signed_axes_full_v3,0.07763879776,0.0775203990935651,0.0776531982422515,within_noise,within_noise,1
net_log30:template_v2_bl1_fix_12:rank8,net_log30,Ascend910B3,20,8.1.RC1+toolkit-7.7.0.1.225,template_v2_bl1_fix_12,23552,464,304,bf16,1,1,searched,calibration_template_probe,20:320:464:304:160:32:64:10:75:1:15:0:5:5:2:2:1:1:1:74:1:1:20,,1,numeric_signed_axes_full_v3,0.0776707983017,0.0775203990935676,0.0776531982421851,within_noise,within_noise,1
net_log30:template_v2_bl1_fix_12:rank9,net_log30,Ascend910B3,20,8.1.RC1+toolkit-7.7.0.1.225,template_v2_bl1_fix_12,23552,464,304,bf16,1,1,searched,calibration_template_probe,20:224:464:304:112:464:16:38:19:1:1:1:19:19:2:2:1:1:1:106:1:1:20,,1,numeric_signed_axes_full_v3,0.0777559995651,0.0775203990936375,0.0776416015625298,within_noise,within_noise,1
net_log30:template_v2_bl1_fix_12:rank10,net_log30,Ascend910B3,20,8.1.RC1+toolkit-7.7.0.1.225,template_v2_bl1_fix_12,23552,464,304,bf16,1,1,searched,calibration_template_probe,20:224:464:304:112:288:16:38:38:1:2:1:19:19:1:2:1:1:1:106:1:1:20,,1,numeric_signed_axes_full_v3,0.0775339984894,0.0775203990935971,0.0776416015626882,within_noise,within_noise,1
net_log30:template_v2_bl1_fix_12:rank11,net_log30,Ascend910B3,20,8.1.RC1+toolkit-7.7.0.1.225,template_v2_bl1_fix_12,23552,464,304,bf16,1,1,searched,calibration_template_probe,20:288:464:304:144:112:16:38:95:1:5:1:19:19:2:2:2:1:1:82:1:1:20,,1,numeric_signed_axes_full_v3,0.077762799263,0.07752039909358,0.0776416015625363,within_noise,within_noise,1
net_log30:template_v2_bl1_fix_12:rank12,net_log30,Ascend910B3,20,8.1.RC1+toolkit-7.7.0.1.225,template_v2_bl1_fix_12,23552,464,304,bf16,1,1,searched,calibration_template_probe,20:320:464:304:160:48:16:38:190:1:10:0:19:19:2:1:1:1:1:74:1:1:20,,1,numeric_signed_axes_full_v3,0.0777124023438,0.0775203990935822,0.0776416015625327,within_noise,within_noise,1
net_log30:template_v2_bl1_fix_12:rank13,net_log30,Ascend910B3,20,8.1.RC1+toolkit-7.7.0.1.225,template_v2_bl1_fix_12,23552,464,304,bf16,1,1,searched,calibration_template_probe,20:320:464:304:160:240:64:10:10:1:2:0:5:5:1:1:1:1:1:74:1:1:20,,1,numeric_signed_axes_full_v3,0.0777144002914,0.0775203990935874,0.0776416015624794,within_noise,within_noise,1
net_log30:template_v2_bl1_fix_12:rank14,net_log30,Ascend910B3,20,8.1.RC1+toolkit-7.7.0.1.225,template_v2_bl1_fix_12,23552,464,304,bf16,1,1,searched,calibration_template_probe,20:192:464:304:96:464:32:20:10:1:1:0:10:10:1:2:1:1:1:123:1:1:20,,1,numeric_signed_axes_full_v3,0.0776287984848,0.0775203990935882,0.0776416015626611,within_noise,within_noise,1
net_log30:template_v2_bl1_fix_12:rank15,net_log30,Ascend910B3,20,8.1.RC1+toolkit-7.7.0.1.225,template_v2_bl1_fix_12,23552,464,304,bf16,1,1,searched,calibration_template_probe,20:256:464:304:128:16:16:38:551:1:29:1:19:19:2:2:1:1:1:92:1:1:20,,1,numeric_signed_axes_full_v3,0.0776259994507,0.077520399093634,0.0776416015624304,within_noise,within_noise,1
net_log30:template_v2_bl1_fix_12:rank16,net_log30,Ascend910B3,20,8.1.RC1+toolkit-7.7.0.1.225,template_v2_bl1_fix_12,23552,464,304,bf16,1,1,searched,calibration_template_probe,20:192:464:304:96:464:32:20:10:1:1:1:10:10:2:1:1:1:1:123:1:1:20,,1,numeric_signed_axes_full_v3,0.0775411987305,0.0775203990936201,0.0776416015621379,within_noise,within_noise,1
net_log30:template_v2_bl1_fix_12:rank17,net_log30,Ascend910B3,20,8.1.RC1+toolkit-7.7.0.1.225,template_v2_bl1_fix_12,23552,464,304,bf16,1,1,searched,calibration_template_probe,20:256:464:304:128:64:16:38:152:1:8:0:19:19:2:2:2:1:1:92:1:1:20,,1,numeric_signed_axes_full_v3,0.0777124023438,0.0777404022218363,0.0775084018707045,within_noise,within_noise,1
net_log30:template_v2_bl1_fix_12:rank18,net_log30,Ascend910B3,20,8.1.RC1+toolkit-7.7.0.1.225,template_v2_bl1_fix_12,23552,464,304,bf16,1,1,searched,calibration_template_probe,20:320:464:304:160:16:16:38:551:1:29:1:19:19:1:2:1:1:1:74:1:1:20,,1,numeric_signed_axes_full_v3,0.0776128005981,0.0777404022218144,0.0775084018707006,within_noise,within_noise,1
net_log30:template_v2_bl1_fix_12:rank19,net_log30,Ascend910B3,20,8.1.RC1+toolkit-7.7.0.1.225,template_v2_bl1_fix_12,23552,464,304,bf16,1,1,searched,calibration_template_probe,20:192:464:304:96:464:16:38:19:1:1:0:19:19:2:2:1:1:1:123:1:1:20,,1,numeric_signed_axes_full_v3,0.0775388002396,0.0777404022220493,0.0775084018706652,within_noise,within_noise,1
net_log30:template_v2_bl1_fix_12:rank20,net_log30,Ascend910B3,20,8.1.RC1+toolkit-7.7.0.1.225,template_v2_bl1_fix_12,23552,464,304,bf16,1,1,searched,calibration_template_probe,20:160:464:304:80:176:16:38:57:1:3:1:19:19:2:2:2:1:1:148:1:1:20,,1,numeric_signed_axes_full_v3,0.0777152013779,0.0777404022214753,0.0775084018706707,within_noise,within_noise,1
net_log30:template_v2_bl1_fix_12:rank21,net_log30,Ascend910B3,20,8.1.RC1+toolkit-7.7.0.1.225,template_v2_bl1_fix_12,23552,464,304,bf16,1,1,searched,calibration_template_probe,20:320:464:304:160:96:16:38:95:1:5:0:19:19:2:2:2:1:1:74:1:1:20,,1,numeric_signed_axes_full_v3,0.0776295995712,0.0777404022215532,0.0775084018707059,within_noise,within_noise,1
net_log30:template_v2_bl1_fix_12:rank22,net_log30,Ascend910B3,20,8.1.RC1+toolkit-7.7.0.1.225,template_v2_bl1_fix_12,23552,464,304,bf16,1,1,searched,calibration_template_probe,20:320:464:304:160:240:64:10:10:1:2:0:5:5:2:2:1:1:1:74:1:1:20,,1,numeric_signed_axes_full_v3,0.07772960186,0.0777404022218371,0.0775084018707,within_noise,within_noise,1
net_log30:template_v2_bl1_fix_12:rank23,net_log30,Ascend910B3,20,8.1.RC1+toolkit-7.7.0.1.225,template_v2_bl1_fix_12,23552,464,304,bf16,1,1,searched,calibration_template_probe,20:256:464:304:128:80:16:38:114:1:6:0:19:19:1:1:1:1:1:92:1:1:20,,1,numeric_signed_axes_full_v3,0.0776104021072,0.0777404022214822,0.0775084018706816,within_noise,within_noise,1
net_log30:template_v2_bl1_fix_12:rank24,net_log30,Ascend910B3,20,8.1.RC1+toolkit-7.7.0.1.225,template_v2_bl1_fix_12,23552,464,304,bf16,1,1,searched,calibration_template_probe,20:288:464:304:144:80:16:38:114:1:6:1:19:19:2:2:2:1:1:82:1:1:20,,1,numeric_signed_axes_full_v3,0.0776331996918,0.0777404022220724,0.0775084018707074,within_noise,within_noise,1
net_log30:template_v2_bl1_fix_12:rank25,net_log30,Ascend910B3,20,8.1.RC1+toolkit-7.7.0.1.225,template_v2_bl1_fix_12,23552,464,304,bf16,1,1,searched,calibration_template_probe,20:256:464:304:128:160:64:10:15:1:3:1:5:5:2:2:1:1:1:92:1:1:20,,1,numeric_signed_axes_full_v3,0.0777243995667,0.0777379989621438,0.0775084018706847,within_noise,within_noise,1
net_log30:template_v2_bl1_fix_12:rank26,net_log30,Ascend910B3,20,8.1.RC1+toolkit-7.7.0.1.225,template_v2_bl1_fix_12,23552,464,304,bf16,1,1,searched,calibration_template_probe,20:224:464:304:112:464:32:20:10:1:1:1:10:10:1:2:1:1:1:106:1:1:20,,1,numeric_signed_axes_full_v3,0.0776403999329,0.0777379989622417,0.0775084018707152,within_noise,within_noise,1
net_log30:template_v2_bl1_fix_12:rank27,net_log30,Ascend910B3,20,8.1.RC1+toolkit-7.7.0.1.225,template_v2_bl1_fix_12,23552,464,304,bf16,1,1,searched,calibration_template_probe,20:320:464:304:160:16:64:10:145:1:29:0:5:5:2:2:2:1:1:74:1:1:20,,1,numeric_signed_axes_full_v3,0.0777239990234,0.0777379989623463,0.0775084018706625,within_noise,within_noise,1
net_log30:template_v2_bl1_fix_12:rank28,net_log30,Ascend910B3,20,8.1.RC1+toolkit-7.7.0.1.225,template_v2_bl1_fix_12,23552,464,304,bf16,1,1,searched,calibration_template_probe,20:224:464:304:112:240:32:20:20:1:2:0:10:10:2:2:1:1:1:106:1:1:20,,1,numeric_signed_axes_full_v3,0.0775544023514,0.0777379989626667,0.0775084018706932,within_noise,within_noise,1
net_log30:template_v2_bl1_fix_12:rank29,net_log30,Ascend910B3,20,8.1.RC1+toolkit-7.7.0.1.225,template_v2_bl1_fix_12,23552,464,304,bf16,1,1,searched,calibration_template_probe,20:224:464:304:112:112:32:20:50:1:5:1:10:10:2:2:2:1:1:106:1:1:20,,1,numeric_signed_axes_full_v3,0.0775080013275,0.0777379989620546,0.077508401871024,within_noise,within_noise,1
net_log30:template_v2_bl1_fix_12:rank30,net_log30,Ascend910B3,20,8.1.RC1+toolkit-7.7.0.1.225,template_v2_bl1_fix_12,23552,464,304,bf16,1,1,searched,calibration_template_probe,20:160:464:304:80:112:16:38:95:1:5:0:19:19:2:2:2:1:1:148:1:1:20,,1,numeric_signed_axes_full_v3,0.0777996015549,0.0777379989623787,0.0775084018707206,within_noise,within_noise,1
net_log30:template_v2_bl1_fix_12:rank31,net_log30,Ascend910B3,20,8.1.RC1+toolkit-7.7.0.1.225,template_v2_bl1_fix_12,23552,464,304,bf16,1,1,searched,calibration_template_probe,20:288:464:304:144:48:16:38:190:1:10:1:19:19:2:2:2:1:1:82:1:1:20,,1,numeric_signed_axes_full_v3,0.0775600004196,0.0777379989623302,0.0775084018707254,within_noise,within_noise,1
net_log30:template_v2_bl1_fix_12:rank32,net_log30,Ascend910B3,20,8.1.RC1+toolkit-7.7.0.1.225,template_v2_bl1_fix_12,23552,464,304,bf16,1,1,searched,calibration_template_probe,20:192:464:304:96:464:16:38:19:1:1:1:19:19:1:2:1:1:1:123:1:1:20,,1,numeric_signed_axes_full_v3,0.0775964021683,0.0777379989624847,0.0775084018706799,within_noise,within_noise,1
net_log30:template_v2_bl1_fix_12:rank33,net_log30,Ascend910B3,20,8.1.RC1+toolkit-7.7.0.1.225,template_v2_bl1_fix_12,23552,464,304,bf16,1,1,searched,calibration_template_probe,20:320:464:304:160:32:16:38:285:1:15:0:19:19:2:2:2:1:1:74:1:1:20,,1,numeric_signed_axes_full_v3,0.07778840065,0.077531199455302,0.0775087976455855,within_noise,within_noise,1
net_log30:template_v2_bl1_fix_12:rank34,net_log30,Ascend910B3,20,8.1.RC1+toolkit-7.7.0.1.225,template_v2_bl1_fix_12,23552,464,304,bf16,1,1,searched,calibration_template_probe,20:256:464:304:128:96:16:38:95:1:5:0:19:19:2:2:2:1:1:92:1:1:20,,1,numeric_signed_axes_full_v3,0.0778196001053,0.0775311994552695,0.0775087976455842,within_noise,within_noise,1
net_log30:template_v2_bl1_fix_12:rank35,net_log30,Ascend910B3,20,8.1.RC1+toolkit-7.7.0.1.225,template_v2_bl1_fix_12,23552,464,304,bf16,1,1,searched,calibration_template_probe,20:320:464:304:160:16:64:10:145:1:29:1:5:5:2:2:1:1:1:74:1:1:20,,1,numeric_signed_axes_full_v3,0.077757601738,0.0775311994552895,0.0775087976455884,within_noise,within_noise,1
net_log30:template_v2_bl1_fix_12:rank36,net_log30,Ascend910B3,20,8.1.RC1+toolkit-7.7.0.1.225,template_v2_bl1_fix_12,23552,464,304,bf16,1,1,searched,calibration_template_probe,20:256:464:304:128:464:64:10:5:1:1:0:5:5:1:1:1:1:1:92:1:1:20,,1,numeric_signed_axes_full_v3,0.0776312017441,0.0775311994553116,0.077508797645564,within_noise,within_noise,1
net_log30:template_v2_bl1_fix_12:rank37,net_log30,Ascend910B3,20,8.1.RC1+toolkit-7.7.0.1.225,template_v2_bl1_fix_12,23552,464,304,bf16,1,1,searched,calibration_template_probe,20:320:464:304:160:240:16:38:38:1:2:0:19:19:1:1:1:1:1:74:1:1:20,,1,numeric_signed_axes_full_v3,0.0776032018661,0.0775311994553235,0.0775087976456066,within_noise,within_noise,1
net_log30:template_v2_bl1_fix_12:rank38,net_log30,Ascend910B3,20,8.1.RC1+toolkit-7.7.0.1.225,template_v2_bl1_fix_12,23552,464,304,bf16,1,1,searched,calibration_template_probe,20:320:464:304:160:240:80:8:8:1:2:1:4:4:1:1:1:1:1:74:1:1:20,,1,numeric_signed_axes_full_v3,0.0775988006592,0.0775311994552989,0.0775087976456361,within_noise,within_noise,1
net_log30:template_v2_bl1_fix_12:rank39,net_log30,Ascend910B3,20,8.1.RC1+toolkit-7.7.0.1.225,template_v2_bl1_fix_12,23552,464,304,bf16,1,1,searched,calibration_template_probe,20:192:464:304:96:464:16:38:19:1:1:0:19:19:2:1:1:1:1:123:1:1:20,,1,numeric_signed_axes_full_v3,0.0775644016266,0.0775311994553008,0.0775087976455634,within_noise,within_noise,1
net_log30:template_v2_bl1_fix_12:rank40,net_log30,Ascend910B3,20,8.1.RC1+toolkit-7.7.0.1.225,template_v2_bl1_fix_12,23552,464,304,bf16,1,1,searched,calibration_template_probe,20:288:464:304:144:96:32:20:50:1:5:1:10:10:2:2:2:1:1:82:1:1:20,,1,numeric_signed_axes_full_v3,0.0777496004105,0.0775311994552794,0.0775087976456247,within_noise,within_noise,1
net_log30:template_v2_bl1_fix_12:rank41,net_log30,Ascend910B3,20,8.1.RC1+toolkit-7.7.0.1.225,template_v2_bl1_fix_12,23552,464,304,bf16,1,1,searched,calibration_template_probe,20:160:464:304:80:128:16:38:76:1:4:1:19:19:2:2:2:1:1:148:1:1:20,,1,numeric_signed_axes_full_v3,0.077652797699,0.0775311994553084,0.0775087976456266,within_noise,within_noise,1
net_log30:template_v2_bl1_fix_12:rank42,net_log30,Ascend910B3,20,8.1.RC1+toolkit-7.7.0.1.225,template_v2_bl1_fix_12,23552,464,304,bf16,1,1,searched,calibration_template_probe,20:224:464:304:112:464:16:38:19:1:1:0:19:19:1:2:1:1:1:106:1:1:20,,1,numeric_signed_axes_full_v3,0.0777684020996,0.0775311994553278,0.077508797645578,within_noise,within_noise,1
net_log30:template_v2_bl1_fix_12:rank43,net_log30,Ascend910B3,20,8.1.RC1+toolkit-7.7.0.1.225,template_v2_bl1_fix_12,23552,464,304,bf16,1,1,searched,calibration_template_probe,20:160:464:304:80:160:16:38:57:1:3:0:19:19:2:2:2:1:1:148:1:1:20,,1,numeric_signed_axes_full_v3,0.0777328014374,0.0775311994552849,0.0775087976456127,within_noise,within_noise,1
net_log30:template_v2_bl1_fix_12:rank44,net_log30,Ascend910B3,20,8.1.RC1+toolkit-7.7.0.1.225,template_v2_bl1_fix_12,23552,464,304,bf16,1,1,searched,calibration_template_probe,20:320:464:304:160:48:16:38:190:1:10:1:19:19:1:1:1:1:1:74:1:1:20,,1,numeric_signed_axes_full_v3,0.0776367998123,0.0775311994553167,0.0775087976456174,within_noise,within_noise,1
net_log30:template_v2_bl1_fix_12:rank45,net_log30,Ascend910B3,20,8.1.RC1+toolkit-7.7.0.1.225,template_v2_bl1_fix_12,23552,464,304,bf16,1,1,searched,calibration_template_probe,20:224:464:304:112:288:16:38:38:1:2:0:19:19:2:2:1:1:1:106:1:1:20,,1,numeric_signed_axes_full_v3,0.0777551984787,0.0775311994553035,0.0775087976455667,within_noise,within_noise,1
net_log30:template_v2_bl1_fix_12:rank46,net_log30,Ascend910B3,20,8.1.RC1+toolkit-7.7.0.1.225,template_v2_bl1_fix_12,23552,464,304,bf16,1,1,searched,calibration_template_probe,20:224:464:304:112:240:32:20:20:1:2:1:10:10:1:2:1:1:1:106:1:1:20,,1,numeric_signed_axes_full_v3,0.0775920009613,0.0775311994553158,0.0775087976455637,within_noise,within_noise,1
net_log30:template_v2_bl1_fix_12:rank47,net_log30,Ascend910B3,20,8.1.RC1+toolkit-7.7.0.1.225,template_v2_bl1_fix_12,23552,464,304,bf16,1,1,searched,calibration_template_probe,20:192:464:304:96:144:16:38:76:1:4:0:19:19:2:2:2:1:1:123:1:1:20,,1,numeric_signed_axes_full_v3,0.0776908016205,0.0775311994552935,0.077508797645629,within_noise,within_noise,1
net_log30:template_v2_bl1_fix_12:rank48,net_log30,Ascend910B3,20,8.1.RC1+toolkit-7.7.0.1.225,template_v2_bl1_fix_12,23552,464,304,bf16,1,1,searched,calibration_template_probe,20:224:464:304:112:144:16:38:76:1:4:1:19:19:2:2:2:1:1:106:1:1:20,,1,numeric_signed_axes_full_v3,0.0776255989075,0.0775311994552991,0.0775087976456374,within_noise,within_noise,1
net_log30:template_v2_bl1_fix_12:rank49,net_log30,Ascend910B3,20,8.1.RC1+toolkit-7.7.0.1.225,template_v2_bl1_fix_12,23552,464,304,bf16,1,1,searched,calibration_template_probe,20:320:464:304:160:80:16:38:114:1:6:0:19:19:2:2:2:1:1:74:1:1:20,,1,numeric_signed_axes_full_v3,0.0777400016785,0.0775284004210831,0.0775356006621792,within_noise,within_noise,1
net_log30:template_v2_bl1_fix_12:rank50,net_log30,Ascend910B3,20,8.1.RC1+toolkit-7.7.0.1.225,template_v2_bl1_fix_12,23552,464,304,bf16,1,1,searched,calibration_template_probe,20:224:464:304:112:464:16:38:19:1:1:0:19:19:1:1:1:1:1:106:1:1:20,,1,numeric_signed_axes_full_v3,0.0775852012634,0.0775284004211333,0.0775356006622028,within_noise,within_noise,1
net_log30:template_v2_bl1_fix_12:rank51,net_log30,Ascend910B3,20,8.1.RC1+toolkit-7.7.0.1.225,template_v2_bl1_fix_12,23552,464,304,bf16,1,1,searched,calibration_template_probe,20:256:464:304:128:80:16:38:114:1:6:1:19:19:2:2:2:1:1:92:1:1:20,,1,numeric_signed_axes_full_v3,0.0776955986023,0.0775284004211134,0.0775356006622017,within_noise,within_noise,1
net_log30:template_v2_bl1_fix_12:rank52,net_log30,Ascend910B3,20,8.1.RC1+toolkit-7.7.0.1.225,template_v2_bl1_fix_12,23552,464,304,bf16,1,1,searched,calibration_template_probe,20:192:464:304:96:128:16:38:76:1:4:1:19:19:2:2:2:1:1:123:1:1:20,,1,numeric_signed_axes_full_v3,0.0775152015686,0.0775284004207125,0.0775356006620577,within_noise,within_noise,1
net_log30:template_v2_bl1_fix_12:rank53,net_log30,Ascend910B3,20,8.1.RC1+toolkit-7.7.0.1.225,template_v2_bl1_fix_12,23552,464,304,bf16,1,1,searched,calibration_template_probe,20:192:464:304:96:112:16:38:95:1:5:0:19:19:2:2:2:1:1:123:1:1:20,,1,numeric_signed_axes_full_v3,0.0775572013855,0.077528400421121,0.0775356006622351,within_noise,within_noise,1
net_log30:template_v2_bl1_fix_12:rank54,net_log30,Ascend910B3,20,8.1.RC1+toolkit-7.7.0.1.225,template_v2_bl1_fix_12,23552,464,304,bf16,1,1,searched,calibration_template_probe,20:256:464:304:128:48:16:38:190:1:10:1:19:19:2:2:2:1:1:92:1:1:20,,1,numeric_signed_axes_full_v3,0.0776268005371,0.0775284004211075,0.0775356006622328,within_noise,within_noise,1
net_log30:template_v2_bl1_fix_12:rank55,net_log30,Ascend910B3,20,8.1.RC1+toolkit-7.7.0.1.225,template_v2_bl1_fix_12,23552,464,304,bf16,1,1,searched,calibration_template_probe,20:192:464:304:96:272:16:38:38:1:2:0:19:19:2:1:1:1:1:123:1:1:20,,1,numeric_signed_axes_full_v3,0.0777536010742,0.0775284004210656,0.0775356006622005,within_noise,within_noise,1
net_log30:template_v2_bl1_fix_12:rank56,net_log30,Ascend910B3,20,8.1.RC1+toolkit-7.7.0.1.225,template_v2_bl1_fix_12,23552,464,304,bf16,1,1,searched,calibration_template_probe,20:160:464:304:80:144:16:38:76:1:4:1:19:19:2:2:2:1:1:148:1:1:20,,1,numeric_signed_axes_full_v3,0.0776444005966,0.0775284004210707,0.0775356006622086,within_noise,within_noise,1
net_log30:template_v2_bl1_fix_12:rank57,net_log30,Ascend910B3,20,8.1.RC1+toolkit-7.7.0.1.225,template_v2_bl1_fix_12,23552,464,304,bf16,1,1,searched,calibration_template_probe,20:160:464:304:80:192:16:38:57:1:3:1:19:19:2:2:2:1:1:148:1:1:20,,1,numeric_signed_axes_full_v3,0.0778104019165,0.0775284004211284,0.0775332021712935,within_noise,within_noise,1
net_log30:template_v2_bl1_fix_12:rank58,net_log30,Ascend910B3,20,8.1.RC1+toolkit-7.7.0.1.225,template_v2_bl1_fix_12,23552,464,304,bf16,1,1,searched,calibration_template_probe,20:192:464:304:96:96:16:38:95:1:5:1:19:19:2:2:2:1:1:123:1:1:20,,1,numeric_signed_axes_full_v3,0.0775388002396,0.077528400421137,0.0775332021713043,within_noise,within_noise,1
net_log30:template_v2_bl1_fix_12:rank59,net_log30,Ascend910B3,20,8.1.RC1+toolkit-7.7.0.1.225,template_v2_bl1_fix_12,23552,464,304,bf16,1,1,searched,calibration_template_probe,20:192:464:304:96:464:32:20:10:1:1:1:10:10:1:2:1:1:1:123:1:1:20,,1,numeric_signed_axes_full_v3,0.0777167987823,0.0775284004211382,0.0775332021712704,within_noise,within_noise,1
net_log30:template_v2_bl1_fix_12:rank60,net_log30,Ascend910B3,20,8.1.RC1+toolkit-7.7.0.1.225,template_v2_bl1_fix_12,23552,464,304,bf16,1,1,searched,calibration_template_probe,20:256:464:304:256:64:16:19:152:1:8:0:19:19:2:2:1:1:1:0:0:0:1020,,1,numeric_signed_axes_full_v3,0.0776756000519,0.0775284004210929,0.0775332021713369,within_noise,within_noise,1
net_log30:template_v2_bl1_fix_12:rank61,net_log30,Ascend910B3,20,8.1.RC1+toolkit-7.7.0.1.225,template_v2_bl1_fix_12,23552,464,304,bf16,1,1,searched,calibration_template_probe,20:256:464:304:256:96:64:5:25:1:5:0:5:5:2:2:1:1:1:0:0:0:1020,,1,numeric_signed_axes_full_v3,0.0774656009674,0.0775284004213519,0.0775332021715579,within_noise,within_noise,1
net_log30:template_v2_bl1_fix_12:rank62,net_log30,Ascend910B3,20,8.1.RC1+toolkit-7.7.0.1.225,template_v2_bl1_fix_12,23552,464,304,bf16,1,1,searched,calibration_template_probe,20:128:464:304:128:256:32:10:20:1:2:0:10:10:2:2:1:1:1:0:0:0:1020,,1,numeric_signed_axes_full_v3,0.0775727987289,0.0775284004211363,0.077533202171327,within_noise,within_noise,1
net_log30:template_v2_bl1_fix_12:rank63,net_log30,Ascend910B3,20,8.1.RC1+toolkit-7.7.0.1.225,template_v2_bl1_fix_12,23552,464,304,bf16,1,1,searched,calibration_template_probe,20:192:464:304:192:112:64:5:25:1:5:0:5:5:2:2:1:1:1:0:0:0:1020,,1,numeric_signed_axes_full_v3,0.0779071998596,0.0775284004211186,0.0775332021713155,within_noise,within_noise,1
net_log30:template_v2_bl1_fix_12:rank64,net_log30,Ascend910B3,20,8.1.RC1+toolkit-7.7.0.1.225,template_v2_bl1_fix_12,23552,464,304,bf16,1,1,searched,calibration_template_probe,20:128:464:304:128:256:32:20:20:1:2:0:10:10:2:2:1:1:1:0:0:0:1020,,1,numeric_signed_axes_full_v3,0.0775752019882,0.0775284004210765,0.077533202171317,within_noise,within_noise,1
net_log30:template_v2_bl1_fix_12:rank65,net_log30,Ascend910B3,20,8.1.RC1+toolkit-7.7.0.1.225,template_v2_bl1_fix_12,23552,464,304,bf16,1,1,searched,calibration_template_probe,20:256:464:304:256:128:16:19:76:1:4:0:19:19:2:2:1:1:1:0:0:0:1020,,1,numeric_signed_axes_full_v3,0.0780000019073,0.0775383996964086,0.0775332021712735,within_noise,within_noise,1
net_log30:template_v2_bl1_fix_12:rank66,net_log30,Ascend910B3,20,8.1.RC1+toolkit-7.7.0.1.225,template_v2_bl1_fix_12,23552,464,304,bf16,1,1,searched,calibration_template_probe,20:192:464:304:192:32:64:5:75:1:15:0:5:5:2:2:1:1:1:0:0:0:1020,,1,numeric_signed_axes_full_v3,0.0776272010803,0.0775383996963784,0.0775332021713219,within_noise,within_noise,1
net_log30:template_v2_bl1_fix_12:rank67,net_log30,Ascend910B3,20,8.1.RC1+toolkit-7.7.0.1.225,template_v2_bl1_fix_12,23552,464,304,bf16,1,1,searched,calibration_template_probe,20:256:464:304:256:128:32:10:40:1:4:0:10:10:2:2:1:1:1:0:0:0:1020,,1,numeric_signed_axes_full_v3,0.0776087999344,0.0775383996963782,0.0775332021713298,within_noise,within_noise,1
net_log30:template_v2_bl1_fix_12:rank68,net_log30,Ascend910B3,20,8.1.RC1+toolkit-7.7.0.1.225,template_v2_bl1_fix_12,23552,464,304,bf16,1,1,searched,calibration_template_probe,20:256:464:304:256:96:16:19:95:1:5:0:19:19:2:2:1:1:1:0:0:0:1020,,1,numeric_signed_axes_full_v3,0.0775803995132,0.0775383996964104,0.0775332021713229,within_noise,within_noise,1
net_log30:template_v2_bl1_fix_12:rank69,net_log30,Ascend910B3,20,8.1.RC1+toolkit-7.7.0.1.225,template_v2_bl1_fix_12,23552,464,304,bf16,1,1,searched,calibration_template_probe,20:192:464:304:192:160:64:5:15:1:3:0:5:5:2:2:1:1:1:0:0:0:1020,,1,numeric_signed_axes_full_v3,0.0774995994568,0.0775383996963677,0.0775332021710052,within_noise,within_noise,1
net_log30:template_v2_bl1_fix_12:rank70,net_log30,Ascend910B3,20,8.1.RC1+toolkit-7.7.0.1.225,template_v2_bl1_fix_12,23552,464,304,bf16,1,1,searched,calibration_template_probe,20:256:464:304:256:32:32:10:150:1:15:0:10:10:2:2:1:1:1:0:0:0:1020,,1,numeric_signed_axes_full_v3,0.0777667999268,0.0775383996963712,0.0775332021712732,within_noise,within_noise,1
net_log30:template_v2_bl1_fix_12:rank71,net_log30,Ascend910B3,20,8.1.RC1+toolkit-7.7.0.1.225,template_v2_bl1_fix_12,23552,464,304,bf16,1,1,searched,calibration_template_probe,20:256:464:304:256:32:64:5:75:1:15:0:5:5:2:2:1:1:1:0:0:0:1020,,1,numeric_signed_axes_full_v3,0.0775084018707,0.0775383996963488,0.0775332021712648,within_noise,within_noise,1
net_log30:template_v2_bl1_fix_12:rank72,net_log30,Ascend910B3,20,8.1.RC1+toolkit-7.7.0.1.225,template_v2_bl1_fix_12,23552,464,304,bf16,1,1,searched,calibration_template_probe,20:256:464:304:256:32:16:19:285:1:15:0:19:19:2:2:1:1:1:0:0:0:1020,,1,numeric_signed_axes_full_v3,0.0775544023514,0.0775383996963704,0.0775332021713323,within_noise,within_noise,1
net_log30:template_v2_bl1_fix_12:rank73,net_log30,Ascend910B3,20,8.1.RC1+toolkit-7.7.0.1.225,template_v2_bl1_fix_12,23552,464,304,bf16,1,1,searched,calibration_template_probe,20:256:464:304:256:64:64:5:40:1:8:0:5:5:2:2:1:1:1:0:0:0:1020,,1,numeric_signed_axes_full_v3,0.0777791976929,0.0775383996964374,0.077578802108768,within_noise,within_noise,1
net_log30:template_v2_bl1_fix_12:rank74,net_log30,Ascend910B3,20,8.1.RC1+toolkit-7.7.0.1.225,template_v2_bl1_fix_12,23552,464,304,bf16,1,1,searched,calibration_template_probe,20:192:464:304:192:80:64:5:30:1:6:0:5:5:2:2:1:1:1:0:0:0:1020,,1,numeric_signed_axes_full_v3,0.0774807977676,0.0775383996967403,0.0775788021090987,within_noise,within_noise,1
net_log30:template_v2_bl1_vec_01:rank1,net_log30,Ascend910B3,20,8.1.RC1+toolkit-7.7.0.1.225,template_v2_bl1_vec_01,15616,608,64,fp32,0,0,searched,calibration_template_probe,20:160:608:64:80:512:16:8:8:1:2:1:4:4:1:1:1:1:1:98:1:1:20,,1,numeric_signed_axes_full_v3,0.0751700019836,0.0751051998138369,0.0757936000823796,within_noise,within_noise,1
net_log30:template_v2_bl1_vec_01:rank2,net_log30,Ascend910B3,20,8.1.RC1+toolkit-7.7.0.1.225,template_v2_bl1_vec_01,15616,608,64,fp32,0,0,searched,calibration_template_probe,20:480:608:64:240:48:16:8:52:1:13:0:4:4:2:2:2:1:1:33:1:1:20,,1,numeric_signed_axes_full_v3,0.0758252000809,0.0751051998137982,0.0757936000823881,within_noise,within_noise,1
net_log30:template_v2_bl1_vec_01:rank3,net_log30,Ascend910B3,20,8.1.RC1+toolkit-7.7.0.1.225,template_v2_bl1_vec_01,15616,608,64,fp32,0,0,searched,calibration_template_probe,19:832:608:64:416:144:16:8:20:1:5:1:4:4:1:2:1:1:1:19:1:1:20,,1,numeric_signed_axes_full_v3,0.0751408004761,0.0751051998138,0.0757936000820356,within_noise,within_noise,1
net_log30:template_v2_bl1_vec_01:rank4,net_log30,Ascend910B3,20,8.1.RC1+toolkit-7.7.0.1.225,template_v2_bl1_vec_01,15616,608,64,fp32,0,0,searched,calibration_template_probe,20:288:608:64:144:448:32:4:4:1:2:0:2:2:2:1:1:1:1:55:1:1:20,,1,numeric_signed_axes_full_v3,0.0758179998398,0.0751051998138139,0.0757936000823725,within_noise,within_noise,1
net_log30:template_v2_bl1_vec_01:rank5,net_log30,Ascend910B3,20,8.1.RC1+toolkit-7.7.0.1.225,template_v2_bl1_vec_01,15616,608,64,fp32,0,0,searched,calibration_template_probe,20:448:608:64:224:96:16:8:28:1:7:0:4:4:1:1:1:1:1:35:1:1:20,,1,numeric_signed_axes_full_v3,0.0756843996048,0.0751051998138001,0.0757936000824121,within_noise,within_noise,1
net_log30:template_v2_bl1_vec_01:rank6,net_log30,Ascend910B3,20,8.1.RC1+toolkit-7.7.0.1.225,template_v2_bl1_vec_01,15616,608,64,fp32,0,0,searched,calibration_template_probe,20:416:608:64:208:192:16:8:16:1:4:1:4:4:2:2:1:1:1:38:1:1:20,,1,numeric_signed_axes_full_v3,0.0758608007431,0.0751051998138112,0.0757936000824064,regressed,within_noise,1
net_log30:template_v2_bl1_vec_01:rank7,net_log30,Ascend910B3,20,8.1.RC1+toolkit-7.7.0.1.225,template_v2_bl1_vec_01,15616,608,64,fp32,0,0,searched,calibration_template_probe,19:832:608:64:416:144:16:8:20:1:5:0:4:4:2:1:1:1:1:19:1:1:20,,1,numeric_signed_axes_full_v3,0.0752120018005,0.075105199813807,0.0757936000827137,within_noise,within_noise,1
net_log30:template_v2_bl1_vec_01:rank8,net_log30,Ascend910B3,20,8.1.RC1+toolkit-7.7.0.1.225,template_v2_bl1_vec_01,15616,608,64,fp32,0,0,searched,calibration_template_probe,20:448:608:64:224:224:32:4:6:1:3:1:2:2:1:1:1:1:1:35:1:1:20,,1,numeric_signed_axes_full_v3,0.0758767986298,0.0751051998138001,0.0757936000824141,regressed,within_noise,1
net_log30:template_v2_bl1_vec_01:rank9,net_log30,Ascend910B3,20,8.1.RC1+toolkit-7.7.0.1.225,template_v2_bl1_vec_01,15616,608,64,fp32,0,0,searched,calibration_template_probe,20:224:608:64:112:512:16:8:8:1:2:0:4:4:1:2:1:1:1:70:1:1:20,,1,numeric_signed_axes_full_v3,0.0756907987595,0.0751051998138303,0.0757936000820996,within_noise,within_noise,1
net_log30:template_v2_bl1_vec_01:rank10,net_log30,Ascend910B3,20,8.1.RC1+toolkit-7.7.0.1.225,template_v2_bl1_vec_01,15616,608,64,fp32,0,0,searched,calibration_template_probe,20:160:608:64:80:512:16:8:8:1:2:1:4:4:2:2:1:1:1:98:1:1:20,,1,numeric_signed_axes_full_v3,0.0758551979065,0.0751051998137719,0.0757936000824048,within_noise,within_noise,1
net_log30:template_v2_bl1_vec_01:rank11,net_log30,Ascend910B3,20,8.1.RC1+toolkit-7.7.0.1.225,template_v2_bl1_vec_01,15616,608,64,fp32,0,0,searched,calibration_template_probe,19:832:608:64:416:16:16:8:152:1:38:1:4:4:2:2:2:1:1:19:1:1:20,,1,numeric_signed_axes_full_v3,0.0751115989685,0.0751051998138182,0.0757936000822503,within_noise,within_noise,1
net_log30:template_v2_bl1_vec_01:rank12,net_log30,Ascend910B3,20,8.1.RC1+toolkit-7.7.0.1.225,template_v2_bl1_vec_01,15616,608,64,fp32,0,0,searched,calibration_template_probe,19:832:608:64:416:96:16:8:28:1:7:0:4:4:1:2:1:1:1:19:1:1:20,,1,numeric_signed_axes_full_v3,0.0758884000778,0.0751051998137992,0.0757936000823858,regressed,within_noise,1
net_log30:template_v2_bl1_vec_01:rank13,net_log30,Ascend910B3,20,8.1.RC1+toolkit-7.7.0.1.225,template_v2_bl1_vec_01,15616,608,64,fp32,0,0,searched,calibration_template_probe,20:448:608:64:224:256:32:4:6:1:3:0:2:2:2:2:1:1:1:35:1:1:20,,1,numeric_signed_axes_full_v3,0.0756720018387,0.0751051998138375,0.075793600082735,within_noise,within_noise,1
net_log30:template_v2_bl1_vec_01:rank14,net_log30,Ascend910B3,20,8.1.RC1+toolkit-7.7.0.1.225,template_v2_bl1_vec_01,15616,608,64,fp32,0,0,searched,calibration_template_probe,20:416:608:64:208:208:16:8:12:1:3:0:4:4:2:1:1:1:1:38:1:1:20,,1,numeric_signed_axes_full_v3,0.0758555984497,0.0751051998137776,0.0757936000824155,within_noise,within_noise,1
net_log30:template_v2_bl1_vec_01:rank15,net_log30,Ascend910B3,20,8.1.RC1+toolkit-7.7.0.1.225,template_v2_bl1_vec_01,15616,608,64,fp32,0,0,searched,calibration_template_probe,20:416:608:64:208:48:16:8:52:1:13:1:4:4:2:1:1:1:1:38:1:1:20,,1,numeric_signed_axes_full_v3,0.0751032018661,0.0751051998140483,0.0757936000822891,within_noise,within_noise,1
net_log30:template_v2_bl1_vec_01:rank16,net_log30,Ascend910B3,20,8.1.RC1+toolkit-7.7.0.1.225,template_v2_bl1_vec_01,15616,608,64,fp32,0,0,searched,calibration_template_probe,20:416:608:64:208:304:16:8:8:1:2:0:4:4:1:1:1:1:1:38:1:1:20,,1,numeric_signed_axes_full_v3,0.0758996009827,0.0751051998138266,0.0757936000823854,regressed,within_noise,1
net_log30:template_v2_bl1_vec_01:rank17,net_log30,Ascend910B3,20,8.1.RC1+toolkit-7.7.0.1.225,template_v2_bl1_vec_01,15616,608,64,fp32,0,0,searched,calibration_template_probe,17:928:608:64:464:48:16:8:52:1:13:1:4:4:1:2:1:1:1:17:1:1:20,,1,numeric_signed_axes_full_v3,0.0750931978226,0.0756328010561926,0.0758364009858793,within_noise,within_noise,1
net_log30:template_v2_bl1_vec_01:rank18,net_log30,Ascend910B3,20,8.1.RC1+toolkit-7.7.0.1.225,template_v2_bl1_vec_01,15616,608,64,fp32,0,0,searched,calibration_template_probe,20:224:608:64:112:464:16:8:8:1:2:1:4:4:2:1:1:1:1:70:1:1:20,,1,numeric_signed_axes_full_v3,0.0752027988434,0.0756328010562555,0.0758364009859625,within_noise,within_noise,1
net_log30:template_v2_bl1_vec_01:rank19,net_log30,Ascend910B3,20,8.1.RC1+toolkit-7.7.0.1.225,template_v2_bl1_vec_01,15616,608,64,fp32,0,0,searched,calibration_template_probe,20:416:608:64:208:240:32:4:6:1:3:1:2:2:1:2:1:1:1:38:1:1:20,,1,numeric_signed_axes_full_v3,0.0757195997238,0.0756328010559203,0.0758364009855392,within_noise,within_noise,1
net_log30:template_v2_bl1_vec_01:rank20,net_log30,Ascend910B3,20,8.1.RC1+toolkit-7.7.0.1.225,template_v2_bl1_vec_01,15616,608,64,fp32,0,0,searched,calibration_template_probe,18:896:608:64:448:112:16:8:24:1:6:0:4:4:1:1:1:1:1:18:1:1:20,,1,numeric_signed_axes_full_v3,0.0758716011047,0.0756328010559329,0.0758364009856799,within_noise,within_noise,1
net_log30:template_v2_bl1_vec_01:rank21,net_log30,Ascend910B3,20,8.1.RC1+toolkit-7.7.0.1.225,template_v2_bl1_vec_01,15616,608,64,fp32,0,0,searched,calibration_template_probe,20:416:608:64:208:48:16:8:52:1:13:1:4:4:2:2:2:1:1:38:1:1:20,,1,numeric_signed_axes_full_v3,0.0751507997513,0.0756328010556989,0.0758364009859113,within_noise,within_noise,1
net_log30:template_v2_bl1_vec_01:rank22,net_log30,Ascend910B3,20,8.1.RC1+toolkit-7.7.0.1.225,template_v2_bl1_vec_01,15616,608,64,fp32,0,0,searched,calibration_template_probe,20:512:608:64:256:176:16:8:16:1:4:0:4:4:1:1:1:1:1:31:1:1:20,,1,numeric_signed_axes_full_v3,0.0758364009857,0.0756328010559076,0.0758364009857,within_noise,within_noise,1
net_log30:template_v2_bl1_vec_01:rank23,net_log30,Ascend910B3,20,8.1.RC1+toolkit-7.7.0.1.225,template_v2_bl1_vec_01,15616,608,64,fp32,0,0,searched,calibration_template_probe,19:832:608:64:416:64:16:8:40:1:10:0:4:4:2:2:1:1:1:19:1:1:20,,1,numeric_signed_axes_full_v3,0.0757304000854,0.0756328010559258,0.0758364009858678,within_noise,within_noise,1
net_log30:template_v2_bl1_vec_01:rank24,net_log30,Ascend910B3,20,8.1.RC1+toolkit-7.7.0.1.225,template_v2_bl1_vec_01,15616,608,64,fp32,0,0,searched,calibration_template_probe,20:224:608:64:112:448:16:8:8:1:2:0:4:4:2:2:1:1:1:70:1:1:20,,1,numeric_signed_axes_full_v3,0.075243601799,0.075632801056146,0.0758364009853938,within_noise,within_noise,1
net_log30:template_v2_bl1_vec_01:rank25,net_log30,Ascend910B3,20,8.1.RC1+toolkit-7.7.0.1.225,template_v2_bl1_vec_01,15616,608,64,fp32,0,0,searched,calibration_template_probe,20:416:608:64:208:240:16:8:12:1:3:1:4:4:2:1:1:1:1:38:1:1:20,,1,numeric_signed_axes_full_v3,0.0751556015015,0.075348801612574,0.0752843999862589,within_noise,within_noise,1
net_log30:template_v2_bl1_vec_01:rank26,net_log30,Ascend910B3,20,8.1.RC1+toolkit-7.7.0.1.225,template_v2_bl1_vec_01,15616,608,64,fp32,0,0,searched,calibration_template_probe,20:288:608:64:144:448:16:8:8:1:2:0:4:4:1:1:1:1:1:55:1:1:20,,1,numeric_signed_axes_full_v3,0.0758451986313,0.0753488016128906,0.0752843999862939,within_noise,within_noise,1
net_log30:template_v2_bl1_vec_01:rank27,net_log30,Ascend910B3,20,8.1.RC1+toolkit-7.7.0.1.225,template_v2_bl1_vec_01,15616,608,64,fp32,0,0,searched,calibration_template_probe,20:416:608:64:208:144:16:8:20:1:5:1:4:4:1:1:1:1:1:38:1:1:20,,1,numeric_signed_axes_full_v3,0.0756759977341,0.0753488016128771,0.0752843999863239,within_noise,within_noise,1
net_log30:template_v2_bl1_vec_01:rank28,net_log30,Ascend910B3,20,8.1.RC1+toolkit-7.7.0.1.225,template_v2_bl1_vec_01,15616,608,64,fp32,0,0,searched,calibration_template_probe,20:416:608:64:208:208:16:8:12:1:3:1:4:4:1:2:1:1:1:38:1:1:20,,1,numeric_signed_axes_full_v3,0.07520840168,0.0753488016132195,0.0752843999864978,within_noise,within_noise,1
net_log30:template_v2_bl1_vec_01:rank29,net_log30,Ascend910B3,20,8.1.RC1+toolkit-7.7.0.1.225,template_v2_bl1_vec_01,15616,608,64,fp32,0,0,searched,calibration_template_probe,20:416:608:64:208:192:64:2:4:1:4:0:1:1:1:1:1:1:1:38:1:1:20,,1,numeric_signed_axes_full_v3,0.0751804018021,0.0753488016130948,0.0752843999863851,within_noise,within_noise,1
net_log30:template_v2_bl1_vec_01:rank30,net_log30,Ascend910B3,20,8.1.RC1+toolkit-7.7.0.1.225,template_v2_bl1_vec_01,15616,608,64,fp32,0,0,searched,calibration_template_probe,19:832:608:64:416:112:16:8:24:1:6:1:4:4:1:1:1:1:1:19:1:1:20,,1,numeric_signed_axes_full_v3,0.0758939981461,0.0753488016128666,0.0752843999862621,within_noise,within_noise,1
net_log30:template_v2_bl1_vec_01:rank31,net_log30,Ascend910B3,20,8.1.RC1+toolkit-7.7.0.1.225,template_v2_bl1_vec_01,15616,608,64,fp32,0,0,searched,calibration_template_probe,20:224:608:64:112:512:16:8:8:1:2:1:4:4:1:1:1:1:1:70:1:1:20,,1,numeric_signed_axes_full_v3,0.0757352018356,0.0753488016128779,0.0752843999863282,within_noise,within_noise,1
net_log30:template_v2_bl1_vec_01:rank32,net_log30,Ascend910B3,20,8.1.RC1+toolkit-7.7.0.1.225,template_v2_bl1_vec_01,15616,608,64,fp32,0,0,searched,calibration_template_probe,20:448:608:64:224:16:16:8:152:1:38:0:4:4:2:2:2:1:1:35:1:1:20,,1,numeric_signed_axes_full_v3,0.0759832000732,0.0753488016129041,0.0752843999863067,within_noise,within_noise,1
net_log30:template_v2_bl1_vec_01:rank33,net_log30,Ascend910B3,20,8.1.RC1+toolkit-7.7.0.1.225,template_v2_bl1_vec_01,15616,608,64,fp32,0,0,searched,calibration_template_probe,19:832:608:64:416:80:16:8:32:1:8:0:4:4:1:1:1:1:1:19:1:1:20,,1,numeric_signed_axes_full_v3,0.0759704017639,0.0753488016128979,0.0752843999862697,within_noise,within_noise,1
net_log30:template_v2_bl1_vec_01:rank34,net_log30,Ascend910B3,20,8.1.RC1+toolkit-7.7.0.1.225,template_v2_bl1_vec_01,15616,608,64,fp32,0,0,searched,calibration_template_probe,20:512:608:64:256:176:16:8:16:1:4:1:4:4:2:2:1:1:1:31:1:1:20,,1,numeric_signed_axes_full_v3,0.0758572006226,0.0753488016128735,0.0752843999862651,within_noise,within_noise,1
net_log30:template_v2_bl1_vec_01:rank35,net_log30,Ascend910B3,20,8.1.RC1+toolkit-7.7.0.1.225,template_v2_bl1_vec_01,15616,608,64,fp32,0,0,searched,calibration_template_probe,19:832:608:64:416:16:16:8:152:1:38:0:4:4:1:2:1:1:1:19:1:1:20,,1,numeric_signed_axes_full_v3,0.0752284002304,0.0753488016126414,0.0752843999859753,within_noise,within_noise,1
net_log30:template_v2_bl1_vec_01:rank36,net_log30,Ascend910B3,20,8.1.RC1+toolkit-7.7.0.1.225,template_v2_bl1_vec_01,15616,608,64,fp32,0,0,searched,calibration_template_probe,20:416:608:64:208:192:32:4:8:1:4:0:2:2:1:1:1:1:1:38:1:1:20,,1,numeric_signed_axes_full_v3,0.076026802063,0.0753488016128946,0.0752843999862658,within_noise,within_noise,1
net_log30:template_v2_bl1_vec_01:rank37,net_log30,Ascend910B3,20,8.1.RC1+toolkit-7.7.0.1.225,template_v2_bl1_vec_01,15616,608,64,fp32,0,0,searched,calibration_template_probe,20:288:608:64:144:448:16:8:8:1:2:1:4:4:2:2:1:1:1:55:1:1:20,,1,numeric_signed_axes_full_v3,0.0758992004395,0.0753488016129267,0.0752843999863198,within_noise,within_noise,1
net_log30:template_v2_bl1_vec_01:rank38,net_log30,Ascend910B3,20,8.1.RC1+toolkit-7.7.0.1.225,template_v2_bl1_vec_01,15616,608,64,fp32,0,0,searched,calibration_template_probe,17:928:608:64:464:112:16:8:24:1:6:1:4:4:1:2:1:1:1:17:1:1:20,,1,numeric_signed_axes_full_v3,0.075457201004,0.0753488016128739,0.0752843999863236,within_noise,within_noise,1
net_log30:template_v2_bl1_vec_01:rank39,net_log30,Ascend910B3,20,8.1.RC1+toolkit-7.7.0.1.225,template_v2_bl1_vec_01,15616,608,64,fp32,0,0,searched,calibration_template_probe,20:416:608:64:208:64:16:8:40:1:10:1:4:4:2:2:2:1:1:38:1:1:20,,1,numeric_signed_axes_full_v3,0.075539598465,0.0753488016129098,0.0752843999862707,within_noise,within_noise,1
net_log30:template_v2_bl1_vec_01:rank40,net_log30,Ascend910B3,20,8.1.RC1+toolkit-7.7.0.1.225,template_v2_bl1_vec_01,15616,608,64,fp32,0,0,searched,calibration_template_probe,20:416:608:64:208:224:32:4:6:1:3:0:2:2:2:1:1:1:1:38:1:1:20,,1,numeric_signed_axes_full_v3,0.0758856010437,0.0753488016128993,0.0752843999862704,within_noise,within_noise,1
net_log30:template_v2_bl1_vec_01:rank41,net_log30,Ascend910B3,20,8.1.RC1+toolkit-7.7.0.1.225,template_v2_bl1_vec_01,15616,608,64,fp32,0,0,searched,calibration_template_probe,20:160:608:64:80:512:16:8:8:1:2:1:4:4:1:2:1:1:1:98:1:1:20,,1,numeric_signed_axes_full_v3,0.0751183986664,0.0752523994444075,0.0756283998489612,within_noise,within_noise,1
net_log30:template_v2_bl1_vec_01:rank42,net_log30,Ascend910B3,20,8.1.RC1+toolkit-7.7.0.1.225,template_v2_bl1_vec_01,15616,608,64,fp32,0,0,searched,calibration_template_probe,20:160:608:64:80:512:16:8:8:1:2:1:4:4:2:1:1:1:1:98:1:1:20,,1,numeric_signed_axes_full_v3,0.0752432012558,0.0752523994444575,0.0756283998488676,within_noise,within_noise,1
net_log30:template_v2_bl1_vec_01:rank43,net_log30,Ascend910B3,20,8.1.RC1+toolkit-7.7.0.1.225,template_v2_bl1_vec_01,15616,608,64,fp32,0,0,searched,calibration_template_probe,20:512:608:64:256:176:16:8:16:1:4:0:4:4:1:2:1:1:1:31:1:1:20,,1,numeric_signed_axes_full_v3,0.0753168010712,0.0752523994446242,0.0756283998486337,within_noise,within_noise,1
net_log30:template_v2_bl1_vec_01:rank44,net_log30,Ascend910B3,20,8.1.RC1+toolkit-7.7.0.1.225,template_v2_bl1_vec_01,15616,608,64,fp32,0,0,searched,calibration_template_probe,20:480:608:64:240:240:16:8:12:1:3:0:4:4:2:2:1:1:1:33:1:1:20,,1,numeric_signed_axes_full_v3,0.0758339977264,0.0752523994445891,0.0756283998489102,within_noise,within_noise,1
net_log30:template_v2_bl1_vec_01:rank45,net_log30,Ascend910B3,20,8.1.RC1+toolkit-7.7.0.1.225,template_v2_bl1_vec_01,15616,608,64,fp32,0,0,searched,calibration_template_probe,20:416:608:64:208:240:16:8:12:1:3:0:4:4:1:1:1:1:1:38:1:1:20,,1,numeric_signed_axes_full_v3,0.0752756023407,0.0752523994445879,0.0756283998491797,within_noise,within_noise,1
net_log30:template_v2_bl1_vec_01:rank46,net_log30,Ascend910B3,20,8.1.RC1+toolkit-7.7.0.1.225,template_v2_bl1_vec_01,15616,608,64,fp32,0,0,searched,calibration_template_probe,20:448:608:64:224:208:32:4:6:1:3:0:2:2:1:1:1:1:1:35:1:1:20,,1,numeric_signed_axes_full_v3,0.0758031988144,0.0752523994446268,0.0756283998488817,within_noise,within_noise,1
net_log30:template_v2_bl1_vec_01:rank47,net_log30,Ascend910B3,20,8.1.RC1+toolkit-7.7.0.1.225,template_v2_bl1_vec_01,15616,608,64,fp32,0,0,searched,calibration_template_probe,18:896:608:64:448:112:16:8:24:1:6:0:4:4:1:2:1:1:1:18:1:1:20,,1,numeric_signed_axes_full_v3,0.075272397995,0.0752523994446255,0.0756283998491091,within_noise,within_noise,1
net_log30:template_v2_bl1_vec_01:rank48,net_log30,Ascend910B3,20,8.1.RC1+toolkit-7.7.0.1.225,template_v2_bl1_vec_01,15616,608,64,fp32,0,0,searched,calibration_template_probe,19:832:608:64:416:64:32:4:20:1:10:1:2:2:1:2:1:1:1:19:1:1:20,,1,numeric_signed_axes_full_v3,0.0750871992111,0.0752523994448642,0.07562839984887,within_noise,within_noise,1
net_log30:template_v2_bl1_vec_01:rank49,net_log30,Ascend910B3,20,8.1.RC1+toolkit-7.7.0.1.225,template_v2_bl1_vec_01,15616,608,64,fp32,0,0,searched,calibration_template_probe,19:832:608:64:416:112:16:8:24:1:6:1:4:4:1:2:1:1:1:19:1:1:20,,1,numeric_signed_axes_full_v3,0.0757895994186,0.0752523994446355,0.0751183986663797,within_noise,within_noise,1
net_log30:template_v2_bl1_vec_01:rank50,net_log30,Ascend910B3,20,8.1.RC1+toolkit-7.7.0.1.225,template_v2_bl1_vec_01,15616,608,64,fp32,0,0,searched,calibration_template_probe,20:416:608:64:208:176:64:2:4:1:4:1:1:1:1:1:1:1:1:38:1:1:20,,1,numeric_signed_axes_full_v3,0.075708398819,0.0752523994445738,0.0751183986664313,within_noise,within_noise,1
net_log30:template_v2_bl1_vec_01:rank51,net_log30,Ascend910B3,20,8.1.RC1+toolkit-7.7.0.1.225,template_v2_bl1_vec_01,15616,608,64,fp32,0,0,searched,calibration_template_probe,20:480:608:64:240:224:16:8:12:1:3:0:4:4:1:1:1:1:1:33:1:1:20,,1,numeric_signed_axes_full_v3,0.0758495998383,0.0752523994445724,0.0751183986664168,within_noise,within_noise,1
net_log30:template_v2_bl1_vec_01:rank52,net_log30,Ascend910B3,20,8.1.RC1+toolkit-7.7.0.1.225,template_v2_bl1_vec_01,15616,608,64,fp32,0,0,searched,calibration_template_probe,20:448:608:64:224:224:16:8:12:1:3:0:4:4:2:1:1:1:1:35:1:1:20,,1,numeric_signed_axes_full_v3,0.0751183986664,0.0752523994444075,0.0751183986664,within_noise,within_noise,1
net_log30:template_v2_bl1_vec_01:rank53,net_log30,Ascend910B3,20,8.1.RC1+toolkit-7.7.0.1.225,template_v2_bl1_vec_01,15616,608,64,fp32,0,0,searched,calibration_template_probe,20:448:608:64:224:224:16:8:12:1:3:1:4:4:1:2:1:1:1:35:1:1:20,,1,numeric_signed_axes_full_v3,0.0754156017303,0.0752523994445944,0.0751183986663859,within_noise,within_noise,1
net_log30:template_v2_bl1_vec_01:rank54,net_log30,Ascend910B3,20,8.1.RC1+toolkit-7.7.0.1.225,template_v2_bl1_vec_01,15616,608,64,fp32,0,0,searched,calibration_template_probe,19:832:608:64:416:128:16:8:20:1:5:1:4:4:1:1:1:1:1:19:1:1:20,,1,numeric_signed_axes_full_v3,0.0756684017181,0.0752523994445787,0.0751183986664355,within_noise,within_noise,1
net_log30:template_v2_bl1_vec_01:rank55,net_log30,Ascend910B3,20,8.1.RC1+toolkit-7.7.0.1.225,template_v2_bl1_vec_01,15616,608,64,fp32,0,0,searched,calibration_template_probe,20:224:608:64:112:464:16:8:8:1:2:1:4:4:1:1:1:1:1:70:1:1:20,,1,numeric_signed_axes_full_v3,0.0752687978745,0.0752523994446253,0.0751183986663821,within_noise,within_noise,1
net_log30:template_v2_bl1_vec_01:rank56,net_log30,Ascend910B3,20,8.1.RC1+toolkit-7.7.0.1.225,template_v2_bl1_vec_01,15616,608,64,fp32,0,0,searched,calibration_template_probe,20:448:608:64:224:96:16:8:28:1:7:1:4:4:2:1:1:1:1:35:1:1:20,,1,numeric_signed_axes_full_v3,0.0756971979141,0.0752523994446311,0.0751183986663859,within_noise,within_noise,1
net_log30:template_v2_bl1_vec_01:rank57,net_log30,Ascend910B3,20,8.1.RC1+toolkit-7.7.0.1.225,template_v2_bl1_vec_01,15616,608,64,fp32,0,0,searched,calibration_template_probe,19:832:608:64:416:96:32:4:14:1:7:1:2:2:1:2:1:1:1:19:1:1:20,,1,numeric_signed_axes_full_v3,0.0758691978455,0.0751843976973674,0.0751183986663984,within_noise,within_noise,1
net_log30:template_v2_bl1_vec_01:rank58,net_log30,Ascend910B3,20,8.1.RC1+toolkit-7.7.0.1.225,template_v2_bl1_vec_01,15616,608,64,fp32,0,0,searched,calibration_template_probe,19:832:608:64:416:112:16:8:24:1:6:0:4:4:2:2:1:1:1:19:1:1:20,,1,numeric_signed_axes_full_v3,0.0758288002014,0.0751843976974364,0.0751183986664243,within_noise,within_noise,1
net_log30:template_v2_bl1_vec_01:rank59,net_log30,Ascend910B3,20,8.1.RC1+toolkit-7.7.0.1.225,template_v2_bl1_vec_01,15616,608,64,fp32,0,0,searched,calibration_template_probe,20:416:608:64:208:112:64:2:6:1:6:1:1:1:1:1:1:1:1:38:1:1:20,,1,numeric_signed_axes_full_v3,0.075147600174,0.0751843976971228,0.0751183986664166,within_noise,within_noise,1
net_log30:template_v2_bl1_vec_01:rank60,net_log30,Ascend910B3,20,8.1.RC1+toolkit-7.7.0.1.225,template_v2_bl1_vec_01,15616,608,64,fp32,0,0,searched,calibration_template_probe,20:128:608:64:128:64:16:8:80:1:10:0:4:4:2:2:1:1:1:0:0:0:2020,,1,numeric_signed_axes_full_v3,0.0757904005051,0.0751843976973983,0.0751183986663893,within_noise,within_noise,1
net_log30:template_v2_bl1_vec_01:rank61,net_log30,Ascend910B3,20,8.1.RC1+toolkit-7.7.0.1.225,template_v2_bl1_vec_01,15616,608,64,fp32,0,0,searched,calibration_template_probe,20:96:608:64:96:96:64:2:14:1:7:0:1:1:2:2:1:1:1:0:0:0:2020,,1,numeric_signed_axes_full_v3,0.0751355981827,0.0751843976973132,0.0751183986663862,within_noise,within_noise,1
net_log30:template_v2_bl1_vec_01:rank62,net_log30,Ascend910B3,20,8.1.RC1+toolkit-7.7.0.1.225,template_v2_bl1_vec_01,15616,608,64,fp32,0,0,searched,calibration_template_probe,20:256:608:64:256:32:16:8:152:1:19:0:4:4:2:2:1:1:1:0:0:0:2020,,1,numeric_signed_axes_full_v3,0.0758039999008,0.0751843976973675,0.0751183986664258,within_noise,within_noise,1
net_log30:template_v2_bl1_vec_01:rank63,net_log30,Ascend910B3,20,8.1.RC1+toolkit-7.7.0.1.225,template_v2_bl1_vec_01,15616,608,64,fp32,0,0,searched,calibration_template_probe,20:128:608:64:128:256:16:8:24:1:3:0:4:4:2:2:1:1:1:0:0:0:2020,,1,numeric_signed_axes_full_v3,0.0751107978821,0.0751843976970921,0.0751183986667141,within_noise,within_noise,1
net_log30:template_v2_bl1_vec_01:rank64,net_log30,Ascend910B3,20,8.1.RC1+toolkit-7.7.0.1.225,template_v2_bl1_vec_01,15616,608,64,fp32,0,0,searched,calibration_template_probe,20:192:608:64:192:32:32:4:76:1:19:0:2:2:2:2:1:1:1:0:0:0:2020,,1,numeric_signed_axes_full_v3,0.0759007978439,0.0751843976974134,0.0751183986664246,within_noise,regressed,1
net_log30:template_v2_bl1_vec_01:rank65,net_log30,Ascend910B3,20,8.1.RC1+toolkit-7.7.0.1.225,template_v2_bl1_vec_01,15616,608,64,fp32,0,0,searched,calibration_template_probe,20:128:608:64:128:192:32:4:16:1:4:0:2:2:2:2:1:1:1:0:0:0:2020,,1,numeric_signed_axes_full_v3,0.0751524019241,0.0751843976977361,0.0757259988786747,within_noise,within_noise,1
net_log30:template_v2_bl1_vec_01:rank66,net_log30,Ascend910B3,20,8.1.RC1+toolkit-7.7.0.1.225,template_v2_bl1_vec_01,15616,608,64,fp32,0,0,searched,calibration_template_probe,20:128:608:64:128:64:32:4:40:1:10:0:2:2:2:2:1:1:1:0:0:0:2020,,1,numeric_signed_axes_full_v3,0.0752368021011,0.0751843976973828,0.0757259988786776,within_noise,within_noise,1
net_log30:template_v2_bl1_vec_01:rank67,net_log30,Ascend910B3,20,8.1.RC1+toolkit-7.7.0.1.225,template_v2_bl1_vec_01,15616,608,64,fp32,0,0,searched,calibration_template_probe,20:128:608:64:128:192:16:8:32:1:4:0:4:4:2:2:1:1:1:0:0:0:2020,,1,numeric_signed_axes_full_v3,0.0751512002945,0.0751843976976934,0.0757259988785149,within_noise,within_noise,1
net_log30:template_v2_bl1_vec_01:rank68,net_log30,Ascend910B3,20,8.1.RC1+toolkit-7.7.0.1.225,template_v2_bl1_vec_01,15616,608,64,fp32,0,0,searched,calibration_template_probe,20:192:608:64:192:112:32:4:24:1:6:0:2:2:2:2:1:1:1:0:0:0:2020,,1,numeric_signed_axes_full_v3,0.0758531999588,0.0751843976973767,0.0757259988785153,within_noise,within_noise,1
net_log30:template_v2_bl1_vec_01:rank69,net_log30,Ascend910B3,20,8.1.RC1+toolkit-7.7.0.1.225,template_v2_bl1_vec_01,15616,608,64,fp32,0,0,searched,calibration_template_probe,20:256:608:64:256:96:16:8:56:1:7:0:4:4:2:2:1:1:1:0:0:0:2020,,1,numeric_signed_axes_full_v3,0.0751832008362,0.0751843976971217,0.0757259988786292,within_noise,within_noise,1
net_log30:template_v2_bl1_vec_01:rank70,net_log30,Ascend910B3,20,8.1.RC1+toolkit-7.7.0.1.225,template_v2_bl1_vec_01,15616,608,64,fp32,0,0,searched,calibration_template_probe,20:256:608:64:256:64:16:8:80:1:10:0:4:4:2:2:1:1:1:0:0:0:2020,,1,numeric_signed_axes_full_v3,0.075832400322,0.0751843976973627,0.075725998878528,within_noise,within_noise,1
net_log30:template_v2_bl1_vec_01:rank71,net_log30,Ascend910B3,20,8.1.RC1+toolkit-7.7.0.1.225,template_v2_bl1_vec_01,15616,608,64,fp32,0,0,searched,calibration_template_probe,20:192:608:64:192:80:32:4:32:1:8:0:2:2:2:2:1:1:1:0:0:0:2020,,1,numeric_signed_axes_full_v3,0.0751376008987,0.0751843976973056,0.0757259988784633,within_noise,within_noise,1
net_log30:template_v2_bl1_vec_01:rank72,net_log30,Ascend910B3,20,8.1.RC1+toolkit-7.7.0.1.225,template_v2_bl1_vec_01,15616,608,64,fp32,0,0,searched,calibration_template_probe,20:192:608:64:192:160:32:4:16:1:4:0:2:2:2:2:1:1:1:0:0:0:2020,,1,numeric_signed_axes_full_v3,0.0757643985748,0.0751843976974211,0.0757259988785316,within_noise,within_noise,1
net_log30:template_v2_bl1_vec_01:rank73,net_log30,Ascend910B3,20,8.1.RC1+toolkit-7.7.0.1.225,template_v2_bl1_vec_01,15616,608,64,fp32,0,0,searched,calibration_template_probe,20:256:608:64:256:128:16:8:40:1:5:0:4:4:2:2:1:1:1:0:0:0:2020,,1,numeric_signed_axes_full_v3,0.0752888011932,0.0752572011947714,0.0756684017182947,within_noise,within_noise,1
net_log30:template_v2_bl1_vec_01:rank74,net_log30,Ascend910B3,20,8.1.RC1+toolkit-7.7.0.1.225,template_v2_bl1_vec_01,15616,608,64,fp32,0,0,searched,calibration_template_probe,20:128:608:64:128:128:16:8:40:1:5:0:4:4:2:2:1:1:1:0:0:0:2020,,1,numeric_signed_axes_full_v3,0.0757263994217,0.0752572011948358,0.0756684017181233,within_noise,within_noise,1
net_log30:template_v2_bl1_vec_02:rank1,net_log30,Ascend910B3,20,8.1.RC1+toolkit-7.7.0.1.225,template_v2_bl1_vec_02,15872,544,80,fp32,0,1,searched,calibration_template_probe,20:832:544:80:416:16:8:20:340:1:34:1:10:10:1:1:1:1:1:20:1:1:20,,1,numeric_signed_axes_full_v3,0.174750404358,,,,,0
net_log30:template_v2_bl1_vec_02:rank2,net_log30,Ascend910B3,20,8.1.RC1+toolkit-7.7.0.1.225,template_v2_bl1_vec_02,15872,544,80,fp32,0,1,searched,calibration_template_probe,20:512:544:80:256:64:8:20:90:1:9:0:10:10:2:2:2:1:1:31:1:1:20,,1,numeric_signed_axes_full_v3,0.0876543998718,,,,,0
net_log30:template_v2_bl1_vec_02:rank3,net_log30,Ascend910B3,20,8.1.RC1+toolkit-7.7.0.1.225,template_v2_bl1_vec_02,15872,544,80,fp32,0,1,searched,calibration_template_probe,20:160:544:80:80:512:16:10:10:1:2:1:5:5:1:2:1:1:1:100:1:1:20,,0,runtime_rejected,,,,runtime_rejected,runtime_rejected,0
net_log30:template_v2_bl1_vec_02:rank4,net_log30,Ascend910B3,20,8.1.RC1+toolkit-7.7.0.1.225,template_v2_bl1_vec_02,15872,544,80,fp32,0,1,searched,calibration_template_probe,20:160:544:80:80:464:8:20:20:1:2:0:10:10:2:1:1:1:1:100:1:1:20,,0,runtime_rejected,,,,runtime_rejected,runtime_rejected,0
net_log30:template_v2_bl1_vec_02:rank5,net_log30,Ascend910B3,20,8.1.RC1+toolkit-7.7.0.1.225,template_v2_bl1_vec_02,15872,544,80,fp32,0,1,searched,calibration_template_probe,18:896:544:80:448:112:8:20:50:1:5:0:10:10:1:2:1:1:1:18:1:1:20,,0,runtime_rejected,,,,runtime_rejected,runtime_rejected,0
net_log30:template_v2_bl1_vec_02:rank6,net_log30,Ascend910B3,20,8.1.RC1+toolkit-7.7.0.1.225,template_v2_bl1_vec_02,15872,544,80,fp32,0,1,searched,calibration_template_probe,20:416:544:80:208:32:8:20:170:1:17:1:10:10:2:2:2:1:1:39:1:1:20,,1,numeric_signed_axes_full_v3,0.0999123954773,,,,,0
net_log30:template_v2_bl1_vec_02:rank7,net_log30,Ascend910B3,20,8.1.RC1+toolkit-7.7.0.1.225,template_v2_bl1_vec_02,15872,544,80,fp32,0,1,searched,calibration_template_probe,20:448:544:80:224:32:8:20:170:1:17:0:10:10:2:1:1:1:1:36:1:1:20,,1,numeric_signed_axes_full_v3,0.14872879982,,,,,0
net_log30:template_v2_bl1_vec_02:rank8,net_log30,Ascend910B3,20,8.1.RC1+toolkit-7.7.0.1.225,template_v2_bl1_vec_02,15872,544,80,fp32,0,1,searched,calibration_template_probe,20:544:544:80:272:176:8:20:40:1:4:1:10:10:2:2:1:1:1:30:1:1:20,,0,runtime_rejected,,,,runtime_rejected,runtime_rejected,0
net_log30:template_v2_bl1_vec_02:rank9,net_log30,Ascend910B3,20,8.1.RC1+toolkit-7.7.0.1.225,template_v2_bl1_vec_02,15872,544,80,fp32,0,1,searched,calibration_template_probe,20:832:544:80:416:144:16:10:20:1:4:1:5:5:1:1:1:1:1:20:1:1:20,,0,runtime_rejected,,,,runtime_rejected,runtime_rejected,0
net_log30:template_v2_bl1_vec_02:rank10,net_log30,Ascend910B3,20,8.1.RC1+toolkit-7.7.0.1.225,template_v2_bl1_vec_02,15872,544,80,fp32,0,1,searched,calibration_template_probe,18:928:544:80:464:32:8:20:170:1:17:1:10:10:2:2:2:1:1:18:1:1:20,,1,numeric_signed_axes_full_v3,0.0886651992798,0.073495998382564,0.0735743999480563,regressed,regressed,1
net_log30:template_v2_bl1_vec_02:rank11,net_log30,Ascend910B3,20,8.1.RC1+toolkit-7.7.0.1.225,template_v2_bl1_vec_02,15872,544,80,fp32,0,1,searched,calibration_template_probe,20:832:544:80:416:128:8:20:50:1:5:0:10:10:2:1:1:1:1:20:1:1:20,,0,runtime_rejected,,,,runtime_rejected,runtime_rejected,0
net_log30:template_v2_bl1_vec_02:rank12,net_log30,Ascend910B3,20,8.1.RC1+toolkit-7.7.0.1.225,template_v2_bl1_vec_02,15872,544,80,fp32,0,1,searched,calibration_template_probe,20:160:544:80:80:512:16:10:10:1:2:1:5:5:1:1:1:1:1:100:1:1:20,,0,runtime_rejected,,,,runtime_rejected,runtime_rejected,0
net_log30:template_v2_bl1_vec_02:rank13,net_log30,Ascend910B3,20,8.1.RC1+toolkit-7.7.0.1.225,template_v2_bl1_vec_02,15872,544,80,fp32,0,1,searched,calibration_template_probe,20:416:544:80:208:240:40:4:6:1:3:0:2:2:1:1:1:1:1:39:1:1:20,,0,runtime_rejected,,,,runtime_rejected,runtime_rejected,0
net_log30:template_v2_bl1_vec_02:rank14,net_log30,Ascend910B3,20,8.1.RC1+toolkit-7.7.0.1.225,template_v2_bl1_vec_02,15872,544,80,fp32,0,1,searched,calibration_template_probe,20:832:544:80:416:16:8:20:340:1:34:0:10:10:2:2:2:1:1:20:1:1:20,,1,numeric_signed_axes_full_v3,0.131442403793,0.0734959983826068,0.0735743999480779,regressed,regressed,1
net_log30:template_v2_bl1_vec_02:rank15,net_log30,Ascend910B3,20,8.1.RC1+toolkit-7.7.0.1.225,template_v2_bl1_vec_02,15872,544,80,fp32,0,1,searched,calibration_template_probe,20:416:544:80:208:128:8:20:50:1:5:1:10:10:1:2:1:1:1:39:1:1:20,,1,numeric_signed_axes_full_v3,0.106694803238,0.0734959983826344,0.0735743999481068,regressed,regressed,1
net_log30:template_v2_bl1_vec_02:rank16,net_log30,Ascend910B3,20,8.1.RC1+toolkit-7.7.0.1.225,template_v2_bl1_vec_02,15872,544,80,fp32,0,1,searched,calibration_template_probe,20:448:544:80:224:208:16:10:15:1:3:0:5:5:2:2:1:1:1:36:1:1:20,,0,runtime_rejected,,,,runtime_rejected,runtime_rejected,0
net_log30:template_v2_bl1_vec_02:rank17,net_log30,Ascend910B3,20,8.1.RC1+toolkit-7.7.0.1.225,template_v2_bl1_vec_02,15872,544,80,fp32,0,1,searched,calibration_template_probe,20:224:544:80:112:464:8:20:20:1:2:0:10:10:1:1:1:1:1:71:1:1:20,,0,runtime_rejected,,,,runtime_rejected,runtime_rejected,0
net_log30:template_v2_bl1_vec_02:rank18,net_log30,Ascend910B3,20,8.1.RC1+toolkit-7.7.0.1.225,template_v2_bl1_vec_02,15872,544,80,fp32,0,1,searched,calibration_template_probe,20:544:544:80:272:176:8:20:40:1:4:0:10:10:1:1:1:1:1:30:1:1:20,,0,runtime_rejected,,,,runtime_rejected,runtime_rejected,0
net_log30:template_v2_bl1_vec_02:rank19,net_log30,Ascend910B3,20,8.1.RC1+toolkit-7.7.0.1.225,template_v2_bl1_vec_02,15872,544,80,fp32,0,1,searched,calibration_template_probe,20:512:544:80:256:32:8:20:170:1:17:0:10:10:2:2:2:1:1:31:1:1:20,,1,numeric_signed_axes_full_v3,0.105958404541,,,,,0
net_log30:template_v2_bl1_vec_02:rank20,net_log30,Ascend910B3,20,8.1.RC1+toolkit-7.7.0.1.225,template_v2_bl1_vec_02,15872,544,80,fp32,0,1,searched,calibration_template_probe,20:832:544:80:416:48:8:20:120:1:12:1:10:10:2:2:1:1:1:20:1:1:20,,1,numeric_signed_axes_full_v3,0.100875196457,,,,,0
net_log30:template_v2_bl1_vec_02:rank21,net_log30,Ascend910B3,20,8.1.RC1+toolkit-7.7.0.1.225,template_v2_bl1_vec_02,15872,544,80,fp32,0,1,searched,calibration_template_probe,18:896:544:80:448:48:8:20:120:1:12:0:10:10:1:2:1:1:1:18:1:1:20,,1,numeric_signed_axes_full_v3,0.127583599091,,,,,0
net_log30:template_v2_bl1_vec_02:rank22,net_log30,Ascend910B3,20,8.1.RC1+toolkit-7.7.0.1.225,template_v2_bl1_vec_02,15872,544,80,fp32,0,1,searched,calibration_template_probe,20:480:544:80:240:112:8:20:50:1:5:1:10:10:1:1:1:1:1:34:1:1:20,,1,numeric_signed_axes_full_v3,0.134429197311,,,,,0
net_log30:template_v2_bl1_vec_02:rank23,net_log30,Ascend910B3,20,8.1.RC1+toolkit-7.7.0.1.225,template_v2_bl1_vec_02,15872,544,80,fp32,0,1,searched,calibration_template_probe,20:576:544:80:288:48:8:20:120:1:12:1:10:10:2:2:2:1:1:28:1:1:20,,1,numeric_signed_axes_full_v3,0.129423599243,,,,,0
net_log30:template_v2_bl1_vec_02:rank24,net_log30,Ascend910B3,20,8.1.RC1+toolkit-7.7.0.1.225,template_v2_bl1_vec_02,15872,544,80,fp32,0,1,searched,calibration_template_probe,20:224:544:80:112:384:8:20:20:1:2:0:10:10:2:2:1:1:1:71:1:1:20,,0,runtime_rejected,,,,runtime_rejected,runtime_rejected,0
net_log30:template_v2_bl1_vec_02:rank25,net_log30,Ascend910B3,20,8.1.RC1+toolkit-7.7.0.1.225,template_v2_bl1_vec_02,15872,544,80,fp32,0,1,searched,calibration_template_probe,20:832:544:80:416:128:8:20:50:1:5:1:10:10:1:2:1:1:1:20:1:1:20,,0,runtime_rejected,,,,runtime_rejected,runtime_rejected,0
net_log30:template_v2_bl1_vec_02:rank26,net_log30,Ascend910B3,20,8.1.RC1+toolkit-7.7.0.1.225,template_v2_bl1_vec_02,15872,544,80,fp32,0,1,searched,calibration_template_probe,20:416:544:80:208:64:8:20:90:1:9:1:10:10:2:2:2:1:1:39:1:1:20,,1,numeric_signed_axes_full_v3,0.0797807979584,0.0746415996552379,0.0729996013641064,regressed,regressed,1
net_log30:template_v2_bl1_vec_02:rank27,net_log30,Ascend910B3,20,8.1.RC1+toolkit-7.7.0.1.225,template_v2_bl1_vec_02,15872,544,80,fp32,0,1,searched,calibration_template_probe,20:832:544:80:416:32:8:20:170:1:17:0:10:10:2:2:2:1:1:20:1:1:20,,1,numeric_signed_axes_full_v3,0.089073600769,0.0746415996551782,0.0729996013640774,regressed,regressed,1
net_log30:template_v2_bl1_vec_02:rank28,net_log30,Ascend910B3,20,8.1.RC1+toolkit-7.7.0.1.225,template_v2_bl1_vec_02,15872,544,80,fp32,0,1,searched,calibration_template_probe,20:512:544:80:256:240:8:20:30:1:3:0:10:10:1:2:1:1:1:31:1:1:20,,0,runtime_rejected,,,,runtime_rejected,runtime_rejected,0
net_log30:template_v2_bl1_vec_02:rank29,net_log30,Ascend910B3,20,8.1.RC1+toolkit-7.7.0.1.225,template_v2_bl1_vec_02,15872,544,80,fp32,0,1,searched,calibration_template_probe,20:160:544:80:80:464:8:20:20:1:2:1:10:10:1:2:1:1:1:100:1:1:20,,0,runtime_rejected,,,,runtime_rejected,runtime_rejected,0
net_log30:template_v2_bl1_vec_02:rank30,net_log30,Ascend910B3,20,8.1.RC1+toolkit-7.7.0.1.225,template_v2_bl1_vec_02,15872,544,80,fp32,0,1,searched,calibration_template_probe,20:832:544:80:416:128:16:10:25:1:5:0:5:5:1:1:1:1:1:20:1:1:20,,0,runtime_rejected,,,,runtime_rejected,runtime_rejected,0
net_log30:template_v2_bl1_vec_02:rank31,net_log30,Ascend910B3,20,8.1.RC1+toolkit-7.7.0.1.225,template_v2_bl1_vec_02,15872,544,80,fp32,0,1,searched,calibration_template_probe,20:512:544:80:256:160:8:20:40:1:4:0:10:10:2:1:1:1:1:31:1:1:20,,0,runtime_rejected,,,,runtime_rejected,runtime_rejected,0
net_log30:template_v2_bl1_vec_02:rank32,net_log30,Ascend910B3,20,8.1.RC1+toolkit-7.7.0.1.225,template_v2_bl1_vec_02,15872,544,80,fp32,0,1,searched,calibration_template_probe,20:832:544:80:416:48:8:20:120:1:12:0:10:10:1:1:1:1:1:20:1:1:20,,1,numeric_signed_axes_full_v3,0.123951997757,0.0746415996551921,0.0729996013641292,regressed,regressed,1
net_log30:template_v2_bl1_vec_02:rank33,net_log30,Ascend910B3,20,8.1.RC1+toolkit-7.7.0.1.225,template_v2_bl1_vec_02,15872,544,80,fp32,0,1,searched,calibration_template_probe,18:928:544:80:464:80:8:20:70:1:7:0:10:10:2:1:1:1:1:18:1:1:20,,0,runtime_rejected,,,,runtime_rejected,runtime_rejected,0
net_log30:template_v2_bl1_vec_02:rank34,net_log30,Ascend910B3,20,8.1.RC1+toolkit-7.7.0.1.225,template_v2_bl1_vec_02,15872,544,80,fp32,0,1,searched,calibration_template_probe,18:928:544:80:464:80:8:20:70:1:7:1:10:10:1:2:1:1:1:18:1:1:20,,0,runtime_rejected,,,,runtime_rejected,runtime_rejected,0
net_log30:template_v2_bl1_vec_02:rank35,net_log30,Ascend910B3,20,8.1.RC1+toolkit-7.7.0.1.225,template_v2_bl1_vec_02,15872,544,80,fp32,0,1,searched,calibration_template_probe,20:480:544:80:240:224:8:20:30:1:3:1:10:10:1:2:1:1:1:34:1:1:20,,0,runtime_rejected,,,,runtime_rejected,runtime_rejected,0
net_log30:template_v2_bl1_vec_02:rank36,net_log30,Ascend910B3,20,8.1.RC1+toolkit-7.7.0.1.225,template_v2_bl1_vec_02,15872,544,80,fp32,0,1,searched,calibration_template_probe,20:416:544:80:208:128:8:20:50:1:5:0:10:10:2:1:1:1:1:39:1:1:20,,1,numeric_signed_axes_full_v3,0.101337995529,0.0747728013991779,0.0746496009827391,regressed,regressed,1
net_log30:template_v2_bl1_vec_02:rank37,net_log30,Ascend910B3,20,8.1.RC1+toolkit-7.7.0.1.225,template_v2_bl1_vec_02,15872,544,80,fp32,0,1,searched,calibration_template_probe,20:832:544:80:416:96:16:10:30:1:6:0:5:5:1:2:1:1:1:20:1:1:20,,0,runtime_rejected,,,,runtime_rejected,runtime_rejected,0
net_log30:template_v2_bl1_vec_02:rank38,net_log30,Ascend910B3,20,8.1.RC1+toolkit-7.7.0.1.225,template_v2_bl1_vec_02,15872,544,80,fp32,0,1,searched,calibration_template_probe,20:480:544:80:240:48:8:20:120:1:12:0:10:10:2:2:2:1:1:34:1:1:20,,1,numeric_signed_axes_full_v3,0.115017204285,0.0747728013991584,0.0746496009826827,regressed,regressed,1
net_log30:template_v2_bl1_vec_02:rank39,net_log30,Ascend910B3,20,8.1.RC1+toolkit-7.7.0.1.225,template_v2_bl1_vec_02,15872,544,80,fp32,0,1,searched,calibration_template_probe,18:896:544:80:448:112:16:10:25:1:5:1:5:5:1:2:1:1:1:18:1:1:20,,0,runtime_rejected,,,,runtime_rejected,runtime_rejected,0
net_log30:template_v2_bl1_vec_02:rank40,net_log30,Ascend910B3,20,8.1.RC1+toolkit-7.7.0.1.225,template_v2_bl1_vec_02,15872,544,80,fp32,0,1,searched,calibration_template_probe,20:832:544:80:416:32:8:20:170:1:17:1:10:10:1:2:1:1:1:20:1:1:20,,1,numeric_signed_axes_full_v3,0.121179599762,0.0747728013992602,0.0746496009826814,regressed,regressed,1
net_log30:template_v2_bl1_vec_02:rank41,net_log30,Ascend910B3,20,8.1.RC1+toolkit-7.7.0.1.225,template_v2_bl1_vec_02,15872,544,80,fp32,0,1,searched,calibration_template_probe,20:480:544:80:240:224:8:20:30:1:3:0:10:10:2:1:1:1:1:34:1:1:20,,0,runtime_rejected,,,,runtime_rejected,runtime_rejected,0
net_log30:template_v2_bl1_vec_02:rank42,net_log30,Ascend910B3,20,8.1.RC1+toolkit-7.7.0.1.225,template_v2_bl1_vec_02,15872,544,80,fp32,0,1,searched,calibration_template_probe,20:832:544:80:416:16:16:10:170:1:34:1:5:5:1:2:1:1:1:20:1:1:20,,1,numeric_signed_axes_full_v3,0.139273195267,0.0750023984909254,0.075208401679956,regressed,regressed,1
net_log30:template_v2_bl1_vec_02:rank43,net_log30,Ascend910B3,20,8.1.RC1+toolkit-7.7.0.1.225,template_v2_bl1_vec_02,15872,544,80,fp32,0,1,searched,calibration_template_probe,20:512:544:80:256:240:8:20:30:1:3:1:10:10:2:2:1:1:1:31:1:1:20,,0,runtime_rejected,,,,runtime_rejected,runtime_rejected,0
net_log30:template_v2_bl1_vec_02:rank44,net_log30,Ascend910B3,20,8.1.RC1+toolkit-7.7.0.1.225,template_v2_bl1_vec_02,15872,544,80,fp32,0,1,searched,calibration_template_probe,20:288:544:80:144:448:16:10:10:1:2:1:5:5:1:2:1:1:1:56:1:1:20,,0,runtime_rejected,,,,runtime_rejected,runtime_rejected,0
net_log30:template_v2_bl1_vec_02:rank45,net_log30,Ascend910B3,20,8.1.RC1+toolkit-7.7.0.1.225,template_v2_bl1_vec_02,15872,544,80,fp32,0,1,searched,calibration_template_probe,20:448:544:80:224:224:8:20:30:1:3:0:10:10:1:1:1:1:1:36:1:1:20,,0,runtime_rejected,,,,runtime_rejected,runtime_rejected,0
net_log30:template_v2_bl1_vec_02:rank46,net_log30,Ascend910B3,20,8.1.RC1+toolkit-7.7.0.1.225,template_v2_bl1_vec_02,15872,544,80,fp32,0,1,searched,calibration_template_probe,20:416:544:80:208:48:8:20:120:1:12:1:10:10:2:2:2:1:1:39:1:1:20,,1,numeric_signed_axes_full_v3,0.103339595795,0.0750023984909502,0.0752084016799606,regressed,regressed,1
net_log30:template_v2_bl1_vec_02:rank47,net_log30,Ascend910B3,20,8.1.RC1+toolkit-7.7.0.1.225,template_v2_bl1_vec_02,15872,544,80,fp32,0,1,searched,calibration_template_probe,20:480:544:80:240:224:8:20:30:1:3:0:10:10:2:2:1:1:1:34:1:1:20,,0,runtime_rejected,,,,runtime_rejected,runtime_rejected,0
net_log30:template_v2_bl1_vec_02:rank48,net_log30,Ascend910B3,20,8.1.RC1+toolkit-7.7.0.1.225,template_v2_bl1_vec_02,15872,544,80,fp32,0,1,searched,calibration_template_probe,20:512:544:80:256:240:8:20:30:1:3:0:10:10:1:1:1:1:1:31:1:1:20,,0,runtime_rejected,,,,runtime_rejected,runtime_rejected,0
net_log30:template_v2_bl1_vec_02:rank49,net_log30,Ascend910B3,20,8.1.RC1+toolkit-7.7.0.1.225,template_v2_bl1_vec_02,15872,544,80,fp32,0,1,searched,calibration_template_probe,20:544:544:80:272:176:8:20:40:1:4:0:10:10:1:2:1:1:1:30:1:1:20,,0,runtime_rejected,,,,runtime_rejected,runtime_rejected,0
net_log30:template_v2_bl1_vec_02:rank50,net_log30,Ascend910B3,20,8.1.RC1+toolkit-7.7.0.1.225,template_v2_bl1_vec_02,15872,544,80,fp32,0,1,searched,calibration_template_probe,18:896:544:80:448:112:16:10:25:1:5:1:5:5:1:1:1:1:1:18:1:1:20,,0,runtime_rejected,,,,runtime_rejected,runtime_rejected,0
net_log30:template_v2_bl1_vec_02:rank51,net_log30,Ascend910B3,20,8.1.RC1+toolkit-7.7.0.1.225,template_v2_bl1_vec_02,15872,544,80,fp32,0,1,searched,calibration_template_probe,20:544:544:80:272:48:8:20:120:1:12:0:10:10:2:2:2:1:1:30:1:1:20,,1,numeric_signed_axes_full_v3,0.12102399826,0.0756080007552946,0.0744191980362185,regressed,regressed,1
net_log30:template_v2_bl1_vec_02:rank52,net_log30,Ascend910B3,20,8.1.RC1+toolkit-7.7.0.1.225,template_v2_bl1_vec_02,15872,544,80,fp32,0,1,searched,calibration_template_probe,20:832:544:80:416:80:16:10:35:1:7:0:5:5:2:1:1:1:1:20:1:1:20,,0,runtime_rejected,,,,runtime_rejected,runtime_rejected,0
net_log30:template_v2_bl1_vec_02:rank53,net_log30,Ascend910B3,20,8.1.RC1+toolkit-7.7.0.1.225,template_v2_bl1_vec_02,15872,544,80,fp32,0,1,searched,calibration_template_probe,20:832:544:80:416:96:8:20:60:1:6:0:10:10:2:1:1:1:1:20:1:1:20,,0,runtime_rejected,,,,runtime_rejected,runtime_rejected,0
net_log30:template_v2_bl1_vec_02:rank54,net_log30,Ascend910B3,20,8.1.RC1+toolkit-7.7.0.1.225,template_v2_bl1_vec_02,15872,544,80,fp32,0,1,searched,calibration_template_probe,20:832:544:80:416:96:8:20:60:1:6:1:10:10:1:2:1:1:1:20:1:1:20,,0,runtime_rejected,,,,runtime_rejected,runtime_rejected,0
net_log30:template_v2_bl1_vec_02:rank55,net_log30,Ascend910B3,20,8.1.RC1+toolkit-7.7.0.1.225,template_v2_bl1_vec_02,15872,544,80,fp32,0,1,searched,calibration_template_probe,20:480:544:80:240:144:8:20:40:1:4:0:10:10:2:1:1:1:1:34:1:1:20,,0,runtime_rejected,,,,runtime_rejected,runtime_rejected,0
net_log30:template_v2_bl1_vec_02:rank56,net_log30,Ascend910B3,20,8.1.RC1+toolkit-7.7.0.1.225,template_v2_bl1_vec_02,15872,544,80,fp32,0,1,searched,calibration_template_probe,20:416:544:80:208:96:8:20:60:1:6:1:10:10:1:2:1:1:1:39:1:1:20,,1,numeric_signed_axes_full_v3,0.104180002213,0.0756080007553178,0.0744191980362327,regressed,regressed,1
net_log30:template_v2_bl1_vec_02:rank57,net_log30,Ascend910B3,20,8.1.RC1+toolkit-7.7.0.1.225,template_v2_bl1_vec_02,15872,544,80,fp32,0,1,searched,calibration_template_probe,20:480:544:80:240:64:8:20:90:1:9:0:10:10:2:2:2:1:1:34:1:1:20,,1,numeric_signed_axes_full_v3,0.0848268032074,0.073969597816475,0.0744191980361652,regressed,regressed,1
net_log30:template_v2_bl1_vec_02:rank58,net_log30,Ascend910B3,20,8.1.RC1+toolkit-7.7.0.1.225,template_v2_bl1_vec_02,15872,544,80,fp32,0,1,searched,calibration_template_probe,20:512:544:80:256:128:8:20:50:1:5:0:10:10:2:1:1:1:1:31:1:1:20,,1,numeric_signed_axes_full_v3,0.11064040184,0.0739695978165125,0.0744191980361972,regressed,regressed,1
net_log30:template_v2_bl1_vec_02:rank59,net_log30,Ascend910B3,20,8.1.RC1+toolkit-7.7.0.1.225,template_v2_bl1_vec_02,15872,544,80,fp32,0,1,searched,calibration_template_probe,20:160:544:80:80:512:8:20:20:1:2:0:10:10:2:1:1:1:1:100:1:1:20,,0,runtime_rejected,,,,runtime_rejected,runtime_rejected,0
net_log30:template_v2_bl1_vec_02:rank60,net_log30,Ascend910B3,20,8.1.RC1+toolkit-7.7.0.1.225,template_v2_bl1_vec_02,15872,544,80,fp32,0,1,searched,calibration_template_probe,20:160:544:80:80:512:8:20:20:1:2:1:10:10:1:2:1:1:1:100:1:1:20,,0,runtime_rejected,,,,runtime_rejected,runtime_rejected,0
net_log30:template_v2_bl1_vec_02:rank61,net_log30,Ascend910B3,20,8.1.RC1+toolkit-7.7.0.1.225,template_v2_bl1_vec_02,15872,544,80,fp32,0,1,searched,calibration_template_probe,20:832:544:80:416:16:8:20:340:1:34:1:10:10:2:2:1:1:1:20:1:1:20,,1,numeric_signed_axes_full_v3,0.132452802658,0.0739695978164655,0.0744191980362107,regressed,regressed,1
net_log30:template_v2_bl1_vec_02:rank62,net_log30,Ascend910B3,20,8.1.RC1+toolkit-7.7.0.1.225,template_v2_bl1_vec_02,15872,544,80,fp32,0,1,searched,calibration_template_probe,20:448:544:80:224:48:8:20:120:1:12:0:10:10:2:1:1:1:1:36:1:1:20,,1,numeric_signed_axes_full_v3,0.139916801453,0.0739695978164533,0.0744191980362551,regressed,regressed,1
net_log30:template_v2_bl1_vec_02:rank63,net_log30,Ascend910B3,20,8.1.RC1+toolkit-7.7.0.1.225,template_v2_bl1_vec_02,15872,544,80,fp32,0,1,searched,calibration_template_probe,20:128:544:80:128:128:16:10:50:1:5:0:5:5:2:2:1:1:1:0:0:0:2020,,0,runtime_rejected,,,,runtime_rejected,runtime_rejected,0
net_log30:template_v2_bl1_vec_02:rank64,net_log30,Ascend910B3,20,8.1.RC1+toolkit-7.7.0.1.225,template_v2_bl1_vec_02,15872,544,80,fp32,0,1,searched,calibration_template_probe,20:512:544:80:512:16:8:10:340:1:34:0:10:10:2:2:1:1:1:0:0:0:2020,,0,runtime_rejected,,,,runtime_rejected,runtime_rejected,0
net_log30:template_v2_bl1_vec_02:rank65,net_log30,Ascend910B3,20,8.1.RC1+toolkit-7.7.0.1.225,template_v2_bl1_vec_02,15872,544,80,fp32,0,1,searched,calibration_template_probe,20:512:544:80:512:32:8:20:170:1:17:0:10:10:2:2:1:1:1:0:0:0:2020,,0,runtime_rejected,,,,runtime_rejected,runtime_rejected,0
net_log30:template_v2_bl1_vec_02:rank66,net_log30,Ascend910B3,20,8.1.RC1+toolkit-7.7.0.1.225,template_v2_bl1_vec_02,15872,544,80,fp32,0,1,searched,calibration_template_probe,20:256:544:80:256:128:8:10:100:1:5:0:10:10:2:2:1:1:1:0:0:0:2020,,0,runtime_rejected,,,,runtime_rejected,runtime_rejected,0
net_log30:template_v2_bl1_vec_02:rank67,net_log30,Ascend910B3,20,8.1.RC1+toolkit-7.7.0.1.225,template_v2_bl1_vec_02,15872,544,80,fp32,0,1,searched,calibration_template_probe,20:256:544:80:256:32:8:20:340:1:17:0:10:10:2:2:1:1:1:0:0:0:2020,,0,runtime_rejected,,,,runtime_rejected,runtime_rejected,0
net_log30:template_v2_bl1_vec_02:rank68,net_log30,Ascend910B3,20,8.1.RC1+toolkit-7.7.0.1.225,template_v2_bl1_vec_02,15872,544,80,fp32,0,1,searched,calibration_template_probe,20:256:544:80:256:128:8:20:50:1:5:0:10:10:2:2:1:1:1:0:0:0:2020,,0,runtime_rejected,,,,runtime_rejected,runtime_rejected,0
net_log30:template_v2_bl1_vec_02:rank69,net_log30,Ascend910B3,20,8.1.RC1+toolkit-7.7.0.1.225,template_v2_bl1_vec_02,15872,544,80,fp32,0,1,searched,calibration_template_probe,20:256:544:80:256:32:16:10:170:1:17:0:5:5:2:2:1:1:1:0:0:0:2020,,0,runtime_rejected,,,,runtime_rejected,runtime_rejected,0
net_log30:template_v2_bl1_vec_02:rank70,net_log30,Ascend910B3,20,8.1.RC1+toolkit-7.7.0.1.225,template_v2_bl1_vec_02,15872,544,80,fp32,0,1,searched,calibration_template_probe,20:128:544:80:128:192:16:10:30:1:3:0:5:5:2:2:1:1:1:0:0:0:2020,,0,runtime_rejected,,,,runtime_rejected,runtime_rejected,0
net_log30:template_v2_bl1_vec_02:rank71,net_log30,Ascend910B3,20,8.1.RC1+toolkit-7.7.0.1.225,template_v2_bl1_vec_02,15872,544,80,fp32,0,1,searched,calibration_template_probe,20:128:544:80:128:64:16:10:90:1:9:0:5:5:2:2:1:1:1:0:0:0:2020,,0,runtime_rejected,,,,runtime_rejected,runtime_rejected,0
net_log30:template_v2_bl1_vec_02:rank72,net_log30,Ascend910B3,20,8.1.RC1+toolkit-7.7.0.1.225,template_v2_bl1_vec_02,15872,544,80,fp32,0,1,searched,calibration_template_probe,20:512:544:80:512:64:8:10:90:1:9:0:10:10:2:2:1:1:1:0:0:0:2020,,0,runtime_rejected,,,,runtime_rejected,runtime_rejected,0
net_log30:template_v2_bl1_vec_02:rank73,net_log30,Ascend910B3,20,8.1.RC1+toolkit-7.7.0.1.225,template_v2_bl1_vec_02,15872,544,80,fp32,0,1,searched,calibration_template_probe,20:512:544:80:512:16:8:10:680:1:34:0:10:10:2:2:1:1:1:0:0:0:2020,,0,runtime_rejected,,,,runtime_rejected,runtime_rejected,0
net_log30:template_v2_bl1_vec_02:rank74,net_log30,Ascend910B3,20,8.1.RC1+toolkit-7.7.0.1.225,template_v2_bl1_vec_02,15872,544,80,fp32,0,1,searched,calibration_template_probe,20:512:544:80:512:48:8:20:120:1:12:0:10:10:2:2:1:1:1:0:0:0:2020,,0,runtime_rejected,,,,runtime_rejected,runtime_rejected,0
net_log30:template_v2_bl1_vec_02:rank75,net_log30,Ascend910B3,20,8.1.RC1+toolkit-7.7.0.1.225,template_v2_bl1_vec_02,15872,544,80,fp32,0,1,searched,calibration_template_probe,20:512:544:80:512:16:8:20:340:1:34:0:10:10:2:2:1:1:1:0:0:0:2020,,0,runtime_rejected,,,,runtime_rejected,runtime_rejected,0
net_log30:template_v2_bl1_vec_02:rank76,net_log30,Ascend910B3,20,8.1.RC1+toolkit-7.7.0.1.225,template_v2_bl1_vec_02,15872,544,80,fp32,0,1,searched,calibration_template_probe,20:512:544:80:512:32:8:10:170:1:17:0:10:10:2:2:1:1:1:0:0:0:2020,,0,runtime_rejected,,,,runtime_rejected,runtime_rejected,0
net_log30:template_v2_bl1_vec_02:rank77,net_log30,Ascend910B3,20,8.1.RC1+toolkit-7.7.0.1.225,template_v2_bl1_vec_02,15872,544,80,fp32,0,1,searched,calibration_template_probe,20:512:544:80:512:32:8:10:340:1:17:0:10:10:2:2:1:1:1:0:0:0:2020,,0,runtime_rejected,,,,runtime_rejected,runtime_rejected,0
net_log30:template_v2_bl1_vec_02:rank78,net_log30,Ascend910B3,20,8.1.RC1+toolkit-7.7.0.1.225,template_v2_bl1_vec_02,15872,544,80,fp32,0,1,searched,calibration_template_probe,20:512:544:80:512:48:8:10:120:1:12:0:10:10:2:2:1:1:1:0:0:0:2020,,0,runtime_rejected,,,,runtime_rejected,runtime_rejected,0
net_log30:template_v2_bl1_vec_03:rank1,net_log30,Ascend910B3,20,8.1.RC1+toolkit-7.7.0.1.225,template_v2_bl1_vec_03,16128,528,96,fp32,0,0,searched,calibration_template_probe,20:448:528:96:224:32:16:12:102:1:17:0:6:6:1:1:1:1:1:36:1:1:20,,1,numeric_signed_axes_full_v3,0.101500396729,0.100539598464956,0.100357999801957,within_noise,regressed,1
net_log30:template_v2_bl1_vec_03:rank2,net_log30,Ascend910B3,20,8.1.RC1+toolkit-7.7.0.1.225,template_v2_bl1_vec_03,16128,528,96,fp32,0,0,searched,calibration_template_probe,20:448:528:96:224:256:32:6:9:1:3:1:3:3:2:2:1:1:1:36:1:1:20,,1,numeric_signed_axes_full_v3,0.1002987957,0.100539598464852,0.100357999802319,within_noise,within_noise,1
net_log30:template_v2_bl1_vec_03:rank3,net_log30,Ascend910B3,20,8.1.RC1+toolkit-7.7.0.1.225,template_v2_bl1_vec_03,16128,528,96,fp32,0,0,searched,calibration_template_probe,20:416:528:96:208:16:16:12:198:1:33:1:6:6:2:2:2:1:1:39:1:1:20,,1,numeric_signed_axes_full_v3,0.102013597488,0.100539598465029,0.100357999801991,regressed,regressed,1
net_log30:template_v2_bl1_vec_03:rank4,net_log30,Ascend910B3,20,8.1.RC1+toolkit-7.7.0.1.225,template_v2_bl1_vec_03,16128,528,96,fp32,0,0,searched,calibration_template_probe,20:224:528:96:112:464:16:12:12:1:2:0:6:6:2:1:1:1:1:72:1:1:20,,1,numeric_signed_axes_full_v3,0.100531597137,0.100539598464912,0.100357999801979,within_noise,within_noise,1
net_log30:template_v2_bl1_vec_03:rank5,net_log30,Ascend910B3,20,8.1.RC1+toolkit-7.7.0.1.225,template_v2_bl1_vec_03,16128,528,96,fp32,0,0,searched,calibration_template_probe,20:832:528:96:416:16:16:12:198:1:33:1:6:6:1:2:1:1:1:20:1:1:20,,1,numeric_signed_axes_full_v3,0.101488399506,0.100539598465026,0.100357999801972,within_noise,regressed,1
net_log30:template_v2_bl1_vec_03:rank6,net_log30,Ascend910B3,20,8.1.RC1+toolkit-7.7.0.1.225,template_v2_bl1_vec_03,16128,528,96,fp32,0,0,searched,calibration_template_probe,20:832:528:96:416:16:16:12:198:1:33:0:6:6:2:2:2:1:1:20:1:1:20,,1,numeric_signed_axes_full_v3,0.102013597488,0.100539598465029,0.100357999801991,regressed,regressed,1
net_log30:template_v2_bl1_vec_03:rank7,net_log30,Ascend910B3,20,8.1.RC1+toolkit-7.7.0.1.225,template_v2_bl1_vec_03,16128,528,96,fp32,0,0,searched,calibration_template_probe,20:512:528:96:256:176:16:12:18:1:3:0:6:6:2:1:1:1:1:32:1:1:20,,1,numeric_signed_axes_full_v3,0.100929603577,0.100539598465003,0.100357999801977,within_noise,within_noise,1
net_log30:template_v2_bl1_vec_03:rank8,net_log30,Ascend910B3,20,8.1.RC1+toolkit-7.7.0.1.225,template_v2_bl1_vec_03,16128,528,96,fp32,0,0,searched,calibration_template_probe,20:480:528:96:240:224:16:12:18:1:3:0:6:6:1:2:1:1:1:34:1:1:20,,1,numeric_signed_axes_full_v3,0.101449604034,0.100539598464966,0.100357999802022,within_noise,regressed,1
net_log30:template_v2_bl1_vec_03:rank9,net_log30,Ascend910B3,20,8.1.RC1+toolkit-7.7.0.1.225,template_v2_bl1_vec_03,16128,528,96,fp32,0,0,searched,calibration_template_probe,20:224:528:96:112:512:16:12:12:1:2:1:6:6:1:2:1:1:1:72:1:1:20,,1,numeric_signed_axes_full_v3,0.100635995865,0.100539598464965,0.101271600723468,within_noise,within_noise,1
net_log30:template_v2_bl1_vec_03:rank10,net_log30,Ascend910B3,20,8.1.RC1+toolkit-7.7.0.1.225,template_v2_bl1_vec_03,16128,528,96,fp32,0,0,searched,calibration_template_probe,20:448:528:96:224:208:32:6:9:1:3:1:3:3:1:1:1:1:1:36:1:1:20,,1,numeric_signed_axes_full_v3,0.101654396057,0.10053959846504,0.101271600723043,regressed,within_noise,1
net_log30:template_v2_bl1_vec_03:rank11,net_log30,Ascend910B3,20,8.1.RC1+toolkit-7.7.0.1.225,template_v2_bl1_vec_03,16128,528,96,fp32,0,0,searched,calibration_template_probe,20:448:528:96:224:64:16:12:54:1:9:1:6:6:2:1:1:1:1:36:1:1:20,,1,numeric_signed_axes_full_v3,0.100662002563,0.100539598464983,0.101271600722655,within_noise,within_noise,1
net_log30:template_v2_bl1_vec_03:rank12,net_log30,Ascend910B3,20,8.1.RC1+toolkit-7.7.0.1.225,template_v2_bl1_vec_03,16128,528,96,fp32,0,0,searched,calibration_template_probe,20:448:528:96:224:16:16:12:198:1:33:0:6:6:2:2:1:1:1:36:1:1:20,,1,numeric_signed_axes_full_v3,0.101575603485,0.100539598465024,0.101271600723019,regressed,within_noise,1
net_log30:template_v2_bl1_vec_03:rank13,net_log30,Ascend910B3,20,8.1.RC1+toolkit-7.7.0.1.225,template_v2_bl1_vec_03,16128,528,96,fp32,0,0,searched,calibration_template_probe,20:512:528:96:256:176:16:12:18:1:3:1:6:6:1:2:1:1:1:32:1:1:20,,1,numeric_signed_axes_full_v3,0.100506000519,0.100539598464881,0.101271600722529,within_noise,within_noise,1
net_log30:template_v2_bl1_vec_03:rank14,net_log30,Ascend910B3,20,8.1.RC1+toolkit-7.7.0.1.225,template_v2_bl1_vec_03,16128,528,96,fp32,0,0,searched,calibration_template_probe,20:288:528:96:144:224:16:12:18:1:3:0:6:6:1:2:1:1:1:56:1:1:20,,1,numeric_signed_axes_full_v3,0.101632404327,0.10053959846501,0.101271600723011,regressed,within_noise,1
net_log30:template_v2_bl1_vec_03:rank15,net_log30,Ascend910B3,20,8.1.RC1+toolkit-7.7.0.1.225,template_v2_bl1_vec_03,16128,528,96,fp32,0,0,searched,calibration_template_probe,20:416:528:96:208:304:16:12:12:1:2:0:6:6:2:1:1:1:1:39:1:1:20,,1,numeric_signed_axes_full_v3,0.101191196442,0.100539598465013,0.101271600723284,within_noise,within_noise,1
net_log30:template_v2_bl1_vec_03:rank16,net_log30,Ascend910B3,20,8.1.RC1+toolkit-7.7.0.1.225,template_v2_bl1_vec_03,16128,528,96,fp32,0,0,searched,calibration_template_probe,20:448:528:96:224:48:16:12:66:1:11:1:6:6:1:2:1:1:1:36:1:1:20,,1,numeric_signed_axes_full_v3,0.101341600418,0.100539598465026,0.101271600722993,within_noise,within_noise,1
net_log30:template_v2_bl1_vec_03:rank17,net_log30,Ascend910B3,20,8.1.RC1+toolkit-7.7.0.1.225,template_v2_bl1_vec_03,16128,528,96,fp32,0,0,searched,calibration_template_probe,20:416:528:96:208:64:16:12:54:1:9:1:6:6:2:2:2:1:1:39:1:1:20,,1,numeric_signed_axes_full_v3,0.100396003723,0.100565204619927,0.100854797362519,within_noise,within_noise,1
net_log30:template_v2_bl1_vec_03:rank18,net_log30,Ascend910B3,20,8.1.RC1+toolkit-7.7.0.1.225,template_v2_bl1_vec_03,16128,528,96,fp32,0,0,searched,calibration_template_probe,20:832:528:96:416:16:32:6:99:1:33:1:3:3:1:2:1:1:1:20:1:1:20,,1,numeric_signed_axes_full_v3,0.101091995239,0.100565204620006,0.100854797363002,within_noise,within_noise,1
net_log30:template_v2_bl1_vec_03:rank19,net_log30,Ascend910B3,20,8.1.RC1+toolkit-7.7.0.1.225,template_v2_bl1_vec_03,16128,528,96,fp32,0,0,searched,calibration_template_probe,20:448:528:96:224:80:32:6:21:1:7:0:3:3:1:2:1:1:1:36:1:1:20,,1,numeric_signed_axes_full_v3,0.100718002319,0.100565204619962,0.100854797362701,within_noise,within_noise,1
net_log30:template_v2_bl1_vec_03:rank20,net_log30,Ascend910B3,20,8.1.RC1+toolkit-7.7.0.1.225,template_v2_bl1_vec_03,16128,528,96,fp32,0,0,searched,calibration_template_probe,20:416:528:96:208:240:16:12:18:1:3:0:6:6:2:2:1:1:1:39:1:1:20,,1,numeric_signed_axes_full_v3,0.101906003952,0.100565204620015,0.100854797363013,regressed,regressed,1
net_log30:template_v2_bl1_vec_03:rank21,net_log30,Ascend910B3,20,8.1.RC1+toolkit-7.7.0.1.225,template_v2_bl1_vec_03,16128,528,96,fp32,0,0,searched,calibration_template_probe,20:480:528:96:240:160:16:12:24:1:4:0:6:6:1:1:1:1:1:34:1:1:20,,1,numeric_signed_axes_full_v3,0.101735200882,0.100565204619951,0.10085479736295,regressed,within_noise,1
net_log30:template_v2_bl1_vec_03:rank22,net_log30,Ascend910B3,20,8.1.RC1+toolkit-7.7.0.1.225,template_v2_bl1_vec_03,16128,528,96,fp32,0,0,searched,calibration_template_probe,20:224:528:96:112:384:16:12:12:1:2:0:6:6:1:1:1:1:1:72:1:1:20,,1,numeric_signed_axes_full_v3,0.100944795609,0.10056520462003,0.100854797363025,within_noise,within_noise,1
net_log30:template_v2_bl1_vec_03:rank23,net_log30,Ascend910B3,20,8.1.RC1+toolkit-7.7.0.1.225,template_v2_bl1_vec_03,16128,528,96,fp32,0,0,searched,calibration_template_probe,20:480:528:96:240:64:16:12:54:1:9:0:6:6:2:2:2:1:1:34:1:1:20,,1,numeric_signed_axes_full_v3,0.101713600159,0.100565204620001,0.100854797362994,regressed,within_noise,1
net_log30:template_v2_bl1_vec_03:rank24,net_log30,Ascend910B3,20,8.1.RC1+toolkit-7.7.0.1.225,template_v2_bl1_vec_03,16128,528,96,fp32,0,0,searched,calibration_template_probe,20:480:528:96:240:160:16:12:24:1:4:1:6:6:2:2:1:1:1:34:1:1:20,,1,numeric_signed_axes_full_v3,0.10052359581,0.100565204620212,0.100854797362772,within_noise,within_noise,1
net_log30:template_v2_bl1_vec_03:rank25,net_log30,Ascend910B3,20,8.1.RC1+toolkit-7.7.0.1.225,template_v2_bl1_vec_03,16128,528,96,fp32,0,0,searched,calibration_template_probe,20:416:528:96:208:208:32:6:9:1:3:1:3:3:2:1:1:1:1:39:1:1:20,,1,numeric_signed_axes_full_v3,0.101554002762,0.101183595656987,0.100484399796034,within_noise,regressed,1
net_log30:template_v2_bl1_vec_03:rank26,net_log30,Ascend910B3,20,8.1.RC1+toolkit-7.7.0.1.225,template_v2_bl1_vec_03,16128,528,96,fp32,0,0,searched,calibration_template_probe,20:416:528:96:208:304:16:12:12:1:2:1:6:6:1:2:1:1:1:39:1:1:20,,1,numeric_signed_axes_full_v3,0.100955200195,0.101183595657099,0.100484399796013,within_noise,within_noise,1
net_log30:template_v2_bl1_vec_03:rank27,net_log30,Ascend910B3,20,8.1.RC1+toolkit-7.7.0.1.225,template_v2_bl1_vec_03,16128,528,96,fp32,0,0,searched,calibration_template_probe,20:224:528:96:112:448:16:12:12:1:2:0:6:6:2:2:1:1:1:72:1:1:20,,1,numeric_signed_axes_full_v3,0.101498403549,0.101183595657004,0.100484399795952,within_noise,regressed,1
net_log30:template_v2_bl1_vec_03:rank28,net_log30,Ascend910B3,20,8.1.RC1+toolkit-7.7.0.1.225,template_v2_bl1_vec_03,16128,528,96,fp32,0,0,searched,calibration_template_probe,20:416:528:96:208:128:48:4:10:1:5:1:2:2:1:2:1:1:1:39:1:1:20,,1,numeric_signed_axes_full_v3,0.100819997787,0.101183595657144,0.100484399795956,within_noise,within_noise,1
net_log30:template_v2_bl1_vec_03:rank29,net_log30,Ascend910B3,20,8.1.RC1+toolkit-7.7.0.1.225,template_v2_bl1_vec_03,16128,528,96,fp32,0,0,searched,calibration_template_probe,20:832:528:96:416:48:32:6:33:1:11:0:3:3:1:2:1:1:1:20:1:1:20,,1,numeric_signed_axes_full_v3,0.101434803009,0.101183595656986,0.100484399796015,within_noise,within_noise,1
net_log30:template_v2_bl1_vec_03:rank30,net_log30,Ascend910B3,20,8.1.RC1+toolkit-7.7.0.1.225,template_v2_bl1_vec_03,16128,528,96,fp32,0,0,searched,calibration_template_probe,20:448:528:96:224:208:16:12:18:1:3:0:6:6:2:1:1:1:1:36:1:1:20,,1,numeric_signed_axes_full_v3,0.100492801666,0.101183595657393,0.100484399795986,within_noise,within_noise,1
net_log30:template_v2_bl1_vec_03:rank31,net_log30,Ascend910B3,20,8.1.RC1+toolkit-7.7.0.1.225,template_v2_bl1_vec_03,16128,528,96,fp32,0,0,searched,calibration_template_probe,20:448:528:96:224:16:16:12:198:1:33:0:6:6:1:2:1:1:1:36:1:1:20,,1,numeric_signed_axes_full_v3,0.101772003174,0.10118359565696,0.100484399796034,within_noise,within_noise,1
net_log30:template_v2_bl1_vec_03:rank32,net_log30,Ascend910B3,20,8.1.RC1+toolkit-7.7.0.1.225,template_v2_bl1_vec_03,16128,528,96,fp32,0,0,searched,calibration_template_probe,20:416:528:96:208:240:32:6:9:1:3:0:3:3:1:2:1:1:1:39:1:1:20,,1,numeric_signed_axes_full_v3,0.100518798828,0.101183595657355,0.100484399796004,within_noise,within_noise,1
net_log30:template_v2_bl1_vec_03:rank33,net_log30,Ascend910B3,20,8.1.RC1+toolkit-7.7.0.1.225,template_v2_bl1_vec_03,16128,528,96,fp32,0,0,searched,calibration_template_probe,20:480:528:96:240:48:16:12:66:1:11:1:6:6:2:2:2:1:1:34:1:1:20,,1,numeric_signed_axes_full_v3,0.101538801193,0.101183595656954,0.100331602097024,within_noise,regressed,1
net_log30:template_v2_bl1_vec_03:rank34,net_log30,Ascend910B3,20,8.1.RC1+toolkit-7.7.0.1.225,template_v2_bl1_vec_03,16128,528,96,fp32,0,0,searched,calibration_template_probe,20:448:528:96:224:224:32:6:9:1:3:0:3:3:1:1:1:1:1:36:1:1:20,,1,numeric_signed_axes_full_v3,0.100914001465,0.101183595656987,0.100331602097044,within_noise,within_noise,1
net_log30:template_v2_bl1_vec_03:rank35,net_log30,Ascend910B3,20,8.1.RC1+toolkit-7.7.0.1.225,template_v2_bl1_vec_03,16128,528,96,fp32,0,0,searched,calibration_template_probe,20:416:528:96:208:128:16:12:30:1:5:0:6:6:1:1:1:1:1:39:1:1:20,,1,numeric_signed_axes_full_v3,0.101781196594,0.101183595656979,0.100331602097038,within_noise,regressed,1
net_log30:template_v2_bl1_vec_03:rank36,net_log30,Ascend910B3,20,8.1.RC1+toolkit-7.7.0.1.225,template_v2_bl1_vec_03,16128,528,96,fp32,0,0,searched,calibration_template_probe,20:448:528:96:224:64:32:6:27:1:9:1:3:3:1:2:1:1:1:36:1:1:20,,1,numeric_signed_axes_full_v3,0.100607995987,0.101183595656912,0.100331602097049,within_noise,within_noise,1
net_log30:template_v2_bl1_vec_03:rank37,net_log30,Ascend910B3,20,8.1.RC1+toolkit-7.7.0.1.225,template_v2_bl1_vec_03,16128,528,96,fp32,0,0,searched,calibration_template_probe,20:448:528:96:224:80:16:12:42:1:7:0:6:6:2:1:1:1:1:36:1:1:20,,1,numeric_signed_axes_full_v3,0.101135997772,0.101183595657449,0.100331602096993,within_noise,within_noise,1
net_log30:template_v2_bl1_vec_03:rank38,net_log30,Ascend910B3,20,8.1.RC1+toolkit-7.7.0.1.225,template_v2_bl1_vec_03,16128,528,96,fp32,0,0,searched,calibration_template_probe,20:448:528:96:224:80:48:4:14:1:7:0:2:2:1:2:1:1:1:36:1:1:20,,1,numeric_signed_axes_full_v3,0.100478000641,0.101183595656633,0.10033160209699,within_noise,within_noise,1
net_log30:template_v2_bl1_vec_03:rank39,net_log30,Ascend910B3,20,8.1.RC1+toolkit-7.7.0.1.225,template_v2_bl1_vec_03,16128,528,96,fp32,0,0,searched,calibration_template_probe,20:288:528:96:144:448:16:12:12:1:2:0:6:6:2:1:1:1:1:56:1:1:20,,1,numeric_signed_axes_full_v3,0.102087202072,0.101183595656959,0.100331602097016,within_noise,regressed,1
net_log30:template_v2_bl1_vec_03:rank40,net_log30,Ascend910B3,20,8.1.RC1+toolkit-7.7.0.1.225,template_v2_bl1_vec_03,16128,528,96,fp32,0,0,searched,calibration_template_probe,20:448:528:96:224:208:16:12:18:1:3:1:6:6:1:2:1:1:1:36:1:1:20,,1,numeric_signed_axes_full_v3,0.100552396774,0.101183595656533,0.100331602096992,within_noise,within_noise,1
net_log30:template_v2_bl1_vec_03:rank41,net_log30,Ascend910B3,20,8.1.RC1+toolkit-7.7.0.1.225,template_v2_bl1_vec_03,16128,528,96,fp32,0,0,searched,calibration_template_probe,20:416:528:96:208:48:16:12:66:1:11:1:6:6:2:2:2:1:1:39:1:1:20,,1,numeric_signed_axes_full_v3,0.10143119812,0.101445198058675,0.100331602096979,within_noise,regressed,1
net_log30:template_v2_bl1_vec_03:rank42,net_log30,Ascend910B3,20,8.1.RC1+toolkit-7.7.0.1.225,template_v2_bl1_vec_03,16128,528,96,fp32,0,0,searched,calibration_template_probe,20:448:528:96:224:224:16:12:18:1:3:1:6:6:2:2:1:1:1:36:1:1:20,,1,numeric_signed_axes_full_v3,0.100858402252,0.101445198059114,0.100331602097034,within_noise,within_noise,1
net_log30:template_v2_bl1_vec_03:rank43,net_log30,Ascend910B3,20,8.1.RC1+toolkit-7.7.0.1.225,template_v2_bl1_vec_03,16128,528,96,fp32,0,0,searched,calibration_template_probe,20:224:528:96:112:464:16:12:12:1:2:0:6:6:1:1:1:1:1:72:1:1:20,,1,numeric_signed_axes_full_v3,0.101472797394,0.101445198058982,0.100331602096995,within_noise,regressed,1
net_log30:template_v2_bl1_vec_03:rank44,net_log30,Ascend910B3,20,8.1.RC1+toolkit-7.7.0.1.225,template_v2_bl1_vec_03,16128,528,96,fp32,0,0,searched,calibration_template_probe,20:448:528:96:224:64:16:12:54:1:9:1:6:6:2:2:1:1:1:36:1:1:20,,1,numeric_signed_axes_full_v3,0.101283197403,0.101445198059213,0.10033160209705,within_noise,within_noise,1
net_log30:template_v2_bl1_vec_03:rank45,net_log30,Ascend910B3,20,8.1.RC1+toolkit-7.7.0.1.225,template_v2_bl1_vec_03,16128,528,96,fp32,0,0,searched,calibration_template_probe,20:416:528:96:208:240:16:12:18:1:3:0:6:6:2:1:1:1:1:39:1:1:20,,1,numeric_signed_axes_full_v3,0.102030000687,0.101445198059018,0.100331602097042,within_noise,regressed,1
net_log30:template_v2_bl1_vec_03:rank46,net_log30,Ascend910B3,20,8.1.RC1+toolkit-7.7.0.1.225,template_v2_bl1_vec_03,16128,528,96,fp32,0,0,searched,calibration_template_probe,20:416:528:96:208:240:16:12:18:1:3:1:6:6:1:2:1:1:1:39:1:1:20,,1,numeric_signed_axes_full_v3,0.100514802933,0.101445198059162,0.100331602096982,within_noise,within_noise,1
net_log30:template_v2_bl1_vec_03:rank47,net_log30,Ascend910B3,20,8.1.RC1+toolkit-7.7.0.1.225,template_v2_bl1_vec_03,16128,528,96,fp32,0,0,searched,calibration_template_probe,20:416:528:96:208:96:16:12:36:1:6:1:6:6:1:2:1:1:1:39:1:1:20,,1,numeric_signed_axes_full_v3,0.101730804443,0.101445198059006,0.100331602096985,within_noise,regressed,1
net_log30:template_v2_bl1_vec_03:rank48,net_log30,Ascend910B3,20,8.1.RC1+toolkit-7.7.0.1.225,template_v2_bl1_vec_03,16128,528,96,fp32,0,0,searched,calibration_template_probe,20:416:528:96:208:96:16:12:36:1:6:0:6:6:1:1:1:1:1:39:1:1:20,,1,numeric_signed_axes_full_v3,0.100488796234,0.10144519805873,0.10033160209702,within_noise,within_noise,1
net_log30:template_v2_bl1_vec_03:rank49,net_log30,Ascend910B3,20,8.1.RC1+toolkit-7.7.0.1.225,template_v2_bl1_vec_03,16128,528,96,fp32,0,0,searched,calibration_template_probe,20:448:528:96:224:224:16:12:18:1:3:0:6:6:1:1:1:1:1:36:1:1:20,,1,numeric_signed_axes_full_v3,0.101464395523,0.10140239715597,0.100209197997961,within_noise,regressed,1
net_log30:template_v2_bl1_vec_03:rank50,net_log30,Ascend910B3,20,8.1.RC1+toolkit-7.7.0.1.225,template_v2_bl1_vec_03,16128,528,96,fp32,0,0,searched,calibration_template_probe,20:480:528:96:240:144:16:12:24:1:4:0:6:6:1:1:1:1:1:34:1:1:20,,1,numeric_signed_axes_full_v3,0.100945997238,0.101402397155654,0.100209197997981,within_noise,within_noise,1
net_log30:template_v2_bl1_vec_03:rank51,net_log30,Ascend910B3,20,8.1.RC1+toolkit-7.7.0.1.225,template_v2_bl1_vec_03,16128,528,96,fp32,0,0,searched,calibration_template_probe,20:448:528:96:224:16:16:12:198:1:33:1:6:6:2:2:2:1:1:36:1:1:20,,1,numeric_signed_axes_full_v3,0.101450796127,0.101402397155984,0.100209197997987,within_noise,regressed,1
net_log30:template_v2_bl1_vec_03:rank52,net_log30,Ascend910B3,20,8.1.RC1+toolkit-7.7.0.1.225,template_v2_bl1_vec_03,16128,528,96,fp32,0,0,searched,calibration_template_probe,20:448:528:96:224:96:16:12:36:1:6:0:6:6:1:1:1:1:1:36:1:1:20,,1,numeric_signed_axes_full_v3,0.100493602753,0.101402397155748,0.100209197998006,within_noise,within_noise,1
net_log30:template_v2_bl1_vec_03:rank53,net_log30,Ascend910B3,20,8.1.RC1+toolkit-7.7.0.1.225,template_v2_bl1_vec_03,16128,528,96,fp32,0,0,searched,calibration_template_probe,20:416:528:96:208:112:16:12:30:1:5:1:6:6:2:1:1:1:1:39:1:1:20,,1,numeric_signed_axes_full_v3,0.101435203552,0.10140239715602,0.100209197998005,within_noise,regressed,1
net_log30:template_v2_bl1_vec_03:rank54,net_log30,Ascend910B3,20,8.1.RC1+toolkit-7.7.0.1.225,template_v2_bl1_vec_03,16128,528,96,fp32,0,0,searched,calibration_template_probe,20:448:528:96:224:48:16:12:66:1:11:1:6:6:2:2:2:1:1:36:1:1:20,,1,numeric_signed_axes_full_v3,0.100500402451,0.101402397155887,0.100209197998009,within_noise,within_noise,1
net_log30:template_v2_bl1_vec_03:rank55,net_log30,Ascend910B3,20,8.1.RC1+toolkit-7.7.0.1.225,template_v2_bl1_vec_03,16128,528,96,fp32,0,0,searched,calibration_template_probe,20:448:528:96:224:224:16:12:18:1:3:0:6:6:1:2:1:1:1:36:1:1:20,,1,numeric_signed_axes_full_v3,0.101948404312,0.10140239715604,0.100209197997982,within_noise,regressed,1
net_log30:template_v2_bl1_vec_03:rank56,net_log30,Ascend910B3,20,8.1.RC1+toolkit-7.7.0.1.225,template_v2_bl1_vec_03,16128,528,96,fp32,0,0,searched,calibration_template_probe,20:448:528:96:224:64:16:12:54:1:9:1:6:6:1:2:1:1:1:36:1:1:20,,1,numeric_signed_axes_full_v3,0.101209602356,0.10140239715604,0.100209197997995,within_noise,within_noise,1
net_log30:template_v2_bl1_vec_03:rank57,net_log30,Ascend910B3,20,8.1.RC1+toolkit-7.7.0.1.225,template_v2_bl1_vec_03,16128,528,96,fp32,0,0,searched,calibration_template_probe,20:448:528:96:224:32:48:4:34:1:17:0:2:2:1:2:1:1:1:36:1:1:20,,1,numeric_signed_axes_full_v3,0.101513996124,0.101402397155977,0.100209197998036,within_noise,regressed,1
net_log30:template_v2_bl1_vec_03:rank58,net_log30,Ascend910B3,20,8.1.RC1+toolkit-7.7.0.1.225,template_v2_bl1_vec_03,16128,528,96,fp32,0,0,searched,calibration_template_probe,20:448:528:96:224:64:16:12:54:1:9:0:6:6:1:1:1:1:1:36:1:1:20,,1,numeric_signed_axes_full_v3,0.10090760231,0.101402397155719,0.100209197997972,within_noise,within_noise,1
net_log30:template_v2_bl1_vec_03:rank59,net_log30,Ascend910B3,20,8.1.RC1+toolkit-7.7.0.1.225,template_v2_bl1_vec_03,16128,528,96,fp32,0,0,searched,calibration_template_probe,20:448:528:96:224:96:16:12:36:1:6:1:6:6:2:1:1:1:1:36:1:1:20,,1,numeric_signed_axes_full_v3,0.101501197815,0.101402397156024,0.100209197997987,within_noise,regressed,1
net_log30:template_v2_bl1_vec_03:rank60,net_log30,Ascend910B3,20,8.1.RC1+toolkit-7.7.0.1.225,template_v2_bl1_vec_03,16128,528,96,fp32,0,0,searched,calibration_template_probe,20:64:528:96:64:64:32:6:54:1:9:0:3:3:2:2:1:1:1:0:0:0:2020,,1,numeric_signed_axes_full_v3,0.100474796295,0.10140239715629,0.100209197997955,within_noise,within_noise,1
net_log30:template_v2_bl1_vec_03:rank61,net_log30,Ascend910B3,20,8.1.RC1+toolkit-7.7.0.1.225,template_v2_bl1_vec_03,16128,528,96,fp32,0,0,searched,calibration_template_probe,20:512:528:96:512:16:16:6:198:1:33:0:6:6:2:2:1:1:1:0:0:0:2020,,1,numeric_signed_axes_full_v3,0.101183204651,0.101402397156391,0.100209197997974,within_noise,within_noise,1
net_log30:template_v2_bl1_vec_03:rank62,net_log30,Ascend910B3,20,8.1.RC1+toolkit-7.7.0.1.225,template_v2_bl1_vec_03,16128,528,96,fp32,0,0,searched,calibration_template_probe,20:256:528:96:256:128:16:12:30:1:5:0:6:6:2:2:1:1:1:0:0:0:2020,,1,numeric_signed_axes_full_v3,0.100484399796,0.101402397155996,0.100209197998045,within_noise,within_noise,1
net_log30:template_v2_bl1_vec_03:rank63,net_log30,Ascend910B3,20,8.1.RC1+toolkit-7.7.0.1.225,template_v2_bl1_vec_03,16128,528,96,fp32,0,0,searched,calibration_template_probe,20:64:528:96:64:192:32:6:18:1:3:0:3:3:2:2:1:1:1:0:0:0:2020,,1,numeric_signed_axes_full_v3,0.10199760437,0.101402397156005,0.10020919799799,within_noise,regressed,1
net_log30:template_v2_bl1_vec_03:rank64,net_log30,Ascend910B3,20,8.1.RC1+toolkit-7.7.0.1.225,template_v2_bl1_vec_03,16128,528,96,fp32,0,0,searched,calibration_template_probe,20:128:528:96:128:256:16:12:18:1:3:0:6:6:2:2:1:1:1:0:0:0:2020,,1,numeric_signed_axes_full_v3,0.10113240242,0.101402397156225,0.100209197998049,within_noise,within_noise,1
net_log30:template_v2_bl1_vec_03:rank65,net_log30,Ascend910B3,20,8.1.RC1+toolkit-7.7.0.1.225,template_v2_bl1_vec_03,16128,528,96,fp32,0,0,searched,calibration_template_probe,20:192:528:96:192:160:32:6:12:1:4:0:3:3:2:2:1:1:1:0:0:0:2020,,1,numeric_signed_axes_full_v3,0.101215600967,0.101426000594855,0.100410404204964,within_noise,within_noise,1
net_log30:template_v2_bl1_vec_03:rank66,net_log30,Ascend910B3,20,8.1.RC1+toolkit-7.7.0.1.225,template_v2_bl1_vec_03,16128,528,96,fp32,0,0,searched,calibration_template_probe,20:384:528:96:384:16:16:12:198:1:33:0:6:6:2:2:1:1:1:0:0:0:2020,,1,numeric_signed_axes_full_v3,0.101050796509,0.101426000595214,0.100410404205039,within_noise,within_noise,1
net_log30:template_v2_bl1_vec_03:rank67,net_log30,Ascend910B3,20,8.1.RC1+toolkit-7.7.0.1.225,template_v2_bl1_vec_03,16128,528,96,fp32,0,0,searched,calibration_template_probe,20:128:528:96:128:192:16:6:36:1:3:0:6:6:2:2:1:1:1:0:0:0:2020,,1,numeric_signed_axes_full_v3,0.101482400894,0.101426000594953,0.100410404204982,within_noise,regressed,1
net_log30:template_v2_bl1_vec_03:rank68,net_log30,Ascend910B3,20,8.1.RC1+toolkit-7.7.0.1.225,template_v2_bl1_vec_03,16128,528,96,fp32,0,0,searched,calibration_template_probe,20:256:528:96:256:32:16:12:102:1:17:0:6:6:2:2:1:1:1:0:0:0:2020,,1,numeric_signed_axes_full_v3,0.101150398254,0.101426000594677,0.100410404204993,within_noise,within_noise,1
net_log30:template_v2_bl1_vec_03:rank69,net_log30,Ascend910B3,20,8.1.RC1+toolkit-7.7.0.1.225,template_v2_bl1_vec_03,16128,528,96,fp32,0,0,searched,calibration_template_probe,20:512:528:96:512:64:16:6:54:1:9:0:6:6:2:2:1:1:1:0:0:0:2020,,1,numeric_signed_axes_full_v3,0.101477603912,0.101426000595039,0.100410404204982,within_noise,regressed,1
net_log30:template_v2_bl1_vec_03:rank70,net_log30,Ascend910B3,20,8.1.RC1+toolkit-7.7.0.1.225,template_v2_bl1_vec_03,16128,528,96,fp32,0,0,searched,calibration_template_probe,20:384:528:96:384:80:16:12:42:1:7:0:6:6:2:2:1:1:1:0:0:0:2020,,1,numeric_signed_axes_full_v3,0.100897197723,0.101426000595125,0.100410404205013,within_noise,within_noise,1
net_log30:template_v2_bl1_vec_03:rank71,net_log30,Ascend910B3,20,8.1.RC1+toolkit-7.7.0.1.225,template_v2_bl1_vec_03,16128,528,96,fp32,0,0,searched,calibration_template_probe,20:256:528:96:256:96:16:12:36:1:6:0:6:6:2:2:1:1:1:0:0:0:2020,,1,numeric_signed_axes_full_v3,0.101124000549,0.101426000595264,0.100410404205044,within_noise,within_noise,1
net_log30:template_v2_bl1_vec_03:rank72,net_log30,Ascend910B3,20,8.1.RC1+toolkit-7.7.0.1.225,template_v2_bl1_vec_03,16128,528,96,fp32,0,0,searched,calibration_template_probe,20:512:528:96:512:48:16:6:66:1:11:0:6:6:2:2:1:1:1:0:0:0:2020,,1,numeric_signed_axes_full_v3,0.101052799225,0.10142600059496,0.10041040420498,within_noise,within_noise,1
net_log30:template_v2_bl1_vec_03:rank73,net_log30,Ascend910B3,20,8.1.RC1+toolkit-7.7.0.1.225,template_v2_bl1_vec_03,16128,528,96,fp32,0,0,searched,calibration_template_probe,20:384:528:96:384:48:16:12:66:1:11:0:6:6:2:2:1:1:1:0:0:0:2020,,1,numeric_signed_axes_full_v3,0.10119799614,0.101426000594869,0.100513200759984,within_noise,within_noise,1
net_log30:template_v2_bl1_vec_03:rank74,net_log30,Ascend910B3,20,8.1.RC1+toolkit-7.7.0.1.225,template_v2_bl1_vec_03,16128,528,96,fp32,0,0,searched,calibration_template_probe,20:256:528:96:256:64:16:12:54:1:9:0:6:6:2:2:1:1:1:0:0:0:2020,,1,numeric_signed_axes_full_v3,0.101029195786,0.101426000595243,0.100513200760007,within_noise,within_noise,1
net_log30:template_v2_bl1_vec_04:rank1,net_log30,Ascend910B3,20,8.1.RC1+toolkit-7.7.0.1.225,template_v2_bl1_vec_04,16384,512,112,fp32,0,1,searched,calibration_template_probe,20:416:512:112:208:16:8:28:448:1:32:1:14:14:1:1:1:1:1:40:1:1:20,,1,numeric_signed_axes_full_v3,0.226953201294,0.0527144002914867,0.0526039981840982,regressed,regressed,1
net_log30:template_v2_bl1_vec_04:rank2,net_log30,Ascend910B3,20,8.1.RC1+toolkit-7.7.0.1.225,template_v2_bl1_vec_04,16384,512,112,fp32,0,1,searched,calibration_template_probe,20:288:512:112:144:112:8:28:70:1:5:0:14:14:2:2:2:1:1:57:1:1:20,,1,numeric_signed_axes_full_v3,0.104677200317,0.0527144002913494,0.0526039981841986,regressed,regressed,1
net_log30:template_v2_bl1_vec_04:rank3,net_log30,Ascend910B3,20,8.1.RC1+toolkit-7.7.0.1.225,template_v2_bl1_vec_04,16384,512,112,fp32,0,1,searched,calibration_template_probe,20:512:512:112:256:256:8:28:28:1:2:0:14:14:1:1:1:1:1:32:1:1:20,,0,runtime_rejected,,,,runtime_rejected,runtime_rejected,0
net_log30:template_v2_bl1_vec_04:rank4,net_log30,Ascend910B3,20,8.1.RC1+toolkit-7.7.0.1.225,template_v2_bl1_vec_04,16384,512,112,fp32,0,1,searched,calibration_template_probe,20:224:512:112:112:384:8:28:28:1:2:1:14:14:2:1:1:1:1:74:1:1:20,,0,runtime_rejected,,,,runtime_rejected,runtime_rejected,0
net_log30:template_v2_bl1_vec_04:rank5,net_log30,Ascend910B3,20,8.1.RC1+toolkit-7.7.0.1.225,template_v2_bl1_vec_04,16384,512,112,fp32,0,1,searched,calibration_template_probe,20:512:512:112:256:32:8:28:224:1:16:1:14:14:2:2:2:1:1:32:1:1:20,,1,numeric_signed_axes_full_v3,0.119311599731,0.0527144002914538,0.0526039981842565,regressed,regressed,1
net_log30:template_v2_bl1_vec_04:rank6,net_log30,Ascend910B3,20,8.1.RC1+toolkit-7.7.0.1.225,template_v2_bl1_vec_04,16384,512,112,fp32,0,1,searched,calibration_template_probe,20:288:512:112:144:144:16:14:28:1:4:0:7:7:1:2:1:1:1:57:1:1:20,,1,numeric_signed_axes_full_v3,0.129556398392,0.0527144002913787,0.0526039981842296,regressed,regressed,1
net_log30:template_v2_bl1_vec_04:rank7,net_log30,Ascend910B3,20,8.1.RC1+toolkit-7.7.0.1.225,template_v2_bl1_vec_04,16384,512,112,fp32,0,1,searched,calibration_template_probe,20:480:512:112:240:224:16:14:21:1:3:1:7:7:2:2:1:1:1:35:1:1:20,,0,runtime_rejected,,,,runtime_rejected,runtime_rejected,0
net_log30:template_v2_bl1_vec_04:rank8,net_log30,Ascend910B3,20,8.1.RC1+toolkit-7.7.0.1.225,template_v2_bl1_vec_04,16384,512,112,fp32,0,1,searched,calibration_template_probe,20:416:512:112:208:96:8:28:84:1:6:0:14:14:2:1:1:1:1:40:1:1:20,,1,numeric_signed_axes_full_v3,0.120963602066,0.0527144002913691,0.0526039981842165,regressed,regressed,1
net_log30:template_v2_bl1_vec_04:rank9,net_log30,Ascend910B3,20,8.1.RC1+toolkit-7.7.0.1.225,template_v2_bl1_vec_04,16384,512,112,fp32,0,1,searched,calibration_template_probe,20:512:512:112:256:160:16:14:28:1:4:1:7:7:1:1:1:1:1:32:1:1:20,,0,runtime_rejected,,,,runtime_rejected,runtime_rejected,0
net_log30:template_v2_bl1_vec_04:rank10,net_log30,Ascend910B3,20,8.1.RC1+toolkit-7.7.0.1.225,template_v2_bl1_vec_04,16384,512,112,fp32,0,1,searched,calibration_template_probe,20:224:512:112:112:448:16:14:14:1:2:0:7:7:2:2:1:1:1:74:1:1:20,,0,runtime_rejected,,,,runtime_rejected,runtime_rejected,0
net_log30:template_v2_bl1_vec_04:rank11,net_log30,Ascend910B3,20,8.1.RC1+toolkit-7.7.0.1.225,template_v2_bl1_vec_04,16384,512,112,fp32,0,1,searched,calibration_template_probe,20:288:512:112:144:304:8:28:28:1:2:0:14:14:1:1:1:1:1:57:1:1:20,,0,runtime_rejected,,,,runtime_rejected,runtime_rejected,0
net_log30:template_v2_bl1_vec_04:rank12,net_log30,Ascend910B3,20,8.1.RC1+toolkit-7.7.0.1.225,template_v2_bl1_vec_04,16384,512,112,fp32,0,1,searched,calibration_template_probe,20:224:512:112:112:384:16:14:14:1:2:1:7:7:1:2:1:1:1:74:1:1:20,,0,runtime_rejected,,,,runtime_rejected,runtime_rejected,0
net_log30:template_v2_bl1_vec_04:rank13,net_log30,Ascend910B3,20,8.1.RC1+toolkit-7.7.0.1.225,template_v2_bl1_vec_04,16384,512,112,fp32,0,1,searched,calibration_template_probe,20:480:512:112:240:224:8:28:42:1:3:0:14:14:2:1:1:1:1:35:1:1:20,,0,runtime_rejected,,,,runtime_rejected,runtime_rejected,0
net_log30:template_v2_bl1_vec_04:rank14,net_log30,Ascend910B3,20,8.1.RC1+toolkit-7.7.0.1.225,template_v2_bl1_vec_04,16384,512,112,fp32,0,1,searched,calibration_template_probe,20:512:512:112:256:160:8:28:56:1:4:0:14:14:1:2:1:1:1:32:1:1:20,,0,runtime_rejected,,,,runtime_rejected,runtime_rejected,0
net_log30:template_v2_bl1_vec_04:rank15,net_log30,Ascend910B3,20,8.1.RC1+toolkit-7.7.0.1.225,template_v2_bl1_vec_04,16384,512,112,fp32,0,1,searched,calibration_template_probe,20:288:512:112:144:80:16:14:49:1:7:1:7:7:2:2:2:1:1:57:1:1:20,,1,numeric_signed_axes_full_v3,0.103163604736,0.0529971981049368,0.0526039981841793,regressed,regressed,1
net_log30:template_v2_bl1_vec_04:rank16,net_log30,Ascend910B3,20,8.1.RC1+toolkit-7.7.0.1.225,template_v2_bl1_vec_04,16384,512,112,fp32,0,1,searched,calibration_template_probe,20:416:512:112:208:32:8:28:224:1:16:0:14:14:2:2:2:1:1:40:1:1:20,,1,numeric_signed_axes_full_v3,0.116909999847,0.052997198104874,0.0526039981842022,regressed,regressed,1
net_log30:template_v2_bl1_vec_04:rank17,net_log30,Ascend910B3,20,8.1.RC1+toolkit-7.7.0.1.225,template_v2_bl1_vec_04,16384,512,112,fp32,0,1,searched,calibration_template_probe,20:448:512:112:224:32:8:28:224:1:16:0:14:14:1:2:1:1:1:37:1:1:20,,1,numeric_signed_axes_full_v3,0.175942802429,0.0529971981049442,0.0526783990859868,regressed,regressed,1
net_log30:template_v2_bl1_vec_04:rank18,net_log30,Ascend910B3,20,8.1.RC1+toolkit-7.7.0.1.225,template_v2_bl1_vec_04,16384,512,112,fp32,0,1,searched,calibration_template_probe,20:480:512:112:240:64:8:28:112:1:8:0:14:14:2:2:2:1:1:35:1:1:20,,1,numeric_signed_axes_full_v3,0.0812331962585,0.05299719810489,0.0526783990860307,regressed,regressed,1
net_log30:template_v2_bl1_vec_04:rank19,net_log30,Ascend910B3,20,8.1.RC1+toolkit-7.7.0.1.225,template_v2_bl1_vec_04,16384,512,112,fp32,0,1,searched,calibration_template_probe,20:288:512:112:144:208:16:14:21:1:3:1:7:7:2:2:1:1:1:57:1:1:20,,1,numeric_signed_axes_full_v3,0.102384395599,0.0529971981049013,0.0526783990859538,regressed,regressed,1
net_log30:template_v2_bl1_vec_04:rank20,net_log30,Ascend910B3,20,8.1.RC1+toolkit-7.7.0.1.225,template_v2_bl1_vec_04,16384,512,112,fp32,0,1,searched,calibration_template_probe,20:416:512:112:208:96:8:28:84:1:6:1:14:14:1:2:1:1:1:40:1:1:20,,1,numeric_signed_axes_full_v3,0.120696802139,0.052997198104896,0.0526783990860136,regressed,regressed,1
net_log30:template_v2_bl1_vec_04:rank21,net_log30,Ascend910B3,20,8.1.RC1+toolkit-7.7.0.1.225,template_v2_bl1_vec_04,16384,512,112,fp32,0,1,searched,calibration_template_probe,20:320:512:112:160:336:16:14:14:1:2:0:7:7:1:2:1:1:1:52:1:1:20,,0,runtime_rejected,,,,runtime_rejected,runtime_rejected,0
net_log30:template_v2_bl1_vec_04:rank22,net_log30,Ascend910B3,20,8.1.RC1+toolkit-7.7.0.1.225,template_v2_bl1_vec_04,16384,512,112,fp32,0,1,searched,calibration_template_probe,20:416:512:112:208:16:8:28:448:1:32:1:14:14:2:2:2:1:1:40:1:1:20,,1,numeric_signed_axes_full_v3,0.171572799683,0.0529971981049499,0.0526783990859667,regressed,regressed,1
net_log30:template_v2_bl1_vec_04:rank23,net_log30,Ascend910B3,20,8.1.RC1+toolkit-7.7.0.1.225,template_v2_bl1_vec_04,16384,512,112,fp32,0,1,searched,calibration_template_probe,20:512:512:112:256:256:8:28:28:1:2:1:14:14:2:2:1:1:1:32:1:1:20,,0,runtime_rejected,,,,runtime_rejected,runtime_rejected,0
net_log30:template_v2_bl1_vec_04:rank24,net_log30,Ascend910B3,20,8.1.RC1+toolkit-7.7.0.1.225,template_v2_bl1_vec_04,16384,512,112,fp32,0,1,searched,calibration_template_probe,20:416:512:112:208:304:8:28:28:1:2:0:14:14:1:1:1:1:1:40:1:1:20,,0,runtime_rejected,,,,runtime_rejected,runtime_rejected,0
net_log30:template_v2_bl1_vec_04:rank25,net_log30,Ascend910B3,20,8.1.RC1+toolkit-7.7.0.1.225,template_v2_bl1_vec_04,16384,512,112,fp32,0,1,searched,calibration_template_probe,20:480:512:112:240:112:8:28:70:1:5:0:14:14:2:2:1:1:1:35:1:1:20,,1,numeric_signed_axes_full_v3,0.110586795807,0.0528359985352246,0.0533896017074736,regressed,regressed,1
net_log30:template_v2_bl1_vec_04:rank26,net_log30,Ascend910B3,20,8.1.RC1+toolkit-7.7.0.1.225,template_v2_bl1_vec_04,16384,512,112,fp32,0,1,searched,calibration_template_probe,20:416:512:112:208:64:8:28:112:1:8:1:14:14:2:2:2:1:1:40:1:1:20,,1,numeric_signed_axes_full_v3,0.0771884012222,0.0528359985351621,0.0533896017074694,regressed,regressed,1
net_log30:template_v2_bl1_vec_04:rank27,net_log30,Ascend910B3,20,8.1.RC1+toolkit-7.7.0.1.225,template_v2_bl1_vec_04,16384,512,112,fp32,0,1,searched,calibration_template_probe,20:288:512:112:144:224:8:28:42:1:3:0:14:14:2:1:1:1:1:57:1:1:20,,1,numeric_signed_axes_full_v3,0.108762798309,0.0528359985352508,0.0533896017074483,regressed,regressed,1
net_log30:template_v2_bl1_vec_04:rank28,net_log30,Ascend910B3,20,8.1.RC1+toolkit-7.7.0.1.225,template_v2_bl1_vec_04,16384,512,112,fp32,0,1,searched,calibration_template_probe,20:224:512:112:112:464:8:28:28:1:2:1:14:14:2:2:1:1:1:74:1:1:20,,0,runtime_rejected,,,,runtime_rejected,runtime_rejected,0
net_log30:template_v2_bl1_vec_04:rank29,net_log30,Ascend910B3,20,8.1.RC1+toolkit-7.7.0.1.225,template_v2_bl1_vec_04,16384,512,112,fp32,0,1,searched,calibration_template_probe,20:480:512:112:240:144:8:28:56:1:4:0:14:14:1:1:1:1:1:35:1:1:20,,0,runtime_rejected,,,,runtime_rejected,runtime_rejected,0
net_log30:template_v2_bl1_vec_04:rank30,net_log30,Ascend910B3,20,8.1.RC1+toolkit-7.7.0.1.225,template_v2_bl1_vec_04,16384,512,112,fp32,0,1,searched,calibration_template_probe,20:416:512:112:208:128:16:14:28:1:4:0:7:7:1:2:1:1:1:40:1:1:20,,1,numeric_signed_axes_full_v3,0.0806756019592,0.0528359985351939,0.0533896017075031,regressed,regressed,1
net_log30:template_v2_bl1_vec_04:rank31,net_log30,Ascend910B3,20,8.1.RC1+toolkit-7.7.0.1.225,template_v2_bl1_vec_04,16384,512,112,fp32,0,1,searched,calibration_template_probe,20:320:512:112:160:64:8:28:112:1:8:0:14:14:2:2:2:1:1:52:1:1:20,,1,numeric_signed_axes_full_v3,0.0848431968689,0.0528359985352359,0.0533896017074994,regressed,regressed,1
net_log30:template_v2_bl1_vec_04:rank32,net_log30,Ascend910B3,20,8.1.RC1+toolkit-7.7.0.1.225,template_v2_bl1_vec_04,16384,512,112,fp32,0,1,searched,calibration_template_probe,20:448:512:112:224:208:16:14:21:1:3:0:7:7:2:2:1:1:1:37:1:1:20,,0,runtime_rejected,,,,runtime_rejected,runtime_rejected,0
net_log30:template_v2_bl1_vec_04:rank33,net_log30,Ascend910B3,20,8.1.RC1+toolkit-7.7.0.1.225,template_v2_bl1_vec_04,16384,512,112,fp32,0,1,searched,calibration_template_probe,20:288:512:112:144:224:8:28:42:1:3:1:14:14:1:2:1:1:1:57:1:1:20,,1,numeric_signed_axes_full_v3,0.112838001251,,,,,0
net_log30:template_v2_bl1_vec_04:rank34,net_log30,Ascend910B3,20,8.1.RC1+toolkit-7.7.0.1.225,template_v2_bl1_vec_04,16384,512,112,fp32,0,1,searched,calibration_template_probe,20:320:512:112:160:368:8:28:28:1:2:0:14:14:2:1:1:1:1:52:1:1:20,,0,runtime_rejected,,,,runtime_rejected,runtime_rejected,0
net_log30:template_v2_bl1_vec_04:rank35,net_log30,Ascend910B3,20,8.1.RC1+toolkit-7.7.0.1.225,template_v2_bl1_vec_04,16384,512,112,fp32,0,1,searched,calibration_template_probe,20:416:512:112:208:128:8:28:56:1:4:1:14:14:1:1:1:1:1:40:1:1:20,,1,numeric_signed_axes_full_v3,0.0920724010468,,,,,0
net_log30:template_v2_bl1_vec_04:rank36,net_log30,Ascend910B3,20,8.1.RC1+toolkit-7.7.0.1.225,template_v2_bl1_vec_04,16384,512,112,fp32,0,1,searched,calibration_template_probe,20:320:512:112:160:368:16:14:14:1:2:1:7:7:2:2:1:1:1:52:1:1:20,,0,runtime_rejected,,,,runtime_rejected,runtime_rejected,0
net_log30:template_v2_bl1_vec_04:rank37,net_log30,Ascend910B3,20,8.1.RC1+toolkit-7.7.0.1.225,template_v2_bl1_vec_04,16384,512,112,fp32,0,1,searched,calibration_template_probe,20:416:512:112:208:16:8:28:448:1:32:0:14:14:2:2:1:1:1:40:1:1:20,,1,numeric_signed_axes_full_v3,0.168071994781,,,,,0
net_log30:template_v2_bl1_vec_04:rank38,net_log30,Ascend910B3,20,8.1.RC1+toolkit-7.7.0.1.225,template_v2_bl1_vec_04,16384,512,112,fp32,0,1,searched,calibration_template_probe,20:416:512:112:208:64:16:14:56:1:8:0:7:7:2:2:2:1:1:40:1:1:20,,1,numeric_signed_axes_full_v3,0.0673415994644,,,,,0
net_log30:template_v2_bl1_vec_04:rank39,net_log30,Ascend910B3,20,8.1.RC1+toolkit-7.7.0.1.225,template_v2_bl1_vec_04,16384,512,112,fp32,0,1,searched,calibration_template_probe,20:320:512:112:160:96:16:14:42:1:6:1:7:7:2:2:2:1:1:52:1:1:20,,1,numeric_signed_axes_full_v3,0.090307598114,,,,,0
net_log30:template_v2_bl1_vec_04:rank40,net_log30,Ascend910B3,20,8.1.RC1+toolkit-7.7.0.1.225,template_v2_bl1_vec_04,16384,512,112,fp32,0,1,searched,calibration_template_probe,20:320:512:112:160:320:16:14:14:1:2:0:7:7:2:2:1:1:1:52:1:1:20,,0,runtime_rejected,,,,runtime_rejected,runtime_rejected,0
net_log30:template_v2_bl1_vec_04:rank41,net_log30,Ascend910B3,20,8.1.RC1+toolkit-7.7.0.1.225,template_v2_bl1_vec_04,16384,512,112,fp32,0,1,searched,calibration_template_probe,20:224:512:112:112:336:16:14:14:1:2:0:7:7:1:2:1:1:1:74:1:1:20,,0,runtime_rejected,,,,runtime_rejected,runtime_rejected,0
net_log30:template_v2_bl1_vec_04:rank42,net_log30,Ascend910B3,20,8.1.RC1+toolkit-7.7.0.1.225,template_v2_bl1_vec_04,16384,512,112,fp32,0,1,searched,calibration_template_probe,20:416:512:112:208:48:16:14:77:1:11:1:7:7:2:2:2:1:1:40:1:1:20,,1,numeric_signed_axes_full_v3,0.0951484012604,,,,,0
net_log30:template_v2_bl1_vec_04:rank43,net_log30,Ascend910B3,20,8.1.RC1+toolkit-7.7.0.1.225,template_v2_bl1_vec_04,16384,512,112,fp32,0,1,searched,calibration_template_probe,20:480:512:112:240:48:8:28:154:1:11:0:14:14:2:2:2:1:1:35:1:1:20,,1,numeric_signed_axes_full_v3,0.123817996979,,,,,0
net_log30:template_v2_bl1_vec_04:rank44,net_log30,Ascend910B3,20,8.1.RC1+toolkit-7.7.0.1.225,template_v2_bl1_vec_04,16384,512,112,fp32,0,1,searched,calibration_template_probe,20:416:512:112:208:32:8:28:224:1:16:0:14:14:1:1:1:1:1:40:1:1:20,,1,numeric_signed_axes_full_v3,0.174890804291,,,,,0
net_log30:template_v2_bl1_vec_04:rank45,net_log30,Ascend910B3,20,8.1.RC1+toolkit-7.7.0.1.225,template_v2_bl1_vec_04,16384,512,112,fp32,0,1,searched,calibration_template_probe,20:416:512:112:208:32:8:28:224:1:16:1:14:14:1:2:1:1:1:40:1:1:20,,1,numeric_signed_axes_full_v3,0.178100395203,,,,,0
net_log30:template_v2_bl1_vec_04:rank46,net_log30,Ascend910B3,20,8.1.RC1+toolkit-7.7.0.1.225,template_v2_bl1_vec_04,16384,512,112,fp32,0,1,searched,calibration_template_probe,20:448:512:112:224:208:8:28:42:1:3:0:14:14:1:1:1:1:1:37:1:1:20,,0,runtime_rejected,,,,runtime_rejected,runtime_rejected,0
net_log30:template_v2_bl1_vec_04:rank47,net_log30,Ascend910B3,20,8.1.RC1+toolkit-7.7.0.1.225,template_v2_bl1_vec_04,16384,512,112,fp32,0,1,searched,calibration_template_probe,20:224:512:112:112:384:8:28:28:1:2:0:14:14:1:1:1:1:1:74:1:1:20,,0,runtime_rejected,,,,runtime_rejected,runtime_rejected,0
net_log30:template_v2_bl1_vec_04:rank48,net_log30,Ascend910B3,20,8.1.RC1+toolkit-7.7.0.1.225,template_v2_bl1_vec_04,16384,512,112,fp32,0,1,searched,calibration_template_probe,20:320:512:112:160:240:16:14:21:1:3:0:7:7:1:2:1:1:1:52:1:1:20,,0,runtime_rejected,,,,runtime_rejected,runtime_rejected,0
net_log30:template_v2_bl1_vec_04:rank49,net_log30,Ascend910B3,20,8.1.RC1+toolkit-7.7.0.1.225,template_v2_bl1_vec_04,16384,512,112,fp32,0,1,searched,calibration_template_probe,20:416:512:112:208:48:16:14:77:1:11:0:7:7:1:2:1:1:1:40:1:1:20,,1,numeric_signed_axes_full_v3,0.126661996841,0.0527727985381717,0.0524215984343657,regressed,regressed,1
net_log30:template_v2_bl1_vec_04:rank50,net_log30,Ascend910B3,20,8.1.RC1+toolkit-7.7.0.1.225,template_v2_bl1_vec_04,16384,512,112,fp32,0,1,searched,calibration_template_probe,20:448:512:112:224:32:8:28:224:1:16:0:14:14:2:1:1:1:1:37:1:1:20,,1,numeric_signed_axes_full_v3,0.176886806488,0.0527727985381678,0.0524215984343583,regressed,regressed,1
net_log30:template_v2_bl1_vec_04:rank51,net_log30,Ascend910B3,20,8.1.RC1+toolkit-7.7.0.1.225,template_v2_bl1_vec_04,16384,512,112,fp32,0,1,searched,calibration_template_probe,20:288:512:112:144:96:8:28:84:1:6:1:14:14:2:2:2:1:1:57:1:1:20,,1,numeric_signed_axes_full_v3,0.0947336006165,0.0527727985381645,0.0524215984344225,regressed,regressed,1
net_log30:template_v2_bl1_vec_04:rank52,net_log30,Ascend910B3,20,8.1.RC1+toolkit-7.7.0.1.225,template_v2_bl1_vec_04,16384,512,112,fp32,0,1,searched,calibration_template_probe,20:288:512:112:144:96:16:14:42:1:6:0:7:7:2:2:2:1:1:57:1:1:20,,1,numeric_signed_axes_full_v3,0.0842531967163,0.0527727985381674,0.0524215984343681,regressed,regressed,1
net_log30:template_v2_bl1_vec_04:rank53,net_log30,Ascend910B3,20,8.1.RC1+toolkit-7.7.0.1.225,template_v2_bl1_vec_04,16384,512,112,fp32,0,1,searched,calibration_template_probe,20:288:512:112:144:320:16:14:14:1:2:1:7:7:1:2:1:1:1:57:1:1:20,,0,runtime_rejected,,,,runtime_rejected,runtime_rejected,0
net_log30:template_v2_bl1_vec_04:rank54,net_log30,Ascend910B3,20,8.1.RC1+toolkit-7.7.0.1.225,template_v2_bl1_vec_04,16384,512,112,fp32,0,1,searched,calibration_template_probe,20:320:512:112:160:320:8:28:28:1:2:0:14:14:1:1:1:1:1:52:1:1:20,,0,runtime_rejected,,,,runtime_rejected,runtime_rejected,0
net_log30:template_v2_bl1_vec_04:rank55,net_log30,Ascend910B3,20,8.1.RC1+toolkit-7.7.0.1.225,template_v2_bl1_vec_04,16384,512,112,fp32,0,1,searched,calibration_template_probe,20:320:512:112:160:80:16:14:49:1:7:1:7:7:2:2:2:1:1:52:1:1:20,,1,numeric_signed_axes_full_v3,0.111460800171,0.0527727985382439,0.0524215984344172,regressed,regressed,1
net_log30:template_v2_bl1_vec_04:rank56,net_log30,Ascend910B3,20,8.1.RC1+toolkit-7.7.0.1.225,template_v2_bl1_vec_04,16384,512,112,fp32,0,1,searched,calibration_template_probe,20:224:512:112:112:336:8:28:28:1:2:0:14:14:1:1:1:1:1:74:1:1:20,,0,runtime_rejected,,,,runtime_rejected,runtime_rejected,0
net_log30:template_v2_bl1_vec_04:rank57,net_log30,Ascend910B3,20,8.1.RC1+toolkit-7.7.0.1.225,template_v2_bl1_vec_04,16384,512,112,fp32,0,1,searched,calibration_template_probe,20:416:512:112:208:64:8:28:112:1:8:1:14:14:1:2:1:1:1:40:1:1:20,,1,numeric_signed_axes_full_v3,0.104692001343,,,,,0
net_log30:template_v2_bl1_vec_04:rank58,net_log30,Ascend910B3,20,8.1.RC1+toolkit-7.7.0.1.225,template_v2_bl1_vec_04,16384,512,112,fp32,0,1,searched,calibration_template_probe,20:416:512:112:208:32:8:28:224:1:16:0:14:14:2:1:1:1:1:40:1:1:20,,1,numeric_signed_axes_full_v3,0.174992809296,,,,,0
net_log30:template_v2_bl1_vec_04:rank59,net_log30,Ascend910B3,20,8.1.RC1+toolkit-7.7.0.1.225,template_v2_bl1_vec_04,16384,512,112,fp32,0,1,searched,calibration_template_probe,20:448:512:112:224:48:16:14:77:1:11:0:7:7:1:2:1:1:1:37:1:1:20,,1,numeric_signed_axes_full_v3,0.134267597198,,,,,0
net_log30:template_v2_bl1_vec_04:rank60,net_log30,Ascend910B3,20,8.1.RC1+toolkit-7.7.0.1.225,template_v2_bl1_vec_04,16384,512,112,fp32,0,1,searched,calibration_template_probe,20:416:512:112:208:64:8:28:112:1:8:0:14:14:2:2:1:1:1:40:1:1:20,,1,numeric_signed_axes_full_v3,0.0756404018402,,,,,0
net_log30:template_v2_bl1_vec_04:rank61,net_log30,Ascend910B3,20,8.1.RC1+toolkit-7.7.0.1.225,template_v2_bl1_vec_04,16384,512,112,fp32,0,1,searched,calibration_template_probe,20:288:512:112:144:336:16:14:14:1:2:1:7:7:1:2:1:1:1:57:1:1:20,,0,runtime_rejected,,,,runtime_rejected,runtime_rejected,0
net_log30:template_v2_bl1_vec_04:rank62,net_log30,Ascend910B3,20,8.1.RC1+toolkit-7.7.0.1.225,template_v2_bl1_vec_04,16384,512,112,fp32,0,1,searched,calibration_template_probe,20:128:512:112:128:256:16:7:28:1:2:0:7:7:2:2:1:1:1:0:0:0:2020,,0,runtime_rejected,,,,runtime_rejected,runtime_rejected,0
net_log30:template_v2_bl1_vec_04:rank63,net_log30,Ascend910B3,20,8.1.RC1+toolkit-7.7.0.1.225,template_v2_bl1_vec_04,16384,512,112,fp32,0,1,searched,calibration_template_probe,20:512:512:112:512:16:16:7:224:1:32:0:7:7:2:2:1:1:1:0:0:0:2020,,0,runtime_rejected,,,,runtime_rejected,runtime_rejected,0
net_log30:template_v2_bl1_vec_04:rank64,net_log30,Ascend910B3,20,8.1.RC1+toolkit-7.7.0.1.225,template_v2_bl1_vec_04,16384,512,112,fp32,0,1,searched,calibration_template_probe,20:256:512:112:256:32:8:28:224:1:16:0:14:14:2:2:1:1:1:0:0:0:2020,,0,runtime_rejected,,,,runtime_rejected,runtime_rejected,0
net_log30:template_v2_bl1_vec_04:rank65,net_log30,Ascend910B3,20,8.1.RC1+toolkit-7.7.0.1.225,template_v2_bl1_vec_04,16384,512,112,fp32,0,1,searched,calibration_template_probe,20:384:512:112:384:32:16:7:112:1:16:0:7:7:2:2:1:1:1:0:0:0:2020,,0,runtime_rejected,,,,runtime_rejected,runtime_rejected,0
net_log30:template_v2_bl1_vec_04:rank66,net_log30,Ascend910B3,20,8.1.RC1+toolkit-7.7.0.1.225,template_v2_bl1_vec_04,16384,512,112,fp32,0,1,searched,calibration_template_probe,20:256:512:112:256:96:16:14:42:1:6:0:7:7:2:2:1:1:1:0:0:0:2020,,0,runtime_rejected,,,,runtime_rejected,runtime_rejected,0
net_log30:template_v2_bl1_vec_04:rank67,net_log30,Ascend910B3,20,8.1.RC1+toolkit-7.7.0.1.225,template_v2_bl1_vec_04,16384,512,112,fp32,0,1,searched,calibration_template_probe,20:512:512:112:512:16:8:14:448:1:32:0:14:14:2:2:1:1:1:0:0:0:2020,,0,runtime_rejected,,,,runtime_rejected,runtime_rejected,0
net_log30:template_v2_bl1_vec_04:rank68,net_log30,Ascend910B3,20,8.1.RC1+toolkit-7.7.0.1.225,template_v2_bl1_vec_04,16384,512,112,fp32,0,1,searched,calibration_template_probe,20:256:512:112:256:96:8:28:84:1:6:0:14:14:2:2:1:1:1:0:0:0:2020,,0,runtime_rejected,,,,runtime_rejected,runtime_rejected,0
net_log30:template_v2_bl1_vec_04:rank69,net_log30,Ascend910B3,20,8.1.RC1+toolkit-7.7.0.1.225,template_v2_bl1_vec_04,16384,512,112,fp32,0,1,searched,calibration_template_probe,20:256:512:112:256:128:8:28:56:1:4:0:14:14:2:2:1:1:1:0:0:0:2020,,0,runtime_rejected,,,,runtime_rejected,runtime_rejected,0
net_log30:template_v2_bl1_vec_04:rank70,net_log30,Ascend910B3,20,8.1.RC1+toolkit-7.7.0.1.225,template_v2_bl1_vec_04,16384,512,112,fp32,0,1,searched,calibration_template_probe,20:256:512:112:256:128:16:14:28:1:4:0:7:7:2:2:1:1:1:0:0:0:2020,,0,runtime_rejected,,,,runtime_rejected,runtime_rejected,0
net_log30:template_v2_bl1_vec_04:rank71,net_log30,Ascend910B3,20,8.1.RC1+toolkit-7.7.0.1.225,template_v2_bl1_vec_04,16384,512,112,fp32,0,1,searched,calibration_template_probe,20:512:512:112:512:64:16:7:56:1:8:0:7:7:2:2:1:1:1:0:0:0:2020,,0,runtime_rejected,,,,runtime_rejected,runtime_rejected,0
net_log30:template_v2_bl1_vec_04:rank72,net_log30,Ascend910B3,20,8.1.RC1+toolkit-7.7.0.1.225,template_v2_bl1_vec_04,16384,512,112,fp32,0,1,searched,calibration_template_probe,20:512:512:112:512:48:8:14:154:1:11:0:14:14:2:2:1:1:1:0:0:0:2020,,0,runtime_rejected,,,,runtime_rejected,runtime_rejected,0
net_log30:template_v2_bl1_vec_04:rank73,net_log30,Ascend910B3,20,8.1.RC1+toolkit-7.7.0.1.225,template_v2_bl1_vec_04,16384,512,112,fp32,0,1,searched,calibration_template_probe,20:384:512:112:384:16:16:7:224:1:32:0:7:7:2:2:1:1:1:0:0:0:2020,,0,runtime_rejected,,,,runtime_rejected,runtime_rejected,0
net_log30:template_v2_bl1_vec_04:rank74,net_log30,Ascend910B3,20,8.1.RC1+toolkit-7.7.0.1.225,template_v2_bl1_vec_04,16384,512,112,fp32,0,1,searched,calibration_template_probe,20:512:512:112:512:48:16:7:77:1:11:0:7:7:2:2:1:1:1:0:0:0:2020,,0,runtime_rejected,,,,runtime_rejected,runtime_rejected,0
net_log30:template_v2_bl1_vec_04:rank75,net_log30,Ascend910B3,20,8.1.RC1+toolkit-7.7.0.1.225,template_v2_bl1_vec_04,16384,512,112,fp32,0,1,searched,calibration_template_probe,20:512:512:112:512:64:8:14:112:1:8:0:14:14:2:2:1:1:1:0:0:0:2020,,0,runtime_rejected,,,,runtime_rejected,runtime_rejected,0
net_log30:template_v2_bl1_vec_04:rank76,net_log30,Ascend910B3,20,8.1.RC1+toolkit-7.7.0.1.225,template_v2_bl1_vec_04,16384,512,112,fp32,0,1,searched,calibration_template_probe,20:512:512:112:512:32:8:14:224:1:16:0:14:14:2:2:1:1:1:0:0:0:2020,,0,runtime_rejected,,,,runtime_rejected,runtime_rejected,0
net_log30:template_v2_bl1_vec_04:rank77,net_log30,Ascend910B3,20,8.1.RC1+toolkit-7.7.0.1.225,template_v2_bl1_vec_04,16384,512,112,fp32,0,1,searched,calibration_template_probe,20:256:512:112:256:64:8:28:112:1:8:0:14:14:2:2:1:1:1:0:0:0:2020,,0,runtime_rejected,,,,runtime_rejected,runtime_rejected,0
net_log30:template_v2_bl1_vec_05:rank1,net_log30,Ascend910B3,20,8.1.RC1+toolkit-7.7.0.1.225,template_v2_bl1_vec_05,16640,496,128,fp32,0,0,searched,calibration_template_probe,20:416:496:128:208:96:16:16:48:1:6:1:8:8:1:1:1:1:1:40:1:1:20,,1,numeric_signed_axes_full_v3,0.0802112007141,0.07995079994202,0.0806184005739983,within_noise,within_noise,1
net_log30:template_v2_bl1_vec_05:rank2,net_log30,Ascend910B3,20,8.1.RC1+toolkit-7.7.0.1.225,template_v2_bl1_vec_05,16640,496,128,fp32,0,0,searched,calibration_template_probe,20:192:496:128:96:144:16:16:32:1:4:0:8:8:2:2:2:1:1:87:1:1:20,,1,numeric_signed_axes_full_v3,0.0807139968872,0.0799507999419894,0.0806184005737399,within_noise,within_noise,1
net_log30:template_v2_bl1_vec_05:rank3,net_log30,Ascend910B3,20,8.1.RC1+toolkit-7.7.0.1.225,template_v2_bl1_vec_05,16640,496,128,fp32,0,0,searched,calibration_template_probe,20:512:496:128:256:16:16:16:248:1:31:1:8:8:2:2:2:1:1:33:1:1:20,,1,numeric_signed_axes_full_v3,0.0802764034271,0.0799507999420009,0.0806184005734183,within_noise,within_noise,1
net_log30:template_v2_bl1_vec_05:rank4,net_log30,Ascend910B3,20,8.1.RC1+toolkit-7.7.0.1.225,template_v2_bl1_vec_05,16640,496,128,fp32,0,0,searched,calibration_template_probe,20:416:496:128:208:80:32:8:28:1:7:0:4:4:2:1:1:1:1:40:1:1:20,,1,numeric_signed_axes_full_v3,0.0798856019974,0.0799507999420574,0.0806184005739384,within_noise,within_noise,1
net_log30:template_v2_bl1_vec_05:rank5,net_log30,Ascend910B3,20,8.1.RC1+toolkit-7.7.0.1.225,template_v2_bl1_vec_05,16640,496,128,fp32,0,0,searched,calibration_template_probe,20:320:496:128:160:16:16:16:248:1:31:0:8:8:2:2:1:1:1:52:1:1:20,,1,numeric_signed_axes_full_v3,0.080734796524,0.0799507999419671,0.080618400573724,within_noise,within_noise,1
net_log30:template_v2_bl1_vec_05:rank6,net_log30,Ascend910B3,20,8.1.RC1+toolkit-7.7.0.1.225,template_v2_bl1_vec_05,16640,496,128,fp32,0,0,searched,calibration_template_probe,20:320:496:128:160:336:16:16:16:1:2:1:8:8:2:2:1:1:1:52:1:1:20,,1,numeric_signed_axes_full_v3,0.080680398941,0.0799507999419802,0.0806184005737264,within_noise,within_noise,1
net_log30:template_v2_bl1_vec_05:rank7,net_log30,Ascend910B3,20,8.1.RC1+toolkit-7.7.0.1.225,template_v2_bl1_vec_05,16640,496,128,fp32,0,0,searched,calibration_template_probe,20:480:496:128:240:256:16:16:16:1:2:1:8:8:1:1:1:1:1:35:1:1:20,,1,numeric_signed_axes_full_v3,0.0799932003021,0.0799507999420368,0.0806184005739208,within_noise,within_noise,1
net_log30:template_v2_bl1_vec_05:rank8,net_log30,Ascend910B3,20,8.1.RC1+toolkit-7.7.0.1.225,template_v2_bl1_vec_05,16640,496,128,fp32,0,0,searched,calibration_template_probe,20:224:496:128:112:496:16:16:8:1:1:0:8:8:1:1:1:1:1:75:1:1:20,,1,numeric_signed_axes_full_v3,0.0801539993286,0.0799507999419736,0.0806184005739242,within_noise,within_noise,1
net_log30:template_v2_bl1_vec_05:rank9,net_log30,Ascend910B3,20,8.1.RC1+toolkit-7.7.0.1.225,template_v2_bl1_vec_05,16640,496,128,fp32,0,0,searched,calibration_template_probe,20:224:496:128:112:192:16:16:24:1:3:1:8:8:1:2:1:1:1:75:1:1:20,,1,numeric_signed_axes_full_v3,0.0800743961334,0.0799507999420237,0.0806184005740132,within_noise,within_noise,1
net_log30:template_v2_bl1_vec_05:rank10,net_log30,Ascend910B3,20,8.1.RC1+toolkit-7.7.0.1.225,template_v2_bl1_vec_05,16640,496,128,fp32,0,0,searched,calibration_template_probe,20:416:496:128:208:304:16:16:16:1:2:0:8:8:1:2:1:1:1:40:1:1:20,,1,numeric_signed_axes_full_v3,0.0798632001877,0.0799507999421369,0.0806184005735541,within_noise,within_noise,1
net_log30:template_v2_bl1_vec_05:rank11,net_log30,Ascend910B3,20,8.1.RC1+toolkit-7.7.0.1.225,template_v2_bl1_vec_05,16640,496,128,fp32,0,0,searched,calibration_template_probe,20:416:496:128:208:16:32:8:124:1:31:0:4:4:2:2:2:1:1:40:1:1:20,,1,numeric_signed_axes_full_v3,0.0807312011719,0.0799507999419996,0.080618400573738,within_noise,within_noise,1
net_log30:template_v2_bl1_vec_05:rank12,net_log30,Ascend910B3,20,8.1.RC1+toolkit-7.7.0.1.225,template_v2_bl1_vec_05,16640,496,128,fp32,0,0,searched,calibration_template_probe,20:224:496:128:112:384:16:16:16:1:2:1:8:8:1:1:1:1:1:75:1:1:20,,1,numeric_signed_axes_full_v3,0.0806392002106,0.0799507999420149,0.080618400573733,within_noise,within_noise,1
net_log30:template_v2_bl1_vec_05:rank13,net_log30,Ascend910B3,20,8.1.RC1+toolkit-7.7.0.1.225,template_v2_bl1_vec_05,16640,496,128,fp32,0,0,searched,calibration_template_probe,20:448:496:128:224:64:16:16:64:1:8:0:8:8:1:2:1:1:1:38:1:1:20,,1,numeric_signed_axes_full_v3,0.0807476043701,0.0799507999419855,0.0806184005736705,within_noise,within_noise,1
net_log30:template_v2_bl1_vec_05:rank14,net_log30,Ascend910B3,20,8.1.RC1+toolkit-7.7.0.1.225,template_v2_bl1_vec_05,16640,496,128,fp32,0,0,searched,calibration_template_probe,20:224:496:128:112:336:16:16:16:1:2:0:8:8:2:1:1:1:1:75:1:1:20,,1,numeric_signed_axes_full_v3,0.0800247955322,0.0799507999420057,0.0806184005740044,within_noise,within_noise,1
net_log30:template_v2_bl1_vec_05:rank15,net_log30,Ascend910B3,20,8.1.RC1+toolkit-7.7.0.1.225,template_v2_bl1_vec_05,16640,496,128,fp32,0,0,searched,calibration_template_probe,20:512:496:128:256:64:16:16:64:1:8:1:8:8:2:2:2:1:1:33:1:1:20,,1,numeric_signed_axes_full_v3,0.0798996019363,0.079950799941706,0.0806184005735033,within_noise,within_noise,1
net_log30:template_v2_bl1_vec_05:rank16,net_log30,Ascend910B3,20,8.1.RC1+toolkit-7.7.0.1.225,template_v2_bl1_vec_05,16640,496,128,fp32,0,0,searched,calibration_template_probe,20:288:496:128:144:16:16:16:248:1:31:1:8:8:2:1:1:1:1:58:1:1:20,,1,numeric_signed_axes_full_v3,0.0807880020142,0.0799507999420315,0.080618400573677,regressed,within_noise,1
net_log30:template_v2_bl1_vec_05:rank17,net_log30,Ascend910B3,20,8.1.RC1+toolkit-7.7.0.1.225,template_v2_bl1_vec_05,16640,496,128,fp32,0,0,searched,calibration_template_probe,20:416:496:128:208:192:16:16:24:1:3:1:8:8:1:2:1:1:1:40:1:1:20,,1,numeric_signed_axes_full_v3,0.0801399993896,0.0807283973691696,0.0798468017577627,within_noise,within_noise,1
net_log30:template_v2_bl1_vec_05:rank18,net_log30,Ascend910B3,20,8.1.RC1+toolkit-7.7.0.1.225,template_v2_bl1_vec_05,16640,496,128,fp32,0,0,searched,calibration_template_probe,20:288:496:128:144:176:16:16:24:1:3:0:8:8:1:1:1:1:1:58:1:1:20,,1,numeric_signed_axes_full_v3,0.0799372005463,0.0807283973694669,0.0798468017577605,within_noise,within_noise,1
net_log30:template_v2_bl1_vec_05:rank19,net_log30,Ascend910B3,20,8.1.RC1+toolkit-7.7.0.1.225,template_v2_bl1_vec_05,16640,496,128,fp32,0,0,searched,calibration_template_probe,20:320:496:128:160:64:16:16:64:1:8:1:8:8:2:2:2:1:1:52:1:1:20,,1,numeric_signed_axes_full_v3,0.0807176017761,0.0807283973695074,0.0798468017577996,within_noise,regressed,1
net_log30:template_v2_bl1_vec_05:rank20,net_log30,Ascend910B3,20,8.1.RC1+toolkit-7.7.0.1.225,template_v2_bl1_vec_05,16640,496,128,fp32,0,0,searched,calibration_template_probe,20:512:496:128:256:128:16:16:32:1:4:1:8:8:1:1:1:1:1:33:1:1:20,,1,numeric_signed_axes_full_v3,0.0807812023163,0.0807283973694284,0.0798468017577604,within_noise,regressed,1
net_log30:template_v2_bl1_vec_05:rank21,net_log30,Ascend910B3,20,8.1.RC1+toolkit-7.7.0.1.225,template_v2_bl1_vec_05,16640,496,128,fp32,0,0,searched,calibration_template_probe,20:224:496:128:112:144:16:16:32:1:4:1:8:8:2:2:2:1:1:75:1:1:20,,1,numeric_signed_axes_full_v3,0.0806328010559,0.0807283973696446,0.0798468017577735,within_noise,within_noise,1
net_log30:template_v2_bl1_vec_05:rank22,net_log30,Ascend910B3,20,8.1.RC1+toolkit-7.7.0.1.225,template_v2_bl1_vec_05,16640,496,128,fp32,0,0,searched,calibration_template_probe,20:416:496:128:208:192:32:8:12:1:3:0:4:4:1:1:1:1:1:40:1:1:20,,1,numeric_signed_axes_full_v3,0.0800959968567,0.0807283973693617,0.0798468017577999,within_noise,within_noise,1
net_log30:template_v2_bl1_vec_05:rank23,net_log30,Ascend910B3,20,8.1.RC1+toolkit-7.7.0.1.225,template_v2_bl1_vec_05,16640,496,128,fp32,0,0,searched,calibration_template_probe,20:288:496:128:144:16:16:16:248:1:31:0:8:8:1:2:1:1:1:58:1:1:20,,1,numeric_signed_axes_full_v3,0.0800395965576,0.0807283973693021,0.0798468017578381,within_noise,within_noise,1
net_log30:template_v2_bl1_vec_05:rank24,net_log30,Ascend910B3,20,8.1.RC1+toolkit-7.7.0.1.225,template_v2_bl1_vec_05,16640,496,128,fp32,0,0,searched,calibration_template_probe,20:416:496:128:208:48:32:8:44:1:11:1:4:4:2:2:1:1:1:40:1:1:20,,1,numeric_signed_axes_full_v3,0.0806328010559,0.0807283973696446,0.0798468017577735,within_noise,within_noise,1
net_log30:template_v2_bl1_vec_05:rank25,net_log30,Ascend910B3,20,8.1.RC1+toolkit-7.7.0.1.225,template_v2_bl1_vec_05,16640,496,128,fp32,0,0,searched,calibration_template_probe,20:288:496:128:144:64:16:16:64:1:8:0:8:8:2:2:2:1:1:58:1:1:20,,1,numeric_signed_axes_full_v3,0.080827999115,0.080804796218887,0.0798468017577729,within_noise,regressed,1
net_log30:template_v2_bl1_vec_05:rank26,net_log30,Ascend910B3,20,8.1.RC1+toolkit-7.7.0.1.225,template_v2_bl1_vec_05,16640,496,128,fp32,0,0,searched,calibration_template_probe,20:320:496:128:160:144:16:16:32:1:4:0:8:8:2:1:1:1:1:52:1:1:20,,1,numeric_signed_axes_full_v3,0.0798992013931,0.0808047962190927,0.0798468017578203,improved,within_noise,1
net_log30:template_v2_bl1_vec_05:rank27,net_log30,Ascend910B3,20,8.1.RC1+toolkit-7.7.0.1.225,template_v2_bl1_vec_05,16640,496,128,fp32,0,0,searched,calibration_template_probe,20:320:496:128:160:16:16:16:248:1:31:1:8:8:2:2:2:1:1:52:1:1:20,,1,numeric_signed_axes_full_v3,0.0807588005066,0.0808047962186806,0.0798468017578184,within_noise,regressed,1
net_log30:template_v2_bl1_vec_05:rank28,net_log30,Ascend910B3,20,8.1.RC1+toolkit-7.7.0.1.225,template_v2_bl1_vec_05,16640,496,128,fp32,0,0,searched,calibration_template_probe,20:416:496:128:208:16:16:16:248:1:31:0:8:8:1:1:1:1:1:40:1:1:20,,1,numeric_signed_axes_full_v3,0.0799995994568,0.0808047962189287,0.0798468017578298,within_noise,within_noise,1
net_log30:template_v2_bl1_vec_05:rank29,net_log30,Ascend910B3,20,8.1.RC1+toolkit-7.7.0.1.225,template_v2_bl1_vec_05,16640,496,128,fp32,0,0,searched,calibration_template_probe,20:320:496:128:160:320:16:16:16:1:2:0:8:8:1:2:1:1:1:52:1:1:20,,1,numeric_signed_axes_full_v3,0.0798856019974,0.0808047962191267,0.0798468017578273,improved,within_noise,1
net_log30:template_v2_bl1_vec_05:rank30,net_log30,Ascend910B3,20,8.1.RC1+toolkit-7.7.0.1.225,template_v2_bl1_vec_05,16640,496,128,fp32,0,0,searched,calibration_template_probe,20:416:496:128:208:48:16:16:88:1:11:1:8:8:2:1:1:1:1:40:1:1:20,,1,numeric_signed_axes_full_v3,0.0807532024384,0.0808047962190576,0.0798468017578151,within_noise,regressed,1
net_log30:template_v2_bl1_vec_05:rank31,net_log30,Ascend910B3,20,8.1.RC1+toolkit-7.7.0.1.225,template_v2_bl1_vec_05,16640,496,128,fp32,0,0,searched,calibration_template_probe,20:416:496:128:208:16:16:16:248:1:31:0:8:8:2:2:1:1:1:40:1:1:20,,1,numeric_signed_axes_full_v3,0.0801519966125,0.0808047962192781,0.0798468017577742,within_noise,within_noise,1
net_log30:template_v2_bl1_vec_05:rank32,net_log30,Ascend910B3,20,8.1.RC1+toolkit-7.7.0.1.225,template_v2_bl1_vec_05,16640,496,128,fp32,0,0,searched,calibration_template_probe,20:224:496:128:112:336:16:16:16:1:2:0:8:8:2:2:1:1:1:75:1:1:20,,1,numeric_signed_axes_full_v3,0.080620803833,0.0808047962187292,0.079846801757791,within_noise,within_noise,1
net_log30:template_v2_bl1_vec_05:rank33,net_log30,Ascend910B3,20,8.1.RC1+toolkit-7.7.0.1.225,template_v2_bl1_vec_05,16640,496,128,fp32,0,0,searched,calibration_template_probe,20:224:496:128:112:96:16:16:48:1:6:1:8:8:2:2:2:1:1:75:1:1:20,,1,numeric_signed_axes_full_v3,0.0801428031921,0.080756397247119,0.0800720024109159,within_noise,within_noise,1
net_log30:template_v2_bl1_vec_05:rank34,net_log30,Ascend910B3,20,8.1.RC1+toolkit-7.7.0.1.225,template_v2_bl1_vec_05,16640,496,128,fp32,0,0,searched,calibration_template_probe,20:320:496:128:160:336:16:16:16:1:2:0:8:8:1:1:1:1:1:52:1:1:20,,1,numeric_signed_axes_full_v3,0.0806276035309,0.0807563972472164,0.0800720024109379,within_noise,within_noise,1
net_log30:template_v2_bl1_vec_05:rank35,net_log30,Ascend910B3,20,8.1.RC1+toolkit-7.7.0.1.225,template_v2_bl1_vec_05,16640,496,128,fp32,0,0,searched,calibration_template_probe,20:416:496:128:208:48:16:16:88:1:11:1:8:8:2:2:2:1:1:40:1:1:20,,1,numeric_signed_axes_full_v3,0.0805243968964,0.0807563972469359,0.0800720024108983,within_noise,within_noise,1
net_log30:template_v2_bl1_vec_05:rank36,net_log30,Ascend910B3,20,8.1.RC1+toolkit-7.7.0.1.225,template_v2_bl1_vec_05,16640,496,128,fp32,0,0,searched,calibration_template_probe,20:288:496:128:144:96:16:16:48:1:6:0:8:8:2:2:2:1:1:58:1:1:20,,1,numeric_signed_axes_full_v3,0.0799363994598,0.0807563972469419,0.0800720024111639,improved,within_noise,1
net_log30:template_v2_bl1_vec_05:rank37,net_log30,Ascend910B3,20,8.1.RC1+toolkit-7.7.0.1.225,template_v2_bl1_vec_05,16640,496,128,fp32,0,0,searched,calibration_template_probe,20:416:496:128:208:192:16:16:24:1:3:0:8:8:2:1:1:1:1:40:1:1:20,,1,numeric_signed_axes_full_v3,0.0801187992096,0.0807563972476434,0.0800720024108994,within_noise,within_noise,1
net_log30:template_v2_bl1_vec_05:rank38,net_log30,Ascend910B3,20,8.1.RC1+toolkit-7.7.0.1.225,template_v2_bl1_vec_05,16640,496,128,fp32,0,0,searched,calibration_template_probe,20:416:496:128:208:64:32:8:32:1:8:0:4:4:2:2:1:1:1:40:1:1:20,,1,numeric_signed_axes_full_v3,0.0799452018738,0.0807563972471015,0.0800720024108674,improved,within_noise,1
net_log30:template_v2_bl1_vec_05:rank39,net_log30,Ascend910B3,20,8.1.RC1+toolkit-7.7.0.1.225,template_v2_bl1_vec_05,16640,496,128,fp32,0,0,searched,calibration_template_probe,20:480:496:128:240:48:16:16:88:1:11:0:8:8:2:2:2:1:1:35:1:1:20,,1,numeric_signed_axes_full_v3,0.0800924015045,0.0807563972472764,0.0800720024109057,within_noise,within_noise,1
net_log30:template_v2_bl1_vec_05:rank40,net_log30,Ascend910B3,20,8.1.RC1+toolkit-7.7.0.1.225,template_v2_bl1_vec_05,16640,496,128,fp32,0,0,searched,calibration_template_probe,20:416:496:128:208:304:16:16:16:1:2:1:8:8:2:2:1:1:1:40:1:1:20,,1,numeric_signed_axes_full_v3,0.0805020046234,0.0807563972476316,0.0800720024109173,within_noise,within_noise,1
net_log30:template_v2_bl1_vec_05:rank41,net_log30,Ascend910B3,20,8.1.RC1+toolkit-7.7.0.1.225,template_v2_bl1_vec_05,16640,496,128,fp32,0,0,searched,calibration_template_probe,20:288:496:128:144:96:16:16:48:1:6:1:8:8:1:2:1:1:1:58:1:1:20,,1,numeric_signed_axes_full_v3,0.0809832000732,0.0806707954406982,0.0800720024108779,within_noise,regressed,1
net_log30:template_v2_bl1_vec_05:rank42,net_log30,Ascend910B3,20,8.1.RC1+toolkit-7.7.0.1.225,template_v2_bl1_vec_05,16640,496,128,fp32,0,0,searched,calibration_template_probe,20:288:496:128:144:304:16:16:16:1:2:1:8:8:1:1:1:1:1:58:1:1:20,,1,numeric_signed_axes_full_v3,0.0800024032593,0.0806707954408934,0.0800720024108473,within_noise,within_noise,1
net_log30:template_v2_bl1_vec_05:rank43,net_log30,Ascend910B3,20,8.1.RC1+toolkit-7.7.0.1.225,template_v2_bl1_vec_05,16640,496,128,fp32,0,0,searched,calibration_template_probe,20:288:496:128:144:224:16:16:24:1:3:0:8:8:1:1:1:1:1:58:1:1:20,,1,numeric_signed_axes_full_v3,0.0799751996994,0.0806707954408374,0.0800720024112897,within_noise,within_noise,1
net_log30:template_v2_bl1_vec_05:rank44,net_log30,Ascend910B3,20,8.1.RC1+toolkit-7.7.0.1.225,template_v2_bl1_vec_05,16640,496,128,fp32,0,0,searched,calibration_template_probe,20:448:496:128:224:96:16:16:48:1:6:0:8:8:1:1:1:1:1:38:1:1:20,,1,numeric_signed_axes_full_v3,0.0807623958588,0.0806707954407269,0.0800720024108716,within_noise,within_noise,1
net_log30:template_v2_bl1_vec_05:rank45,net_log30,Ascend910B3,20,8.1.RC1+toolkit-7.7.0.1.225,template_v2_bl1_vec_05,16640,496,128,fp32,0,0,searched,calibration_template_probe,20:416:496:128:208:128:32:8:16:1:4:1:4:4:1:2:1:1:1:40:1:1:20,,1,numeric_signed_axes_full_v3,0.0807956027985,0.0806707954406808,0.080072002410898,within_noise,within_noise,1
net_log30:template_v2_bl1_vec_05:rank46,net_log30,Ascend910B3,20,8.1.RC1+toolkit-7.7.0.1.225,template_v2_bl1_vec_05,16640,496,128,fp32,0,0,searched,calibration_template_probe,20:416:496:128:208:96:16:16:48:1:6:1:8:8:1:2:1:1:1:40:1:1:20,,1,numeric_signed_axes_full_v3,0.0800032043457,0.0806707954405372,0.0800720024108494,within_noise,within_noise,1
net_log30:template_v2_bl1_vec_05:rank47,net_log30,Ascend910B3,20,8.1.RC1+toolkit-7.7.0.1.225,template_v2_bl1_vec_05,16640,496,128,fp32,0,0,searched,calibration_template_probe,20:416:496:128:208:304:16:16:16:1:2:0:8:8:1:1:1:1:1:40:1:1:20,,1,numeric_signed_axes_full_v3,0.080133600235,0.0806707954408807,0.0800720024109172,within_noise,within_noise,1
net_log30:template_v2_bl1_vec_05:rank48,net_log30,Ascend910B3,20,8.1.RC1+toolkit-7.7.0.1.225,template_v2_bl1_vec_05,16640,496,128,fp32,0,0,searched,calibration_template_probe,20:320:496:128:160:16:16:16:248:1:31:0:8:8:2:1:1:1:1:52:1:1:20,,1,numeric_signed_axes_full_v3,0.0799944019318,0.0806707954404753,0.0800720024108603,within_noise,within_noise,1
net_log30:template_v2_bl1_vec_05:rank49,net_log30,Ascend910B3,20,8.1.RC1+toolkit-7.7.0.1.225,template_v2_bl1_vec_05,16640,496,128,fp32,0,0,searched,calibration_template_probe,20:320:496:128:160:48:16:16:88:1:11:1:8:8:2:2:2:1:1:52:1:1:20,,1,numeric_signed_axes_full_v3,0.0799255990982,0.0806707954408652,0.0800300025937874,within_noise,within_noise,1
net_log30:template_v2_bl1_vec_05:rank50,net_log30,Ascend910B3,20,8.1.RC1+toolkit-7.7.0.1.225,template_v2_bl1_vec_05,16640,496,128,fp32,0,0,searched,calibration_template_probe,20:416:496:128:208:144:16:16:32:1:4:1:8:8:1:1:1:1:1:40:1:1:20,,1,numeric_signed_axes_full_v3,0.0800043964386,0.0806707954404662,0.0800300025937213,within_noise,within_noise,1
net_log30:template_v2_bl1_vec_05:rank51,net_log30,Ascend910B3,20,8.1.RC1+toolkit-7.7.0.1.225,template_v2_bl1_vec_05,16640,496,128,fp32,0,0,searched,calibration_template_probe,20:416:496:128:208:80:16:16:56:1:7:0:8:8:2:2:1:1:1:40:1:1:20,,1,numeric_signed_axes_full_v3,0.0807028007507,0.0806707954406951,0.080030002593971,within_noise,within_noise,1
net_log30:template_v2_bl1_vec_05:rank52,net_log30,Ascend910B3,20,8.1.RC1+toolkit-7.7.0.1.225,template_v2_bl1_vec_05,16640,496,128,fp32,0,0,searched,calibration_template_probe,20:224:496:128:112:128:16:16:32:1:4:0:8:8:2:2:2:1:1:75:1:1:20,,1,numeric_signed_axes_full_v3,0.0806884002686,0.080670795440724,0.0800300025939981,within_noise,within_noise,1
net_log30:template_v2_bl1_vec_05:rank53,net_log30,Ascend910B3,20,8.1.RC1+toolkit-7.7.0.1.225,template_v2_bl1_vec_05,16640,496,128,fp32,0,0,searched,calibration_template_probe,20:288:496:128:144:80:16:16:56:1:7:0:8:8:2:2:2:1:1:58:1:1:20,,1,numeric_signed_axes_full_v3,0.080852804184,0.0806707954407183,0.0800300025939606,within_noise,regressed,1
net_log30:template_v2_bl1_vec_05:rank54,net_log30,Ascend910B3,20,8.1.RC1+toolkit-7.7.0.1.225,template_v2_bl1_vec_05,16640,496,128,fp32,0,0,searched,calibration_template_probe,20:224:496:128:112:112:16:16:40:1:5:0:8:8:2:2:2:1:1:75:1:1:20,,1,numeric_signed_axes_full_v3,0.07992000103,0.080670795440929,0.0800300025941433,within_noise,within_noise,1
net_log30:template_v2_bl1_vec_05:rank55,net_log30,Ascend910B3,20,8.1.RC1+toolkit-7.7.0.1.225,template_v2_bl1_vec_05,16640,496,128,fp32,0,0,searched,calibration_template_probe,20:416:496:128:208:48:32:8:44:1:11:0:4:4:2:2:2:1:1:40:1:1:20,,1,numeric_signed_axes_full_v3,0.0800255966187,0.0806707954410232,0.0800300025943751,within_noise,within_noise,1
net_log30:template_v2_bl1_vec_05:rank56,net_log30,Ascend910B3,20,8.1.RC1+toolkit-7.7.0.1.225,template_v2_bl1_vec_05,16640,496,128,fp32,0,0,searched,calibration_template_probe,20:416:496:128:208:64:16:16:64:1:8:0:8:8:2:2:2:1:1:40:1:1:20,,1,numeric_signed_axes_full_v3,0.0805807971954,0.0806707954405487,0.0800300025940011,within_noise,within_noise,1
net_log30:template_v2_bl1_vec_05:rank57,net_log30,Ascend910B3,20,8.1.RC1+toolkit-7.7.0.1.225,template_v2_bl1_vec_05,16640,496,128,fp32,0,0,searched,calibration_template_probe,20:448:496:128:224:48:16:16:88:1:11:1:8:8:2:2:2:1:1:38:1:1:20,,1,numeric_signed_axes_full_v3,0.0799932003021,0.0798543977736736,0.0799919986724827,within_noise,within_noise,1
net_log30:template_v2_bl1_vec_05:rank58,net_log30,Ascend910B3,20,8.1.RC1+toolkit-7.7.0.1.225,template_v2_bl1_vec_05,16640,496,128,fp32,0,0,searched,calibration_template_probe,20:416:496:128:208:80:32:8:28:1:7:1:4:4:2:2:1:1:1:40:1:1:20,,1,numeric_signed_axes_full_v3,0.0807032012939,0.0798543977736639,0.0799919986725399,regressed,within_noise,1
net_log30:template_v2_bl1_vec_05:rank59,net_log30,Ascend910B3,20,8.1.RC1+toolkit-7.7.0.1.225,template_v2_bl1_vec_05,16640,496,128,fp32,0,0,searched,calibration_template_probe,20:320:496:128:160:32:16:16:128:1:16:0:8:8:2:1:1:1:1:52:1:1:20,,1,numeric_signed_axes_full_v3,0.080729598999,0.0798543977736713,0.0799919986724995,regressed,within_noise,1
net_log30:template_v2_bl1_vec_05:rank60,net_log30,Ascend910B3,20,8.1.RC1+toolkit-7.7.0.1.225,template_v2_bl1_vec_05,16640,496,128,fp32,0,0,searched,calibration_template_probe,20:128:496:128:128:192:16:16:24:1:3:0:8:8:2:2:1:1:1:0:0:0:2020,,1,numeric_signed_axes_full_v3,0.080675201416,0.0798543977737047,0.0799919986724728,regressed,within_noise,1
net_log30:template_v2_bl1_vec_05:rank61,net_log30,Ascend910B3,20,8.1.RC1+toolkit-7.7.0.1.225,template_v2_bl1_vec_05,16640,496,128,fp32,0,0,searched,calibration_template_probe,20:512:496:128:512:32:16:8:128:1:16:0:8:8:2:2:1:1:1:0:0:0:2020,,1,numeric_signed_axes_full_v3,0.0801352024078,0.0798543977737184,0.0799919986724659,within_noise,within_noise,1
net_log30:template_v2_bl1_vec_05:rank62,net_log30,Ascend910B3,20,8.1.RC1+toolkit-7.7.0.1.225,template_v2_bl1_vec_05,16640,496,128,fp32,0,0,searched,calibration_template_probe,20:256:496:128:256:128:16:16:32:1:4:0:8:8:2:2:1:1:1:0:0:0:2020,,1,numeric_signed_axes_full_v3,0.0799560022354,0.079854397773684,0.0799919986722717,within_noise,within_noise,1
net_log30:template_v2_bl1_vec_05:rank63,net_log30,Ascend910B3,20,8.1.RC1+toolkit-7.7.0.1.225,template_v2_bl1_vec_05,16640,496,128,fp32,0,0,searched,calibration_template_probe,20:384:496:128:384:80:16:8:56:1:7:0:8:8:2:2:1:1:1:0:0:0:2020,,1,numeric_signed_axes_full_v3,0.0806855964661,0.0798543977737372,0.0799919986725334,regressed,within_noise,1
net_log30:template_v2_bl1_vec_05:rank64,net_log30,Ascend910B3,20,8.1.RC1+toolkit-7.7.0.1.225,template_v2_bl1_vec_05,16640,496,128,fp32,0,0,searched,calibration_template_probe,20:256:496:128:256:32:16:8:128:1:16:0:8:8:2:2:1:1:1:0:0:0:2020,,1,numeric_signed_axes_full_v3,0.0807468032837,0.0798543977736768,0.0799919986724618,regressed,within_noise,1
net_log30:template_v2_bl1_vec_05:rank65,net_log30,Ascend910B3,20,8.1.RC1+toolkit-7.7.0.1.225,template_v2_bl1_vec_05,16640,496,128,fp32,0,0,searched,calibration_template_probe,20:128:496:128:128:256:16:16:16:1:2:0:8:8:2:2:1:1:1:0:0:0:2020,,1,numeric_signed_axes_full_v3,0.0800576019287,0.0798543977736817,0.0799919986725205,within_noise,within_noise,1
net_log30:template_v2_bl1_vec_05:rank66,net_log30,Ascend910B3,20,8.1.RC1+toolkit-7.7.0.1.225,template_v2_bl1_vec_05,16640,496,128,fp32,0,0,searched,calibration_template_probe,20:384:496:128:384:16:16:8:248:1:31:0:8:8:2:2:1:1:1:0:0:0:2020,,1,numeric_signed_axes_full_v3,0.0805852031708,0.0798543977737098,0.0799919986725308,within_noise,within_noise,1
net_log30:template_v2_bl1_vec_05:rank67,net_log30,Ascend910B3,20,8.1.RC1+toolkit-7.7.0.1.225,template_v2_bl1_vec_05,16640,496,128,fp32,0,0,searched,calibration_template_probe,20:256:496:128:256:96:16:8:48:1:6:0:8:8:2:2:1:1:1:0:0:0:2020,,1,numeric_signed_axes_full_v3,0.0806651973724,0.0798543977737072,0.0799919986725295,regressed,within_noise,1
net_log30:template_v2_bl1_vec_05:rank68,net_log30,Ascend910B3,20,8.1.RC1+toolkit-7.7.0.1.225,template_v2_bl1_vec_05,16640,496,128,fp32,0,0,searched,calibration_template_probe,20:512:496:128:512:16:16:8:248:1:31:0:8:8:2:2:1:1:1:0:0:0:2020,,1,numeric_signed_axes_full_v3,0.0805832004547,0.0798543977736857,0.0799919986725368,within_noise,within_noise,1
net_log30:template_v2_bl1_vec_05:rank69,net_log30,Ascend910B3,20,8.1.RC1+toolkit-7.7.0.1.225,template_v2_bl1_vec_05,16640,496,128,fp32,0,0,searched,calibration_template_probe,20:384:496:128:384:32:16:8:128:1:16:0:8:8:2:2:1:1:1:0:0:0:2020,,1,numeric_signed_axes_full_v3,0.0807472038269,0.0798543977737238,0.0799919986725197,regressed,within_noise,1
net_log30:template_v2_bl1_vec_05:rank70,net_log30,Ascend910B3,20,8.1.RC1+toolkit-7.7.0.1.225,template_v2_bl1_vec_05,16640,496,128,fp32,0,0,searched,calibration_template_probe,20:256:496:128:256:32:16:16:128:1:16:0:8:8:2:2:1:1:1:0:0:0:2020,,1,numeric_signed_axes_full_v3,0.0799991989136,0.0798543977736723,0.0799919986725009,within_noise,within_noise,1
net_log30:template_v2_bl1_vec_05:rank71,net_log30,Ascend910B3,20,8.1.RC1+toolkit-7.7.0.1.225,template_v2_bl1_vec_05,16640,496,128,fp32,0,0,searched,calibration_template_probe,20:256:496:128:256:128:16:8:32:1:4:0:8:8:2:2:1:1:1:0:0:0:2020,,1,numeric_signed_axes_full_v3,0.080119600296,0.0798543977736602,0.0799919986725093,within_noise,within_noise,1
net_log30:template_v2_bl1_vec_05:rank72,net_log30,Ascend910B3,20,8.1.RC1+toolkit-7.7.0.1.225,template_v2_bl1_vec_05,16640,496,128,fp32,0,0,searched,calibration_template_probe,20:512:496:128:512:64:16:8:64:1:8:0:8:8:2:2:1:1:1:0:0:0:2020,,1,numeric_signed_axes_full_v3,0.0800216007233,0.0798543977737385,0.0799919986724762,within_noise,within_noise,1
net_log30:template_v2_bl1_vec_05:rank73,net_log30,Ascend910B3,20,8.1.RC1+toolkit-7.7.0.1.225,template_v2_bl1_vec_05,16640,496,128,fp32,0,0,searched,calibration_template_probe,20:256:496:128:256:64:16:16:64:1:8:0:8:8:2:2:1:1:1:0:0:0:2020,,1,numeric_signed_axes_full_v3,0.0801307964325,0.080528001785511,0.07993279933928,within_noise,within_noise,1
net_log30:template_v2_bl1_vec_05:rank74,net_log30,Ascend910B3,20,8.1.RC1+toolkit-7.7.0.1.225,template_v2_bl1_vec_05,16640,496,128,fp32,0,0,searched,calibration_template_probe,20:256:496:128:256:64:16:8:64:1:8:0:8:8:2:2:1:1:1:0:0:0:2020,,1,numeric_signed_axes_full_v3,0.0800955963135,0.0805280017854119,0.0799327993392805,within_noise,within_noise,1
net_log30:template_v2_bl1_vec_06:rank1,net_log30,Ascend910B3,20,8.1.RC1+toolkit-7.7.0.1.225,template_v2_bl1_vec_06,16896,480,144,fp32,0,1,searched,calibration_template_probe,20:288:480:144:144:64:8:36:144:1:8:1:18:18:1:1:1:1:1:59:1:1:20,,1,numeric_signed_axes_full_v3,0.122043199539,0.122827997208397,0.122235202789565,within_noise,within_noise,1
net_log30:template_v2_bl1_vec_06:rank2,net_log30,Ascend910B3,20,8.1.RC1+toolkit-7.7.0.1.225,template_v2_bl1_vec_06,16896,480,144,fp32,0,1,searched,calibration_template_probe,20:192:480:144:96:160:8:36:54:1:3:0:18:18:2:2:2:1:1:88:1:1:20,,1,numeric_signed_axes_full_v3,0.122878799438,0.122827997208055,0.122235202788969,within_noise,within_noise,1
net_log30:template_v2_bl1_vec_06:rank3,net_log30,Ascend910B3,20,8.1.RC1+toolkit-7.7.0.1.225,template_v2_bl1_vec_06,16896,480,144,fp32,0,1,searched,calibration_template_probe,20:320:480:144:160:240:16:18:18:1:2:0:9:9:1:2:1:1:1:53:1:1:20,,1,numeric_signed_axes_full_v3,0.122788000107,0.122827997207677,0.122235202788951,within_noise,within_noise,1
net_log30:template_v2_bl1_vec_06:rank4,net_log30,Ascend910B3,20,8.1.RC1+toolkit-7.7.0.1.225,template_v2_bl1_vec_06,16896,480,144,fp32,0,1,searched,calibration_template_probe,20:288:480:144:144:16:8:36:540:1:30:0:18:18:2:2:2:1:1:59:1:1:20,,1,numeric_signed_axes_full_v3,0.122816801071,0.122827997207791,0.122235202788951,within_noise,within_noise,1
net_log30:template_v2_bl1_vec_06:rank5,net_log30,Ascend910B3,20,8.1.RC1+toolkit-7.7.0.1.225,template_v2_bl1_vec_06,16896,480,144,fp32,0,1,searched,calibration_template_probe,20:128:480:144:64:384:16:18:18:1:2:1:9:9:2:2:1:1:1:132:1:1:20,,1,numeric_signed_axes_full_v3,0.122007598877,0.122827997207567,0.122235202788706,within_noise,within_noise,1
net_log30:template_v2_bl1_vec_06:rank6,net_log30,Ascend910B3,20,8.1.RC1+toolkit-7.7.0.1.225,template_v2_bl1_vec_06,16896,480,144,fp32,0,1,searched,calibration_template_probe,20:224:480:144:112:288:8:36:36:1:2:0:18:18:2:1:1:1:1:76:1:1:20,,1,numeric_signed_axes_full_v3,0.122198400497,0.122827997208405,0.122235202788872,within_noise,within_noise,1
net_log30:template_v2_bl1_vec_06:rank7,net_log30,Ascend910B3,20,8.1.RC1+toolkit-7.7.0.1.225,template_v2_bl1_vec_06,16896,480,144,fp32,0,1,searched,calibration_template_probe,20:224:480:144:112:480:24:12:6:1:1:1:6:6:1:1:1:1:1:76:1:1:20,,1,numeric_signed_axes_full_v3,0.122784795761,0.1228279972083,0.122235202788961,within_noise,within_noise,1
net_log30:template_v2_bl1_vec_06:rank8,net_log30,Ascend910B3,20,8.1.RC1+toolkit-7.7.0.1.225,template_v2_bl1_vec_06,16896,480,144,fp32,0,1,searched,calibration_template_probe,20:352:480:144:176:80:8:36:108:1:6:1:18:18:2:2:2:1:1:48:1:1:20,,1,numeric_signed_axes_full_v3,0.122395200729,0.122827997207517,0.122235202789039,within_noise,within_noise,1
net_log30:template_v2_bl1_vec_06:rank9,net_log30,Ascend910B3,20,8.1.RC1+toolkit-7.7.0.1.225,template_v2_bl1_vec_06,16896,480,144,fp32,0,1,searched,calibration_template_probe,20:320:480:144:160:160:24:12:18:1:3:1:6:6:2:1:1:1:1:53:1:1:20,,1,numeric_signed_axes_full_v3,0.122189998627,0.122825202941411,0.12217639923096,within_noise,within_noise,1
net_log30:template_v2_bl1_vec_06:rank10,net_log30,Ascend910B3,20,8.1.RC1+toolkit-7.7.0.1.225,template_v2_bl1_vec_06,16896,480,144,fp32,0,1,searched,calibration_template_probe,20:192:480:144:96:96:8:36:90:1:5:1:18:18:2:2:2:1:1:88:1:1:20,,1,numeric_signed_axes_full_v3,0.122838401794,0.12282520294199,0.122176399230948,within_noise,within_noise,1
net_log30:template_v2_bl1_vec_06:rank11,net_log30,Ascend910B3,20,8.1.RC1+toolkit-7.7.0.1.225,template_v2_bl1_vec_06,16896,480,144,fp32,0,1,searched,calibration_template_probe,20:192:480:144:96:480:16:18:9:1:1:0:9:9:1:2:1:1:1:88:1:1:20,,1,numeric_signed_axes_full_v3,0.122752799988,0.122825202941812,0.122176399230977,within_noise,within_noise,1
net_log30:template_v2_bl1_vec_06:rank12,net_log30,Ascend910B3,20,8.1.RC1+toolkit-7.7.0.1.225,template_v2_bl1_vec_06,16896,480,144,fp32,0,1,searched,calibration_template_probe,20:224:480:144:112:240:16:18:18:1:2:1:9:9:1:2:1:1:1:76:1:1:20,,1,numeric_signed_axes_full_v3,0.122818403244,0.122825202942426,0.122176399231046,within_noise,within_noise,1
net_log30:template_v2_bl1_vec_06:rank13,net_log30,Ascend910B3,20,8.1.RC1+toolkit-7.7.0.1.225,template_v2_bl1_vec_06,16896,480,144,fp32,0,1,searched,calibration_template_probe,20:192:480:144:96:480:8:36:18:1:1:0:18:18:1:1:1:1:1:88:1:1:20,,1,numeric_signed_axes_full_v3,0.122070798874,0.122825202941829,0.122176399231273,within_noise,within_noise,1
net_log30:template_v2_bl1_vec_06:rank14,net_log30,Ascend910B3,20,8.1.RC1+toolkit-7.7.0.1.225,template_v2_bl1_vec_06,16896,480,144,fp32,0,1,searched,calibration_template_probe,20:320:480:144:160:16:16:18:270:1:30:0:9:9:2:2:1:1:1:53:1:1:20,,1,numeric_signed_axes_full_v3,0.122281999588,0.12282520294145,0.122176399231052,within_noise,within_noise,1
net_log30:template_v2_bl1_vec_06:rank15,net_log30,Ascend910B3,20,8.1.RC1+toolkit-7.7.0.1.225,template_v2_bl1_vec_06,16896,480,144,fp32,0,1,searched,calibration_template_probe,20:224:480:144:112:336:16:18:18:1:2:0:9:9:2:2:1:1:1:76:1:1:20,,1,numeric_signed_axes_full_v3,0.122859201431,0.122825202942051,0.122176399231046,within_noise,within_noise,1
net_log30:template_v2_bl1_vec_06:rank16,net_log30,Ascend910B3,20,8.1.RC1+toolkit-7.7.0.1.225,template_v2_bl1_vec_06,16896,480,144,fp32,0,1,searched,calibration_template_probe,20:352:480:144:176:256:8:36:36:1:2:1:18:18:1:1:1:1:1:48:1:1:20,,1,numeric_signed_axes_full_v3,0.122814798355,0.122825202942243,0.122176399230972,within_noise,within_noise,1
net_log30:template_v2_bl1_vec_06:rank17,net_log30,Ascend910B3,20,8.1.RC1+toolkit-7.7.0.1.225,template_v2_bl1_vec_06,16896,480,144,fp32,0,1,searched,calibration_template_probe,20:192:480:144:96:64:16:18:72:1:8:0:9:9:2:2:2:1:1:88:1:1:20,,1,numeric_signed_axes_full_v3,0.122229204178,0.122244396209574,0.12217639923094,within_noise,within_noise,1
net_log30:template_v2_bl1_vec_06:rank18,net_log30,Ascend910B3,20,8.1.RC1+toolkit-7.7.0.1.225,template_v2_bl1_vec_06,16896,480,144,fp32,0,1,searched,calibration_template_probe,20:128:480:144:64:384:16:18:18:1:2:0:9:9:1:2:1:1:1:132:1:1:20,,1,numeric_signed_axes_full_v3,0.122883195877,0.122244396210002,0.122176399231028,within_noise,within_noise,1
net_log30:template_v2_bl1_vec_06:rank19,net_log30,Ascend910B3,20,8.1.RC1+toolkit-7.7.0.1.225,template_v2_bl1_vec_06,16896,480,144,fp32,0,1,searched,calibration_template_probe,20:384:480:144:192:64:16:18:72:1:8:0:9:9:2:2:2:1:1:44:1:1:20,,1,numeric_signed_axes_full_v3,0.12294960022,0.122244396210046,0.122176399231059,within_noise,within_noise,1
net_log30:template_v2_bl1_vec_06:rank20,net_log30,Ascend910B3,20,8.1.RC1+toolkit-7.7.0.1.225,template_v2_bl1_vec_06,16896,480,144,fp32,0,1,searched,calibration_template_probe,20:224:480:144:112:224:16:18:27:1:3:1:9:9:2:1:1:1:1:76:1:1:20,,1,numeric_signed_axes_full_v3,0.122865600586,0.122244396209954,0.122176399231032,within_noise,within_noise,1
net_log30:template_v2_bl1_vec_06:rank21,net_log30,Ascend910B3,20,8.1.RC1+toolkit-7.7.0.1.225,template_v2_bl1_vec_06,16896,480,144,fp32,0,1,searched,calibration_template_probe,20:224:480:144:112:336:24:12:12:1:2:0:6:6:1:1:1:1:1:76:1:1:20,,1,numeric_signed_axes_full_v3,0.122250795364,0.122244396210054,0.122176399230985,within_noise,within_noise,1
net_log30:template_v2_bl1_vec_06:rank22,net_log30,Ascend910B3,20,8.1.RC1+toolkit-7.7.0.1.225,template_v2_bl1_vec_06,16896,480,144,fp32,0,1,searched,calibration_template_probe,20:224:480:144:112:480:8:36:18:1:1:0:18:18:2:1:1:1:1:76:1:1:20,,1,numeric_signed_axes_full_v3,0.122349996567,0.122244396209962,0.12217639923097,within_noise,within_noise,1
net_log30:template_v2_bl1_vec_06:rank23,net_log30,Ascend910B3,20,8.1.RC1+toolkit-7.7.0.1.225,template_v2_bl1_vec_06,16896,480,144,fp32,0,1,searched,calibration_template_probe,20:288:480:144:144:304:8:36:36:1:2:1:18:18:2:1:1:1:1:59:1:1:20,,1,numeric_signed_axes_full_v3,0.122746801376,0.122244396210005,0.122176399230994,within_noise,within_noise,1
net_log30:template_v2_bl1_vec_06:rank24,net_log30,Ascend910B3,20,8.1.RC1+toolkit-7.7.0.1.225,template_v2_bl1_vec_06,16896,480,144,fp32,0,1,searched,calibration_template_probe,20:288:480:144:144:32:8:36:270:1:15:1:18:18:2:2:2:1:1:59:1:1:20,,1,numeric_signed_axes_full_v3,0.122857599258,0.122244396210043,0.122176399230983,within_noise,within_noise,1
net_log30:template_v2_bl1_vec_06:rank25,net_log30,Ascend910B3,20,8.1.RC1+toolkit-7.7.0.1.225,template_v2_bl1_vec_06,16896,480,144,fp32,0,1,searched,calibration_template_probe,20:288:480:144:144:80:16:18:54:1:6:0:9:9:2:2:2:1:1:59:1:1:20,,1,numeric_signed_axes_full_v3,0.122153997421,0.122244396210282,0.1228516006468,within_noise,within_noise,1
net_log30:template_v2_bl1_vec_06:rank26,net_log30,Ascend910B3,20,8.1.RC1+toolkit-7.7.0.1.225,template_v2_bl1_vec_06,16896,480,144,fp32,0,1,searched,calibration_template_probe,20:224:480:144:112:112:24:12:30:1:5:1:6:6:2:2:2:1:1:76:1:1:20,,1,numeric_signed_axes_full_v3,0.122814397812,0.122244396209975,0.122851600647449,within_noise,within_noise,1
net_log30:template_v2_bl1_vec_06:rank27,net_log30,Ascend910B3,20,8.1.RC1+toolkit-7.7.0.1.225,template_v2_bl1_vec_06,16896,480,144,fp32,0,1,searched,calibration_template_probe,20:288:480:144:144:112:8:36:90:1:5:1:18:18:2:2:2:1:1:59:1:1:20,,1,numeric_signed_axes_full_v3,0.122747602463,0.122244396210032,0.122851600646596,within_noise,within_noise,1
net_log30:template_v2_bl1_vec_06:rank28,net_log30,Ascend910B3,20,8.1.RC1+toolkit-7.7.0.1.225,template_v2_bl1_vec_06,16896,480,144,fp32,0,1,searched,calibration_template_probe,20:224:480:144:112:240:16:18:18:1:2:0:9:9:2:2:1:1:1:76:1:1:20,,1,numeric_signed_axes_full_v3,0.122339601517,0.122244396210029,0.122851600647593,within_noise,within_noise,1
net_log30:template_v2_bl1_vec_06:rank29,net_log30,Ascend910B3,20,8.1.RC1+toolkit-7.7.0.1.225,template_v2_bl1_vec_06,16896,480,144,fp32,0,1,searched,calibration_template_probe,20:320:480:144:160:128:24:12:24:1:4:1:6:6:1:1:1:1:1:53:1:1:20,,1,numeric_signed_axes_full_v3,0.122188796997,0.122244396209728,0.122851600646903,within_noise,within_noise,1
net_log30:template_v2_bl1_vec_06:rank30,net_log30,Ascend910B3,20,8.1.RC1+toolkit-7.7.0.1.225,template_v2_bl1_vec_06,16896,480,144,fp32,0,1,searched,calibration_template_probe,20:288:480:144:144:16:16:18:270:1:30:1:9:9:1:2:1:1:1:59:1:1:20,,1,numeric_signed_axes_full_v3,0.122813196182,0.122244396209967,0.122851600647082,within_noise,within_noise,1
net_log30:template_v2_bl1_vec_06:rank31,net_log30,Ascend910B3,20,8.1.RC1+toolkit-7.7.0.1.225,template_v2_bl1_vec_06,16896,480,144,fp32,0,1,searched,calibration_template_probe,20:192:480:144:96:480:8:36:18:1:1:0:18:18:2:2:1:1:1:88:1:1:20,,1,numeric_signed_axes_full_v3,0.122760801315,0.122244396210024,0.122851600646867,within_noise,within_noise,1
net_log30:template_v2_bl1_vec_06:rank32,net_log30,Ascend910B3,20,8.1.RC1+toolkit-7.7.0.1.225,template_v2_bl1_vec_06,16896,480,144,fp32,0,1,searched,calibration_template_probe,20:288:480:144:144:16:24:12:180:1:30:0:6:6:2:2:2:1:1:59:1:1:20,,1,numeric_signed_axes_full_v3,0.122239198685,0.122244396210161,0.122851600647575,within_noise,within_noise,1
net_log30:template_v2_bl1_vec_06:rank33,net_log30,Ascend910B3,20,8.1.RC1+toolkit-7.7.0.1.225,template_v2_bl1_vec_06,16896,480,144,fp32,0,1,searched,calibration_template_probe,20:320:480:144:160:240:24:12:12:1:2:0:6:6:1:1:1:1:1:53:1:1:20,,1,numeric_signed_axes_full_v3,0.122156400681,0.122329597473139,0.122851600647357,within_noise,within_noise,1
net_log30:template_v2_bl1_vec_06:rank34,net_log30,Ascend910B3,20,8.1.RC1+toolkit-7.7.0.1.225,template_v2_bl1_vec_06,16896,480,144,fp32,0,1,searched,calibration_template_probe,20:288:480:144:144:64:24:12:48:1:8:0:6:6:2:1:1:1:1:59:1:1:20,,1,numeric_signed_axes_full_v3,0.122233600616,0.12232959747342,0.122851600647388,within_noise,within_noise,1
net_log30:template_v2_bl1_vec_06:rank35,net_log30,Ascend910B3,20,8.1.RC1+toolkit-7.7.0.1.225,template_v2_bl1_vec_06,16896,480,144,fp32,0,1,searched,calibration_template_probe,20:288:480:144:144:304:24:12:12:1:2:1:6:6:1:1:1:1:1:59:1:1:20,,1,numeric_signed_axes_full_v3,0.122843599319,0.122329597472972,0.122851600647166,within_noise,within_noise,1
net_log30:template_v2_bl1_vec_06:rank36,net_log30,Ascend910B3,20,8.1.RC1+toolkit-7.7.0.1.225,template_v2_bl1_vec_06,16896,480,144,fp32,0,1,searched,calibration_template_probe,20:192:480:144:96:304:16:18:18:1:2:0:9:9:1:2:1:1:1:88:1:1:20,,1,numeric_signed_axes_full_v3,0.122279195786,0.122329597472999,0.122851600646681,within_noise,within_noise,1
net_log30:template_v2_bl1_vec_06:rank37,net_log30,Ascend910B3,20,8.1.RC1+toolkit-7.7.0.1.225,template_v2_bl1_vec_06,16896,480,144,fp32,0,1,searched,calibration_template_probe,20:224:480:144:112:320:16:18:18:1:2:1:9:9:1:2:1:1:1:76:1:1:20,,1,numeric_signed_axes_full_v3,0.122161998749,0.122329597472667,0.12285160064699,within_noise,within_noise,1
net_log30:template_v2_bl1_vec_06:rank38,net_log30,Ascend910B3,20,8.1.RC1+toolkit-7.7.0.1.225,template_v2_bl1_vec_06,16896,480,144,fp32,0,1,searched,calibration_template_probe,20:288:480:144:144:48:8:36:180:1:10:1:18:18:2:1:1:1:1:59:1:1:20,,1,numeric_signed_axes_full_v3,0.122065200806,0.122329597473184,0.122851600647567,within_noise,within_noise,1
net_log30:template_v2_bl1_vec_06:rank39,net_log30,Ascend910B3,20,8.1.RC1+toolkit-7.7.0.1.225,template_v2_bl1_vec_06,16896,480,144,fp32,0,1,searched,calibration_template_probe,20:288:480:144:144:144:16:18:36:1:4:1:9:9:1:2:1:1:1:59:1:1:20,,1,numeric_signed_axes_full_v3,0.122208795547,0.122329597472448,0.122851600647246,within_noise,within_noise,1
net_log30:template_v2_bl1_vec_06:rank40,net_log30,Ascend910B3,20,8.1.RC1+toolkit-7.7.0.1.225,template_v2_bl1_vec_06,16896,480,144,fp32,0,1,searched,calibration_template_probe,20:224:480:144:112:128:24:12:24:1:4:0:6:6:2:2:2:1:1:76:1:1:20,,1,numeric_signed_axes_full_v3,0.122960395813,0.122329597473017,0.122851600646972,within_noise,within_noise,1
net_log30:template_v2_bl1_vec_06:rank41,net_log30,Ascend910B3,20,8.1.RC1+toolkit-7.7.0.1.225,template_v2_bl1_vec_06,16896,480,144,fp32,0,1,searched,calibration_template_probe,20:288:480:144:144:48:8:36:180:1:10:0:18:18:2:2:1:1:1:59:1:1:20,,1,numeric_signed_axes_full_v3,0.121965198517,0.122185602188257,0.122231998443755,within_noise,within_noise,1
net_log30:template_v2_bl1_vec_06:rank42,net_log30,Ascend910B3,20,8.1.RC1+toolkit-7.7.0.1.225,template_v2_bl1_vec_06,16896,480,144,fp32,0,1,searched,calibration_template_probe,20:288:480:144:144:96:16:18:45:1:5:1:9:9:2:2:2:1:1:59:1:1:20,,1,numeric_signed_axes_full_v3,0.122753601074,0.122185602188003,0.122231998443985,within_noise,within_noise,1
net_log30:template_v2_bl1_vec_06:rank43,net_log30,Ascend910B3,20,8.1.RC1+toolkit-7.7.0.1.225,template_v2_bl1_vec_06,16896,480,144,fp32,0,1,searched,calibration_template_probe,20:224:480:144:112:48:16:18:90:1:10:1:9:9:2:2:2:1:1:76:1:1:20,,1,numeric_signed_axes_full_v3,0.122864398956,0.122185602187943,0.12223199844402,within_noise,within_noise,1
net_log30:template_v2_bl1_vec_06:rank44,net_log30,Ascend910B3,20,8.1.RC1+toolkit-7.7.0.1.225,template_v2_bl1_vec_06,16896,480,144,fp32,0,1,searched,calibration_template_probe,20:192:480:144:96:480:24:12:6:1:1:0:6:6:1:1:1:1:1:88:1:1:20,,1,numeric_signed_axes_full_v3,0.122882404327,0.122185602187959,0.122231998444048,within_noise,within_noise,1
net_log30:template_v2_bl1_vec_06:rank45,net_log30,Ascend910B3,20,8.1.RC1+toolkit-7.7.0.1.225,template_v2_bl1_vec_06,16896,480,144,fp32,0,1,searched,calibration_template_probe,20:160:480:144:80:144:8:36:72:1:4:1:18:18:2:2:2:1:1:106:1:1:20,,1,numeric_signed_axes_full_v3,0.122155199051,0.122185602187642,0.122231998443636,within_noise,within_noise,1
net_log30:template_v2_bl1_vec_06:rank46,net_log30,Ascend910B3,20,8.1.RC1+toolkit-7.7.0.1.225,template_v2_bl1_vec_06,16896,480,144,fp32,0,1,searched,calibration_template_probe,20:320:480:144:160:192:16:18:27:1:3:0:9:9:1:2:1:1:1:53:1:1:20,,1,numeric_signed_axes_full_v3,0.122256402969,0.122185602187999,0.122231998444023,within_noise,within_noise,1
net_log30:template_v2_bl1_vec_06:rank47,net_log30,Ascend910B3,20,8.1.RC1+toolkit-7.7.0.1.225,template_v2_bl1_vec_06,16896,480,144,fp32,0,1,searched,calibration_template_probe,20:224:480:144:112:64:8:36:144:1:8:0:18:18:2:2:2:1:1:76:1:1:20,,1,numeric_signed_axes_full_v3,0.122204799652,0.122185602188034,0.122231998444306,within_noise,within_noise,1
net_log30:template_v2_bl1_vec_06:rank48,net_log30,Ascend910B3,20,8.1.RC1+toolkit-7.7.0.1.225,template_v2_bl1_vec_06,16896,480,144,fp32,0,1,searched,calibration_template_probe,20:224:480:144:112:96:16:18:45:1:5:1:9:9:2:2:2:1:1:76:1:1:20,,1,numeric_signed_axes_full_v3,0.12295999527,0.122185602188,0.122231998443981,within_noise,within_noise,1
net_log30:template_v2_bl1_vec_06:rank49,net_log30,Ascend910B3,20,8.1.RC1+toolkit-7.7.0.1.225,template_v2_bl1_vec_06,16896,480,144,fp32,0,1,searched,calibration_template_probe,20:192:480:144:96:480:24:12:6:1:1:1:6:6:1:1:1:1:1:88:1:1:20,,1,numeric_signed_axes_full_v3,0.122086400986,0.122117204665655,0.122231998444246,within_noise,within_noise,1
net_log30:template_v2_bl1_vec_06:rank50,net_log30,Ascend910B3,20,8.1.RC1+toolkit-7.7.0.1.225,template_v2_bl1_vec_06,16896,480,144,fp32,0,1,searched,calibration_template_probe,20:224:480:144:112:192:16:18:27:1:3:0:9:9:2:2:1:1:1:76:1:1:20,,1,numeric_signed_axes_full_v3,0.122208404541,0.122117204665943,0.122231998443875,within_noise,within_noise,1
net_log30:template_v2_bl1_vec_06:rank51,net_log30,Ascend910B3,20,8.1.RC1+toolkit-7.7.0.1.225,template_v2_bl1_vec_06,16896,480,144,fp32,0,1,searched,calibration_template_probe,20:288:480:144:144:96:16:18:45:1:5:1:9:9:1:1:1:1:1:59:1:1:20,,1,numeric_signed_axes_full_v3,0.12288479805,0.122117204665976,0.122231998443953,within_noise,within_noise,1
net_log30:template_v2_bl1_vec_06:rank52,net_log30,Ascend910B3,20,8.1.RC1+toolkit-7.7.0.1.225,template_v2_bl1_vec_06,16896,480,144,fp32,0,1,searched,calibration_template_probe,20:192:480:144:96:144:8:36:72:1:4:0:18:18:2:2:2:1:1:88:1:1:20,,1,numeric_signed_axes_full_v3,0.122888002396,0.122117204665998,0.122231998444033,within_noise,within_noise,1
net_log30:template_v2_bl1_vec_06:rank53,net_log30,Ascend910B3,20,8.1.RC1+toolkit-7.7.0.1.225,template_v2_bl1_vec_06,16896,480,144,fp32,0,1,searched,calibration_template_probe,20:352:480:144:176:256:16:18:18:1:2:0:9:9:1:2:1:1:1:48:1:1:20,,1,numeric_signed_axes_full_v3,0.122102403641,0.122117204666038,0.122231998443492,within_noise,within_noise,1
net_log30:template_v2_bl1_vec_06:rank54,net_log30,Ascend910B3,20,8.1.RC1+toolkit-7.7.0.1.225,template_v2_bl1_vec_06,16896,480,144,fp32,0,1,searched,calibration_template_probe,20:352:480:144:176:80:16:18:54:1:6:0:9:9:2:2:2:1:1:48:1:1:20,,1,numeric_signed_axes_full_v3,0.122133998871,0.122117204665963,0.122231998444234,within_noise,within_noise,1
net_log30:template_v2_bl1_vec_06:rank55,net_log30,Ascend910B3,20,8.1.RC1+toolkit-7.7.0.1.225,template_v2_bl1_vec_06,16896,480,144,fp32,0,1,searched,calibration_template_probe,20:288:480:144:144:48:8:36:180:1:10:1:18:18:2:2:2:1:1:59:1:1:20,,1,numeric_signed_axes_full_v3,0.122662801743,0.122117204665979,0.122231998444021,within_noise,within_noise,1
net_log30:template_v2_bl1_vec_06:rank56,net_log30,Ascend910B3,20,8.1.RC1+toolkit-7.7.0.1.225,template_v2_bl1_vec_06,16896,480,144,fp32,0,1,searched,calibration_template_probe,20:288:480:144:144:128:24:12:24:1:4:1:6:6:1:2:1:1:1:59:1:1:20,,1,numeric_signed_axes_full_v3,0.122902002335,0.122117204665942,0.12223199844403,within_noise,within_noise,1
net_log30:template_v2_bl1_vec_06:rank57,net_log30,Ascend910B3,20,8.1.RC1+toolkit-7.7.0.1.225,template_v2_bl1_vec_06,16896,480,144,fp32,0,1,searched,calibration_template_probe,20:320:480:144:160:272:16:18:18:1:2:0:9:9:1:2:1:1:1:53:1:1:20,,1,numeric_signed_axes_full_v3,0.122749204636,0.122117204665996,0.122289600371961,within_noise,within_noise,1
net_log30:template_v2_bl1_vec_06:rank58,net_log30,Ascend910B3,20,8.1.RC1+toolkit-7.7.0.1.225,template_v2_bl1_vec_06,16896,480,144,fp32,0,1,searched,calibration_template_probe,20:320:480:144:160:240:24:12:12:1:2:1:6:6:2:1:1:1:1:53:1:1:20,,1,numeric_signed_axes_full_v3,0.122887601852,0.122117204665945,0.122289600371991,within_noise,within_noise,1
net_log30:template_v2_bl1_vec_06:rank59,net_log30,Ascend910B3,20,8.1.RC1+toolkit-7.7.0.1.225,template_v2_bl1_vec_06,16896,480,144,fp32,0,1,searched,calibration_template_probe,20:224:480:144:112:112:16:18:45:1:5:1:9:9:2:2:2:1:1:76:1:1:20,,1,numeric_signed_axes_full_v3,0.122066802979,0.122117204665896,0.12228960037222,within_noise,within_noise,1
net_log30:template_v2_bl1_vec_06:rank60,net_log30,Ascend910B3,20,8.1.RC1+toolkit-7.7.0.1.225,template_v2_bl1_vec_06,16896,480,144,fp32,0,1,searched,calibration_template_probe,20:128:480:144:64:368:16:18:18:1:2:0:9:9:1:2:1:1:1:132:1:1:20,,1,numeric_signed_axes_full_v3,0.122089195251,0.122117204666044,0.122289600372348,within_noise,within_noise,1
net_log30:template_v2_bl1_vec_06:rank61,net_log30,Ascend910B3,20,8.1.RC1+toolkit-7.7.0.1.225,template_v2_bl1_vec_06,16896,480,144,fp32,0,1,searched,calibration_template_probe,20:128:480:144:128:64:16:9:72:1:8:0:9:9:2:2:1:1:1:0:0:0:2020,,1,numeric_signed_axes_full_v3,0.122098798752,0.122117204666064,0.122289600371451,within_noise,within_noise,1
net_log30:template_v2_bl1_vec_06:rank62,net_log30,Ascend910B3,20,8.1.RC1+toolkit-7.7.0.1.225,template_v2_bl1_vec_06,16896,480,144,fp32,0,1,searched,calibration_template_probe,20:384:480:144:384:16:16:9:270:1:30:0:9:9:2:2:1:1:1:0:0:0:2020,,1,numeric_signed_axes_full_v3,0.122760400772,0.122117204665948,0.122289600371999,within_noise,within_noise,1
net_log30:template_v2_bl1_vec_06:rank63,net_log30,Ascend910B3,20,8.1.RC1+toolkit-7.7.0.1.225,template_v2_bl1_vec_06,16896,480,144,fp32,0,1,searched,calibration_template_probe,20:256:480:144:256:128:8:18:72:1:4:0:18:18:2:2:1:1:1:0:0:0:2020,,1,numeric_signed_axes_full_v3,0.122708797455,0.12211720466596,0.122289600371986,within_noise,within_noise,1
net_log30:template_v2_bl1_vec_06:rank64,net_log30,Ascend910B3,20,8.1.RC1+toolkit-7.7.0.1.225,template_v2_bl1_vec_06,16896,480,144,fp32,0,1,searched,calibration_template_probe,20:128:480:144:128:128:16:18:36:1:4:0:9:9:2:2:1:1:1:0:0:0:2020,,1,numeric_signed_axes_full_v3,0.122194004059,0.122117204666044,0.122289600371576,within_noise,within_noise,1
net_log30:template_v2_bl1_vec_06:rank65,net_log30,Ascend910B3,20,8.1.RC1+toolkit-7.7.0.1.225,template_v2_bl1_vec_06,16896,480,144,fp32,0,1,searched,calibration_template_probe,20:128:480:144:128:256:16:9:18:1:2:0:9:9:2:2:1:1:1:0:0:0:2020,,1,numeric_signed_axes_full_v3,0.122591600418,0.122798795699896,0.122210397719997,within_noise,within_noise,1
net_log30:template_v2_bl1_vec_06:rank66,net_log30,Ascend910B3,20,8.1.RC1+toolkit-7.7.0.1.225,template_v2_bl1_vec_06,16896,480,144,fp32,0,1,searched,calibration_template_probe,20:256:480:144:256:32:8:18:270:1:15:0:18:18:2:2:1:1:1:0:0:0:2020,,1,numeric_signed_axes_full_v3,0.122780799866,0.122798795700499,0.122210397720054,within_noise,within_noise,1
net_log30:template_v2_bl1_vec_06:rank67,net_log30,Ascend910B3,20,8.1.RC1+toolkit-7.7.0.1.225,template_v2_bl1_vec_06,16896,480,144,fp32,0,1,searched,calibration_template_probe,20:128:480:144:128:256:16:18:18:1:2:0:9:9:2:2:1:1:1:0:0:0:2020,,1,numeric_signed_axes_full_v3,0.122096395493,0.12279879570036,0.122210397720402,within_noise,within_noise,1
net_log30:template_v2_bl1_vec_06:rank68,net_log30,Ascend910B3,20,8.1.RC1+toolkit-7.7.0.1.225,template_v2_bl1_vec_06,16896,480,144,fp32,0,1,searched,calibration_template_probe,20:128:480:144:128:192:16:18:27:1:3:0:9:9:2:2:1:1:1:0:0:0:2020,,1,numeric_signed_axes_full_v3,0.122932796478,0.122798795699979,0.122210397719964,within_noise,within_noise,1
net_log30:template_v2_bl1_vec_06:rank69,net_log30,Ascend910B3,20,8.1.RC1+toolkit-7.7.0.1.225,template_v2_bl1_vec_06,16896,480,144,fp32,0,1,searched,calibration_template_probe,20:128:480:144:128:192:16:9:27:1:3:0:9:9:2:2:1:1:1:0:0:0:2020,,1,numeric_signed_axes_full_v3,0.122128000259,0.122798795700158,0.122210397719883,within_noise,within_noise,1
net_log30:template_v2_bl1_vec_06:rank70,net_log30,Ascend910B3,20,8.1.RC1+toolkit-7.7.0.1.225,template_v2_bl1_vec_06,16896,480,144,fp32,0,1,searched,calibration_template_probe,20:256:480:144:256:128:16:9:36:1:4:0:9:9:2:2:1:1:1:0:0:0:2020,,1,numeric_signed_axes_full_v3,0.12279800415,0.122798795699795,0.122210397720058,within_noise,within_noise,1
net_log30:template_v2_bl1_vec_06:rank71,net_log30,Ascend910B3,20,8.1.RC1+toolkit-7.7.0.1.225,template_v2_bl1_vec_06,16896,480,144,fp32,0,1,searched,calibration_template_probe,20:256:480:144:256:96:8:18:90:1:5:0:18:18:2:2:1:1:1:0:0:0:2020,,1,numeric_signed_axes_full_v3,0.122695198059,0.122798795700403,0.122210397720033,within_noise,within_noise,1
net_log30:template_v2_bl1_vec_06:rank72,net_log30,Ascend910B3,20,8.1.RC1+toolkit-7.7.0.1.225,template_v2_bl1_vec_06,16896,480,144,fp32,0,1,searched,calibration_template_probe,20:384:480:144:384:80:16:9:54:1:6:0:9:9:2:2:1:1:1:0:0:0:2020,,1,numeric_signed_axes_full_v3,0.122849597931,0.122798795700036,0.122210397719953,within_noise,within_noise,1
net_log30:template_v2_bl1_vec_06:rank73,net_log30,Ascend910B3,20,8.1.RC1+toolkit-7.7.0.1.225,template_v2_bl1_vec_06,16896,480,144,fp32,0,1,searched,calibration_template_probe,20:256:480:144:256:32:16:9:135:1:15:0:9:9:2:2:1:1:1:0:0:0:2020,,1,numeric_signed_axes_full_v3,0.122054796219,0.122089996337672,0.122180795670003,within_noise,within_noise,1
net_log30:template_v2_bl1_vec_06:rank74,net_log30,Ascend910B3,20,8.1.RC1+toolkit-7.7.0.1.225,template_v2_bl1_vec_06,16896,480,144,fp32,0,1,searched,calibration_template_probe,20:256:480:144:256:64:8:18:144:1:8:0:18:18:2:2:1:1:1:0:0:0:2020,,1,numeric_signed_axes_full_v3,0.122837200165,0.122089996337978,0.122180795670007,within_noise,within_noise,1
net_log30:template_v2_bl1_vec_06:rank75,net_log30,Ascend910B3,20,8.1.RC1+toolkit-7.7.0.1.225,template_v2_bl1_vec_06,16896,480,144,fp32,0,1,searched,calibration_template_probe,20:384:480:144:384:32:16:9:135:1:15:0:9:9:2:2:1:1:1:0:0:0:2020,,1,numeric_signed_axes_full_v3,0.122253599167,0.12208999633802,0.122180795670039,within_noise,within_noise,1
net_log30:template_v2_bl1_vec_06:rank76,net_log30,Ascend910B3,20,8.1.RC1+toolkit-7.7.0.1.225,template_v2_bl1_vec_06,16896,480,144,fp32,0,1,searched,calibration_template_probe,20:128:480:144:128:64:16:18:72:1:8:0:9:9:2:2:1:1:1:0:0:0:2020,,1,numeric_signed_axes_full_v3,0.122954397202,0.122089996338058,0.12218079566995,within_noise,within_noise,1
net_log30:template_v2_bl1_vec_07:rank1,net_log30,Ascend910B3,20,8.1.RC1+toolkit-7.7.0.1.225,template_v2_bl1_vec_07,17152,480,160,fp32,0,0,searched,calibration_template_probe,20:320:480:160:160:16:16:20:300:1:30:0:10:10:1:1:1:1:1:54:1:1:20,,1,numeric_signed_axes_full_v3,0.0944087982178,0.0938508033751719,0.0939332008361703,within_noise,within_noise,1
net_log30:template_v2_bl1_vec_07:rank2,net_log30,Ascend910B3,20,8.1.RC1+toolkit-7.7.0.1.225,template_v2_bl1_vec_07,17152,480,160,fp32,0,0,searched,calibration_template_probe,20:160:480:160:80:192:16:20:30:1:3:1:10:10:2:2:2:1:1:108:1:1:20,,1,numeric_signed_axes_full_v3,0.0938424015045,0.0938508033751772,0.0939332008362218,within_noise,within_noise,1
net_log30:template_v2_bl1_vec_07:rank3,net_log30,Ascend910B3,20,8.1.RC1+toolkit-7.7.0.1.225,template_v2_bl1_vec_07,17152,480,160,fp32,0,0,searched,calibration_template_probe,20:320:480:160:160:240:32:10:10:1:2:0:5:5:1:2:1:1:1:54:1:1:20,,1,numeric_signed_axes_full_v3,0.093646402359,0.0938508033753324,0.0939332008360527,within_noise,within_noise,1
net_log30:template_v2_bl1_vec_07:rank4,net_log30,Ascend910B3,20,8.1.RC1+toolkit-7.7.0.1.225,template_v2_bl1_vec_07,17152,480,160,fp32,0,0,searched,calibration_template_probe,20:320:480:160:160:240:32:10:10:1:2:1:5:5:2:1:1:1:1:54:1:1:20,,1,numeric_signed_axes_full_v3,0.0944948005676,0.0938508033751931,0.0939332008362029,within_noise,within_noise,1
net_log30:template_v2_bl1_vec_07:rank5,net_log30,Ascend910B3,20,8.1.RC1+toolkit-7.7.0.1.225,template_v2_bl1_vec_07,17152,480,160,fp32,0,0,searched,calibration_template_probe,20:288:480:160:144:48:16:20:100:1:10:0:10:10:2:2:2:1:1:60:1:1:20,,1,numeric_signed_axes_full_v3,0.0936884021759,0.0938508033751614,0.0939332008361664,within_noise,within_noise,1
net_log30:template_v2_bl1_vec_07:rank6,net_log30,Ascend910B3,20,8.1.RC1+toolkit-7.7.0.1.225,template_v2_bl1_vec_07,17152,480,160,fp32,0,0,searched,calibration_template_probe,20:160:480:160:80:320:16:20:20:1:2:1:10:10:1:2:1:1:1:108:1:1:20,,1,numeric_signed_axes_full_v3,0.0944748020172,0.0938508033752179,0.0939332008361695,within_noise,within_noise,1
net_log30:template_v2_bl1_vec_07:rank7,net_log30,Ascend910B3,20,8.1.RC1+toolkit-7.7.0.1.225,template_v2_bl1_vec_07,17152,480,160,fp32,0,0,searched,calibration_template_probe,20:160:480:160:80:480:16:20:10:1:1:0:10:10:1:1:1:1:1:108:1:1:20,,1,numeric_signed_axes_full_v3,0.093695602417,0.0938508033751503,0.0939332008357672,within_noise,within_noise,1
net_log30:template_v2_bl1_vec_07:rank8,net_log30,Ascend910B3,20,8.1.RC1+toolkit-7.7.0.1.225,template_v2_bl1_vec_07,17152,480,160,fp32,0,0,searched,calibration_template_probe,20:288:480:160:144:96:16:20:50:1:5:1:10:10:1:2:1:1:1:60:1:1:20,,1,numeric_signed_axes_full_v3,0.0938096046448,0.0938508033756674,0.0939332008364641,within_noise,within_noise,1
net_log30:template_v2_bl1_vec_07:rank9,net_log30,Ascend910B3,20,8.1.RC1+toolkit-7.7.0.1.225,template_v2_bl1_vec_07,17152,480,160,fp32,0,0,searched,calibration_template_probe,20:224:480:160:112:192:32:10:15:1:3:0:5:5:2:2:1:1:1:77:1:1:20,,1,numeric_signed_axes_full_v3,0.0936839962006,0.0938508033747866,0.0938780021669309,within_noise,within_noise,1
net_log30:template_v2_bl1_vec_07:rank10,net_log30,Ascend910B3,20,8.1.RC1+toolkit-7.7.0.1.225,template_v2_bl1_vec_07,17152,480,160,fp32,0,0,searched,calibration_template_probe,20:224:480:160:112:480:16:20:10:1:1:1:10:10:1:1:1:1:1:77:1:1:20,,1,numeric_signed_axes_full_v3,0.0938523960114,0.0938508033751884,0.0938780021669847,within_noise,within_noise,1
net_log30:template_v2_bl1_vec_07:rank11,net_log30,Ascend910B3,20,8.1.RC1+toolkit-7.7.0.1.225,template_v2_bl1_vec_07,17152,480,160,fp32,0,0,searched,calibration_template_probe,20:224:480:160:112:192:16:20:30:1:3:0:10:10:1:2:1:1:1:77:1:1:20,,1,numeric_signed_axes_full_v3,0.094425201416,0.0938508033751585,0.0938780021667165,within_noise,within_noise,1
net_log30:template_v2_bl1_vec_07:rank12,net_log30,Ascend910B3,20,8.1.RC1+toolkit-7.7.0.1.225,template_v2_bl1_vec_07,17152,480,160,fp32,0,0,searched,calibration_template_probe,20:320:480:160:160:80:32:10:30:1:6:1:5:5:2:2:2:1:1:54:1:1:20,,1,numeric_signed_axes_full_v3,0.0944639968872,0.0938508033752256,0.0938780021666634,within_noise,within_noise,1
net_log30:template_v2_bl1_vec_07:rank13,net_log30,Ascend910B3,20,8.1.RC1+toolkit-7.7.0.1.225,template_v2_bl1_vec_07,17152,480,160,fp32,0,0,searched,calibration_template_probe,20:320:480:160:160:160:16:20:30:1:3:0:10:10:2:1:1:1:1:54:1:1:20,,1,numeric_signed_axes_full_v3,0.0937180042267,0.0938508033753127,0.0938780021667032,within_noise,within_noise,1
net_log30:template_v2_bl1_vec_07:rank14,net_log30,Ascend910B3,20,8.1.RC1+toolkit-7.7.0.1.225,template_v2_bl1_vec_07,17152,480,160,fp32,0,0,searched,calibration_template_probe,20:160:480:160:80:144:16:20:40:1:4:0:10:10:2:2:2:1:1:108:1:1:20,,1,numeric_signed_axes_full_v3,0.09389960289,0.0938508033752077,0.0938780021666639,within_noise,within_noise,1
net_log30:template_v2_bl1_vec_07:rank15,net_log30,Ascend910B3,20,8.1.RC1+toolkit-7.7.0.1.225,template_v2_bl1_vec_07,17152,480,160,fp32,0,0,searched,calibration_template_probe,20:160:480:160:80:480:16:20:10:1:1:1:10:10:2:1:1:1:1:108:1:1:20,,1,numeric_signed_axes_full_v3,0.0938459968567,0.0938508033755672,0.093878002166791,within_noise,within_noise,1
net_log30:template_v2_bl1_vec_07:rank16,net_log30,Ascend910B3,20,8.1.RC1+toolkit-7.7.0.1.225,template_v2_bl1_vec_07,17152,480,160,fp32,0,0,searched,calibration_template_probe,20:320:480:160:160:240:16:20:20:1:2:1:10:10:1:2:1:1:1:54:1:1:20,,1,numeric_signed_axes_full_v3,0.0944396018982,0.0938508033752258,0.093878002166713,within_noise,within_noise,1
net_log30:template_v2_bl1_vec_07:rank17,net_log30,Ascend910B3,20,8.1.RC1+toolkit-7.7.0.1.225,template_v2_bl1_vec_07,17152,480,160,fp32,0,0,searched,calibration_template_probe,20:160:480:160:80:480:16:20:10:1:1:1:10:10:1:2:1:1:1:108:1:1:20,,1,numeric_signed_axes_full_v3,0.0945232009888,0.0937255954742441,0.0938432025908947,within_noise,within_noise,1
net_log30:template_v2_bl1_vec_07:rank18,net_log30,Ascend910B3,20,8.1.RC1+toolkit-7.7.0.1.225,template_v2_bl1_vec_07,17152,480,160,fp32,0,0,searched,calibration_template_probe,20:256:480:160:128:240:16:20:20:1:2:0:10:10:2:2:1:1:1:67:1:1:20,,1,numeric_signed_axes_full_v3,0.0944764041901,0.0937255954742451,0.0938432025908914,within_noise,within_noise,1
net_log30:template_v2_bl1_vec_07:rank19,net_log30,Ascend910B3,20,8.1.RC1+toolkit-7.7.0.1.225,template_v2_bl1_vec_07,17152,480,160,fp32,0,0,searched,calibration_template_probe,20:320:480:160:160:240:32:10:10:1:2:1:5:5:2:2:1:1:1:54:1:1:20,,1,numeric_signed_axes_full_v3,0.0936571979523,0.0937255954742912,0.0938432025906907,within_noise,within_noise,1
net_log30:template_v2_bl1_vec_07:rank20,net_log30,Ascend910B3,20,8.1.RC1+toolkit-7.7.0.1.225,template_v2_bl1_vec_07,17152,480,160,fp32,0,0,searched,calibration_template_probe,20:288:480:160:144:80:32:10:30:1:6:1:5:5:2:2:1:1:1:60:1:1:20,,1,numeric_signed_axes_full_v3,0.0944524002075,0.093725595474233,0.0938432025908547,within_noise,within_noise,1
net_log30:template_v2_bl1_vec_07:rank21,net_log30,Ascend910B3,20,8.1.RC1+toolkit-7.7.0.1.225,template_v2_bl1_vec_07,17152,480,160,fp32,0,0,searched,calibration_template_probe,20:288:480:160:144:256:32:10:10:1:2:1:5:5:1:1:1:1:1:60:1:1:20,,1,numeric_signed_axes_full_v3,0.0936711978912,0.0937255954741536,0.0938432025912676,within_noise,within_noise,1
net_log30:template_v2_bl1_vec_07:rank22,net_log30,Ascend910B3,20,8.1.RC1+toolkit-7.7.0.1.225,template_v2_bl1_vec_07,17152,480,160,fp32,0,0,searched,calibration_template_probe,20:224:480:160:112:144:16:20:40:1:4:0:10:10:2:2:2:1:1:77:1:1:20,,1,numeric_signed_axes_full_v3,0.0945135974884,0.0937255954742089,0.0938432025909287,within_noise,within_noise,1
net_log30:template_v2_bl1_vec_07:rank23,net_log30,Ascend910B3,20,8.1.RC1+toolkit-7.7.0.1.225,template_v2_bl1_vec_07,17152,480,160,fp32,0,0,searched,calibration_template_probe,20:160:480:160:80:480:16:20:10:1:1:0:10:10:2:2:1:1:1:108:1:1:20,,1,numeric_signed_axes_full_v3,0.0937183952332,0.0937255954741166,0.0938432025908276,within_noise,within_noise,1
net_log30:template_v2_bl1_vec_07:rank24,net_log30,Ascend910B3,20,8.1.RC1+toolkit-7.7.0.1.225,template_v2_bl1_vec_07,17152,480,160,fp32,0,0,searched,calibration_template_probe,20:320:480:160:160:80:16:20:60:1:6:0:10:10:2:2:2:1:1:54:1:1:20,,1,numeric_signed_axes_full_v3,0.0944427967072,0.0937255954742404,0.0938432025908734,within_noise,within_noise,1
net_log30:template_v2_bl1_vec_07:rank25,net_log30,Ascend910B3,20,8.1.RC1+toolkit-7.7.0.1.225,template_v2_bl1_vec_07,17152,480,160,fp32,0,0,searched,calibration_template_probe,20:288:480:160:144:16:16:20:300:1:30:0:10:10:1:2:1:1:1:60:1:1:20,,1,numeric_signed_axes_full_v3,0.09443400383,0.0937255954741657,0.0938432025908841,within_noise,within_noise,1
net_log30:template_v2_bl1_vec_07:rank26,net_log30,Ascend910B3,20,8.1.RC1+toolkit-7.7.0.1.225,template_v2_bl1_vec_07,17152,480,160,fp32,0,0,searched,calibration_template_probe,20:320:480:160:160:160:32:10:15:1:3:0:5:5:1:2:1:1:1:54:1:1:20,,1,numeric_signed_axes_full_v3,0.0944388008118,0.0937255954741904,0.0938432025909155,within_noise,within_noise,1
net_log30:template_v2_bl1_vec_07:rank27,net_log30,Ascend910B3,20,8.1.RC1+toolkit-7.7.0.1.225,template_v2_bl1_vec_07,17152,480,160,fp32,0,0,searched,calibration_template_probe,20:288:480:160:144:176:16:20:30:1:3:0:10:10:1:1:1:1:1:60:1:1:20,,1,numeric_signed_axes_full_v3,0.0937195968628,0.0937255954746308,0.0938432025913172,within_noise,within_noise,1
net_log30:template_v2_bl1_vec_07:rank28,net_log30,Ascend910B3,20,8.1.RC1+toolkit-7.7.0.1.225,template_v2_bl1_vec_07,17152,480,160,fp32,0,0,searched,calibration_template_probe,20:288:480:160:144:64:16:20:80:1:8:1:10:10:2:2:2:1:1:60:1:1:20,,1,numeric_signed_axes_full_v3,0.0944439983368,0.0937255954742145,0.0938432025909288,within_noise,within_noise,1
net_log30:template_v2_bl1_vec_07:rank29,net_log30,Ascend910B3,20,8.1.RC1+toolkit-7.7.0.1.225,template_v2_bl1_vec_07,17152,480,160,fp32,0,0,searched,calibration_template_probe,20:192:480:160:96:480:16:20:10:1:1:0:10:10:1:2:1:1:1:90:1:1:20,,1,numeric_signed_axes_full_v3,0.094321603775,0.0937255954742293,0.0938432025909428,within_noise,within_noise,1
net_log30:template_v2_bl1_vec_07:rank30,net_log30,Ascend910B3,20,8.1.RC1+toolkit-7.7.0.1.225,template_v2_bl1_vec_07,17152,480,160,fp32,0,0,searched,calibration_template_probe,20:128:480:160:64:176:16:20:30:1:3:1:10:10:2:2:2:1:1:134:1:1:20,,1,numeric_signed_axes_full_v3,0.0945048046112,0.0937255954742192,0.0938432025908978,within_noise,within_noise,1
net_log30:template_v2_bl1_vec_07:rank31,net_log30,Ascend910B3,20,8.1.RC1+toolkit-7.7.0.1.225,template_v2_bl1_vec_07,17152,480,160,fp32,0,0,searched,calibration_template_probe,20:224:480:160:112:112:32:10:25:1:5:1:5:5:2:2:2:1:1:77:1:1:20,,1,numeric_signed_axes_full_v3,0.0936456012726,0.0937255954737716,0.0938432025908283,within_noise,within_noise,1
net_log30:template_v2_bl1_vec_07:rank32,net_log30,Ascend910B3,20,8.1.RC1+toolkit-7.7.0.1.225,template_v2_bl1_vec_07,17152,480,160,fp32,0,0,searched,calibration_template_probe,20:256:480:160:128:128:16:20:40:1:4:1:10:10:2:2:2:1:1:67:1:1:20,,1,numeric_signed_axes_full_v3,0.0938327980042,0.0937255954742211,0.0938432025911387,within_noise,within_noise,1
net_log30:template_v2_bl1_vec_07:rank33,net_log30,Ascend910B3,20,8.1.RC1+toolkit-7.7.0.1.225,template_v2_bl1_vec_07,17152,480,160,fp32,0,0,searched,calibration_template_probe,20:320:480:160:160:48:32:10:50:1:10:0:5:5:2:2:1:1:1:54:1:1:20,,1,numeric_signed_axes_full_v3,0.0938096046448,0.0942667961124311,0.0944392013550871,within_noise,within_noise,1
net_log30:template_v2_bl1_vec_07:rank34,net_log30,Ascend910B3,20,8.1.RC1+toolkit-7.7.0.1.225,template_v2_bl1_vec_07,17152,480,160,fp32,0,0,searched,calibration_template_probe,20:192:480:160:96:304:16:20:20:1:2:0:10:10:1:1:1:1:1:90:1:1:20,,1,numeric_signed_axes_full_v3,0.0938871955872,0.0942667961118459,0.0944392013549993,within_noise,within_noise,1
net_log30:template_v2_bl1_vec_07:rank35,net_log30,Ascend910B3,20,8.1.RC1+toolkit-7.7.0.1.225,template_v2_bl1_vec_07,17152,480,160,fp32,0,0,searched,calibration_template_probe,20:288:480:160:144:80:32:10:30:1:6:0:5:5:2:1:1:1:1:60:1:1:20,,1,numeric_signed_axes_full_v3,0.0937055969238,0.0942667961117477,0.0944392013550237,within_noise,within_noise,1
net_log30:template_v2_bl1_vec_07:rank36,net_log30,Ascend910B3,20,8.1.RC1+toolkit-7.7.0.1.225,template_v2_bl1_vec_07,17152,480,160,fp32,0,0,searched,calibration_template_probe,20:192:480:160:96:304:16:20:20:1:2:0:10:10:2:2:1:1:1:90:1:1:20,,1,numeric_signed_axes_full_v3,0.0938508033752,0.094266796112329,0.094439201354856,within_noise,within_noise,1
net_log30:template_v2_bl1_vec_07:rank37,net_log30,Ascend910B3,20,8.1.RC1+toolkit-7.7.0.1.225,template_v2_bl1_vec_07,17152,480,160,fp32,0,0,searched,calibration_template_probe,20:288:480:160:144:16:32:10:150:1:30:1:5:5:2:1:1:1:1:60:1:1:20,,1,numeric_signed_axes_full_v3,0.0937695980072,0.0942667961118337,0.0944392013551385,within_noise,within_noise,1
net_log30:template_v2_bl1_vec_07:rank38,net_log30,Ascend910B3,20,8.1.RC1+toolkit-7.7.0.1.225,template_v2_bl1_vec_07,17152,480,160,fp32,0,0,searched,calibration_template_probe,20:256:480:160:128:80:16:20:60:1:6:1:10:10:2:2:2:1:1:67:1:1:20,,1,numeric_signed_axes_full_v3,0.0944659996033,0.0942667961120989,0.0944392013549576,within_noise,within_noise,1
net_log30:template_v2_bl1_vec_07:rank39,net_log30,Ascend910B3,20,8.1.RC1+toolkit-7.7.0.1.225,template_v2_bl1_vec_07,17152,480,160,fp32,0,0,searched,calibration_template_probe,20:320:480:160:160:96:16:20:50:1:5:1:10:10:2:2:2:1:1:54:1:1:20,,1,numeric_signed_axes_full_v3,0.0937195968628,0.0942667961121943,0.0944392013545764,within_noise,within_noise,1
net_log30:template_v2_bl1_vec_07:rank40,net_log30,Ascend910B3,20,8.1.RC1+toolkit-7.7.0.1.225,template_v2_bl1_vec_07,17152,480,160,fp32,0,0,searched,calibration_template_probe,20:224:480:160:112:112:16:20:50:1:5:0:10:10:2:2:2:1:1:77:1:1:20,,1,numeric_signed_axes_full_v3,0.0938448047638,0.0942667961117898,0.0944392013549789,within_noise,within_noise,1
net_log30:template_v2_bl1_vec_07:rank41,net_log30,Ascend910B3,20,8.1.RC1+toolkit-7.7.0.1.225,template_v2_bl1_vec_07,17152,480,160,fp32,0,0,searched,calibration_template_probe,20:320:480:160:160:16:32:10:150:1:30:0:5:5:2:2:2:1:1:54:1:1:20,,1,numeric_signed_axes_full_v3,0.0944563961029,0.0937959957123436,0.0944392013550098,within_noise,within_noise,1
net_log30:template_v2_bl1_vec_07:rank42,net_log30,Ascend910B3,20,8.1.RC1+toolkit-7.7.0.1.225,template_v2_bl1_vec_07,17152,480,160,fp32,0,0,searched,calibration_template_probe,20:192:480:160:96:128:16:20:40:1:4:1:10:10:2:2:2:1:1:90:1:1:20,,1,numeric_signed_axes_full_v3,0.0938411998749,0.0937959957123378,0.0944392013548932,within_noise,within_noise,1
net_log30:template_v2_bl1_vec_07:rank43,net_log30,Ascend910B3,20,8.1.RC1+toolkit-7.7.0.1.225,template_v2_bl1_vec_07,17152,480,160,fp32,0,0,searched,calibration_template_probe,20:320:480:160:160:16:16:20:300:1:30:0:10:10:2:2:2:1:1:54:1:1:20,,1,numeric_signed_axes_full_v3,0.0943260002136,0.093795995712329,0.0944392013548735,within_noise,within_noise,1
net_log30:template_v2_bl1_vec_07:rank44,net_log30,Ascend910B3,20,8.1.RC1+toolkit-7.7.0.1.225,template_v2_bl1_vec_07,17152,480,160,fp32,0,0,searched,calibration_template_probe,20:320:480:160:160:240:16:20:20:1:2:0:10:10:2:1:1:1:1:54:1:1:20,,1,numeric_signed_axes_full_v3,0.0945016002655,0.0937959957123257,0.0944392013549781,within_noise,within_noise,1
net_log30:template_v2_bl1_vec_07:rank45,net_log30,Ascend910B3,20,8.1.RC1+toolkit-7.7.0.1.225,template_v2_bl1_vec_07,17152,480,160,fp32,0,0,searched,calibration_template_probe,20:288:480:160:144:16:32:10:150:1:30:0:5:5:2:2:1:1:1:60:1:1:20,,1,numeric_signed_axes_full_v3,0.0936427974701,0.0937959957120848,0.0944392013547611,within_noise,within_noise,1
net_log30:template_v2_bl1_vec_07:rank46,net_log30,Ascend910B3,20,8.1.RC1+toolkit-7.7.0.1.225,template_v2_bl1_vec_07,17152,480,160,fp32,0,0,searched,calibration_template_probe,20:288:480:160:144:176:32:10:15:1:3:0:5:5:1:2:1:1:1:60:1:1:20,,1,numeric_signed_axes_full_v3,0.0944456005096,0.0937959957122531,0.0944392013550209,within_noise,within_noise,1
net_log30:template_v2_bl1_vec_07:rank47,net_log30,Ascend910B3,20,8.1.RC1+toolkit-7.7.0.1.225,template_v2_bl1_vec_07,17152,480,160,fp32,0,0,searched,calibration_template_probe,20:224:480:160:112:256:16:20:20:1:2:0:10:10:1:1:1:1:1:77:1:1:20,,1,numeric_signed_axes_full_v3,0.0937520027161,0.0937959957121217,0.0944392013549959,within_noise,within_noise,1
net_log30:template_v2_bl1_vec_07:rank48,net_log30,Ascend910B3,20,8.1.RC1+toolkit-7.7.0.1.225,template_v2_bl1_vec_07,17152,480,160,fp32,0,0,searched,calibration_template_probe,20:192:480:160:96:480:16:20:10:1:1:1:10:10:1:1:1:1:1:90:1:1:20,,1,numeric_signed_axes_full_v3,0.0938724040985,0.0937959957123296,0.0944392013553774,within_noise,within_noise,1
net_log30:template_v2_bl1_vec_07:rank49,net_log30,Ascend910B3,20,8.1.RC1+toolkit-7.7.0.1.225,template_v2_bl1_vec_07,17152,480,160,fp32,0,0,searched,calibration_template_probe,20:288:480:160:144:96:16:20:50:1:5:1:10:10:2:2:2:1:1:60:1:1:20,,1,numeric_signed_axes_full_v3,0.0943035984039,0.0937812042236131,0.093849601745569,within_noise,within_noise,1
net_log30:template_v2_bl1_vec_07:rank50,net_log30,Ascend910B3,20,8.1.RC1+toolkit-7.7.0.1.225,template_v2_bl1_vec_07,17152,480,160,fp32,0,0,searched,calibration_template_probe,20:160:480:160:80:160:16:20:30:1:3:0:10:10:2:2:2:1:1:108:1:1:20,,1,numeric_signed_axes_full_v3,0.0938239955902,0.0937812042236039,0.0938496017451603,within_noise,within_noise,1
net_log30:template_v2_bl1_vec_07:rank51,net_log30,Ascend910B3,20,8.1.RC1+toolkit-7.7.0.1.225,template_v2_bl1_vec_07,17152,480,160,fp32,0,0,searched,calibration_template_probe,20:288:480:160:144:80:16:20:60:1:6:0:10:10:2:2:2:1:1:60:1:1:20,,1,numeric_signed_axes_full_v3,0.0937335968018,0.0937812042240307,0.0938496017458466,within_noise,within_noise,1
net_log30:template_v2_bl1_vec_07:rank52,net_log30,Ascend910B3,20,8.1.RC1+toolkit-7.7.0.1.225,template_v2_bl1_vec_07,17152,480,160,fp32,0,0,searched,calibration_template_probe,20:320:480:160:160:240:32:10:10:1:2:1:5:5:1:1:1:1:1:54:1:1:20,,1,numeric_signed_axes_full_v3,0.0944491958618,0.0937812042235658,0.0938496017455678,within_noise,within_noise,1
net_log30:template_v2_bl1_vec_07:rank53,net_log30,Ascend910B3,20,8.1.RC1+toolkit-7.7.0.1.225,template_v2_bl1_vec_07,17152,480,160,fp32,0,0,searched,calibration_template_probe,20:320:480:160:160:16:32:10:150:1:30:1:5:5:2:1:1:1:1:54:1:1:20,,1,numeric_signed_axes_full_v3,0.0937063980103,0.0937812042232726,0.0938496017460488,within_noise,within_noise,1
net_log30:template_v2_bl1_vec_07:rank54,net_log30,Ascend910B3,20,8.1.RC1+toolkit-7.7.0.1.225,template_v2_bl1_vec_07,17152,480,160,fp32,0,0,searched,calibration_template_probe,20:288:480:160:144:96:32:10:25:1:5:1:5:5:2:2:2:1:1:60:1:1:20,,1,numeric_signed_axes_full_v3,0.0944019985199,0.0937812042236422,0.0938496017456199,within_noise,within_noise,1
net_log30:template_v2_bl1_vec_07:rank55,net_log30,Ascend910B3,20,8.1.RC1+toolkit-7.7.0.1.225,template_v2_bl1_vec_07,17152,480,160,fp32,0,0,searched,calibration_template_probe,20:192:480:160:96:144:16:20:40:1:4:1:10:10:2:2:2:1:1:90:1:1:20,,1,numeric_signed_axes_full_v3,0.0938432025909,0.0937812042236337,0.0938496017457466,within_noise,within_noise,1
net_log30:template_v2_bl1_vec_07:rank56,net_log30,Ascend910B3,20,8.1.RC1+toolkit-7.7.0.1.225,template_v2_bl1_vec_07,17152,480,160,fp32,0,0,searched,calibration_template_probe,20:288:480:160:144:16:32:10:150:1:30:1:5:5:2:2:2:1:1:60:1:1:20,,1,numeric_signed_axes_full_v3,0.0944396018982,0.0937812042236093,0.0938496017455636,within_noise,within_noise,1
net_log30:template_v2_bl1_vec_07:rank57,net_log30,Ascend910B3,20,8.1.RC1+toolkit-7.7.0.1.225,template_v2_bl1_vec_07,17152,480,160,fp32,0,0,searched,calibration_template_probe,20:128:480:160:64:192:16:20:30:1:3:0:10:10:2:2:2:1:1:134:1:1:20,,1,numeric_signed_axes_full_v3,0.0944571971893,0.0937812042236156,0.0937440013885354,within_noise,within_noise,1
net_log30:template_v2_bl1_vec_07:rank58,net_log30,Ascend910B3,20,8.1.RC1+toolkit-7.7.0.1.225,template_v2_bl1_vec_07,17152,480,160,fp32,0,0,searched,calibration_template_probe,20:288:480:160:144:64:16:20:80:1:8:0:10:10:1:2:1:1:1:60:1:1:20,,1,numeric_signed_axes_full_v3,0.0945388031006,0.0937812042235593,0.0937440013885433,within_noise,within_noise,1
net_log30:template_v2_bl1_vec_07:rank59,net_log30,Ascend910B3,20,8.1.RC1+toolkit-7.7.0.1.225,template_v2_bl1_vec_07,17152,480,160,fp32,0,0,searched,calibration_template_probe,20:192:480:160:96:304:16:20:20:1:2:1:10:10:1:2:1:1:1:90:1:1:20,,1,numeric_signed_axes_full_v3,0.0937100028992,0.0937812042232673,0.0937440013886632,within_noise,within_noise,1
net_log30:template_v2_bl1_vec_07:rank60,net_log30,Ascend910B3,20,8.1.RC1+toolkit-7.7.0.1.225,template_v2_bl1_vec_07,17152,480,160,fp32,0,0,searched,calibration_template_probe,20:288:480:160:144:80:16:20:60:1:6:1:10:10:1:2:1:1:1:60:1:1:20,,1,numeric_signed_axes_full_v3,0.0939480018616,0.0937812042236306,0.0937440013885399,within_noise,within_noise,1
net_log30:template_v2_bl1_vec_07:rank61,net_log30,Ascend910B3,20,8.1.RC1+toolkit-7.7.0.1.225,template_v2_bl1_vec_07,17152,480,160,fp32,0,0,searched,calibration_template_probe,20:128:480:160:128:192:16:10:30:1:3:0:10:10:2:2:1:1:1:0:0:0:2020,,1,numeric_signed_axes_full_v3,0.0937232017517,0.0937812042239447,0.0937440013885283,within_noise,within_noise,1
net_log30:template_v2_bl1_vec_07:rank62,net_log30,Ascend910B3,20,8.1.RC1+toolkit-7.7.0.1.225,template_v2_bl1_vec_07,17152,480,160,fp32,0,0,searched,calibration_template_probe,20:256:480:160:256:96:32:5:25:1:5:0:5:5:2:2:1:1:1:0:0:0:2020,,1,numeric_signed_axes_full_v3,0.0944911956787,0.0937812042235843,0.0937440013885175,within_noise,within_noise,1
net_log30:template_v2_bl1_vec_07:rank63,net_log30,Ascend910B3,20,8.1.RC1+toolkit-7.7.0.1.225,template_v2_bl1_vec_07,17152,480,160,fp32,0,0,searched,calibration_template_probe,20:256:480:160:256:32:16:10:150:1:15:0:10:10:2:2:1:1:1:0:0:0:2020,,1,numeric_signed_axes_full_v3,0.0936820030212,0.0937812042235468,0.0937440013885768,within_noise,within_noise,1
net_log30:template_v2_bl1_vec_07:rank64,net_log30,Ascend910B3,20,8.1.RC1+toolkit-7.7.0.1.225,template_v2_bl1_vec_07,17152,480,160,fp32,0,0,searched,calibration_template_probe,20:192:480:160:192:112:32:5:25:1:5:0:5:5:2:2:1:1:1:0:0:0:2020,,1,numeric_signed_axes_full_v3,0.0945079994202,0.09378120422356,0.0937440013885045,within_noise,within_noise,1
net_log30:template_v2_bl1_vec_07:rank65,net_log30,Ascend910B3,20,8.1.RC1+toolkit-7.7.0.1.225,template_v2_bl1_vec_07,17152,480,160,fp32,0,0,searched,calibration_template_probe,20:128:480:160:128:64:16:20:80:1:8:0:10:10:2:2:1:1:1:0:0:0:2020,,1,numeric_signed_axes_full_v3,0.093799200058,0.0944684028624585,0.0937440013884925,within_noise,within_noise,1
net_log30:template_v2_bl1_vec_07:rank66,net_log30,Ascend910B3,20,8.1.RC1+toolkit-7.7.0.1.225,template_v2_bl1_vec_07,17152,480,160,fp32,0,0,searched,calibration_template_probe,20:128:480:160:128:256:16:20:20:1:2:0:10:10:2:2:1:1:1:0:0:0:2020,,1,numeric_signed_axes_full_v3,0.0938004016876,0.0944684028625232,0.0937440013885455,within_noise,within_noise,1
net_log30:template_v2_bl1_vec_07:rank67,net_log30,Ascend910B3,20,8.1.RC1+toolkit-7.7.0.1.225,template_v2_bl1_vec_07,17152,480,160,fp32,0,0,searched,calibration_template_probe,20:128:480:160:128:256:16:10:20:1:2:0:10:10:2:2:1:1:1:0:0:0:2020,,1,numeric_signed_axes_full_v3,0.0938311958313,0.0944684028629044,0.0937440013884814,within_noise,within_noise,1
net_log30:template_v2_bl1_vec_07:rank68,net_log30,Ascend910B3,20,8.1.RC1+toolkit-7.7.0.1.225,template_v2_bl1_vec_07,17152,480,160,fp32,0,0,searched,calibration_template_probe,20:192:480:160:192:32:32:5:75:1:15:0:5:5:2:2:1:1:1:0:0:0:2020,,1,numeric_signed_axes_full_v3,0.0937483978271,0.0944684028621158,0.0937440013884545,within_noise,within_noise,1
net_log30:template_v2_bl1_vec_07:rank69,net_log30,Ascend910B3,20,8.1.RC1+toolkit-7.7.0.1.225,template_v2_bl1_vec_07,17152,480,160,fp32,0,0,searched,calibration_template_probe,20:192:480:160:192:160:32:5:15:1:3:0:5:5:2:2:1:1:1:0:0:0:2020,,1,numeric_signed_axes_full_v3,0.0945172023773,0.0944684028625391,0.0937440013885318,within_noise,within_noise,1
net_log30:template_v2_bl1_vec_07:rank70,net_log30,Ascend910B3,20,8.1.RC1+toolkit-7.7.0.1.225,template_v2_bl1_vec_07,17152,480,160,fp32,0,0,searched,calibration_template_probe,20:256:480:160:256:128:16:10:40:1:4:0:10:10:2:2:1:1:1:0:0:0:2020,,1,numeric_signed_axes_full_v3,0.0944248008728,0.0944684028626024,0.0937440013884921,within_noise,within_noise,1
net_log30:template_v2_bl1_vec_07:rank71,net_log30,Ascend910B3,20,8.1.RC1+toolkit-7.7.0.1.225,template_v2_bl1_vec_07,17152,480,160,fp32,0,0,searched,calibration_template_probe,20:256:480:160:256:32:32:5:75:1:15:0:5:5:2:2:1:1:1:0:0:0:2020,,1,numeric_signed_axes_full_v3,0.0938543987274,0.0944684028628815,0.0937440013884831,within_noise,within_noise,1
net_log30:template_v2_bl1_vec_07:rank72,net_log30,Ascend910B3,20,8.1.RC1+toolkit-7.7.0.1.225,template_v2_bl1_vec_07,17152,480,160,fp32,0,0,searched,calibration_template_probe,20:256:480:160:256:64:32:5:40:1:8:0:5:5:2:2:1:1:1:0:0:0:2020,,1,numeric_signed_axes_full_v3,0.0937535953522,0.094468402862757,0.0937440013885315,within_noise,within_noise,1
net_log30:template_v2_bl1_vec_07:rank73,net_log30,Ascend910B3,20,8.1.RC1+toolkit-7.7.0.1.225,template_v2_bl1_vec_07,17152,480,160,fp32,0,0,searched,calibration_template_probe,20:256:480:160:256:96:16:10:50:1:5:0:10:10:2:2:1:1:1:0:0:0:2020,,1,numeric_signed_axes_full_v3,0.094479598999,0.0944124031067361,0.0937784004211277,within_noise,within_noise,1
net_log30:template_v2_bl1_vec_07:rank74,net_log30,Ascend910B3,20,8.1.RC1+toolkit-7.7.0.1.225,template_v2_bl1_vec_07,17152,480,160,fp32,0,0,searched,calibration_template_probe,20:192:480:160:192:80:32:5:30:1:6:0:5:5:2:2:1:1:1:0:0:0:2020,,1,numeric_signed_axes_full_v3,0.0937364006042,0.0944124031070251,0.0937784004208134,within_noise,within_noise,1
net_log30:template_v2_bl1_vec_07:rank75,net_log30,Ascend910B3,20,8.1.RC1+toolkit-7.7.0.1.225,template_v2_bl1_vec_07,17152,480,160,fp32,0,0,searched,calibration_template_probe,20:128:480:160:128:128:16:20:40:1:4:0:10:10:2:2:1:1:1:0:0:0:2020,,1,numeric_signed_axes_full_v3,0.0937763977051,0.0944124031066785,0.0937784004210445,within_noise,within_noise,1
net_log30:template_v2_bl1_vec_08:rank1,net_log30,Ascend910B3,20,8.1.RC1+toolkit-7.7.0.1.225,template_v2_bl1_vec_08,17408,464,176,fp32,0,1,searched,calibration_template_probe,20:160:464:176:80:16:16:22:319:1:29:1:11:11:1:1:1:1:1:109:1:1:20,,1,numeric_signed_axes_full_v3,0.135225200653,0.135152797698994,0.135202798843018,within_noise,within_noise,1
net_log30:template_v2_bl1_vec_08:rank2,net_log30,Ascend910B3,20,8.1.RC1+toolkit-7.7.0.1.225,template_v2_bl1_vec_08,17408,464,176,fp32,0,1,searched,calibration_template_probe,20:128:464:176:64:240:8:44:44:1:2:0:22:22:2:2:2:1:1:136:1:1:20,,1,numeric_signed_axes_full_v3,0.135830802917,0.135152797699037,0.135202798843021,within_noise,within_noise,1
net_log30:template_v2_bl1_vec_08:rank3,net_log30,Ascend910B3,20,8.1.RC1+toolkit-7.7.0.1.225,template_v2_bl1_vec_08,17408,464,176,fp32,0,1,searched,calibration_template_probe,20:224:464:176:112:80:88:4:12:1:6:1:2:2:1:2:1:1:1:78:1:1:20,,1,numeric_signed_axes_full_v3,0.135185604095,0.135152797698981,0.135202798842709,within_noise,within_noise,1
net_log30:template_v2_bl1_vec_08:rank4,net_log30,Ascend910B3,20,8.1.RC1+toolkit-7.7.0.1.225,template_v2_bl1_vec_08,17408,464,176,fp32,0,1,searched,calibration_template_probe,20:224:464:176:112:48:16:22:110:1:10:1:11:11:2:2:2:1:1:78:1:1:20,,1,numeric_signed_axes_full_v3,0.135710000992,0.135152797698969,0.135202798843051,within_noise,within_noise,1
net_log30:template_v2_bl1_vec_08:rank5,net_log30,Ascend910B3,20,8.1.RC1+toolkit-7.7.0.1.225,template_v2_bl1_vec_08,17408,464,176,fp32,0,1,searched,calibration_template_probe,20:256:464:176:128:464:8:44:22:1:1:0:22:22:2:1:1:1:1:68:1:1:20,,1,numeric_signed_axes_full_v3,0.135229196548,0.135152797698986,0.135202798843027,within_noise,within_noise,1
net_log30:template_v2_bl1_vec_08:rank6,net_log30,Ascend910B3,20,8.1.RC1+toolkit-7.7.0.1.225,template_v2_bl1_vec_08,17408,464,176,fp32,0,1,searched,calibration_template_probe,20:224:464:176:112:16:8:44:638:1:29:0:22:22:2:2:1:1:1:78:1:1:20,,1,numeric_signed_axes_full_v3,0.135710802078,0.13515279769899,0.135202798843054,within_noise,within_noise,1
net_log30:template_v2_bl1_vec_08:rank7,net_log30,Ascend910B3,20,8.1.RC1+toolkit-7.7.0.1.225,template_v2_bl1_vec_08,17408,464,176,fp32,0,1,searched,calibration_template_probe,20:224:464:176:112:16:88:4:58:1:29:0:2:2:1:1:1:1:1:78:1:1:20,,1,numeric_signed_axes_full_v3,0.135746002197,0.135152797699049,0.135202798843034,within_noise,within_noise,1
net_log30:template_v2_bl1_vec_08:rank8,net_log30,Ascend910B3,20,8.1.RC1+toolkit-7.7.0.1.225,template_v2_bl1_vec_08,17408,464,176,fp32,0,1,searched,calibration_template_probe,20:160:464:176:80:464:8:44:22:1:1:1:22:22:2:1:1:1:1:109:1:1:20,,1,numeric_signed_axes_full_v3,0.1352023983,0.135152797698982,0.135202798842513,within_noise,within_noise,1
net_log30:template_v2_bl1_vec_08:rank9,net_log30,Ascend910B3,20,8.1.RC1+toolkit-7.7.0.1.225,template_v2_bl1_vec_08,17408,464,176,fp32,0,1,searched,calibration_template_probe,20:128:464:176:64:304:16:22:22:1:2:0:11:11:2:2:1:1:1:136:1:1:20,,1,numeric_signed_axes_full_v3,0.135287599564,0.135152797699004,0.135199604034065,within_noise,within_noise,1
net_log30:template_v2_bl1_vec_08:rank10,net_log30,Ascend910B3,20,8.1.RC1+toolkit-7.7.0.1.225,template_v2_bl1_vec_08,17408,464,176,fp32,0,1,searched,calibration_template_probe,20:192:464:176:96:160:24:16:24:1:3:1:8:8:2:2:2:1:1:91:1:1:20,,1,numeric_signed_axes_full_v3,0.135666799545,0.135152797698965,0.135199604034049,within_noise,within_noise,1
net_log30:template_v2_bl1_vec_08:rank11,net_log30,Ascend910B3,20,8.1.RC1+toolkit-7.7.0.1.225,template_v2_bl1_vec_08,17408,464,176,fp32,0,1,searched,calibration_template_probe,20:128:464:176:64:16:16:22:319:1:29:0:11:11:2:1:1:1:1:136:1:1:20,,1,numeric_signed_axes_full_v3,0.135131597519,0.135152797699135,0.1351996040346,within_noise,within_noise,1
net_log30:template_v2_bl1_vec_08:rank12,net_log30,Ascend910B3,20,8.1.RC1+toolkit-7.7.0.1.225,template_v2_bl1_vec_08,17408,464,176,fp32,0,1,searched,calibration_template_probe,20:96:464:176:48:464:16:22:11:1:1:1:11:11:1:2:1:1:1:182:1:1:20,,1,numeric_signed_axes_full_v3,0.135735998154,0.135152797699042,0.135199604033971,within_noise,within_noise,1
net_log30:template_v2_bl1_vec_08:rank13,net_log30,Ascend910B3,20,8.1.RC1+toolkit-7.7.0.1.225,template_v2_bl1_vec_08,17408,464,176,fp32,0,1,searched,calibration_template_probe,20:192:464:176:96:240:16:22:22:1:2:1:11:11:1:2:1:1:1:91:1:1:20,,1,numeric_signed_axes_full_v3,0.135218000412,0.135152797699,0.135199604034009,within_noise,within_noise,1
net_log30:template_v2_bl1_vec_08:rank14,net_log30,Ascend910B3,20,8.1.RC1+toolkit-7.7.0.1.225,template_v2_bl1_vec_08,17408,464,176,fp32,0,1,searched,calibration_template_probe,20:224:464:176:112:464:16:22:11:1:1:0:11:11:1:2:1:1:1:78:1:1:20,,1,numeric_signed_axes_full_v3,0.135242004395,0.135152797699002,0.135199604033966,within_noise,within_noise,1
net_log30:template_v2_bl1_vec_08:rank15,net_log30,Ascend910B3,20,8.1.RC1+toolkit-7.7.0.1.225,template_v2_bl1_vec_08,17408,464,176,fp32,0,1,searched,calibration_template_probe,20:160:464:176:80:464:24:16:8:1:1:1:8:8:1:1:1:1:1:109:1:1:20,,1,numeric_signed_axes_full_v3,0.135713996887,0.135152797699004,0.135199604033977,within_noise,within_noise,1
net_log30:template_v2_bl1_vec_08:rank16,net_log30,Ascend910B3,20,8.1.RC1+toolkit-7.7.0.1.225,template_v2_bl1_vec_08,17408,464,176,fp32,0,1,searched,calibration_template_probe,20:224:464:176:112:160:8:44:66:1:3:0:22:22:1:1:1:1:1:78:1:1:20,,1,numeric_signed_axes_full_v3,0.135072402954,0.135152797698401,0.135199604034283,within_noise,within_noise,1
net_log30:template_v2_bl1_vec_08:rank17,net_log30,Ascend910B3,20,8.1.RC1+toolkit-7.7.0.1.225,template_v2_bl1_vec_08,17408,464,176,fp32,0,1,searched,calibration_template_probe,20:224:464:176:112:80:16:22:66:1:6:0:11:11:2:2:2:1:1:78:1:1:20,,1,numeric_signed_axes_full_v3,0.135138397217,0.135734395980736,0.13519960403365,within_noise,within_noise,1
net_log30:template_v2_bl1_vec_08:rank18,net_log30,Ascend910B3,20,8.1.RC1+toolkit-7.7.0.1.225,template_v2_bl1_vec_08,17408,464,176,fp32,0,1,searched,calibration_template_probe,20:160:464:176:80:32:8:44:330:1:15:0:22:22:2:2:2:1:1:109:1:1:20,,1,numeric_signed_axes_full_v3,0.135682001114,0.135734395980573,0.135199604034001,within_noise,within_noise,1
net_log30:template_v2_bl1_vec_08:rank19,net_log30,Ascend910B3,20,8.1.RC1+toolkit-7.7.0.1.225,template_v2_bl1_vec_08,17408,464,176,fp32,0,1,searched,calibration_template_probe,20:160:464:176:80:16:8:44:638:1:29:1:22:22:2:2:1:1:1:109:1:1:20,,1,numeric_signed_axes_full_v3,0.135266799927,0.135734395980938,0.135199604033974,within_noise,within_noise,1
net_log30:template_v2_bl1_vec_08:rank20,net_log30,Ascend910B3,20,8.1.RC1+toolkit-7.7.0.1.225,template_v2_bl1_vec_08,17408,464,176,fp32,0,1,searched,calibration_template_probe,20:96:464:176:48:464:16:22:11:1:1:0:11:11:2:2:1:1:1:182:1:1:20,,1,numeric_signed_axes_full_v3,0.135679597855,0.135734395980377,0.135199604033939,within_noise,within_noise,1
net_log30:template_v2_bl1_vec_08:rank21,net_log30,Ascend910B3,20,8.1.RC1+toolkit-7.7.0.1.225,template_v2_bl1_vec_08,17408,464,176,fp32,0,1,searched,calibration_template_probe,20:128:464:176:64:464:8:44:22:1:1:1:22:22:2:2:1:1:1:136:1:1:20,,1,numeric_signed_axes_full_v3,0.135220003128,0.135734395981268,0.135199604033991,within_noise,within_noise,1
net_log30:template_v2_bl1_vec_08:rank22,net_log30,Ascend910B3,20,8.1.RC1+toolkit-7.7.0.1.225,template_v2_bl1_vec_08,17408,464,176,fp32,0,1,searched,calibration_template_probe,20:128:464:176:64:464:16:22:11:1:1:0:11:11:1:1:1:1:1:136:1:1:20,,1,numeric_signed_axes_full_v3,0.135173997879,0.135734395980851,0.135199604034054,within_noise,within_noise,1
net_log30:template_v2_bl1_vec_08:rank23,net_log30,Ascend910B3,20,8.1.RC1+toolkit-7.7.0.1.225,template_v2_bl1_vec_08,17408,464,176,fp32,0,1,searched,calibration_template_probe,20:128:464:176:64:16:16:22:319:1:29:1:11:11:2:2:2:1:1:136:1:1:20,,1,numeric_signed_axes_full_v3,0.135275201797,0.13573439598156,0.13519960403399,within_noise,within_noise,1
net_log30:template_v2_bl1_vec_08:rank24,net_log30,Ascend910B3,20,8.1.RC1+toolkit-7.7.0.1.225,template_v2_bl1_vec_08,17408,464,176,fp32,0,1,searched,calibration_template_probe,20:256:464:176:128:80:16:22:66:1:6:1:11:11:2:2:2:1:1:68:1:1:20,,1,numeric_signed_axes_full_v3,0.135239601135,0.135734395980441,0.135199604034054,within_noise,within_noise,1
net_log30:template_v2_bl1_vec_08:rank25,net_log30,Ascend910B3,20,8.1.RC1+toolkit-7.7.0.1.225,template_v2_bl1_vec_08,17408,464,176,fp32,0,1,searched,calibration_template_probe,20:128:464:176:64:112:8:44:110:1:5:1:22:22:2:2:2:1:1:136:1:1:20,,1,numeric_signed_axes_full_v3,0.135212802887,0.135762395859103,0.135045204163033,within_noise,within_noise,1
net_log30:template_v2_bl1_vec_08:rank26,net_log30,Ascend910B3,20,8.1.RC1+toolkit-7.7.0.1.225,template_v2_bl1_vec_08,17408,464,176,fp32,0,1,searched,calibration_template_probe,20:192:464:176:96:272:16:22:22:1:2:0:11:11:1:2:1:1:1:91:1:1:20,,1,numeric_signed_axes_full_v3,0.135037603378,0.135762395859646,0.13504520416261,within_noise,within_noise,1
net_log30:template_v2_bl1_vec_08:rank27,net_log30,Ascend910B3,20,8.1.RC1+toolkit-7.7.0.1.225,template_v2_bl1_vec_08,17408,464,176,fp32,0,1,searched,calibration_template_probe,20:192:464:176:96:272:16:22:22:1:2:1:11:11:1:1:1:1:1:91:1:1:20,,1,numeric_signed_axes_full_v3,0.135830802917,0.135762395858971,0.135045204162996,within_noise,within_noise,1
net_log30:template_v2_bl1_vec_08:rank28,net_log30,Ascend910B3,20,8.1.RC1+toolkit-7.7.0.1.225,template_v2_bl1_vec_08,17408,464,176,fp32,0,1,searched,calibration_template_probe,20:192:464:176:96:464:8:44:22:1:1:0:22:22:2:2:1:1:1:91:1:1:20,,1,numeric_signed_axes_full_v3,0.135368404388,0.135762395858979,0.135045204163058,within_noise,within_noise,1
net_log30:template_v2_bl1_vec_08:rank29,net_log30,Ascend910B3,20,8.1.RC1+toolkit-7.7.0.1.225,template_v2_bl1_vec_08,17408,464,176,fp32,0,1,searched,calibration_template_probe,20:256:464:176:128:16:8:44:638:1:29:1:22:22:1:1:1:1:1:68:1:1:20,,1,numeric_signed_axes_full_v3,0.135863599777,0.135762395858933,0.135045204162936,within_noise,within_noise,1
net_log30:template_v2_bl1_vec_08:rank30,net_log30,Ascend910B3,20,8.1.RC1+toolkit-7.7.0.1.225,template_v2_bl1_vec_08,17408,464,176,fp32,0,1,searched,calibration_template_probe,20:256:464:176:128:32:8:44:330:1:15:0:22:22:2:2:2:1:1:68:1:1:20,,1,numeric_signed_axes_full_v3,0.135067195892,0.135762395859539,0.135045204162966,within_noise,within_noise,1
net_log30:template_v2_bl1_vec_08:rank31,net_log30,Ascend910B3,20,8.1.RC1+toolkit-7.7.0.1.225,template_v2_bl1_vec_08,17408,464,176,fp32,0,1,searched,calibration_template_probe,20:256:464:176:128:16:88:4:58:1:29:1:2:2:1:2:1:1:1:68:1:1:20,,1,numeric_signed_axes_full_v3,0.135303201675,0.135762395859226,0.135045204162943,within_noise,within_noise,1
net_log30:template_v2_bl1_vec_08:rank32,net_log30,Ascend910B3,20,8.1.RC1+toolkit-7.7.0.1.225,template_v2_bl1_vec_08,17408,464,176,fp32,0,1,searched,calibration_template_probe,20:224:464:176:112:464:16:22:11:1:1:0:11:11:1:1:1:1:1:78:1:1:20,,1,numeric_signed_axes_full_v3,0.135278396606,0.135762395859,0.135045204163036,within_noise,within_noise,1
net_log30:template_v2_bl1_vec_08:rank33,net_log30,Ascend910B3,20,8.1.RC1+toolkit-7.7.0.1.225,template_v2_bl1_vec_08,17408,464,176,fp32,0,1,searched,calibration_template_probe,20:256:464:176:128:48:8:44:220:1:10:1:22:22:2:2:1:1:1:68:1:1:20,,1,numeric_signed_axes_full_v3,0.135243997574,0.135787601471479,0.135045204162962,within_noise,within_noise,1
net_log30:template_v2_bl1_vec_08:rank34,net_log30,Ascend910B3,20,8.1.RC1+toolkit-7.7.0.1.225,template_v2_bl1_vec_08,17408,464,176,fp32,0,1,searched,calibration_template_probe,20:192:464:176:96:176:8:44:66:1:3:0:22:22:2:1:1:1:1:91:1:1:20,,1,numeric_signed_axes_full_v3,0.135593595505,0.135787601470936,0.13504520416301,within_noise,within_noise,1
net_log30:template_v2_bl1_vec_08:rank35,net_log30,Ascend910B3,20,8.1.RC1+toolkit-7.7.0.1.225,template_v2_bl1_vec_08,17408,464,176,fp32,0,1,searched,calibration_template_probe,20:128:464:176:64:240:16:22:22:1:2:1:11:11:2:2:2:1:1:136:1:1:20,,1,numeric_signed_axes_full_v3,0.135303602219,0.135787601471477,0.135045204162981,within_noise,within_noise,1
net_log30:template_v2_bl1_vec_08:rank36,net_log30,Ascend910B3,20,8.1.RC1+toolkit-7.7.0.1.225,template_v2_bl1_vec_08,17408,464,176,fp32,0,1,searched,calibration_template_probe,20:128:464:176:64:192:16:22:33:1:3:0:11:11:2:2:2:1:1:136:1:1:20,,1,numeric_signed_axes_full_v3,0.135038404465,0.135787601470692,0.135045204163161,within_noise,within_noise,1
net_log30:template_v2_bl1_vec_08:rank37,net_log30,Ascend910B3,20,8.1.RC1+toolkit-7.7.0.1.225,template_v2_bl1_vec_08,17408,464,176,fp32,0,1,searched,calibration_template_probe,20:128:464:176:64:288:16:22:22:1:2:1:11:11:1:2:1:1:1:136:1:1:20,,1,numeric_signed_axes_full_v3,0.135307197571,0.135787601470501,0.135045204162999,within_noise,within_noise,1
net_log30:template_v2_bl1_vec_08:rank38,net_log30,Ascend910B3,20,8.1.RC1+toolkit-7.7.0.1.225,template_v2_bl1_vec_08,17408,464,176,fp32,0,1,searched,calibration_template_probe,20:192:464:176:96:64:16:22:88:1:8:0:11:11:2:2:1:1:1:91:1:1:20,,1,numeric_signed_axes_full_v3,0.13569319725,0.135787601471515,0.135045204162956,within_noise,within_noise,1
net_log30:template_v2_bl1_vec_08:rank39,net_log30,Ascend910B3,20,8.1.RC1+toolkit-7.7.0.1.225,template_v2_bl1_vec_08,17408,464,176,fp32,0,1,searched,calibration_template_probe,20:160:464:176:80:192:8:44:66:1:3:1:22:22:2:2:2:1:1:109:1:1:20,,1,numeric_signed_axes_full_v3,0.135852003098,0.135787601471004,0.135045204163035,within_noise,within_noise,1
net_log30:template_v2_bl1_vec_08:rank40,net_log30,Ascend910B3,20,8.1.RC1+toolkit-7.7.0.1.225,template_v2_bl1_vec_08,17408,464,176,fp32,0,1,searched,calibration_template_probe,20:192:464:176:96:32:8:44:330:1:15:1:22:22:2:2:2:1:1:91:1:1:20,,1,numeric_signed_axes_full_v3,0.135066003799,0.135787601470434,0.135045204163063,within_noise,within_noise,1
net_log30:template_v2_bl1_vec_08:rank41,net_log30,Ascend910B3,20,8.1.RC1+toolkit-7.7.0.1.225,template_v2_bl1_vec_08,17408,464,176,fp32,0,1,searched,calibration_template_probe,20:192:464:176:96:64:88:4:16:1:8:1:2:2:1:2:1:1:1:91:1:1:20,,1,numeric_signed_axes_full_v3,0.135313196182,0.135204801558989,0.135083999633988,within_noise,within_noise,1
net_log30:template_v2_bl1_vec_08:rank42,net_log30,Ascend910B3,20,8.1.RC1+toolkit-7.7.0.1.225,template_v2_bl1_vec_08,17408,464,176,fp32,0,1,searched,calibration_template_probe,20:160:464:176:80:464:16:22:11:1:1:1:11:11:1:2:1:1:1:109:1:1:20,,1,numeric_signed_axes_full_v3,0.135111598969,0.135204801558974,0.135083999634045,within_noise,within_noise,1
net_log30:template_v2_bl1_vec_08:rank43,net_log30,Ascend910B3,20,8.1.RC1+toolkit-7.7.0.1.225,template_v2_bl1_vec_08,17408,464,176,fp32,0,1,searched,calibration_template_probe,20:128:464:176:64:464:16:22:11:1:1:1:11:11:2:1:1:1:1:136:1:1:20,,1,numeric_signed_axes_full_v3,0.135222396851,0.135204801558974,0.135083999634023,within_noise,within_noise,1
net_log30:template_v2_bl1_vec_08:rank44,net_log30,Ascend910B3,20,8.1.RC1+toolkit-7.7.0.1.225,template_v2_bl1_vec_08,17408,464,176,fp32,0,1,searched,calibration_template_probe,20:160:464:176:80:96:16:22:55:1:5:1:11:11:2:2:2:1:1:109:1:1:20,,1,numeric_signed_axes_full_v3,0.135562000275,0.135204801558967,0.135083999634008,within_noise,within_noise,1
net_log30:template_v2_bl1_vec_08:rank45,net_log30,Ascend910B3,20,8.1.RC1+toolkit-7.7.0.1.225,template_v2_bl1_vec_08,17408,464,176,fp32,0,1,searched,calibration_template_probe,20:256:464:176:128:32:88:4:30:1:15:0:2:2:1:1:1:1:1:68:1:1:20,,1,numeric_signed_axes_full_v3,0.135177602768,0.135204801558766,0.135083999634043,within_noise,within_noise,1
net_log30:template_v2_bl1_vec_08:rank46,net_log30,Ascend910B3,20,8.1.RC1+toolkit-7.7.0.1.225,template_v2_bl1_vec_08,17408,464,176,fp32,0,1,searched,calibration_template_probe,20:224:464:176:112:16:16:22:319:1:29:0:11:11:1:1:1:1:1:78:1:1:20,,1,numeric_signed_axes_full_v3,0.135125999451,0.135204801558432,0.135083999634064,within_noise,within_noise,1
net_log30:template_v2_bl1_vec_08:rank47,net_log30,Ascend910B3,20,8.1.RC1+toolkit-7.7.0.1.225,template_v2_bl1_vec_08,17408,464,176,fp32,0,1,searched,calibration_template_probe,20:96:464:176:48:256:16:22:22:1:2:0:11:11:2:2:2:1:1:182:1:1:20,,1,numeric_signed_axes_full_v3,0.13567440033,0.135204801559009,0.135083999633945,within_noise,within_noise,1
net_log30:template_v2_bl1_vec_08:rank48,net_log30,Ascend910B3,20,8.1.RC1+toolkit-7.7.0.1.225,template_v2_bl1_vec_08,17408,464,176,fp32,0,1,searched,calibration_template_probe,20:224:464:176:112:64:8:44:176:1:8:1:22:22:2:2:2:1:1:78:1:1:20,,1,numeric_signed_axes_full_v3,0.135170001984,0.135204801559134,0.135083999634044,within_noise,within_noise,1
net_log30:template_v2_bl1_vec_08:rank49,net_log30,Ascend910B3,20,8.1.RC1+toolkit-7.7.0.1.225,template_v2_bl1_vec_08,17408,464,176,fp32,0,1,searched,calibration_template_probe,20:160:464:176:80:160:16:22:33:1:3:0:11:11:2:2:2:1:1:109:1:1:20,,1,numeric_signed_axes_full_v3,0.135782403946,0.135204801558934,0.135190401077058,within_noise,within_noise,1
net_log30:template_v2_bl1_vec_08:rank50,net_log30,Ascend910B3,20,8.1.RC1+toolkit-7.7.0.1.225,template_v2_bl1_vec_08,17408,464,176,fp32,0,1,searched,calibration_template_probe,20:224:464:176:112:32:8:44:330:1:15:0:22:22:2:2:2:1:1:78:1:1:20,,1,numeric_signed_axes_full_v3,0.135648002625,0.13520480155903,0.135190401077001,within_noise,within_noise,1
net_log30:template_v2_bl1_vec_08:rank51,net_log30,Ascend910B3,20,8.1.RC1+toolkit-7.7.0.1.225,template_v2_bl1_vec_08,17408,464,176,fp32,0,1,searched,calibration_template_probe,20:192:464:176:96:32:16:22:165:1:15:0:11:11:2:2:2:1:1:91:1:1:20,,1,numeric_signed_axes_full_v3,0.135196399689,0.135204801558488,0.135190401077067,within_noise,within_noise,1
net_log30:template_v2_bl1_vec_08:rank52,net_log30,Ascend910B3,20,8.1.RC1+toolkit-7.7.0.1.225,template_v2_bl1_vec_08,17408,464,176,fp32,0,1,searched,calibration_template_probe,20:128:464:176:64:96:16:22:55:1:5:1:11:11:2:2:2:1:1:136:1:1:20,,1,numeric_signed_axes_full_v3,0.135749597549,0.135204801558968,0.135190401076996,within_noise,within_noise,1
net_log30:template_v2_bl1_vec_08:rank53,net_log30,Ascend910B3,20,8.1.RC1+toolkit-7.7.0.1.225,template_v2_bl1_vec_08,17408,464,176,fp32,0,1,searched,calibration_template_probe,20:128:464:176:64:464:16:22:11:1:1:0:11:11:2:2:1:1:1:136:1:1:20,,1,numeric_signed_axes_full_v3,0.135810403824,0.135204801559015,0.135190401076954,within_noise,within_noise,1
net_log30:template_v2_bl1_vec_08:rank54,net_log30,Ascend910B3,20,8.1.RC1+toolkit-7.7.0.1.225,template_v2_bl1_vec_08,17408,464,176,fp32,0,1,searched,calibration_template_probe,20:160:464:176:80:16:16:22:319:1:29:1:11:11:2:2:2:1:1:109:1:1:20,,1,numeric_signed_axes_full_v3,0.135610399246,0.135204801558962,0.135190401076969,within_noise,within_noise,1
net_log30:template_v2_bl1_vec_08:rank55,net_log30,Ascend910B3,20,8.1.RC1+toolkit-7.7.0.1.225,template_v2_bl1_vec_08,17408,464,176,fp32,0,1,searched,calibration_template_probe,20:224:464:176:112:64:88:4:16:1:8:1:2:2:1:2:1:1:1:78:1:1:20,,1,numeric_signed_axes_full_v3,0.135832004547,0.135204801558989,0.135190401077059,within_noise,within_noise,1
net_log30:template_v2_bl1_vec_08:rank56,net_log30,Ascend910B3,20,8.1.RC1+toolkit-7.7.0.1.225,template_v2_bl1_vec_08,17408,464,176,fp32,0,1,searched,calibration_template_probe,20:128:464:176:64:464:16:22:11:1:1:1:11:11:1:2:1:1:1:136:1:1:20,,1,numeric_signed_axes_full_v3,0.135178003311,0.135204801559365,0.135190401076412,within_noise,within_noise,1
net_log30:template_v2_bl1_vec_08:rank57,net_log30,Ascend910B3,20,8.1.RC1+toolkit-7.7.0.1.225,template_v2_bl1_vec_08,17408,464,176,fp32,0,1,searched,calibration_template_probe,20:160:464:176:80:176:16:22:33:1:3:0:11:11:2:2:2:1:1:109:1:1:20,,1,numeric_signed_axes_full_v3,0.135900001526,0.13574480056798,0.135189199448007,within_noise,within_noise,1
net_log30:template_v2_bl1_vec_08:rank58,net_log30,Ascend910B3,20,8.1.RC1+toolkit-7.7.0.1.225,template_v2_bl1_vec_08,17408,464,176,fp32,0,1,searched,calibration_template_probe,20:160:464:176:80:48:16:22:110:1:10:0:11:11:2:2:2:1:1:109:1:1:20,,1,numeric_signed_axes_full_v3,0.135666799545,0.135744800567681,0.135189199448047,within_noise,within_noise,1
net_log30:template_v2_bl1_vec_08:rank59,net_log30,Ascend910B3,20,8.1.RC1+toolkit-7.7.0.1.225,template_v2_bl1_vec_08,17408,464,176,fp32,0,1,searched,calibration_template_probe,20:128:464:176:64:48:16:22:110:1:10:1:11:11:2:2:2:1:1:136:1:1:20,,1,numeric_signed_axes_full_v3,0.135227203369,0.135744800567728,0.135189199448018,within_noise,within_noise,1
net_log30:template_v2_bl1_vec_08:rank60,net_log30,Ascend910B3,20,8.1.RC1+toolkit-7.7.0.1.225,template_v2_bl1_vec_08,17408,464,176,fp32,0,1,searched,calibration_template_probe,20:128:464:176:128:64:16:11:88:1:8:0:11:11:2:2:1:1:1:0:0:0:2020,,1,numeric_signed_axes_full_v3,0.135761203766,0.135744800568028,0.135189199447942,within_noise,within_noise,1
net_log30:template_v2_bl1_vec_08:rank61,net_log30,Ascend910B3,20,8.1.RC1+toolkit-7.7.0.1.225,template_v2_bl1_vec_08,17408,464,176,fp32,0,1,searched,calibration_template_probe,20:128:464:176:128:32:64:3:45:1:15:0:3:3:2:2:1:1:1:0:0:0:2020,,1,numeric_signed_axes_full_v3,0.13516119957,0.135744800568154,0.135189199447864,within_noise,within_noise,1
net_log30:template_v2_bl1_vec_08:rank62,net_log30,Ascend910B3,20,8.1.RC1+toolkit-7.7.0.1.225,template_v2_bl1_vec_08,17408,464,176,fp32,0,1,searched,calibration_template_probe,20:256:464:176:256:32:16:11:165:1:15:0:11:11:2:2:1:1:1:0:0:0:2020,,1,numeric_signed_axes_full_v3,0.13516119957,0.135744800568154,0.135189199447864,within_noise,within_noise,1
net_log30:template_v2_bl1_vec_08:rank63,net_log30,Ascend910B3,20,8.1.RC1+toolkit-7.7.0.1.225,template_v2_bl1_vec_08,17408,464,176,fp32,0,1,searched,calibration_template_probe,20:192:464:176:192:160:32:6:18:1:3:0:6:6:2:2:1:1:1:0:0:0:2020,,1,numeric_signed_axes_full_v3,0.135685997009,0.135744800568392,0.135189199448009,within_noise,within_noise,1
net_log30:template_v2_bl1_vec_08:rank64,net_log30,Ascend910B3,20,8.1.RC1+toolkit-7.7.0.1.225,template_v2_bl1_vec_08,17408,464,176,fp32,0,1,searched,calibration_template_probe,20:128:464:176:128:128:32:6:24:1:4:0:6:6:2:2:1:1:1:0:0:0:2020,,1,numeric_signed_axes_full_v3,0.135145196915,0.13574480056863,0.135189199447817,within_noise,within_noise,1
net_log30:template_v2_bl1_vec_08:rank65,net_log30,Ascend910B3,20,8.1.RC1+toolkit-7.7.0.1.225,template_v2_bl1_vec_08,17408,464,176,fp32,0,1,searched,calibration_template_probe,20:256:464:176:256:32:8:22:330:1:15:0:22:22:2:2:1:1:1:0:0:0:2020,,1,numeric_signed_axes_full_v3,0.135249595642,0.13574480056863,0.135068798065055,within_noise,within_noise,1
net_log30:template_v2_bl1_vec_08:rank66,net_log30,Ascend910B3,20,8.1.RC1+toolkit-7.7.0.1.225,template_v2_bl1_vec_08,17408,464,176,fp32,0,1,searched,calibration_template_probe,20:128:464:176:128:256:16:11:22:1:2:0:11:11:2:2:1:1:1:0:0:0:2020,,1,numeric_signed_axes_full_v3,0.135683202744,0.135744800568013,0.135068798064987,within_noise,within_noise,1
net_log30:template_v2_bl1_vec_08:rank67,net_log30,Ascend910B3,20,8.1.RC1+toolkit-7.7.0.1.225,template_v2_bl1_vec_08,17408,464,176,fp32,0,1,searched,calibration_template_probe,20:128:464:176:128:192:16:11:33:1:3:0:11:11:2:2:1:1:1:0:0:0:2020,,1,numeric_signed_axes_full_v3,0.135843601227,0.135744800567983,0.135068798065063,within_noise,within_noise,1
net_log30:template_v2_bl1_vec_08:rank68,net_log30,Ascend910B3,20,8.1.RC1+toolkit-7.7.0.1.225,template_v2_bl1_vec_08,17408,464,176,fp32,0,1,searched,calibration_template_probe,20:256:464:176:256:96:8:22:110:1:5:0:22:22:2:2:1:1:1:0:0:0:2020,,1,numeric_signed_axes_full_v3,0.135491199493,0.135744800567403,0.135068798065059,within_noise,within_noise,1
net_log30:template_v2_bl1_vec_08:rank69,net_log30,Ascend910B3,20,8.1.RC1+toolkit-7.7.0.1.225,template_v2_bl1_vec_08,17408,464,176,fp32,0,1,searched,calibration_template_probe,20:128:464:176:128:256:32:6:12:1:2:0:6:6:2:2:1:1:1:0:0:0:2020,,1,numeric_signed_axes_full_v3,0.135361604691,0.135744800568368,0.135068798065038,within_noise,within_noise,1
net_log30:template_v2_bl1_vec_08:rank70,net_log30,Ascend910B3,20,8.1.RC1+toolkit-7.7.0.1.225,template_v2_bl1_vec_08,17408,464,176,fp32,0,1,searched,calibration_template_probe,20:192:464:176:192:32:32:6:90:1:15:0:6:6:2:2:1:1:1:0:0:0:2020,,1,numeric_signed_axes_full_v3,0.135133199692,0.135744800567491,0.135068798065067,within_noise,within_noise,1
net_log30:template_v2_bl1_vec_08:rank71,net_log30,Ascend910B3,20,8.1.RC1+toolkit-7.7.0.1.225,template_v2_bl1_vec_08,17408,464,176,fp32,0,1,searched,calibration_template_probe,20:256:464:176:256:96:16:11:55:1:5:0:11:11:2:2:1:1:1:0:0:0:2020,,1,numeric_signed_axes_full_v3,0.135822000504,0.135744800568,0.135068798065009,within_noise,within_noise,1
net_log30:template_v2_bl1_vec_08:rank72,net_log30,Ascend910B3,20,8.1.RC1+toolkit-7.7.0.1.225,template_v2_bl1_vec_08,17408,464,176,fp32,0,1,searched,calibration_template_probe,20:128:464:176:128:64:32:6:48:1:8:0:6:6:2:2:1:1:1:0:0:0:2020,,1,numeric_signed_axes_full_v3,0.135155601501,0.135744800568285,0.135068798065028,within_noise,within_noise,1
net_log30:template_v2_bl1_vec_08:rank73,net_log30,Ascend910B3,20,8.1.RC1+toolkit-7.7.0.1.225,template_v2_bl1_vec_08,17408,464,176,fp32,0,1,searched,calibration_template_probe,20:192:464:176:192:80:32:6:36:1:6:0:6:6:2:2:1:1:1:0:0:0:2020,,1,numeric_signed_axes_full_v3,0.135263204575,0.135227603912028,0.135050001143978,within_noise,within_noise,1
net_log30:template_v2_bl1_vec_08:rank74,net_log30,Ascend910B3,20,8.1.RC1+toolkit-7.7.0.1.225,template_v2_bl1_vec_08,17408,464,176,fp32,0,1,searched,calibration_template_probe,20:128:464:176:128:128:16:11:44:1:4:0:11:11:2:2:1:1:1:0:0:0:2020,,1,numeric_signed_axes_full_v3,0.135729198456,0.135227603912005,0.135050001144067,within_noise,within_noise,1
net_log30:template_v2_bl1_vec_09:rank1,net_log30,Ascend910B3,20,8.1.RC1+toolkit-7.7.0.1.225,template_v2_bl1_vec_09,17664,448,192,fp32,0,0,searched,calibration_template_probe,20:192:448:192:96:48:16:24:120:1:10:1:12:12:1:2:1:1:1:92:1:1:20,,1,numeric_signed_axes_full_v3,0.0817731952667,0.0809183979034009,0.0811744022368958,within_noise,within_noise,1
net_log30:template_v2_bl1_vec_09:rank2,net_log30,Ascend910B3,20,8.1.RC1+toolkit-7.7.0.1.225,template_v2_bl1_vec_09,17664,448,192,fp32,0,0,searched,calibration_template_probe,20:192:448:192:96:160:32:12:18:1:3:0:6:6:2:2:2:1:1:92:1:1:20,,1,numeric_signed_axes_full_v3,0.0816596031189,0.0809183979034161,0.081174402236906,within_noise,within_noise,1
net_log30:template_v2_bl1_vec_09:rank3,net_log30,Ascend910B3,20,8.1.RC1+toolkit-7.7.0.1.225,template_v2_bl1_vec_09,17664,448,192,fp32,0,0,searched,calibration_template_probe,20:160:448:192:80:448:32:12:6:1:1:1:6:6:1:1:1:1:1:111:1:1:20,,1,numeric_signed_axes_full_v3,0.0809235954285,0.0809183979034192,0.0811744022369397,within_noise,within_noise,1
net_log30:template_v2_bl1_vec_09:rank4,net_log30,Ascend910B3,20,8.1.RC1+toolkit-7.7.0.1.225,template_v2_bl1_vec_09,17664,448,192,fp32,0,0,searched,calibration_template_probe,20:224:448:192:112:16:16:24:336:1:28:0:12:12:2:2:2:1:1:79:1:1:20,,1,numeric_signed_axes_full_v3,0.0811888027191,0.0809183979033897,0.0811744022368863,within_noise,within_noise,1
net_log30:template_v2_bl1_vec_09:rank5,net_log30,Ascend910B3,20,8.1.RC1+toolkit-7.7.0.1.225,template_v2_bl1_vec_09,17664,448,192,fp32,0,0,searched,calibration_template_probe,20:224:448:192:112:16:48:8:112:1:28:0:4:4:2:1:1:1:1:79:1:1:20,,1,numeric_signed_axes_full_v3,0.0808971977234,0.0809183979035244,0.0811744022372536,within_noise,within_noise,1
net_log30:template_v2_bl1_vec_09:rank6,net_log30,Ascend910B3,20,8.1.RC1+toolkit-7.7.0.1.225,template_v2_bl1_vec_09,17664,448,192,fp32,0,0,searched,calibration_template_probe,20:224:448:192:112:112:32:12:24:1:4:0:6:6:1:1:1:1:1:79:1:1:20,,1,numeric_signed_axes_full_v3,0.0816456031799,0.0809183979034405,0.0811744022369319,within_noise,within_noise,1
net_log30:template_v2_bl1_vec_09:rank7,net_log30,Ascend910B3,20,8.1.RC1+toolkit-7.7.0.1.225,template_v2_bl1_vec_09,17664,448,192,fp32,0,0,searched,calibration_template_probe,20:160:448:192:80:256:16:24:24:1:2:1:12:12:2:2:1:1:1:111:1:1:20,,1,numeric_signed_axes_full_v3,0.0809340000153,0.080918397903394,0.0811744022372647,within_noise,within_noise,1
net_log30:template_v2_bl1_vec_09:rank8,net_log30,Ascend910B3,20,8.1.RC1+toolkit-7.7.0.1.225,template_v2_bl1_vec_09,17664,448,192,fp32,0,0,searched,calibration_template_probe,20:128:448:192:64:448:16:24:12:1:1:0:12:12:1:2:1:1:1:138:1:1:20,,1,numeric_signed_axes_full_v3,0.0816784000397,0.0809183979033711,0.0811744022368692,within_noise,within_noise,1
net_log30:template_v2_bl1_vec_09:rank9,net_log30,Ascend910B3,20,8.1.RC1+toolkit-7.7.0.1.225,template_v2_bl1_vec_09,17664,448,192,fp32,0,0,searched,calibration_template_probe,20:224:448:192:112:32:48:8:56:1:14:1:4:4:2:2:2:1:1:79:1:1:20,,1,numeric_signed_axes_full_v3,0.0817531967163,0.0808907985686998,0.0811744022369277,regressed,within_noise,1
net_log30:template_v2_bl1_vec_09:rank10,net_log30,Ascend910B3,20,8.1.RC1+toolkit-7.7.0.1.225,template_v2_bl1_vec_09,17664,448,192,fp32,0,0,searched,calibration_template_probe,20:224:448:192:112:16:32:12:168:1:28:0:6:6:2:2:1:1:1:79:1:1:20,,1,numeric_signed_axes_full_v3,0.0809051990509,0.0808907985686653,0.0811744022367683,within_noise,within_noise,1
net_log30:template_v2_bl1_vec_09:rank11,net_log30,Ascend910B3,20,8.1.RC1+toolkit-7.7.0.1.225,template_v2_bl1_vec_09,17664,448,192,fp32,0,0,searched,calibration_template_probe,20:192:448:192:96:112:32:12:24:1:4:1:6:6:2:1:1:1:1:92:1:1:20,,1,numeric_signed_axes_full_v3,0.081462802887,0.0808907985687221,0.0811744022368848,within_noise,within_noise,1
net_log30:template_v2_bl1_vec_09:rank12,net_log30,Ascend910B3,20,8.1.RC1+toolkit-7.7.0.1.225,template_v2_bl1_vec_09,17664,448,192,fp32,0,0,searched,calibration_template_probe,20:224:448:192:112:448:32:12:6:1:1:1:6:6:2:1:1:1:1:79:1:1:20,,1,numeric_signed_axes_full_v3,0.0808924007416,0.0808907985686719,0.0811744022369737,within_noise,within_noise,1
net_log30:template_v2_bl1_vec_09:rank13,net_log30,Ascend910B3,20,8.1.RC1+toolkit-7.7.0.1.225,template_v2_bl1_vec_09,17664,448,192,fp32,0,0,searched,calibration_template_probe,20:160:448:192:80:112:32:12:24:1:4:0:6:6:2:2:2:1:1:111:1:1:20,,1,numeric_signed_axes_full_v3,0.0814523983002,0.0808907985687306,0.0811744022369358,within_noise,within_noise,1
net_log30:template_v2_bl1_vec_09:rank14,net_log30,Ascend910B3,20,8.1.RC1+toolkit-7.7.0.1.225,template_v2_bl1_vec_09,17664,448,192,fp32,0,0,searched,calibration_template_probe,20:192:448:192:96:224:48:8:8:1:2:0:4:4:1:1:1:1:1:92:1:1:20,,1,numeric_signed_axes_full_v3,0.0813720035553,0.0808907985686744,0.0811744022368596,within_noise,within_noise,1
net_log30:template_v2_bl1_vec_09:rank15,net_log30,Ascend910B3,20,8.1.RC1+toolkit-7.7.0.1.225,template_v2_bl1_vec_09,17664,448,192,fp32,0,0,searched,calibration_template_probe,20:128:448:192:64:448:16:24:12:1:1:1:12:12:2:2:1:1:1:138:1:1:20,,1,numeric_signed_axes_full_v3,0.0809088039398,0.0808907985686837,0.0811744022372878,within_noise,within_noise,1
net_log30:template_v2_bl1_vec_09:rank16,net_log30,Ascend910B3,20,8.1.RC1+toolkit-7.7.0.1.225,template_v2_bl1_vec_09,17664,448,192,fp32,0,0,searched,calibration_template_probe,20:192:448:192:96:160:32:12:18:1:3:1:6:6:1:2:1:1:1:92:1:1:20,,1,numeric_signed_axes_full_v3,0.0816956043243,0.0808907985687104,0.0811744022369384,within_noise,within_noise,1
net_log30:template_v2_bl1_vec_09:rank17,net_log30,Ascend910B3,20,8.1.RC1+toolkit-7.7.0.1.225,template_v2_bl1_vec_09,17664,448,192,fp32,0,0,searched,calibration_template_probe,20:192:448:192:96:96:32:12:30:1:5:0:6:6:1:2:1:1:1:92:1:1:20,,1,numeric_signed_axes_full_v3,0.081393995285,0.0808907985686624,0.0811176013946776,within_noise,within_noise,1
net_log30:template_v2_bl1_vec_09:rank18,net_log30,Ascend910B3,20,8.1.RC1+toolkit-7.7.0.1.225,template_v2_bl1_vec_09,17664,448,192,fp32,0,0,searched,calibration_template_probe,20:224:448:192:112:448:16:24:12:1:1:0:12:12:2:2:1:1:1:79:1:1:20,,1,numeric_signed_axes_full_v3,0.0808611965179,0.080890798568812,0.0811176013947986,within_noise,within_noise,1
net_log30:template_v2_bl1_vec_09:rank19,net_log30,Ascend910B3,20,8.1.RC1+toolkit-7.7.0.1.225,template_v2_bl1_vec_09,17664,448,192,fp32,0,0,searched,calibration_template_probe,20:192:448:192:96:160:16:24:36:1:3:0:12:12:2:1:1:1:1:92:1:1:20,,1,numeric_signed_axes_full_v3,0.0814587974548,0.0808907985687231,0.0811176013947147,within_noise,within_noise,1
net_log30:template_v2_bl1_vec_09:rank20,net_log30,Ascend910B3,20,8.1.RC1+toolkit-7.7.0.1.225,template_v2_bl1_vec_09,17664,448,192,fp32,0,0,searched,calibration_template_probe,20:224:448:192:112:224:16:24:24:1:2:1:12:12:1:1:1:1:1:79:1:1:20,,1,numeric_signed_axes_full_v3,0.080896396637,0.0808907985687359,0.0811176013950597,within_noise,within_noise,1
net_log30:template_v2_bl1_vec_09:rank21,net_log30,Ascend910B3,20,8.1.RC1+toolkit-7.7.0.1.225,template_v2_bl1_vec_09,17664,448,192,fp32,0,0,searched,calibration_template_probe,20:128:448:192:64:176:16:24:36:1:3:1:12:12:2:2:2:1:1:138:1:1:20,,1,numeric_signed_axes_full_v3,0.0812399959564,0.0808907985687194,0.0811176013946806,within_noise,within_noise,1
net_log30:template_v2_bl1_vec_09:rank22,net_log30,Ascend910B3,20,8.1.RC1+toolkit-7.7.0.1.225,template_v2_bl1_vec_09,17664,448,192,fp32,0,0,searched,calibration_template_probe,20:192:448:192:96:16:16:24:336:1:28:1:12:12:2:2:2:1:1:92:1:1:20,,1,numeric_signed_axes_full_v3,0.0813599967957,0.0808907985687007,0.0811176013947193,within_noise,within_noise,1
net_log30:template_v2_bl1_vec_09:rank23,net_log30,Ascend910B3,20,8.1.RC1+toolkit-7.7.0.1.225,template_v2_bl1_vec_09,17664,448,192,fp32,0,0,searched,calibration_template_probe,20:224:448:192:112:224:32:12:12:1:2:0:6:6:1:2:1:1:1:79:1:1:20,,1,numeric_signed_axes_full_v3,0.080879201889,0.0808907985689583,0.0811176013945627,within_noise,within_noise,1
net_log30:template_v2_bl1_vec_09:rank24,net_log30,Ascend910B3,20,8.1.RC1+toolkit-7.7.0.1.225,template_v2_bl1_vec_09,17664,448,192,fp32,0,0,searched,calibration_template_probe,20:192:448:192:96:160:16:24:36:1:3:1:12:12:2:2:2:1:1:92:1:1:20,,1,numeric_signed_axes_full_v3,0.0811979961395,0.0808907985687188,0.0811176013946997,within_noise,within_noise,1
net_log30:template_v2_bl1_vec_09:rank25,net_log30,Ascend910B3,20,8.1.RC1+toolkit-7.7.0.1.225,template_v2_bl1_vec_09,17664,448,192,fp32,0,0,searched,calibration_template_probe,20:160:448:192:80:448:16:24:12:1:1:1:12:12:1:2:1:1:1:111:1:1:20,,1,numeric_signed_axes_full_v3,0.0814319992065,0.0809047985077117,0.0811176013946925,within_noise,within_noise,1
net_log30:template_v2_bl1_vec_09:rank26,net_log30,Ascend910B3,20,8.1.RC1+toolkit-7.7.0.1.225,template_v2_bl1_vec_09,17664,448,192,fp32,0,0,searched,calibration_template_probe,20:192:448:192:96:448:16:24:12:1:1:1:12:12:1:1:1:1:1:92:1:1:20,,1,numeric_signed_axes_full_v3,0.0808839988708,0.0809047985073661,0.0811176013949535,within_noise,within_noise,1
net_log30:template_v2_bl1_vec_09:rank27,net_log30,Ascend910B3,20,8.1.RC1+toolkit-7.7.0.1.225,template_v2_bl1_vec_09,17664,448,192,fp32,0,0,searched,calibration_template_probe,20:224:448:192:112:112:16:24:48:1:4:0:12:12:2:2:2:1:1:79:1:1:20,,1,numeric_signed_axes_full_v3,0.0814879989624,0.080904798507699,0.0811176013946809,within_noise,within_noise,1
net_log30:template_v2_bl1_vec_09:rank28,net_log30,Ascend910B3,20,8.1.RC1+toolkit-7.7.0.1.225,template_v2_bl1_vec_09,17664,448,192,fp32,0,0,searched,calibration_template_probe,20:160:448:192:80:224:16:24:24:1:2:0:12:12:1:1:1:1:1:111:1:1:20,,1,numeric_signed_axes_full_v3,0.0808444023132,0.0809047985080042,0.0811176013945717,within_noise,within_noise,1
net_log30:template_v2_bl1_vec_09:rank29,net_log30,Ascend910B3,20,8.1.RC1+toolkit-7.7.0.1.225,template_v2_bl1_vec_09,17664,448,192,fp32,0,0,searched,calibration_template_probe,20:160:448:192:80:80:16:24:72:1:6:1:12:12:2:2:2:1:1:111:1:1:20,,1,numeric_signed_axes_full_v3,0.0814503955841,0.0809047985077208,0.0811176013947299,within_noise,within_noise,1
net_log30:template_v2_bl1_vec_09:rank30,net_log30,Ascend910B3,20,8.1.RC1+toolkit-7.7.0.1.225,template_v2_bl1_vec_09,17664,448,192,fp32,0,0,searched,calibration_template_probe,20:160:448:192:80:224:32:12:12:1:2:0:6:6:2:2:1:1:1:111:1:1:20,,1,numeric_signed_axes_full_v3,0.0816539955139,0.0809047985076598,0.0811176013946843,within_noise,within_noise,1
net_log30:template_v2_bl1_vec_09:rank31,net_log30,Ascend910B3,20,8.1.RC1+toolkit-7.7.0.1.225,template_v2_bl1_vec_09,17664,448,192,fp32,0,0,searched,calibration_template_probe,20:224:448:192:112:64:16:24:84:1:7:0:12:12:2:2:2:1:1:79:1:1:20,,1,numeric_signed_axes_full_v3,0.0819931983948,0.0809047985076906,0.081117601394662,regressed,regressed,1
net_log30:template_v2_bl1_vec_09:rank32,net_log30,Ascend910B3,20,8.1.RC1+toolkit-7.7.0.1.225,template_v2_bl1_vec_09,17664,448,192,fp32,0,0,searched,calibration_template_probe,20:192:448:192:96:224:16:24:24:1:2:1:12:12:1:2:1:1:1:92:1:1:20,,1,numeric_signed_axes_full_v3,0.0816676044464,0.0809047985077302,0.0811176013947131,within_noise,within_noise,1
net_log30:template_v2_bl1_vec_09:rank33,net_log30,Ascend910B3,20,8.1.RC1+toolkit-7.7.0.1.225,template_v2_bl1_vec_09,17664,448,192,fp32,0,0,searched,calibration_template_probe,20:224:448:192:112:32:32:12:84:1:14:1:6:6:2:2:2:1:1:79:1:1:20,,1,numeric_signed_axes_full_v3,0.0808763980865,0.0809031963346197,0.0809055995937729,within_noise,within_noise,1
net_log30:template_v2_bl1_vec_09:rank34,net_log30,Ascend910B3,20,8.1.RC1+toolkit-7.7.0.1.225,template_v2_bl1_vec_09,17664,448,192,fp32,0,0,searched,calibration_template_probe,20:160:448:192:80:160:16:24:36:1:3:0:12:12:2:2:2:1:1:111:1:1:20,,1,numeric_signed_axes_full_v3,0.0809127998352,0.0809031963347967,0.080905599594074,within_noise,within_noise,1
net_log30:template_v2_bl1_vec_09:rank35,net_log30,Ascend910B3,20,8.1.RC1+toolkit-7.7.0.1.225,template_v2_bl1_vec_09,17664,448,192,fp32,0,0,searched,calibration_template_probe,20:128:448:192:64:224:16:24:24:1:2:1:12:12:2:2:2:1:1:138:1:1:20,,1,numeric_signed_axes_full_v3,0.080917596817,0.0809031963347653,0.0809055995941069,within_noise,within_noise,1
net_log30:template_v2_bl1_vec_09:rank36,net_log30,Ascend910B3,20,8.1.RC1+toolkit-7.7.0.1.225,template_v2_bl1_vec_09,17664,448,192,fp32,0,0,searched,calibration_template_probe,20:224:448:192:112:16:64:6:84:1:28:0:3:3:2:2:2:1:1:79:1:1:20,,1,numeric_signed_axes_full_v3,0.0808800029755,0.0809031963346325,0.0809055995941441,within_noise,within_noise,1
net_log30:template_v2_bl1_vec_09:rank37,net_log30,Ascend910B3,20,8.1.RC1+toolkit-7.7.0.1.225,template_v2_bl1_vec_09,17664,448,192,fp32,0,0,searched,calibration_template_probe,20:192:448:192:96:96:16:24:60:1:5:1:12:12:2:2:2:1:1:92:1:1:20,,1,numeric_signed_axes_full_v3,0.0818064022064,0.0809031963347678,0.0809055995940861,regressed,regressed,1
net_log30:template_v2_bl1_vec_09:rank38,net_log30,Ascend910B3,20,8.1.RC1+toolkit-7.7.0.1.225,template_v2_bl1_vec_09,17664,448,192,fp32,0,0,searched,calibration_template_probe,20:160:448:192:80:160:32:12:18:1:3:1:6:6:2:2:2:1:1:111:1:1:20,,1,numeric_signed_axes_full_v3,0.0813551998138,0.0809031963348075,0.0809055995940945,within_noise,within_noise,1
net_log30:template_v2_bl1_vec_09:rank39,net_log30,Ascend910B3,20,8.1.RC1+toolkit-7.7.0.1.225,template_v2_bl1_vec_09,17664,448,192,fp32,0,0,searched,calibration_template_probe,20:224:448:192:112:16:32:12:168:1:28:1:6:6:2:1:1:1:1:79:1:1:20,,1,numeric_signed_axes_full_v3,0.0809156036377,0.0809031963347847,0.0809055995940781,within_noise,within_noise,1
net_log30:template_v2_bl1_vec_09:rank40,net_log30,Ascend910B3,20,8.1.RC1+toolkit-7.7.0.1.225,template_v2_bl1_vec_09,17664,448,192,fp32,0,0,searched,calibration_template_probe,20:224:448:192:112:64:32:12:42:1:7:0:6:6:1:2:1:1:1:79:1:1:20,,1,numeric_signed_axes_full_v3,0.0808092021942,0.0809031963349166,0.0809055995941251,within_noise,within_noise,1
net_log30:template_v2_bl1_vec_09:rank41,net_log30,Ascend910B3,20,8.1.RC1+toolkit-7.7.0.1.225,template_v2_bl1_vec_09,17664,448,192,fp32,0,0,searched,calibration_template_probe,20:224:448:192:112:448:16:24:12:1:1:0:12:12:2:1:1:1:1:79:1:1:20,,1,numeric_signed_axes_full_v3,0.081731595993,0.0809031963348366,0.0809055995940604,regressed,regressed,1
net_log30:template_v2_bl1_vec_09:rank42,net_log30,Ascend910B3,20,8.1.RC1+toolkit-7.7.0.1.225,template_v2_bl1_vec_09,17664,448,192,fp32,0,0,searched,calibration_template_probe,20:192:448:192:96:16:32:12:168:1:28:0:6:6:2:2:2:1:1:92:1:1:20,,1,numeric_signed_axes_full_v3,0.0808040046692,0.0809031963345908,0.0809055995943691,within_noise,within_noise,1
net_log30:template_v2_bl1_vec_09:rank43,net_log30,Ascend910B3,20,8.1.RC1+toolkit-7.7.0.1.225,template_v2_bl1_vec_09,17664,448,192,fp32,0,0,searched,calibration_template_probe,20:192:448:192:96:112:32:12:24:1:4:0:6:6:2:2:2:1:1:92:1:1:20,,1,numeric_signed_axes_full_v3,0.0808967971802,0.0809031963344693,0.0809055995938689,within_noise,within_noise,1
net_log30:template_v2_bl1_vec_09:rank44,net_log30,Ascend910B3,20,8.1.RC1+toolkit-7.7.0.1.225,template_v2_bl1_vec_09,17664,448,192,fp32,0,0,searched,calibration_template_probe,20:160:448:192:80:448:16:24:12:1:1:1:12:12:1:1:1:1:1:111:1:1:20,,1,numeric_signed_axes_full_v3,0.0816679954529,0.080903196334816,0.0809055995941085,within_noise,within_noise,1
net_log30:template_v2_bl1_vec_09:rank45,net_log30,Ascend910B3,20,8.1.RC1+toolkit-7.7.0.1.225,template_v2_bl1_vec_09,17664,448,192,fp32,0,0,searched,calibration_template_probe,20:224:448:192:112:112:32:12:24:1:4:0:6:6:1:2:1:1:1:79:1:1:20,,1,numeric_signed_axes_full_v3,0.0817619991302,0.0809031963347813,0.0809055995940837,regressed,regressed,1
net_log30:template_v2_bl1_vec_09:rank46,net_log30,Ascend910B3,20,8.1.RC1+toolkit-7.7.0.1.225,template_v2_bl1_vec_09,17664,448,192,fp32,0,0,searched,calibration_template_probe,20:224:448:192:112:112:48:8:16:1:4:1:4:4:2:2:2:1:1:79:1:1:20,,1,numeric_signed_axes_full_v3,0.0817144012451,0.0809031963347779,0.0809055995941329,regressed,within_noise,1
net_log30:template_v2_bl1_vec_09:rank47,net_log30,Ascend910B3,20,8.1.RC1+toolkit-7.7.0.1.225,template_v2_bl1_vec_09,17664,448,192,fp32,0,0,searched,calibration_template_probe,20:160:448:192:80:128:32:12:24:1:4:0:6:6:2:2:2:1:1:111:1:1:20,,1,numeric_signed_axes_full_v3,0.0808967971802,0.0809031963344693,0.0809055995938689,within_noise,within_noise,1
net_log30:template_v2_bl1_vec_09:rank48,net_log30,Ascend910B3,20,8.1.RC1+toolkit-7.7.0.1.225,template_v2_bl1_vec_09,17664,448,192,fp32,0,0,searched,calibration_template_probe,20:192:448:192:96:16:32:12:168:1:28:1:6:6:2:1:1:1:1:92:1:1:20,,1,numeric_signed_axes_full_v3,0.081675195694,0.0809031963347887,0.0809055995940986,within_noise,within_noise,1
net_log30:template_v2_bl1_vec_09:rank49,net_log30,Ascend910B3,20,8.1.RC1+toolkit-7.7.0.1.225,template_v2_bl1_vec_09,17664,448,192,fp32,0,0,searched,calibration_template_probe,20:224:448:192:112:112:16:24:48:1:4:0:12:12:1:1:1:1:1:79:1:1:20,,1,numeric_signed_axes_full_v3,0.0817203998566,0.0808640003203841,0.0816635990142973,regressed,within_noise,1
net_log30:template_v2_bl1_vec_09:rank50,net_log30,Ascend910B3,20,8.1.RC1+toolkit-7.7.0.1.225,template_v2_bl1_vec_09,17664,448,192,fp32,0,0,searched,calibration_template_probe,20:160:448:192:80:448:16:24:12:1:1:0:12:12:2:2:1:1:1:111:1:1:20,,1,numeric_signed_axes_full_v3,0.0808432006836,0.0808640003205833,0.081663599014499,within_noise,improved,1
net_log30:template_v2_bl1_vec_09:rank51,net_log30,Ascend910B3,20,8.1.RC1+toolkit-7.7.0.1.225,template_v2_bl1_vec_09,17664,448,192,fp32,0,0,searched,calibration_template_probe,20:160:448:192:80:128:16:24:48:1:4:1:12:12:2:2:2:1:1:111:1:1:20,,1,numeric_signed_axes_full_v3,0.0817636013031,0.0808640003203874,0.0816635990142958,regressed,within_noise,1
net_log30:template_v2_bl1_vec_09:rank52,net_log30,Ascend910B3,20,8.1.RC1+toolkit-7.7.0.1.225,template_v2_bl1_vec_09,17664,448,192,fp32,0,0,searched,calibration_template_probe,20:160:448:192:80:112:16:24:48:1:4:0:12:12:2:2:2:1:1:111:1:1:20,,1,numeric_signed_axes_full_v3,0.0808195972443,0.0808640003206335,0.0816635990146689,within_noise,improved,1
net_log30:template_v2_bl1_vec_09:rank53,net_log30,Ascend910B3,20,8.1.RC1+toolkit-7.7.0.1.225,template_v2_bl1_vec_09,17664,448,192,fp32,0,0,searched,calibration_template_probe,20:160:448:192:80:448:16:24:12:1:1:0:12:12:1:2:1:1:1:111:1:1:20,,1,numeric_signed_axes_full_v3,0.0814408016205,0.0808640003204357,0.0816635990146336,within_noise,within_noise,1
net_log30:template_v2_bl1_vec_09:rank54,net_log30,Ascend910B3,20,8.1.RC1+toolkit-7.7.0.1.225,template_v2_bl1_vec_09,17664,448,192,fp32,0,0,searched,calibration_template_probe,20:192:448:192:96:240:32:12:12:1:2:1:6:6:2:1:1:1:1:92:1:1:20,,1,numeric_signed_axes_full_v3,0.0811651992798,0.080864000320418,0.0816635990144953,within_noise,within_noise,1
net_log30:template_v2_bl1_vec_09:rank55,net_log30,Ascend910B3,20,8.1.RC1+toolkit-7.7.0.1.225,template_v2_bl1_vec_09,17664,448,192,fp32,0,0,searched,calibration_template_probe,20:192:448:192:96:96:32:12:30:1:5:0:6:6:2:2:2:1:1:92:1:1:20,,1,numeric_signed_axes_full_v3,0.0808911991119,0.0808640003203898,0.0816635990143627,within_noise,within_noise,1
net_log30:template_v2_bl1_vec_09:rank56,net_log30,Ascend910B3,20,8.1.RC1+toolkit-7.7.0.1.225,template_v2_bl1_vec_09,17664,448,192,fp32,0,0,searched,calibration_template_probe,20:192:448:192:96:448:16:24:12:1:1:1:12:12:1:2:1:1:1:92:1:1:20,,1,numeric_signed_axes_full_v3,0.080917596817,0.0808640003204319,0.0816635990142238,within_noise,within_noise,1
net_log30:template_v2_bl1_vec_09:rank57,net_log30,Ascend910B3,20,8.1.RC1+toolkit-7.7.0.1.225,template_v2_bl1_vec_09,17664,448,192,fp32,0,0,searched,calibration_template_probe,20:128:448:192:64:160:16:24:36:1:3:1:12:12:2:2:2:1:1:138:1:1:20,,1,numeric_signed_axes_full_v3,0.0808891963959,0.0808640003204173,0.0815180015565063,within_noise,within_noise,1
net_log30:template_v2_bl1_vec_09:rank58,net_log30,Ascend910B3,20,8.1.RC1+toolkit-7.7.0.1.225,template_v2_bl1_vec_09,17664,448,192,fp32,0,0,searched,calibration_template_probe,20:160:448:192:80:160:32:12:18:1:3:1:6:6:1:2:1:1:1:111:1:1:20,,1,numeric_signed_axes_full_v3,0.0808355998993,0.0808640003200586,0.081518001556675,within_noise,within_noise,1
net_log30:template_v2_bl1_vec_09:rank59,net_log30,Ascend910B3,20,8.1.RC1+toolkit-7.7.0.1.225,template_v2_bl1_vec_09,17664,448,192,fp32,0,0,searched,calibration_template_probe,20:224:448:192:112:112:32:12:24:1:4:1:6:6:2:2:2:1:1:79:1:1:20,,1,numeric_signed_axes_full_v3,0.0817776012421,0.0808640003204003,0.0815180015564147,regressed,within_noise,1
net_log30:template_v2_bl1_vec_09:rank60,net_log30,Ascend910B3,20,8.1.RC1+toolkit-7.7.0.1.225,template_v2_bl1_vec_09,17664,448,192,fp32,0,0,searched,calibration_template_probe,20:128:448:192:128:128:16:12:48:1:4:0:12:12:2:2:1:1:1:0:0:0:2020,,1,numeric_signed_axes_full_v3,0.0813588047028,0.0808640003204177,0.0815180015563066,within_noise,within_noise,1
net_log30:template_v2_bl1_vec_09:rank61,net_log30,Ascend910B3,20,8.1.RC1+toolkit-7.7.0.1.225,template_v2_bl1_vec_09,17664,448,192,fp32,0,0,searched,calibration_template_probe,20:128:448:192:128:64:64:3:21:1:7:0:3:3:2:2:1:1:1:0:0:0:2020,,1,numeric_signed_axes_full_v3,0.0817471981049,0.0808640003204009,0.0815180015564212,regressed,within_noise,1
net_log30:template_v2_bl1_vec_09:rank62,net_log30,Ascend910B3,20,8.1.RC1+toolkit-7.7.0.1.225,template_v2_bl1_vec_09,17664,448,192,fp32,0,0,searched,calibration_template_probe,20:192:448:192:192:32:32:6:84:1:14:0:6:6:2:2:1:1:1:0:0:0:2020,,1,numeric_signed_axes_full_v3,0.081686000824,0.0808640003203843,0.0815180015563619,regressed,within_noise,1
net_log30:template_v2_bl1_vec_09:rank63,net_log30,Ascend910B3,20,8.1.RC1+toolkit-7.7.0.1.225,template_v2_bl1_vec_09,17664,448,192,fp32,0,0,searched,calibration_template_probe,20:128:448:192:128:64:32:6:42:1:7:0:6:6:2:2:1:1:1:0:0:0:2020,,1,numeric_signed_axes_full_v3,0.0808975982666,0.0808640003203775,0.0815180015561622,within_noise,within_noise,1
net_log30:template_v2_bl1_vec_09:rank64,net_log30,Ascend910B3,20,8.1.RC1+toolkit-7.7.0.1.225,template_v2_bl1_vec_09,17664,448,192,fp32,0,0,searched,calibration_template_probe,20:96:448:192:96:64:64:6:21:1:7:0:3:3:2:2:1:1:1:0:0:0:2020,,1,numeric_signed_axes_full_v3,0.0817331981659,0.0808640003203989,0.0815180015564352,regressed,within_noise,1
net_log30:template_v2_bl1_vec_09:rank65,net_log30,Ascend910B3,20,8.1.RC1+toolkit-7.7.0.1.225,template_v2_bl1_vec_09,17664,448,192,fp32,0,0,searched,calibration_template_probe,20:128:448:192:128:256:16:12:24:1:2:0:12:12:2:2:1:1:1:0:0:0:2020,,1,numeric_signed_axes_full_v3,0.0817628002167,0.0808528041839768,0.0815180015564178,regressed,within_noise,1
net_log30:template_v2_bl1_vec_09:rank66,net_log30,Ascend910B3,20,8.1.RC1+toolkit-7.7.0.1.225,template_v2_bl1_vec_09,17664,448,192,fp32,0,0,searched,calibration_template_probe,20:128:448:192:128:256:32:6:12:1:2:0:6:6:2:2:1:1:1:0:0:0:2020,,1,numeric_signed_axes_full_v3,0.0808051967621,0.0808528041837353,0.0815180015562912,within_noise,within_noise,1
net_log30:template_v2_bl1_vec_09:rank67,net_log30,Ascend910B3,20,8.1.RC1+toolkit-7.7.0.1.225,template_v2_bl1_vec_09,17664,448,192,fp32,0,0,searched,calibration_template_probe,20:128:448:192:128:128:32:6:24:1:4:0:6:6:2:2:1:1:1:0:0:0:2020,,1,numeric_signed_axes_full_v3,0.0814875984192,0.0808528041840388,0.0815180015562528,within_noise,within_noise,1
net_log30:template_v2_bl1_vec_09:rank68,net_log30,Ascend910B3,20,8.1.RC1+toolkit-7.7.0.1.225,template_v2_bl1_vec_09,17664,448,192,fp32,0,0,searched,calibration_template_probe,20:128:448:192:128:64:16:12:84:1:7:0:12:12:2:2:1:1:1:0:0:0:2020,,1,numeric_signed_axes_full_v3,0.0808080005646,0.0808528041839477,0.0815180015565287,within_noise,within_noise,1
net_log30:template_v2_bl1_vec_09:rank69,net_log30,Ascend910B3,20,8.1.RC1+toolkit-7.7.0.1.225,template_v2_bl1_vec_09,17664,448,192,fp32,0,0,searched,calibration_template_probe,20:192:448:192:192:160:32:6:18:1:3:0:6:6:2:2:1:1:1:0:0:0:2020,,1,numeric_signed_axes_full_v3,0.0814523983002,0.0808528041839734,0.0815180015564425,within_noise,within_noise,1
net_log30:template_v2_bl1_vec_09:rank70,net_log30,Ascend910B3,20,8.1.RC1+toolkit-7.7.0.1.225,template_v2_bl1_vec_09,17664,448,192,fp32,0,0,searched,calibration_template_probe,20:128:448:192:128:32:64:3:42:1:14:0:3:3:2:2:1:1:1:0:0:0:2020,,1,numeric_signed_axes_full_v3,0.0816724014282,0.0808528041839811,0.0815180015563816,regressed,within_noise,1
net_log30:template_v2_bl1_vec_09:rank71,net_log30,Ascend910B3,20,8.1.RC1+toolkit-7.7.0.1.225,template_v2_bl1_vec_09,17664,448,192,fp32,0,0,searched,calibration_template_probe,20:128:448:192:128:96:64:3:15:1:5:0:3:3:2:2:1:1:1:0:0:0:2020,,1,numeric_signed_axes_full_v3,0.0809171962738,0.080852804183978,0.0815180015565967,within_noise,within_noise,1
net_log30:template_v2_bl1_vec_09:rank72,net_log30,Ascend910B3,20,8.1.RC1+toolkit-7.7.0.1.225,template_v2_bl1_vec_09,17664,448,192,fp32,0,0,searched,calibration_template_probe,20:192:448:192:192:112:32:6:24:1:4:0:6:6:2:2:1:1:1:0:0:0:2020,,1,numeric_signed_axes_full_v3,0.0807975959778,0.0808528041841232,0.0815180015566432,within_noise,within_noise,1
net_log30:template_v2_bl1_vec_09:rank73,net_log30,Ascend910B3,20,8.1.RC1+toolkit-7.7.0.1.225,template_v2_bl1_vec_09,17664,448,192,fp32,0,0,searched,calibration_template_probe,20:96:448:192:96:32:64:6:42:1:14:0:3:3:2:2:1:1:1:0:0:0:2020,,1,numeric_signed_axes_full_v3,0.0817335987091,0.0808528041839995,0.0811888027191163,regressed,within_noise,1
net_log30:template_v2_bl1_vec_09:rank74,net_log30,Ascend910B3,20,8.1.RC1+toolkit-7.7.0.1.225,template_v2_bl1_vec_09,17664,448,192,fp32,0,0,searched,calibration_template_probe,20:192:448:192:192:80:32:6:36:1:6:0:6:6:2:2:1:1:1:0:0:0:2020,,1,numeric_signed_axes_full_v3,0.0813739967346,0.0808528041840005,0.0811888027190914,within_noise,within_noise,1
net_log30:template_v2_bl1_vec_10:rank1,net_log30,Ascend910B3,20,8.1.RC1+toolkit-7.7.0.1.225,template_v2_bl1_vec_10,17920,320,208,fp32,0,1,searched,calibration_template_probe,20:224:320:208:112:320:8:52:26:1:1:1:26:26:1:1:1:1:1:80:1:1:20,,1,numeric_signed_axes_full_v3,0.132934398651,0.133492403029937,0.13534359931937,within_noise,improved,1
net_log30:template_v2_bl1_vec_10:rank2,net_log30,Ascend910B3,20,8.1.RC1+toolkit-7.7.0.1.225,template_v2_bl1_vec_10,17920,320,208,fp32,0,1,searched,calibration_template_probe,20:256:320:208:128:112:24:18:27:1:3:0:9:9:2:2:2:1:1:70:1:1:20,,1,numeric_signed_axes_full_v3,0.135850400925,0.133492403030019,0.135343599319041,regressed,within_noise,1
net_log30:template_v2_bl1_vec_10:rank3,net_log30,Ascend910B3,20,8.1.RC1+toolkit-7.7.0.1.225,template_v2_bl1_vec_10,17920,320,208,fp32,0,1,searched,calibration_template_probe,20:224:320:208:112:48:16:26:91:1:7:1:13:13:2:2:2:1:1:80:1:1:20,,1,numeric_signed_axes_full_v3,0.132856397629,0.133492403030099,0.135343599319529,within_noise,improved,1
net_log30:template_v2_bl1_vec_10:rank4,net_log30,Ascend910B3,20,8.1.RC1+toolkit-7.7.0.1.225,template_v2_bl1_vec_10,17920,320,208,fp32,0,1,searched,calibration_template_probe,20:160:320:208:80:320:16:26:13:1:1:0:13:13:1:2:1:1:1:112:1:1:20,,1,numeric_signed_axes_full_v3,0.136096801758,0.133492403030009,0.135343599319001,regressed,within_noise,1
net_log30:template_v2_bl1_vec_10:rank5,net_log30,Ascend910B3,20,8.1.RC1+toolkit-7.7.0.1.225,template_v2_bl1_vec_10,17920,320,208,fp32,0,1,searched,calibration_template_probe,20:256:320:208:128:176:16:26:26:1:2:0:13:13:2:1:1:1:1:70:1:1:20,,1,numeric_signed_axes_full_v3,0.133527603149,0.133492403029947,0.135343599319375,within_noise,improved,1
net_log30:template_v2_bl1_vec_10:rank6,net_log30,Ascend910B3,20,8.1.RC1+toolkit-7.7.0.1.225,template_v2_bl1_vec_10,17920,320,208,fp32,0,1,searched,calibration_template_probe,20:256:320:208:128:320:8:52:26:1:1:1:26:26:2:2:1:1:1:70:1:1:20,,1,numeric_signed_axes_full_v3,0.135335597992,0.133492403030019,0.135343599319465,regressed,within_noise,1
net_log30:template_v2_bl1_vec_10:rank7,net_log30,Ascend910B3,20,8.1.RC1+toolkit-7.7.0.1.225,template_v2_bl1_vec_10,17920,320,208,fp32,0,1,searched,calibration_template_probe,20:256:320:208:128:320:24:18:9:1:1:0:9:9:1:1:1:1:1:70:1:1:20,,1,numeric_signed_axes_full_v3,0.133104400635,0.133492403029576,0.135343599319515,within_noise,improved,1
net_log30:template_v2_bl1_vec_10:rank8,net_log30,Ascend910B3,20,8.1.RC1+toolkit-7.7.0.1.225,template_v2_bl1_vec_10,17920,320,208,fp32,0,1,searched,calibration_template_probe,20:224:320:208:112:112:8:52:78:1:3:1:26:26:2:2:2:1:1:80:1:1:20,,1,numeric_signed_axes_full_v3,0.13550359726,0.133492403030024,0.135343599318937,regressed,within_noise,1
net_log30:template_v2_bl1_vec_10:rank9,net_log30,Ascend910B3,20,8.1.RC1+toolkit-7.7.0.1.225,template_v2_bl1_vec_10,17920,320,208,fp32,0,1,searched,calibration_template_probe,20:192:320:208:96:96:16:26:52:1:4:0:13:13:2:2:2:1:1:94:1:1:20,,1,numeric_signed_axes_full_v3,0.133101997375,0.133446798325473,0.135548801422074,within_noise,improved,1
net_log30:template_v2_bl1_vec_10:rank10,net_log30,Ascend910B3,20,8.1.RC1+toolkit-7.7.0.1.225,template_v2_bl1_vec_10,17920,320,208,fp32,0,1,searched,calibration_template_probe,20:224:320:208:112:320:16:26:13:1:1:0:13:13:2:2:1:1:1:80:1:1:20,,1,numeric_signed_axes_full_v3,0.135852804184,0.133446798325006,0.135548801422024,regressed,within_noise,1
net_log30:template_v2_bl1_vec_10:rank11,net_log30,Ascend910B3,20,8.1.RC1+toolkit-7.7.0.1.225,template_v2_bl1_vec_10,17920,320,208,fp32,0,1,searched,calibration_template_probe,20:256:320:208:128:320:8:52:26:1:1:0:26:26:1:2:1:1:1:70:1:1:20,,1,numeric_signed_axes_full_v3,0.133414802551,0.133446798325092,0.135548801422242,within_noise,improved,1
net_log30:template_v2_bl1_vec_10:rank12,net_log30,Ascend910B3,20,8.1.RC1+toolkit-7.7.0.1.225,template_v2_bl1_vec_10,17920,320,208,fp32,0,1,searched,calibration_template_probe,20:224:320:208:112:320:16:26:13:1:1:1:13:13:1:2:1:1:1:80:1:1:20,,1,numeric_signed_axes_full_v3,0.135906400681,0.133446798325063,0.135548801421938,regressed,within_noise,1
net_log30:template_v2_bl1_vec_10:rank13,net_log30,Ascend910B3,20,8.1.RC1+toolkit-7.7.0.1.225,template_v2_bl1_vec_10,17920,320,208,fp32,0,1,searched,calibration_template_probe,20:224:320:208:112:192:16:26:26:1:2:1:13:13:2:2:1:1:1:80:1:1:20,,1,numeric_signed_axes_full_v3,0.133141202927,0.133446798324615,0.135548801421361,within_noise,improved,1
net_log30:template_v2_bl1_vec_10:rank14,net_log30,Ascend910B3,20,8.1.RC1+toolkit-7.7.0.1.225,template_v2_bl1_vec_10,17920,320,208,fp32,0,1,searched,calibration_template_probe,20:256:320:208:128:320:8:52:26:1:1:0:26:26:2:1:1:1:1:70:1:1:20,,1,numeric_signed_axes_full_v3,0.135877599716,0.133446798325052,0.135548801421983,regressed,within_noise,1
net_log30:template_v2_bl1_vec_10:rank15,net_log30,Ascend910B3,20,8.1.RC1+toolkit-7.7.0.1.225,template_v2_bl1_vec_10,17920,320,208,fp32,0,1,searched,calibration_template_probe,20:256:320:208:128:64:16:26:65:1:5:0:13:13:2:2:2:1:1:70:1:1:20,,1,numeric_signed_axes_full_v3,0.133630800247,0.133446798324978,0.135548801421825,within_noise,improved,1
net_log30:template_v2_bl1_vec_10:rank16,net_log30,Ascend910B3,20,8.1.RC1+toolkit-7.7.0.1.225,template_v2_bl1_vec_10,17920,320,208,fp32,0,1,searched,calibration_template_probe,20:224:320:208:112:128:8:52:78:1:3:0:26:26:2:2:2:1:1:80:1:1:20,,1,numeric_signed_axes_full_v3,0.13533200264,0.133446798325014,0.13554880142266,regressed,within_noise,1
net_log30:template_v2_bl1_vec_10:rank17,net_log30,Ascend910B3,20,8.1.RC1+toolkit-7.7.0.1.225,template_v2_bl1_vec_10,17920,320,208,fp32,0,1,searched,calibration_template_probe,20:256:320:208:128:160:16:26:26:1:2:0:13:13:2:2:1:1:1:70:1:1:20,,1,numeric_signed_axes_full_v3,0.13315079689,0.13338600158652,0.135978002548093,within_noise,improved,1
net_log30:template_v2_bl1_vec_10:rank18,net_log30,Ascend910B3,20,8.1.RC1+toolkit-7.7.0.1.225,template_v2_bl1_vec_10,17920,320,208,fp32,0,1,searched,calibration_template_probe,20:256:320:208:128:160:16:26:26:1:2:1:13:13:2:1:1:1:1:70:1:1:20,,1,numeric_signed_axes_full_v3,0.135857601166,0.133386001587031,0.135978002548127,regressed,within_noise,1
net_log30:template_v2_bl1_vec_10:rank19,net_log30,Ascend910B3,20,8.1.RC1+toolkit-7.7.0.1.225,template_v2_bl1_vec_10,17920,320,208,fp32,0,1,searched,calibration_template_probe,20:192:320:208:96:320:16:26:13:1:1:1:13:13:2:2:1:1:1:94:1:1:20,,1,numeric_signed_axes_full_v3,0.13299200058,0.133386001586394,0.135978002547398,within_noise,improved,1
net_log30:template_v2_bl1_vec_10:rank20,net_log30,Ascend910B3,20,8.1.RC1+toolkit-7.7.0.1.225,template_v2_bl1_vec_10,17920,320,208,fp32,0,1,searched,calibration_template_probe,20:224:320:208:112:320:24:18:9:1:1:0:9:9:2:1:1:1:1:80:1:1:20,,1,numeric_signed_axes_full_v3,0.135304403305,0.133386001587052,0.135978002547516,regressed,within_noise,1
net_log30:template_v2_bl1_vec_10:rank21,net_log30,Ascend910B3,20,8.1.RC1+toolkit-7.7.0.1.225,template_v2_bl1_vec_10,17920,320,208,fp32,0,1,searched,calibration_template_probe,20:256:320:208:128:112:16:26:39:1:3:1:13:13:2:2:2:1:1:70:1:1:20,,1,numeric_signed_axes_full_v3,0.133406000137,0.13338600158704,0.135978002548088,within_noise,improved,1
net_log30:template_v2_bl1_vec_10:rank22,net_log30,Ascend910B3,20,8.1.RC1+toolkit-7.7.0.1.225,template_v2_bl1_vec_10,17920,320,208,fp32,0,1,searched,calibration_template_probe,20:224:320:208:112:80:16:26:52:1:4:1:13:13:2:2:2:1:1:80:1:1:20,,1,numeric_signed_axes_full_v3,0.135422000885,0.13338600158695,0.135978002548495,regressed,within_noise,1
net_log30:template_v2_bl1_vec_10:rank23,net_log30,Ascend910B3,20,8.1.RC1+toolkit-7.7.0.1.225,template_v2_bl1_vec_10,17920,320,208,fp32,0,1,searched,calibration_template_probe,20:256:320:208:128:80:8:52:104:1:4:1:26:26:2:2:2:1:1:70:1:1:20,,1,numeric_signed_axes_full_v3,0.133412799835,0.133386001587058,0.135978002548655,within_noise,improved,1
net_log30:template_v2_bl1_vec_10:rank24,net_log30,Ascend910B3,20,8.1.RC1+toolkit-7.7.0.1.225,template_v2_bl1_vec_10,17920,320,208,fp32,0,1,searched,calibration_template_probe,20:224:320:208:112:320:24:18:9:1:1:1:9:9:1:1:1:1:1:80:1:1:20,,1,numeric_signed_axes_full_v3,0.135434398651,0.133386001586998,0.13597800254787,regressed,within_noise,1
net_log30:template_v2_bl1_vec_10:rank25,net_log30,Ascend910B3,20,8.1.RC1+toolkit-7.7.0.1.225,template_v2_bl1_vec_10,17920,320,208,fp32,0,1,searched,calibration_template_probe,20:256:320:208:128:112:8:52:78:1:3:0:26:26:2:2:2:1:1:70:1:1:20,,1,numeric_signed_axes_full_v3,0.132940397263,0.13334199905342,0.135215597153196,within_noise,improved,1
net_log30:template_v2_bl1_vec_10:rank26,net_log30,Ascend910B3,20,8.1.RC1+toolkit-7.7.0.1.225,template_v2_bl1_vec_10,17920,320,208,fp32,0,1,searched,calibration_template_probe,20:224:320:208:112:112:16:26:39:1:3:0:13:13:2:2:2:1:1:80:1:1:20,,1,numeric_signed_axes_full_v3,0.135962400436,0.133341999054062,0.135215597152998,regressed,within_noise,1
net_log30:template_v2_bl1_vec_10:rank27,net_log30,Ascend910B3,20,8.1.RC1+toolkit-7.7.0.1.225,template_v2_bl1_vec_10,17920,320,208,fp32,0,1,searched,calibration_template_probe,20:224:320:208:112:96:8:52:104:1:4:0:26:26:2:2:2:1:1:80:1:1:20,,1,numeric_signed_axes_full_v3,0.132654399872,0.133341999053994,0.135215597153169,within_noise,improved,1
net_log30:template_v2_bl1_vec_10:rank28,net_log30,Ascend910B3,20,8.1.RC1+toolkit-7.7.0.1.225,template_v2_bl1_vec_10,17920,320,208,fp32,0,1,searched,calibration_template_probe,20:256:320:208:128:320:8:52:26:1:1:0:26:26:2:2:1:1:1:70:1:1:20,,1,numeric_signed_axes_full_v3,0.135839996338,0.133341999054039,0.135215597152991,regressed,within_noise,1
net_log30:template_v2_bl1_vec_10:rank29,net_log30,Ascend910B3,20,8.1.RC1+toolkit-7.7.0.1.225,template_v2_bl1_vec_10,17920,320,208,fp32,0,1,searched,calibration_template_probe,20:160:320:208:80:320:16:26:13:1:1:0:13:13:2:2:1:1:1:112:1:1:20,,1,numeric_signed_axes_full_v3,0.133586797714,0.13334199905397,0.135215597153593,within_noise,improved,1
net_log30:template_v2_bl1_vec_10:rank30,net_log30,Ascend910B3,20,8.1.RC1+toolkit-7.7.0.1.225,template_v2_bl1_vec_10,17920,320,208,fp32,0,1,searched,calibration_template_probe,20:256:320:208:128:320:8:52:26:1:1:0:26:26:1:1:1:1:1:70:1:1:20,,1,numeric_signed_axes_full_v3,0.135480003357,0.13334199905403,0.135215597153043,regressed,within_noise,1
net_log30:template_v2_bl1_vec_10:rank31,net_log30,Ascend910B3,20,8.1.RC1+toolkit-7.7.0.1.225,template_v2_bl1_vec_10,17920,320,208,fp32,0,1,searched,calibration_template_probe,20:256:320:208:128:320:8:52:26:1:1:1:26:26:1:2:1:1:1:70:1:1:20,,1,numeric_signed_axes_full_v3,0.133446798325,0.133341999053966,0.13521559715341,within_noise,improved,1
net_log30:template_v2_bl1_vec_10:rank32,net_log30,Ascend910B3,20,8.1.RC1+toolkit-7.7.0.1.225,template_v2_bl1_vec_10,17920,320,208,fp32,0,1,searched,calibration_template_probe,20:256:320:208:128:320:8:52:26:1:1:1:26:26:2:1:1:1:1:70:1:1:20,,1,numeric_signed_axes_full_v3,0.136242399216,0.133341999054031,0.135215597152976,regressed,within_noise,1
net_log30:template_v2_bl1_vec_10:rank33,net_log30,Ascend910B3,20,8.1.RC1+toolkit-7.7.0.1.225,template_v2_bl1_vec_10,17920,320,208,fp32,0,1,searched,calibration_template_probe,20:224:320:208:112:320:16:26:13:1:1:0:13:13:1:2:1:1:1:80:1:1:20,,1,numeric_signed_axes_full_v3,0.13300359726,0.133223600388239,0.135215597153053,within_noise,improved,1
net_log30:template_v2_bl1_vec_10:rank34,net_log30,Ascend910B3,20,8.1.RC1+toolkit-7.7.0.1.225,template_v2_bl1_vec_10,17920,320,208,fp32,0,1,searched,calibration_template_probe,20:160:320:208:80:320:16:26:13:1:1:1:13:13:1:2:1:1:1:112:1:1:20,,1,numeric_signed_axes_full_v3,0.13596039772,0.133223600387984,0.135215597153035,regressed,within_noise,1
net_log30:template_v2_bl1_vec_10:rank35,net_log30,Ascend910B3,20,8.1.RC1+toolkit-7.7.0.1.225,template_v2_bl1_vec_10,17920,320,208,fp32,0,1,searched,calibration_template_probe,20:256:320:208:128:176:16:26:26:1:2:1:13:13:2:2:1:1:1:70:1:1:20,,1,numeric_signed_axes_full_v3,0.132840795517,0.133223600387857,0.135215597153486,within_noise,improved,1
net_log30:template_v2_bl1_vec_10:rank36,net_log30,Ascend910B3,20,8.1.RC1+toolkit-7.7.0.1.225,template_v2_bl1_vec_10,17920,320,208,fp32,0,1,searched,calibration_template_probe,20:224:320:208:112:96:16:26:52:1:4:1:13:13:2:2:2:1:1:80:1:1:20,,1,numeric_signed_axes_full_v3,0.135354003906,0.133223600387993,0.135215597153066,regressed,within_noise,1
net_log30:template_v2_bl1_vec_10:rank37,net_log30,Ascend910B3,20,8.1.RC1+toolkit-7.7.0.1.225,template_v2_bl1_vec_10,17920,320,208,fp32,0,1,searched,calibration_template_probe,20:256:320:208:128:320:24:18:9:1:1:1:9:9:1:1:1:1:1:70:1:1:20,,1,numeric_signed_axes_full_v3,0.133452396393,0.13322360038797,0.135215597153524,within_noise,improved,1
net_log30:template_v2_bl1_vec_10:rank38,net_log30,Ascend910B3,20,8.1.RC1+toolkit-7.7.0.1.225,template_v2_bl1_vec_10,17920,320,208,fp32,0,1,searched,calibration_template_probe,20:224:320:208:112:320:24:18:9:1:1:0:9:9:1:1:1:1:1:80:1:1:20,,1,numeric_signed_axes_full_v3,0.135347995758,0.13322360038801,0.135215597153021,regressed,within_noise,1
net_log30:template_v2_bl1_vec_10:rank39,net_log30,Ascend910B3,20,8.1.RC1+toolkit-7.7.0.1.225,template_v2_bl1_vec_10,17920,320,208,fp32,0,1,searched,calibration_template_probe,20:224:320:208:112:320:8:52:26:1:1:0:26:26:2:1:1:1:1:80:1:1:20,,1,numeric_signed_axes_full_v3,0.132684803009,0.133223600388053,0.135215597152522,within_noise,improved,1
net_log30:template_v2_bl1_vec_10:rank40,net_log30,Ascend910B3,20,8.1.RC1+toolkit-7.7.0.1.225,template_v2_bl1_vec_10,17920,320,208,fp32,0,1,searched,calibration_template_probe,20:224:320:208:112:320:8:52:26:1:1:1:26:26:2:2:1:1:1:80:1:1:20,,1,numeric_signed_axes_full_v3,0.135441198349,0.133223600387971,0.13521559715297,regressed,within_noise,1
net_log30:template_v2_bl1_vec_10:rank41,net_log30,Ascend910B3,20,8.1.RC1+toolkit-7.7.0.1.225,template_v2_bl1_vec_10,17920,320,208,fp32,0,1,searched,calibration_template_probe,20:256:320:208:128:320:8:52:26:1:1:1:26:26:1:1:1:1:1:70:1:1:20,,1,numeric_signed_axes_full_v3,0.132933597565,0.132483196259039,0.135352802276954,within_noise,improved,1
net_log30:template_v2_bl1_vec_10:rank42,net_log30,Ascend910B3,20,8.1.RC1+toolkit-7.7.0.1.225,template_v2_bl1_vec_10,17920,320,208,fp32,0,1,searched,calibration_template_probe,20:224:320:208:112:320:8:52:26:1:1:0:26:26:1:1:1:1:1:80:1:1:20,,1,numeric_signed_axes_full_v3,0.135811595917,0.132483196258934,0.135352802277015,regressed,within_noise,1
net_log30:template_v2_bl1_vec_10:rank43,net_log30,Ascend910B3,20,8.1.RC1+toolkit-7.7.0.1.225,template_v2_bl1_vec_10,17920,320,208,fp32,0,1,searched,calibration_template_probe,20:224:320:208:112:320:8:52:26:1:1:1:26:26:2:1:1:1:1:80:1:1:20,,1,numeric_signed_axes_full_v3,0.132935600281,0.132483196259038,0.13535280227659,within_noise,improved,1
net_log30:template_v2_bl1_vec_10:rank44,net_log30,Ascend910B3,20,8.1.RC1+toolkit-7.7.0.1.225,template_v2_bl1_vec_10,17920,320,208,fp32,0,1,searched,calibration_template_probe,20:224:320:208:112:64:16:26:65:1:5:0:13:13:2:2:2:1:1:80:1:1:20,,1,numeric_signed_axes_full_v3,0.135221996307,0.132483196259029,0.13535280227744,regressed,within_noise,1
net_log30:template_v2_bl1_vec_10:rank45,net_log30,Ascend910B3,20,8.1.RC1+toolkit-7.7.0.1.225,template_v2_bl1_vec_10,17920,320,208,fp32,0,1,searched,calibration_template_probe,20:192:320:208:96:80:16:26:52:1:4:1:13:13:2:2:2:1:1:94:1:1:20,,1,numeric_signed_axes_full_v3,0.132929601669,0.132483196259052,0.135352802277458,within_noise,improved,1
net_log30:template_v2_bl1_vec_10:rank46,net_log30,Ascend910B3,20,8.1.RC1+toolkit-7.7.0.1.225,template_v2_bl1_vec_10,17920,320,208,fp32,0,1,searched,calibration_template_probe,20:224:320:208:112:320:8:52:26:1:1:0:26:26:2:2:1:1:1:80:1:1:20,,1,numeric_signed_axes_full_v3,0.135206003189,0.132483196259036,0.135352802276798,regressed,within_noise,1
net_log30:template_v2_bl1_vec_10:rank47,net_log30,Ascend910B3,20,8.1.RC1+toolkit-7.7.0.1.225,template_v2_bl1_vec_10,17920,320,208,fp32,0,1,searched,calibration_template_probe,20:224:320:208:112:320:8:52:26:1:1:0:26:26:1:2:1:1:1:80:1:1:20,,1,numeric_signed_axes_full_v3,0.133105602264,0.132483196259014,0.135352802276442,within_noise,improved,1
net_log30:template_v2_bl1_vec_10:rank48,net_log30,Ascend910B3,20,8.1.RC1+toolkit-7.7.0.1.225,template_v2_bl1_vec_10,17920,320,208,fp32,0,1,searched,calibration_template_probe,20:224:320:208:112:320:8:52:26:1:1:1:26:26:1:2:1:1:1:80:1:1:20,,1,numeric_signed_axes_full_v3,0.135397195816,0.132483196258942,0.135352802276959,regressed,within_noise,1
net_log30:template_v2_bl1_vec_10:rank49,net_log30,Ascend910B3,20,8.1.RC1+toolkit-7.7.0.1.225,template_v2_bl1_vec_10,17920,320,208,fp32,0,1,searched,calibration_template_probe,20:256:320:208:128:80:24:18:36:1:4:0:9:9:2:2:2:1:1:70:1:1:20,,1,numeric_signed_axes_full_v3,0.132815999985,0.132483196259037,0.135352802277028,within_noise,improved,1
net_log30:template_v2_bl1_vec_10:rank50,net_log30,Ascend910B3,20,8.1.RC1+toolkit-7.7.0.1.225,template_v2_bl1_vec_10,17920,320,208,fp32,0,1,searched,calibration_template_probe,20:224:320:208:112:320:16:26:13:1:1:1:13:13:2:2:1:1:1:80:1:1:20,,1,numeric_signed_axes_full_v3,0.135973997116,0.132483196259065,0.135352802276939,regressed,within_noise,1
net_log30:template_v2_bl1_vec_10:rank51,net_log30,Ascend910B3,20,8.1.RC1+toolkit-7.7.0.1.225,template_v2_bl1_vec_10,17920,320,208,fp32,0,1,searched,calibration_template_probe,20:256:320:208:128:320:16:26:13:1:1:0:13:13:2:2:1:1:1:70:1:1:20,,1,numeric_signed_axes_full_v3,0.132938404083,0.132483196258957,0.135352802276409,within_noise,improved,1
net_log30:template_v2_bl1_vec_10:rank52,net_log30,Ascend910B3,20,8.1.RC1+toolkit-7.7.0.1.225,template_v2_bl1_vec_10,17920,320,208,fp32,0,1,searched,calibration_template_probe,20:256:320:208:128:320:16:26:13:1:1:0:13:13:1:2:1:1:1:70:1:1:20,,1,numeric_signed_axes_full_v3,0.135531597137,0.132483196258958,0.135352802277011,regressed,within_noise,1
net_log30:template_v2_bl1_vec_10:rank53,net_log30,Ascend910B3,20,8.1.RC1+toolkit-7.7.0.1.225,template_v2_bl1_vec_10,17920,320,208,fp32,0,1,searched,calibration_template_probe,20:256:320:208:128:320:16:26:13:1:1:1:13:13:2:2:1:1:1:70:1:1:20,,1,numeric_signed_axes_full_v3,0.133671197891,0.132483196259023,0.135352802276831,within_noise,improved,1
net_log30:template_v2_bl1_vec_10:rank54,net_log30,Ascend910B3,20,8.1.RC1+toolkit-7.7.0.1.225,template_v2_bl1_vec_10,17920,320,208,fp32,0,1,searched,calibration_template_probe,20:256:320:208:128:320:16:26:13:1:1:1:13:13:1:2:1:1:1:70:1:1:20,,1,numeric_signed_axes_full_v3,0.13518119812,0.132483196259006,0.135352802276538,regressed,within_noise,1
net_log30:template_v2_bl1_vec_10:rank55,net_log30,Ascend910B3,20,8.1.RC1+toolkit-7.7.0.1.225,template_v2_bl1_vec_10,17920,320,208,fp32,0,1,searched,calibration_template_probe,20:224:320:208:112:80:8:52:104:1:4:1:26:26:2:2:2:1:1:80:1:1:20,,1,numeric_signed_axes_full_v3,0.133108797073,0.13248319625899,0.135352802276399,within_noise,improved,1
net_log30:template_v2_bl1_vec_10:rank56,net_log30,Ascend910B3,20,8.1.RC1+toolkit-7.7.0.1.225,template_v2_bl1_vec_10,17920,320,208,fp32,0,1,searched,calibration_template_probe,20:192:320:208:96:320:16:26:13:1:1:0:13:13:1:2:1:1:1:94:1:1:20,,1,numeric_signed_axes_full_v3,0.135442399979,0.132483196259062,0.13535280227697,regressed,within_noise,1
net_log30:template_v2_bl1_vec_10:rank57,net_log30,Ascend910B3,20,8.1.RC1+toolkit-7.7.0.1.225,template_v2_bl1_vec_10,17920,320,208,fp32,0,1,searched,calibration_template_probe,20:192:320:208:96:320:16:26:13:1:1:1:13:13:1:2:1:1:1:94:1:1:20,,1,numeric_signed_axes_full_v3,0.132932395935,0.133065595627409,0.135900802611646,within_noise,improved,1
net_log30:template_v2_bl1_vec_10:rank58,net_log30,Ascend910B3,20,8.1.RC1+toolkit-7.7.0.1.225,template_v2_bl1_vec_10,17920,320,208,fp32,0,1,searched,calibration_template_probe,20:224:320:208:112:112:24:18:27:1:3:0:9:9:2:2:2:1:1:80:1:1:20,,1,numeric_signed_axes_full_v3,0.136014404297,0.133065595627002,0.135900802612015,regressed,within_noise,1
net_log30:template_v2_bl1_vec_10:rank59,net_log30,Ascend910B3,20,8.1.RC1+toolkit-7.7.0.1.225,template_v2_bl1_vec_10,17920,320,208,fp32,0,1,searched,calibration_template_probe,20:256:320:208:128:80:16:26:52:1:4:0:13:13:2:2:2:1:1:70:1:1:20,,1,numeric_signed_axes_full_v3,0.132910804749,0.133065595626818,0.135900802611586,within_noise,improved,1
net_log30:template_v2_bl1_vec_10:rank60,net_log30,Ascend910B3,20,8.1.RC1+toolkit-7.7.0.1.225,template_v2_bl1_vec_10,17920,320,208,fp32,0,1,searched,calibration_template_probe,20:128:320:208:128:128:16:13:39:1:3:0:13:13:2:2:1:1:1:0:0:0:2020,,1,numeric_signed_axes_full_v3,0.13592880249,0.133065595627063,0.135900802611941,regressed,within_noise,1
net_log30:template_v2_bl1_vec_10:rank61,net_log30,Ascend910B3,20,8.1.RC1+toolkit-7.7.0.1.225,template_v2_bl1_vec_10,17920,320,208,fp32,0,1,searched,calibration_template_probe,20:256:320:208:256:64:32:7:35:1:5:0:7:7:2:2:1:1:1:0:0:0:2020,,1,numeric_signed_axes_full_v3,0.133118801117,0.133065595626951,0.135900802611432,within_noise,improved,1
net_log30:template_v2_bl1_vec_10:rank62,net_log30,Ascend910B3,20,8.1.RC1+toolkit-7.7.0.1.225,template_v2_bl1_vec_10,17920,320,208,fp32,0,1,searched,calibration_template_probe,20:256:320:208:256:32:8:26:260:1:10:0:26:26:2:2:1:1:1:0:0:0:2020,,1,numeric_signed_axes_full_v3,0.13534040451,0.133065595626989,0.135900802612639,regressed,within_noise,1
net_log30:template_v2_bl1_vec_10:rank63,net_log30,Ascend910B3,20,8.1.RC1+toolkit-7.7.0.1.225,template_v2_bl1_vec_10,17920,320,208,fp32,0,1,searched,calibration_template_probe,20:128:320:208:128:192:32:7:14:1:2:0:7:7:2:2:1:1:1:0:0:0:2020,,1,numeric_signed_axes_full_v3,0.133100004196,0.133065595626937,0.135900802612074,within_noise,improved,1
net_log30:template_v2_bl1_vec_10:rank64,net_log30,Ascend910B3,20,8.1.RC1+toolkit-7.7.0.1.225,template_v2_bl1_vec_10,17920,320,208,fp32,0,1,searched,calibration_template_probe,20:192:320:208:192:32:32:7:70:1:10:0:7:7:2:2:1:1:1:0:0:0:2020,,1,numeric_signed_axes_full_v3,0.135432395935,0.133065595626995,0.135900802611895,regressed,within_noise,1
net_log30:template_v2_bl1_vec_10:rank65,net_log30,Ascend910B3,20,8.1.RC1+toolkit-7.7.0.1.225,template_v2_bl1_vec_10,17920,320,208,fp32,0,1,searched,calibration_template_probe,20:256:320:208:256:64:16:13:65:1:5:0:13:13:2:2:1:1:1:0:0:0:2020,,1,numeric_signed_axes_full_v3,0.132799196243,0.133065595627118,0.135298404694252,within_noise,improved,1
net_log30:template_v2_bl1_vec_10:rank66,net_log30,Ascend910B3,20,8.1.RC1+toolkit-7.7.0.1.225,template_v2_bl1_vec_10,17920,320,208,fp32,0,1,searched,calibration_template_probe,20:128:320:208:128:64:16:26:65:1:5:0:13:13:2:2:1:1:1:0:0:0:2020,,1,numeric_signed_axes_full_v3,0.136013202667,0.133065595627053,0.135298404693956,regressed,within_noise,1
net_log30:template_v2_bl1_vec_10:rank67,net_log30,Ascend910B3,20,8.1.RC1+toolkit-7.7.0.1.225,template_v2_bl1_vec_10,17920,320,208,fp32,0,1,searched,calibration_template_probe,20:128:320:208:128:192:16:13:26:1:2:0:13:13:2:2:1:1:1:0:0:0:2020,,1,numeric_signed_axes_full_v3,0.133002004623,0.133065595626572,0.135298404694062,within_noise,improved,1
net_log30:template_v2_bl1_vec_10:rank68,net_log30,Ascend910B3,20,8.1.RC1+toolkit-7.7.0.1.225,template_v2_bl1_vec_10,17920,320,208,fp32,0,1,searched,calibration_template_probe,20:128:320:208:128:64:16:13:65:1:5:0:13:13:2:2:1:1:1:0:0:0:2020,,1,numeric_signed_axes_full_v3,0.135839195251,0.133065595626969,0.135298404693948,regressed,within_noise,1
net_log30:template_v2_bl1_vec_10:rank69,net_log30,Ascend910B3,20,8.1.RC1+toolkit-7.7.0.1.225,template_v2_bl1_vec_10,17920,320,208,fp32,0,1,searched,calibration_template_probe,20:192:320:208:192:160:32:7:14:1:2:0:7:7:2:2:1:1:1:0:0:0:2020,,1,numeric_signed_axes_full_v3,0.133145198822,0.133065595626988,0.135298404693851,within_noise,improved,1
net_log30:template_v2_bl1_vec_10:rank70,net_log30,Ascend910B3,20,8.1.RC1+toolkit-7.7.0.1.225,template_v2_bl1_vec_10,17920,320,208,fp32,0,1,searched,calibration_template_probe,20:256:320:208:256:32:32:7:70:1:10:0:7:7:2:2:1:1:1:0:0:0:2020,,1,numeric_signed_axes_full_v3,0.135469999313,0.133065595627023,0.135298404694012,regressed,within_noise,1
net_log30:template_v2_bl1_vec_10:rank71,net_log30,Ascend910B3,20,8.1.RC1+toolkit-7.7.0.1.225,template_v2_bl1_vec_10,17920,320,208,fp32,0,1,searched,calibration_template_probe,20:192:320:208:192:112:32:7:21:1:3:0:7:7:2:2:1:1:1:0:0:0:2020,,1,numeric_signed_axes_full_v3,0.133204803467,0.133065595626955,0.135298404694508,within_noise,improved,1
net_log30:template_v2_bl1_vec_10:rank72,net_log30,Ascend910B3,20,8.1.RC1+toolkit-7.7.0.1.225,template_v2_bl1_vec_10,17920,320,208,fp32,0,1,searched,calibration_template_probe,20:256:320:208:256:32:16:13:130:1:10:0:13:13:2:2:1:1:1:0:0:0:2020,,1,numeric_signed_axes_full_v3,0.136175203323,0.133065595626965,0.135298404694031,regressed,within_noise,1
net_log30:template_v2_bl1_vec_10:rank73,net_log30,Ascend910B3,20,8.1.RC1+toolkit-7.7.0.1.225,template_v2_bl1_vec_10,17920,320,208,fp32,0,1,searched,calibration_template_probe,20:192:320:208:192:80:32:7:28:1:4:0:7:7:2:2:1:1:1:0:0:0:2020,,1,numeric_signed_axes_full_v3,0.132952404022,0.133014802932751,0.135298404694608,within_noise,improved,1
net_log30:template_v2_bl1_vec_10:rank74,net_log30,Ascend910B3,20,8.1.RC1+toolkit-7.7.0.1.225,template_v2_bl1_vec_10,17920,320,208,fp32,0,1,searched,calibration_template_probe,20:256:320:208:256:64:8:26:130:1:5:0:26:26:2:2:1:1:1:0:0:0:2020,,1,numeric_signed_axes_full_v3,0.135850400925,0.133014802933026,0.135298404694062,regressed,within_noise,1
net_log30:template_v2_bl1_vec_11:rank1,net_log30,Ascend910B3,20,8.1.RC1+toolkit-7.7.0.1.225,template_v2_bl1_vec_11,18176,320,224,fp32,0,0,searched,calibration_template_probe,20:192:320:224:96:320:16:28:14:1:1:1:14:14:1:1:1:1:1:95:1:1:20,,1,numeric_signed_axes_full_v3,0.083240404129,0.0830284023285017,0.0836340045927525,within_noise,within_noise,1
net_log30:template_v2_bl1_vec_11:rank2,net_log30,Ascend910B3,20,8.1.RC1+toolkit-7.7.0.1.225,template_v2_bl1_vec_11,18176,320,224,fp32,0,0,searched,calibration_template_probe,20:256:320:224:128:16:16:28:280:1:20:0:14:14:2:2:2:1:1:71:1:1:20,,1,numeric_signed_axes_full_v3,0.0830171966553,0.0830284023281269,0.0836340045930619,within_noise,within_noise,1
net_log30:template_v2_bl1_vec_11:rank3,net_log30,Ascend910B3,20,8.1.RC1+toolkit-7.7.0.1.225,template_v2_bl1_vec_11,18176,320,224,fp32,0,0,searched,calibration_template_probe,20:192:320:224:96:160:32:14:14:1:2:1:7:7:2:2:2:1:1:95:1:1:20,,1,numeric_signed_axes_full_v3,0.0832324028015,0.0830284023284643,0.083634004592578,within_noise,within_noise,1
net_log30:template_v2_bl1_vec_11:rank4,net_log30,Ascend910B3,20,8.1.RC1+toolkit-7.7.0.1.225,template_v2_bl1_vec_11,18176,320,224,fp32,0,0,searched,calibration_template_probe,20:192:320:224:96:192:32:14:14:1:2:0:7:7:1:2:1:1:1:95:1:1:20,,1,numeric_signed_axes_full_v3,0.0829971981049,0.0830284023282494,0.0836340045932259,within_noise,within_noise,1
net_log30:template_v2_bl1_vec_11:rank5,net_log30,Ascend910B3,20,8.1.RC1+toolkit-7.7.0.1.225,template_v2_bl1_vec_11,18176,320,224,fp32,0,0,searched,calibration_template_probe,20:256:320:224:128:320:32:14:7:1:1:0:7:7:2:1:1:1:1:71:1:1:20,,1,numeric_signed_axes_full_v3,0.0836620044708,0.083028402328524,0.0836340045928719,within_noise,within_noise,1
net_log30:template_v2_bl1_vec_11:rank6,net_log30,Ascend910B3,20,8.1.RC1+toolkit-7.7.0.1.225,template_v2_bl1_vec_11,18176,320,224,fp32,0,0,searched,calibration_template_probe,20:256:320:224:128:16:32:14:140:1:20:1:7:7:2:2:1:1:1:71:1:1:20,,1,numeric_signed_axes_full_v3,0.083834400177,0.0830284023284691,0.0836340045929301,within_noise,within_noise,1
net_log30:template_v2_bl1_vec_11:rank7,net_log30,Ascend910B3,20,8.1.RC1+toolkit-7.7.0.1.225,template_v2_bl1_vec_11,18176,320,224,fp32,0,0,searched,calibration_template_probe,20:256:320:224:128:80:32:14:28:1:4:0:7:7:1:2:1:1:1:71:1:1:20,,1,numeric_signed_axes_full_v3,0.08305560112,0.0830284023284701,0.0836340045927659,within_noise,within_noise,1
net_log30:template_v2_bl1_vec_11:rank8,net_log30,Ascend910B3,20,8.1.RC1+toolkit-7.7.0.1.225,template_v2_bl1_vec_11,18176,320,224,fp32,0,0,searched,calibration_template_probe,20:256:320:224:128:16:16:28:280:1:20:1:14:14:2:1:1:1:1:71:1:1:20,,1,numeric_signed_axes_full_v3,0.0837736034393,0.0830284023284982,0.0836340045929238,within_noise,within_noise,1
net_log30:template_v2_bl1_vec_11:rank9,net_log30,Ascend910B3,20,8.1.RC1+toolkit-7.7.0.1.225,template_v2_bl1_vec_11,18176,320,224,fp32,0,0,searched,calibration_template_probe,20:192:320:224:96:96:16:28:56:1:4:0:14:14:2:2:2:1:1:95:1:1:20,,1,numeric_signed_axes_full_v3,0.0838899993896,0.0838352012634281,0.0830140018463227,within_noise,regressed,1
net_log30:template_v2_bl1_vec_11:rank10,net_log30,Ascend910B3,20,8.1.RC1+toolkit-7.7.0.1.225,template_v2_bl1_vec_11,18176,320,224,fp32,0,0,searched,calibration_template_probe,20:192:320:224:96:192:32:14:14:1:2:1:7:7:2:2:1:1:1:95:1:1:20,,1,numeric_signed_axes_full_v3,0.0831064033508,0.0838352012633984,0.0830140018462786,within_noise,within_noise,1
net_log30:template_v2_bl1_vec_11:rank11,net_log30,Ascend910B3,20,8.1.RC1+toolkit-7.7.0.1.225,template_v2_bl1_vec_11,18176,320,224,fp32,0,0,searched,calibration_template_probe,20:192:320:224:96:320:32:14:7:1:1:0:7:7:1:1:1:1:1:95:1:1:20,,1,numeric_signed_axes_full_v3,0.083238401413,0.0838352012633567,0.0830140018463087,within_noise,within_noise,1
net_log30:template_v2_bl1_vec_11:rank12,net_log30,Ascend910B3,20,8.1.RC1+toolkit-7.7.0.1.225,template_v2_bl1_vec_11,18176,320,224,fp32,0,0,searched,calibration_template_probe,20:192:320:224:96:320:32:14:7:1:1:1:7:7:2:1:1:1:1:95:1:1:20,,1,numeric_signed_axes_full_v3,0.0838164043427,0.0838352012635016,0.0830140018463022,within_noise,within_noise,1
net_log30:template_v2_bl1_vec_11:rank13,net_log30,Ascend910B3,20,8.1.RC1+toolkit-7.7.0.1.225,template_v2_bl1_vec_11,18176,320,224,fp32,0,0,searched,calibration_template_probe,20:256:320:224:128:80:32:14:28:1:4:1:7:7:2:2:2:1:1:71:1:1:20,,1,numeric_signed_axes_full_v3,0.0830455970764,0.0838352012636938,0.0830140018463378,within_noise,within_noise,1
net_log30:template_v2_bl1_vec_11:rank14,net_log30,Ascend910B3,20,8.1.RC1+toolkit-7.7.0.1.225,template_v2_bl1_vec_11,18176,320,224,fp32,0,0,searched,calibration_template_probe,20:192:320:224:96:320:16:28:14:1:1:0:14:14:2:2:1:1:1:95:1:1:20,,1,numeric_signed_axes_full_v3,0.0832108020782,0.083835201263602,0.0830140018462956,within_noise,within_noise,1
net_log30:template_v2_bl1_vec_11:rank15,net_log30,Ascend910B3,20,8.1.RC1+toolkit-7.7.0.1.225,template_v2_bl1_vec_11,18176,320,224,fp32,0,0,searched,calibration_template_probe,20:256:320:224:128:320:16:28:14:1:1:1:14:14:1:2:1:1:1:71:1:1:20,,1,numeric_signed_axes_full_v3,0.0830455970764,0.0838352012636938,0.0830140018463378,within_noise,within_noise,1
net_log30:template_v2_bl1_vec_11:rank16,net_log30,Ascend910B3,20,8.1.RC1+toolkit-7.7.0.1.225,template_v2_bl1_vec_11,18176,320,224,fp32,0,0,searched,calibration_template_probe,20:192:320:224:96:320:16:28:14:1:1:0:14:14:2:1:1:1:1:95:1:1:20,,1,numeric_signed_axes_full_v3,0.0837887954712,0.0838352012638042,0.0830140018463244,within_noise,within_noise,1
net_log30:template_v2_bl1_vec_11:rank17,net_log30,Ascend910B3,20,8.1.RC1+toolkit-7.7.0.1.225,template_v2_bl1_vec_11,18176,320,224,fp32,0,0,searched,calibration_template_probe,20:256:320:224:128:320:32:14:7:1:1:1:7:7:1:1:1:1:1:71:1:1:20,,1,numeric_signed_axes_full_v3,0.0838908004761,0.0832707977295278,0.0830140018462828,within_noise,regressed,1
net_log30:template_v2_bl1_vec_11:rank18,net_log30,Ascend910B3,20,8.1.RC1+toolkit-7.7.0.1.225,template_v2_bl1_vec_11,18176,320,224,fp32,0,0,searched,calibration_template_probe,20:256:320:224:128:80:16:28:56:1:4:0:14:14:2:2:2:1:1:71:1:1:20,,1,numeric_signed_axes_full_v3,0.0829959964752,0.0832707977292266,0.0830140018466147,within_noise,within_noise,1
net_log30:template_v2_bl1_vec_11:rank19,net_log30,Ascend910B3,20,8.1.RC1+toolkit-7.7.0.1.225,template_v2_bl1_vec_11,18176,320,224,fp32,0,0,searched,calibration_template_probe,20:256:320:224:128:80:32:14:28:1:4:0:7:7:2:2:1:1:1:71:1:1:20,,1,numeric_signed_axes_full_v3,0.08387840271,0.0832707977295153,0.0830140018462922,within_noise,regressed,1
net_log30:template_v2_bl1_vec_11:rank20,net_log30,Ascend910B3,20,8.1.RC1+toolkit-7.7.0.1.225,template_v2_bl1_vec_11,18176,320,224,fp32,0,0,searched,calibration_template_probe,20:192:320:224:96:112:16:28:42:1:3:1:14:14:2:2:2:1:1:95:1:1:20,,1,numeric_signed_axes_full_v3,0.0837948036194,0.0832707977295313,0.083014001846317,within_noise,within_noise,1
net_log30:template_v2_bl1_vec_11:rank21,net_log30,Ascend910B3,20,8.1.RC1+toolkit-7.7.0.1.225,template_v2_bl1_vec_11,18176,320,224,fp32,0,0,searched,calibration_template_probe,20:256:320:224:128:64:16:28:70:1:5:0:14:14:2:2:1:1:1:71:1:1:20,,1,numeric_signed_axes_full_v3,0.083079996109,0.0832707977294215,0.0830140018463277,within_noise,within_noise,1
net_log30:template_v2_bl1_vec_11:rank22,net_log30,Ascend910B3,20,8.1.RC1+toolkit-7.7.0.1.225,template_v2_bl1_vec_11,18176,320,224,fp32,0,0,searched,calibration_template_probe,20:256:320:224:128:64:32:14:35:1:5:1:7:7:2:1:1:1:1:71:1:1:20,,1,numeric_signed_axes_full_v3,0.0838212013245,0.0832707977295318,0.0830140018462903,within_noise,within_noise,1
net_log30:template_v2_bl1_vec_11:rank23,net_log30,Ascend910B3,20,8.1.RC1+toolkit-7.7.0.1.225,template_v2_bl1_vec_11,18176,320,224,fp32,0,0,searched,calibration_template_probe,20:256:320:224:128:320:16:28:14:1:1:0:14:14:1:1:1:1:1:71:1:1:20,,1,numeric_signed_axes_full_v3,0.0833047962189,0.0832707977295137,0.0830140018462836,within_noise,within_noise,1
net_log30:template_v2_bl1_vec_11:rank24,net_log30,Ascend910B3,20,8.1.RC1+toolkit-7.7.0.1.225,template_v2_bl1_vec_11,18176,320,224,fp32,0,0,searched,calibration_template_probe,20:256:320:224:128:32:16:28:140:1:10:1:14:14:2:2:2:1:1:71:1:1:20,,1,numeric_signed_axes_full_v3,0.0838220024109,0.0832707977294693,0.0830140018463158,within_noise,within_noise,1
net_log30:template_v2_bl1_vec_11:rank25,net_log30,Ascend910B3,20,8.1.RC1+toolkit-7.7.0.1.225,template_v2_bl1_vec_11,18176,320,224,fp32,0,0,searched,calibration_template_probe,20:192:320:224:96:320:16:28:14:1:1:1:14:14:1:2:1:1:1:95:1:1:20,,1,numeric_signed_axes_full_v3,0.0838436031342,0.0832707977295169,0.0829724025726022,within_noise,regressed,1
net_log30:template_v2_bl1_vec_11:rank26,net_log30,Ascend910B3,20,8.1.RC1+toolkit-7.7.0.1.225,template_v2_bl1_vec_11,18176,320,224,fp32,0,0,searched,calibration_template_probe,20:192:320:224:96:128:32:14:21:1:3:0:7:7:2:2:2:1:1:95:1:1:20,,1,numeric_signed_axes_full_v3,0.0832067966461,0.0832707977298228,0.0829724025725833,within_noise,within_noise,1
net_log30:template_v2_bl1_vec_11:rank27,net_log30,Ascend910B3,20,8.1.RC1+toolkit-7.7.0.1.225,template_v2_bl1_vec_11,18176,320,224,fp32,0,0,searched,calibration_template_probe,20:256:320:224:128:160:32:14:14:1:2:0:7:7:1:1:1:1:1:71:1:1:20,,1,numeric_signed_axes_full_v3,0.0830480003357,0.0832707977298252,0.0829724025726371,within_noise,within_noise,1
net_log30:template_v2_bl1_vec_11:rank28,net_log30,Ascend910B3,20,8.1.RC1+toolkit-7.7.0.1.225,template_v2_bl1_vec_11,18176,320,224,fp32,0,0,searched,calibration_template_probe,20:256:320:224:128:80:16:28:56:1:4:1:14:14:2:2:1:1:1:71:1:1:20,,1,numeric_signed_axes_full_v3,0.0829979991913,0.0832707977296547,0.0829724025725773,within_noise,within_noise,1
net_log30:template_v2_bl1_vec_11:rank29,net_log30,Ascend910B3,20,8.1.RC1+toolkit-7.7.0.1.225,template_v2_bl1_vec_11,18176,320,224,fp32,0,0,searched,calibration_template_probe,20:192:320:224:96:320:16:28:14:1:1:0:14:14:1:2:1:1:1:95:1:1:20,,1,numeric_signed_axes_full_v3,0.08305560112,0.0832707977298489,0.0829724025726324,within_noise,within_noise,1
net_log30:template_v2_bl1_vec_11:rank30,net_log30,Ascend910B3,20,8.1.RC1+toolkit-7.7.0.1.225,template_v2_bl1_vec_11,18176,320,224,fp32,0,0,searched,calibration_template_probe,20:192:320:224:96:320:16:28:14:1:1:1:14:14:2:2:1:1:1:95:1:1:20,,1,numeric_signed_axes_full_v3,0.0837600040436,0.083270797729533,0.0829724025725681,within_noise,within_noise,1
net_log30:template_v2_bl1_vec_11:rank31,net_log30,Ascend910B3,20,8.1.RC1+toolkit-7.7.0.1.225,template_v2_bl1_vec_11,18176,320,224,fp32,0,0,searched,calibration_template_probe,20:256:320:224:128:16:32:14:140:1:20:0:7:7:2:1:1:1:1:71:1:1:20,,1,numeric_signed_axes_full_v3,0.0830379962921,0.0832707977298352,0.0829724025726309,within_noise,within_noise,1
net_log30:template_v2_bl1_vec_11:rank32,net_log30,Ascend910B3,20,8.1.RC1+toolkit-7.7.0.1.225,template_v2_bl1_vec_11,18176,320,224,fp32,0,0,searched,calibration_template_probe,20:192:320:224:96:320:32:14:7:1:1:0:7:7:2:1:1:1:1:95:1:1:20,,1,numeric_signed_axes_full_v3,0.0837843990326,0.0832707977294681,0.0829724025726083,within_noise,within_noise,1
net_log30:template_v2_bl1_vec_11:rank33,net_log30,Ascend910B3,20,8.1.RC1+toolkit-7.7.0.1.225,template_v2_bl1_vec_11,18176,320,224,fp32,0,0,searched,calibration_template_probe,20:192:320:224:96:320:16:28:14:1:1:0:14:14:1:1:1:1:1:95:1:1:20,,1,numeric_signed_axes_full_v3,0.0838731956482,0.0830552005767669,0.0829724025725821,within_noise,regressed,1
net_log30:template_v2_bl1_vec_11:rank34,net_log30,Ascend910B3,20,8.1.RC1+toolkit-7.7.0.1.225,template_v2_bl1_vec_11,18176,320,224,fp32,0,0,searched,calibration_template_probe,20:192:320:224:96:320:32:14:7:1:1:1:7:7:1:1:1:1:1:95:1:1:20,,1,numeric_signed_axes_full_v3,0.0838496017456,0.0830552005768339,0.0829724025726046,within_noise,regressed,1
net_log30:template_v2_bl1_vec_11:rank35,net_log30,Ascend910B3,20,8.1.RC1+toolkit-7.7.0.1.225,template_v2_bl1_vec_11,18176,320,224,fp32,0,0,searched,calibration_template_probe,20:192:320:224:96:80:16:28:56:1:4:0:14:14:2:2:2:1:1:95:1:1:20,,1,numeric_signed_axes_full_v3,0.0836408042908,0.0830552005767605,0.0829724025725938,within_noise,within_noise,1
net_log30:template_v2_bl1_vec_11:rank36,net_log30,Ascend910B3,20,8.1.RC1+toolkit-7.7.0.1.225,template_v2_bl1_vec_11,18176,320,224,fp32,0,0,searched,calibration_template_probe,20:256:320:224:128:64:16:28:70:1:5:1:14:14:2:2:2:1:1:71:1:1:20,,1,numeric_signed_axes_full_v3,0.0838148021698,0.0830552005767663,0.0829724025726118,within_noise,regressed,1
net_log30:template_v2_bl1_vec_11:rank37,net_log30,Ascend910B3,20,8.1.RC1+toolkit-7.7.0.1.225,template_v2_bl1_vec_11,18176,320,224,fp32,0,0,searched,calibration_template_probe,20:160:320:224:80:160:16:28:28:1:2:1:14:14:2:2:2:1:1:114:1:1:20,,1,numeric_signed_axes_full_v3,0.0830992031097,0.0830552005768099,0.0829724025725789,within_noise,within_noise,1
net_log30:template_v2_bl1_vec_11:rank38,net_log30,Ascend910B3,20,8.1.RC1+toolkit-7.7.0.1.225,template_v2_bl1_vec_11,18176,320,224,fp32,0,0,searched,calibration_template_probe,20:256:320:224:128:64:32:14:35:1:5:0:7:7:2:2:2:1:1:71:1:1:20,,1,numeric_signed_axes_full_v3,0.0838035964966,0.0830552005768123,0.0829724025726049,within_noise,regressed,1
net_log30:template_v2_bl1_vec_11:rank39,net_log30,Ascend910B3,20,8.1.RC1+toolkit-7.7.0.1.225,template_v2_bl1_vec_11,18176,320,224,fp32,0,0,searched,calibration_template_probe,20:256:320:224:128:320:16:28:14:1:1:0:14:14:2:2:1:1:1:71:1:1:20,,1,numeric_signed_axes_full_v3,0.0830548000336,0.0830552005770008,0.0829724025726085,within_noise,within_noise,1
net_log30:template_v2_bl1_vec_11:rank40,net_log30,Ascend910B3,20,8.1.RC1+toolkit-7.7.0.1.225,template_v2_bl1_vec_11,18176,320,224,fp32,0,0,searched,calibration_template_probe,20:256:320:224:128:320:16:28:14:1:1:1:14:14:2:2:1:1:1:71:1:1:20,,1,numeric_signed_axes_full_v3,0.0838020038605,0.0830552005767759,0.0829724025726275,within_noise,within_noise,1
net_log30:template_v2_bl1_vec_11:rank41,net_log30,Ascend910B3,20,8.1.RC1+toolkit-7.7.0.1.225,template_v2_bl1_vec_11,18176,320,224,fp32,0,0,searched,calibration_template_probe,20:192:320:224:96:128:16:28:42:1:3:1:14:14:2:2:2:1:1:95:1:1:20,,1,numeric_signed_axes_full_v3,0.0836427974701,0.0830552005767816,0.0830391979217607,within_noise,within_noise,1
net_log30:template_v2_bl1_vec_11:rank42,net_log30,Ascend910B3,20,8.1.RC1+toolkit-7.7.0.1.225,template_v2_bl1_vec_11,18176,320,224,fp32,0,0,searched,calibration_template_probe,20:256:320:224:128:320:32:14:7:1:1:1:7:7:2:1:1:1:1:71:1:1:20,,1,numeric_signed_axes_full_v3,0.0830179977417,0.0830552005771037,0.0830391979215959,within_noise,within_noise,1
net_log30:template_v2_bl1_vec_11:rank43,net_log30,Ascend910B3,20,8.1.RC1+toolkit-7.7.0.1.225,template_v2_bl1_vec_11,18176,320,224,fp32,0,0,searched,calibration_template_probe,20:256:320:224:128:160:32:14:14:1:2:0:7:7:2:1:1:1:1:71:1:1:20,,1,numeric_signed_axes_full_v3,0.0830243968964,0.0830552005765872,0.083039197922143,within_noise,within_noise,1
net_log30:template_v2_bl1_vec_11:rank44,net_log30,Ascend910B3,20,8.1.RC1+toolkit-7.7.0.1.225,template_v2_bl1_vec_11,18176,320,224,fp32,0,0,searched,calibration_template_probe,20:256:320:224:128:320:16:28:14:1:1:0:14:14:2:1:1:1:1:71:1:1:20,,1,numeric_signed_axes_full_v3,0.0837720012665,0.083055200576794,0.0830391979217673,within_noise,within_noise,1
net_log30:template_v2_bl1_vec_11:rank45,net_log30,Ascend910B3,20,8.1.RC1+toolkit-7.7.0.1.225,template_v2_bl1_vec_11,18176,320,224,fp32,0,0,searched,calibration_template_probe,20:256:320:224:128:320:32:14:7:1:1:0:7:7:1:1:1:1:1:71:1:1:20,,1,numeric_signed_axes_full_v3,0.0830583953857,0.0830552005768312,0.0830391979217771,within_noise,within_noise,1
net_log30:template_v2_bl1_vec_11:rank46,net_log30,Ascend910B3,20,8.1.RC1+toolkit-7.7.0.1.225,template_v2_bl1_vec_11,18176,320,224,fp32,0,0,searched,calibration_template_probe,20:256:320:224:128:320:16:28:14:1:1:1:14:14:1:1:1:1:1:71:1:1:20,,1,numeric_signed_axes_full_v3,0.0832139968872,0.0830552005768136,0.0830391979218275,within_noise,within_noise,1
net_log30:template_v2_bl1_vec_11:rank47,net_log30,Ascend910B3,20,8.1.RC1+toolkit-7.7.0.1.225,template_v2_bl1_vec_11,18176,320,224,fp32,0,0,searched,calibration_template_probe,20:192:320:224:96:160:16:28:28:1:2:1:14:14:2:2:2:1:1:95:1:1:20,,1,numeric_signed_axes_full_v3,0.0831075954437,0.0830552005767925,0.0830391979218206,within_noise,within_noise,1
net_log30:template_v2_bl1_vec_11:rank48,net_log30,Ascend910B3,20,8.1.RC1+toolkit-7.7.0.1.225,template_v2_bl1_vec_11,18176,320,224,fp32,0,0,searched,calibration_template_probe,20:192:320:224:96:112:32:14:21:1:3:1:7:7:2:2:2:1:1:95:1:1:20,,1,numeric_signed_axes_full_v3,0.0831468009949,0.0830552005768315,0.0830391979217595,within_noise,within_noise,1
net_log30:template_v2_bl1_vec_11:rank49,net_log30,Ascend910B3,20,8.1.RC1+toolkit-7.7.0.1.225,template_v2_bl1_vec_11,18176,320,224,fp32,0,0,searched,calibration_template_probe,20:256:320:224:128:16:32:14:140:1:20:0:7:7:2:2:2:1:1:71:1:1:20,,1,numeric_signed_axes_full_v3,0.0832227993011,0.0836596012113707,0.0830556011199721,within_noise,within_noise,1
net_log30:template_v2_bl1_vec_11:rank50,net_log30,Ascend910B3,20,8.1.RC1+toolkit-7.7.0.1.225,template_v2_bl1_vec_11,18176,320,224,fp32,0,0,searched,calibration_template_probe,20:256:320:224:128:64:32:14:35:1:5:1:7:7:2:2:1:1:1:71:1:1:20,,1,numeric_signed_axes_full_v3,0.0830443954468,0.0836596012117774,0.0830556011203614,within_noise,within_noise,1
net_log30:template_v2_bl1_vec_11:rank51,net_log30,Ascend910B3,20,8.1.RC1+toolkit-7.7.0.1.225,template_v2_bl1_vec_11,18176,320,224,fp32,0,0,searched,calibration_template_probe,20:192:320:224:96:176:32:14:14:1:2:1:7:7:2:2:1:1:1:95:1:1:20,,1,numeric_signed_axes_full_v3,0.0838572025299,0.083659601211486,0.0830556011199611,within_noise,within_noise,1
net_log30:template_v2_bl1_vec_11:rank52,net_log30,Ascend910B3,20,8.1.RC1+toolkit-7.7.0.1.225,template_v2_bl1_vec_11,18176,320,224,fp32,0,0,searched,calibration_template_probe,20:256:320:224:128:16:16:28:280:1:20:1:14:14:2:2:1:1:1:71:1:1:20,,1,numeric_signed_axes_full_v3,0.0838111972809,0.0836596012115193,0.0830556011200096,within_noise,within_noise,1
net_log30:template_v2_bl1_vec_11:rank53,net_log30,Ascend910B3,20,8.1.RC1+toolkit-7.7.0.1.225,template_v2_bl1_vec_11,18176,320,224,fp32,0,0,searched,calibration_template_probe,20:256:320:224:128:80:16:28:56:1:4:1:14:14:2:1:1:1:1:71:1:1:20,,1,numeric_signed_axes_full_v3,0.083090801239,0.08365960121169,0.0830556011200136,within_noise,within_noise,1
net_log30:template_v2_bl1_vec_11:rank54,net_log30,Ascend910B3,20,8.1.RC1+toolkit-7.7.0.1.225,template_v2_bl1_vec_11,18176,320,224,fp32,0,0,searched,calibration_template_probe,20:256:320:224:128:32:32:14:70:1:10:0:7:7:2:2:2:1:1:71:1:1:20,,1,numeric_signed_axes_full_v3,0.0832608032227,0.0836596012111559,0.0830556011200065,within_noise,within_noise,1
net_log30:template_v2_bl1_vec_11:rank55,net_log30,Ascend910B3,20,8.1.RC1+toolkit-7.7.0.1.225,template_v2_bl1_vec_11,18176,320,224,fp32,0,0,searched,calibration_template_probe,20:256:320:224:128:32:32:14:70:1:10:1:7:7:2:2:1:1:1:71:1:1:20,,1,numeric_signed_axes_full_v3,0.0830323982239,0.0836596012111568,0.0830556011202557,within_noise,within_noise,1
net_log30:template_v2_bl1_vec_11:rank56,net_log30,Ascend910B3,20,8.1.RC1+toolkit-7.7.0.1.225,template_v2_bl1_vec_11,18176,320,224,fp32,0,0,searched,calibration_template_probe,20:256:320:224:128:32:32:14:70:1:10:1:7:7:2:1:1:1:1:71:1:1:20,,1,numeric_signed_axes_full_v3,0.0838420009613,0.0836596012114995,0.0830556011200198,within_noise,within_noise,1
net_log30:template_v2_bl1_vec_11:rank57,net_log30,Ascend910B3,20,8.1.RC1+toolkit-7.7.0.1.225,template_v2_bl1_vec_11,18176,320,224,fp32,0,0,searched,calibration_template_probe,20:256:320:224:128:32:16:28:140:1:10:1:14:14:2:1:1:1:1:71:1:1:20,,1,numeric_signed_axes_full_v3,0.0838436031342,0.0836596012115283,0.0830556011200289,within_noise,within_noise,1
net_log30:template_v2_bl1_vec_11:rank58,net_log30,Ascend910B3,20,8.1.RC1+toolkit-7.7.0.1.225,template_v2_bl1_vec_11,18176,320,224,fp32,0,0,searched,calibration_template_probe,20:256:320:224:128:32:16:28:140:1:10:0:14:14:2:2:1:1:1:71:1:1:20,,1,numeric_signed_axes_full_v3,0.0835791969299,0.0836596012113983,0.0830556011200028,within_noise,within_noise,1
net_log30:template_v2_bl1_vec_11:rank59,net_log30,Ascend910B3,20,8.1.RC1+toolkit-7.7.0.1.225,template_v2_bl1_vec_11,18176,320,224,fp32,0,0,searched,calibration_template_probe,20:256:320:224:128:64:16:28:70:1:5:1:14:14:2:1:1:1:1:71:1:1:20,,1,numeric_signed_axes_full_v3,0.0832172012329,0.0836596012112936,0.0830556011200381,within_noise,within_noise,1
net_log30:template_v2_bl1_vec_11:rank60,net_log30,Ascend910B3,20,8.1.RC1+toolkit-7.7.0.1.225,template_v2_bl1_vec_11,18176,320,224,fp32,0,0,searched,calibration_template_probe,20:128:320:224:128:64:16:14:70:1:5:0:14:14:2:2:1:1:1:0:0:0:2020,,1,numeric_signed_axes_full_v3,0.0830235958099,0.0836596012113658,0.0830556011196533,within_noise,within_noise,1
net_log30:template_v2_bl1_vec_11:rank61,net_log30,Ascend910B3,20,8.1.RC1+toolkit-7.7.0.1.225,template_v2_bl1_vec_11,18176,320,224,fp32,0,0,searched,calibration_template_probe,20:256:320:224:256:64:32:7:35:1:5:0:7:7:2:2:1:1:1:0:0:0:2020,,1,numeric_signed_axes_full_v3,0.0831064033508,0.0836596012111352,0.0830556011199832,within_noise,within_noise,1
net_log30:template_v2_bl1_vec_11:rank62,net_log30,Ascend910B3,20,8.1.RC1+toolkit-7.7.0.1.225,template_v2_bl1_vec_11,18176,320,224,fp32,0,0,searched,calibration_template_probe,20:128:320:224:128:192:32:7:14:1:2:0:7:7:2:2:1:1:1:0:0:0:2020,,1,numeric_signed_axes_full_v3,0.0831731987,0.0836596012117943,0.0830556011200052,within_noise,within_noise,1
net_log30:template_v2_bl1_vec_11:rank63,net_log30,Ascend910B3,20,8.1.RC1+toolkit-7.7.0.1.225,template_v2_bl1_vec_11,18176,320,224,fp32,0,0,searched,calibration_template_probe,20:128:320:224:128:64:32:14:35:1:5:0:7:7:2:2:1:1:1:0:0:0:2020,,1,numeric_signed_axes_full_v3,0.0832863998413,0.0836596012117992,0.0830556011199958,within_noise,within_noise,1
net_log30:template_v2_bl1_vec_11:rank64,net_log30,Ascend910B3,20,8.1.RC1+toolkit-7.7.0.1.225,template_v2_bl1_vec_11,18176,320,224,fp32,0,0,searched,calibration_template_probe,20:192:320:224:192:32:32:7:70:1:10:0:7:7:2:2:1:1:1:0:0:0:2020,,1,numeric_signed_axes_full_v3,0.0838220024109,0.0836596012114749,0.0830556011200324,within_noise,within_noise,1
net_log30:template_v2_bl1_vec_11:rank65,net_log30,Ascend910B3,20,8.1.RC1+toolkit-7.7.0.1.225,template_v2_bl1_vec_11,18176,320,224,fp32,0,0,searched,calibration_template_probe,20:128:320:224:128:64:32:7:35:1:5:0:7:7:2:2:1:1:1:0:0:0:2020,,1,numeric_signed_axes_full_v3,0.0838376045227,0.0838115978241311,0.0836036014556674,within_noise,within_noise,1
net_log30:template_v2_bl1_vec_11:rank66,net_log30,Ascend910B3,20,8.1.RC1+toolkit-7.7.0.1.225,template_v2_bl1_vec_11,18176,320,224,fp32,0,0,searched,calibration_template_probe,20:128:320:224:128:64:16:28:70:1:5:0:14:14:2:2:1:1:1:0:0:0:2020,,1,numeric_signed_axes_full_v3,0.083219203949,0.083811597824259,0.0836036014560635,within_noise,within_noise,1
net_log30:template_v2_bl1_vec_11:rank67,net_log30,Ascend910B3,20,8.1.RC1+toolkit-7.7.0.1.225,template_v2_bl1_vec_11,18176,320,224,fp32,0,0,searched,calibration_template_probe,20:256:320:224:256:32:16:14:140:1:10:0:14:14:2:2:1:1:1:0:0:0:2020,,1,numeric_signed_axes_full_v3,0.0832699966431,0.0838115978237855,0.0836036014554802,within_noise,within_noise,1
net_log30:template_v2_bl1_vec_11:rank68,net_log30,Ascend910B3,20,8.1.RC1+toolkit-7.7.0.1.225,template_v2_bl1_vec_11,18176,320,224,fp32,0,0,searched,calibration_template_probe,20:128:320:224:128:192:16:14:28:1:2:0:14:14:2:2:1:1:1:0:0:0:2020,,1,numeric_signed_axes_full_v3,0.0832479953766,0.0838115978239416,0.0836036014554433,within_noise,within_noise,1
net_log30:template_v2_bl1_vec_11:rank69,net_log30,Ascend910B3,20,8.1.RC1+toolkit-7.7.0.1.225,template_v2_bl1_vec_11,18176,320,224,fp32,0,0,searched,calibration_template_probe,20:128:320:224:128:128:32:7:21:1:3:0:7:7:2:2:1:1:1:0:0:0:2020,,1,numeric_signed_axes_full_v3,0.0830580043793,0.0838115978242799,0.0836036014555474,within_noise,within_noise,1
net_log30:template_v2_bl1_vec_11:rank70,net_log30,Ascend910B3,20,8.1.RC1+toolkit-7.7.0.1.225,template_v2_bl1_vec_11,18176,320,224,fp32,0,0,searched,calibration_template_probe,20:192:320:224:192:160:32:7:14:1:2:0:7:7:2:2:1:1:1:0:0:0:2020,,1,numeric_signed_axes_full_v3,0.0838416004181,0.0838115978241345,0.0836036014556781,within_noise,within_noise,1
net_log30:template_v2_bl1_vec_11:rank71,net_log30,Ascend910B3,20,8.1.RC1+toolkit-7.7.0.1.225,template_v2_bl1_vec_11,18176,320,224,fp32,0,0,searched,calibration_template_probe,20:256:320:224:256:32:32:7:70:1:10:0:7:7:2:2:1:1:1:0:0:0:2020,,1,numeric_signed_axes_full_v3,0.0830432033539,0.0838115978236913,0.0836036014554618,within_noise,within_noise,1
net_log30:template_v2_bl1_vec_11:rank72,net_log30,Ascend910B3,20,8.1.RC1+toolkit-7.7.0.1.225,template_v2_bl1_vec_11,18176,320,224,fp32,0,0,searched,calibration_template_probe,20:192:320:224:192:112:32:7:21:1:3:0:7:7:2:2:1:1:1:0:0:0:2020,,1,numeric_signed_axes_full_v3,0.08360039711,0.0838115978240119,0.0836036014555369,within_noise,within_noise,1
net_log30:template_v2_bl1_vec_11:rank73,net_log30,Ascend910B3,20,8.1.RC1+toolkit-7.7.0.1.225,template_v2_bl1_vec_11,18176,320,224,fp32,0,0,searched,calibration_template_probe,20:256:320:224:256:64:16:14:70:1:5:0:14:14:2:2:1:1:1:0:0:0:2020,,1,numeric_signed_axes_full_v3,0.0832299995422,0.0832396030423556,0.0837631988520875,within_noise,within_noise,1
net_log30:template_v2_bl1_vec_11:rank74,net_log30,Ascend910B3,20,8.1.RC1+toolkit-7.7.0.1.225,template_v2_bl1_vec_11,18176,320,224,fp32,0,0,searched,calibration_template_probe,20:192:320:224:192:80:32:7:28:1:4:0:7:7:2:2:1:1:1:0:0:0:2020,,1,numeric_signed_axes_full_v3,0.0830259990692,0.0832396030426203,0.0837631988524136,within_noise,within_noise,1
net_log30:template_v2_bl1_vec_12:rank1,net_log30,Ascend910B3,20,8.1.RC1+toolkit-7.7.0.1.225,template_v2_bl1_vec_12,18432,288,240,fp32,0,1,searched,calibration_template_probe,20:192:288:240:96:288:24:20:10:1:1:1:10:10:1:1:1:1:1:96:1:1:20,,1,numeric_signed_axes_full_v3,0.118773603439,0.118806400299099,0.118943996429381,within_noise,within_noise,1
net_log30:template_v2_bl1_vec_12:rank2,net_log30,Ascend910B3,20,8.1.RC1+toolkit-7.7.0.1.225,template_v2_bl1_vec_12,18432,288,240,fp32,0,1,searched,calibration_template_probe,20:256:288:240:128:16:48:10:90:1:18:0:5:5:2:2:2:1:1:72:1:1:20,,1,numeric_signed_axes_full_v3,0.119488801956,0.118806400299054,0.11894399642904,within_noise,within_noise,1
net_log30:template_v2_bl1_vec_12:rank3,net_log30,Ascend910B3,20,8.1.RC1+toolkit-7.7.0.1.225,template_v2_bl1_vec_12,18432,288,240,fp32,0,1,searched,calibration_template_probe,20:256:288:240:128:16:24:20:180:1:18:0:10:10:1:2:1:1:1:72:1:1:20,,1,numeric_signed_axes_full_v3,0.119629602432,0.118806400298948,0.118943996428959,within_noise,within_noise,1
net_log30:template_v2_bl1_vec_12:rank4,net_log30,Ascend910B3,20,8.1.RC1+toolkit-7.7.0.1.225,template_v2_bl1_vec_12,18432,288,240,fp32,0,1,searched,calibration_template_probe,20:256:288:240:128:288:8:60:30:1:1:0:30:30:2:1:1:1:1:72:1:1:20,,1,numeric_signed_axes_full_v3,0.119677200317,0.118806400298968,0.118943996428998,within_noise,within_noise,1
net_log30:template_v2_bl1_vec_12:rank5,net_log30,Ascend910B3,20,8.1.RC1+toolkit-7.7.0.1.225,template_v2_bl1_vec_12,18432,288,240,fp32,0,1,searched,calibration_template_probe,20:256:288:240:128:32:16:30:135:1:9:1:15:15:2:2:2:1:1:72:1:1:20,,1,numeric_signed_axes_full_v3,0.118941202164,0.118806400298944,0.118943996429442,within_noise,within_noise,1
net_log30:template_v2_bl1_vec_12:rank6,net_log30,Ascend910B3,20,8.1.RC1+toolkit-7.7.0.1.225,template_v2_bl1_vec_12,18432,288,240,fp32,0,1,searched,calibration_template_probe,20:160:288:240:80:144:24:20:20:1:2:1:10:10:2:2:2:1:1:116:1:1:20,,1,numeric_signed_axes_full_v3,0.11879240036,0.118806400298598,0.11894399642879,within_noise,within_noise,1
net_log30:template_v2_bl1_vec_12:rank7,net_log30,Ascend910B3,20,8.1.RC1+toolkit-7.7.0.1.225,template_v2_bl1_vec_12,18432,288,240,fp32,0,1,searched,calibration_template_probe,20:256:288:240:128:288:8:60:30:1:1:1:30:30:1:2:1:1:1:72:1:1:20,,1,numeric_signed_axes_full_v3,0.118854398727,0.118806400298958,0.118943996428502,within_noise,within_noise,1
net_log30:template_v2_bl1_vec_12:rank8,net_log30,Ascend910B3,20,8.1.RC1+toolkit-7.7.0.1.225,template_v2_bl1_vec_12,18432,288,240,fp32,0,1,searched,calibration_template_probe,20:256:288:240:128:288:40:12:6:1:1:1:6:6:2:1:1:1:1:72:1:1:20,,1,numeric_signed_axes_full_v3,0.11965880394,0.118806400299044,0.118943996429031,within_noise,within_noise,1
net_log30:template_v2_bl1_vec_12:rank9,net_log30,Ascend910B3,20,8.1.RC1+toolkit-7.7.0.1.225,template_v2_bl1_vec_12,18432,288,240,fp32,0,1,searched,calibration_template_probe,20:192:288:240:96:288:16:30:15:1:1:0:15:15:2:2:1:1:1:96:1:1:20,,1,numeric_signed_axes_full_v3,0.118923997879,0.118767995834006,0.118943996428658,within_noise,within_noise,1
net_log30:template_v2_bl1_vec_12:rank10,net_log30,Ascend910B3,20,8.1.RC1+toolkit-7.7.0.1.225,template_v2_bl1_vec_12,18432,288,240,fp32,0,1,searched,calibration_template_probe,20:256:288:240:128:96:8:60:90:1:3:1:30:30:2:2:2:1:1:72:1:1:20,,1,numeric_signed_axes_full_v3,0.119672002792,0.118767995834011,0.118943996429031,within_noise,within_noise,1
net_log30:template_v2_bl1_vec_12:rank11,net_log30,Ascend910B3,20,8.1.RC1+toolkit-7.7.0.1.225,template_v2_bl1_vec_12,18432,288,240,fp32,0,1,searched,calibration_template_probe,20:256:288:240:128:288:24:20:10:1:1:0:10:10:1:1:1:1:1:72:1:1:20,,1,numeric_signed_axes_full_v3,0.119070396423,0.118767995833992,0.118943996428998,within_noise,within_noise,1
net_log30:template_v2_bl1_vec_12:rank12,net_log30,Ascend910B3,20,8.1.RC1+toolkit-7.7.0.1.225,template_v2_bl1_vec_12,18432,288,240,fp32,0,1,searched,calibration_template_probe,20:256:288:240:128:16:40:12:108:1:18:1:6:6:2:2:1:1:1:72:1:1:20,,1,numeric_signed_axes_full_v3,0.118775596619,0.118767995833981,0.118943996429462,within_noise,within_noise,1
net_log30:template_v2_bl1_vec_12:rank13,net_log30,Ascend910B3,20,8.1.RC1+toolkit-7.7.0.1.225,template_v2_bl1_vec_12,18432,288,240,fp32,0,1,searched,calibration_template_probe,20:192:288:240:96:288:24:20:10:1:1:0:10:10:2:1:1:1:1:96:1:1:20,,1,numeric_signed_axes_full_v3,0.119342002869,0.118767995834027,0.118943996428976,within_noise,within_noise,1
net_log30:template_v2_bl1_vec_12:rank14,net_log30,Ascend910B3,20,8.1.RC1+toolkit-7.7.0.1.225,template_v2_bl1_vec_12,18432,288,240,fp32,0,1,searched,calibration_template_probe,20:256:288:240:128:32:24:20:90:1:9:0:10:10:2:2:2:1:1:72:1:1:20,,1,numeric_signed_axes_full_v3,0.11881480217,0.118767995833991,0.118943996428926,within_noise,within_noise,1
net_log30:template_v2_bl1_vec_12:rank15,net_log30,Ascend910B3,20,8.1.RC1+toolkit-7.7.0.1.225,template_v2_bl1_vec_12,18432,288,240,fp32,0,1,searched,calibration_template_probe,20:192:288:240:96:144:24:20:20:1:2:0:10:10:2:2:2:1:1:96:1:1:20,,1,numeric_signed_axes_full_v3,0.119574403763,0.118767995833958,0.118943996428989,within_noise,within_noise,1
net_log30:template_v2_bl1_vec_12:rank16,net_log30,Ascend910B3,20,8.1.RC1+toolkit-7.7.0.1.225,template_v2_bl1_vec_12,18432,288,240,fp32,0,1,searched,calibration_template_probe,20:192:288:240:96:288:16:30:15:1:1:1:15:15:1:2:1:1:1:96:1:1:20,,1,numeric_signed_axes_full_v3,0.119436397552,0.118767995833986,0.118943996429053,within_noise,within_noise,1
net_log30:template_v2_bl1_vec_12:rank17,net_log30,Ascend910B3,20,8.1.RC1+toolkit-7.7.0.1.225,template_v2_bl1_vec_12,18432,288,240,fp32,0,1,searched,calibration_template_probe,20:256:288:240:128:144:16:30:30:1:2:0:15:15:1:1:1:1:1:72:1:1:20,,1,numeric_signed_axes_full_v3,0.119597997665,0.118767995834038,0.119502000808974,within_noise,within_noise,1
net_log30:template_v2_bl1_vec_12:rank18,net_log30,Ascend910B3,20,8.1.RC1+toolkit-7.7.0.1.225,template_v2_bl1_vec_12,18432,288,240,fp32,0,1,searched,calibration_template_probe,20:256:288:240:128:48:24:20:60:1:6:1:10:10:1:2:1:1:1:72:1:1:20,,1,numeric_signed_axes_full_v3,0.119690799713,0.11876799583401,0.11950200080905,within_noise,within_noise,1
net_log30:template_v2_bl1_vec_12:rank19,net_log30,Ascend910B3,20,8.1.RC1+toolkit-7.7.0.1.225,template_v2_bl1_vec_12,18432,288,240,fp32,0,1,searched,calibration_template_probe,20:256:288:240:128:32:16:30:135:1:9:0:15:15:2:2:1:1:1:72:1:1:20,,1,numeric_signed_axes_full_v3,0.119481601715,0.118767995834058,0.119502000808861,within_noise,within_noise,1
net_log30:template_v2_bl1_vec_12:rank20,net_log30,Ascend910B3,20,8.1.RC1+toolkit-7.7.0.1.225,template_v2_bl1_vec_12,18432,288,240,fp32,0,1,searched,calibration_template_probe,20:256:288:240:128:32:48:10:45:1:9:0:5:5:2:2:1:1:1:72:1:1:20,,1,numeric_signed_axes_full_v3,0.118819599152,0.118767995833952,0.119502000809492,within_noise,within_noise,1
net_log30:template_v2_bl1_vec_12:rank21,net_log30,Ascend910B3,20,8.1.RC1+toolkit-7.7.0.1.225,template_v2_bl1_vec_12,18432,288,240,fp32,0,1,searched,calibration_template_probe,20:256:288:240:128:288:16:30:15:1:1:0:15:15:1:2:1:1:1:72:1:1:20,,1,numeric_signed_axes_full_v3,0.119519195557,0.118767995833973,0.11950200080901,within_noise,within_noise,1
net_log30:template_v2_bl1_vec_12:rank22,net_log30,Ascend910B3,20,8.1.RC1+toolkit-7.7.0.1.225,template_v2_bl1_vec_12,18432,288,240,fp32,0,1,searched,calibration_template_probe,20:192:288:240:96:80:24:20:40:1:4:1:10:10:2:2:2:1:1:96:1:1:20,,1,numeric_signed_axes_full_v3,0.119477596283,0.118767995833981,0.119502000809076,within_noise,within_noise,1
net_log30:template_v2_bl1_vec_12:rank23,net_log30,Ascend910B3,20,8.1.RC1+toolkit-7.7.0.1.225,template_v2_bl1_vec_12,18432,288,240,fp32,0,1,searched,calibration_template_probe,20:192:288:240:96:160:24:20:20:1:2:1:10:10:2:2:2:1:1:96:1:1:20,,1,numeric_signed_axes_full_v3,0.118711996078,0.118767995833866,0.11950200080958,within_noise,within_noise,1
net_log30:template_v2_bl1_vec_12:rank24,net_log30,Ascend910B3,20,8.1.RC1+toolkit-7.7.0.1.225,template_v2_bl1_vec_12,18432,288,240,fp32,0,1,searched,calibration_template_probe,20:256:288:240:128:32:24:20:90:1:9:1:10:10:2:2:1:1:1:72:1:1:20,,1,numeric_signed_axes_full_v3,0.118764400482,0.11876799583432,0.119502000808956,within_noise,within_noise,1
net_log30:template_v2_bl1_vec_12:rank25,net_log30,Ascend910B3,20,8.1.RC1+toolkit-7.7.0.1.225,template_v2_bl1_vec_12,18432,288,240,fp32,0,1,searched,calibration_template_probe,20:192:288:240:96:96:24:20:30:1:3:0:10:10:2:2:2:1:1:96:1:1:20,,1,numeric_signed_axes_full_v3,0.118912000656,0.118843603134017,0.119502000808571,within_noise,within_noise,1
net_log30:template_v2_bl1_vec_12:rank26,net_log30,Ascend910B3,20,8.1.RC1+toolkit-7.7.0.1.225,template_v2_bl1_vec_12,18432,288,240,fp32,0,1,searched,calibration_template_probe,20:256:288:240:128:32:48:10:45:1:9:1:5:5:2:2:2:1:1:72:1:1:20,,1,numeric_signed_axes_full_v3,0.118925199509,0.118843603133965,0.119502000808552,within_noise,within_noise,1
net_log30:template_v2_bl1_vec_12:rank27,net_log30,Ascend910B3,20,8.1.RC1+toolkit-7.7.0.1.225,template_v2_bl1_vec_12,18432,288,240,fp32,0,1,searched,calibration_template_probe,20:256:288:240:128:16:24:20:180:1:18:0:10:10:2:1:1:1:1:72:1:1:20,,1,numeric_signed_axes_full_v3,0.119591598511,0.118843603134,0.11950200080901,within_noise,within_noise,1
net_log30:template_v2_bl1_vec_12:rank28,net_log30,Ascend910B3,20,8.1.RC1+toolkit-7.7.0.1.225,template_v2_bl1_vec_12,18432,288,240,fp32,0,1,searched,calibration_template_probe,20:256:288:240:128:16:40:12:108:1:18:0:6:6:2:1:1:1:1:72:1:1:20,,1,numeric_signed_axes_full_v3,0.118855199814,0.118843603134024,0.119502000809295,within_noise,within_noise,1
net_log30:template_v2_bl1_vec_12:rank29,net_log30,Ascend910B3,20,8.1.RC1+toolkit-7.7.0.1.225,template_v2_bl1_vec_12,18432,288,240,fp32,0,1,searched,calibration_template_probe,20:256:288:240:128:288:8:60:30:1:1:0:30:30:2:2:1:1:1:72:1:1:20,,1,numeric_signed_axes_full_v3,0.119567604065,0.118843603134016,0.119502000809034,within_noise,within_noise,1
net_log30:template_v2_bl1_vec_12:rank30,net_log30,Ascend910B3,20,8.1.RC1+toolkit-7.7.0.1.225,template_v2_bl1_vec_12,18432,288,240,fp32,0,1,searched,calibration_template_probe,20:256:288:240:128:288:8:60:30:1:1:1:30:30:2:2:1:1:1:72:1:1:20,,1,numeric_signed_axes_full_v3,0.118736000061,0.118843603133849,0.119502000808414,within_noise,within_noise,1
net_log30:template_v2_bl1_vec_12:rank31,net_log30,Ascend910B3,20,8.1.RC1+toolkit-7.7.0.1.225,template_v2_bl1_vec_12,18432,288,240,fp32,0,1,searched,calibration_template_probe,20:256:288:240:128:288:8:60:30:1:1:0:30:30:1:1:1:1:1:72:1:1:20,,1,numeric_signed_axes_full_v3,0.119556798935,0.118843603134003,0.119502000808972,within_noise,within_noise,1
net_log30:template_v2_bl1_vec_12:rank32,net_log30,Ascend910B3,20,8.1.RC1+toolkit-7.7.0.1.225,template_v2_bl1_vec_12,18432,288,240,fp32,0,1,searched,calibration_template_probe,20:256:288:240:128:288:8:60:30:1:1:1:30:30:2:1:1:1:1:72:1:1:20,,1,numeric_signed_axes_full_v3,0.119476804733,0.118843603134038,0.119502000809245,within_noise,within_noise,1
net_log30:template_v2_bl1_vec_12:rank33,net_log30,Ascend910B3,20,8.1.RC1+toolkit-7.7.0.1.225,template_v2_bl1_vec_12,18432,288,240,fp32,0,1,searched,calibration_template_probe,20:192:288:240:96:288:16:30:15:1:1:0:15:15:1:2:1:1:1:96:1:1:20,,1,numeric_signed_axes_full_v3,0.118780002594,0.118871603011938,0.118944797515859,within_noise,within_noise,1
net_log30:template_v2_bl1_vec_12:rank34,net_log30,Ascend910B3,20,8.1.RC1+toolkit-7.7.0.1.225,template_v2_bl1_vec_12,18432,288,240,fp32,0,1,searched,calibration_template_probe,20:192:288:240:96:288:16:30:15:1:1:1:15:15:2:2:1:1:1:96:1:1:20,,1,numeric_signed_axes_full_v3,0.119497203827,0.118871603012058,0.118944797515944,within_noise,within_noise,1
net_log30:template_v2_bl1_vec_12:rank35,net_log30,Ascend910B3,20,8.1.RC1+toolkit-7.7.0.1.225,template_v2_bl1_vec_12,18432,288,240,fp32,0,1,searched,calibration_template_probe,20:256:288:240:128:288:8:60:30:1:1:1:30:30:1:1:1:1:1:72:1:1:20,,1,numeric_signed_axes_full_v3,0.119569997787,0.118871603012002,0.118944797516038,within_noise,within_noise,1
net_log30:template_v2_bl1_vec_12:rank36,net_log30,Ascend910B3,20,8.1.RC1+toolkit-7.7.0.1.225,template_v2_bl1_vec_12,18432,288,240,fp32,0,1,searched,calibration_template_probe,20:256:288:240:128:288:24:20:10:1:1:1:10:10:1:1:1:1:1:72:1:1:20,,1,numeric_signed_axes_full_v3,0.118873996735,0.118871603012004,0.118944797515671,within_noise,within_noise,1
net_log30:template_v2_bl1_vec_12:rank37,net_log30,Ascend910B3,20,8.1.RC1+toolkit-7.7.0.1.225,template_v2_bl1_vec_12,18432,288,240,fp32,0,1,searched,calibration_template_probe,20:192:288:240:96:288:24:20:10:1:1:0:10:10:1:1:1:1:1:96:1:1:20,,1,numeric_signed_axes_full_v3,0.118908395767,0.118871603012036,0.118944797516438,within_noise,within_noise,1
net_log30:template_v2_bl1_vec_12:rank38,net_log30,Ascend910B3,20,8.1.RC1+toolkit-7.7.0.1.225,template_v2_bl1_vec_12,18432,288,240,fp32,0,1,searched,calibration_template_probe,20:192:288:240:96:288:24:20:10:1:1:1:10:10:2:1:1:1:1:96:1:1:20,,1,numeric_signed_axes_full_v3,0.118868398666,0.118871603012121,0.118944797515944,within_noise,within_noise,1
net_log30:template_v2_bl1_vec_12:rank39,net_log30,Ascend910B3,20,8.1.RC1+toolkit-7.7.0.1.225,template_v2_bl1_vec_12,18432,288,240,fp32,0,1,searched,calibration_template_probe,20:256:288:240:128:48:48:10:30:1:6:1:5:5:2:2:1:1:1:72:1:1:20,,1,numeric_signed_axes_full_v3,0.119579601288,0.118871603012004,0.118944797516029,within_noise,within_noise,1
net_log30:template_v2_bl1_vec_12:rank40,net_log30,Ascend910B3,20,8.1.RC1+toolkit-7.7.0.1.225,template_v2_bl1_vec_12,18432,288,240,fp32,0,1,searched,calibration_template_probe,20:192:288:240:96:112:24:20:30:1:3:1:10:10:2:2:2:1:1:96:1:1:20,,1,numeric_signed_axes_full_v3,0.119605197906,0.118871603011962,0.118944797515959,within_noise,within_noise,1
net_log30:template_v2_bl1_vec_12:rank41,net_log30,Ascend910B3,20,8.1.RC1+toolkit-7.7.0.1.225,template_v2_bl1_vec_12,18432,288,240,fp32,0,1,searched,calibration_template_probe,20:256:288:240:128:16:16:30:270:1:18:0:15:15:2:2:2:1:1:72:1:1:20,,1,numeric_signed_axes_full_v3,0.118839197159,0.118853197098562,0.11893919944855,within_noise,within_noise,1
net_log30:template_v2_bl1_vec_12:rank42,net_log30,Ascend910B3,20,8.1.RC1+toolkit-7.7.0.1.225,template_v2_bl1_vec_12,18432,288,240,fp32,0,1,searched,calibration_template_probe,20:256:288:240:128:16:16:30:270:1:18:1:15:15:2:2:1:1:1:72:1:1:20,,1,numeric_signed_axes_full_v3,0.1189523983,0.118853197097999,0.11893919944799,within_noise,within_noise,1
net_log30:template_v2_bl1_vec_12:rank43,net_log30,Ascend910B3,20,8.1.RC1+toolkit-7.7.0.1.225,template_v2_bl1_vec_12,18432,288,240,fp32,0,1,searched,calibration_template_probe,20:256:288:240:128:48:24:20:60:1:6:0:10:10:2:2:1:1:1:72:1:1:20,,1,numeric_signed_axes_full_v3,0.119559202194,0.118853197098045,0.11893919944799,within_noise,within_noise,1
net_log30:template_v2_bl1_vec_12:rank44,net_log30,Ascend910B3,20,8.1.RC1+toolkit-7.7.0.1.225,template_v2_bl1_vec_12,18432,288,240,fp32,0,1,searched,calibration_template_probe,20:256:288:240:128:32:40:12:54:1:9:0:6:6:2:2:2:1:1:72:1:1:20,,1,numeric_signed_axes_full_v3,0.11934800148,0.118853197097987,0.11893919944795,within_noise,within_noise,1
net_log30:template_v2_bl1_vec_12:rank45,net_log30,Ascend910B3,20,8.1.RC1+toolkit-7.7.0.1.225,template_v2_bl1_vec_12,18432,288,240,fp32,0,1,searched,calibration_template_probe,20:256:288:240:128:288:16:30:15:1:1:0:15:15:2:2:1:1:1:72:1:1:20,,1,numeric_signed_axes_full_v3,0.119574804306,0.118853197097983,0.11893919944804,within_noise,within_noise,1
net_log30:template_v2_bl1_vec_12:rank46,net_log30,Ascend910B3,20,8.1.RC1+toolkit-7.7.0.1.225,template_v2_bl1_vec_12,18432,288,240,fp32,0,1,searched,calibration_template_probe,20:256:288:240:128:288:8:60:30:1:1:0:30:30:1:2:1:1:1:72:1:1:20,,1,numeric_signed_axes_full_v3,0.119490804672,0.118853197097964,0.118939199447956,within_noise,within_noise,1
net_log30:template_v2_bl1_vec_12:rank47,net_log30,Ascend910B3,20,8.1.RC1+toolkit-7.7.0.1.225,template_v2_bl1_vec_12,18432,288,240,fp32,0,1,searched,calibration_template_probe,20:256:288:240:128:288:16:30:15:1:1:1:15:15:1:2:1:1:1:72:1:1:20,,1,numeric_signed_axes_full_v3,0.119630403519,0.118853197097954,0.11893919944804,within_noise,within_noise,1
net_log30:template_v2_bl1_vec_12:rank48,net_log30,Ascend910B3,20,8.1.RC1+toolkit-7.7.0.1.225,template_v2_bl1_vec_12,18432,288,240,fp32,0,1,searched,calibration_template_probe,20:256:288:240:128:16:24:20:180:1:18:1:10:10:2:2:2:1:1:72:1:1:20,,1,numeric_signed_axes_full_v3,0.119663600922,0.118853197098038,0.118939199448043,within_noise,within_noise,1
net_log30:template_v2_bl1_vec_12:rank49,net_log30,Ascend910B3,20,8.1.RC1+toolkit-7.7.0.1.225,template_v2_bl1_vec_12,18432,288,240,fp32,0,1,searched,calibration_template_probe,20:256:288:240:128:288:16:30:15:1:1:1:15:15:2:2:1:1:1:72:1:1:20,,1,numeric_signed_axes_full_v3,0.118870000839,0.118764801024958,0.118939199448037,within_noise,within_noise,1
net_log30:template_v2_bl1_vec_12:rank50,net_log30,Ascend910B3,20,8.1.RC1+toolkit-7.7.0.1.225,template_v2_bl1_vec_12,18432,288,240,fp32,0,1,searched,calibration_template_probe,20:256:288:240:128:96:16:30:45:1:3:1:15:15:2:2:2:1:1:72:1:1:20,,1,numeric_signed_axes_full_v3,0.1196916008,0.118764801024964,0.118939199448013,within_noise,within_noise,1
net_log30:template_v2_bl1_vec_12:rank51,net_log30,Ascend910B3,20,8.1.RC1+toolkit-7.7.0.1.225,template_v2_bl1_vec_12,18432,288,240,fp32,0,1,searched,calibration_template_probe,20:256:288:240:128:16:24:20:180:1:18:0:10:10:1:1:1:1:1:72:1:1:20,,1,numeric_signed_axes_full_v3,0.118961200714,0.118764801024948,0.118939199448058,within_noise,within_noise,1
net_log30:template_v2_bl1_vec_12:rank52,net_log30,Ascend910B3,20,8.1.RC1+toolkit-7.7.0.1.225,template_v2_bl1_vec_12,18432,288,240,fp32,0,1,searched,calibration_template_probe,20:256:288:240:128:16:48:10:90:1:18:1:5:5:2:2:1:1:1:72:1:1:20,,1,numeric_signed_axes_full_v3,0.118848400116,0.118764801025032,0.118939199447488,within_noise,within_noise,1
net_log30:template_v2_bl1_vec_12:rank53,net_log30,Ascend910B3,20,8.1.RC1+toolkit-7.7.0.1.225,template_v2_bl1_vec_12,18432,288,240,fp32,0,1,searched,calibration_template_probe,20:256:288:240:128:48:48:10:30:1:6:0:5:5:2:2:2:1:1:72:1:1:20,,1,numeric_signed_axes_full_v3,0.118842000961,0.118764801024974,0.118939199448427,within_noise,within_noise,1
net_log30:template_v2_bl1_vec_12:rank54,net_log30,Ascend910B3,20,8.1.RC1+toolkit-7.7.0.1.225,template_v2_bl1_vec_12,18432,288,240,fp32,0,1,searched,calibration_template_probe,20:256:288:240:128:48:40:12:36:1:6:1:6:6:2:1:1:1:1:72:1:1:20,,1,numeric_signed_axes_full_v3,0.118871202469,0.118764801024943,0.11893919944764,within_noise,within_noise,1
net_log30:template_v2_bl1_vec_12:rank55,net_log30,Ascend910B3,20,8.1.RC1+toolkit-7.7.0.1.225,template_v2_bl1_vec_12,18432,288,240,fp32,0,1,searched,calibration_template_probe,20:256:288:240:128:16:24:20:180:1:18:0:10:10:2:2:1:1:1:72:1:1:20,,1,numeric_signed_axes_full_v3,0.119668798447,0.118764801025038,0.118939199447947,within_noise,within_noise,1
net_log30:template_v2_bl1_vec_12:rank56,net_log30,Ascend910B3,20,8.1.RC1+toolkit-7.7.0.1.225,template_v2_bl1_vec_12,18432,288,240,fp32,0,1,searched,calibration_template_probe,20:256:288:240:128:16:40:12:108:1:18:0:6:6:2:2:2:1:1:72:1:1:20,,1,numeric_signed_axes_full_v3,0.119377202988,0.11876480102496,0.118939199447971,within_noise,within_noise,1
net_log30:template_v2_bl1_vec_12:rank57,net_log30,Ascend910B3,20,8.1.RC1+toolkit-7.7.0.1.225,template_v2_bl1_vec_12,18432,288,240,fp32,0,1,searched,calibration_template_probe,20:256:288:240:128:32:40:12:54:1:9:1:6:6:2:2:1:1:1:72:1:1:20,,1,numeric_signed_axes_full_v3,0.119022798538,0.118764801024945,0.119594402313173,within_noise,within_noise,1
net_log30:template_v2_bl1_vec_12:rank58,net_log30,Ascend910B3,20,8.1.RC1+toolkit-7.7.0.1.225,template_v2_bl1_vec_12,18432,288,240,fp32,0,1,searched,calibration_template_probe,20:192:288:240:96:96:16:30:45:1:3:0:15:15:2:2:2:1:1:96:1:1:20,,1,numeric_signed_axes_full_v3,0.119578800201,0.11876480102497,0.119594402313116,within_noise,within_noise,1
net_log30:template_v2_bl1_vec_12:rank59,net_log30,Ascend910B3,20,8.1.RC1+toolkit-7.7.0.1.225,template_v2_bl1_vec_12,18432,288,240,fp32,0,1,searched,calibration_template_probe,20:256:288:240:128:32:24:20:90:1:9:1:10:10:1:2:1:1:1:72:1:1:20,,1,numeric_signed_axes_full_v3,0.119489202499,0.118764801024966,0.119594402312783,within_noise,within_noise,1
net_log30:template_v2_bl1_vec_12:rank60,net_log30,Ascend910B3,20,8.1.RC1+toolkit-7.7.0.1.225,template_v2_bl1_vec_12,18432,288,240,fp32,0,1,searched,calibration_template_probe,20:128:288:240:128:128:16:15:45:1:3:0:15:15:2:2:1:1:1:0:0:0:2020,,1,numeric_signed_axes_full_v3,0.119719600677,0.118764801024975,0.11959440231304,within_noise,within_noise,1
net_log30:template_v2_bl1_vec_12:rank61,net_log30,Ascend910B3,20,8.1.RC1+toolkit-7.7.0.1.225,template_v2_bl1_vec_12,18432,288,240,fp32,0,1,searched,calibration_template_probe,20:128:288:240:128:96:64:4:12:1:3:0:4:4:2:2:1:1:1:0:0:0:2020,,1,numeric_signed_axes_full_v3,0.119632797241,0.118764801025056,0.119594402312946,within_noise,within_noise,1
net_log30:template_v2_bl1_vec_12:rank62,net_log30,Ascend910B3,20,8.1.RC1+toolkit-7.7.0.1.225,template_v2_bl1_vec_12,18432,288,240,fp32,0,1,searched,calibration_template_probe,20:256:288:240:256:32:16:15:135:1:9:0:15:15:2:2:1:1:1:0:0:0:2020,,1,numeric_signed_axes_full_v3,0.119007196426,0.118764801025034,0.11959440231298,within_noise,within_noise,1
net_log30:template_v2_bl1_vec_12:rank63,net_log30,Ascend910B3,20,8.1.RC1+toolkit-7.7.0.1.225,template_v2_bl1_vec_12,18432,288,240,fp32,0,1,searched,calibration_template_probe,20:192:288:240:192:80:32:8:32:1:4:0:8:8:2:2:1:1:1:0:0:0:2020,,1,numeric_signed_axes_full_v3,0.119498796463,0.118764801025015,0.119594402312797,within_noise,within_noise,1
net_log30:template_v2_bl1_vec_12:rank64,net_log30,Ascend910B3,20,8.1.RC1+toolkit-7.7.0.1.225,template_v2_bl1_vec_12,18432,288,240,fp32,0,1,searched,calibration_template_probe,20:128:288:240:128:192:32:8:16:1:2:0:8:8:2:2:1:1:1:0:0:0:2020,,1,numeric_signed_axes_full_v3,0.119015197754,0.118764801024981,0.119594402312783,within_noise,within_noise,1
net_log30:template_v2_bl1_vec_12:rank65,net_log30,Ascend910B3,20,8.1.RC1+toolkit-7.7.0.1.225,template_v2_bl1_vec_12,18432,288,240,fp32,0,1,searched,calibration_template_probe,20:128:288:240:128:64:32:8:40:1:5:0:8:8:2:2:1:1:1:0:0:0:2020,,1,numeric_signed_axes_full_v3,0.118895597458,0.118957195281487,0.119394798278735,within_noise,within_noise,1
net_log30:template_v2_bl1_vec_12:rank66,net_log30,Ascend910B3,20,8.1.RC1+toolkit-7.7.0.1.225,template_v2_bl1_vec_12,18432,288,240,fp32,0,1,searched,calibration_template_probe,20:256:288:240:256:32:8:30:270:1:9:0:30:30:2:2:1:1:1:0:0:0:2020,,1,numeric_signed_axes_full_v3,0.119599199295,0.118957195281982,0.11939479827902,within_noise,within_noise,1
net_log30:template_v2_bl1_vec_12:rank67,net_log30,Ascend910B3,20,8.1.RC1+toolkit-7.7.0.1.225,template_v2_bl1_vec_12,18432,288,240,fp32,0,1,searched,calibration_template_probe,20:128:288:240:128:128:32:8:24:1:3:0:8:8:2:2:1:1:1:0:0:0:2020,,1,numeric_signed_axes_full_v3,0.118965997696,0.118957195282032,0.119394798278887,within_noise,within_noise,1
net_log30:template_v2_bl1_vec_12:rank68,net_log30,Ascend910B3,20,8.1.RC1+toolkit-7.7.0.1.225,template_v2_bl1_vec_12,18432,288,240,fp32,0,1,searched,calibration_template_probe,20:128:288:240:128:64:16:15:75:1:5:0:15:15:2:2:1:1:1:0:0:0:2020,,1,numeric_signed_axes_full_v3,0.118934402466,0.118957195282053,0.119394798278907,within_noise,within_noise,1
net_log30:template_v2_bl1_vec_12:rank69,net_log30,Ascend910B3,20,8.1.RC1+toolkit-7.7.0.1.225,template_v2_bl1_vec_12,18432,288,240,fp32,0,1,searched,calibration_template_probe,20:256:288:240:256:96:8:30:90:1:3:0:30:30:2:2:1:1:1:0:0:0:2020,,1,numeric_signed_axes_full_v3,0.119671602249,0.118957195281953,0.119394798278991,within_noise,within_noise,1
net_log30:template_v2_bl1_vec_12:rank70,net_log30,Ascend910B3,20,8.1.RC1+toolkit-7.7.0.1.225,template_v2_bl1_vec_12,18432,288,240,fp32,0,1,searched,calibration_template_probe,20:128:288:240:128:192:16:15:30:1:2:0:15:15:2:2:1:1:1:0:0:0:2020,,1,numeric_signed_axes_full_v3,0.118646001816,0.118957195281909,0.119394798279575,within_noise,within_noise,1
net_log30:template_v2_bl1_vec_12:rank71,net_log30,Ascend910B3,20,8.1.RC1+toolkit-7.7.0.1.225,template_v2_bl1_vec_12,18432,288,240,fp32,0,1,searched,calibration_template_probe,20:192:288:240:192:32:32:8:72:1:9:0:8:8:2:2:1:1:1:0:0:0:2020,,1,numeric_signed_axes_full_v3,0.119302797318,0.118957195281958,0.119394798278596,within_noise,within_noise,1
net_log30:template_v2_bl1_vec_12:rank72,net_log30,Ascend910B3,20,8.1.RC1+toolkit-7.7.0.1.225,template_v2_bl1_vec_12,18432,288,240,fp32,0,1,searched,calibration_template_probe,20:128:288:240:128:32:64:4:36:1:9:0:4:4:2:2:1:1:1:0:0:0:2020,,1,numeric_signed_axes_full_v3,0.119507198334,0.118957195282031,0.119394798278944,within_noise,within_noise,1
net_log30:template_v2_bl1_vec_12:rank73,net_log30,Ascend910B3,20,8.1.RC1+toolkit-7.7.0.1.225,template_v2_bl1_vec_12,18432,288,240,fp32,0,1,searched,calibration_template_probe,20:256:288:240:256:96:16:15:45:1:3:0:15:15:2:2:1:1:1:0:0:0:2020,,1,numeric_signed_axes_full_v3,0.118870000839,0.119298400879573,0.119394798278523,within_noise,within_noise,1
net_log30:template_v2_bl1_vec_12:rank74,net_log30,Ascend910B3,20,8.1.RC1+toolkit-7.7.0.1.225,template_v2_bl1_vec_12,18432,288,240,fp32,0,1,searched,calibration_template_probe,20:192:288:240:192:160:32:8:16:1:2:0:8:8:2:2:1:1:1:0:0:0:2020,,1,numeric_signed_axes_full_v3,0.119482002258,0.119298400879056,0.119394798278984,within_noise,within_noise,1
net_log30:template_v2_split_01:rank1,net_log30,Ascend910B3,20,8.1.RC1+toolkit-7.7.0.1.225,template_v2_split_01,192,128,16384,fp16,0,0,searched,calibration_coupled_counterfactual,1:384:128:384:128:128:128:9:6:3:1:1:3:3:2:2:2:1:1:1:1:0:3,,0,runtime_rejected,,,,runtime_rejected,runtime_rejected,0
net_log30:template_v2_split_01:rank2,net_log30,Ascend910B3,20,8.1.RC1+toolkit-7.7.0.1.225,template_v2_split_01,192,128,16384,fp16,0,0,searched,calibration_coupled_counterfactual,8:192:384:384:128:128:128:6:9:1:3:0:3:3:2:2:2:1:1:1:1:1:3,,1,numeric_signed_axes_full_v3,0.0274243998528,0.030066800117614,0.0318639993667964,improved,improved,1
net_log30:template_v2_split_01:rank3,net_log30,Ascend910B3,20,8.1.RC1+toolkit-7.7.0.1.225,template_v2_split_01,192,128,16384,fp16,0,0,searched,calibration_coupled_counterfactual,4:384:128:384:128:128:128:9:6:3:1:1:3:3:2:2:2:1:1:1:1:0:3,,1,numeric_signed_axes_full_v3,0.041379199028,0.0300668001175176,0.0318639993667984,regressed,regressed,1
net_log30:template_v2_split_01:rank4,net_log30,Ascend910B3,20,8.1.RC1+toolkit-7.7.0.1.225,template_v2_split_01,192,128,16384,fp16,0,0,searched,calibration_coupled_counterfactual,20:384:128:384:128:128:128:9:6:3:1:1:3:3:2:2:2:1:1:1:1:0:3,,1,numeric_signed_axes_full_v3,0.0315544009209,0.0300668001175097,0.0318639993668994,regressed,within_noise,1
net_log30:template_v2_split_01:rank5,net_log30,Ascend910B3,20,8.1.RC1+toolkit-7.7.0.1.225,template_v2_split_01,192,128,16384,fp16,0,0,searched,calibration_coupled_counterfactual,20:192:384:384:128:128:128:6:9:1:3:0:3:3:2:2:2:1:1:1:1:1:3,,1,numeric_signed_axes_full_v3,0.0288940000534,0.0300668001175477,0.0318639993668218,improved,improved,1
net_log30:template_v2_split_01:rank6,net_log30,Ascend910B3,20,8.1.RC1+toolkit-7.7.0.1.225,template_v2_split_01,192,128,16384,fp16,0,0,searched,calibration_coupled_counterfactual,8:384:128:384:128:128:128:9:6:3:1:1:3:3:2:2:2:1:1:1:1:0:3,,1,numeric_signed_axes_full_v3,0.0300735998154,0.0300668001174923,0.0318639993667727,within_noise,improved,1
net_log30:template_v2_split_01:rank7,net_log30,Ascend910B3,20,8.1.RC1+toolkit-7.7.0.1.225,template_v2_split_01,192,128,16384,fp16,0,0,searched,calibration_coupled_counterfactual,4:192:384:384:128:128:128:6:9:1:3:0:3:3:2:2:2:1:1:1:1:1:3,,1,numeric_signed_axes_full_v3,0.0358031988144,0.0300668001174975,0.0318639993668113,regressed,regressed,1
net_log30:template_v2_split_01:rank8,net_log30,Ascend910B3,20,8.1.RC1+toolkit-7.7.0.1.225,template_v2_split_01,192,128,16384,fp16,0,0,searched,calibration_coupled_counterfactual,2:384:128:384:128:128:128:9:6:3:1:1:3:3:2:2:2:1:1:1:1:0:3,,1,numeric_signed_axes_full_v3,0.0702907991409,0.0300668001174696,0.0318639993668033,regressed,regressed,1
net_log30:template_v2_split_01:rank9,net_log30,Ascend910B3,20,8.1.RC1+toolkit-7.7.0.1.225,template_v2_split_01,192,128,16384,fp16,0,0,searched,calibration_coupled_counterfactual,16:384:128:384:128:128:128:9:6:3:1:1:3:3:2:2:2:1:1:1:1:0:3,,1,numeric_signed_axes_full_v3,0.0279744005203,,,,,0
net_log30:template_v2_split_01:rank10,net_log30,Ascend910B3,20,8.1.RC1+toolkit-7.7.0.1.225,template_v2_split_01,192,128,16384,fp16,0,0,searched,calibration_coupled_counterfactual,16:192:384:384:128:128:128:6:9:1:3:0:3:3:2:2:2:1:1:1:1:1:3,,1,numeric_signed_axes_full_v3,0.0268436002731,,,,,0
net_log30:template_v2_split_01:rank11,net_log30,Ascend910B3,20,8.1.RC1+toolkit-7.7.0.1.225,template_v2_split_01,192,128,16384,fp16,0,0,searched,calibration_local_counterfactual,20:384:128:384:128:128:128:9:6:3:1:1:3:3:2:2:2:1:1:12:1:1:3,,1,numeric_signed_axes_full_v3,0.0314752006531,,,,,0
net_log30:template_v2_split_01:rank12,net_log30,Ascend910B3,20,8.1.RC1+toolkit-7.7.0.1.225,template_v2_split_01,192,128,16384,fp16,0,0,searched,calibration_local_counterfactual,20:384:128:384:128:128:128:9:6:3:1:1:3:3:2:2:2:1:1:6:1:0:3,,1,numeric_signed_axes_full_v3,0.0323819994926,,,,,0
net_log30:template_v2_split_02:rank1,net_log30,Ascend910B3,20,8.1.RC1+toolkit-7.7.0.1.225,template_v2_split_02,256,192,24576,fp16,0,1,searched,calibration_template_probe,8:256:384:384:128:128:128:6:9:1:3:0:3:3:2:2:2:1:1:1:1:1:3,,1,numeric_signed_axes_full_v3,0.0374388003349,0.0377092003822033,0.0375591993333655,within_noise,within_noise,1
net_log30:template_v2_split_02:rank2,net_log30,Ascend910B3,20,8.1.RC1+toolkit-7.7.0.1.225,template_v2_split_02,256,192,24576,fp16,0,1,searched,calibration_template_probe,1:384:192:384:128:128:128:9:6:3:1:1:3:3:2:2:2:1:1:1:1:0:3,,1,numeric_signed_axes_full_v3,0.0374519991875,0.0377092003821953,0.0375591993331232,within_noise,within_noise,1
net_log30:template_v2_split_02:rank3,net_log30,Ascend910B3,20,8.1.RC1+toolkit-7.7.0.1.225,template_v2_split_02,256,192,24576,fp16,0,1,searched,calibration_template_probe,2:256:384:384:128:128:128:6:9:1:3:0:3:3:2:2:2:1:1:1:1:1:3,,1,numeric_signed_axes_full_v3,0.0378428006172,0.0377092003822076,0.0375591993332072,within_noise,within_noise,1
net_log30:template_v2_split_02:rank4,net_log30,Ascend910B3,20,8.1.RC1+toolkit-7.7.0.1.225,template_v2_split_02,256,192,24576,fp16,0,1,searched,calibration_template_probe,16:384:192:384:128:128:128:9:6:3:1:1:3:3:2:2:2:1:1:1:1:0:3,,1,numeric_signed_axes_full_v3,0.0378656005859,0.0377092003822009,0.0375591993331907,within_noise,within_noise,1
net_log30:template_v2_split_02:rank5,net_log30,Ascend910B3,20,8.1.RC1+toolkit-7.7.0.1.225,template_v2_split_02,256,192,24576,fp16,0,1,searched,calibration_template_probe,4:384:192:384:128:128:128:9:6:3:1:1:3:3:2:2:2:1:1:1:1:0:3,,1,numeric_signed_axes_full_v3,0.0376252007484,0.0377092003820144,0.0375591993331912,within_noise,within_noise,1
net_log30:template_v2_split_02:rank6,net_log30,Ascend910B3,20,8.1.RC1+toolkit-7.7.0.1.225,template_v2_split_02,256,192,24576,fp16,0,1,searched,calibration_template_probe,1:256:384:384:128:128:128:6:9:1:3:0:3:3:2:2:2:1:1:1:1:1:3,,1,numeric_signed_axes_full_v3,0.0375947999954,0.0377092003822995,0.0375591993331852,within_noise,within_noise,1
net_log30:template_v2_split_02:rank7,net_log30,Ascend910B3,20,8.1.RC1+toolkit-7.7.0.1.225,template_v2_split_02,256,192,24576,fp16,0,1,searched,calibration_template_probe,8:384:192:384:128:128:128:9:6:3:1:1:3:3:2:2:2:1:1:1:1:0:3,,1,numeric_signed_axes_full_v3,0.0377923989296,0.0377092003821965,0.0375591993331975,within_noise,within_noise,1
net_log30:template_v2_split_02:rank8,net_log30,Ascend910B3,20,8.1.RC1+toolkit-7.7.0.1.225,template_v2_split_02,256,192,24576,fp16,0,1,searched,calibration_template_probe,16:256:384:384:128:128:128:6:9:1:3:0:3:3:2:2:2:1:1:1:1:1:3,,1,numeric_signed_axes_full_v3,0.0375760006905,0.037709200382198,0.0375591993331985,within_noise,within_noise,1
net_log30:template_v2_split_02:rank9,net_log30,Ascend910B3,20,8.1.RC1+toolkit-7.7.0.1.225,template_v2_split_02,256,192,24576,fp16,0,1,searched,calibration_template_probe,2:384:192:384:128:128:128:9:6:3:1:1:3:3:2:2:2:1:1:1:1:0:3,,1,numeric_signed_axes_full_v3,0.0382475996017,0.0376175999641093,0.0376236009597816,regressed,regressed,1
net_log30:template_v2_split_02:rank10,net_log30,Ascend910B3,20,8.1.RC1+toolkit-7.7.0.1.225,template_v2_split_02,256,192,24576,fp16,0,1,searched,calibration_template_probe,4:256:384:384:128:128:128:6:9:1:3:0:3:3:2:2:2:1:1:1:1:1:3,,1,numeric_signed_axes_full_v3,0.0374076008797,0.0376175999639163,0.0376236009597053,within_noise,within_noise,1
net_log30:template_v2_split_03:rank1,net_log30,Ascend910B3,20,8.1.RC1+toolkit-7.7.0.1.225,template_v2_split_03,384,256,32768,bf16,0,0,searched,calibration_coupled_counterfactual,4:384:256:384:128:128:128:9:6:3:1:1:3:3:2:2:2:1:1:1:1:0:3,,1,numeric_signed_axes_full_v3,0.174917602539,0.0555015993117727,0.0555511999130436,regressed,regressed,1
net_log30:template_v2_split_03:rank2,net_log30,Ascend910B3,20,8.1.RC1+toolkit-7.7.0.1.225,template_v2_split_03,384,256,32768,bf16,0,0,searched,calibration_coupled_counterfactual,8:384:384:384:128:128:128:6:9:1:3:0:3:3:2:2:2:1:1:1:1:1:3,,1,numeric_signed_axes_full_v3,0.0861775970459,0.0555015993117687,0.055551199912983,regressed,regressed,1
net_log30:template_v2_split_03:rank3,net_log30,Ascend910B3,20,8.1.RC1+toolkit-7.7.0.1.225,template_v2_split_03,384,256,32768,bf16,0,0,searched,calibration_coupled_counterfactual,20:384:256:384:128:128:128:9:6:3:1:1:3:3:2:2:2:1:1:1:1:0:3,,1,numeric_signed_axes_full_v3,0.0628316020966,0.0555015993118123,0.0555511999129877,regressed,regressed,1
net_log30:template_v2_split_03:rank4,net_log30,Ascend910B3,20,8.1.RC1+toolkit-7.7.0.1.225,template_v2_split_03,384,256,32768,bf16,0,0,searched,calibration_coupled_counterfactual,20:384:384:384:128:128:128:6:9:1:3:0:3:3:2:2:2:1:1:1:1:1:3,,1,numeric_signed_axes_full_v3,0.0554292011261,0.0555015993120004,0.0555511999131285,within_noise,within_noise,1
net_log30:template_v2_split_03:rank5,net_log30,Ascend910B3,20,8.1.RC1+toolkit-7.7.0.1.225,template_v2_split_03,384,256,32768,bf16,0,0,searched,calibration_coupled_counterfactual,8:384:256:384:128:128:128:9:6:3:1:1:3:3:2:2:2:1:1:1:1:0:3,,1,numeric_signed_axes_full_v3,0.0964447975159,0.0555015993118406,0.055551199913024,regressed,regressed,1
net_log30:template_v2_split_03:rank6,net_log30,Ascend910B3,20,8.1.RC1+toolkit-7.7.0.1.225,template_v2_split_03,384,256,32768,bf16,0,0,searched,calibration_local_counterfactual,20:384:384:384:128:128:128:6:9:1:3:0:3:3:2:2:2:1:1:1:2:0:3,,1,numeric_signed_axes_full_v3,0.0559051990509,0.0555015993118081,0.0555511999130079,within_noise,within_noise,1
net_log30:template_v2_split_03:rank7,net_log30,Ascend910B3,20,8.1.RC1+toolkit-7.7.0.1.225,template_v2_split_03,384,256,32768,bf16,0,0,searched,calibration_coupled_counterfactual,16:384:384:384:128:128:128:6:9:1:3:0:3:3:2:2:2:1:1:1:1:1:3,,1,numeric_signed_axes_full_v3,0.060243601799,0.0555015993118129,0.0555511999129985,regressed,regressed,1
net_log30:template_v2_split_03:rank8,net_log30,Ascend910B3,20,8.1.RC1+toolkit-7.7.0.1.225,template_v2_split_03,384,256,32768,bf16,0,0,searched,calibration_coupled_counterfactual,16:384:256:384:128:128:128:9:6:3:1:1:3:3:2:2:2:1:1:1:1:0:3,,1,numeric_signed_axes_full_v3,0.065004401207,0.0555015993118156,0.0555511999129784,regressed,regressed,1
net_log30:template_v2_split_03:rank9,net_log30,Ascend910B3,20,8.1.RC1+toolkit-7.7.0.1.225,template_v2_split_03,384,256,32768,bf16,0,0,searched,calibration_local_counterfactual,20:384:384:384:128:128:128:6:9:1:3:0:3:3:2:2:2:1:1:8:2:1:3,,1,numeric_signed_axes_full_v3,0.0552983999252,0.0555015993116504,0.0552704000472823,within_noise,within_noise,1
net_log30:template_v2_split_03:rank10,net_log30,Ascend910B3,20,8.1.RC1+toolkit-7.7.0.1.225,template_v2_split_03,384,256,32768,bf16,0,0,searched,calibration_local_counterfactual,20:384:384:384:128:128:128:6:9:1:3:0:3:3:2:2:2:1:1:1:1:0:3,,1,numeric_signed_axes_full_v3,0.0559719991684,0.0555015993117955,0.0552704000472853,within_noise,regressed,1
net_log30:template_v2_split_03:rank11,net_log30,Ascend910B3,20,8.1.RC1+toolkit-7.7.0.1.225,template_v2_split_03,384,256,32768,bf16,0,0,searched,calibration_local_counterfactual,20:384:384:384:128:128:128:6:9:1:3:0:3:3:2:2:2:1:1:4:2:0:3,,1,numeric_signed_axes_full_v3,0.0555808019638,0.0555015993117752,0.0552704000473249,within_noise,within_noise,1
net_log30:template_v2_split_03:rank12,net_log30,Ascend910B3,20,8.1.RC1+toolkit-7.7.0.1.225,template_v2_split_03,384,256,32768,bf16,0,0,searched,calibration_local_counterfactual,20:384:384:384:128:128:128:6:9:1:3:0:3:3:2:2:2:1:1:8:1:0:3,,1,numeric_signed_axes_full_v3,0.0565371990204,0.0555015993118098,0.0552704000472874,regressed,regressed,1
net_log30:template_v2_split_04:rank1,net_log30,Ascend910B3,20,8.1.RC1+toolkit-7.7.0.1.225,template_v2_split_04,512,384,49152,fp16,1,0,searched,calibration_coupled_counterfactual,4:384:384:384:128:128:128:9:6:3:1:1:3:3:2:2:2:1:1:2:1:0:3,,1,numeric_signed_axes_full_v3,0.466730384827,0.109786796570156,0.109692001342952,regressed,regressed,1
net_log30:template_v2_split_04:rank2,net_log30,Ascend910B3,20,8.1.RC1+toolkit-7.7.0.1.225,template_v2_split_04,512,384,49152,fp16,1,0,searched,calibration_coupled_counterfactual,8:512:384:384:128:128:128:6:9:1:3:0:3:3:2:2:2:1:1:1:1:1:3,,1,numeric_signed_axes_full_v3,0.210372009277,0.109786796570018,0.109692001342969,regressed,regressed,1
net_log30:template_v2_split_04:rank3,net_log30,Ascend910B3,20,8.1.RC1+toolkit-7.7.0.1.225,template_v2_split_04,512,384,49152,fp16,1,0,searched,calibration_coupled_counterfactual,16:384:384:384:128:128:128:9:6:3:1:1:3:3:2:2:2:1:1:2:1:0:3,,1,numeric_signed_axes_full_v3,0.138010797501,0.109786796569962,0.109692001343006,regressed,regressed,1
net_log30:template_v2_split_04:rank4,net_log30,Ascend910B3,20,8.1.RC1+toolkit-7.7.0.1.225,template_v2_split_04,512,384,49152,fp16,1,0,searched,calibration_local_counterfactual,20:512:384:384:128:128:128:6:9:1:3:0:3:3:2:2:2:1:1:1:1:0:3,,1,numeric_signed_axes_full_v3,0.110955200195,0.109786796570028,0.109692001342991,regressed,regressed,1
net_log30:template_v2_split_04:rank5,net_log30,Ascend910B3,20,8.1.RC1+toolkit-7.7.0.1.225,template_v2_split_04,512,384,49152,fp16,1,0,searched,calibration_coupled_counterfactual,4:512:384:384:128:128:128:6:9:1:3:0:3:3:2:2:2:1:1:1:1:1:3,,1,numeric_signed_axes_full_v3,0.399882011414,0.109786796569812,0.109692001343149,regressed,regressed,1
net_log30:template_v2_split_04:rank6,net_log30,Ascend910B3,20,8.1.RC1+toolkit-7.7.0.1.225,template_v2_split_04,512,384,49152,fp16,1,0,searched,calibration_coupled_counterfactual,8:384:384:384:128:128:128:9:6:3:1:1:3:3:2:2:2:1:1:2:1:0:3,,1,numeric_signed_axes_full_v3,0.244960002899,0.109786796570077,0.109692001343104,regressed,regressed,1
net_log30:template_v2_split_04:rank7,net_log30,Ascend910B3,20,8.1.RC1+toolkit-7.7.0.1.225,template_v2_split_04,512,384,49152,fp16,1,0,searched,calibration_coupled_counterfactual,16:512:384:384:128:128:128:6:9:1:3:0:3:3:2:2:2:1:1:1:1:1:3,,1,numeric_signed_axes_full_v3,0.11909119606,0.109786796569974,0.109692001343052,regressed,regressed,1
net_log30:template_v2_split_04:rank8,net_log30,Ascend910B3,20,8.1.RC1+toolkit-7.7.0.1.225,template_v2_split_04,512,384,49152,fp16,1,0,searched,calibration_local_counterfactual,20:512:384:384:128:128:128:6:9:1:3:0:3:3:2:2:2:1:1:2:3:1:3,,1,numeric_signed_axes_full_v3,0.111265201569,0.109786796570036,0.109692001342962,regressed,regressed,1
net_log30:template_v2_split_04:rank9,net_log30,Ascend910B3,20,8.1.RC1+toolkit-7.7.0.1.225,template_v2_split_04,512,384,49152,fp16,1,0,searched,calibration_local_counterfactual,20:512:384:384:128:128:128:6:9:1:3:0:3:3:2:2:2:1:1:2:1:0:3,,1,numeric_signed_axes_full_v3,0.109992399216,0.10972720146199,0.109692001342968,within_noise,within_noise,1
net_log30:template_v2_split_04:rank10,net_log30,Ascend910B3,20,8.1.RC1+toolkit-7.7.0.1.225,template_v2_split_04,512,384,49152,fp16,1,0,searched,calibration_local_counterfactual,20:512:384:384:128:128:128:6:9:1:3:0:3:3:2:2:2:1:1:1:3:0:3,,1,numeric_signed_axes_full_v3,0.111289596558,0.109727201461978,0.10969200134295,regressed,regressed,1
net_log30:template_v2_split_05:rank1,net_log30,Ascend910B3,20,8.1.RC1+toolkit-7.7.0.1.225,template_v2_split_05,320,272,20481,fp16,1,1,searched,calibration_coupled_counterfactual,8:384:272:384:128:128:128:9:6:3:1:1:3:3:2:2:2:1:1:1:1:0:3,,1,numeric_signed_axes_full_v3,0.193791999817,0.0629031991958681,0.0856340026855277,regressed,regressed,1
net_log30:template_v2_split_05:rank2,net_log30,Ascend910B3,20,8.1.RC1+toolkit-7.7.0.1.225,template_v2_split_05,320,272,20481,fp16,1,1,searched,calibration_coupled_counterfactual,16:320:384:384:128:128:128:6:9:1:3:0:3:3:2:2:2:1:1:1:1:1:3,,1,numeric_signed_axes_full_v3,0.0933759975433,0.0629031991958871,0.085634002685454,regressed,regressed,1
net_log30:template_v2_split_05:rank3,net_log30,Ascend910B3,20,8.1.RC1+toolkit-7.7.0.1.225,template_v2_split_05,320,272,20481,fp16,1,1,searched,calibration_coupled_counterfactual,8:320:384:384:128:128:128:6:9:1:3:0:3:3:2:2:2:1:1:1:1:1:3,,1,numeric_signed_axes_full_v3,0.133790798187,0.0629031991959653,0.0856340026855132,regressed,regressed,1
net_log30:template_v2_split_05:rank4,net_log30,Ascend910B3,20,8.1.RC1+toolkit-7.7.0.1.225,template_v2_split_05,320,272,20481,fp16,1,1,searched,calibration_coupled_counterfactual,16:384:272:384:128:128:128:9:6:3:1:1:3:3:2:2:2:1:1:1:1:0:3,,1,numeric_signed_axes_full_v3,0.125151996613,0.0629031991959573,0.0856340026854893,regressed,regressed,1
net_log30:template_v2_split_05:rank5,net_log30,Ascend910B3,20,8.1.RC1+toolkit-7.7.0.1.225,template_v2_split_05,320,272,20481,fp16,1,1,searched,calibration_local_counterfactual,20:320:384:384:128:128:128:6:9:1:3:0:3:3:2:2:2:1:1:1:1:0:3,,1,numeric_signed_axes_full_v3,0.0865040016174,0.0629031991958828,0.0856340026854589,regressed,regressed,1
net_log30:template_v2_split_05:rank6,net_log30,Ascend910B3,20,8.1.RC1+toolkit-7.7.0.1.225,template_v2_split_05,320,272,20481,fp16,1,1,searched,calibration_local_counterfactual,20:320:384:384:128:128:128:6:9:1:3:0:3:3:2:2:2:1:1:10:9:1:3,,1,numeric_signed_axes_full_v3,0.0863107967377,0.0629031991959195,0.0856340026854616,regressed,within_noise,1
net_log30:template_v2_split_05:rank7,net_log30,Ascend910B3,20,8.1.RC1+toolkit-7.7.0.1.225,template_v2_split_05,320,272,20481,fp16,1,1,searched,calibration_local_counterfactual,20:320:384:384:128:128:128:6:9:1:3:0:3:3:2:2:2:1:1:1:9:0:3,,1,numeric_signed_axes_full_v3,0.0864955997467,0.0629031991959088,0.0856340026855338,regressed,regressed,1
net_log30:template_v2_split_05:rank8,net_log30,Ascend910B3,20,8.1.RC1+toolkit-7.7.0.1.225,template_v2_split_05,320,272,20481,fp16,1,1,searched,calibration_local_counterfactual,20:320:384:384:128:128:128:6:9:1:3:0:3:3:2:2:2:1:1:5:9:0:3,,1,numeric_signed_axes_full_v3,0.0833959960937,0.0629031991959023,0.0856340026852559,regressed,improved,1
net_log30:template_v2_split_05:rank9,net_log30,Ascend910B3,20,8.1.RC1+toolkit-7.7.0.1.225,template_v2_split_05,320,272,20481,fp16,1,1,searched,calibration_local_counterfactual,20:320:384:384:128:128:128:6:9:1:3:0:3:3:2:2:2:1:1:10:1:0:3,,1,numeric_signed_axes_full_v3,0.0874011993408,0.0614707994460809,0.0858819961548154,regressed,regressed,1
net_log30:template_v2_split_05:rank10,net_log30,Ascend910B3,20,8.1.RC1+toolkit-7.7.0.1.225,template_v2_split_05,320,272,20481,fp16,1,1,searched,calibration_local_counterfactual,20:320:384:384:128:128:128:6:9:1:3:0:3:3:2:2:2:1:1:10:4:0:3,,1,numeric_signed_axes_full_v3,0.0860743999481,0.0614707994460605,0.0858819961548378,regressed,within_noise,1
net_log30:template_v2_split_06:rank1,net_log30,Ascend910B3,20,8.1.RC1+toolkit-7.7.0.1.225,template_v2_split_06,384,288,15360,fp32,0,0,searched,calibration_coupled_counterfactual,4:384:288:192:128:128:64:9:6:3:1:1:3:3:2:2:2:1:1:1:1:0:3,,1,numeric_signed_axes_full_v3,0.338545608521,0.0871955966948615,0.087072801589967,regressed,regressed,1
net_log30:template_v2_split_06:rank2,net_log30,Ascend910B3,20,8.1.RC1+toolkit-7.7.0.1.225,template_v2_split_06,384,288,15360,fp32,0,0,searched,calibration_coupled_counterfactual,16:384:384:192:128:128:64:6:9:1:3:0:3:3:2:2:2:1:1:1:1:1:3,,1,numeric_signed_axes_full_v3,0.0982456016541,0.087195596694925,0.0870728015900068,regressed,regressed,1
net_log30:template_v2_split_06:rank3,net_log30,Ascend910B3,20,8.1.RC1+toolkit-7.7.0.1.225,template_v2_split_06,384,288,15360,fp32,0,0,searched,calibration_coupled_counterfactual,16:384:288:192:128:128:64:9:6:3:1:1:3:3:2:2:2:1:1:1:1:0:3,,1,numeric_signed_axes_full_v3,0.106935997009,0.0871955966948487,0.0870728015899852,regressed,regressed,1
net_log30:template_v2_split_06:rank4,net_log30,Ascend910B3,20,8.1.RC1+toolkit-7.7.0.1.225,template_v2_split_06,384,288,15360,fp32,0,0,searched,calibration_coupled_counterfactual,8:384:384:192:128:128:64:6:9:1:3:0:3:3:2:2:2:1:1:1:1:1:3,,1,numeric_signed_axes_full_v3,0.165690002441,0.08719559669482,0.0870728015900712,regressed,regressed,1
net_log30:template_v2_split_06:rank5,net_log30,Ascend910B3,20,8.1.RC1+toolkit-7.7.0.1.225,template_v2_split_06,384,288,15360,fp32,0,0,searched,calibration_local_counterfactual,20:384:384:192:128:128:64:6:9:1:3:0:3:3:2:2:2:1:1:1:1:0:3,,1,numeric_signed_axes_full_v3,0.0880239963531,0.0871955966949121,0.0870728015899711,within_noise,regressed,1
net_log30:template_v2_split_06:rank6,net_log30,Ascend910B3,20,8.1.RC1+toolkit-7.7.0.1.225,template_v2_split_06,384,288,15360,fp32,0,0,searched,calibration_coupled_counterfactual,8:384:288:192:128:128:64:9:6:3:1:1:3:3:2:2:2:1:1:1:1:0:3,,1,numeric_signed_axes_full_v3,0.178594398499,0.0871955966948171,0.0870728015899114,regressed,regressed,1
net_log30:template_v2_split_06:rank7,net_log30,Ascend910B3,20,8.1.RC1+toolkit-7.7.0.1.225,template_v2_split_06,384,288,15360,fp32,0,0,searched,calibration_local_counterfactual,20:384:384:192:128:128:64:6:9:1:3:0:3:3:2:2:2:1:1:1:3:0:3,,1,numeric_signed_axes_full_v3,0.0867611980438,0.0871955966945572,0.0870728015902076,within_noise,within_noise,1
net_log30:template_v2_split_06:rank8,net_log30,Ascend910B3,20,8.1.RC1+toolkit-7.7.0.1.225,template_v2_split_06,384,288,15360,fp32,0,0,searched,calibration_local_counterfactual,20:384:384:192:128:128:64:6:9:1:3:0:3:3:2:2:2:1:1:8:3:1:3,,1,numeric_signed_axes_full_v3,0.0857588005066,0.0871955966950669,0.0870728015904238,improved,improved,1
net_log30:template_v2_split_06:rank9,net_log30,Ascend910B3,20,8.1.RC1+toolkit-7.7.0.1.225,template_v2_split_06,384,288,15360,fp32,0,0,searched,calibration_local_counterfactual,20:384:384:192:128:128:64:6:9:1:3:0:3:3:2:2:2:1:1:4:3:0:3,,1,numeric_signed_axes_full_v3,0.0866516017914,0.0857668018341398,0.0870728015896124,regressed,within_noise,1
net_log30:template_v2_split_06:rank10,net_log30,Ascend910B3,20,8.1.RC1+toolkit-7.7.0.1.225,template_v2_split_06,384,288,15360,fp32,0,0,searched,calibration_local_counterfactual,20:384:384:192:128:128:64:6:9:1:3:0:3:3:2:2:2:1:1:8:1:0:3,,1,numeric_signed_axes_full_v3,0.0859395980835,0.0857668018341321,0.0870728015899415,within_noise,improved,1
net_log30:template_v3_single_01:rank1,net_log30,Ascend910B3,20,8.1.RC1+toolkit-7.7.0.1.225,template_v3_single_01,1536,3072,16384,fp16,0,0,searched,calibration_template_probe,16:384:768:512:128:128:128:8:8:1:1:1:4:4:2:2:2:2:2:2:3:0:2,,1,numeric_signed_axes_full_v3,0.696317977905,0.697581634519677,0.694604797363133,within_noise,within_noise,1
net_log30:template_v3_single_01:rank2,net_log30,Ascend910B3,20,8.1.RC1+toolkit-7.7.0.1.225,template_v3_single_01,1536,3072,16384,fp16,0,0,searched,calibration_template_probe,20:256:128:512:128:128:128:8:8:2:1:1:4:4:2:2:2:1:4:6:6:0:2,,1,numeric_signed_axes_full_v3,0.71203163147,0.697581634520771,0.69460479736277,regressed,regressed,1
net_log30:template_v3_single_01:rank3,net_log30,Ascend910B3,20,8.1.RC1+toolkit-7.7.0.1.225,template_v3_single_01,1536,3072,16384,fp16,0,0,searched,calibration_template_probe,18:512:512:384:128:128:128:6:9:1:3:0:3:3:2:2:2:1:3:3:2:0:2,,1,numeric_signed_axes_full_v3,0.698003997803,0.697581634520869,0.694604797363108,within_noise,within_noise,1
net_log30:template_v3_single_01:rank4,net_log30,Ascend910B3,20,8.1.RC1+toolkit-7.7.0.1.225,template_v3_single_01,1536,3072,16384,fp16,0,0,searched,calibration_template_probe,20:384:256:384:128:128:128:9:6:3:1:1:3:3:2:2:2:1:3:4:5:0:2,,1,numeric_signed_axes_full_v3,0.697291183472,0.6975816345222,0.694604797363196,within_noise,within_noise,1
net_log30:template_v3_single_01:rank5,net_log30,Ascend910B3,20,8.1.RC1+toolkit-7.7.0.1.225,template_v3_single_01,1536,3072,16384,fp16,0,0,searched,calibration_template_probe,18:256:1024:512:128:128:128:8:8:2:1:1:4:4:2:2:2:2:3:3:1:0:2,,1,numeric_signed_axes_full_v3,0.695197982788,0.697581634522157,0.69460479736329,within_noise,within_noise,1
net_log30:template_v3_single_01:rank6,net_log30,Ascend910B3,20,8.1.RC1+toolkit-7.7.0.1.225,template_v3_single_01,1536,3072,16384,fp16,0,0,searched,calibration_template_probe,20:512:256:512:128:128:128:8:8:1:1:1:4:4:2:2:2:1:3:3:4:0:2,,1,numeric_signed_axes_full_v3,0.726627197266,0.697581634521007,0.694604797363125,regressed,regressed,1
net_log30:template_v3_single_01:rank7,net_log30,Ascend910B3,20,8.1.RC1+toolkit-7.7.0.1.225,template_v3_single_01,1536,3072,16384,fp16,0,0,searched,calibration_template_probe,18:512:512:384:128:128:128:6:9:1:3:0:3:3:2:2:2:2:2:2:4:0:2,,1,numeric_signed_axes_full_v3,0.694741973877,0.697581634521662,0.694604797363271,within_noise,within_noise,1
net_log30:template_v3_single_01:rank8,net_log30,Ascend910B3,20,8.1.RC1+toolkit-7.7.0.1.225,template_v3_single_01,1536,3072,16384,fp16,0,0,searched,calibration_template_probe,12:768:512:512:128:128:128:8:8:1:1:1:4:4:2:2:2:1:3:2:2:0:2,,1,numeric_signed_axes_full_v3,0.692570419312,0.697581634521806,0.694604797359918,within_noise,within_noise,1
net_log30:template_v3_single_01:rank9,net_log30,Ascend910B3,20,8.1.RC1+toolkit-7.7.0.1.225,template_v3_single_01,1536,3072,16384,fp16,0,0,searched,calibration_template_probe,20:512:256:512:128:128:128:8:8:1:1:1:4:4:2:2:2:1:3:3:5:0:2,,1,numeric_signed_axes_full_v3,0.697705230713,0.697142791747786,0.693376770020139,within_noise,within_noise,1
net_log30:template_v3_single_01:rank10,net_log30,Ascend910B3,20,8.1.RC1+toolkit-7.7.0.1.225,template_v3_single_01,1536,3072,16384,fp16,0,0,searched,calibration_template_probe,20:384:256:384:128:128:128:9:6:3:1:1:3:3:2:2:2:1:3:4:4:0:2,,1,numeric_signed_axes_full_v3,0.693844833374,0.697142791747779,0.693376770019935,within_noise,within_noise,1
net_log30:template_v3_single_01:rank11,net_log30,Ascend910B3,20,8.1.RC1+toolkit-7.7.0.1.225,template_v3_single_01,1536,3072,16384,fp16,0,0,searched,calibration_template_probe,20:768:256:384:128:128:128:9:6:3:1:1:3:3:2:2:2:1:3:2:5:0:2,,1,numeric_signed_axes_full_v3,0.696447219849,0.697142791746125,0.693376770019933,within_noise,within_noise,1
net_log30:template_v3_single_01:rank12,net_log30,Ascend910B3,20,8.1.RC1+toolkit-7.7.0.1.225,template_v3_single_01,1536,3072,16384,fp16,0,0,searched,calibration_template_probe,20:768:256:384:128:128:128:9:6:3:1:1:3:3:2:2:2:1:3:2:4:0:2,,1,numeric_signed_axes_full_v3,0.696139221191,0.69714279174712,0.693376770019943,within_noise,within_noise,1
net_log30:template_v3_single_01:rank13,net_log30,Ascend910B3,20,8.1.RC1+toolkit-7.7.0.1.225,template_v3_single_01,1536,3072,16384,fp16,0,0,searched,calibration_template_probe,20:384:128:384:128:128:128:9:6:3:1:1:3:3:2:2:2:1:5:4:5:0:2,,1,numeric_signed_axes_full_v3,0.695166397095,0.697142791748549,0.693376770020169,within_noise,within_noise,1
net_log30:template_v3_single_01:rank14,net_log30,Ascend910B3,20,8.1.RC1+toolkit-7.7.0.1.225,template_v3_single_01,1536,3072,16384,fp16,0,0,searched,calibration_template_probe,20:256:128:512:128:128:128:8:8:2:1:1:4:4:2:2:2:1:3:6:9:0:2,,1,numeric_signed_axes_full_v3,0.691699981689,0.697142791748965,0.693376770017795,within_noise,within_noise,1
net_log30:template_v3_single_01:rank15,net_log30,Ascend910B3,20,8.1.RC1+toolkit-7.7.0.1.225,template_v3_single_01,1536,3072,16384,fp16,0,0,searched,calibration_template_probe,18:512:512:512:128:128:128:8:8:1:1:1:4:4:2:2:2:1:3:3:2:0:2,,1,numeric_signed_axes_full_v3,0.694825210571,0.69714279175075,0.693376770020205,within_noise,within_noise,1
net_log30:template_v3_single_01:rank16,net_log30,Ascend910B3,20,8.1.RC1+toolkit-7.7.0.1.225,template_v3_single_01,1536,3072,16384,fp16,0,0,searched,calibration_template_probe,20:256:512:512:128:128:128:8:8:2:1:1:4:4:2:2:2:2:2:4:4:0:2,,1,numeric_signed_axes_full_v3,0.691954421997,0.697142791749763,0.693376770023183,within_noise,within_noise,1
net_log30:template_v3_single_01:rank17,net_log30,Ascend910B3,20,8.1.RC1+toolkit-7.7.0.1.225,template_v3_single_01,1536,3072,16384,fp16,0,0,searched,calibration_template_probe,12:768:512:512:128:128:128:8:8:1:1:1:4:4:2:2:2:2:2:1:4:0:2,,1,numeric_signed_axes_full_v3,0.727579193115,0.697142791748098,0.691703567505022,regressed,regressed,1
net_log30:template_v3_single_01:rank18,net_log30,Ascend910B3,20,8.1.RC1+toolkit-7.7.0.1.225,template_v3_single_01,1536,3072,16384,fp16,0,0,searched,calibration_template_probe,20:256:512:512:128:128:128:8:8:2:1:1:4:4:2:2:2:2:2:3:3:0:2,,1,numeric_signed_axes_full_v3,0.692733612061,0.697142791750421,0.691703567504884,within_noise,within_noise,1
net_log30:template_v3_single_01:rank19,net_log30,Ascend910B3,20,8.1.RC1+toolkit-7.7.0.1.225,template_v3_single_01,1536,3072,16384,fp16,0,0,searched,calibration_template_probe,18:256:1024:512:128:128:128:8:8:2:1:1:4:4:2:2:2:2:2:3:2:0:2,,1,numeric_signed_axes_full_v3,0.696680374146,0.697142791745394,0.691703567504883,within_noise,within_noise,1
net_log30:template_v3_single_01:rank20,net_log30,Ascend910B3,20,8.1.RC1+toolkit-7.7.0.1.225,template_v3_single_01,1536,3072,16384,fp16,0,0,searched,calibration_template_probe,16:768:384:384:128:128:128:6:9:1:3:0:3:3:2:2:2:1:3:2:3:0:2,,1,numeric_signed_axes_full_v3,0.692294387817,0.697142791747456,0.691703567505058,within_noise,within_noise,1
net_log30:template_v3_single_01:rank21,net_log30,Ascend910B3,20,8.1.RC1+toolkit-7.7.0.1.225,template_v3_single_01,1536,3072,16384,fp16,0,0,searched,calibration_template_probe,12:384:1024:512:128:128:128:8:8:2:1:1:4:4:2:2:2:1:3:4:1:0:2,,1,numeric_signed_axes_full_v3,0.698613204956,0.697142791747793,0.691703567504825,within_noise,within_noise,1
net_log30:template_v3_single_01:rank22,net_log30,Ascend910B3,20,8.1.RC1+toolkit-7.7.0.1.225,template_v3_single_01,1536,3072,16384,fp16,0,0,searched,calibration_template_probe,18:512:512:384:128:128:128:9:6:3:1:1:3:3:2:2:2:1:3:3:2:0:2,,1,numeric_signed_axes_full_v3,0.694289627075,0.697142791746046,0.691703567504868,within_noise,within_noise,1
net_log30:template_v3_single_01:rank23,net_log30,Ascend910B3,20,8.1.RC1+toolkit-7.7.0.1.225,template_v3_single_01,1536,3072,16384,fp16,0,0,searched,calibration_template_probe,18:512:512:512:128:128:128:8:8:1:1:1:4:4:2:2:2:2:2:2:3:0:2,,1,numeric_signed_axes_full_v3,0.732374801636,0.697142791748094,0.69170356750516,regressed,regressed,1
net_log30:template_v3_single_01:rank24,net_log30,Ascend910B3,20,8.1.RC1+toolkit-7.7.0.1.225,template_v3_single_01,1536,3072,16384,fp16,0,0,searched,calibration_template_probe,20:512:256:384:128:128:128:9:6:3:1:1:3:3:2:2:2:1:3:3:4:0:2,,1,numeric_signed_axes_full_v3,0.694921569824,0.69714279175125,0.691703567505285,within_noise,within_noise,1
net_log30:template_v3_single_01:rank25,net_log30,Ascend910B3,20,8.1.RC1+toolkit-7.7.0.1.225,template_v3_single_01,1536,3072,16384,fp16,0,0,searched,calibration_template_probe,20:512:256:384:128:128:128:9:6:3:1:1:3:3:2:2:2:1:3:3:5:0:2,,1,numeric_signed_axes_full_v3,0.731141586304,0.694316787719746,0.691703567505242,regressed,regressed,1
net_log30:template_v3_single_01:rank26,net_log30,Ascend910B3,20,8.1.RC1+toolkit-7.7.0.1.225,template_v3_single_01,1536,3072,16384,fp16,0,0,searched,calibration_template_probe,18:256:1024:512:128:128:128:8:8:1:1:1:4:4:2:2:2:1:3:6:1:0:2,,1,numeric_signed_axes_full_v3,0.69243598938,0.694316787718886,0.691703567504889,within_noise,within_noise,1
net_log30:template_v3_single_01:rank27,net_log30,Ascend910B3,20,8.1.RC1+toolkit-7.7.0.1.225,template_v3_single_01,1536,3072,16384,fp16,0,0,searched,calibration_template_probe,18:512:512:512:128:128:128:8:8:2:1:1:4:4:2:2:2:1:6:3:1:0:2,,1,numeric_signed_axes_full_v3,0.695617599487,0.694316787719952,0.691703567505205,within_noise,within_noise,1
net_log30:template_v3_single_01:rank28,net_log30,Ascend910B3,20,8.1.RC1+toolkit-7.7.0.1.225,template_v3_single_01,1536,3072,16384,fp16,0,0,searched,calibration_template_probe,20:512:256:512:128:128:128:8:8:1:1:1:4:4:2:2:2:2:2:2:8:0:2,,1,numeric_signed_axes_full_v3,0.69482963562,0.694316787719888,0.691703567504889,within_noise,within_noise,1
net_log30:template_v3_single_01:rank29,net_log30,Ascend910B3,20,8.1.RC1+toolkit-7.7.0.1.225,template_v3_single_01,1536,3072,16384,fp16,0,0,searched,calibration_template_probe,16:384:768:512:128:128:128:8:8:1:1:1:4:4:2:2:2:2:2:2:2:0:2,,1,numeric_signed_axes_full_v3,0.697570800781,0.694316787720048,0.691703567504891,within_noise,within_noise,1
net_log30:template_v3_single_01:rank30,net_log30,Ascend910B3,20,8.1.RC1+toolkit-7.7.0.1.225,template_v3_single_01,1536,3072,16384,fp16,0,0,searched,calibration_template_probe,12:768:512:512:128:128:128:8:8:2:1:1:4:4:2:2:2:2:2:1:3:0:2,,1,numeric_signed_axes_full_v3,0.692941207886,0.694316787721187,0.691703567504703,within_noise,within_noise,1
net_log30:template_v3_single_01:rank31,net_log30,Ascend910B3,20,8.1.RC1+toolkit-7.7.0.1.225,template_v3_single_01,1536,3072,16384,fp16,0,0,searched,calibration_template_probe,20:512:256:512:128:128:128:8:8:2:1:1:4:4:2:2:2:1:4:3:3:0:2,,1,numeric_signed_axes_full_v3,0.695337982178,0.694316787720124,0.691703567505176,within_noise,within_noise,1
net_log30:template_v3_single_01:rank32,net_log30,Ascend910B3,20,8.1.RC1+toolkit-7.7.0.1.225,template_v3_single_01,1536,3072,16384,fp16,0,0,searched,calibration_template_probe,20:256:512:512:128:128:128:8:8:2:1:1:4:4:2:2:2:1:3:6:2:0:2,,1,numeric_signed_axes_full_v3,0.696035995483,0.694316787719832,0.691703567505018,within_noise,within_noise,1
net_log30:template_v3_single_01:rank33,net_log30,Ascend910B3,20,8.1.RC1+toolkit-7.7.0.1.225,template_v3_single_01,1536,3072,16384,fp16,0,0,searched,calibration_template_probe,20:384:256:384:128:128:128:9:6:3:1:1:3:3:2:2:2:2:2:2:6:0:2,,1,numeric_signed_axes_full_v3,0.695666809082,0.694316787720078,0.694549636841276,within_noise,within_noise,1
net_log30:template_v3_single_01:rank34,net_log30,Ascend910B3,20,8.1.RC1+toolkit-7.7.0.1.225,template_v3_single_01,1536,3072,16384,fp16,0,0,searched,calibration_template_probe,12:768:512:512:128:128:128:8:8:2:1:1:4:4:2:2:2:2:2:1:4:0:2,,1,numeric_signed_axes_full_v3,0.691508026123,0.694316787718565,0.694549636844329,within_noise,within_noise,1
net_log30:template_v3_single_01:rank35,net_log30,Ascend910B3,20,8.1.RC1+toolkit-7.7.0.1.225,template_v3_single_01,1536,3072,16384,fp16,0,0,searched,calibration_template_probe,18:512:512:512:128:128:128:8:8:2:1:1:4:4:2:2:2:2:2:2:4:0:2,,1,numeric_signed_axes_full_v3,0.69793800354,0.694316787719718,0.694549636840865,within_noise,within_noise,1
net_log30:template_v3_single_01:rank36,net_log30,Ascend910B3,20,8.1.RC1+toolkit-7.7.0.1.225,template_v3_single_01,1536,3072,16384,fp16,0,0,searched,calibration_template_probe,20:512:256:512:128:128:128:8:8:2:1:1:4:4:2:2:2:2:2:2:8:0:2,,1,numeric_signed_axes_full_v3,0.69549156189,0.694316787719894,0.694549636841238,within_noise,within_noise,1
net_log30:template_v3_single_01:rank37,net_log30,Ascend910B3,20,8.1.RC1+toolkit-7.7.0.1.225,template_v3_single_01,1536,3072,16384,fp16,0,0,searched,calibration_template_probe,20:512:256:512:128:128:128:8:8:1:1:1:4:4:2:2:2:1:4:3:3:0:2,,1,numeric_signed_axes_full_v3,0.701360778809,0.694316787719889,0.694549636840998,regressed,within_noise,1
net_log30:template_v3_single_01:rank38,net_log30,Ascend910B3,20,8.1.RC1+toolkit-7.7.0.1.225,template_v3_single_01,1536,3072,16384,fp16,0,0,searched,calibration_template_probe,20:512:256:512:128:128:128:8:8:2:1:1:4:4:2:2:2:1:3:3:4:0:2,,1,numeric_signed_axes_full_v3,0.726123580933,0.694316787720129,0.694549636841056,regressed,regressed,1
net_log30:template_v3_single_01:rank39,net_log30,Ascend910B3,20,8.1.RC1+toolkit-7.7.0.1.225,template_v3_single_01,1536,3072,16384,fp16,0,0,searched,calibration_template_probe,20:512:256:512:128:128:128:8:8:2:1:1:4:4:2:2:2:1:3:3:5:0:2,,1,numeric_signed_axes_full_v3,0.698537979126,0.694316787720294,0.694549636841157,within_noise,within_noise,1
net_log30:template_v3_single_01:rank40,net_log30,Ascend910B3,20,8.1.RC1+toolkit-7.7.0.1.225,template_v3_single_01,1536,3072,16384,fp16,0,0,searched,calibration_template_probe,18:512:512:512:128:128:128:8:8:1:1:1:4:4:2:2:2:1:6:3:1:0:2,,1,numeric_signed_axes_full_v3,0.69483001709,0.694316787719718,0.694549636841261,within_noise,within_noise,1
net_log30:template_v3_single_01:rank41,net_log30,Ascend910B3,20,8.1.RC1+toolkit-7.7.0.1.225,template_v3_single_01,1536,3072,16384,fp16,0,0,searched,calibration_template_probe,18:512:512:512:128:128:128:8:8:2:1:1:4:4:2:2:2:1:3:3:2:0:2,,1,numeric_signed_axes_full_v3,0.695194015503,0.697190017698967,0.694204788208149,within_noise,within_noise,1
net_log30:template_v3_single_01:rank42,net_log30,Ascend910B3,20,8.1.RC1+toolkit-7.7.0.1.225,template_v3_single_01,1536,3072,16384,fp16,0,0,searched,calibration_template_probe,20:512:256:384:128:128:128:9:6:3:1:1:3:3:2:2:2:2:2:2:8:0:2,,1,numeric_signed_axes_full_v3,0.739265594482,0.697190017700258,0.694204788208328,regressed,regressed,1
net_log30:template_v3_single_01:rank43,net_log30,Ascend910B3,20,8.1.RC1+toolkit-7.7.0.1.225,template_v3_single_01,1536,3072,16384,fp16,0,0,searched,calibration_template_probe,20:256:128:512:128:128:128:8:8:2:1:1:4:4:2:2:2:1:3:6:8:0:2,,1,numeric_signed_axes_full_v3,0.697188034058,0.697190017697395,0.694204788207652,within_noise,within_noise,1
net_log30:template_v3_single_01:rank44,net_log30,Ascend910B3,20,8.1.RC1+toolkit-7.7.0.1.225,template_v3_single_01,1536,3072,16384,fp16,0,0,searched,calibration_template_probe,18:256:1024:512:128:128:128:8:8:1:1:1:4:4:2:2:2:2:2:4:2:0:2,,1,numeric_signed_axes_full_v3,0.695591964722,0.697190017701752,0.694204788207768,within_noise,within_noise,1
net_log30:template_v3_single_01:rank45,net_log30,Ascend910B3,20,8.1.RC1+toolkit-7.7.0.1.225,template_v3_single_01,1536,3072,16384,fp16,0,0,searched,calibration_template_probe,18:256:1024:512:128:128:128:8:8:1:1:1:4:4:2:2:2:2:3:3:1:0:2,,1,numeric_signed_axes_full_v3,0.695710830688,0.697190017696874,0.69420478820793,within_noise,within_noise,1
net_log30:template_v3_single_01:rank46,net_log30,Ascend910B3,20,8.1.RC1+toolkit-7.7.0.1.225,template_v3_single_01,1536,3072,16384,fp16,0,0,searched,calibration_template_probe,18:256:1024:512:128:128:128:8:8:2:1:1:4:4:2:2:2:1:3:6:1:0:2,,1,numeric_signed_axes_full_v3,0.710072402954,0.697190017699652,0.694204788208355,regressed,regressed,1
net_log30:template_v3_single_01:rank47,net_log30,Ascend910B3,20,8.1.RC1+toolkit-7.7.0.1.225,template_v3_single_01,1536,3072,16384,fp16,0,0,searched,calibration_template_probe,12:768:512:512:128:128:128:8:8:1:1:1:4:4:2:2:2:2:2:1:3:0:2,,1,numeric_signed_axes_full_v3,0.69490562439,0.697190017696776,0.694204788208218,within_noise,within_noise,1
net_log30:template_v3_single_01:rank48,net_log30,Ascend910B3,20,8.1.RC1+toolkit-7.7.0.1.225,template_v3_single_01,1536,3072,16384,fp16,0,0,searched,calibration_template_probe,12:768:512:512:128:128:128:8:8:2:1:1:4:4:2:2:2:1:3:2:2:0:2,,1,numeric_signed_axes_full_v3,0.692317581177,0.697190017701203,0.694204788204872,within_noise,within_noise,1
net_log30:template_v3_single_01:rank49,net_log30,Ascend910B3,20,8.1.RC1+toolkit-7.7.0.1.225,template_v3_single_01,1536,3072,16384,fp16,0,0,searched,calibration_template_probe,16:384:768:512:128:128:128:8:8:2:1:1:4:4:2:2:2:2:2:3:2:0:2,,1,numeric_signed_axes_full_v3,0.697623596191,0.694454803467188,0.69308563232375,within_noise,within_noise,1
net_log30:template_v3_single_01:rank50,net_log30,Ascend910B3,20,8.1.RC1+toolkit-7.7.0.1.225,template_v3_single_01,1536,3072,16384,fp16,0,0,searched,calibration_template_probe,16:384:768:512:128:128:128:8:8:2:1:1:4:4:2:2:2:2:2:2:2:0:2,,1,numeric_signed_axes_full_v3,0.694443588257,0.694454803465395,0.693085632324295,within_noise,within_noise,1
net_log30:template_v3_single_01:rank51,net_log30,Ascend910B3,20,8.1.RC1+toolkit-7.7.0.1.225,template_v3_single_01,1536,3072,16384,fp16,0,0,searched,calibration_template_probe,12:384:1024:512:128:128:128:8:8:1:1:1:4:4:2:2:2:1:3:4:1:0:2,,1,numeric_signed_axes_full_v3,0.695551223755,0.694454803466926,0.693085632324027,within_noise,within_noise,1
net_log30:template_v3_single_01:rank52,net_log30,Ascend910B3,20,8.1.RC1+toolkit-7.7.0.1.225,template_v3_single_01,1536,3072,16384,fp16,0,0,searched,calibration_template_probe,20:512:256:384:128:128:128:9:6:3:1:1:3:3:2:2:2:1:4:3:3:0:2,,1,numeric_signed_axes_full_v3,0.696216430664,0.69445480346689,0.693085632323685,within_noise,within_noise,1
net_log30:template_v3_single_01:rank53,net_log30,Ascend910B3,20,8.1.RC1+toolkit-7.7.0.1.225,template_v3_single_01,1536,3072,16384,fp16,0,0,searched,calibration_template_probe,18:512:512:512:128:128:128:8:8:1:1:1:4:4:2:2:2:2:2:2:4:0:2,,1,numeric_signed_axes_full_v3,0.697574005127,0.694454803466723,0.693085632324161,within_noise,within_noise,1
net_log30:template_v3_single_01:rank54,net_log30,Ascend910B3,20,8.1.RC1+toolkit-7.7.0.1.225,template_v3_single_01,1536,3072,16384,fp16,0,0,searched,calibration_template_probe,18:512:512:512:128:128:128:8:8:2:1:1:4:4:2:2:2:2:2:2:3:0:2,,1,numeric_signed_axes_full_v3,0.692301635742,0.694454803468968,0.693085632320938,within_noise,within_noise,1
net_log30:template_v3_single_01:rank55,net_log30,Ascend910B3,20,8.1.RC1+toolkit-7.7.0.1.225,template_v3_single_01,1536,3072,16384,fp16,0,0,searched,calibration_template_probe,18:512:512:384:128:128:128:6:9:1:3:0:3:3:2:2:2:2:2:2:3:0:2,,1,numeric_signed_axes_full_v3,0.694446029663,0.69445480346775,0.693085632324275,within_noise,within_noise,1
net_log30:template_v3_single_01:rank56,net_log30,Ascend910B3,20,8.1.RC1+toolkit-7.7.0.1.225,template_v3_single_01,1536,3072,16384,fp16,0,0,searched,calibration_template_probe,16:384:768:512:128:128:128:8:8:1:1:1:4:4:2:2:2:2:2:3:2:0:2,,1,numeric_signed_axes_full_v3,0.694310379028,0.694454803467261,0.693085632323789,within_noise,within_noise,1
net_log30:template_v3_single_01:rank57,net_log30,Ascend910B3,20,8.1.RC1+toolkit-7.7.0.1.225,template_v3_single_01,1536,3072,16384,fp16,0,0,searched,calibration_template_probe,16:384:768:512:128:128:128:8:8:2:1:1:4:4:2:2:2:2:2:2:3:0:2,,1,numeric_signed_axes_full_v3,0.696512832642,0.694454803467315,0.691286392212155,within_noise,within_noise,1
net_log30:template_v3_single_01:rank58,net_log30,Ascend910B3,20,8.1.RC1+toolkit-7.7.0.1.225,template_v3_single_01,1536,3072,16384,fp16,0,0,searched,calibration_template_probe,18:256:1024:512:128:128:128:8:8:1:1:1:4:4:2:2:2:2:2:3:2:0:2,,1,numeric_signed_axes_full_v3,0.693852005005,0.694454803463609,0.691286392212196,within_noise,within_noise,1
net_log30:template_v3_single_01:rank59,net_log30,Ascend910B3,20,8.1.RC1+toolkit-7.7.0.1.225,template_v3_single_01,1536,3072,16384,fp16,0,0,searched,calibration_template_probe,20:256:512:512:128:128:128:8:8:2:1:1:4:4:2:2:2:2:2:3:4:0:2,,1,numeric_signed_axes_full_v3,0.696292037964,0.694454803467211,0.691286392212276,within_noise,within_noise,1
net_log30:template_v3_single_01:rank60,net_log30,Ascend910B3,20,8.1.RC1+toolkit-7.7.0.1.225,template_v3_single_01,1536,3072,16384,fp16,0,0,searched,calibration_template_probe,18:256:1024:512:128:128:128:8:8:2:1:1:4:4:2:2:2:2:2:4:2:0:2,,1,numeric_signed_axes_full_v3,0.69781036377,0.694454803467304,0.691286392212057,within_noise,within_noise,1
net_log30:template_v3_single_01:rank61,net_log30,Ascend910B3,20,8.1.RC1+toolkit-7.7.0.1.225,template_v3_single_01,1536,3072,16384,fp16,0,0,searched,calibration_template_probe,20:256:128:512:128:128:128:8:8:2:1:1:4:4:2:2:2:2:2:3:12:0:2,,1,numeric_signed_axes_full_v3,0.696571578979,0.694454803467146,0.691286392211869,within_noise,within_noise,1
net_log30:template_v3_single_01:rank62,net_log30,Ascend910B3,20,8.1.RC1+toolkit-7.7.0.1.225,template_v3_single_01,1536,3072,16384,fp16,0,0,searched,calibration_template_probe,16:384:768:512:128:128:128:8:8:1:1:1:4:4:2:2:2:1:4:4:1:0:2,,1,numeric_signed_axes_full_v3,0.694661178589,0.694454803466671,0.691286392211901,within_noise,within_noise,1
net_log30:template_v3_single_01:rank63,net_log30,Ascend910B3,20,8.1.RC1+toolkit-7.7.0.1.225,template_v3_single_01,1536,3072,16384,fp16,0,0,searched,calibration_template_probe,16:384:768:512:128:128:128:8:8:2:1:1:4:4:2:2:2:1:4:4:1:0:2,,1,numeric_signed_axes_full_v3,0.712309188843,0.694454803466971,0.691286392212153,regressed,regressed,1
net_log30:template_v3_single_01:rank64,net_log30,Ascend910B3,20,8.1.RC1+toolkit-7.7.0.1.225,template_v3_single_01,1536,3072,16384,fp16,0,0,searched,calibration_template_probe,20:384:256:384:128:128:128:9:6:3:1:1:3:3:2:2:2:1:4:4:3:0:2,,1,numeric_signed_axes_full_v3,0.69407043457,0.694454803468103,0.691286392212253,within_noise,within_noise,1
net_log30:template_v3_single_02:rank1,net_log30,Ascend910B3,20,8.1.RC1+toolkit-7.7.0.1.225,template_v3_single_02,2048,2560,24576,fp16,0,1,searched,calibration_template_probe,20:512:512:384:128:128:128:9:6:3:1:1:3:3:2:2:2:2:5:3:1:0:2,,1,numeric_signed_axes_full_v3,1.45638000488,,,,,0
net_log30:template_v3_single_02:rank2,net_log30,Ascend910B3,20,8.1.RC1+toolkit-7.7.0.1.225,template_v3_single_02,2048,2560,24576,fp16,0,1,searched,calibration_template_probe,20:256:128:512:128:128:128:8:8:2:1:1:4:4:2:2:2:2:4:4:5:0:2,,1,numeric_signed_axes_full_v3,2.5546824646,,,,,0
net_log30:template_v3_single_02:rank3,net_log30,Ascend910B3,20,8.1.RC1+toolkit-7.7.0.1.225,template_v3_single_02,2048,2560,24576,fp16,0,1,searched,calibration_template_probe,20:128:512:384:128:128:128:6:9:1:3:0:3:3:2:2:2:2:3:8:2:0:2,,1,numeric_signed_axes_full_v3,2.18303283691,,,,,0
net_log30:template_v3_single_02:rank4,net_log30,Ascend910B3,20,8.1.RC1+toolkit-7.7.0.1.225,template_v3_single_02,2048,2560,24576,fp16,0,1,searched,calibration_template_probe,20:512:512:384:128:128:128:6:9:1:3:0:3:3:2:2:2:2:5:2:1:0:2,,1,numeric_signed_axes_full_v3,2.15230926514,,,,,0
net_log30:template_v3_single_02:rank5,net_log30,Ascend910B3,20,8.1.RC1+toolkit-7.7.0.1.225,template_v3_single_02,2048,2560,24576,fp16,0,1,searched,calibration_template_probe,16:256:1280:512:128:128:128:8:8:2:1:1:4:4:2:2:2:4:2:2:1:0:2,,1,numeric_signed_axes_full_v3,1.34656433105,,,,,0
net_log30:template_v3_single_02:rank6,net_log30,Ascend910B3,20,8.1.RC1+toolkit-7.7.0.1.225,template_v3_single_02,2048,2560,24576,fp16,0,1,searched,calibration_template_probe,10:1024:512:512:128:128:128:8:8:1:1:1:4:4:2:2:2:2:3:1:2:0:2,,1,numeric_signed_axes_full_v3,2.3261907959,,,,,0
net_log30:template_v3_single_02:rank7,net_log30,Ascend910B3,20,8.1.RC1+toolkit-7.7.0.1.225,template_v3_single_02,2048,2560,24576,fp16,0,1,searched,calibration_template_probe,20:128:512:512:128:128:128:8:8:1:1:1:4:4:2:2:2:2:3:8:2:0:2,,1,numeric_signed_axes_full_v3,1.24077400208,,,,,0
net_log30:template_v3_single_02:rank8,net_log30,Ascend910B3,20,8.1.RC1+toolkit-7.7.0.1.225,template_v3_single_02,2048,2560,24576,fp16,0,1,searched,calibration_template_probe,20:512:256:512:128:128:128:8:8:1:1:1:4:4:2:2:2:4:2:1:6:0:2,,1,numeric_signed_axes_full_v3,1.40380874634,,,,,0
net_log30:template_v3_single_02:rank9,net_log30,Ascend910B3,20,8.1.RC1+toolkit-7.7.0.1.225,template_v3_single_02,2048,2560,24576,fp16,0,1,searched,calibration_template_probe,20:256:512:384:128:128:128:6:9:1:3:0:3:3:2:2:2:3:3:3:2:0:2,,1,numeric_signed_axes_full_v3,2.18304962158,,,,,0
net_log30:template_v3_single_02:rank10,net_log30,Ascend910B3,20,8.1.RC1+toolkit-7.7.0.1.225,template_v3_single_02,2048,2560,24576,fp16,0,1,searched,calibration_template_probe,20:512:256:384:128:128:128:9:6:3:1:1:3:3:2:2:2:4:2:1:5:0:2,,1,numeric_signed_axes_full_v3,1.90583602905,,,,,0
net_log30:template_v3_single_02:rank11,net_log30,Ascend910B3,20,8.1.RC1+toolkit-7.7.0.1.225,template_v3_single_02,2048,2560,24576,fp16,0,1,searched,calibration_template_probe,20:1024:256:512:128:128:128:8:8:1:1:1:4:4:2:2:2:2:10:1:1:0:2,,1,numeric_signed_axes_full_v3,1.3879776001,,,,,0
net_log30:template_v3_single_02:rank12,net_log30,Ascend910B3,20,8.1.RC1+toolkit-7.7.0.1.225,template_v3_single_02,2048,2560,24576,fp16,0,1,searched,calibration_template_probe,20:1024:256:512:128:128:128:8:8:1:1:1:4:4:2:2:2:2:4:1:3:0:2,,1,numeric_signed_axes_full_v3,1.41440963745,,,,,0
net_log30:template_v3_single_02:rank13,net_log30,Ascend910B3,20,8.1.RC1+toolkit-7.7.0.1.225,template_v3_single_02,2048,2560,24576,fp16,0,1,searched,calibration_template_probe,20:256:128:512:128:128:128:8:8:2:1:1:4:4:2:2:2:2:3:4:7:0:2,,1,numeric_signed_axes_full_v3,2.54718719482,,,,,0
net_log30:template_v3_single_02:rank14,net_log30,Ascend910B3,20,8.1.RC1+toolkit-7.7.0.1.225,template_v3_single_02,2048,2560,24576,fp16,0,1,searched,calibration_template_probe,20:512:256:512:128:128:128:8:8:2:1:1:4:4:2:2:2:4:2:1:5:0:2,,1,numeric_signed_axes_full_v3,1.69239562988,,,,,0
net_log30:template_v3_single_02:rank15,net_log30,Ascend910B3,20,8.1.RC1+toolkit-7.7.0.1.225,template_v3_single_02,2048,2560,24576,fp16,0,1,searched,calibration_template_probe,16:256:1280:512:128:128:128:8:8:1:1:1:4:4:2:2:2:3:2:3:1:0:2,,1,numeric_signed_axes_full_v3,1.47887756348,,,,,0
net_log30:template_v3_single_02:rank16,net_log30,Ascend910B3,20,8.1.RC1+toolkit-7.7.0.1.225,template_v3_single_02,2048,2560,24576,fp16,0,1,searched,calibration_template_probe,20:512:256:384:128:128:128:9:6:3:1:1:3:3:2:2:2:4:2:1:6:0:2,,1,numeric_signed_axes_full_v3,1.90518356323,,,,,0
net_log30:template_v3_single_02:rank17,net_log30,Ascend910B3,20,8.1.RC1+toolkit-7.7.0.1.225,template_v3_single_02,2048,2560,24576,fp16,0,1,searched,calibration_template_probe,20:512:256:512:128:128:128:8:8:2:1:1:4:4:2:2:2:2:4:2:3:0:2,,1,numeric_signed_axes_full_v3,1.66249313354,1.14130676269951,1.09017883300961,regressed,regressed,1
net_log30:template_v3_single_02:rank18,net_log30,Ascend910B3,20,8.1.RC1+toolkit-7.7.0.1.225,template_v3_single_02,2048,2560,24576,fp16,0,1,searched,calibration_template_probe,20:512:512:384:128:128:128:6:9:1:3:0:3:3:2:2:2:2:5:3:1:0:2,,1,numeric_signed_axes_full_v3,2.16162475586,1.14130676270044,1.09017883301006,regressed,regressed,1
net_log30:template_v3_single_02:rank19,net_log30,Ascend910B3,20,8.1.RC1+toolkit-7.7.0.1.225,template_v3_single_02,2048,2560,24576,fp16,0,1,searched,calibration_template_probe,20:512:512:384:128:128:128:6:9:1:3:0:3:3:2:2:2:4:2:1:3:0:2,,1,numeric_signed_axes_full_v3,2.17341156006,1.14130676270043,1.09017883301,regressed,regressed,1
net_log30:template_v3_single_02:rank20,net_log30,Ascend910B3,20,8.1.RC1+toolkit-7.7.0.1.225,template_v3_single_02,2048,2560,24576,fp16,0,1,searched,calibration_template_probe,20:512:512:512:128:128:128:8:8:2:1:1:4:4:2:2:2:2:3:2:2:0:2,,1,numeric_signed_axes_full_v3,1.29548034668,1.14130676269942,1.09017883300966,regressed,regressed,1
net_log30:template_v3_single_02:rank21,net_log30,Ascend910B3,20,8.1.RC1+toolkit-7.7.0.1.225,template_v3_single_02,2048,2560,24576,fp16,0,1,searched,calibration_template_probe,20:512:512:512:128:128:128:8:8:2:1:1:4:4:2:2:2:2:5:2:1:0:2,,1,numeric_signed_axes_full_v3,1.30488327026,1.14130676269954,1.09017883300954,regressed,regressed,1
net_log30:template_v3_single_02:rank22,net_log30,Ascend910B3,20,8.1.RC1+toolkit-7.7.0.1.225,template_v3_single_02,2048,2560,24576,fp16,0,1,searched,calibration_template_probe,20:512:512:384:128:128:128:9:6:3:1:1:3:3:2:2:2:2:5:2:1:0:2,,1,numeric_signed_axes_full_v3,1.44277923584,1.14130676269945,1.0901788330103,regressed,regressed,1
net_log30:template_v3_single_02:rank23,net_log30,Ascend910B3,20,8.1.RC1+toolkit-7.7.0.1.225,template_v3_single_02,2048,2560,24576,fp16,0,1,searched,calibration_template_probe,20:512:256:384:128:128:128:9:6:3:1:1:3:3:2:2:2:2:4:2:3:0:2,,1,numeric_signed_axes_full_v3,1.91350601196,1.14130676270033,1.0901788330101,regressed,regressed,1
net_log30:template_v3_single_02:rank24,net_log30,Ascend910B3,20,8.1.RC1+toolkit-7.7.0.1.225,template_v3_single_02,2048,2560,24576,fp16,0,1,searched,calibration_template_probe,20:256:512:512:128:128:128:8:8:2:1:1:4:4:2:2:2:4:2:2:3:0:2,,1,numeric_signed_axes_full_v3,1.29622833252,1.14130676270041,1.09017883301031,regressed,regressed,1
net_log30:template_v3_single_02:rank25,net_log30,Ascend910B3,20,8.1.RC1+toolkit-7.7.0.1.225,template_v3_single_02,2048,2560,24576,fp16,0,1,searched,calibration_template_probe,20:512:512:384:128:128:128:9:6:3:1:1:3:3:2:2:2:4:2:1:3:0:2,,1,numeric_signed_axes_full_v3,1.44717712402,,,,,0
net_log30:template_v3_single_02:rank26,net_log30,Ascend910B3,20,8.1.RC1+toolkit-7.7.0.1.225,template_v3_single_02,2048,2560,24576,fp16,0,1,searched,calibration_template_probe,20:1024:256:384:128:128:128:9:6:3:1:1:3:3:2:2:2:2:3:1:4:0:2,,1,numeric_signed_axes_full_v3,1.80453353882,,,,,0
net_log30:template_v3_single_02:rank27,net_log30,Ascend910B3,20,8.1.RC1+toolkit-7.7.0.1.225,template_v3_single_02,2048,2560,24576,fp16,0,1,searched,calibration_template_probe,20:512:512:512:128:128:128:8:8:1:1:1:4:4:2:2:2:4:2:1:3:0:2,,1,numeric_signed_axes_full_v3,1.24565437317,,,,,0
net_log30:template_v3_single_02:rank28,net_log30,Ascend910B3,20,8.1.RC1+toolkit-7.7.0.1.225,template_v3_single_02,2048,2560,24576,fp16,0,1,searched,calibration_template_probe,20:256:512:512:128:128:128:8:8:1:1:1:4:4:2:2:2:2:3:4:2:0:2,,1,numeric_signed_axes_full_v3,1.24303520203,,,,,0
net_log30:template_v3_single_02:rank29,net_log30,Ascend910B3,20,8.1.RC1+toolkit-7.7.0.1.225,template_v3_single_02,2048,2560,24576,fp16,0,1,searched,calibration_template_probe,20:512:512:512:128:128:128:8:8:1:1:1:4:4:2:2:2:2:5:3:1:0:2,,1,numeric_signed_axes_full_v3,1.24333076477,,,,,0
net_log30:template_v3_single_02:rank30,net_log30,Ascend910B3,20,8.1.RC1+toolkit-7.7.0.1.225,template_v3_single_02,2048,2560,24576,fp16,0,1,searched,calibration_template_probe,20:256:128:512:128:128:128:8:8:2:1:1:4:4:2:2:2:2:5:4:4:0:2,,1,numeric_signed_axes_full_v3,2.54008758545,,,,,0
net_log30:template_v3_single_02:rank31,net_log30,Ascend910B3,20,8.1.RC1+toolkit-7.7.0.1.225,template_v3_single_02,2048,2560,24576,fp16,0,1,searched,calibration_template_probe,20:512:256:384:128:128:128:9:6:3:1:1:3:3:2:2:2:2:3:2:4:0:2,,1,numeric_signed_axes_full_v3,1.9058404541,,,,,0
net_log30:template_v3_single_02:rank32,net_log30,Ascend910B3,20,8.1.RC1+toolkit-7.7.0.1.225,template_v3_single_02,2048,2560,24576,fp16,0,1,searched,calibration_template_probe,20:1024:256:512:128:128:128:8:8:2:1:1:4:4:2:2:2:2:3:1:4:0:2,,1,numeric_signed_axes_full_v3,1.67471405029,,,,,0
net_log30:template_v3_single_02:rank33,net_log30,Ascend910B3,20,8.1.RC1+toolkit-7.7.0.1.225,template_v3_single_02,2048,2560,24576,fp16,0,1,searched,calibration_template_probe,20:512:256:512:128:128:128:8:8:1:1:1:4:4:2:2:2:2:3:2:4:0:2,,1,numeric_signed_axes_full_v3,1.37726074219,,,,,0
net_log30:template_v3_single_02:rank34,net_log30,Ascend910B3,20,8.1.RC1+toolkit-7.7.0.1.225,template_v3_single_02,2048,2560,24576,fp16,0,1,searched,calibration_template_probe,20:256:512:384:128:128:128:6:9:1:3:0:3:3:2:2:2:4:2:2:3:0:2,,1,numeric_signed_axes_full_v3,2.13810073853,,,,,0
net_log30:template_v3_single_02:rank35,net_log30,Ascend910B3,20,8.1.RC1+toolkit-7.7.0.1.225,template_v3_single_02,2048,2560,24576,fp16,0,1,searched,calibration_template_probe,20:512:512:384:128:128:128:6:9:1:3:0:3:3:2:2:2:2:3:2:2:0:2,,1,numeric_signed_axes_full_v3,2.14437683105,,,,,0
net_log30:template_v3_single_02:rank36,net_log30,Ascend910B3,20,8.1.RC1+toolkit-7.7.0.1.225,template_v3_single_02,2048,2560,24576,fp16,0,1,searched,calibration_template_probe,20:256:512:512:128:128:128:8:8:2:1:1:4:4:2:2:2:2:5:4:1:0:2,,1,numeric_signed_axes_full_v3,1.29806686401,,,,,0
net_log30:template_v3_single_02:rank37,net_log30,Ascend910B3,20,8.1.RC1+toolkit-7.7.0.1.225,template_v3_single_02,2048,2560,24576,fp16,0,1,searched,calibration_template_probe,20:1024:256:384:128:128:128:9:6:3:1:1:3:3:2:2:2:2:4:1:3:0:2,,1,numeric_signed_axes_full_v3,1.83736953735,,,,,0
net_log30:template_v3_single_02:rank38,net_log30,Ascend910B3,20,8.1.RC1+toolkit-7.7.0.1.225,template_v3_single_02,2048,2560,24576,fp16,0,1,searched,calibration_template_probe,20:1024:256:384:128:128:128:9:6:3:1:1:3:3:2:2:2:2:5:1:2:0:2,,1,numeric_signed_axes_full_v3,1.82693283081,,,,,0
net_log30:template_v3_single_02:rank39,net_log30,Ascend910B3,20,8.1.RC1+toolkit-7.7.0.1.225,template_v3_single_02,2048,2560,24576,fp16,0,1,searched,calibration_template_probe,20:512:512:384:128:128:128:9:6:3:1:1:3:3:2:2:2:2:3:2:2:0:2,,1,numeric_signed_axes_full_v3,1.4608404541,,,,,0
net_log30:template_v3_single_02:rank40,net_log30,Ascend910B3,20,8.1.RC1+toolkit-7.7.0.1.225,template_v3_single_02,2048,2560,24576,fp16,0,1,searched,calibration_template_probe,20:1024:256:512:128:128:128:8:8:2:1:1:4:4:2:2:2:2:5:1:2:0:2,,1,numeric_signed_axes_full_v3,1.68034194946,,,,,0
net_log30:template_v3_single_02:rank41,net_log30,Ascend910B3,20,8.1.RC1+toolkit-7.7.0.1.225,template_v3_single_02,2048,2560,24576,fp16,0,1,searched,calibration_template_probe,20:256:512:512:128:128:128:8:8:2:1:1:4:4:2:2:2:3:3:3:2:0:2,,1,numeric_signed_axes_full_v3,1.29822677612,,,,,0
net_log30:template_v3_single_02:rank42,net_log30,Ascend910B3,20,8.1.RC1+toolkit-7.7.0.1.225,template_v3_single_02,2048,2560,24576,fp16,0,1,searched,calibration_template_probe,20:1024:256:512:128:128:128:8:8:1:1:1:4:4:2:2:2:2:3:1:4:0:2,,1,numeric_signed_axes_full_v3,1.35174926758,,,,,0
net_log30:template_v3_single_02:rank43,net_log30,Ascend910B3,20,8.1.RC1+toolkit-7.7.0.1.225,template_v3_single_02,2048,2560,24576,fp16,0,1,searched,calibration_template_probe,20:1024:256:512:128:128:128:8:8:2:1:1:4:4:2:2:2:2:4:1:3:0:2,,1,numeric_signed_axes_full_v3,1.67282958984,,,,,0
net_log30:template_v3_single_02:rank44,net_log30,Ascend910B3,20,8.1.RC1+toolkit-7.7.0.1.225,template_v3_single_02,2048,2560,24576,fp16,0,1,searched,calibration_template_probe,10:1024:512:512:128:128:128:8:8:2:1:1:4:4:2:2:2:2:3:1:2:0:2,,1,numeric_signed_axes_full_v3,2.53712158203,,,,,0
net_log30:template_v3_single_02:rank45,net_log30,Ascend910B3,20,8.1.RC1+toolkit-7.7.0.1.225,template_v3_single_02,2048,2560,24576,fp16,0,1,searched,calibration_template_probe,20:512:256:512:128:128:128:8:8:1:1:1:4:4:2:2:2:4:2:1:5:0:2,,1,numeric_signed_axes_full_v3,1.37528152466,,,,,0
net_log30:template_v3_single_02:rank46,net_log30,Ascend910B3,20,8.1.RC1+toolkit-7.7.0.1.225,template_v3_single_02,2048,2560,24576,fp16,0,1,searched,calibration_template_probe,20:512:256:512:128:128:128:8:8:2:1:1:4:4:2:2:2:4:2:1:6:0:2,,1,numeric_signed_axes_full_v3,1.67913879395,,,,,0
net_log30:template_v3_single_02:rank47,net_log30,Ascend910B3,20,8.1.RC1+toolkit-7.7.0.1.225,template_v3_single_02,2048,2560,24576,fp16,0,1,searched,calibration_template_probe,20:512:256:512:128:128:128:8:8:1:1:1:4:4:2:2:2:2:4:2:3:0:2,,1,numeric_signed_axes_full_v3,1.39859924316,,,,,0
net_log30:template_v3_single_02:rank48,net_log30,Ascend910B3,20,8.1.RC1+toolkit-7.7.0.1.225,template_v3_single_02,2048,2560,24576,fp16,0,1,searched,calibration_template_probe,20:512:512:512:128:128:128:8:8:2:1:1:4:4:2:2:2:4:2:1:3:0:2,,1,numeric_signed_axes_full_v3,1.29910232544,,,,,0
net_log30:template_v3_single_02:rank49,net_log30,Ascend910B3,20,8.1.RC1+toolkit-7.7.0.1.225,template_v3_single_02,2048,2560,24576,fp16,0,1,searched,calibration_template_probe,20:512:256:512:128:128:128:8:8:2:1:1:4:4:2:2:2:2:3:2:4:0:2,,1,numeric_signed_axes_full_v3,1.68463638306,,,,,0
net_log30:template_v3_single_02:rank50,net_log30,Ascend910B3,20,8.1.RC1+toolkit-7.7.0.1.225,template_v3_single_02,2048,2560,24576,fp16,0,1,searched,calibration_template_probe,20:512:512:512:128:128:128:8:8:1:1:1:4:4:2:2:2:2:3:2:2:0:2,,1,numeric_signed_axes_full_v3,1.25240242004,,,,,0
net_log30:template_v3_single_02:rank51,net_log30,Ascend910B3,20,8.1.RC1+toolkit-7.7.0.1.225,template_v3_single_02,2048,2560,24576,fp16,0,1,searched,calibration_template_probe,20:512:512:512:128:128:128:8:8:1:1:1:4:4:2:2:2:2:5:2:1:0:2,,1,numeric_signed_axes_full_v3,1.23796043396,,,,,0
net_log30:template_v3_single_02:rank52,net_log30,Ascend910B3,20,8.1.RC1+toolkit-7.7.0.1.225,template_v3_single_02,2048,2560,24576,fp16,0,1,searched,calibration_template_probe,20:512:512:512:128:128:128:8:8:2:1:1:4:4:2:2:2:2:5:3:1:0:2,,1,numeric_signed_axes_full_v3,1.30921127319,,,,,0
net_log30:template_v3_single_02:rank53,net_log30,Ascend910B3,20,8.1.RC1+toolkit-7.7.0.1.225,template_v3_single_02,2048,2560,24576,fp16,0,1,searched,calibration_template_probe,16:256:1280:512:128:128:128:8:8:1:1:1:4:4:2:2:2:8:2:1:1:0:2,,1,numeric_signed_axes_full_v3,1.47384597778,,,,,0
net_log30:template_v3_single_02:rank54,net_log30,Ascend910B3,20,8.1.RC1+toolkit-7.7.0.1.225,template_v3_single_02,2048,2560,24576,fp16,0,1,searched,calibration_template_probe,20:256:512:384:128:128:128:6:9:1:3:0:3:3:2:2:2:2:3:4:2:0:2,,1,numeric_signed_axes_full_v3,2.18413925171,,,,,0
net_log30:template_v3_single_02:rank55,net_log30,Ascend910B3,20,8.1.RC1+toolkit-7.7.0.1.225,template_v3_single_02,2048,2560,24576,fp16,0,1,searched,calibration_template_probe,20:256:512:512:128:128:128:8:8:1:1:1:4:4:2:2:2:4:2:2:3:0:2,,1,numeric_signed_axes_full_v3,1.24516242981,,,,,0
net_log30:template_v3_single_02:rank56,net_log30,Ascend910B3,20,8.1.RC1+toolkit-7.7.0.1.225,template_v3_single_02,2048,2560,24576,fp16,0,1,searched,calibration_template_probe,20:256:512:512:128:128:128:8:8:1:1:1:4:4:2:2:2:2:5:4:1:0:2,,1,numeric_signed_axes_full_v3,1.23538597107,,,,,0
net_log30:template_v3_single_02:rank57,net_log30,Ascend910B3,20,8.1.RC1+toolkit-7.7.0.1.225,template_v3_single_02,2048,2560,24576,fp16,0,1,searched,calibration_template_probe,20:256:512:512:128:128:128:8:8:1:1:1:4:4:2:2:2:3:3:3:2:0:2,,1,numeric_signed_axes_full_v3,1.25476119995,,,,,0
net_log30:template_v3_single_02:rank58,net_log30,Ascend910B3,20,8.1.RC1+toolkit-7.7.0.1.225,template_v3_single_02,2048,2560,24576,fp16,0,1,searched,calibration_template_probe,20:256:512:512:128:128:128:8:8:2:1:1:4:4:2:2:2:2:3:4:2:0:2,,1,numeric_signed_axes_full_v3,1.3022543335,,,,,0
net_log30:template_v3_single_02:rank59,net_log30,Ascend910B3,20,8.1.RC1+toolkit-7.7.0.1.225,template_v3_single_02,2048,2560,24576,fp16,0,1,searched,calibration_template_probe,16:256:1280:512:128:128:128:8:8:2:1:1:4:4:2:2:2:3:2:3:1:0:2,,1,numeric_signed_axes_full_v3,1.34678115845,,,,,0
net_log30:template_v3_single_02:rank60,net_log30,Ascend910B3,20,8.1.RC1+toolkit-7.7.0.1.225,template_v3_single_02,2048,2560,24576,fp16,0,1,searched,calibration_template_probe,16:256:1280:512:128:128:128:8:8:1:1:1:4:4:2:2:2:4:2:2:1:0:2,,1,numeric_signed_axes_full_v3,1.50670715332,,,,,0
net_log30:template_v3_single_02:rank61,net_log30,Ascend910B3,20,8.1.RC1+toolkit-7.7.0.1.225,template_v3_single_02,2048,2560,24576,fp16,0,1,searched,calibration_template_probe,16:256:1280:512:128:128:128:8:8:2:1:1:4:4:2:2:2:8:2:1:1:0:2,,1,numeric_signed_axes_full_v3,1.34700912476,,,,,0
net_log30:template_v3_single_02:rank62,net_log30,Ascend910B3,20,8.1.RC1+toolkit-7.7.0.1.225,template_v3_single_02,2048,2560,24576,fp16,0,1,searched,calibration_template_probe,20:1024:256:512:128:128:128:8:8:1:1:1:4:4:2:2:2:2:5:1:2:0:2,,1,numeric_signed_axes_full_v3,1.36582077026,,,,,0
net_log30:template_v3_single_02:rank63,net_log30,Ascend910B3,20,8.1.RC1+toolkit-7.7.0.1.225,template_v3_single_02,2048,2560,24576,fp16,0,1,searched,calibration_template_probe,20:1024:256:512:128:128:128:8:8:2:1:1:4:4:2:2:2:2:10:1:1:0:2,,1,numeric_signed_axes_full_v3,1.6911680603,,,,,0
net_log30:template_v3_single_02:rank64,net_log30,Ascend910B3,20,8.1.RC1+toolkit-7.7.0.1.225,template_v3_single_02,2048,2560,24576,fp16,0,1,searched,calibration_template_probe,20:256:128:512:128:128:128:8:8:2:1:1:4:4:2:2:2:4:2:2:10:0:2,,1,numeric_signed_axes_full_v3,2.52940673828,,,,,0
net_log30:template_v3_single_03:rank1,net_log30,Ascend910B3,20,8.1.RC1+toolkit-7.7.0.1.225,template_v3_single_03,3072,1536,32768,bf16,1,0,searched,calibration_template_probe,12:512:768:512:128:128:128:8:8:2:1:1:4:4:2:2:2:6:2:1:1:0:2,,1,numeric_signed_axes_full_v3,2.33699920654,1.67467163086098,1.67504074096998,regressed,regressed,1
net_log30:template_v3_single_03:rank2,net_log30,Ascend910B3,20,8.1.RC1+toolkit-7.7.0.1.225,template_v3_single_03,3072,1536,32768,bf16,1,0,searched,calibration_template_probe,20:128:128:512:128:128:128:8:8:1:1:1:4:4:2:2:2:4:2:6:6:0:2,,1,numeric_signed_axes_full_v3,4.86045684814,1.67467163086051,1.67504074097206,regressed,regressed,1
net_log30:template_v3_single_03:rank3,net_log30,Ascend910B3,20,8.1.RC1+toolkit-7.7.0.1.225,template_v3_single_03,3072,1536,32768,bf16,1,0,searched,calibration_template_probe,20:256:512:384:128:128:128:6:9:1:3:0:3:3:2:2:2:6:2:2:2:0:2,,1,numeric_signed_axes_full_v3,2.96374786377,1.67467163085995,1.67504074097132,regressed,regressed,1
net_log30:template_v3_single_03:rank4,net_log30,Ascend910B3,20,8.1.RC1+toolkit-7.7.0.1.225,template_v3_single_03,3072,1536,32768,bf16,1,0,searched,calibration_template_probe,20:128:384:384:128:128:128:6:9:1:3:0:3:3:2:2:2:4:2:6:2:0:2,,1,numeric_signed_axes_full_v3,3.12401489258,1.67467163086073,1.67504074097097,regressed,regressed,1
net_log30:template_v3_single_03:rank5,net_log30,Ascend910B3,20,8.1.RC1+toolkit-7.7.0.1.225,template_v3_single_03,3072,1536,32768,bf16,1,0,searched,calibration_template_probe,12:1024:384:384:128:128:128:6:9:1:3:0:3:3:2:2:2:3:4:1:1:0:2,,1,numeric_signed_axes_full_v3,3.9329296875,1.67467163086196,1.67504074096972,regressed,regressed,1
net_log30:template_v3_single_03:rank6,net_log30,Ascend910B3,20,8.1.RC1+toolkit-7.7.0.1.225,template_v3_single_03,3072,1536,32768,bf16,1,0,searched,calibration_template_probe,20:512:256:384:128:128:128:9:6:3:1:1:3:3:2:2:2:3:3:2:2:0:2,,1,numeric_signed_axes_full_v3,2.67445068359,1.67467163086121,1.67504074097074,regressed,regressed,1
net_log30:template_v3_single_03:rank7,net_log30,Ascend910B3,20,8.1.RC1+toolkit-7.7.0.1.225,template_v3_single_03,3072,1536,32768,bf16,1,0,searched,calibration_template_probe,18:512:512:512:128:128:128:8:8:1:1:1:4:4:2:2:2:6:2:1:2:0:2,,1,numeric_signed_axes_full_v3,2.16183197021,1.67467163086025,1.67504074096993,regressed,regressed,1
net_log30:template_v3_single_03:rank8,net_log30,Ascend910B3,20,8.1.RC1+toolkit-7.7.0.1.225,template_v3_single_03,3072,1536,32768,bf16,1,0,searched,calibration_template_probe,18:1024:256:512:128:128:128:8:8:1:1:1:4:4:2:2:2:3:3:1:2:0:2,,1,numeric_signed_axes_full_v3,2.13586593628,1.67467163086106,1.67504074097069,regressed,regressed,1
net_log30:template_v3_single_03:rank9,net_log30,Ascend910B3,20,8.1.RC1+toolkit-7.7.0.1.225,template_v3_single_03,3072,1536,32768,bf16,1,0,searched,calibration_template_probe,20:256:512:512:128:128:128:8:8:2:1:1:4:4:2:2:2:6:3:2:1:0:2,,1,numeric_signed_axes_full_v3,1.80166519165,1.67517562865931,1.67504074096996,regressed,regressed,1
net_log30:template_v3_single_03:rank10,net_log30,Ascend910B3,20,8.1.RC1+toolkit-7.7.0.1.225,template_v3_single_03,3072,1536,32768,bf16,1,0,searched,calibration_template_probe,18:512:512:384:128:128:128:9:6:3:1:1:3:3:2:2:2:6:2:1:2:0:2,,1,numeric_signed_axes_full_v3,2.04258483887,1.67517562865982,1.67504074096921,regressed,regressed,1
net_log30:template_v3_single_03:rank11,net_log30,Ascend910B3,20,8.1.RC1+toolkit-7.7.0.1.225,template_v3_single_03,3072,1536,32768,bf16,1,0,searched,calibration_template_probe,16:384:768:384:128:128:128:9:6:3:1:1:3:3:2:2:2:8:2:1:1:0:2,,1,numeric_signed_axes_full_v3,1.85958679199,1.67517562865918,1.67504074097057,regressed,regressed,1
net_log30:template_v3_single_03:rank12,net_log30,Ascend910B3,20,8.1.RC1+toolkit-7.7.0.1.225,template_v3_single_03,3072,1536,32768,bf16,1,0,searched,calibration_template_probe,18:512:512:384:128:128:128:6:9:1:3:0:3:3:2:2:2:6:3:1:1:0:2,,1,numeric_signed_axes_full_v3,3.00766082764,1.67517562865878,1.67504074096869,regressed,regressed,1
net_log30:template_v3_single_03:rank13,net_log30,Ascend910B3,20,8.1.RC1+toolkit-7.7.0.1.225,template_v3_single_03,3072,1536,32768,bf16,1,0,searched,calibration_template_probe,20:256:128:512:128:128:128:8:8:2:1:1:4:4:2:2:2:4:3:3:4:0:2,,1,numeric_signed_axes_full_v3,3.83981079102,1.67517562866166,1.67504074096977,regressed,regressed,1
net_log30:template_v3_single_03:rank14,net_log30,Ascend910B3,20,8.1.RC1+toolkit-7.7.0.1.225,template_v3_single_03,3072,1536,32768,bf16,1,0,searched,calibration_template_probe,20:128:128:512:128:128:128:8:8:1:1:1:4:4:2:2:2:5:2:5:7:0:2,,1,numeric_signed_axes_full_v3,4.84750213623,1.67517562866097,1.675040740971,regressed,regressed,1
net_log30:template_v3_single_03:rank15,net_log30,Ascend910B3,20,8.1.RC1+toolkit-7.7.0.1.225,template_v3_single_03,3072,1536,32768,bf16,1,0,searched,calibration_template_probe,20:256:512:512:128:128:128:8:8:2:1:1:4:4:2:2:2:6:2:2:2:0:2,,1,numeric_signed_axes_full_v3,1.80185760498,1.67517562866033,1.67504074096937,regressed,regressed,1
net_log30:template_v3_single_03:rank16,net_log30,Ascend910B3,20,8.1.RC1+toolkit-7.7.0.1.225,template_v3_single_03,3072,1536,32768,bf16,1,0,searched,calibration_template_probe,20:256:512:384:128:128:128:6:9:1:3:0:3:3:2:2:2:4:3:3:1:0:2,,1,numeric_signed_axes_full_v3,2.97389801025,1.67517562866019,1.67504074097039,regressed,regressed,1
net_log30:template_v3_single_03:rank17,net_log30,Ascend910B3,20,8.1.RC1+toolkit-7.7.0.1.225,template_v3_single_03,3072,1536,32768,bf16,1,0,searched,calibration_template_probe,12:768:512:384:128:128:128:9:6:3:1:1:3:3:2:2:2:4:3:1:1:0:2,,1,numeric_signed_axes_full_v3,2.79193511963,1.67085006713993,1.67262207030908,regressed,regressed,1
net_log30:template_v3_single_03:rank18,net_log30,Ascend910B3,20,8.1.RC1+toolkit-7.7.0.1.225,template_v3_single_03,3072,1536,32768,bf16,1,0,searched,calibration_template_probe,18:512:512:384:128:128:128:6:9:1:3:0:3:3:2:2:2:6:2:1:2:0:2,,1,numeric_signed_axes_full_v3,3.0353036499,1.67085006713895,1.67262207031019,regressed,regressed,1
net_log30:template_v3_single_03:rank19,net_log30,Ascend910B3,20,8.1.RC1+toolkit-7.7.0.1.225,template_v3_single_03,3072,1536,32768,bf16,1,0,searched,calibration_template_probe,20:512:256:512:128:128:128:8:8:1:1:1:4:4:2:2:2:6:2:1:4:0:2,,1,numeric_signed_axes_full_v3,2.2080027771,1.67085006714091,1.6726220703105,regressed,regressed,1
net_log30:template_v3_single_03:rank20,net_log30,Ascend910B3,20,8.1.RC1+toolkit-7.7.0.1.225,template_v3_single_03,3072,1536,32768,bf16,1,0,searched,calibration_template_probe,18:512:512:512:128:128:128:8:8:2:1:1:4:4:2:2:2:3:3:2:1:0:2,,1,numeric_signed_axes_full_v3,1.80921234131,1.67085006714058,1.67262207031085,regressed,regressed,1
net_log30:template_v3_single_03:rank21,net_log30,Ascend910B3,20,8.1.RC1+toolkit-7.7.0.1.225,template_v3_single_03,3072,1536,32768,bf16,1,0,searched,calibration_template_probe,20:512:256:512:128:128:128:8:8:1:1:1:4:4:2:2:2:3:3:2:2:0:2,,1,numeric_signed_axes_full_v3,2.22754119873,1.67085006714008,1.67262207030969,regressed,regressed,1
net_log30:template_v3_single_03:rank22,net_log30,Ascend910B3,20,8.1.RC1+toolkit-7.7.0.1.225,template_v3_single_03,3072,1536,32768,bf16,1,0,searched,calibration_template_probe,18:1024:256:384:128:128:128:9:6:3:1:1:3:3:2:2:2:3:6:1:1:0:2,,1,numeric_signed_axes_full_v3,2.43676040649,1.67085006713879,1.67262207030987,regressed,regressed,1
net_log30:template_v3_single_03:rank23,net_log30,Ascend910B3,20,8.1.RC1+toolkit-7.7.0.1.225,template_v3_single_03,3072,1536,32768,bf16,1,0,searched,calibration_template_probe,12:768:512:512:128:128:128:8:8:1:1:1:4:4:2:2:2:4:3:1:1:0:2,,1,numeric_signed_axes_full_v3,3.04009399414,1.67085006713937,1.67262207031079,regressed,regressed,1
net_log30:template_v3_single_03:rank24,net_log30,Ascend910B3,20,8.1.RC1+toolkit-7.7.0.1.225,template_v3_single_03,3072,1536,32768,bf16,1,0,searched,calibration_template_probe,20:384:128:384:128:128:128:9:6:3:1:1:3:3:2:2:2:4:2:2:6:0:2,,1,numeric_signed_axes_full_v3,3.68417449951,1.67085006714075,1.67262207030953,regressed,regressed,1
net_log30:template_v3_single_03:rank25,net_log30,Ascend910B3,20,8.1.RC1+toolkit-7.7.0.1.225,template_v3_single_03,3072,1536,32768,bf16,1,0,searched,calibration_template_probe,20:512:256:384:128:128:128:9:6:3:1:1:3:3:2:2:2:6:2:1:4:0:2,,1,numeric_signed_axes_full_v3,2.66598388672,1.66922119141074,1.67262207030892,regressed,regressed,1
net_log30:template_v3_single_03:rank26,net_log30,Ascend910B3,20,8.1.RC1+toolkit-7.7.0.1.225,template_v3_single_03,3072,1536,32768,bf16,1,0,searched,calibration_template_probe,16:768:384:384:128:128:128:6:9:1:3:0:3:3:2:2:2:4:2:1:2:0:2,,1,numeric_signed_axes_full_v3,3.09556213379,1.66922119141079,1.67262207031132,regressed,regressed,1
net_log30:template_v3_single_03:rank27,net_log30,Ascend910B3,20,8.1.RC1+toolkit-7.7.0.1.225,template_v3_single_03,3072,1536,32768,bf16,1,0,searched,calibration_template_probe,20:256:128:512:128:128:128:8:8:2:1:1:4:4:2:2:2:3:3:4:4:0:2,,1,numeric_signed_axes_full_v3,3.84656433105,1.66922119141157,1.67262207030836,regressed,regressed,1
net_log30:template_v3_single_03:rank28,net_log30,Ascend910B3,20,8.1.RC1+toolkit-7.7.0.1.225,template_v3_single_03,3072,1536,32768,bf16,1,0,searched,calibration_template_probe,12:512:768:384:128:128:128:6:9:1:3:0:3:3:2:2:2:6:2:1:1:0:2,,1,numeric_signed_axes_full_v3,4.12875427246,1.66922119141019,1.67262207030899,regressed,regressed,1
net_log30:template_v3_single_03:rank29,net_log30,Ascend910B3,20,8.1.RC1+toolkit-7.7.0.1.225,template_v3_single_03,3072,1536,32768,bf16,1,0,searched,calibration_template_probe,18:512:512:384:128:128:128:9:6:3:1:1:3:3:2:2:2:3:3:2:1:0:2,,1,numeric_signed_axes_full_v3,2.04324554443,1.66922119141047,1.67262207031063,regressed,regressed,1
net_log30:template_v3_single_03:rank30,net_log30,Ascend910B3,20,8.1.RC1+toolkit-7.7.0.1.225,template_v3_single_03,3072,1536,32768,bf16,1,0,searched,calibration_template_probe,20:256:512:512:128:128:128:8:8:1:1:1:4:4:2:2:2:3:3:4:1:0:2,,1,numeric_signed_axes_full_v3,2.16757354736,1.66922119140961,1.67262207031018,regressed,regressed,1
net_log30:template_v3_single_03:rank31,net_log30,Ascend910B3,20,8.1.RC1+toolkit-7.7.0.1.225,template_v3_single_03,3072,1536,32768,bf16,1,0,searched,calibration_template_probe,20:512:256:512:128:128:128:8:8:2:1:1:4:4:2:2:2:3:6:2:1:0:2,,1,numeric_signed_axes_full_v3,2.30230758667,1.66922119140932,1.67262207031038,regressed,regressed,1
net_log30:template_v3_single_03:rank32,net_log30,Ascend910B3,20,8.1.RC1+toolkit-7.7.0.1.225,template_v3_single_03,3072,1536,32768,bf16,1,0,searched,calibration_template_probe,18:512:512:512:128:128:128:8:8:1:1:1:4:4:2:2:2:6:3:1:1:0:2,,1,numeric_signed_axes_full_v3,2.15624923706,1.66922119141073,1.67262207031059,regressed,regressed,1
net_log30:template_v3_single_03:rank33,net_log30,Ascend910B3,20,8.1.RC1+toolkit-7.7.0.1.225,template_v3_single_03,3072,1536,32768,bf16,1,0,searched,calibration_template_probe,18:1024:256:512:128:128:128:8:8:2:1:1:4:4:2:2:2:3:6:1:1:0:2,,1,numeric_signed_axes_full_v3,2.34011001587,1.66922119140999,1.67631072997964,regressed,regressed,1
net_log30:template_v3_single_03:rank34,net_log30,Ascend910B3,20,8.1.RC1+toolkit-7.7.0.1.225,template_v3_single_03,3072,1536,32768,bf16,1,0,searched,calibration_template_probe,20:512:256:512:128:128:128:8:8:2:1:1:4:4:2:2:2:6:2:1:4:0:2,,1,numeric_signed_axes_full_v3,2.33722564697,1.66922119141079,1.67631072998106,regressed,regressed,1
net_log30:template_v3_single_03:rank35,net_log30,Ascend910B3,20,8.1.RC1+toolkit-7.7.0.1.225,template_v3_single_03,3072,1536,32768,bf16,1,0,searched,calibration_template_probe,18:512:512:512:128:128:128:8:8:2:1:1:4:4:2:2:2:6:2:1:2:0:2,,1,numeric_signed_axes_full_v3,1.8086680603,1.66922119140938,1.67631072997956,regressed,regressed,1
net_log30:template_v3_single_03:rank36,net_log30,Ascend910B3,20,8.1.RC1+toolkit-7.7.0.1.225,template_v3_single_03,3072,1536,32768,bf16,1,0,searched,calibration_template_probe,12:512:768:512:128:128:128:8:8:1:1:1:4:4:2:2:2:6:2:1:1:0:2,,1,numeric_signed_axes_full_v3,2.75195678711,1.66922119140933,1.6763107299797,regressed,regressed,1
net_log30:template_v3_single_03:rank37,net_log30,Ascend910B3,20,8.1.RC1+toolkit-7.7.0.1.225,template_v3_single_03,3072,1536,32768,bf16,1,0,searched,calibration_template_probe,20:512:256:384:128:128:128:9:6:3:1:1:3:3:2:2:2:3:6:2:1:0:2,,1,numeric_signed_axes_full_v3,2.64433074951,1.66922119141066,1.6763107299789,regressed,regressed,1
net_log30:template_v3_single_03:rank38,net_log30,Ascend910B3,20,8.1.RC1+toolkit-7.7.0.1.225,template_v3_single_03,3072,1536,32768,bf16,1,0,searched,calibration_template_probe,20:512:256:512:128:128:128:8:8:1:1:1:4:4:2:2:2:3:6:2:1:0:2,,1,numeric_signed_axes_full_v3,2.22349594116,1.66922119141104,1.67631072997906,regressed,regressed,1
net_log30:template_v3_single_03:rank39,net_log30,Ascend910B3,20,8.1.RC1+toolkit-7.7.0.1.225,template_v3_single_03,3072,1536,32768,bf16,1,0,searched,calibration_template_probe,20:512:256:512:128:128:128:8:8:2:1:1:4:4:2:2:2:3:3:2:2:0:2,,1,numeric_signed_axes_full_v3,2.33265075684,1.66922119141055,1.67631072998091,regressed,regressed,1
net_log30:template_v3_single_03:rank40,net_log30,Ascend910B3,20,8.1.RC1+toolkit-7.7.0.1.225,template_v3_single_03,3072,1536,32768,bf16,1,0,searched,calibration_template_probe,18:512:512:384:128:128:128:6:9:1:3:0:3:3:2:2:2:3:3:2:1:0:2,,1,numeric_signed_axes_full_v3,3.00036193848,1.66922119140852,1.67631072998095,regressed,regressed,1
net_log30:template_v3_single_03:rank41,net_log30,Ascend910B3,20,8.1.RC1+toolkit-7.7.0.1.225,template_v3_single_03,3072,1536,32768,bf16,1,0,searched,calibration_template_probe,18:512:512:384:128:128:128:9:6:3:1:1:3:3:2:2:2:6:3:1:1:0:2,,1,numeric_signed_axes_full_v3,2.04247360229,1.67103195190061,1.67330993652045,regressed,regressed,1
net_log30:template_v3_single_03:rank42,net_log30,Ascend910B3,20,8.1.RC1+toolkit-7.7.0.1.225,template_v3_single_03,3072,1536,32768,bf16,1,0,searched,calibration_template_probe,18:512:512:512:128:128:128:8:8:1:1:1:4:4:2:2:2:3:3:2:1:0:2,,1,numeric_signed_axes_full_v3,2.1580531311,1.67103195189956,1.67330993651999,regressed,regressed,1
net_log30:template_v3_single_03:rank43,net_log30,Ascend910B3,20,8.1.RC1+toolkit-7.7.0.1.225,template_v3_single_03,3072,1536,32768,bf16,1,0,searched,calibration_template_probe,18:512:512:512:128:128:128:8:8:2:1:1:4:4:2:2:2:6:3:1:1:0:2,,1,numeric_signed_axes_full_v3,1.80948806763,1.67103195189981,1.67330993652071,regressed,regressed,1
net_log30:template_v3_single_03:rank44,net_log30,Ascend910B3,20,8.1.RC1+toolkit-7.7.0.1.225,template_v3_single_03,3072,1536,32768,bf16,1,0,searched,calibration_template_probe,20:256:128:512:128:128:128:8:8:2:1:1:4:4:2:2:2:4:2:3:6:0:2,,1,numeric_signed_axes_full_v3,3.84230773926,1.67103195189898,1.67330993651965,regressed,regressed,1
net_log30:template_v3_single_03:rank45,net_log30,Ascend910B3,20,8.1.RC1+toolkit-7.7.0.1.225,template_v3_single_03,3072,1536,32768,bf16,1,0,searched,calibration_template_probe,20:256:512:512:128:128:128:8:8:2:1:1:4:4:2:2:2:3:3:4:1:0:2,,1,numeric_signed_axes_full_v3,1.80111679077,1.67103195190011,1.67330993652038,regressed,regressed,1
net_log30:template_v3_single_03:rank46,net_log30,Ascend910B3,20,8.1.RC1+toolkit-7.7.0.1.225,template_v3_single_03,3072,1536,32768,bf16,1,0,searched,calibration_template_probe,20:256:512:512:128:128:128:8:8:1:1:1:4:4:2:2:2:6:3:2:1:0:2,,1,numeric_signed_axes_full_v3,2.19430603027,1.67103195190102,1.67330993651905,regressed,regressed,1
net_log30:template_v3_single_03:rank47,net_log30,Ascend910B3,20,8.1.RC1+toolkit-7.7.0.1.225,template_v3_single_03,3072,1536,32768,bf16,1,0,searched,calibration_template_probe,20:256:512:512:128:128:128:8:8:1:1:1:4:4:2:2:2:6:2:2:2:0:2,,1,numeric_signed_axes_full_v3,2.17655166626,1.67103195189985,1.67330993651974,regressed,regressed,1
net_log30:template_v3_single_03:rank48,net_log30,Ascend910B3,20,8.1.RC1+toolkit-7.7.0.1.225,template_v3_single_03,3072,1536,32768,bf16,1,0,searched,calibration_template_probe,12:768:512:512:128:128:128:8:8:2:1:1:4:4:2:2:2:4:3:1:1:0:2,,1,numeric_signed_axes_full_v3,2.74317749023,1.67103195190042,1.67330993652112,regressed,regressed,1
net_log30:template_v3_single_03:rank49,net_log30,Ascend910B3,20,8.1.RC1+toolkit-7.7.0.1.225,template_v3_single_03,3072,1536,32768,bf16,1,0,searched,calibration_template_probe,16:768:384:384:128:128:128:6:9:1:3:0:3:3:2:2:2:4:4:1:1:0:2,,1,numeric_signed_axes_full_v3,3.0793069458,1.67356124877941,1.6733099365195,regressed,regressed,1
net_log30:template_v3_single_03:rank50,net_log30,Ascend910B3,20,8.1.RC1+toolkit-7.7.0.1.225,template_v3_single_03,3072,1536,32768,bf16,1,0,searched,calibration_template_probe,16:384:768:384:128:128:128:9:6:3:1:1:3:3:2:2:2:4:2:2:1:0:2,,1,numeric_signed_axes_full_v3,1.85772003174,1.67356124877915,1.67330993651915,regressed,regressed,1
net_log30:template_v3_single_03:rank51,net_log30,Ascend910B3,20,8.1.RC1+toolkit-7.7.0.1.225,template_v3_single_03,3072,1536,32768,bf16,1,0,searched,calibration_template_probe,12:768:512:384:128:128:128:6:9:1:3:0:3:3:2:2:2:4:3:1:1:0:2,,1,numeric_signed_axes_full_v3,4.08859283447,1.67356124877903,1.67330993651891,regressed,regressed,1
net_log30:template_v3_single_03:rank52,net_log30,Ascend910B3,20,8.1.RC1+toolkit-7.7.0.1.225,template_v3_single_03,3072,1536,32768,bf16,1,0,searched,calibration_template_probe,12:512:768:384:128:128:128:9:6:3:1:1:3:3:2:2:2:6:2:1:1:0:2,,1,numeric_signed_axes_full_v3,2.69924468994,1.67356124877985,1.67330993652074,regressed,regressed,1
net_log30:template_v3_single_03:rank53,net_log30,Ascend910B3,20,8.1.RC1+toolkit-7.7.0.1.225,template_v3_single_03,3072,1536,32768,bf16,1,0,searched,calibration_template_probe,18:1024:256:384:128:128:128:9:6:3:1:1:3:3:2:2:2:3:3:1:2:0:2,,1,numeric_signed_axes_full_v3,2.42065887451,1.6735612487793,1.67330993651959,regressed,regressed,1
net_log30:template_v3_single_03:rank54,net_log30,Ascend910B3,20,8.1.RC1+toolkit-7.7.0.1.225,template_v3_single_03,3072,1536,32768,bf16,1,0,searched,calibration_template_probe,18:1024:256:512:128:128:128:8:8:1:1:1:4:4:2:2:2:3:6:1:1:0:2,,1,numeric_signed_axes_full_v3,2.07005401611,1.67356124877959,1.67330993651936,regressed,regressed,1
net_log30:template_v3_single_03:rank55,net_log30,Ascend910B3,20,8.1.RC1+toolkit-7.7.0.1.225,template_v3_single_03,3072,1536,32768,bf16,1,0,searched,calibration_template_probe,18:1024:256:512:128:128:128:8:8:2:1:1:4:4:2:2:2:3:3:1:2:0:2,,1,numeric_signed_axes_full_v3,2.35583999634,1.67356124878059,1.67330993651937,regressed,regressed,1
net_log30:template_v3_single_03:rank56,net_log30,Ascend910B3,20,8.1.RC1+toolkit-7.7.0.1.225,template_v3_single_03,3072,1536,32768,bf16,1,0,searched,calibration_template_probe,20:256:512:384:128:128:128:6:9:1:3:0:3:3:2:2:2:3:3:4:1:0:2,,1,numeric_signed_axes_full_v3,2.97685028076,1.6735612487814,1.67330993651972,regressed,regressed,1
net_log30:template_v3_single_03:rank57,net_log30,Ascend910B3,20,8.1.RC1+toolkit-7.7.0.1.225,template_v3_single_03,3072,1536,32768,bf16,1,0,searched,calibration_template_probe,20:256:512:384:128:128:128:6:9:1:3:0:3:3:2:2:2:6:3:2:1:0:2,,1,numeric_signed_axes_full_v3,2.95071289063,1.67599914550917,1.67481033325003,regressed,regressed,1
net_log30:template_v3_single_03:rank58,net_log30,Ascend910B3,20,8.1.RC1+toolkit-7.7.0.1.225,template_v3_single_03,3072,1536,32768,bf16,1,0,searched,calibration_template_probe,20:256:512:512:128:128:128:8:8:1:1:1:4:4:2:2:2:4:3:3:1:0:2,,1,numeric_signed_axes_full_v3,2.18398162842,1.67599914551043,1.67481033324987,regressed,regressed,1
net_log30:template_v3_single_03:rank59,net_log30,Ascend910B3,20,8.1.RC1+toolkit-7.7.0.1.225,template_v3_single_03,3072,1536,32768,bf16,1,0,searched,calibration_template_probe,20:256:512:512:128:128:128:8:8:2:1:1:4:4:2:2:2:4:3:3:1:0:2,,1,numeric_signed_axes_full_v3,1.80242965698,1.6759991455096,1.67481033324948,regressed,regressed,1
net_log30:template_v3_single_03:rank60,net_log30,Ascend910B3,20,8.1.RC1+toolkit-7.7.0.1.225,template_v3_single_03,3072,1536,32768,bf16,1,0,searched,calibration_template_probe,20:512:256:384:128:128:128:9:6:3:1:1:3:3:2:2:2:6:2:1:3:0:2,,1,numeric_signed_axes_full_v3,2.66000854492,1.67599914550936,1.6748103332509,regressed,regressed,1
net_log30:template_v3_single_03:rank61,net_log30,Ascend910B3,20,8.1.RC1+toolkit-7.7.0.1.225,template_v3_single_03,3072,1536,32768,bf16,1,0,searched,calibration_template_probe,20:512:256:512:128:128:128:8:8:1:1:1:4:4:2:2:2:6:2:1:3:0:2,,1,numeric_signed_axes_full_v3,2.2263104248,1.67599914551035,1.67481033325015,regressed,regressed,1
net_log30:template_v3_single_03:rank62,net_log30,Ascend910B3,20,8.1.RC1+toolkit-7.7.0.1.225,template_v3_single_03,3072,1536,32768,bf16,1,0,searched,calibration_template_probe,20:512:256:512:128:128:128:8:8:2:1:1:4:4:2:2:2:6:2:1:3:0:2,,1,numeric_signed_axes_full_v3,2.3241003418,1.6759991455103,1.67481033324959,regressed,regressed,1
net_log30:template_v3_single_03:rank63,net_log30,Ascend910B3,20,8.1.RC1+toolkit-7.7.0.1.225,template_v3_single_03,3072,1536,32768,bf16,1,0,searched,calibration_template_probe,20:128:128:512:128:128:128:8:8:1:1:1:4:4:2:2:2:6:2:4:7:0:2,,1,numeric_signed_axes_full_v3,4.84766265869,1.6759991455082,1.67481033325113,regressed,regressed,1
net_log30:template_v3_single_03:rank64,net_log30,Ascend910B3,20,8.1.RC1+toolkit-7.7.0.1.225,template_v3_single_03,3072,1536,32768,bf16,1,0,searched,calibration_template_probe,20:256:128:512:128:128:128:8:8:2:1:1:4:4:2:2:2:3:4:4:3:0:2,,1,numeric_signed_axes_full_v3,3.8433404541,1.67599914550812,1.67481033325091,regressed,regressed,1
net_log30:template_v3_single_04:rank1,net_log30,Ascend910B3,20,8.1.RC1+toolkit-7.7.0.1.225,template_v3_single_04,1280,4096,49152,fp16,1,1,searched,calibration_coupled_counterfactual,20:512:384:384:128:128:128:6:9:1:3:0:3:3:2:2:2:3:11:1:1:0:2,,1,numeric_signed_axes_full_v3,8.61357666016,2.22855682373175,2.22714279175109,regressed,regressed,1
net_log30:template_v3_single_04:rank2,net_log30,Ascend910B3,20,8.1.RC1+toolkit-7.7.0.1.225,template_v3_single_04,1280,4096,49152,fp16,1,1,searched,calibration_coupled_counterfactual,11:1280:384:384:128:128:128:6:9:1:3:0:3:3:2:2:2:1:1:1:11:0:2,,1,numeric_signed_axes_full_v3,11.4791882324,2.22855682372675,2.22714279174465,regressed,regressed,1
net_log30:template_v3_single_04:rank3,net_log30,Ascend910B3,20,8.1.RC1+toolkit-7.7.0.1.225,template_v3_single_04,1280,4096,49152,fp16,1,1,searched,calibration_coupled_counterfactual,20:128:128:512:128:128:128:8:8:1:1:1:4:4:2:2:2:3:8:4:4:0:2,,1,numeric_signed_axes_full_v3,7.42868408203,2.22855682373102,2.22714279175285,regressed,regressed,1
net_log30:template_v3_single_04:rank4,net_log30,Ascend910B3,20,8.1.RC1+toolkit-7.7.0.1.225,template_v3_single_04,1280,4096,49152,fp16,1,1,searched,calibration_coupled_counterfactual,10:256:2048:512:128:128:128:8:8:2:1:1:4:4:2:2:2:1:1:5:2:0:2,,1,numeric_signed_axes_full_v3,4.00629974365,2.22855682373104,2.22714279175117,regressed,regressed,1
net_log30:template_v3_single_04:rank5,net_log30,Ascend910B3,20,8.1.RC1+toolkit-7.7.0.1.225,template_v3_single_04,1280,4096,49152,fp16,1,1,searched,calibration_coupled_counterfactual,20:256:512:512:128:128:128:8:8:2:1:1:4:4:2:2:2:3:8:2:1:0:2,,1,numeric_signed_axes_full_v3,2.66863647461,2.22855682373042,2.22714279174979,regressed,regressed,1
net_log30:template_v3_single_04:rank6,net_log30,Ascend910B3,20,8.1.RC1+toolkit-7.7.0.1.225,template_v3_single_04,1280,4096,49152,fp16,1,1,searched,calibration_coupled_counterfactual,20:128:384:384:128:128:128:6:9:1:3:0:3:3:2:2:2:4:11:3:1:0:2,,1,numeric_signed_axes_full_v3,6.43037597656,2.22855682372775,2.22714279174766,regressed,regressed,1
net_log30:template_v3_single_04:rank7,net_log30,Ascend910B3,20,8.1.RC1+toolkit-7.7.0.1.225,template_v3_single_04,1280,4096,49152,fp16,1,1,searched,calibration_coupled_counterfactual,20:256:512:384:128:128:128:6:9:1:3:0:3:3:2:2:2:2:2:4:5:0:2,,1,numeric_signed_axes_full_v3,5.57306884766,2.22855682372807,2.22714279175206,regressed,regressed,1
net_log30:template_v3_single_04:rank8,net_log30,Ascend910B3,20,8.1.RC1+toolkit-7.7.0.1.225,template_v3_single_04,1280,4096,49152,fp16,1,1,searched,calibration_coupled_counterfactual,20:384:128:384:128:128:128:9:6:3:1:1:3:3:2:2:2:2:16:2:2:0:2,,1,numeric_signed_axes_full_v3,7.42697509766,2.22855682372743,2.22714279174878,regressed,regressed,1
net_log30:template_v3_single_04:rank9,net_log30,Ascend910B3,20,8.1.RC1+toolkit-7.7.0.1.225,template_v3_single_04,1280,4096,49152,fp16,1,1,searched,calibration_coupled_counterfactual,20:768:256:384:128:128:128:9:6:3:1:1:3:3:2:2:2:1:2:2:10:0:2,,1,numeric_signed_axes_full_v3,5.35324829102,2.22660079955947,2.224722442629,regressed,regressed,1
net_log30:template_v3_single_04:rank10,net_log30,Ascend910B3,20,8.1.RC1+toolkit-7.7.0.1.225,template_v3_single_04,1280,4096,49152,fp16,1,1,searched,calibration_coupled_counterfactual,16:1280:256:512:128:128:128:8:8:1:1:1:4:4:2:2:2:1:1:1:16:0:2,,1,numeric_signed_axes_full_v3,8.10461975098,2.22660079955817,2.22472244263013,regressed,regressed,1
net_log30:template_v3_single_04:rank11,net_log30,Ascend910B3,20,8.1.RC1+toolkit-7.7.0.1.225,template_v3_single_04,1280,4096,49152,fp16,1,1,searched,calibration_coupled_counterfactual,20:256:512:384:128:128:128:6:9:1:3:0:3:3:2:2:2:1:1:5:8:0:2,,1,numeric_signed_axes_full_v3,5.57023681641,2.22660079956088,2.22472244263045,regressed,regressed,1
net_log30:template_v3_single_04:rank12,net_log30,Ascend910B3,20,8.1.RC1+toolkit-7.7.0.1.225,template_v3_single_04,1280,4096,49152,fp16,1,1,searched,calibration_coupled_counterfactual,20:768:256:512:128:128:128:8:8:1:1:1:4:4:2:2:2:2:16:1:1:0:2,,1,numeric_signed_axes_full_v3,7.54930908203,2.2266007995563,2.22472244263152,regressed,regressed,1
net_log30:template_v3_single_04:rank13,net_log30,Ascend910B3,20,8.1.RC1+toolkit-7.7.0.1.225,template_v3_single_04,1280,4096,49152,fp16,1,1,searched,calibration_local_counterfactual,20:256:1024:512:128:128:128:8:8:2:1:1:4:4:2:2:2:1:1:5:5:0:2,,1,numeric_signed_axes_full_v3,2.22647033691,2.22660079956663,2.22472244262931,within_noise,within_noise,1
net_log30:template_v3_single_04:rank14,net_log30,Ascend910B3,20,8.1.RC1+toolkit-7.7.0.1.225,template_v3_single_04,1280,4096,49152,fp16,1,1,searched,calibration_coupled_counterfactual,16:768:512:384:128:128:128:9:6:3:1:1:3:3:2:2:2:1:1:2:8:0:2,,1,numeric_signed_axes_full_v3,4.11293273926,2.22660079956199,2.22472244263003,regressed,regressed,1
net_log30:template_v3_single_04:rank15,net_log30,Ascend910B3,20,8.1.RC1+toolkit-7.7.0.1.225,template_v3_single_04,1280,4096,49152,fp16,1,1,searched,calibration_coupled_counterfactual,20:256:128:512:128:128:128:8:8:2:1:1:4:4:2:2:2:2:16:3:2:0:2,,1,numeric_signed_axes_full_v3,5.58999328613,2.22660079955775,2.22472244262936,regressed,regressed,1
net_log30:template_v3_single_04:rank16,net_log30,Ascend910B3,20,8.1.RC1+toolkit-7.7.0.1.225,template_v3_single_04,1280,4096,49152,fp16,1,1,searched,calibration_coupled_counterfactual,20:384:512:384:128:128:128:9:6:3:1:1:3:3:2:2:2:4:8:1:1:0:2,,1,numeric_signed_axes_full_v3,3.97673614502,2.22660079956005,2.22472244263177,regressed,regressed,1
net_log30:template_v3_single_04:rank17,net_log30,Ascend910B3,20,8.1.RC1+toolkit-7.7.0.1.225,template_v3_single_04,1280,4096,49152,fp16,1,1,searched,calibration_local_counterfactual,20:256:1024:512:128:128:128:8:8:2:1:1:4:4:2:2:2:2:2:4:2:0:2,,1,numeric_signed_axes_full_v3,2.22784164429,2.22660079955987,2.22472244262905,within_noise,within_noise,1
net_log30:template_v3_single_04:rank18,net_log30,Ascend910B3,20,8.1.RC1+toolkit-7.7.0.1.225,template_v3_single_04,1280,4096,49152,fp16,1,1,searched,calibration_coupled_counterfactual,20:256:512:384:128:128:128:6:9:1:3:0:3:3:2:2:2:3:8:2:1:0:2,,1,numeric_signed_axes_full_v3,5.52918273926,2.22660079955796,2.22472244262766,regressed,regressed,1
net_log30:template_v3_single_04:rank19,net_log30,Ascend910B3,20,8.1.RC1+toolkit-7.7.0.1.225,template_v3_single_04,1280,4096,49152,fp16,1,1,searched,calibration_coupled_counterfactual,20:512:384:384:128:128:128:6:9:1:3:0:3:3:2:2:2:1:2:3:6:0:2,,1,numeric_signed_axes_full_v3,8.61741943359,2.22660079955976,2.22472244262679,regressed,regressed,1
net_log30:template_v3_single_04:rank20,net_log30,Ascend910B3,20,8.1.RC1+toolkit-7.7.0.1.225,template_v3_single_04,1280,4096,49152,fp16,1,1,searched,calibration_coupled_counterfactual,20:768:256:512:128:128:128:8:8:1:1:1:4:4:2:2:2:1:2:2:10:0:2,,1,numeric_signed_axes_full_v3,7.52398193359,2.22660079956211,2.22472244262632,regressed,regressed,1
net_log30:template_v3_single_04:rank21,net_log30,Ascend910B3,20,8.1.RC1+toolkit-7.7.0.1.225,template_v3_single_04,1280,4096,49152,fp16,1,1,searched,calibration_coupled_counterfactual,20:384:128:384:128:128:128:9:6:3:1:1:3:3:2:2:2:4:7:1:5:0:2,,1,numeric_signed_axes_full_v3,7.43377319336,2.22660079955871,2.22472244263157,regressed,regressed,1
net_log30:template_v3_single_04:rank22,net_log30,Ascend910B3,20,8.1.RC1+toolkit-7.7.0.1.225,template_v3_single_04,1280,4096,49152,fp16,1,1,searched,calibration_coupled_counterfactual,18:512:768:512:128:128:128:8:8:1:1:1:4:4:2:2:2:1:1:3:6:0:2,,1,numeric_signed_axes_full_v3,4.73522369385,2.22660079956223,2.22472244262865,regressed,regressed,1
net_log30:template_v3_single_04:rank23,net_log30,Ascend910B3,20,8.1.RC1+toolkit-7.7.0.1.225,template_v3_single_04,1280,4096,49152,fp16,1,1,searched,calibration_local_counterfactual,20:256:1024:512:128:128:128:8:8:2:1:1:4:4:2:2:2:3:1:2:5:0:2,,1,numeric_signed_axes_full_v3,2.2286000061,2.2266007995608,2.22472244262996,within_noise,within_noise,1
net_log30:template_v3_single_04:rank24,net_log30,Ascend910B3,20,8.1.RC1+toolkit-7.7.0.1.225,template_v3_single_04,1280,4096,49152,fp16,1,1,searched,calibration_coupled_counterfactual,20:256:512:512:128:128:128:8:8:2:1:1:4:4:2:2:2:5:8:1:1:0:2,,1,numeric_signed_axes_full_v3,2.66993835449,2.22660079955976,2.22472244263028,regressed,regressed,1
net_log30:template_v3_single_04:rank25,net_log30,Ascend910B3,20,8.1.RC1+toolkit-7.7.0.1.225,template_v3_single_04,1280,4096,49152,fp16,1,1,searched,calibration_coupled_counterfactual,20:128:384:384:128:128:128:6:9:1:3:0:3:3:2:2:2:2:11:5:1:0:2,,1,numeric_signed_axes_full_v3,6.42122619629,2.22475646972946,2.22336715697751,regressed,regressed,1
net_log30:template_v3_single_04:rank26,net_log30,Ascend910B3,20,8.1.RC1+toolkit-7.7.0.1.225,template_v3_single_04,1280,4096,49152,fp16,1,1,searched,calibration_coupled_counterfactual,20:256:128:512:128:128:128:8:8:2:1:1:4:4:2:2:2:5:6:1:6:0:2,,1,numeric_signed_axes_full_v3,5.60637451172,2.22475646972895,2.22336715698212,regressed,regressed,1
net_log30:template_v3_single_04:rank27,net_log30,Ascend910B3,20,8.1.RC1+toolkit-7.7.0.1.225,template_v3_single_04,1280,4096,49152,fp16,1,1,searched,calibration_coupled_counterfactual,20:256:512:512:128:128:128:8:8:1:1:1:4:4:2:2:2:2:2:4:5:0:2,,1,numeric_signed_axes_full_v3,3.61915771484,2.22475646973099,2.22336715697856,regressed,regressed,1
net_log30:template_v3_single_04:rank28,net_log30,Ascend910B3,20,8.1.RC1+toolkit-7.7.0.1.225,template_v3_single_04,1280,4096,49152,fp16,1,1,searched,calibration_coupled_counterfactual,12:512:1024:512:128:128:128:8:8:1:1:1:4:4:2:2:2:1:1:3:4:0:2,,1,numeric_signed_axes_full_v3,5.95223815918,2.22475646973111,2.22336715697716,regressed,regressed,1
net_log30:template_v3_single_04:rank29,net_log30,Ascend910B3,20,8.1.RC1+toolkit-7.7.0.1.225,template_v3_single_04,1280,4096,49152,fp16,1,1,searched,calibration_coupled_counterfactual,16:768:512:384:128:128:128:6:9:1:3:0:3:3:2:2:2:1:1:2:8:0:2,,1,numeric_signed_axes_full_v3,8.77509338379,2.22475646972829,2.223367156982,regressed,regressed,1
net_log30:template_v3_single_04:rank30,net_log30,Ascend910B3,20,8.1.RC1+toolkit-7.7.0.1.225,template_v3_single_04,1280,4096,49152,fp16,1,1,searched,calibration_coupled_counterfactual,20:256:512:512:128:128:128:8:8:1:1:1:4:4:2:2:2:1:1:5:8:0:2,,1,numeric_signed_axes_full_v3,3.60724273682,2.22475646973119,2.22336715697921,regressed,regressed,1
net_log30:template_v3_single_04:rank31,net_log30,Ascend910B3,20,8.1.RC1+toolkit-7.7.0.1.225,template_v3_single_04,1280,4096,49152,fp16,1,1,searched,calibration_coupled_counterfactual,20:384:128:384:128:128:128:9:6:3:1:1:3:3:2:2:2:4:11:1:3:0:2,,1,numeric_signed_axes_full_v3,7.43899047852,2.22475646972949,2.22336715697922,regressed,regressed,1
net_log30:template_v3_single_04:rank32,net_log30,Ascend910B3,20,8.1.RC1+toolkit-7.7.0.1.225,template_v3_single_04,1280,4096,49152,fp16,1,1,searched,calibration_coupled_counterfactual,15:256:1536:512:128:128:128:8:8:2:1:1:4:4:2:2:2:1:1:5:3:0:2,,1,numeric_signed_axes_full_v3,2.97427764893,2.22475646973002,2.22336715697942,regressed,regressed,1
net_log30:template_v3_single_04:rank33,net_log30,Ascend910B3,20,8.1.RC1+toolkit-7.7.0.1.225,template_v3_single_04,1280,4096,49152,fp16,1,1,searched,calibration_coupled_counterfactual,20:256:512:384:128:128:128:6:9:1:3:0:3:3:2:2:2:5:8:1:1:0:2,,1,numeric_signed_axes_full_v3,5.60015258789,2.22475646972785,2.22336715698191,regressed,regressed,1
net_log30:template_v3_single_04:rank34,net_log30,Ascend910B3,20,8.1.RC1+toolkit-7.7.0.1.225,template_v3_single_04,1280,4096,49152,fp16,1,1,searched,calibration_coupled_counterfactual,16:1280:256:384:128:128:128:9:6:3:1:1:3:3:2:2:2:1:1:1:16:0:2,,1,numeric_signed_axes_full_v3,5.96049438477,2.2247564697272,2.22336715697986,regressed,regressed,1
net_log30:template_v3_single_04:rank35,net_log30,Ascend910B3,20,8.1.RC1+toolkit-7.7.0.1.225,template_v3_single_04,1280,4096,49152,fp16,1,1,searched,calibration_coupled_counterfactual,20:128:128:512:128:128:128:8:8:1:1:1:4:4:2:2:2:5:6:2:6:0:2,,1,numeric_signed_axes_full_v3,7.47988464355,2.22475646972898,2.22336715698003,regressed,regressed,1
net_log30:template_v3_single_04:rank36,net_log30,Ascend910B3,20,8.1.RC1+toolkit-7.7.0.1.225,template_v3_single_04,1280,4096,49152,fp16,1,1,searched,calibration_local_counterfactual,20:256:1024:512:128:128:128:8:8:2:1:0:4:4:2:2:2:2:7:4:5:0:2,,1,numeric_signed_axes_full_v3,3.09309173584,2.22475646972886,2.22336715697892,regressed,regressed,1
net_log30:template_v3_single_04:rank37,net_log30,Ascend910B3,20,8.1.RC1+toolkit-7.7.0.1.225,template_v3_single_04,1280,4096,49152,fp16,1,1,searched,calibration_local_counterfactual,20:256:1024:512:128:128:128:8:8:2:1:1:4:4:2:2:2:2:7:4:5:1:2,,1,numeric_signed_axes_full_v3,3.80806671143,2.22475646972888,2.22336715698134,regressed,regressed,1
net_log30:template_v3_single_04:rank38,net_log30,Ascend910B3,20,8.1.RC1+toolkit-7.7.0.1.225,template_v3_single_04,1280,4096,49152,fp16,1,1,searched,calibration_coupled_counterfactual,20:256:1024:512:128:128:128:8:8:2:1:1:4:4:2:2:2:1:1:5:4:0:2,,1,numeric_signed_axes_full_v3,2.22524124146,2.22475646972936,2.22336715698058,within_noise,within_noise,1
net_log30:template_v3_single_04:rank39,net_log30,Ascend910B3,20,8.1.RC1+toolkit-7.7.0.1.225,template_v3_single_04,1280,4096,49152,fp16,1,1,searched,calibration_coupled_counterfactual,20:128:384:384:128:128:128:6:9:1:3:0:3:3:2:2:2:5:6:2:2:0:2,,1,numeric_signed_axes_full_v3,6.39200378418,2.22475646973124,2.22336715698297,regressed,regressed,1
net_log30:template_v3_single_04:rank40,net_log30,Ascend910B3,20,8.1.RC1+toolkit-7.7.0.1.225,template_v3_single_04,1280,4096,49152,fp16,1,1,searched,calibration_coupled_counterfactual,16:768:512:512:128:128:128:8:8:1:1:1:4:4:2:2:2:1:1:2:8:0:2,,1,numeric_signed_axes_full_v3,5.61868347168,2.22475646972741,2.22336715698013,regressed,regressed,1
net_log30:template_v3_single_04:rank41,net_log30,Ascend910B3,20,8.1.RC1+toolkit-7.7.0.1.225,template_v3_single_04,1280,4096,49152,fp16,1,1,searched,calibration_coupled_counterfactual,20:256:128:512:128:128:128:8:8:2:1:1:4:4:2:2:2:3:8:2:4:0:2,,1,numeric_signed_axes_full_v3,5.61685852051,2.22562118529907,2.2245936584499,regressed,regressed,1
net_log30:template_v3_single_04:rank42,net_log30,Ascend910B3,20,8.1.RC1+toolkit-7.7.0.1.225,template_v3_single_04,1280,4096,49152,fp16,1,1,searched,calibration_coupled_counterfactual,20:128:128:512:128:128:128:8:8:1:1:1:4:4:2:2:2:2:11:5:3:0:2,,1,numeric_signed_axes_full_v3,7.42546203613,2.22562118529857,2.22459365845327,regressed,regressed,1
net_log30:template_v3_single_04:rank43,net_log30,Ascend910B3,20,8.1.RC1+toolkit-7.7.0.1.225,template_v3_single_04,1280,4096,49152,fp16,1,1,searched,calibration_coupled_counterfactual,16:384:1024:384:128:128:128:9:6:3:1:1:3:3:2:2:2:1:1:4:4:0:2,,1,numeric_signed_axes_full_v3,3.34187408447,2.22562118529843,2.22459365845158,regressed,regressed,1
net_log30:template_v3_single_04:rank44,net_log30,Ascend910B3,20,8.1.RC1+toolkit-7.7.0.1.225,template_v3_single_04,1280,4096,49152,fp16,1,1,searched,calibration_coupled_counterfactual,20:768:256:384:128:128:128:9:6:3:1:1:3:3:2:2:2:2:16:1:1:0:2,,1,numeric_signed_axes_full_v3,5.36510253906,2.22562118529794,2.22459365845073,regressed,regressed,1
net_log30:template_v3_single_04:rank45,net_log30,Ascend910B3,20,8.1.RC1+toolkit-7.7.0.1.225,template_v3_single_04,1280,4096,49152,fp16,1,1,searched,calibration_coupled_counterfactual,20:384:512:384:128:128:128:9:6:3:1:1:3:3:2:2:2:1:2:4:5:0:2,,1,numeric_signed_axes_full_v3,3.97507598877,2.22562118530132,2.2245936584483,regressed,regressed,1
net_log30:template_v3_single_04:rank46,net_log30,Ascend910B3,20,8.1.RC1+toolkit-7.7.0.1.225,template_v3_single_04,1280,4096,49152,fp16,1,1,searched,calibration_coupled_counterfactual,20:256:1024:384:128:128:128:6:9:1:3:0:3:3:2:2:2:1:1:5:4:0:2,,1,numeric_signed_axes_full_v3,5.44267272949,2.22562118529843,2.22459365844946,regressed,regressed,1
net_log30:template_v3_single_04:rank47,net_log30,Ascend910B3,20,8.1.RC1+toolkit-7.7.0.1.225,template_v3_single_04,1280,4096,49152,fp16,1,1,searched,calibration_coupled_counterfactual,16:1280:256:512:128:128:128:8:8:2:1:1:4:4:2:2:2:1:1:1:16:0:2,,1,numeric_signed_axes_full_v3,5.26070251465,2.225621185302,2.22459365844774,regressed,regressed,1
net_log30:template_v3_single_04:rank48,net_log30,Ascend910B3,20,8.1.RC1+toolkit-7.7.0.1.225,template_v3_single_04,1280,4096,49152,fp16,1,1,searched,calibration_coupled_counterfactual,20:768:256:512:128:128:128:8:8:2:1:1:4:4:2:2:2:2:16:1:1:0:2,,1,numeric_signed_axes_full_v3,5.10602905273,2.22562118530232,2.22459365845247,regressed,regressed,1
net_log30:template_v3_single_04:rank49,net_log30,Ascend910B3,20,8.1.RC1+toolkit-7.7.0.1.225,template_v3_single_04,1280,4096,49152,fp16,1,1,searched,calibration_coupled_counterfactual,20:768:256:512:128:128:128:8:8:2:1:1:4:4:2:2:2:1:2:2:10:0:2,,1,numeric_signed_axes_full_v3,5.07543792725,2.2249000549281,2.22459365845002,regressed,regressed,1
net_log30:template_v3_single_04:rank50,net_log30,Ascend910B3,20,8.1.RC1+toolkit-7.7.0.1.225,template_v3_single_04,1280,4096,49152,fp16,1,1,searched,calibration_coupled_counterfactual,16:768:512:512:128:128:128:8:8:2:1:1:4:4:2:2:2:1:1:2:8:0:2,,1,numeric_signed_axes_full_v3,4.02928588867,2.22490005493134,2.22459365845072,regressed,regressed,1
net_log30:template_v3_single_04:rank51,net_log30,Ascend910B3,20,8.1.RC1+toolkit-7.7.0.1.225,template_v3_single_04,1280,4096,49152,fp16,1,1,searched,calibration_coupled_counterfactual,12:512:1024:512:128:128:128:8:8:2:1:1:4:4:2:2:2:1:1:3:4:0:2,,1,numeric_signed_axes_full_v3,4.41035644531,2.22490005493182,2.22459365845038,regressed,regressed,1
net_log30:template_v3_single_04:rank52,net_log30,Ascend910B3,20,8.1.RC1+toolkit-7.7.0.1.225,template_v3_single_04,1280,4096,49152,fp16,1,1,searched,calibration_coupled_counterfactual,20:256:1024:512:128:128:128:8:8:1:1:1:4:4:2:2:2:2:1:4:4:0:2,,1,numeric_signed_axes_full_v3,3.16506317139,2.22490005493029,2.22459365844844,regressed,regressed,1
net_log30:template_v3_single_04:rank53,net_log30,Ascend910B3,20,8.1.RC1+toolkit-7.7.0.1.225,template_v3_single_04,1280,4096,49152,fp16,1,1,searched,calibration_coupled_counterfactual,20:256:512:512:128:128:128:8:8:2:1:1:4:4:2:2:2:2:2:4:5:0:2,,1,numeric_signed_axes_full_v3,2.670234375,2.2249000549299,2.22459365845129,regressed,regressed,1
net_log30:template_v3_single_04:rank54,net_log30,Ascend910B3,20,8.1.RC1+toolkit-7.7.0.1.225,template_v3_single_04,1280,4096,49152,fp16,1,1,searched,calibration_coupled_counterfactual,20:256:512:512:128:128:128:8:8:2:1:1:4:4:2:2:2:1:1:5:8:0:2,,1,numeric_signed_axes_full_v3,2.67066711426,2.22490005492909,2.22459365844879,regressed,regressed,1
net_log30:template_v3_single_04:rank55,net_log30,Ascend910B3,20,8.1.RC1+toolkit-7.7.0.1.225,template_v3_single_04,1280,4096,49152,fp16,1,1,searched,calibration_coupled_counterfactual,20:256:1024:512:128:128:128:8:8:1:1:1:4:4:2:2:2:1:1:5:4:0:2,,1,numeric_signed_axes_full_v3,3.1738659668,2.22490005492927,2.22459365844971,regressed,regressed,1
net_log30:template_v3_single_04:rank56,net_log30,Ascend910B3,20,8.1.RC1+toolkit-7.7.0.1.225,template_v3_single_04,1280,4096,49152,fp16,1,1,searched,calibration_coupled_counterfactual,20:256:512:512:128:128:128:8:8:1:1:1:4:4:2:2:2:3:8:2:1:0:2,,1,numeric_signed_axes_full_v3,3.70383911133,2.22490005492965,2.22459365845041,regressed,regressed,1
net_log30:template_v3_single_04:rank57,net_log30,Ascend910B3,20,8.1.RC1+toolkit-7.7.0.1.225,template_v3_single_04,1280,4096,49152,fp16,1,1,searched,calibration_coupled_counterfactual,20:256:512:512:128:128:128:8:8:1:1:1:4:4:2:2:2:5:8:1:1:0:2,,1,numeric_signed_axes_full_v3,3.62236114502,2.22490005492941,2.22910675048873,regressed,regressed,1
net_log30:template_v3_single_04:rank58,net_log30,Ascend910B3,20,8.1.RC1+toolkit-7.7.0.1.225,template_v3_single_04,1280,4096,49152,fp16,1,1,searched,calibration_coupled_counterfactual,10:256:2048:512:128:128:128:8:8:1:1:1:4:4:2:2:2:1:1:5:2:0:2,,1,numeric_signed_axes_full_v3,5.45471496582,2.2249000549321,2.22910675048888,regressed,regressed,1
net_log30:template_v3_single_04:rank59,net_log30,Ascend910B3,20,8.1.RC1+toolkit-7.7.0.1.225,template_v3_single_04,1280,4096,49152,fp16,1,1,searched,calibration_coupled_counterfactual,15:256:1536:512:128:128:128:8:8:1:1:1:4:4:2:2:2:1:1:5:3:0:2,,1,numeric_signed_axes_full_v3,4.18522949219,2.22490005493069,2.22910675049005,regressed,regressed,1
net_log30:template_v3_single_04:rank60,net_log30,Ascend910B3,20,8.1.RC1+toolkit-7.7.0.1.225,template_v3_single_04,1280,4096,49152,fp16,1,1,searched,calibration_coupled_counterfactual,20:256:128:512:128:128:128:8:8:2:1:1:4:4:2:2:2:3:11:2:3:0:2,,1,numeric_signed_axes_full_v3,5.61883239746,2.22490005493145,2.22910675049257,regressed,regressed,1
net_log30:template_v3_single_04:rank61,net_log30,Ascend910B3,20,8.1.RC1+toolkit-7.7.0.1.225,template_v3_single_04,1280,4096,49152,fp16,1,1,searched,calibration_coupled_counterfactual,20:256:1024:512:128:128:128:8:8:2:1:1:4:4:2:2:2:2:1:4:4:0:2,,1,numeric_signed_axes_full_v3,2.22882400513,2.22490005492969,2.22910675048921,within_noise,within_noise,1
net_log30:template_v3_single_04:rank62,net_log30,Ascend910B3,20,8.1.RC1+toolkit-7.7.0.1.225,template_v3_single_04,1280,4096,49152,fp16,1,1,searched,calibration_coupled_counterfactual,20:128:128:512:128:128:128:8:8:1:1:1:4:4:2:2:2:4:7:3:5:0:2,,1,numeric_signed_axes_full_v3,7.42160400391,2.22490005492767,2.22910675048951,regressed,regressed,1
net_log30:template_v3_single_04:rank63,net_log30,Ascend910B3,20,8.1.RC1+toolkit-7.7.0.1.225,template_v3_single_04,1280,4096,49152,fp16,1,1,searched,calibration_coupled_counterfactual,20:128:384:384:128:128:128:6:9:1:3:0:3:3:2:2:2:3:11:4:1:0:2,,1,numeric_signed_axes_full_v3,6.4180480957,2.22490005492885,2.22910675049123,regressed,regressed,1
net_log30:template_v3_single_04:rank64,net_log30,Ascend910B3,20,8.1.RC1+toolkit-7.7.0.1.225,template_v3_single_04,1280,4096,49152,fp16,1,1,searched,calibration_coupled_counterfactual,20:384:128:384:128:128:128:9:6:3:1:1:3:3:2:2:2:4:8:1:4:0:2,,1,numeric_signed_axes_full_v3,7.40287597656,2.22490005493325,2.22910675048891,regressed,regressed,1
net_log30:template_v3_single_05:rank1,net_log30,Ascend910B3,20,8.1.RC1+toolkit-7.7.0.1.225,template_v3_single_05,1793,2817,20481,bf16,0,0,searched,calibration_template_probe,20:384:768:384:128:128:128:9:6:3:1:1:3:3:2:2:2:2:4:4:1:0:2,,1,numeric_signed_axes_full_v3,1.43250244141,1.42119445800986,1.4255824279793,within_noise,within_noise,1
net_log30:template_v3_single_05:rank2,net_log30,Ascend910B3,20,8.1.RC1+toolkit-7.7.0.1.225,template_v3_single_05,1793,2817,20481,bf16,0,0,searched,calibration_template_probe,20:128:384:384:128:128:128:6:9:1:3:0:3:3:2:2:2:3:2:5:4:0:2,,1,numeric_signed_axes_full_v3,1.42288085937,1.42119445801019,1.42558242797876,within_noise,within_noise,1
net_log30:template_v3_single_05:rank3,net_log30,Ascend910B3,20,8.1.RC1+toolkit-7.7.0.1.225,template_v3_single_05,1793,2817,20481,bf16,0,0,searched,calibration_template_probe,12:1024:512:512:128:128:128:8:8:2:1:1:4:4:2:2:2:1:1:2:6:0:2,,1,numeric_signed_axes_full_v3,1.42228485107,1.42119445801033,1.42558242798385,within_noise,within_noise,1
net_log30:template_v3_single_05:rank4,net_log30,Ascend910B3,20,8.1.RC1+toolkit-7.7.0.1.225,template_v3_single_05,1793,2817,20481,bf16,0,0,searched,calibration_template_probe,18:640:512:384:128:128:128:6:9:1:3:0:3:3:2:2:2:3:3:1:2:0:2,,1,numeric_signed_axes_full_v3,1.42401367188,1.42119445801036,1.4255824279833,within_noise,within_noise,1
net_log30:template_v3_single_05:rank5,net_log30,Ascend910B3,20,8.1.RC1+toolkit-7.7.0.1.225,template_v3_single_05,1793,2817,20481,bf16,0,0,searched,calibration_template_probe,20:384:256:512:128:128:128:8:8:2:1:1:4:4:2:2:2:1:6:5:2:0:2,,1,numeric_signed_axes_full_v3,1.43540359497,1.4211944580094,1.42558242798069,within_noise,within_noise,1
net_log30:template_v3_single_05:rank6,net_log30,Ascend910B3,20,8.1.RC1+toolkit-7.7.0.1.225,template_v3_single_05,1793,2817,20481,bf16,0,0,searched,calibration_template_probe,20:256:128:512:128:128:128:8:8:2:1:1:4:4:2:2:2:2:3:4:9:0:2,,1,numeric_signed_axes_full_v3,1.42374404907,1.42119445800956,1.4255824279771,within_noise,within_noise,1
net_log30:template_v3_single_05:rank7,net_log30,Ascend910B3,20,8.1.RC1+toolkit-7.7.0.1.225,template_v3_single_05,1793,2817,20481,bf16,0,0,searched,calibration_template_probe,15:384:1024:512:128:128:128:8:8:1:1:1:4:4:2:2:2:5:3:1:1:0:2,,1,numeric_signed_axes_full_v3,1.43317367554,1.42119445800944,1.42558242798004,within_noise,within_noise,1
net_log30:template_v3_single_05:rank8,net_log30,Ascend910B3,20,8.1.RC1+toolkit-7.7.0.1.225,template_v3_single_05,1793,2817,20481,bf16,0,0,searched,calibration_template_probe,20:384:256:512:128:128:128:8:8:1:1:1:4:4:2:2:2:2:3:3:5:0:2,,1,numeric_signed_axes_full_v3,1.42100967407,1.42119445800446,1.42558242798072,within_noise,within_noise,1
net_log30:template_v3_single_05:rank9,net_log30,Ascend910B3,20,8.1.RC1+toolkit-7.7.0.1.225,template_v3_single_05,1793,2817,20481,bf16,0,0,searched,calibration_template_probe,20:384:384:384:128:128:128:6:9:1:3:0:3:3:2:2:2:3:2:2:4:0:2,,1,numeric_signed_axes_full_v3,1.4220324707,1.42235366820309,1.42176284790002,within_noise,within_noise,1
net_log30:template_v3_single_05:rank10,net_log30,Ascend910B3,20,8.1.RC1+toolkit-7.7.0.1.225,template_v3_single_05,1793,2817,20481,bf16,0,0,searched,calibration_template_probe,15:384:1024:512:128:128:128:8:8:2:1:1:4:4:2:2:2:5:2:1:2:0:2,,1,numeric_signed_axes_full_v3,1.42285324097,1.42235366821035,1.4217628478994,within_noise,within_noise,1
net_log30:template_v3_single_05:rank11,net_log30,Ascend910B3,20,8.1.RC1+toolkit-7.7.0.1.225,template_v3_single_05,1793,2817,20481,bf16,0,0,searched,calibration_template_probe,20:384:768:384:128:128:128:9:6:3:1:1:3:3:2:2:2:5:2:1:2:0:2,,1,numeric_signed_axes_full_v3,1.43249679565,1.42235366821064,1.42176284790002,within_noise,within_noise,1
net_log30:template_v3_single_05:rank12,net_log30,Ascend910B3,20,8.1.RC1+toolkit-7.7.0.1.225,template_v3_single_05,1793,2817,20481,bf16,0,0,searched,calibration_template_probe,20:384:256:384:128:128:128:9:6:3:1:1:3:3:2:2:2:2:3:3:4:0:2,,1,numeric_signed_axes_full_v3,1.42212722778,1.42235366820636,1.42176284789991,within_noise,within_noise,1
net_log30:template_v3_single_05:rank13,net_log30,Ascend910B3,20,8.1.RC1+toolkit-7.7.0.1.225,template_v3_single_05,1793,2817,20481,bf16,0,0,searched,calibration_template_probe,20:384:128:384:128:128:128:9:6:3:1:1:3:3:2:2:2:1:6:5:4:0:2,,1,numeric_signed_axes_full_v3,1.43226364136,1.42235366821048,1.42176284790005,within_noise,within_noise,1
net_log30:template_v3_single_05:rank14,net_log30,Ascend910B3,20,8.1.RC1+toolkit-7.7.0.1.225,template_v3_single_05,1793,2817,20481,bf16,0,0,searched,calibration_template_probe,20:384:768:384:128:128:128:6:9:1:3:0:3:3:2:2:2:2:4:4:1:0:2,,1,numeric_signed_axes_full_v3,1.42299194336,1.42235366821003,1.4217628479004,within_noise,within_noise,1
net_log30:template_v3_single_05:rank15,net_log30,Ascend910B3,20,8.1.RC1+toolkit-7.7.0.1.225,template_v3_single_05,1793,2817,20481,bf16,0,0,searched,calibration_template_probe,20:384:768:512:128:128:128:8:8:1:1:1:4:4:2:2:2:2:4:4:1:0:2,,1,numeric_signed_axes_full_v3,1.43209640503,1.42235366820985,1.42176284790024,within_noise,within_noise,1
net_log30:template_v3_single_05:rank16,net_log30,Ascend910B3,20,8.1.RC1+toolkit-7.7.0.1.225,template_v3_single_05,1793,2817,20481,bf16,0,0,searched,calibration_template_probe,20:384:768:384:128:128:128:9:6:3:1:1:3:3:2:2:2:2:4:3:1:0:2,,1,numeric_signed_axes_full_v3,1.4226512146,1.42235366820956,1.42176284790066,within_noise,within_noise,1
net_log30:template_v3_single_05:rank17,net_log30,Ascend910B3,20,8.1.RC1+toolkit-7.7.0.1.225,template_v3_single_05,1793,2817,20481,bf16,0,0,searched,calibration_template_probe,20:384:256:384:128:128:128:9:6:3:1:1:3:3:2:2:2:1:6:5:2:0:2,,1,numeric_signed_axes_full_v3,1.42587478638,1.42141723632983,1.42176284789964,within_noise,within_noise,1
net_log30:template_v3_single_05:rank18,net_log30,Ascend910B3,20,8.1.RC1+toolkit-7.7.0.1.225,template_v3_single_05,1793,2817,20481,bf16,0,0,searched,calibration_template_probe,20:384:768:384:128:128:128:6:9:1:3:0:3:3:2:2:2:2:4:3:1:0:2,,1,numeric_signed_axes_full_v3,1.426434021,1.42141723632959,1.42176284790009,within_noise,within_noise,1
net_log30:template_v3_single_05:rank19,net_log30,Ascend910B3,20,8.1.RC1+toolkit-7.7.0.1.225,template_v3_single_05,1793,2817,20481,bf16,0,0,searched,calibration_template_probe,20:384:768:512:128:128:128:8:8:1:1:1:4:4:2:2:2:2:4:3:1:0:2,,1,numeric_signed_axes_full_v3,1.42295166016,1.42141723632943,1.42176284790005,within_noise,within_noise,1
net_log30:template_v3_single_05:rank20,net_log30,Ascend910B3,20,8.1.RC1+toolkit-7.7.0.1.225,template_v3_single_05,1793,2817,20481,bf16,0,0,searched,calibration_template_probe,20:384:128:384:128:128:128:9:6:3:1:1:3:3:2:2:2:2:3:3:9:0:2,,1,numeric_signed_axes_full_v3,1.42450836182,1.4214172363304,1.42176284789956,within_noise,within_noise,1
net_log30:template_v3_single_05:rank21,net_log30,Ascend910B3,20,8.1.RC1+toolkit-7.7.0.1.225,template_v3_single_05,1793,2817,20481,bf16,0,0,searched,calibration_template_probe,20:384:256:512:128:128:128:8:8:2:1:1:4:4:2:2:2:2:3:3:4:0:2,,1,numeric_signed_axes_full_v3,1.42661758423,1.42141723633021,1.42176284790012,within_noise,within_noise,1
net_log30:template_v3_single_05:rank22,net_log30,Ascend910B3,20,8.1.RC1+toolkit-7.7.0.1.225,template_v3_single_05,1793,2817,20481,bf16,0,0,searched,calibration_template_probe,20:384:768:512:128:128:128:8:8:2:1:1:4:4:2:2:2:5:2:1:2:0:2,,1,numeric_signed_axes_full_v3,1.42349960327,1.42141723633016,1.4217628478999,within_noise,within_noise,1
net_log30:template_v3_single_05:rank23,net_log30,Ascend910B3,20,8.1.RC1+toolkit-7.7.0.1.225,template_v3_single_05,1793,2817,20481,bf16,0,0,searched,calibration_template_probe,20:384:256:384:128:128:128:9:6:3:1:1:3:3:2:2:2:2:3:3:5:0:2,,1,numeric_signed_axes_full_v3,1.42185516357,1.42141723633002,1.42176284790022,within_noise,within_noise,1
net_log30:template_v3_single_05:rank24,net_log30,Ascend910B3,20,8.1.RC1+toolkit-7.7.0.1.225,template_v3_single_05,1793,2817,20481,bf16,0,0,searched,calibration_template_probe,18:640:512:512:128:128:128:8:8:1:1:1:4:4:2:2:2:2:3:2:2:0:2,,1,numeric_signed_axes_full_v3,1.42637924194,1.42141723633064,1.42176284789972,within_noise,within_noise,1
net_log30:template_v3_single_05:rank25,net_log30,Ascend910B3,20,8.1.RC1+toolkit-7.7.0.1.225,template_v3_single_05,1793,2817,20481,bf16,0,0,searched,calibration_template_probe,18:640:512:384:128:128:128:9:6:3:1:1:3:3:2:2:2:2:3:2:2:0:2,,1,numeric_signed_axes_full_v3,1.43162399292,1.42141723632955,1.42549194335976,within_noise,within_noise,1
net_log30:template_v3_single_05:rank26,net_log30,Ascend910B3,20,8.1.RC1+toolkit-7.7.0.1.225,template_v3_single_05,1793,2817,20481,bf16,0,0,searched,calibration_template_probe,18:640:512:384:128:128:128:6:9:1:3:0:3:3:2:2:2:2:3:2:2:0:2,,1,numeric_signed_axes_full_v3,1.42214477539,1.42141723633069,1.42549194335425,within_noise,within_noise,1
net_log30:template_v3_single_05:rank27,net_log30,Ascend910B3,20,8.1.RC1+toolkit-7.7.0.1.225,template_v3_single_05,1793,2817,20481,bf16,0,0,searched,calibration_template_probe,18:640:512:512:128:128:128:8:8:1:1:1:4:4:2:2:2:1:6:3:1:0:2,,1,numeric_signed_axes_full_v3,1.42191192627,1.42141723632975,1.42549194335873,within_noise,within_noise,1
net_log30:template_v3_single_05:rank28,net_log30,Ascend910B3,20,8.1.RC1+toolkit-7.7.0.1.225,template_v3_single_05,1793,2817,20481,bf16,0,0,searched,calibration_template_probe,16:512:768:512:128:128:128:8:8:1:1:1:4:4:2:2:2:2:4:3:1:0:2,,1,numeric_signed_axes_full_v3,1.4240864563,1.42141723633016,1.42549194336121,within_noise,within_noise,1
net_log30:template_v3_single_05:rank29,net_log30,Ascend910B3,20,8.1.RC1+toolkit-7.7.0.1.225,template_v3_single_05,1793,2817,20481,bf16,0,0,searched,calibration_template_probe,15:384:1024:512:128:128:128:8:8:1:1:1:4:4:2:2:2:2:3:3:1:0:2,,1,numeric_signed_axes_full_v3,1.43686325073,1.42141723632991,1.42549194336045,regressed,within_noise,1
net_log30:template_v3_single_05:rank30,net_log30,Ascend910B3,20,8.1.RC1+toolkit-7.7.0.1.225,template_v3_single_05,1793,2817,20481,bf16,0,0,searched,calibration_template_probe,20:384:768:512:128:128:128:8:8:2:1:1:4:4:2:2:2:3:2:2:2:0:2,,1,numeric_signed_axes_full_v3,1.4241708374,1.42141723633031,1.42549194335802,within_noise,within_noise,1
net_log30:template_v3_single_05:rank31,net_log30,Ascend910B3,20,8.1.RC1+toolkit-7.7.0.1.225,template_v3_single_05,1793,2817,20481,bf16,0,0,searched,calibration_template_probe,18:640:512:384:128:128:128:9:6:3:1:1:3:3:2:2:2:1:6:3:1:0:2,,1,numeric_signed_axes_full_v3,1.43312286377,1.42141723633019,1.42549194336051,within_noise,within_noise,1
net_log30:template_v3_single_05:rank32,net_log30,Ascend910B3,20,8.1.RC1+toolkit-7.7.0.1.225,template_v3_single_05,1793,2817,20481,bf16,0,0,searched,calibration_template_probe,20:384:384:384:128:128:128:6:9:1:3:0:3:3:2:2:2:2:3:3:3:0:2,,1,numeric_signed_axes_full_v3,1.42078765869,1.42141723632713,1.42549194335997,within_noise,within_noise,1
net_log30:template_v3_single_05:rank33,net_log30,Ascend910B3,20,8.1.RC1+toolkit-7.7.0.1.225,template_v3_single_05,1793,2817,20481,bf16,0,0,searched,calibration_template_probe,20:384:768:384:128:128:128:9:6:3:1:1:3:3:2:2:2:3:2:2:2:0:2,,1,numeric_signed_axes_full_v3,1.42273727417,1.42090438843024,1.42165679932007,within_noise,within_noise,1
net_log30:template_v3_single_05:rank34,net_log30,Ascend910B3,20,8.1.RC1+toolkit-7.7.0.1.225,template_v3_single_05,1793,2817,20481,bf16,0,0,searched,calibration_template_probe,20:384:768:384:128:128:128:6:9:1:3:0:3:3:2:2:2:5:2:1:2:0:2,,1,numeric_signed_axes_full_v3,1.42300201416,1.42090438842949,1.42165679932005,within_noise,within_noise,1
net_log30:template_v3_single_05:rank35,net_log30,Ascend910B3,20,8.1.RC1+toolkit-7.7.0.1.225,template_v3_single_05,1793,2817,20481,bf16,0,0,searched,calibration_template_probe,20:384:768:384:128:128:128:6:9:1:3:0:3:3:2:2:2:3:2:2:2:0:2,,1,numeric_signed_axes_full_v3,1.43187316895,1.42090438842984,1.42165679932001,within_noise,within_noise,1
net_log30:template_v3_single_05:rank36,net_log30,Ascend910B3,20,8.1.RC1+toolkit-7.7.0.1.225,template_v3_single_05,1793,2817,20481,bf16,0,0,searched,calibration_template_probe,18:640:512:512:128:128:128:8:8:2:1:1:4:4:2:2:2:3:3:1:2:0:2,,1,numeric_signed_axes_full_v3,1.42299316406,1.42090438843036,1.42165679932024,within_noise,within_noise,1
net_log30:template_v3_single_05:rank37,net_log30,Ascend910B3,20,8.1.RC1+toolkit-7.7.0.1.225,template_v3_single_05,1793,2817,20481,bf16,0,0,searched,calibration_template_probe,16:512:768:512:128:128:128:8:8:1:1:1:4:4:2:2:2:2:4:2:1:0:2,,1,numeric_signed_axes_full_v3,1.43236846924,1.42090438843038,1.42165679932047,within_noise,within_noise,1
net_log30:template_v3_single_05:rank38,net_log30,Ascend910B3,20,8.1.RC1+toolkit-7.7.0.1.225,template_v3_single_05,1793,2817,20481,bf16,0,0,searched,calibration_template_probe,20:384:256:512:128:128:128:8:8:2:1:1:4:4:2:2:2:3:2:2:6:0:2,,1,numeric_signed_axes_full_v3,1.42433044434,1.42090438842992,1.42165679931947,within_noise,within_noise,1
net_log30:template_v3_single_05:rank39,net_log30,Ascend910B3,20,8.1.RC1+toolkit-7.7.0.1.225,template_v3_single_05,1793,2817,20481,bf16,0,0,searched,calibration_template_probe,20:384:128:384:128:128:128:9:6:3:1:1:3:3:2:2:2:2:4:3:6:0:2,,1,numeric_signed_axes_full_v3,1.43203277588,1.42090438843037,1.42165679931984,within_noise,within_noise,1
net_log30:template_v3_single_05:rank40,net_log30,Ascend910B3,20,8.1.RC1+toolkit-7.7.0.1.225,template_v3_single_05,1793,2817,20481,bf16,0,0,searched,calibration_template_probe,20:384:256:384:128:128:128:9:6:3:1:1:3:3:2:2:2:3:2:2:6:0:2,,1,numeric_signed_axes_full_v3,1.42278076172,1.42090438842938,1.42165679931966,within_noise,within_noise,1
net_log30:template_v3_single_05:rank41,net_log30,Ascend910B3,20,8.1.RC1+toolkit-7.7.0.1.225,template_v3_single_05,1793,2817,20481,bf16,0,0,searched,calibration_template_probe,15:384:1024:512:128:128:128:8:8:1:1:1:4:4:2:2:2:3:3:2:1:0:2,,1,numeric_signed_axes_full_v3,1.42665802002,1.42090438843055,1.42165679932034,within_noise,within_noise,1
net_log30:template_v3_single_05:rank42,net_log30,Ascend910B3,20,8.1.RC1+toolkit-7.7.0.1.225,template_v3_single_05,1793,2817,20481,bf16,0,0,searched,calibration_template_probe,18:640:512:512:128:128:128:8:8:2:1:1:4:4:2:2:2:2:3:2:2:0:2,,1,numeric_signed_axes_full_v3,1.42602005005,1.42090438843033,1.42165679931946,within_noise,within_noise,1
net_log30:template_v3_single_05:rank43,net_log30,Ascend910B3,20,8.1.RC1+toolkit-7.7.0.1.225,template_v3_single_05,1793,2817,20481,bf16,0,0,searched,calibration_template_probe,18:640:512:512:128:128:128:8:8:1:1:1:4:4:2:2:2:3:3:1:2:0:2,,1,numeric_signed_axes_full_v3,1.42330886841,1.42090438843032,1.42165679931966,within_noise,within_noise,1
net_log30:template_v3_single_05:rank44,net_log30,Ascend910B3,20,8.1.RC1+toolkit-7.7.0.1.225,template_v3_single_05,1793,2817,20481,bf16,0,0,searched,calibration_template_probe,18:640:512:512:128:128:128:8:8:2:1:1:4:4:2:2:2:1:6:3:1:0:2,,1,numeric_signed_axes_full_v3,1.42502685547,1.42090438842971,1.42165679932043,within_noise,within_noise,1
net_log30:template_v3_single_05:rank45,net_log30,Ascend910B3,20,8.1.RC1+toolkit-7.7.0.1.225,template_v3_single_05,1793,2817,20481,bf16,0,0,searched,calibration_template_probe,18:640:512:384:128:128:128:6:9:1:3:0:3:3:2:2:2:1:6:3:1:0:2,,1,numeric_signed_axes_full_v3,1.42613601685,1.42090438843051,1.42165679932026,within_noise,within_noise,1
net_log30:template_v3_single_05:rank46,net_log30,Ascend910B3,20,8.1.RC1+toolkit-7.7.0.1.225,template_v3_single_05,1793,2817,20481,bf16,0,0,searched,calibration_template_probe,18:640:512:384:128:128:128:9:6:3:1:1:3:3:2:2:2:3:3:1:2:0:2,,1,numeric_signed_axes_full_v3,1.4231628418,1.42090438842985,1.42165679931962,within_noise,within_noise,1
net_log30:template_v3_single_05:rank47,net_log30,Ascend910B3,20,8.1.RC1+toolkit-7.7.0.1.225,template_v3_single_05,1793,2817,20481,bf16,0,0,searched,calibration_template_probe,20:384:256:512:128:128:128:8:8:1:1:1:4:4:2:2:2:3:2:2:6:0:2,,1,numeric_signed_axes_full_v3,1.42203323364,1.42090438842969,1.42165679932048,within_noise,within_noise,1
net_log30:template_v3_single_05:rank48,net_log30,Ascend910B3,20,8.1.RC1+toolkit-7.7.0.1.225,template_v3_single_05,1793,2817,20481,bf16,0,0,searched,calibration_template_probe,20:384:256:512:128:128:128:8:8:1:1:1:4:4:2:2:2:1:6:5:2:0:2,,1,numeric_signed_axes_full_v3,1.42634674072,1.42090438843063,1.4216567993204,within_noise,within_noise,1
net_log30:template_v3_single_05:rank49,net_log30,Ascend910B3,20,8.1.RC1+toolkit-7.7.0.1.225,template_v3_single_05,1793,2817,20481,bf16,0,0,searched,calibration_template_probe,20:384:768:512:128:128:128:8:8:1:1:1:4:4:2:2:2:3:2:2:2:0:2,,1,numeric_signed_axes_full_v3,1.43150436401,1.42131881713993,1.42518005370976,within_noise,within_noise,1
net_log30:template_v3_single_05:rank50,net_log30,Ascend910B3,20,8.1.RC1+toolkit-7.7.0.1.225,template_v3_single_05,1793,2817,20481,bf16,0,0,searched,calibration_template_probe,20:384:256:512:128:128:128:8:8:1:1:1:4:4:2:2:2:2:3:3:4:0:2,,1,numeric_signed_axes_full_v3,1.42268280029,1.42131881714019,1.42518005370505,within_noise,within_noise,1
net_log30:template_v3_single_05:rank51,net_log30,Ascend910B3,20,8.1.RC1+toolkit-7.7.0.1.225,template_v3_single_05,1793,2817,20481,bf16,0,0,searched,calibration_template_probe,20:384:768:512:128:128:128:8:8:1:1:1:4:4:2:2:2:5:2:1:2:0:2,,1,numeric_signed_axes_full_v3,1.42235916138,1.42131881713938,1.42518005370755,within_noise,within_noise,1
net_log30:template_v3_single_05:rank52,net_log30,Ascend910B3,20,8.1.RC1+toolkit-7.7.0.1.225,template_v3_single_05,1793,2817,20481,bf16,0,0,searched,calibration_template_probe,15:384:1024:512:128:128:128:8:8:1:1:1:4:4:2:2:2:5:2:1:2:0:2,,1,numeric_signed_axes_full_v3,1.42413085937,1.42131881713989,1.42518005371543,within_noise,within_noise,1
net_log30:template_v3_single_05:rank53,net_log30,Ascend910B3,20,8.1.RC1+toolkit-7.7.0.1.225,template_v3_single_05,1793,2817,20481,bf16,0,0,searched,calibration_template_probe,20:384:256:512:128:128:128:8:8:2:1:1:4:4:2:2:2:2:3:3:5:0:2,,1,numeric_signed_axes_full_v3,1.43710327148,1.42131881714057,1.42518005370936,regressed,within_noise,1
net_log30:template_v3_single_05:rank54,net_log30,Ascend910B3,20,8.1.RC1+toolkit-7.7.0.1.225,template_v3_single_05,1793,2817,20481,bf16,0,0,searched,calibration_template_probe,15:384:1024:512:128:128:128:8:8:2:1:1:4:4:2:2:2:3:3:2:1:0:2,,1,numeric_signed_axes_full_v3,1.42273117065,1.42131881713945,1.42518005370577,within_noise,within_noise,1
net_log30:template_v3_single_05:rank55,net_log30,Ascend910B3,20,8.1.RC1+toolkit-7.7.0.1.225,template_v3_single_05,1793,2817,20481,bf16,0,0,searched,calibration_template_probe,20:384:768:512:128:128:128:8:8:2:1:1:4:4:2:2:2:2:4:3:1:0:2,,1,numeric_signed_axes_full_v3,1.43332595825,1.42131881713958,1.42518005371061,within_noise,within_noise,1
net_log30:template_v3_single_05:rank56,net_log30,Ascend910B3,20,8.1.RC1+toolkit-7.7.0.1.225,template_v3_single_05,1793,2817,20481,bf16,0,0,searched,calibration_template_probe,20:384:768:512:128:128:128:8:8:2:1:1:4:4:2:2:2:2:4:4:1:0:2,,1,numeric_signed_axes_full_v3,1.42070037842,1.42131881713699,1.4251800537092,within_noise,within_noise,1
net_log30:template_v3_single_05:rank57,net_log30,Ascend910B3,20,8.1.RC1+toolkit-7.7.0.1.225,template_v3_single_05,1793,2817,20481,bf16,0,0,searched,calibration_template_probe,15:384:1024:512:128:128:128:8:8:2:1:1:4:4:2:2:2:2:3:3:1:0:2,,1,numeric_signed_axes_full_v3,1.42272445679,1.42235321044994,1.42222442627009,within_noise,within_noise,1
net_log30:template_v3_single_05:rank58,net_log30,Ascend910B3,20,8.1.RC1+toolkit-7.7.0.1.225,template_v3_single_05,1793,2817,20481,bf16,0,0,searched,calibration_template_probe,15:384:1024:512:128:128:128:8:8:2:1:1:4:4:2:2:2:5:3:1:1:0:2,,1,numeric_signed_axes_full_v3,1.42269561768,1.42235321045063,1.42222442627064,within_noise,within_noise,1
net_log30:template_v3_single_05:rank59,net_log30,Ascend910B3,20,8.1.RC1+toolkit-7.7.0.1.225,template_v3_single_05,1793,2817,20481,bf16,0,0,searched,calibration_template_probe,20:256:128:512:128:128:128:8:8:2:1:1:4:4:2:2:2:1:5:8:5:0:2,,1,numeric_signed_axes_full_v3,1.43240158081,1.42235321045041,1.42222442626957,within_noise,within_noise,1
net_log30:template_v3_single_05:rank60,net_log30,Ascend910B3,20,8.1.RC1+toolkit-7.7.0.1.225,template_v3_single_05,1793,2817,20481,bf16,0,0,searched,calibration_template_probe,20:384:128:384:128:128:128:9:6:3:1:1:3:3:2:2:2:1:8:5:3:0:2,,1,numeric_signed_axes_full_v3,1.42181640625,1.42235321044647,1.42222442626905,within_noise,within_noise,1
net_log30:template_v3_single_05:rank61,net_log30,Ascend910B3,20,8.1.RC1+toolkit-7.7.0.1.225,template_v3_single_05,1793,2817,20481,bf16,0,0,searched,calibration_template_probe,18:640:512:512:128:128:128:8:8:1:1:1:4:4:2:2:2:3:2:1:3:0:2,,1,numeric_signed_axes_full_v3,1.43308883667,1.42235321044967,1.42222442626961,within_noise,within_noise,1
net_log30:template_v3_single_05:rank62,net_log30,Ascend910B3,20,8.1.RC1+toolkit-7.7.0.1.225,template_v3_single_05,1793,2817,20481,bf16,0,0,searched,calibration_template_probe,18:640:512:512:128:128:128:8:8:2:1:1:4:4:2:2:2:3:2:1:3:0:2,,1,numeric_signed_axes_full_v3,1.42391036987,1.42235321045042,1.4222244262696,within_noise,within_noise,1
net_log30:template_v3_single_05:rank63,net_log30,Ascend910B3,20,8.1.RC1+toolkit-7.7.0.1.225,template_v3_single_05,1793,2817,20481,bf16,0,0,searched,calibration_template_probe,18:640:512:384:128:128:128:6:9:1:3:0:3:3:2:2:2:3:2:1:3:0:2,,1,numeric_signed_axes_full_v3,1.43242126465,1.42235321044955,1.42222442626944,within_noise,within_noise,1
net_log30:template_v3_single_05:rank64,net_log30,Ascend910B3,20,8.1.RC1+toolkit-7.7.0.1.225,template_v3_single_05,1793,2817,20481,bf16,0,0,searched,calibration_template_probe,18:640:512:384:128:128:128:9:6:3:1:1:3:3:2:2:2:3:2:1:3:0:2,,1,numeric_signed_axes_full_v3,1.42290756226,1.42235321045066,1.42222442627024,within_noise,within_noise,1
net_log30:template_v3_single_06:rank1,net_log30,Ascend910B3,20,8.1.RC1+toolkit-7.7.0.1.225,template_v3_single_06,1792,2304,15360,fp32,0,0,searched,calibration_template_probe,18:896:256:192:128:128:64:9:6:3:1:1:3:3:2:2:2:2:9:1:1:0:2,,1,numeric_signed_axes_full_v3,2.69426208496,1.92349792479962,1.92380599976126,regressed,regressed,1
net_log30:template_v3_single_06:rank2,net_log30,Ascend910B3,20,8.1.RC1+toolkit-7.7.0.1.225,template_v3_single_06,1792,2304,15360,fp32,0,0,searched,calibration_template_probe,14:256:1152:256:128:128:64:8:8:2:1:1:4:4:2:2:2:1:1:7:2:0:2,,1,numeric_signed_axes_full_v3,2.70150482178,1.92349792480115,1.92380599975904,regressed,regressed,1
net_log30:template_v3_single_06:rank3,net_log30,Ascend910B3,20,8.1.RC1+toolkit-7.7.0.1.225,template_v3_single_06,1792,2304,15360,fp32,0,0,searched,calibration_template_probe,20:256:128:256:128:128:64:8:8:2:1:1:4:4:2:2:2:3:3:3:6:0:2,,1,numeric_signed_axes_full_v3,3.43124145508,1.92349792479989,1.92380599976096,regressed,regressed,1
net_log30:template_v3_single_06:rank4,net_log30,Ascend910B3,20,8.1.RC1+toolkit-7.7.0.1.225,template_v3_single_06,1792,2304,15360,fp32,0,0,searched,calibration_template_probe,20:128:384:192:128:128:64:6:9:1:3:0:3:3:2:2:2:3:3:5:2:0:2,,1,numeric_signed_axes_full_v3,2.96501953125,1.92349792479901,1.92380599976003,regressed,regressed,1
net_log30:template_v3_single_06:rank5,net_log30,Ascend910B3,20,8.1.RC1+toolkit-7.7.0.1.225,template_v3_single_06,1792,2304,15360,fp32,0,0,searched,calibration_template_probe,14:256:1152:256:128:128:64:8:8:2:1:1:4:4:2:2:2:4:2:2:1:0:2,,1,numeric_signed_axes_full_v3,2.70056945801,1.92349792480118,1.92380599975888,regressed,regressed,1
net_log30:template_v3_single_06:rank6,net_log30,Ascend910B3,20,8.1.RC1+toolkit-7.7.0.1.225,template_v3_single_06,1792,2304,15360,fp32,0,0,searched,calibration_template_probe,20:128:128:256:128:128:64:8:8:1:1:1:4:4:2:2:2:7:2:2:9:0:2,,1,numeric_signed_axes_full_v3,2.08138000488,1.92349792480034,1.92380599976015,regressed,regressed,1
net_log30:template_v3_single_06:rank7,net_log30,Ascend910B3,20,8.1.RC1+toolkit-7.7.0.1.225,template_v3_single_06,1792,2304,15360,fp32,0,0,searched,calibration_template_probe,18:640:384:192:128:128:64:6:9:1:3:0:3:3:2:2:2:2:6:2:1:0:2,,1,numeric_signed_axes_full_v3,2.90717651367,1.92349792480126,1.92380599975873,regressed,regressed,1
net_log30:template_v3_single_06:rank8,net_log30,Ascend910B3,20,8.1.RC1+toolkit-7.7.0.1.225,template_v3_single_06,1792,2304,15360,fp32,0,0,searched,calibration_template_probe,20:192:384:256:128:128:64:8:8:1:1:1:4:4:2:2:2:2:6:6:1:0:2,,1,numeric_signed_axes_full_v3,2.08042404175,1.92349792479905,1.92380599976017,regressed,regressed,1
